ISO-10303-21;
HEADER;
FILE_DESCRIPTION(('ArchDisc Geometry Kernel Export'),'2;1');
FILE_NAME('TPSL-SEAL-SPR-0008.step','20260509T193851',('ArchDisc'),('ArchDisc Inc'),'ArchDisc Kernel 1.0','ArchDisc','');
FILE_SCHEMA(('AUTOMOTIVE_DESIGN'));
ENDSEC;
DATA;
#1=APPLICATION_CONTEXT('automotive design');
#2=APPLICATION_PROTOCOL_DEFINITION('international standard','automotive_design',2009,#1);
#3=PRODUCT_CONTEXT('',#1,'mechanical');
#4=PRODUCT('TPSL-SEAL-SPR-0008','TPSL-SEAL-SPR-0008','',(#3));
#5=PRODUCT_DEFINITION_FORMATION('','',#4);
#6=PRODUCT_DEFINITION_CONTEXT('design',#1,'design');
#7=PRODUCT_DEFINITION('design','',#5,#6);
#8=PRODUCT_DEFINITION_SHAPE('','',#7);
#9=(GEOMETRIC_REPRESENTATION_CONTEXT(3) GLOBAL_UNCERTAINTY_ASSIGNED_CONTEXT((#0)) GLOBAL_UNIT_ASSIGNED_CONTEXT((#0,#0,#0)) REPRESENTATION_CONTEXT('Context3D','');
#10=CARTESIAN_POINT('',(0.034800000000000005,0,0));
#11=VERTEX_POINT('',#10);
#12=CARTESIAN_POINT('',(0.03215100773139278,0,0.013317383446305127));
#13=VERTEX_POINT('',#12);
#14=CARTESIAN_POINT('',(0.0319345292913343,0.000565685424949238,0.013227715140471533));
#15=VERTEX_POINT('',#14);
#16=CARTESIAN_POINT('',(0.03456568542494924,0.000565685424949238,0));
#17=VERTEX_POINT('',#16);
#18=CARTESIAN_POINT('',(0.031411904105383755,0.0008,0.013011236700413053));
#19=VERTEX_POINT('',#18);
#20=CARTESIAN_POINT('',(0.034,0.0008,0));
#21=VERTEX_POINT('',#20);
#22=CARTESIAN_POINT('',(0.0308892789194332,0.000565685424949238,0.012794758260354575));
#23=VERTEX_POINT('',#22);
#24=CARTESIAN_POINT('',(0.033434314575050764,0.000565685424949238,0));
#25=VERTEX_POINT('',#24);
#26=CARTESIAN_POINT('',(0.03067280047937472,9.797174393178826e-20,0.01270508995452098));
#27=VERTEX_POINT('',#26);
#28=CARTESIAN_POINT('',(0.0332,9.797174393178826e-20,0));
#29=VERTEX_POINT('',#28);
#30=CARTESIAN_POINT('',(0.0308892789194332,-0.000565685424949238,0.012794758260354575));
#31=VERTEX_POINT('',#30);
#32=CARTESIAN_POINT('',(0.033434314575050764,-0.000565685424949238,0));
#33=VERTEX_POINT('',#32);
#34=CARTESIAN_POINT('',(0.031411904105383755,-0.0008,0.013011236700413053));
#35=VERTEX_POINT('',#34);
#36=CARTESIAN_POINT('',(0.034,-0.0008,0));
#37=VERTEX_POINT('',#36);
#38=CARTESIAN_POINT('',(0.0319345292913343,-0.0005656854249492381,0.013227715140471533));
#39=VERTEX_POINT('',#38);
#40=CARTESIAN_POINT('',(0.03456568542494924,-0.0005656854249492381,0));
#41=VERTEX_POINT('',#40);
#42=CARTESIAN_POINT('',(0.02460731598529186,0,0.024607315985291856));
#43=VERTEX_POINT('',#42);
#44=CARTESIAN_POINT('',(0.02444163056034262,0.000565685424949238,0.024441630560342615));
#45=VERTEX_POINT('',#44);
#46=CARTESIAN_POINT('',(0.02404163056034262,0.0008,0.024041630560342614));
#47=VERTEX_POINT('',#46);
#48=CARTESIAN_POINT('',(0.02364163056034262,0.000565685424949238,0.023641630560342616));
#49=VERTEX_POINT('',#48);
#50=CARTESIAN_POINT('',(0.02347594513539338,9.797174393178826e-20,0.023475945135393375));
#51=VERTEX_POINT('',#50);
#52=CARTESIAN_POINT('',(0.02364163056034262,-0.000565685424949238,0.023641630560342616));
#53=VERTEX_POINT('',#52);
#54=CARTESIAN_POINT('',(0.02404163056034262,-0.0008,0.024041630560342614));
#55=VERTEX_POINT('',#54);
#56=CARTESIAN_POINT('',(0.02444163056034262,-0.0005656854249492381,0.024441630560342615));
#57=VERTEX_POINT('',#56);
#58=CARTESIAN_POINT('',(0.013317383446305129,0,0.03215100773139278));
#59=VERTEX_POINT('',#58);
#60=CARTESIAN_POINT('',(0.013227715140471535,0.000565685424949238,0.0319345292913343));
#61=VERTEX_POINT('',#60);
#62=CARTESIAN_POINT('',(0.013011236700413055,0.0008,0.031411904105383755));
#63=VERTEX_POINT('',#62);
#64=CARTESIAN_POINT('',(0.012794758260354576,0.000565685424949238,0.0308892789194332));
#65=VERTEX_POINT('',#64);
#66=CARTESIAN_POINT('',(0.012705089954520982,9.797174393178826e-20,0.03067280047937472));
#67=VERTEX_POINT('',#66);
#68=CARTESIAN_POINT('',(0.012794758260354576,-0.000565685424949238,0.0308892789194332));
#69=VERTEX_POINT('',#68);
#70=CARTESIAN_POINT('',(0.013011236700413055,-0.0008,0.031411904105383755));
#71=VERTEX_POINT('',#70);
#72=CARTESIAN_POINT('',(0.013227715140471535,-0.0005656854249492381,0.0319345292913343));
#73=VERTEX_POINT('',#72);
#74=CARTESIAN_POINT('',(2.1308854305163947e-18,0,0.034800000000000005));
#75=VERTEX_POINT('',#74);
#76=CARTESIAN_POINT('',(2.1165378007999205e-18,0.000565685424949238,0.03456568542494924));
#77=VERTEX_POINT('',#76);
#78=CARTESIAN_POINT('',(2.0818995585505005e-18,0.0008,0.034));
#79=VERTEX_POINT('',#78);
#80=CARTESIAN_POINT('',(2.047261316301081e-18,0.000565685424949238,0.033434314575050764));
#81=VERTEX_POINT('',#80);
#82=CARTESIAN_POINT('',(2.0329136865846062e-18,9.797174393178826e-20,0.0332));
#83=VERTEX_POINT('',#82);
#84=CARTESIAN_POINT('',(2.047261316301081e-18,-0.000565685424949238,0.033434314575050764));
#85=VERTEX_POINT('',#84);
#86=CARTESIAN_POINT('',(2.0818995585505005e-18,-0.0008,0.034));
#87=VERTEX_POINT('',#86);
#88=CARTESIAN_POINT('',(2.1165378007999205e-18,-0.0005656854249492381,0.03456568542494924));
#89=VERTEX_POINT('',#88);
#90=CARTESIAN_POINT('',(-0.013317383446305123,0,0.03215100773139278));
#91=VERTEX_POINT('',#90);
#92=CARTESIAN_POINT('',(-0.013227715140471531,0.000565685424949238,0.0319345292913343));
#93=VERTEX_POINT('',#92);
#94=CARTESIAN_POINT('',(-0.013011236700413051,0.0008,0.031411904105383755));
#95=VERTEX_POINT('',#94);
#96=CARTESIAN_POINT('',(-0.012794758260354573,0.000565685424949238,0.0308892789194332));
#97=VERTEX_POINT('',#96);
#98=CARTESIAN_POINT('',(-0.012705089954520979,9.797174393178826e-20,0.03067280047937472));
#99=VERTEX_POINT('',#98);
#100=CARTESIAN_POINT('',(-0.012794758260354573,-0.000565685424949238,0.0308892789194332));
#101=VERTEX_POINT('',#100);
#102=CARTESIAN_POINT('',(-0.013011236700413051,-0.0008,0.031411904105383755));
#103=VERTEX_POINT('',#102);
#104=CARTESIAN_POINT('',(-0.013227715140471531,-0.0005656854249492381,0.0319345292913343));
#105=VERTEX_POINT('',#104);
#106=CARTESIAN_POINT('',(-0.024607315985291856,0,0.02460731598529186));
#107=VERTEX_POINT('',#106);
#108=CARTESIAN_POINT('',(-0.024441630560342615,0.000565685424949238,0.02444163056034262));
#109=VERTEX_POINT('',#108);
#110=CARTESIAN_POINT('',(-0.024041630560342614,0.0008,0.02404163056034262));
#111=VERTEX_POINT('',#110);
#112=CARTESIAN_POINT('',(-0.023641630560342616,0.000565685424949238,0.02364163056034262));
#113=VERTEX_POINT('',#112);
#114=CARTESIAN_POINT('',(-0.023475945135393375,9.797174393178826e-20,0.02347594513539338));
#115=VERTEX_POINT('',#114);
#116=CARTESIAN_POINT('',(-0.023641630560342616,-0.000565685424949238,0.02364163056034262));
#117=VERTEX_POINT('',#116);
#118=CARTESIAN_POINT('',(-0.024041630560342614,-0.0008,0.02404163056034262));
#119=VERTEX_POINT('',#118);
#120=CARTESIAN_POINT('',(-0.024441630560342615,-0.0005656854249492381,0.02444163056034262));
#121=VERTEX_POINT('',#120);
#122=CARTESIAN_POINT('',(-0.03215100773139278,0,0.01331738344630513));
#123=VERTEX_POINT('',#122);
#124=CARTESIAN_POINT('',(-0.0319345292913343,0.000565685424949238,0.013227715140471536));
#125=VERTEX_POINT('',#124);
#126=CARTESIAN_POINT('',(-0.031411904105383755,0.0008,0.013011236700413058));
#127=VERTEX_POINT('',#126);
#128=CARTESIAN_POINT('',(-0.0308892789194332,0.000565685424949238,0.012794758260354578));
#129=VERTEX_POINT('',#128);
#130=CARTESIAN_POINT('',(-0.03067280047937472,9.797174393178826e-20,0.012705089954520984));
#131=VERTEX_POINT('',#130);
#132=CARTESIAN_POINT('',(-0.0308892789194332,-0.000565685424949238,0.012794758260354578));
#133=VERTEX_POINT('',#132);
#134=CARTESIAN_POINT('',(-0.031411904105383755,-0.0008,0.013011236700413058));
#135=VERTEX_POINT('',#134);
#136=CARTESIAN_POINT('',(-0.0319345292913343,-0.0005656854249492381,0.013227715140471536));
#137=VERTEX_POINT('',#136);
#138=CARTESIAN_POINT('',(-0.034800000000000005,0,4.2617708610327894e-18));
#139=VERTEX_POINT('',#138);
#140=CARTESIAN_POINT('',(-0.03456568542494924,0.000565685424949238,4.233075601599841e-18));
#141=VERTEX_POINT('',#140);
#142=CARTESIAN_POINT('',(-0.034,0.0008,4.163799117101001e-18));
#143=VERTEX_POINT('',#142);
#144=CARTESIAN_POINT('',(-0.033434314575050764,0.000565685424949238,4.094522632602162e-18));
#145=VERTEX_POINT('',#144);
#146=CARTESIAN_POINT('',(-0.0332,9.797174393178826e-20,4.0658273731692124e-18));
#147=VERTEX_POINT('',#146);
#148=CARTESIAN_POINT('',(-0.033434314575050764,-0.000565685424949238,4.094522632602162e-18));
#149=VERTEX_POINT('',#148);
#150=CARTESIAN_POINT('',(-0.034,-0.0008,4.163799117101001e-18));
#151=VERTEX_POINT('',#150);
#152=CARTESIAN_POINT('',(-0.03456568542494924,-0.0005656854249492381,4.233075601599841e-18));
#153=VERTEX_POINT('',#152);
#154=CARTESIAN_POINT('',(-0.03215100773139279,0,-0.013317383446305122));
#155=VERTEX_POINT('',#154);
#156=CARTESIAN_POINT('',(-0.03193452929133431,0.000565685424949238,-0.01322771514047153));
#157=VERTEX_POINT('',#156);
#158=CARTESIAN_POINT('',(-0.031411904105383755,0.0008,-0.01301123670041305));
#159=VERTEX_POINT('',#158);
#160=CARTESIAN_POINT('',(-0.030889278919433202,0.000565685424949238,-0.012794758260354571));
#161=VERTEX_POINT('',#160);
#162=CARTESIAN_POINT('',(-0.030672800479374724,9.797174393178826e-20,-0.012705089954520977));
#163=VERTEX_POINT('',#162);
#164=CARTESIAN_POINT('',(-0.030889278919433202,-0.000565685424949238,-0.012794758260354571));
#165=VERTEX_POINT('',#164);
#166=CARTESIAN_POINT('',(-0.031411904105383755,-0.0008,-0.01301123670041305));
#167=VERTEX_POINT('',#166);
#168=CARTESIAN_POINT('',(-0.03193452929133431,-0.0005656854249492381,-0.01322771514047153));
#169=VERTEX_POINT('',#168);
#170=CARTESIAN_POINT('',(-0.024607315985291863,0,-0.024607315985291856));
#171=VERTEX_POINT('',#170);
#172=CARTESIAN_POINT('',(-0.024441630560342622,0.000565685424949238,-0.024441630560342615));
#173=VERTEX_POINT('',#172);
#174=CARTESIAN_POINT('',(-0.024041630560342624,0.0008,-0.024041630560342614));
#175=VERTEX_POINT('',#174);
#176=CARTESIAN_POINT('',(-0.023641630560342623,0.000565685424949238,-0.023641630560342616));
#177=VERTEX_POINT('',#176);
#178=CARTESIAN_POINT('',(-0.023475945135393382,9.797174393178826e-20,-0.023475945135393375));
#179=VERTEX_POINT('',#178);
#180=CARTESIAN_POINT('',(-0.023641630560342623,-0.000565685424949238,-0.023641630560342616));
#181=VERTEX_POINT('',#180);
#182=CARTESIAN_POINT('',(-0.024041630560342624,-0.0008,-0.024041630560342614));
#183=VERTEX_POINT('',#182);
#184=CARTESIAN_POINT('',(-0.024441630560342622,-0.0005656854249492381,-0.024441630560342615));
#185=VERTEX_POINT('',#184);
#186=CARTESIAN_POINT('',(-0.013317383446305146,0,-0.032151007731392775));
#187=VERTEX_POINT('',#186);
#188=CARTESIAN_POINT('',(-0.013227715140471552,0.000565685424949238,-0.03193452929133429));
#189=VERTEX_POINT('',#188);
#190=CARTESIAN_POINT('',(-0.013011236700413072,0.0008,-0.03141190410538374));
#191=VERTEX_POINT('',#190);
#192=CARTESIAN_POINT('',(-0.012794758260354594,0.000565685424949238,-0.030889278919433192));
#193=VERTEX_POINT('',#192);
#194=CARTESIAN_POINT('',(-0.012705089954521,9.797174393178826e-20,-0.030672800479374714));
#195=VERTEX_POINT('',#194);
#196=CARTESIAN_POINT('',(-0.012794758260354594,-0.000565685424949238,-0.030889278919433192));
#197=VERTEX_POINT('',#196);
#198=CARTESIAN_POINT('',(-0.013011236700413072,-0.0008,-0.03141190410538374));
#199=VERTEX_POINT('',#198);
#200=CARTESIAN_POINT('',(-0.013227715140471552,-0.0005656854249492381,-0.03193452929133429));
#201=VERTEX_POINT('',#200);
#202=CARTESIAN_POINT('',(-6.3926562915491845e-18,0,-0.034800000000000005));
#203=VERTEX_POINT('',#202);
#204=CARTESIAN_POINT('',(-6.349613402399761e-18,0.000565685424949238,-0.03456568542494924));
#205=VERTEX_POINT('',#204);
#206=CARTESIAN_POINT('',(-6.2456986756515014e-18,0.0008,-0.034));
#207=VERTEX_POINT('',#206);
#208=CARTESIAN_POINT('',(-6.141783948903242e-18,0.000565685424949238,-0.033434314575050764));
#209=VERTEX_POINT('',#208);
#210=CARTESIAN_POINT('',(-6.098741059753818e-18,9.797174393178826e-20,-0.0332));
#211=VERTEX_POINT('',#210);
#212=CARTESIAN_POINT('',(-6.141783948903242e-18,-0.000565685424949238,-0.033434314575050764));
#213=VERTEX_POINT('',#212);
#214=CARTESIAN_POINT('',(-6.2456986756515014e-18,-0.0008,-0.034));
#215=VERTEX_POINT('',#214);
#216=CARTESIAN_POINT('',(-6.349613402399761e-18,-0.0005656854249492381,-0.03456568542494924));
#217=VERTEX_POINT('',#216);
#218=CARTESIAN_POINT('',(0.013317383446305134,0,-0.03215100773139278));
#219=VERTEX_POINT('',#218);
#220=CARTESIAN_POINT('',(0.01322771514047154,0.000565685424949238,-0.0319345292913343));
#221=VERTEX_POINT('',#220);
#222=CARTESIAN_POINT('',(0.013011236700413062,0.0008,-0.03141190410538375));
#223=VERTEX_POINT('',#222);
#224=CARTESIAN_POINT('',(0.012794758260354581,0.000565685424949238,-0.030889278919433195));
#225=VERTEX_POINT('',#224);
#226=CARTESIAN_POINT('',(0.012705089954520988,9.797174393178826e-20,-0.030672800479374717));
#227=VERTEX_POINT('',#226);
#228=CARTESIAN_POINT('',(0.012794758260354581,-0.000565685424949238,-0.030889278919433195));
#229=VERTEX_POINT('',#228);
#230=CARTESIAN_POINT('',(0.013011236700413062,-0.0008,-0.03141190410538375));
#231=VERTEX_POINT('',#230);
#232=CARTESIAN_POINT('',(0.01322771514047154,-0.0005656854249492381,-0.0319345292913343));
#233=VERTEX_POINT('',#232);
#234=CARTESIAN_POINT('',(0.024607315985291853,0,-0.024607315985291863));
#235=VERTEX_POINT('',#234);
#236=CARTESIAN_POINT('',(0.02444163056034261,0.000565685424949238,-0.024441630560342622));
#237=VERTEX_POINT('',#236);
#238=CARTESIAN_POINT('',(0.02404163056034261,0.0008,-0.024041630560342624));
#239=VERTEX_POINT('',#238);
#240=CARTESIAN_POINT('',(0.023641630560342613,0.000565685424949238,-0.023641630560342623));
#241=VERTEX_POINT('',#240);
#242=CARTESIAN_POINT('',(0.02347594513539337,9.797174393178826e-20,-0.023475945135393382));
#243=VERTEX_POINT('',#242);
#244=CARTESIAN_POINT('',(0.023641630560342613,-0.000565685424949238,-0.023641630560342623));
#245=VERTEX_POINT('',#244);
#246=CARTESIAN_POINT('',(0.02404163056034261,-0.0008,-0.024041630560342624));
#247=VERTEX_POINT('',#246);
#248=CARTESIAN_POINT('',(0.02444163056034261,-0.0005656854249492381,-0.024441630560342622));
#249=VERTEX_POINT('',#248);
#250=CARTESIAN_POINT('',(0.032151007731392775,0,-0.013317383446305148));
#251=VERTEX_POINT('',#250);
#252=CARTESIAN_POINT('',(0.03193452929133429,0.000565685424949238,-0.013227715140471554));
#253=VERTEX_POINT('',#252);
#254=CARTESIAN_POINT('',(0.03141190410538374,0.0008,-0.013011236700413074));
#255=VERTEX_POINT('',#254);
#256=CARTESIAN_POINT('',(0.030889278919433192,0.000565685424949238,-0.012794758260354595));
#257=VERTEX_POINT('',#256);
#258=CARTESIAN_POINT('',(0.030672800479374714,9.797174393178826e-20,-0.012705089954521001));
#259=VERTEX_POINT('',#258);
#260=CARTESIAN_POINT('',(0.030889278919433192,-0.000565685424949238,-0.012794758260354595));
#261=VERTEX_POINT('',#260);
#262=CARTESIAN_POINT('',(0.03141190410538374,-0.0008,-0.013011236700413074));
#263=VERTEX_POINT('',#262);
#264=CARTESIAN_POINT('',(0.03193452929133429,-0.0005656854249492381,-0.013227715140471554));
#265=VERTEX_POINT('',#264);
#266=CARTESIAN_POINT('',(0.034800000000000005,0,0));
#267=DIRECTION('',(-0.19509032201612833,0,0.9807852804032303));
#268=VECTOR('',#267,0.013578286412322532);
#269=LINE('',#266,#268);
#270=EDGE_CURVE('',#11,#13,#269,.T.);
#271=CARTESIAN_POINT('',(0.03215100773139278,0,0.013317383446305127));
#272=DIRECTION('',(-0.353553390593278,0.923879532511285,-0.14644660940672738));
#273=VECTOR('',#272,0.0006122934917841448);
#274=LINE('',#271,#273);
#275=EDGE_CURVE('',#13,#15,#274,.T.);
#276=CARTESIAN_POINT('',(0.0319345292913343,0.000565685424949238,0.013227715140471533));
#277=DIRECTION('',(0.19509032201612847,0,-0.9807852804032304));
#278=VECTOR('',#277,0.01348686140052308);
#279=LINE('',#276,#278);
#280=EDGE_CURVE('',#15,#17,#279,.T.);
#281=CARTESIAN_POINT('',(0.03456568542494924,0.000565685424949238,0));
#282=DIRECTION('',(0.3826834323650916,-0.923879532511286,0));
#283=VECTOR('',#282,0.0006122934917841442);
#284=LINE('',#281,#283);
#285=EDGE_CURVE('',#17,#11,#284,.T.);
#286=CARTESIAN_POINT('',(0.03456568542494924,0.000565685424949238,0));
#287=DIRECTION('',(-0.19509032201612847,0,0.9807852804032304));
#288=VECTOR('',#287,0.01348686140052308);
#289=LINE('',#286,#288);
#290=EDGE_CURVE('',#17,#15,#289,.T.);
#291=CARTESIAN_POINT('',(0.0319345292913343,0.000565685424949238,0.013227715140471533));
#292=DIRECTION('',(-0.8535533905932708,0.38268343236509234,-0.35355339059327817));
#293=VECTOR('',#292,0.0006122934917841396);
#294=LINE('',#291,#293);
#295=EDGE_CURVE('',#15,#19,#294,.T.);
#296=CARTESIAN_POINT('',(0.031411904105383755,0.0008,0.013011236700413053));
#297=DIRECTION('',(0.19509032201612808,0,-0.9807852804032305));
#298=VECTOR('',#297,0.013266141897096722);
#299=LINE('',#296,#298);
#300=EDGE_CURVE('',#19,#21,#299,.T.);
#301=CARTESIAN_POINT('',(0.034,0.0008,0));
#302=DIRECTION('',(0.9238795325112868,-0.38268343236508934,0));
#303=VECTOR('',#302,0.0006122934917841444);
#304=LINE('',#301,#303);
#305=EDGE_CURVE('',#21,#17,#304,.T.);
#306=CARTESIAN_POINT('',(0.034,0.0008,0));
#307=DIRECTION('',(-0.19509032201612808,0,0.9807852804032305));
#308=VECTOR('',#307,0.013266141897096722);
#309=LINE('',#306,#308);
#310=EDGE_CURVE('',#21,#19,#309,.T.);
#311=CARTESIAN_POINT('',(0.031411904105383755,0.0008,0.013011236700413053));
#312=DIRECTION('',(-0.8535533905932764,-0.3826834323650872,-0.35355339059327057));
#313=VECTOR('',#312,0.0006122934917841479);
#314=LINE('',#311,#313);
#315=EDGE_CURVE('',#19,#23,#314,.T.);
#316=CARTESIAN_POINT('',(0.0308892789194332,0.000565685424949238,0.012794758260354575));
#317=DIRECTION('',(0.19509032201612841,0,-0.9807852804032305));
#318=VECTOR('',#317,0.013045422393670368);
#319=LINE('',#316,#318);
#320=EDGE_CURVE('',#23,#25,#319,.T.);
#321=CARTESIAN_POINT('',(0.033434314575050764,0.000565685424949238,0));
#322=DIRECTION('',(0.9238795325112868,0.38268343236508934,0));
#323=VECTOR('',#322,0.0006122934917841444);
#324=LINE('',#321,#323);
#325=EDGE_CURVE('',#25,#21,#324,.T.);
#326=CARTESIAN_POINT('',(0.033434314575050764,0.000565685424949238,0));
#327=DIRECTION('',(-0.19509032201612841,0,0.9807852804032305));
#328=VECTOR('',#327,0.013045422393670368);
#329=LINE('',#326,#328);
#330=EDGE_CURVE('',#25,#23,#329,.T.);
#331=CARTESIAN_POINT('',(0.0308892789194332,0.000565685424949238,0.012794758260354575));
#332=DIRECTION('',(-0.3535533905932731,-0.9238795325112867,-0.1464466094067277));
#333=VECTOR('',#332,0.0006122934917841435);
#334=LINE('',#331,#333);
#335=EDGE_CURVE('',#23,#27,#334,.T.);
#336=CARTESIAN_POINT('',(0.03067280047937472,9.797174393178826e-20,0.01270508995452098));
#337=DIRECTION('',(0.19509032201612828,0,-0.9807852804032304));
#338=VECTOR('',#337,0.012953997381870917);
#339=LINE('',#336,#338);
#340=EDGE_CURVE('',#27,#29,#339,.T.);
#341=CARTESIAN_POINT('',(0.0332,9.797174393178826e-20,0));
#342=DIRECTION('',(0.38268343236509167,0.923879532511286,0));
#343=VECTOR('',#342,0.0006122934917841441);
#344=LINE('',#341,#343);
#345=EDGE_CURVE('',#29,#25,#344,.T.);
#346=CARTESIAN_POINT('',(0.0332,9.797174393178826e-20,0));
#347=DIRECTION('',(-0.19509032201612828,0,0.9807852804032304));
#348=VECTOR('',#347,0.012953997381870917);
#349=LINE('',#346,#348);
#350=EDGE_CURVE('',#29,#27,#349,.T.);
#351=CARTESIAN_POINT('',(0.03067280047937472,9.797174393178826e-20,0.01270508995452098));
#352=DIRECTION('',(0.353553390593273,-0.923879532511287,0.14644660940672768));
#353=VECTOR('',#352,0.0006122934917841437);
#354=LINE('',#351,#353);
#355=EDGE_CURVE('',#27,#31,#354,.T.);
#356=CARTESIAN_POINT('',(0.0308892789194332,-0.000565685424949238,0.012794758260354575));
#357=DIRECTION('',(0.19509032201612841,0,-0.9807852804032305));
#358=VECTOR('',#357,0.013045422393670368);
#359=LINE('',#356,#358);
#360=EDGE_CURVE('',#31,#33,#359,.T.);
#361=CARTESIAN_POINT('',(0.033434314575050764,-0.000565685424949238,0));
#362=DIRECTION('',(-0.3826834323650916,0.9238795325112861,0));
#363=VECTOR('',#362,0.0006122934917841442);
#364=LINE('',#361,#363);
#365=EDGE_CURVE('',#33,#29,#364,.T.);
#366=CARTESIAN_POINT('',(0.033434314575050764,-0.000565685424949238,0));
#367=DIRECTION('',(-0.19509032201612841,0,0.9807852804032305));
#368=VECTOR('',#367,0.013045422393670368);
#369=LINE('',#366,#368);
#370=EDGE_CURVE('',#33,#31,#369,.T.);
#371=CARTESIAN_POINT('',(0.0308892789194332,-0.000565685424949238,0.012794758260354575));
#372=DIRECTION('',(0.8535533905932764,-0.3826834323650872,0.35355339059327057));
#373=VECTOR('',#372,0.0006122934917841479);
#374=LINE('',#371,#373);
#375=EDGE_CURVE('',#31,#35,#374,.T.);
#376=CARTESIAN_POINT('',(0.031411904105383755,-0.0008,0.013011236700413053));
#377=DIRECTION('',(0.19509032201612808,0,-0.9807852804032305));
#378=VECTOR('',#377,0.013266141897096722);
#379=LINE('',#376,#378);
#380=EDGE_CURVE('',#35,#37,#379,.T.);
#381=CARTESIAN_POINT('',(0.034,-0.0008,0));
#382=DIRECTION('',(-0.9238795325112868,0.38268343236508934,0));
#383=VECTOR('',#382,0.0006122934917841444);
#384=LINE('',#381,#383);
#385=EDGE_CURVE('',#37,#33,#384,.T.);
#386=CARTESIAN_POINT('',(0.034,-0.0008,0));
#387=DIRECTION('',(-0.19509032201612808,0,0.9807852804032305));
#388=VECTOR('',#387,0.013266141897096722);
#389=LINE('',#386,#388);
#390=EDGE_CURVE('',#37,#35,#389,.T.);
#391=CARTESIAN_POINT('',(0.031411904105383755,-0.0008,0.013011236700413053));
#392=DIRECTION('',(0.8535533905932708,0.3826834323650921,0.35355339059327817));
#393=VECTOR('',#392,0.0006122934917841396);
#394=LINE('',#391,#393);
#395=EDGE_CURVE('',#35,#39,#394,.T.);
#396=CARTESIAN_POINT('',(0.0319345292913343,-0.0005656854249492381,0.013227715140471533));
#397=DIRECTION('',(0.19509032201612847,0,-0.9807852804032304));
#398=VECTOR('',#397,0.01348686140052308);
#399=LINE('',#396,#398);
#400=EDGE_CURVE('',#39,#41,#399,.T.);
#401=CARTESIAN_POINT('',(0.03456568542494924,-0.0005656854249492381,0));
#402=DIRECTION('',(-0.923879532511287,-0.3826834323650892,0));
#403=VECTOR('',#402,0.0006122934917841443);
#404=LINE('',#401,#403);
#405=EDGE_CURVE('',#41,#37,#404,.T.);
#406=CARTESIAN_POINT('',(0.03456568542494924,-0.0005656854249492381,0));
#407=DIRECTION('',(-0.19509032201612847,0,0.9807852804032304));
#408=VECTOR('',#407,0.01348686140052308);
#409=LINE('',#406,#408);
#410=EDGE_CURVE('',#41,#39,#409,.T.);
#411=CARTESIAN_POINT('',(0.0319345292913343,-0.0005656854249492381,0.013227715140471533));
#412=DIRECTION('',(0.35355339059327795,0.923879532511285,0.14644660940672735));
#413=VECTOR('',#412,0.000612293491784145);
#414=LINE('',#411,#413);
#415=EDGE_CURVE('',#39,#13,#414,.T.);
#416=CARTESIAN_POINT('',(0.03215100773139278,0,0.013317383446305127));
#417=DIRECTION('',(0.19509032201612833,0,-0.9807852804032303));
#418=VECTOR('',#417,0.013578286412322532);
#419=LINE('',#416,#418);
#420=EDGE_CURVE('',#13,#11,#419,.T.);
#421=CARTESIAN_POINT('',(0.034800000000000005,0,0));
#422=DIRECTION('',(-0.3826834323650916,-0.9238795325112861,0));
#423=VECTOR('',#422,0.0006122934917841442);
#424=LINE('',#421,#423);
#425=EDGE_CURVE('',#11,#41,#424,.T.);
#426=CARTESIAN_POINT('',(0.03215100773139278,0,0.013317383446305127));
#427=DIRECTION('',(-0.5555702330196021,0,0.8314696123025453));
#428=VECTOR('',#427,0.013578286412322525);
#429=LINE('',#426,#428);
#430=EDGE_CURVE('',#13,#43,#429,.T.);
#431=CARTESIAN_POINT('',(0.02460731598529186,0,0.024607315985291856));
#432=DIRECTION('',(-0.27059805007310295,0.9238795325112841,-0.27059805007310295));
#433=VECTOR('',#432,0.0006122934917841454);
#434=LINE('',#431,#433);
#435=EDGE_CURVE('',#43,#45,#434,.T.);
#436=CARTESIAN_POINT('',(0.02444163056034262,0.000565685424949238,0.024441630560342615));
#437=DIRECTION('',(0.5555702330196022,0,-0.8314696123025453));
#438=VECTOR('',#437,0.013486861400523072);
#439=LINE('',#436,#438);
#440=EDGE_CURVE('',#45,#15,#439,.T.);
#441=CARTESIAN_POINT('',(0.0319345292913343,0.000565685424949238,0.013227715140471533));
#442=DIRECTION('',(0.353553390593278,-0.923879532511285,0.14644660940672738));
#443=VECTOR('',#442,0.0006122934917841448);
#444=LINE('',#441,#443);
#445=EDGE_CURVE('',#15,#13,#444,.T.);
#446=CARTESIAN_POINT('',(0.0319345292913343,0.000565685424949238,0.013227715140471533));
#447=DIRECTION('',(-0.5555702330196022,0,0.8314696123025453));
#448=VECTOR('',#447,0.013486861400523072);
#449=LINE('',#446,#448);
#450=EDGE_CURVE('',#15,#45,#449,.T.);
#451=CARTESIAN_POINT('',(0.02444163056034262,0.000565685424949238,0.024441630560342615));
#452=DIRECTION('',(-0.6532814824381852,0.38268343236509034,-0.6532814824381908));
#453=VECTOR('',#452,0.0006122934917841428);
#454=LINE('',#451,#453);
#455=EDGE_CURVE('',#45,#47,#454,.T.);
#456=CARTESIAN_POINT('',(0.02404163056034262,0.0008,0.024041630560342614));
#457=DIRECTION('',(0.5555702330196023,0,-0.8314696123025451));
#458=VECTOR('',#457,0.01326614189709672);
#459=LINE('',#456,#458);
#460=EDGE_CURVE('',#47,#19,#459,.T.);
#461=CARTESIAN_POINT('',(0.031411904105383755,0.0008,0.013011236700413053));
#462=DIRECTION('',(0.8535533905932708,-0.38268343236509234,0.35355339059327817));
#463=VECTOR('',#462,0.0006122934917841396);
#464=LINE('',#461,#463);
#465=EDGE_CURVE('',#19,#15,#464,.T.);
#466=CARTESIAN_POINT('',(0.031411904105383755,0.0008,0.013011236700413053));
#467=DIRECTION('',(-0.5555702330196023,0,0.8314696123025451));
#468=VECTOR('',#467,0.01326614189709672);
#469=LINE('',#466,#468);
#470=EDGE_CURVE('',#19,#47,#469,.T.);
#471=CARTESIAN_POINT('',(0.02404163056034262,0.0008,0.024041630560342614));
#472=DIRECTION('',(-0.6532814824381908,-0.38268343236509034,-0.6532814824381852));
#473=VECTOR('',#472,0.0006122934917841428);
#474=LINE('',#471,#473);
#475=EDGE_CURVE('',#47,#49,#474,.T.);
#476=CARTESIAN_POINT('',(0.02364163056034262,0.000565685424949238,0.023641630560342616));
#477=DIRECTION('',(0.5555702330196021,0,-0.8314696123025453));
#478=VECTOR('',#477,0.013045422393670365);
#479=LINE('',#476,#478);
#480=EDGE_CURVE('',#49,#23,#479,.T.);
#481=CARTESIAN_POINT('',(0.0308892789194332,0.000565685424949238,0.012794758260354575));
#482=DIRECTION('',(0.8535533905932764,0.3826834323650872,0.35355339059327057));
#483=VECTOR('',#482,0.0006122934917841479);
#484=LINE('',#481,#483);
#485=EDGE_CURVE('',#23,#19,#484,.T.);
#486=CARTESIAN_POINT('',(0.0308892789194332,0.000565685424949238,0.012794758260354575));
#487=DIRECTION('',(-0.5555702330196021,0,0.8314696123025453));
#488=VECTOR('',#487,0.013045422393670365);
#489=LINE('',#486,#488);
#490=EDGE_CURVE('',#23,#49,#489,.T.);
#491=CARTESIAN_POINT('',(0.02364163056034262,0.000565685424949238,0.023641630560342616));
#492=DIRECTION('',(-0.270598050073103,-0.9238795325112841,-0.270598050073103));
#493=VECTOR('',#492,0.0006122934917841453);
#494=LINE('',#491,#493);
#495=EDGE_CURVE('',#49,#51,#494,.T.);
#496=CARTESIAN_POINT('',(0.02347594513539338,9.797174393178826e-20,0.023475945135393375));
#497=DIRECTION('',(0.5555702330196023,0,-0.8314696123025451));
#498=VECTOR('',#497,0.012953997381870915);
#499=LINE('',#496,#498);
#500=EDGE_CURVE('',#51,#27,#499,.T.);
#501=CARTESIAN_POINT('',(0.03067280047937472,9.797174393178826e-20,0.01270508995452098));
#502=DIRECTION('',(0.3535533905932731,0.9238795325112867,0.1464466094067277));
#503=VECTOR('',#502,0.0006122934917841435);
#504=LINE('',#501,#503);
#505=EDGE_CURVE('',#27,#23,#504,.T.);
#506=CARTESIAN_POINT('',(0.03067280047937472,9.797174393178826e-20,0.01270508995452098));
#507=DIRECTION('',(-0.5555702330196023,0,0.8314696123025451));
#508=VECTOR('',#507,0.012953997381870915);
#509=LINE('',#506,#508);
#510=EDGE_CURVE('',#27,#51,#509,.T.);
#511=CARTESIAN_POINT('',(0.02347594513539338,9.797174393178826e-20,0.023475945135393375));
#512=DIRECTION('',(0.2705980500731029,-0.9238795325112842,0.2705980500731029));
#513=VECTOR('',#512,0.0006122934917841455);
#514=LINE('',#511,#513);
#515=EDGE_CURVE('',#51,#53,#514,.T.);
#516=CARTESIAN_POINT('',(0.02364163056034262,-0.000565685424949238,0.023641630560342616));
#517=DIRECTION('',(0.5555702330196021,0,-0.8314696123025453));
#518=VECTOR('',#517,0.013045422393670365);
#519=LINE('',#516,#518);
#520=EDGE_CURVE('',#53,#31,#519,.T.);
#521=CARTESIAN_POINT('',(0.0308892789194332,-0.000565685424949238,0.012794758260354575));
#522=DIRECTION('',(-0.353553390593273,0.923879532511287,-0.14644660940672768));
#523=VECTOR('',#522,0.0006122934917841437);
#524=LINE('',#521,#523);
#525=EDGE_CURVE('',#31,#27,#524,.T.);
#526=CARTESIAN_POINT('',(0.0308892789194332,-0.000565685424949238,0.012794758260354575));
#527=DIRECTION('',(-0.5555702330196021,0,0.8314696123025453));
#528=VECTOR('',#527,0.013045422393670365);
#529=LINE('',#526,#528);
#530=EDGE_CURVE('',#31,#53,#529,.T.);
#531=CARTESIAN_POINT('',(0.02364163056034262,-0.000565685424949238,0.023641630560342616));
#532=DIRECTION('',(0.6532814824381908,-0.38268343236509034,0.6532814824381852));
#533=VECTOR('',#532,0.0006122934917841428);
#534=LINE('',#531,#533);
#535=EDGE_CURVE('',#53,#55,#534,.T.);
#536=CARTESIAN_POINT('',(0.02404163056034262,-0.0008,0.024041630560342614));
#537=DIRECTION('',(0.5555702330196023,0,-0.8314696123025451));
#538=VECTOR('',#537,0.01326614189709672);
#539=LINE('',#536,#538);
#540=EDGE_CURVE('',#55,#35,#539,.T.);
#541=CARTESIAN_POINT('',(0.031411904105383755,-0.0008,0.013011236700413053));
#542=DIRECTION('',(-0.8535533905932764,0.3826834323650872,-0.35355339059327057));
#543=VECTOR('',#542,0.0006122934917841479);
#544=LINE('',#541,#543);
#545=EDGE_CURVE('',#35,#31,#544,.T.);
#546=CARTESIAN_POINT('',(0.031411904105383755,-0.0008,0.013011236700413053));
#547=DIRECTION('',(-0.5555702330196023,0,0.8314696123025451));
#548=VECTOR('',#547,0.01326614189709672);
#549=LINE('',#546,#548);
#550=EDGE_CURVE('',#35,#55,#549,.T.);
#551=CARTESIAN_POINT('',(0.02404163056034262,-0.0008,0.024041630560342614));
#552=DIRECTION('',(0.6532814824381853,0.3826834323650902,0.653281482438191));
#553=VECTOR('',#552,0.0006122934917841427);
#554=LINE('',#551,#553);
#555=EDGE_CURVE('',#55,#57,#554,.T.);
#556=CARTESIAN_POINT('',(0.02444163056034262,-0.0005656854249492381,0.024441630560342615));
#557=DIRECTION('',(0.5555702330196022,0,-0.8314696123025453));
#558=VECTOR('',#557,0.013486861400523072);
#559=LINE('',#556,#558);
#560=EDGE_CURVE('',#57,#39,#559,.T.);
#561=CARTESIAN_POINT('',(0.0319345292913343,-0.0005656854249492381,0.013227715140471533));
#562=DIRECTION('',(-0.8535533905932708,-0.3826834323650921,-0.35355339059327817));
#563=VECTOR('',#562,0.0006122934917841396);
#564=LINE('',#561,#563);
#565=EDGE_CURVE('',#39,#35,#564,.T.);
#566=CARTESIAN_POINT('',(0.0319345292913343,-0.0005656854249492381,0.013227715140471533));
#567=DIRECTION('',(-0.5555702330196022,0,0.8314696123025453));
#568=VECTOR('',#567,0.013486861400523072);
#569=LINE('',#566,#568);
#570=EDGE_CURVE('',#39,#57,#569,.T.);
#571=CARTESIAN_POINT('',(0.02444163056034262,-0.0005656854249492381,0.024441630560342615));
#572=DIRECTION('',(0.2705980500731029,0.9238795325112842,0.2705980500731029));
#573=VECTOR('',#572,0.0006122934917841455);
#574=LINE('',#571,#573);
#575=EDGE_CURVE('',#57,#43,#574,.T.);
#576=CARTESIAN_POINT('',(0.02460731598529186,0,0.024607315985291856));
#577=DIRECTION('',(0.5555702330196021,0,-0.8314696123025453));
#578=VECTOR('',#577,0.013578286412322525);
#579=LINE('',#576,#578);
#580=EDGE_CURVE('',#43,#13,#579,.T.);
#581=CARTESIAN_POINT('',(0.03215100773139278,0,0.013317383446305127));
#582=DIRECTION('',(-0.35355339059327795,-0.923879532511285,-0.14644660940672735));
#583=VECTOR('',#582,0.000612293491784145);
#584=LINE('',#581,#583);
#585=EDGE_CURVE('',#13,#39,#584,.T.);
#586=CARTESIAN_POINT('',(0.02460731598529186,0,0.024607315985291856));
#587=DIRECTION('',(-0.8314696123025452,0,0.5555702330196022));
#588=VECTOR('',#587,0.013578286412322529);
#589=LINE('',#586,#588);
#590=EDGE_CURVE('',#43,#59,#589,.T.);
#591=CARTESIAN_POINT('',(0.013317383446305129,0,0.03215100773139278));
#592=DIRECTION('',(-0.14644660940672738,0.923879532511285,-0.353553390593278));
#593=VECTOR('',#592,0.0006122934917841448);
#594=LINE('',#591,#593);
#595=EDGE_CURVE('',#59,#61,#594,.T.);
#596=CARTESIAN_POINT('',(0.013227715140471535,0.000565685424949238,0.0319345292913343));
#597=DIRECTION('',(0.8314696123025452,0,-0.5555702330196023));
#598=VECTOR('',#597,0.013486861400523076);
#599=LINE('',#596,#598);
#600=EDGE_CURVE('',#61,#45,#599,.T.);
#601=CARTESIAN_POINT('',(0.02444163056034262,0.000565685424949238,0.024441630560342615));
#602=DIRECTION('',(0.27059805007310295,-0.9238795325112841,0.27059805007310295));
#603=VECTOR('',#602,0.0006122934917841454);
#604=LINE('',#601,#603);
#605=EDGE_CURVE('',#45,#43,#604,.T.);
#606=CARTESIAN_POINT('',(0.02444163056034262,0.000565685424949238,0.024441630560342615));
#607=DIRECTION('',(-0.8314696123025452,0,0.5555702330196023));
#608=VECTOR('',#607,0.013486861400523076);
#609=LINE('',#606,#608);
#610=EDGE_CURVE('',#45,#61,#609,.T.);
#611=CARTESIAN_POINT('',(0.013227715140471535,0.000565685424949238,0.0319345292913343));
#612=DIRECTION('',(-0.35355339059327817,0.38268343236509234,-0.8535533905932708));
#613=VECTOR('',#612,0.0006122934917841396);
#614=LINE('',#611,#613);
#615=EDGE_CURVE('',#61,#63,#614,.T.);
#616=CARTESIAN_POINT('',(0.013011236700413055,0.0008,0.031411904105383755));
#617=DIRECTION('',(0.831469612302545,0,-0.5555702330196025));
#618=VECTOR('',#617,0.013266141897096729);
#619=LINE('',#616,#618);
#620=EDGE_CURVE('',#63,#47,#619,.T.);
#621=CARTESIAN_POINT('',(0.02404163056034262,0.0008,0.024041630560342614));
#622=DIRECTION('',(0.6532814824381852,-0.38268343236509034,0.6532814824381908));
#623=VECTOR('',#622,0.0006122934917841428);
#624=LINE('',#621,#623);
#625=EDGE_CURVE('',#47,#45,#624,.T.);
#626=CARTESIAN_POINT('',(0.02404163056034262,0.0008,0.024041630560342614));
#627=DIRECTION('',(-0.831469612302545,0,0.5555702330196025));
#628=VECTOR('',#627,0.013266141897096729);
#629=LINE('',#626,#628);
#630=EDGE_CURVE('',#47,#63,#629,.T.);
#631=CARTESIAN_POINT('',(0.013011236700413055,0.0008,0.031411904105383755));
#632=DIRECTION('',(-0.3535533905932705,-0.3826834323650871,-0.8535533905932762));
#633=VECTOR('',#632,0.000612293491784148);
#634=LINE('',#631,#633);
#635=EDGE_CURVE('',#63,#65,#634,.T.);
#636=CARTESIAN_POINT('',(0.012794758260354576,0.000565685424949238,0.0308892789194332));
#637=DIRECTION('',(0.8314696123025453,0,-0.5555702330196022));
#638=VECTOR('',#637,0.013045422393670368);
#639=LINE('',#636,#638);
#640=EDGE_CURVE('',#65,#49,#639,.T.);
#641=CARTESIAN_POINT('',(0.02364163056034262,0.000565685424949238,0.023641630560342616));
#642=DIRECTION('',(0.6532814824381908,0.38268343236509034,0.6532814824381852));
#643=VECTOR('',#642,0.0006122934917841428);
#644=LINE('',#641,#643);
#645=EDGE_CURVE('',#49,#47,#644,.T.);
#646=CARTESIAN_POINT('',(0.02364163056034262,0.000565685424949238,0.023641630560342616));
#647=DIRECTION('',(-0.8314696123025453,0,0.5555702330196022));
#648=VECTOR('',#647,0.013045422393670368);
#649=LINE('',#646,#648);
#650=EDGE_CURVE('',#49,#65,#649,.T.);
#651=CARTESIAN_POINT('',(0.012794758260354576,0.000565685424949238,0.0308892789194332));
#652=DIRECTION('',(-0.1464466094067277,-0.9238795325112867,-0.3535533905932731));
#653=VECTOR('',#652,0.0006122934917841435);
#654=LINE('',#651,#653);
#655=EDGE_CURVE('',#65,#67,#654,.T.);
#656=CARTESIAN_POINT('',(0.012705089954520982,9.797174393178826e-20,0.03067280047937472));
#657=DIRECTION('',(0.8314696123025451,0,-0.5555702330196024));
#658=VECTOR('',#657,0.012953997381870917);
#659=LINE('',#656,#658);
#660=EDGE_CURVE('',#67,#51,#659,.T.);
#661=CARTESIAN_POINT('',(0.02347594513539338,9.797174393178826e-20,0.023475945135393375));
#662=DIRECTION('',(0.270598050073103,0.9238795325112841,0.270598050073103));
#663=VECTOR('',#662,0.0006122934917841453);
#664=LINE('',#661,#663);
#665=EDGE_CURVE('',#51,#49,#664,.T.);
#666=CARTESIAN_POINT('',(0.02347594513539338,9.797174393178826e-20,0.023475945135393375));
#667=DIRECTION('',(-0.8314696123025451,0,0.5555702330196024));
#668=VECTOR('',#667,0.012953997381870917);
#669=LINE('',#666,#668);
#670=EDGE_CURVE('',#51,#67,#669,.T.);
#671=CARTESIAN_POINT('',(0.012705089954520982,9.797174393178826e-20,0.03067280047937472));
#672=DIRECTION('',(0.14644660940672768,-0.923879532511287,0.353553390593273));
#673=VECTOR('',#672,0.0006122934917841437);
#674=LINE('',#671,#673);
#675=EDGE_CURVE('',#67,#69,#674,.T.);
#676=CARTESIAN_POINT('',(0.012794758260354576,-0.000565685424949238,0.0308892789194332));
#677=DIRECTION('',(0.8314696123025453,0,-0.5555702330196022));
#678=VECTOR('',#677,0.013045422393670368);
#679=LINE('',#676,#678);
#680=EDGE_CURVE('',#69,#53,#679,.T.);
#681=CARTESIAN_POINT('',(0.02364163056034262,-0.000565685424949238,0.023641630560342616));
#682=DIRECTION('',(-0.2705980500731029,0.9238795325112842,-0.2705980500731029));
#683=VECTOR('',#682,0.0006122934917841455);
#684=LINE('',#681,#683);
#685=EDGE_CURVE('',#53,#51,#684,.T.);
#686=CARTESIAN_POINT('',(0.02364163056034262,-0.000565685424949238,0.023641630560342616));
#687=DIRECTION('',(-0.8314696123025453,0,0.5555702330196022));
#688=VECTOR('',#687,0.013045422393670368);
#689=LINE('',#686,#688);
#690=EDGE_CURVE('',#53,#69,#689,.T.);
#691=CARTESIAN_POINT('',(0.012794758260354576,-0.000565685424949238,0.0308892789194332));
#692=DIRECTION('',(0.3535533905932705,-0.3826834323650871,0.8535533905932762));
#693=VECTOR('',#692,0.000612293491784148);
#694=LINE('',#691,#693);
#695=EDGE_CURVE('',#69,#71,#694,.T.);
#696=CARTESIAN_POINT('',(0.013011236700413055,-0.0008,0.031411904105383755));
#697=DIRECTION('',(0.831469612302545,0,-0.5555702330196025));
#698=VECTOR('',#697,0.013266141897096729);
#699=LINE('',#696,#698);
#700=EDGE_CURVE('',#71,#55,#699,.T.);
#701=CARTESIAN_POINT('',(0.02404163056034262,-0.0008,0.024041630560342614));
#702=DIRECTION('',(-0.6532814824381908,0.38268343236509034,-0.6532814824381852));
#703=VECTOR('',#702,0.0006122934917841428);
#704=LINE('',#701,#703);
#705=EDGE_CURVE('',#55,#53,#704,.T.);
#706=CARTESIAN_POINT('',(0.02404163056034262,-0.0008,0.024041630560342614));
#707=DIRECTION('',(-0.831469612302545,0,0.5555702330196025));
#708=VECTOR('',#707,0.013266141897096729);
#709=LINE('',#706,#708);
#710=EDGE_CURVE('',#55,#71,#709,.T.);
#711=CARTESIAN_POINT('',(0.013011236700413055,-0.0008,0.031411904105383755));
#712=DIRECTION('',(0.35355339059327817,0.3826834323650921,0.8535533905932708));
#713=VECTOR('',#712,0.0006122934917841396);
#714=LINE('',#711,#713);
#715=EDGE_CURVE('',#71,#73,#714,.T.);
#716=CARTESIAN_POINT('',(0.013227715140471535,-0.0005656854249492381,0.0319345292913343));
#717=DIRECTION('',(0.8314696123025452,0,-0.5555702330196023));
#718=VECTOR('',#717,0.013486861400523076);
#719=LINE('',#716,#718);
#720=EDGE_CURVE('',#73,#57,#719,.T.);
#721=CARTESIAN_POINT('',(0.02444163056034262,-0.0005656854249492381,0.024441630560342615));
#722=DIRECTION('',(-0.6532814824381853,-0.3826834323650902,-0.653281482438191));
#723=VECTOR('',#722,0.0006122934917841427);
#724=LINE('',#721,#723);
#725=EDGE_CURVE('',#57,#55,#724,.T.);
#726=CARTESIAN_POINT('',(0.02444163056034262,-0.0005656854249492381,0.024441630560342615));
#727=DIRECTION('',(-0.8314696123025452,0,0.5555702330196023));
#728=VECTOR('',#727,0.013486861400523076);
#729=LINE('',#726,#728);
#730=EDGE_CURVE('',#57,#73,#729,.T.);
#731=CARTESIAN_POINT('',(0.013227715140471535,-0.0005656854249492381,0.0319345292913343));
#732=DIRECTION('',(0.14644660940672735,0.923879532511285,0.35355339059327795));
#733=VECTOR('',#732,0.000612293491784145);
#734=LINE('',#731,#733);
#735=EDGE_CURVE('',#73,#59,#734,.T.);
#736=CARTESIAN_POINT('',(0.013317383446305129,0,0.03215100773139278));
#737=DIRECTION('',(0.8314696123025452,0,-0.5555702330196022));
#738=VECTOR('',#737,0.013578286412322529);
#739=LINE('',#736,#738);
#740=EDGE_CURVE('',#59,#43,#739,.T.);
#741=CARTESIAN_POINT('',(0.02460731598529186,0,0.024607315985291856));
#742=DIRECTION('',(-0.2705980500731029,-0.9238795325112842,-0.2705980500731029));
#743=VECTOR('',#742,0.0006122934917841455);
#744=LINE('',#741,#743);
#745=EDGE_CURVE('',#43,#57,#744,.T.);
#746=CARTESIAN_POINT('',(0.013317383446305129,0,0.03215100773139278));
#747=DIRECTION('',(-0.9807852804032303,0,0.19509032201612833));
#748=VECTOR('',#747,0.013578286412322532);
#749=LINE('',#746,#748);
#750=EDGE_CURVE('',#59,#75,#749,.T.);
#751=CARTESIAN_POINT('',(2.1308854305163947e-18,0,0.034800000000000005));
#752=DIRECTION('',(-2.3432602026631172e-17,0.923879532511286,-0.3826834323650916));
#753=VECTOR('',#752,0.0006122934917841442);
#754=LINE('',#751,#753);
#755=EDGE_CURVE('',#75,#77,#754,.T.);
#756=CARTESIAN_POINT('',(2.1165378007999205e-18,0.000565685424949238,0.03456568542494924));
#757=DIRECTION('',(0.9807852804032304,0,-0.19509032201612847));
#758=VECTOR('',#757,0.01348686140052308);
#759=LINE('',#756,#758);
#760=EDGE_CURVE('',#77,#61,#759,.T.);
#761=CARTESIAN_POINT('',(0.013227715140471535,0.000565685424949238,0.0319345292913343));
#762=DIRECTION('',(0.14644660940672738,-0.923879532511285,0.353553390593278));
#763=VECTOR('',#762,0.0006122934917841448);
#764=LINE('',#761,#763);
#765=EDGE_CURVE('',#61,#59,#764,.T.);
#766=CARTESIAN_POINT('',(0.013227715140471535,0.000565685424949238,0.0319345292913343));
#767=DIRECTION('',(-0.9807852804032304,0,0.19509032201612847));
#768=VECTOR('',#767,0.01348686140052308);
#769=LINE('',#766,#768);
#770=EDGE_CURVE('',#61,#77,#769,.T.);
#771=CARTESIAN_POINT('',(2.1165378007999205e-18,0.000565685424949238,0.03456568542494924));
#772=DIRECTION('',(-5.657130561438544e-17,0.38268343236508934,-0.9238795325112868));
#773=VECTOR('',#772,0.0006122934917841444);
#774=LINE('',#771,#773);
#775=EDGE_CURVE('',#77,#79,#774,.T.);
#776=CARTESIAN_POINT('',(2.0818995585505005e-18,0.0008,0.034));
#777=DIRECTION('',(0.9807852804032305,0,-0.19509032201612808));
#778=VECTOR('',#777,0.013266141897096722);
#779=LINE('',#776,#778);
#780=EDGE_CURVE('',#79,#63,#779,.T.);
#781=CARTESIAN_POINT('',(0.013011236700413055,0.0008,0.031411904105383755));
#782=DIRECTION('',(0.35355339059327817,-0.38268343236509234,0.8535533905932708));
#783=VECTOR('',#782,0.0006122934917841396);
#784=LINE('',#781,#783);
#785=EDGE_CURVE('',#63,#61,#784,.T.);
#786=CARTESIAN_POINT('',(0.013011236700413055,0.0008,0.031411904105383755));
#787=DIRECTION('',(-0.9807852804032305,0,0.19509032201612808));
#788=VECTOR('',#787,0.013266141897096722);
#789=LINE('',#786,#788);
#790=EDGE_CURVE('',#63,#79,#789,.T.);
#791=CARTESIAN_POINT('',(2.0818995585505005e-18,0.0008,0.034));
#792=DIRECTION('',(-5.657130561438482e-17,-0.38268343236508934,-0.9238795325112868));
#793=VECTOR('',#792,0.0006122934917841444);
#794=LINE('',#791,#793);
#795=EDGE_CURVE('',#79,#81,#794,.T.);
#796=CARTESIAN_POINT('',(2.047261316301081e-18,0.000565685424949238,0.033434314575050764));
#797=DIRECTION('',(0.9807852804032305,0,-0.19509032201612841));
#798=VECTOR('',#797,0.013045422393670368);
#799=LINE('',#796,#798);
#800=EDGE_CURVE('',#81,#65,#799,.T.);
#801=CARTESIAN_POINT('',(0.012794758260354576,0.000565685424949238,0.0308892789194332));
#802=DIRECTION('',(0.3535533905932705,0.3826834323650871,0.8535533905932762));
#803=VECTOR('',#802,0.000612293491784148);
#804=LINE('',#801,#803);
#805=EDGE_CURVE('',#65,#63,#804,.T.);
#806=CARTESIAN_POINT('',(0.012794758260354576,0.000565685424949238,0.0308892789194332));
#807=DIRECTION('',(-0.9807852804032305,0,0.19509032201612841));
#808=VECTOR('',#807,0.013045422393670368);
#809=LINE('',#806,#808);
#810=EDGE_CURVE('',#65,#81,#809,.T.);
#811=CARTESIAN_POINT('',(2.047261316301081e-18,0.000565685424949238,0.033434314575050764));
#812=DIRECTION('',(-2.3432602026631804e-17,-0.923879532511286,-0.38268343236509167));
#813=VECTOR('',#812,0.0006122934917841441);
#814=LINE('',#811,#813);
#815=EDGE_CURVE('',#81,#83,#814,.T.);
#816=CARTESIAN_POINT('',(2.0329136865846062e-18,9.797174393178826e-20,0.0332));
#817=DIRECTION('',(0.9807852804032304,0,-0.19509032201612828));
#818=VECTOR('',#817,0.012953997381870917);
#819=LINE('',#816,#818);
#820=EDGE_CURVE('',#83,#67,#819,.T.);
#821=CARTESIAN_POINT('',(0.012705089954520982,9.797174393178826e-20,0.03067280047937472));
#822=DIRECTION('',(0.1464466094067277,0.9238795325112867,0.3535533905932731));
#823=VECTOR('',#822,0.0006122934917841435);
#824=LINE('',#821,#823);
#825=EDGE_CURVE('',#67,#65,#824,.T.);
#826=CARTESIAN_POINT('',(0.012705089954520982,9.797174393178826e-20,0.03067280047937472));
#827=DIRECTION('',(-0.9807852804032304,0,0.19509032201612828));
#828=VECTOR('',#827,0.012953997381870917);
#829=LINE('',#826,#828);
#830=EDGE_CURVE('',#67,#83,#829,.T.);
#831=CARTESIAN_POINT('',(2.0329136865846062e-18,9.797174393178826e-20,0.0332));
#832=DIRECTION('',(2.34326020266318e-17,-0.9238795325112861,0.3826834323650916));
#833=VECTOR('',#832,0.0006122934917841442);
#834=LINE('',#831,#833);
#835=EDGE_CURVE('',#83,#85,#834,.T.);
#836=CARTESIAN_POINT('',(2.047261316301081e-18,-0.000565685424949238,0.033434314575050764));
#837=DIRECTION('',(0.9807852804032305,0,-0.19509032201612841));
#838=VECTOR('',#837,0.013045422393670368);
#839=LINE('',#836,#838);
#840=EDGE_CURVE('',#85,#69,#839,.T.);
#841=CARTESIAN_POINT('',(0.012794758260354576,-0.000565685424949238,0.0308892789194332));
#842=DIRECTION('',(-0.14644660940672768,0.923879532511287,-0.353553390593273));
#843=VECTOR('',#842,0.0006122934917841437);
#844=LINE('',#841,#843);
#845=EDGE_CURVE('',#69,#67,#844,.T.);
#846=CARTESIAN_POINT('',(0.012794758260354576,-0.000565685424949238,0.0308892789194332));
#847=DIRECTION('',(-0.9807852804032305,0,0.19509032201612841));
#848=VECTOR('',#847,0.013045422393670368);
#849=LINE('',#846,#848);
#850=EDGE_CURVE('',#69,#85,#849,.T.);
#851=CARTESIAN_POINT('',(2.047261316301081e-18,-0.000565685424949238,0.033434314575050764));
#852=DIRECTION('',(5.657130561438482e-17,-0.38268343236508934,0.9238795325112868));
#853=VECTOR('',#852,0.0006122934917841444);
#854=LINE('',#851,#853);
#855=EDGE_CURVE('',#85,#87,#854,.T.);
#856=CARTESIAN_POINT('',(2.0818995585505005e-18,-0.0008,0.034));
#857=DIRECTION('',(0.9807852804032305,0,-0.19509032201612808));
#858=VECTOR('',#857,0.013266141897096722);
#859=LINE('',#856,#858);
#860=EDGE_CURVE('',#87,#71,#859,.T.);
#861=CARTESIAN_POINT('',(0.013011236700413055,-0.0008,0.031411904105383755));
#862=DIRECTION('',(-0.3535533905932705,0.3826834323650871,-0.8535533905932762));
#863=VECTOR('',#862,0.000612293491784148);
#864=LINE('',#861,#863);
#865=EDGE_CURVE('',#71,#69,#864,.T.);
#866=CARTESIAN_POINT('',(0.013011236700413055,-0.0008,0.031411904105383755));
#867=DIRECTION('',(-0.9807852804032305,0,0.19509032201612808));
#868=VECTOR('',#867,0.013266141897096722);
#869=LINE('',#866,#868);
#870=EDGE_CURVE('',#71,#87,#869,.T.);
#871=CARTESIAN_POINT('',(2.0818995585505005e-18,-0.0008,0.034));
#872=DIRECTION('',(5.657130561438546e-17,0.3826834323650892,0.923879532511287));
#873=VECTOR('',#872,0.0006122934917841443);
#874=LINE('',#871,#873);
#875=EDGE_CURVE('',#87,#89,#874,.T.);
#876=CARTESIAN_POINT('',(2.1165378007999205e-18,-0.0005656854249492381,0.03456568542494924));
#877=DIRECTION('',(0.9807852804032304,0,-0.19509032201612847));
#878=VECTOR('',#877,0.01348686140052308);
#879=LINE('',#876,#878);
#880=EDGE_CURVE('',#89,#73,#879,.T.);
#881=CARTESIAN_POINT('',(0.013227715140471535,-0.0005656854249492381,0.0319345292913343));
#882=DIRECTION('',(-0.35355339059327817,-0.3826834323650921,-0.8535533905932708));
#883=VECTOR('',#882,0.0006122934917841396);
#884=LINE('',#881,#883);
#885=EDGE_CURVE('',#73,#71,#884,.T.);
#886=CARTESIAN_POINT('',(0.013227715140471535,-0.0005656854249492381,0.0319345292913343));
#887=DIRECTION('',(-0.9807852804032304,0,0.19509032201612847));
#888=VECTOR('',#887,0.01348686140052308);
#889=LINE('',#886,#888);
#890=EDGE_CURVE('',#73,#89,#889,.T.);
#891=CARTESIAN_POINT('',(2.1165378007999205e-18,-0.0005656854249492381,0.03456568542494924));
#892=DIRECTION('',(2.3432602026631172e-17,0.9238795325112861,0.3826834323650916));
#893=VECTOR('',#892,0.0006122934917841442);
#894=LINE('',#891,#893);
#895=EDGE_CURVE('',#89,#75,#894,.T.);
#896=CARTESIAN_POINT('',(2.1308854305163947e-18,0,0.034800000000000005));
#897=DIRECTION('',(0.9807852804032303,0,-0.19509032201612833));
#898=VECTOR('',#897,0.013578286412322532);
#899=LINE('',#896,#898);
#900=EDGE_CURVE('',#75,#59,#899,.T.);
#901=CARTESIAN_POINT('',(0.013317383446305129,0,0.03215100773139278));
#902=DIRECTION('',(-0.14644660940672735,-0.923879532511285,-0.35355339059327795));
#903=VECTOR('',#902,0.000612293491784145);
#904=LINE('',#901,#903);
#905=EDGE_CURVE('',#59,#73,#904,.T.);
#906=CARTESIAN_POINT('',(2.1308854305163947e-18,0,0.034800000000000005));
#907=DIRECTION('',(-0.9807852804032304,0,-0.1950903220161284));
#908=VECTOR('',#907,0.013578286412322529);
#909=LINE('',#906,#908);
#910=EDGE_CURVE('',#75,#91,#909,.T.);
#911=CARTESIAN_POINT('',(-0.013317383446305123,0,0.03215100773139278));
#912=DIRECTION('',(0.1464466094067246,0.9238795325112853,-0.3535533905932781));
#913=VECTOR('',#912,0.0006122934917841446);
#914=LINE('',#911,#913);
#915=EDGE_CURVE('',#91,#93,#914,.T.);
#916=CARTESIAN_POINT('',(-0.013227715140471531,0.000565685424949238,0.0319345292913343));
#917=DIRECTION('',(0.9807852804032304,0,0.19509032201612847));
#918=VECTOR('',#917,0.01348686140052308);
#919=LINE('',#916,#918);
#920=EDGE_CURVE('',#93,#77,#919,.T.);
#921=CARTESIAN_POINT('',(2.1165378007999205e-18,0.000565685424949238,0.03456568542494924));
#922=DIRECTION('',(2.3432602026631172e-17,-0.923879532511286,0.3826834323650916));
#923=VECTOR('',#922,0.0006122934917841442);
#924=LINE('',#921,#923);
#925=EDGE_CURVE('',#77,#75,#924,.T.);
#926=CARTESIAN_POINT('',(2.1165378007999205e-18,0.000565685424949238,0.03456568542494924));
#927=DIRECTION('',(-0.9807852804032304,0,-0.19509032201612847));
#928=VECTOR('',#927,0.01348686140052308);
#929=LINE('',#926,#928);
#930=EDGE_CURVE('',#77,#93,#929,.T.);
#931=CARTESIAN_POINT('',(-0.013227715140471531,0.000565685424949238,0.0319345292913343));
#932=DIRECTION('',(0.35355339059327817,0.38268343236509234,-0.8535533905932708));
#933=VECTOR('',#932,0.0006122934917841396);
#934=LINE('',#931,#933);
#935=EDGE_CURVE('',#93,#95,#934,.T.);
#936=CARTESIAN_POINT('',(-0.013011236700413051,0.0008,0.031411904105383755));
#937=DIRECTION('',(0.9807852804032305,0,0.19509032201612808));
#938=VECTOR('',#937,0.013266141897096722);
#939=LINE('',#936,#938);
#940=EDGE_CURVE('',#95,#79,#939,.T.);
#941=CARTESIAN_POINT('',(2.0818995585505005e-18,0.0008,0.034));
#942=DIRECTION('',(5.657130561438544e-17,-0.38268343236508934,0.9238795325112868));
#943=VECTOR('',#942,0.0006122934917841444);
#944=LINE('',#941,#943);
#945=EDGE_CURVE('',#79,#77,#944,.T.);
#946=CARTESIAN_POINT('',(2.0818995585505005e-18,0.0008,0.034));
#947=DIRECTION('',(-0.9807852804032305,0,-0.19509032201612808));
#948=VECTOR('',#947,0.013266141897096722);
#949=LINE('',#946,#948);
#950=EDGE_CURVE('',#79,#95,#949,.T.);
#951=CARTESIAN_POINT('',(-0.013011236700413051,0.0008,0.031411904105383755));
#952=DIRECTION('',(0.3535533905932705,-0.3826834323650871,-0.8535533905932762));
#953=VECTOR('',#952,0.000612293491784148);
#954=LINE('',#951,#953);
#955=EDGE_CURVE('',#95,#97,#954,.T.);
#956=CARTESIAN_POINT('',(-0.012794758260354573,0.000565685424949238,0.0308892789194332));
#957=DIRECTION('',(0.9807852804032305,0,0.19509032201612841));
#958=VECTOR('',#957,0.013045422393670368);
#959=LINE('',#956,#958);
#960=EDGE_CURVE('',#97,#81,#959,.T.);
#961=CARTESIAN_POINT('',(2.047261316301081e-18,0.000565685424949238,0.033434314575050764));
#962=DIRECTION('',(5.657130561438482e-17,0.38268343236508934,0.9238795325112868));
#963=VECTOR('',#962,0.0006122934917841444);
#964=LINE('',#961,#963);
#965=EDGE_CURVE('',#81,#79,#964,.T.);
#966=CARTESIAN_POINT('',(2.047261316301081e-18,0.000565685424949238,0.033434314575050764));
#967=DIRECTION('',(-0.9807852804032305,0,-0.19509032201612841));
#968=VECTOR('',#967,0.013045422393670368);
#969=LINE('',#966,#968);
#970=EDGE_CURVE('',#81,#97,#969,.T.);
#971=CARTESIAN_POINT('',(-0.012794758260354573,0.000565685424949238,0.0308892789194332));
#972=DIRECTION('',(0.1464466094067277,-0.9238795325112867,-0.3535533905932731));
#973=VECTOR('',#972,0.0006122934917841435);
#974=LINE('',#971,#973);
#975=EDGE_CURVE('',#97,#99,#974,.T.);
#976=CARTESIAN_POINT('',(-0.012705089954520979,9.797174393178826e-20,0.03067280047937472));
#977=DIRECTION('',(0.9807852804032304,0,0.19509032201612828));
#978=VECTOR('',#977,0.012953997381870917);
#979=LINE('',#976,#978);
#980=EDGE_CURVE('',#99,#83,#979,.T.);
#981=CARTESIAN_POINT('',(2.0329136865846062e-18,9.797174393178826e-20,0.0332));
#982=DIRECTION('',(2.3432602026631804e-17,0.923879532511286,0.38268343236509167));
#983=VECTOR('',#982,0.0006122934917841441);
#984=LINE('',#981,#983);
#985=EDGE_CURVE('',#83,#81,#984,.T.);
#986=CARTESIAN_POINT('',(2.0329136865846062e-18,9.797174393178826e-20,0.0332));
#987=DIRECTION('',(-0.9807852804032304,0,-0.19509032201612828));
#988=VECTOR('',#987,0.012953997381870917);
#989=LINE('',#986,#988);
#990=EDGE_CURVE('',#83,#99,#989,.T.);
#991=CARTESIAN_POINT('',(-0.012705089954520979,9.797174393178826e-20,0.03067280047937472));
#992=DIRECTION('',(-0.14644660940672768,-0.923879532511287,0.353553390593273));
#993=VECTOR('',#992,0.0006122934917841437);
#994=LINE('',#991,#993);
#995=EDGE_CURVE('',#99,#101,#994,.T.);
#996=CARTESIAN_POINT('',(-0.012794758260354573,-0.000565685424949238,0.0308892789194332));
#997=DIRECTION('',(0.9807852804032305,0,0.19509032201612841));
#998=VECTOR('',#997,0.013045422393670368);
#999=LINE('',#996,#998);
#1000=EDGE_CURVE('',#101,#85,#999,.T.);
#1001=CARTESIAN_POINT('',(2.047261316301081e-18,-0.000565685424949238,0.033434314575050764));
#1002=DIRECTION('',(-2.34326020266318e-17,0.9238795325112861,-0.3826834323650916));
#1003=VECTOR('',#1002,0.0006122934917841442);
#1004=LINE('',#1001,#1003);
#1005=EDGE_CURVE('',#85,#83,#1004,.T.);
#1006=CARTESIAN_POINT('',(2.047261316301081e-18,-0.000565685424949238,0.033434314575050764));
#1007=DIRECTION('',(-0.9807852804032305,0,-0.19509032201612841));
#1008=VECTOR('',#1007,0.013045422393670368);
#1009=LINE('',#1006,#1008);
#1010=EDGE_CURVE('',#85,#101,#1009,.T.);
#1011=CARTESIAN_POINT('',(-0.012794758260354573,-0.000565685424949238,0.0308892789194332));
#1012=DIRECTION('',(-0.3535533905932705,-0.3826834323650871,0.8535533905932762));
#1013=VECTOR('',#1012,0.000612293491784148);
#1014=LINE('',#1011,#1013);
#1015=EDGE_CURVE('',#101,#103,#1014,.T.);
#1016=CARTESIAN_POINT('',(-0.013011236700413051,-0.0008,0.031411904105383755));
#1017=DIRECTION('',(0.9807852804032305,0,0.19509032201612808));
#1018=VECTOR('',#1017,0.013266141897096722);
#1019=LINE('',#1016,#1018);
#1020=EDGE_CURVE('',#103,#87,#1019,.T.);
#1021=CARTESIAN_POINT('',(2.0818995585505005e-18,-0.0008,0.034));
#1022=DIRECTION('',(-5.657130561438482e-17,0.38268343236508934,-0.9238795325112868));
#1023=VECTOR('',#1022,0.0006122934917841444);
#1024=LINE('',#1021,#1023);
#1025=EDGE_CURVE('',#87,#85,#1024,.T.);
#1026=CARTESIAN_POINT('',(2.0818995585505005e-18,-0.0008,0.034));
#1027=DIRECTION('',(-0.9807852804032305,0,-0.19509032201612808));
#1028=VECTOR('',#1027,0.013266141897096722);
#1029=LINE('',#1026,#1028);
#1030=EDGE_CURVE('',#87,#103,#1029,.T.);
#1031=CARTESIAN_POINT('',(-0.013011236700413051,-0.0008,0.031411904105383755));
#1032=DIRECTION('',(-0.35355339059327817,0.3826834323650921,0.8535533905932708));
#1033=VECTOR('',#1032,0.0006122934917841396);
#1034=LINE('',#1031,#1033);
#1035=EDGE_CURVE('',#103,#105,#1034,.T.);
#1036=CARTESIAN_POINT('',(-0.013227715140471531,-0.0005656854249492381,0.0319345292913343));
#1037=DIRECTION('',(0.9807852804032304,0,0.19509032201612847));
#1038=VECTOR('',#1037,0.01348686140052308);
#1039=LINE('',#1036,#1038);
#1040=EDGE_CURVE('',#105,#89,#1039,.T.);
#1041=CARTESIAN_POINT('',(2.1165378007999205e-18,-0.0005656854249492381,0.03456568542494924));
#1042=DIRECTION('',(-5.657130561438546e-17,-0.3826834323650892,-0.923879532511287));
#1043=VECTOR('',#1042,0.0006122934917841443);
#1044=LINE('',#1041,#1043);
#1045=EDGE_CURVE('',#89,#87,#1044,.T.);
#1046=CARTESIAN_POINT('',(2.1165378007999205e-18,-0.0005656854249492381,0.03456568542494924));
#1047=DIRECTION('',(-0.9807852804032304,0,-0.19509032201612847));
#1048=VECTOR('',#1047,0.01348686140052308);
#1049=LINE('',#1046,#1048);
#1050=EDGE_CURVE('',#89,#105,#1049,.T.);
#1051=CARTESIAN_POINT('',(-0.013227715140471531,-0.0005656854249492381,0.0319345292913343));
#1052=DIRECTION('',(-0.14644660940672458,0.9238795325112853,0.35355339059327806));
#1053=VECTOR('',#1052,0.0006122934917841447);
#1054=LINE('',#1051,#1053);
#1055=EDGE_CURVE('',#105,#91,#1054,.T.);
#1056=CARTESIAN_POINT('',(-0.013317383446305123,0,0.03215100773139278));
#1057=DIRECTION('',(0.9807852804032304,0,0.1950903220161284));
#1058=VECTOR('',#1057,0.013578286412322529);
#1059=LINE('',#1056,#1058);
#1060=EDGE_CURVE('',#91,#75,#1059,.T.);
#1061=CARTESIAN_POINT('',(2.1308854305163947e-18,0,0.034800000000000005));
#1062=DIRECTION('',(-2.3432602026631172e-17,-0.9238795325112861,-0.3826834323650916));
#1063=VECTOR('',#1062,0.0006122934917841442);
#1064=LINE('',#1061,#1063);
#1065=EDGE_CURVE('',#75,#89,#1064,.T.);
#1066=CARTESIAN_POINT('',(-0.013317383446305123,0,0.03215100773139278));
#1067=DIRECTION('',(-0.8314696123025455,0,-0.5555702330196021));
#1068=VECTOR('',#1067,0.013578286412322527);
#1069=LINE('',#1066,#1068);
#1070=EDGE_CURVE('',#91,#107,#1069,.T.);
#1071=CARTESIAN_POINT('',(-0.024607315985291856,0,0.02460731598529186));
#1072=DIRECTION('',(0.27059805007310295,0.9238795325112841,-0.27059805007310295));
#1073=VECTOR('',#1072,0.0006122934917841454);
#1074=LINE('',#1071,#1073);
#1075=EDGE_CURVE('',#107,#109,#1074,.T.);
#1076=CARTESIAN_POINT('',(-0.024441630560342615,0.000565685424949238,0.02444163056034262));
#1077=DIRECTION('',(0.8314696123025453,0,0.5555702330196022));
#1078=VECTOR('',#1077,0.013486861400523074);
#1079=LINE('',#1076,#1078);
#1080=EDGE_CURVE('',#109,#93,#1079,.T.);
#1081=CARTESIAN_POINT('',(-0.013227715140471531,0.000565685424949238,0.0319345292913343));
#1082=DIRECTION('',(-0.1464466094067246,-0.9238795325112853,0.3535533905932781));
#1083=VECTOR('',#1082,0.0006122934917841446);
#1084=LINE('',#1081,#1083);
#1085=EDGE_CURVE('',#93,#91,#1084,.T.);
#1086=CARTESIAN_POINT('',(-0.013227715140471531,0.000565685424949238,0.0319345292913343));
#1087=DIRECTION('',(-0.8314696123025453,0,-0.5555702330196022));
#1088=VECTOR('',#1087,0.013486861400523074);
#1089=LINE('',#1086,#1088);
#1090=EDGE_CURVE('',#93,#109,#1089,.T.);
#1091=CARTESIAN_POINT('',(-0.024441630560342615,0.000565685424949238,0.02444163056034262));
#1092=DIRECTION('',(0.6532814824381908,0.38268343236509034,-0.6532814824381852));
#1093=VECTOR('',#1092,0.0006122934917841428);
#1094=LINE('',#1091,#1093);
#1095=EDGE_CURVE('',#109,#111,#1094,.T.);
#1096=CARTESIAN_POINT('',(-0.024041630560342614,0.0008,0.02404163056034262));
#1097=DIRECTION('',(0.8314696123025452,0,0.5555702330196023));
#1098=VECTOR('',#1097,0.013266141897096722);
#1099=LINE('',#1096,#1098);
#1100=EDGE_CURVE('',#111,#95,#1099,.T.);
#1101=CARTESIAN_POINT('',(-0.013011236700413051,0.0008,0.031411904105383755));
#1102=DIRECTION('',(-0.35355339059327817,-0.38268343236509234,0.8535533905932708));
#1103=VECTOR('',#1102,0.0006122934917841396);
#1104=LINE('',#1101,#1103);
#1105=EDGE_CURVE('',#95,#93,#1104,.T.);
#1106=CARTESIAN_POINT('',(-0.013011236700413051,0.0008,0.031411904105383755));
#1107=DIRECTION('',(-0.8314696123025452,0,-0.5555702330196023));
#1108=VECTOR('',#1107,0.013266141897096722);
#1109=LINE('',#1106,#1108);
#1110=EDGE_CURVE('',#95,#111,#1109,.T.);
#1111=CARTESIAN_POINT('',(-0.024041630560342614,0.0008,0.02404163056034262));
#1112=DIRECTION('',(0.6532814824381852,-0.38268343236509034,-0.6532814824381908));
#1113=VECTOR('',#1112,0.0006122934917841428);
#1114=LINE('',#1111,#1113);
#1115=EDGE_CURVE('',#111,#113,#1114,.T.);
#1116=CARTESIAN_POINT('',(-0.023641630560342616,0.000565685424949238,0.02364163056034262));
#1117=DIRECTION('',(0.8314696123025455,0,0.555570233019602));
#1118=VECTOR('',#1117,0.013045422393670366);
#1119=LINE('',#1116,#1118);
#1120=EDGE_CURVE('',#113,#97,#1119,.T.);
#1121=CARTESIAN_POINT('',(-0.012794758260354573,0.000565685424949238,0.0308892789194332));
#1122=DIRECTION('',(-0.3535533905932705,0.3826834323650871,0.8535533905932762));
#1123=VECTOR('',#1122,0.000612293491784148);
#1124=LINE('',#1121,#1123);
#1125=EDGE_CURVE('',#97,#95,#1124,.T.);
#1126=CARTESIAN_POINT('',(-0.012794758260354573,0.000565685424949238,0.0308892789194332));
#1127=DIRECTION('',(-0.8314696123025455,0,-0.555570233019602));
#1128=VECTOR('',#1127,0.013045422393670366);
#1129=LINE('',#1126,#1128);
#1130=EDGE_CURVE('',#97,#113,#1129,.T.);
#1131=CARTESIAN_POINT('',(-0.023641630560342616,0.000565685424949238,0.02364163056034262));
#1132=DIRECTION('',(0.270598050073103,-0.9238795325112841,-0.270598050073103));
#1133=VECTOR('',#1132,0.0006122934917841453);
#1134=LINE('',#1131,#1133);
#1135=EDGE_CURVE('',#113,#115,#1134,.T.);
#1136=CARTESIAN_POINT('',(-0.023475945135393375,9.797174393178826e-20,0.02347594513539338));
#1137=DIRECTION('',(0.8314696123025452,0,0.5555702330196023));
#1138=VECTOR('',#1137,0.012953997381870915);
#1139=LINE('',#1136,#1138);
#1140=EDGE_CURVE('',#115,#99,#1139,.T.);
#1141=CARTESIAN_POINT('',(-0.012705089954520979,9.797174393178826e-20,0.03067280047937472));
#1142=DIRECTION('',(-0.1464466094067277,0.9238795325112867,0.3535533905932731));
#1143=VECTOR('',#1142,0.0006122934917841435);
#1144=LINE('',#1141,#1143);
#1145=EDGE_CURVE('',#99,#97,#1144,.T.);
#1146=CARTESIAN_POINT('',(-0.012705089954520979,9.797174393178826e-20,0.03067280047937472));
#1147=DIRECTION('',(-0.8314696123025452,0,-0.5555702330196023));
#1148=VECTOR('',#1147,0.012953997381870915);
#1149=LINE('',#1146,#1148);
#1150=EDGE_CURVE('',#99,#115,#1149,.T.);
#1151=CARTESIAN_POINT('',(-0.023475945135393375,9.797174393178826e-20,0.02347594513539338));
#1152=DIRECTION('',(-0.2705980500731029,-0.9238795325112842,0.2705980500731029));
#1153=VECTOR('',#1152,0.0006122934917841455);
#1154=LINE('',#1151,#1153);
#1155=EDGE_CURVE('',#115,#117,#1154,.T.);
#1156=CARTESIAN_POINT('',(-0.023641630560342616,-0.000565685424949238,0.02364163056034262));
#1157=DIRECTION('',(0.8314696123025455,0,0.555570233019602));
#1158=VECTOR('',#1157,0.013045422393670366);
#1159=LINE('',#1156,#1158);
#1160=EDGE_CURVE('',#117,#101,#1159,.T.);
#1161=CARTESIAN_POINT('',(-0.012794758260354573,-0.000565685424949238,0.0308892789194332));
#1162=DIRECTION('',(0.14644660940672768,0.923879532511287,-0.353553390593273));
#1163=VECTOR('',#1162,0.0006122934917841437);
#1164=LINE('',#1161,#1163);
#1165=EDGE_CURVE('',#101,#99,#1164,.T.);
#1166=CARTESIAN_POINT('',(-0.012794758260354573,-0.000565685424949238,0.0308892789194332));
#1167=DIRECTION('',(-0.8314696123025455,0,-0.555570233019602));
#1168=VECTOR('',#1167,0.013045422393670366);
#1169=LINE('',#1166,#1168);
#1170=EDGE_CURVE('',#101,#117,#1169,.T.);
#1171=CARTESIAN_POINT('',(-0.023641630560342616,-0.000565685424949238,0.02364163056034262));
#1172=DIRECTION('',(-0.6532814824381852,-0.38268343236509034,0.6532814824381908));
#1173=VECTOR('',#1172,0.0006122934917841428);
#1174=LINE('',#1171,#1173);
#1175=EDGE_CURVE('',#117,#119,#1174,.T.);
#1176=CARTESIAN_POINT('',(-0.024041630560342614,-0.0008,0.02404163056034262));
#1177=DIRECTION('',(0.8314696123025452,0,0.5555702330196023));
#1178=VECTOR('',#1177,0.013266141897096722);
#1179=LINE('',#1176,#1178);
#1180=EDGE_CURVE('',#119,#103,#1179,.T.);
#1181=CARTESIAN_POINT('',(-0.013011236700413051,-0.0008,0.031411904105383755));
#1182=DIRECTION('',(0.3535533905932705,0.3826834323650871,-0.8535533905932762));
#1183=VECTOR('',#1182,0.000612293491784148);
#1184=LINE('',#1181,#1183);
#1185=EDGE_CURVE('',#103,#101,#1184,.T.);
#1186=CARTESIAN_POINT('',(-0.013011236700413051,-0.0008,0.031411904105383755));
#1187=DIRECTION('',(-0.8314696123025452,0,-0.5555702330196023));
#1188=VECTOR('',#1187,0.013266141897096722);
#1189=LINE('',#1186,#1188);
#1190=EDGE_CURVE('',#103,#119,#1189,.T.);
#1191=CARTESIAN_POINT('',(-0.024041630560342614,-0.0008,0.02404163056034262));
#1192=DIRECTION('',(-0.653281482438191,0.3826834323650902,0.6532814824381853));
#1193=VECTOR('',#1192,0.0006122934917841427);
#1194=LINE('',#1191,#1193);
#1195=EDGE_CURVE('',#119,#121,#1194,.T.);
#1196=CARTESIAN_POINT('',(-0.024441630560342615,-0.0005656854249492381,0.02444163056034262));
#1197=DIRECTION('',(0.8314696123025453,0,0.5555702330196022));
#1198=VECTOR('',#1197,0.013486861400523074);
#1199=LINE('',#1196,#1198);
#1200=EDGE_CURVE('',#121,#105,#1199,.T.);
#1201=CARTESIAN_POINT('',(-0.013227715140471531,-0.0005656854249492381,0.0319345292913343));
#1202=DIRECTION('',(0.35355339059327817,-0.3826834323650921,-0.8535533905932708));
#1203=VECTOR('',#1202,0.0006122934917841396);
#1204=LINE('',#1201,#1203);
#1205=EDGE_CURVE('',#105,#103,#1204,.T.);
#1206=CARTESIAN_POINT('',(-0.013227715140471531,-0.0005656854249492381,0.0319345292913343));
#1207=DIRECTION('',(-0.8314696123025453,0,-0.5555702330196022));
#1208=VECTOR('',#1207,0.013486861400523074);
#1209=LINE('',#1206,#1208);
#1210=EDGE_CURVE('',#105,#121,#1209,.T.);
#1211=CARTESIAN_POINT('',(-0.024441630560342615,-0.0005656854249492381,0.02444163056034262));
#1212=DIRECTION('',(-0.2705980500731029,0.9238795325112842,0.2705980500731029));
#1213=VECTOR('',#1212,0.0006122934917841455);
#1214=LINE('',#1211,#1213);
#1215=EDGE_CURVE('',#121,#107,#1214,.T.);
#1216=CARTESIAN_POINT('',(-0.024607315985291856,0,0.02460731598529186));
#1217=DIRECTION('',(0.8314696123025455,0,0.5555702330196021));
#1218=VECTOR('',#1217,0.013578286412322527);
#1219=LINE('',#1216,#1218);
#1220=EDGE_CURVE('',#107,#91,#1219,.T.);
#1221=CARTESIAN_POINT('',(-0.013317383446305123,0,0.03215100773139278));
#1222=DIRECTION('',(0.14644660940672458,-0.9238795325112853,-0.35355339059327806));
#1223=VECTOR('',#1222,0.0006122934917841447);
#1224=LINE('',#1221,#1223);
#1225=EDGE_CURVE('',#91,#105,#1224,.T.);
#1226=CARTESIAN_POINT('',(-0.024607315985291856,0,0.02460731598529186));
#1227=DIRECTION('',(-0.5555702330196023,0,-0.8314696123025452));
#1228=VECTOR('',#1227,0.013578286412322527);
#1229=LINE('',#1226,#1228);
#1230=EDGE_CURVE('',#107,#123,#1229,.T.);
#1231=CARTESIAN_POINT('',(-0.03215100773139278,0,0.01331738344630513));
#1232=DIRECTION('',(0.353553390593278,0.923879532511285,-0.14644660940672738));
#1233=VECTOR('',#1232,0.0006122934917841448);
#1234=LINE('',#1231,#1233);
#1235=EDGE_CURVE('',#123,#125,#1234,.T.);
#1236=CARTESIAN_POINT('',(-0.0319345292913343,0.000565685424949238,0.013227715140471536));
#1237=DIRECTION('',(0.5555702330196023,0,0.8314696123025451));
#1238=VECTOR('',#1237,0.013486861400523076);
#1239=LINE('',#1236,#1238);
#1240=EDGE_CURVE('',#125,#109,#1239,.T.);
#1241=CARTESIAN_POINT('',(-0.024441630560342615,0.000565685424949238,0.02444163056034262));
#1242=DIRECTION('',(-0.27059805007310295,-0.9238795325112841,0.27059805007310295));
#1243=VECTOR('',#1242,0.0006122934917841454);
#1244=LINE('',#1241,#1243);
#1245=EDGE_CURVE('',#109,#107,#1244,.T.);
#1246=CARTESIAN_POINT('',(-0.024441630560342615,0.000565685424949238,0.02444163056034262));
#1247=DIRECTION('',(-0.5555702330196023,0,-0.8314696123025451));
#1248=VECTOR('',#1247,0.013486861400523076);
#1249=LINE('',#1246,#1248);
#1250=EDGE_CURVE('',#109,#125,#1249,.T.);
#1251=CARTESIAN_POINT('',(-0.0319345292913343,0.000565685424949238,0.013227715140471536));
#1252=DIRECTION('',(0.8535533905932717,0.3826834323650927,-0.35355339059327573));
#1253=VECTOR('',#1252,0.000612293491784139);
#1254=LINE('',#1251,#1253);
#1255=EDGE_CURVE('',#125,#127,#1254,.T.);
#1256=CARTESIAN_POINT('',(-0.031411904105383755,0.0008,0.013011236700413058));
#1257=DIRECTION('',(0.5555702330196026,0,0.831469612302545));
#1258=VECTOR('',#1257,0.013266141897096725);
#1259=LINE('',#1256,#1258);
#1260=EDGE_CURVE('',#127,#111,#1259,.T.);
#1261=CARTESIAN_POINT('',(-0.024041630560342614,0.0008,0.02404163056034262));
#1262=DIRECTION('',(-0.6532814824381908,-0.38268343236509034,0.6532814824381852));
#1263=VECTOR('',#1262,0.0006122934917841428);
#1264=LINE('',#1261,#1263);
#1265=EDGE_CURVE('',#111,#109,#1264,.T.);
#1266=CARTESIAN_POINT('',(-0.024041630560342614,0.0008,0.02404163056034262));
#1267=DIRECTION('',(-0.5555702330196026,0,-0.831469612302545));
#1268=VECTOR('',#1267,0.013266141897096725);
#1269=LINE('',#1266,#1268);
#1270=EDGE_CURVE('',#111,#127,#1269,.T.);
#1271=CARTESIAN_POINT('',(-0.031411904105383755,0.0008,0.013011236700413058));
#1272=DIRECTION('',(0.8535533905932754,-0.38268343236508673,-0.35355339059327306));
#1273=VECTOR('',#1272,0.0006122934917841485);
#1274=LINE('',#1271,#1273);
#1275=EDGE_CURVE('',#127,#129,#1274,.T.);
#1276=CARTESIAN_POINT('',(-0.0308892789194332,0.000565685424949238,0.012794758260354578));
#1277=DIRECTION('',(0.5555702330196022,0,0.8314696123025451));
#1278=VECTOR('',#1277,0.013045422393670368);
#1279=LINE('',#1276,#1278);
#1280=EDGE_CURVE('',#129,#113,#1279,.T.);
#1281=CARTESIAN_POINT('',(-0.023641630560342616,0.000565685424949238,0.02364163056034262));
#1282=DIRECTION('',(-0.6532814824381852,0.38268343236509034,0.6532814824381908));
#1283=VECTOR('',#1282,0.0006122934917841428);
#1284=LINE('',#1281,#1283);
#1285=EDGE_CURVE('',#113,#111,#1284,.T.);
#1286=CARTESIAN_POINT('',(-0.023641630560342616,0.000565685424949238,0.02364163056034262));
#1287=DIRECTION('',(-0.5555702330196022,0,-0.8314696123025451));
#1288=VECTOR('',#1287,0.013045422393670368);
#1289=LINE('',#1286,#1288);
#1290=EDGE_CURVE('',#113,#129,#1289,.T.);
#1291=CARTESIAN_POINT('',(-0.0308892789194332,0.000565685424949238,0.012794758260354578));
#1292=DIRECTION('',(0.3535533905932731,-0.9238795325112867,-0.1464466094067277));
#1293=VECTOR('',#1292,0.0006122934917841435);
#1294=LINE('',#1291,#1293);
#1295=EDGE_CURVE('',#129,#131,#1294,.T.);
#1296=CARTESIAN_POINT('',(-0.03067280047937472,9.797174393178826e-20,0.012705089954520984));
#1297=DIRECTION('',(0.5555702330196024,0,0.831469612302545));
#1298=VECTOR('',#1297,0.012953997381870917);
#1299=LINE('',#1296,#1298);
#1300=EDGE_CURVE('',#131,#115,#1299,.T.);
#1301=CARTESIAN_POINT('',(-0.023475945135393375,9.797174393178826e-20,0.02347594513539338));
#1302=DIRECTION('',(-0.270598050073103,0.9238795325112841,0.270598050073103));
#1303=VECTOR('',#1302,0.0006122934917841453);
#1304=LINE('',#1301,#1303);
#1305=EDGE_CURVE('',#115,#113,#1304,.T.);
#1306=CARTESIAN_POINT('',(-0.023475945135393375,9.797174393178826e-20,0.02347594513539338));
#1307=DIRECTION('',(-0.5555702330196024,0,-0.831469612302545));
#1308=VECTOR('',#1307,0.012953997381870917);
#1309=LINE('',#1306,#1308);
#1310=EDGE_CURVE('',#115,#131,#1309,.T.);
#1311=CARTESIAN_POINT('',(-0.03067280047937472,9.797174393178826e-20,0.012705089954520984));
#1312=DIRECTION('',(-0.353553390593273,-0.923879532511287,0.14644660940672768));
#1313=VECTOR('',#1312,0.0006122934917841437);
#1314=LINE('',#1311,#1313);
#1315=EDGE_CURVE('',#131,#133,#1314,.T.);
#1316=CARTESIAN_POINT('',(-0.0308892789194332,-0.000565685424949238,0.012794758260354578));
#1317=DIRECTION('',(0.5555702330196022,0,0.8314696123025451));
#1318=VECTOR('',#1317,0.013045422393670368);
#1319=LINE('',#1316,#1318);
#1320=EDGE_CURVE('',#133,#117,#1319,.T.);
#1321=CARTESIAN_POINT('',(-0.023641630560342616,-0.000565685424949238,0.02364163056034262));
#1322=DIRECTION('',(0.2705980500731029,0.9238795325112842,-0.2705980500731029));
#1323=VECTOR('',#1322,0.0006122934917841455);
#1324=LINE('',#1321,#1323);
#1325=EDGE_CURVE('',#117,#115,#1324,.T.);
#1326=CARTESIAN_POINT('',(-0.023641630560342616,-0.000565685424949238,0.02364163056034262));
#1327=DIRECTION('',(-0.5555702330196022,0,-0.8314696123025451));
#1328=VECTOR('',#1327,0.013045422393670368);
#1329=LINE('',#1326,#1328);
#1330=EDGE_CURVE('',#117,#133,#1329,.T.);
#1331=CARTESIAN_POINT('',(-0.0308892789194332,-0.000565685424949238,0.012794758260354578));
#1332=DIRECTION('',(-0.8535533905932754,-0.38268343236508673,0.35355339059327306));
#1333=VECTOR('',#1332,0.0006122934917841485);
#1334=LINE('',#1331,#1333);
#1335=EDGE_CURVE('',#133,#135,#1334,.T.);
#1336=CARTESIAN_POINT('',(-0.031411904105383755,-0.0008,0.013011236700413058));
#1337=DIRECTION('',(0.5555702330196026,0,0.831469612302545));
#1338=VECTOR('',#1337,0.013266141897096725);
#1339=LINE('',#1336,#1338);
#1340=EDGE_CURVE('',#135,#119,#1339,.T.);
#1341=CARTESIAN_POINT('',(-0.024041630560342614,-0.0008,0.02404163056034262));
#1342=DIRECTION('',(0.6532814824381852,0.38268343236509034,-0.6532814824381908));
#1343=VECTOR('',#1342,0.0006122934917841428);
#1344=LINE('',#1341,#1343);
#1345=EDGE_CURVE('',#119,#117,#1344,.T.);
#1346=CARTESIAN_POINT('',(-0.024041630560342614,-0.0008,0.02404163056034262));
#1347=DIRECTION('',(-0.5555702330196026,0,-0.831469612302545));
#1348=VECTOR('',#1347,0.013266141897096725);
#1349=LINE('',#1346,#1348);
#1350=EDGE_CURVE('',#119,#135,#1349,.T.);
#1351=CARTESIAN_POINT('',(-0.031411904105383755,-0.0008,0.013011236700413058));
#1352=DIRECTION('',(-0.8535533905932717,0.38268343236509256,0.35355339059327573));
#1353=VECTOR('',#1352,0.000612293491784139);
#1354=LINE('',#1351,#1353);
#1355=EDGE_CURVE('',#135,#137,#1354,.T.);
#1356=CARTESIAN_POINT('',(-0.0319345292913343,-0.0005656854249492381,0.013227715140471536));
#1357=DIRECTION('',(0.5555702330196023,0,0.8314696123025451));
#1358=VECTOR('',#1357,0.013486861400523076);
#1359=LINE('',#1356,#1358);
#1360=EDGE_CURVE('',#137,#121,#1359,.T.);
#1361=CARTESIAN_POINT('',(-0.024441630560342615,-0.0005656854249492381,0.02444163056034262));
#1362=DIRECTION('',(0.653281482438191,-0.3826834323650902,-0.6532814824381853));
#1363=VECTOR('',#1362,0.0006122934917841427);
#1364=LINE('',#1361,#1363);
#1365=EDGE_CURVE('',#121,#119,#1364,.T.);
#1366=CARTESIAN_POINT('',(-0.024441630560342615,-0.0005656854249492381,0.02444163056034262));
#1367=DIRECTION('',(-0.5555702330196023,0,-0.8314696123025451));
#1368=VECTOR('',#1367,0.013486861400523076);
#1369=LINE('',#1366,#1368);
#1370=EDGE_CURVE('',#121,#137,#1369,.T.);
#1371=CARTESIAN_POINT('',(-0.0319345292913343,-0.0005656854249492381,0.013227715140471536));
#1372=DIRECTION('',(-0.35355339059327795,0.923879532511285,0.14644660940672735));
#1373=VECTOR('',#1372,0.000612293491784145);
#1374=LINE('',#1371,#1373);
#1375=EDGE_CURVE('',#137,#123,#1374,.T.);
#1376=CARTESIAN_POINT('',(-0.03215100773139278,0,0.01331738344630513));
#1377=DIRECTION('',(0.5555702330196023,0,0.8314696123025452));
#1378=VECTOR('',#1377,0.013578286412322527);
#1379=LINE('',#1376,#1378);
#1380=EDGE_CURVE('',#123,#107,#1379,.T.);
#1381=CARTESIAN_POINT('',(-0.024607315985291856,0,0.02460731598529186));
#1382=DIRECTION('',(0.2705980500731029,-0.9238795325112842,-0.2705980500731029));
#1383=VECTOR('',#1382,0.0006122934917841455);
#1384=LINE('',#1381,#1383);
#1385=EDGE_CURVE('',#107,#121,#1384,.T.);
#1386=CARTESIAN_POINT('',(-0.03215100773139278,0,0.01331738344630513));
#1387=DIRECTION('',(-0.19509032201612833,0,-0.9807852804032303));
#1388=VECTOR('',#1387,0.013578286412322532);
#1389=LINE('',#1386,#1388);
#1390=EDGE_CURVE('',#123,#139,#1389,.T.);
#1391=CARTESIAN_POINT('',(-0.034800000000000005,0,4.2617708610327894e-18));
#1392=DIRECTION('',(0.3826834323650916,0.923879532511286,-4.6865204053262345e-17));
#1393=VECTOR('',#1392,0.0006122934917841442);
#1394=LINE('',#1391,#1393);
#1395=EDGE_CURVE('',#139,#141,#1394,.T.);
#1396=CARTESIAN_POINT('',(-0.03456568542494924,0.000565685424949238,4.233075601599841e-18));
#1397=DIRECTION('',(0.19509032201612847,0,0.9807852804032304));
#1398=VECTOR('',#1397,0.01348686140052308);
#1399=LINE('',#1396,#1398);
#1400=EDGE_CURVE('',#141,#125,#1399,.T.);
#1401=CARTESIAN_POINT('',(-0.0319345292913343,0.000565685424949238,0.013227715140471536));
#1402=DIRECTION('',(-0.353553390593278,-0.923879532511285,0.14644660940672738));
#1403=VECTOR('',#1402,0.0006122934917841448);
#1404=LINE('',#1401,#1403);
#1405=EDGE_CURVE('',#125,#123,#1404,.T.);
#1406=CARTESIAN_POINT('',(-0.0319345292913343,0.000565685424949238,0.013227715140471536));
#1407=DIRECTION('',(-0.19509032201612847,0,-0.9807852804032304));
#1408=VECTOR('',#1407,0.01348686140052308);
#1409=LINE('',#1406,#1408);
#1410=EDGE_CURVE('',#125,#141,#1409,.T.);
#1411=CARTESIAN_POINT('',(-0.03456568542494924,0.000565685424949238,4.233075601599841e-18));
#1412=DIRECTION('',(0.9238795325112868,0.38268343236508934,-1.131426112287709e-16));
#1413=VECTOR('',#1412,0.0006122934917841444);
#1414=LINE('',#1411,#1413);
#1415=EDGE_CURVE('',#141,#143,#1414,.T.);
#1416=CARTESIAN_POINT('',(-0.034,0.0008,4.163799117101001e-18));
#1417=DIRECTION('',(0.19509032201612803,0,0.9807852804032304));
#1418=VECTOR('',#1417,0.013266141897096725);
#1419=LINE('',#1416,#1418);
#1420=EDGE_CURVE('',#143,#127,#1419,.T.);
#1421=CARTESIAN_POINT('',(-0.031411904105383755,0.0008,0.013011236700413058));
#1422=DIRECTION('',(-0.8535533905932717,-0.3826834323650927,0.35355339059327573));
#1423=VECTOR('',#1422,0.000612293491784139);
#1424=LINE('',#1421,#1423);
#1425=EDGE_CURVE('',#127,#125,#1424,.T.);
#1426=CARTESIAN_POINT('',(-0.031411904105383755,0.0008,0.013011236700413058));
#1427=DIRECTION('',(-0.19509032201612803,0,-0.9807852804032304));
#1428=VECTOR('',#1427,0.013266141897096725);
#1429=LINE('',#1426,#1428);
#1430=EDGE_CURVE('',#127,#143,#1429,.T.);
#1431=CARTESIAN_POINT('',(-0.034,0.0008,4.163799117101001e-18));
#1432=DIRECTION('',(0.9238795325112868,-0.38268343236508934,-1.1314261122876963e-16));
#1433=VECTOR('',#1432,0.0006122934917841444);
#1434=LINE('',#1431,#1433);
#1435=EDGE_CURVE('',#143,#145,#1434,.T.);
#1436=CARTESIAN_POINT('',(-0.033434314575050764,0.000565685424949238,4.094522632602162e-18));
#1437=DIRECTION('',(0.19509032201612841,0,0.9807852804032305));
#1438=VECTOR('',#1437,0.013045422393670368);
#1439=LINE('',#1436,#1438);
#1440=EDGE_CURVE('',#145,#129,#1439,.T.);
#1441=CARTESIAN_POINT('',(-0.0308892789194332,0.000565685424949238,0.012794758260354578));
#1442=DIRECTION('',(-0.8535533905932754,0.38268343236508673,0.35355339059327306));
#1443=VECTOR('',#1442,0.0006122934917841485);
#1444=LINE('',#1441,#1443);
#1445=EDGE_CURVE('',#129,#127,#1444,.T.);
#1446=CARTESIAN_POINT('',(-0.0308892789194332,0.000565685424949238,0.012794758260354578));
#1447=DIRECTION('',(-0.19509032201612841,0,-0.9807852804032305));
#1448=VECTOR('',#1447,0.013045422393670368);
#1449=LINE('',#1446,#1448);
#1450=EDGE_CURVE('',#129,#145,#1449,.T.);
#1451=CARTESIAN_POINT('',(-0.033434314575050764,0.000565685424949238,4.094522632602162e-18));
#1452=DIRECTION('',(0.38268343236509167,-0.923879532511286,-4.686520405326361e-17));
#1453=VECTOR('',#1452,0.0006122934917841441);
#1454=LINE('',#1451,#1453);
#1455=EDGE_CURVE('',#145,#147,#1454,.T.);
#1456=CARTESIAN_POINT('',(-0.0332,9.797174393178826e-20,4.0658273731692124e-18));
#1457=DIRECTION('',(0.19509032201612828,0,0.9807852804032304));
#1458=VECTOR('',#1457,0.012953997381870917);
#1459=LINE('',#1456,#1458);
#1460=EDGE_CURVE('',#147,#131,#1459,.T.);
#1461=CARTESIAN_POINT('',(-0.03067280047937472,9.797174393178826e-20,0.012705089954520984));
#1462=DIRECTION('',(-0.3535533905932731,0.9238795325112867,0.1464466094067277));
#1463=VECTOR('',#1462,0.0006122934917841435);
#1464=LINE('',#1461,#1463);
#1465=EDGE_CURVE('',#131,#129,#1464,.T.);
#1466=CARTESIAN_POINT('',(-0.03067280047937472,9.797174393178826e-20,0.012705089954520984));
#1467=DIRECTION('',(-0.19509032201612828,0,-0.9807852804032304));
#1468=VECTOR('',#1467,0.012953997381870917);
#1469=LINE('',#1466,#1468);
#1470=EDGE_CURVE('',#131,#147,#1469,.T.);
#1471=CARTESIAN_POINT('',(-0.0332,9.797174393178826e-20,4.0658273731692124e-18));
#1472=DIRECTION('',(-0.3826834323650916,-0.9238795325112861,4.68652040532636e-17));
#1473=VECTOR('',#1472,0.0006122934917841442);
#1474=LINE('',#1471,#1473);
#1475=EDGE_CURVE('',#147,#149,#1474,.T.);
#1476=CARTESIAN_POINT('',(-0.033434314575050764,-0.000565685424949238,4.094522632602162e-18));
#1477=DIRECTION('',(0.19509032201612841,0,0.9807852804032305));
#1478=VECTOR('',#1477,0.013045422393670368);
#1479=LINE('',#1476,#1478);
#1480=EDGE_CURVE('',#149,#133,#1479,.T.);
#1481=CARTESIAN_POINT('',(-0.0308892789194332,-0.000565685424949238,0.012794758260354578));
#1482=DIRECTION('',(0.353553390593273,0.923879532511287,-0.14644660940672768));
#1483=VECTOR('',#1482,0.0006122934917841437);
#1484=LINE('',#1481,#1483);
#1485=EDGE_CURVE('',#133,#131,#1484,.T.);
#1486=CARTESIAN_POINT('',(-0.0308892789194332,-0.000565685424949238,0.012794758260354578));
#1487=DIRECTION('',(-0.19509032201612841,0,-0.9807852804032305));
#1488=VECTOR('',#1487,0.013045422393670368);
#1489=LINE('',#1486,#1488);
#1490=EDGE_CURVE('',#133,#149,#1489,.T.);
#1491=CARTESIAN_POINT('',(-0.033434314575050764,-0.000565685424949238,4.094522632602162e-18));
#1492=DIRECTION('',(-0.9238795325112868,-0.38268343236508934,1.1314261122876963e-16));
#1493=VECTOR('',#1492,0.0006122934917841444);
#1494=LINE('',#1491,#1493);
#1495=EDGE_CURVE('',#149,#151,#1494,.T.);
#1496=CARTESIAN_POINT('',(-0.034,-0.0008,4.163799117101001e-18));
#1497=DIRECTION('',(0.19509032201612803,0,0.9807852804032304));
#1498=VECTOR('',#1497,0.013266141897096725);
#1499=LINE('',#1496,#1498);
#1500=EDGE_CURVE('',#151,#135,#1499,.T.);
#1501=CARTESIAN_POINT('',(-0.031411904105383755,-0.0008,0.013011236700413058));
#1502=DIRECTION('',(0.8535533905932754,0.38268343236508673,-0.35355339059327306));
#1503=VECTOR('',#1502,0.0006122934917841485);
#1504=LINE('',#1501,#1503);
#1505=EDGE_CURVE('',#135,#133,#1504,.T.);
#1506=CARTESIAN_POINT('',(-0.031411904105383755,-0.0008,0.013011236700413058));
#1507=DIRECTION('',(-0.19509032201612803,0,-0.9807852804032304));
#1508=VECTOR('',#1507,0.013266141897096725);
#1509=LINE('',#1506,#1508);
#1510=EDGE_CURVE('',#135,#151,#1509,.T.);
#1511=CARTESIAN_POINT('',(-0.034,-0.0008,4.163799117101001e-18));
#1512=DIRECTION('',(-0.923879532511287,0.3826834323650892,1.1314261122877091e-16));
#1513=VECTOR('',#1512,0.0006122934917841443);
#1514=LINE('',#1511,#1513);
#1515=EDGE_CURVE('',#151,#153,#1514,.T.);
#1516=CARTESIAN_POINT('',(-0.03456568542494924,-0.0005656854249492381,4.233075601599841e-18));
#1517=DIRECTION('',(0.19509032201612847,0,0.9807852804032304));
#1518=VECTOR('',#1517,0.01348686140052308);
#1519=LINE('',#1516,#1518);
#1520=EDGE_CURVE('',#153,#137,#1519,.T.);
#1521=CARTESIAN_POINT('',(-0.0319345292913343,-0.0005656854249492381,0.013227715140471536));
#1522=DIRECTION('',(0.8535533905932717,-0.38268343236509256,-0.35355339059327573));
#1523=VECTOR('',#1522,0.000612293491784139);
#1524=LINE('',#1521,#1523);
#1525=EDGE_CURVE('',#137,#135,#1524,.T.);
#1526=CARTESIAN_POINT('',(-0.0319345292913343,-0.0005656854249492381,0.013227715140471536));
#1527=DIRECTION('',(-0.19509032201612847,0,-0.9807852804032304));
#1528=VECTOR('',#1527,0.01348686140052308);
#1529=LINE('',#1526,#1528);
#1530=EDGE_CURVE('',#137,#153,#1529,.T.);
#1531=CARTESIAN_POINT('',(-0.03456568542494924,-0.0005656854249492381,4.233075601599841e-18));
#1532=DIRECTION('',(-0.3826834323650916,0.9238795325112861,4.6865204053262345e-17));
#1533=VECTOR('',#1532,0.0006122934917841442);
#1534=LINE('',#1531,#1533);
#1535=EDGE_CURVE('',#153,#139,#1534,.T.);
#1536=CARTESIAN_POINT('',(-0.034800000000000005,0,4.2617708610327894e-18));
#1537=DIRECTION('',(0.19509032201612833,0,0.9807852804032303));
#1538=VECTOR('',#1537,0.013578286412322532);
#1539=LINE('',#1536,#1538);
#1540=EDGE_CURVE('',#139,#123,#1539,.T.);
#1541=CARTESIAN_POINT('',(-0.03215100773139278,0,0.01331738344630513));
#1542=DIRECTION('',(0.35355339059327795,-0.923879532511285,-0.14644660940672735));
#1543=VECTOR('',#1542,0.000612293491784145);
#1544=LINE('',#1541,#1543);
#1545=EDGE_CURVE('',#123,#137,#1544,.T.);
#1546=CARTESIAN_POINT('',(-0.034800000000000005,0,4.2617708610327894e-18));
#1547=DIRECTION('',(0.1950903220161279,0,-0.9807852804032305));
#1548=VECTOR('',#1547,0.013578286412322527);
#1549=LINE('',#1546,#1548);
#1550=EDGE_CURVE('',#139,#155,#1549,.T.);
#1551=CARTESIAN_POINT('',(-0.03215100773139279,0,-0.013317383446305122));
#1552=DIRECTION('',(0.3535533905932781,0.9238795325112853,0.1464466094067246));
#1553=VECTOR('',#1552,0.0006122934917841446);
#1554=LINE('',#1551,#1553);
#1555=EDGE_CURVE('',#155,#157,#1554,.T.);
#1556=CARTESIAN_POINT('',(-0.03193452929133431,0.000565685424949238,-0.01322771514047153));
#1557=DIRECTION('',(-0.195090322016128,0,0.9807852804032305));
#1558=VECTOR('',#1557,0.013486861400523078);
#1559=LINE('',#1556,#1558);
#1560=EDGE_CURVE('',#157,#141,#1559,.T.);
#1561=CARTESIAN_POINT('',(-0.03456568542494924,0.000565685424949238,4.233075601599841e-18));
#1562=DIRECTION('',(-0.3826834323650916,-0.923879532511286,4.6865204053262345e-17));
#1563=VECTOR('',#1562,0.0006122934917841442);
#1564=LINE('',#1561,#1563);
#1565=EDGE_CURVE('',#141,#139,#1564,.T.);
#1566=CARTESIAN_POINT('',(-0.03456568542494924,0.000565685424949238,4.233075601599841e-18));
#1567=DIRECTION('',(0.195090322016128,0,-0.9807852804032305));
#1568=VECTOR('',#1567,0.013486861400523078);
#1569=LINE('',#1566,#1568);
#1570=EDGE_CURVE('',#141,#157,#1569,.T.);
#1571=CARTESIAN_POINT('',(-0.03193452929133431,0.000565685424949238,-0.01322771514047153));
#1572=DIRECTION('',(0.8535533905932738,0.38268343236508856,0.35355339059327473));
#1573=VECTOR('',#1572,0.0006122934917841456);
#1574=LINE('',#1571,#1573);
#1575=EDGE_CURVE('',#157,#159,#1574,.T.);
#1576=CARTESIAN_POINT('',(-0.031411904105383755,0.0008,-0.01301123670041305));
#1577=DIRECTION('',(-0.19509032201612808,0,0.9807852804032305));
#1578=VECTOR('',#1577,0.013266141897096722);
#1579=LINE('',#1576,#1578);
#1580=EDGE_CURVE('',#159,#143,#1579,.T.);
#1581=CARTESIAN_POINT('',(-0.034,0.0008,4.163799117101001e-18));
#1582=DIRECTION('',(-0.9238795325112868,-0.38268343236508934,1.131426112287709e-16));
#1583=VECTOR('',#1582,0.0006122934917841444);
#1584=LINE('',#1581,#1583);
#1585=EDGE_CURVE('',#143,#141,#1584,.T.);
#1586=CARTESIAN_POINT('',(-0.034,0.0008,4.163799117101001e-18));
#1587=DIRECTION('',(0.19509032201612808,0,-0.9807852804032305));
#1588=VECTOR('',#1587,0.013266141897096722);
#1589=LINE('',#1586,#1588);
#1590=EDGE_CURVE('',#143,#159,#1589,.T.);
#1591=CARTESIAN_POINT('',(-0.031411904105383755,0.0008,-0.01301123670041305));
#1592=DIRECTION('',(0.8535533905932747,-0.382683432365089,0.3535533905932723));
#1593=VECTOR('',#1592,0.000612293491784145);
#1594=LINE('',#1591,#1593);
#1595=EDGE_CURVE('',#159,#161,#1594,.T.);
#1596=CARTESIAN_POINT('',(-0.030889278919433202,0.000565685424949238,-0.012794758260354571));
#1597=DIRECTION('',(-0.19509032201612814,0,0.9807852804032305));
#1598=VECTOR('',#1597,0.013045422393670368);
#1599=LINE('',#1596,#1598);
#1600=EDGE_CURVE('',#161,#145,#1599,.T.);
#1601=CARTESIAN_POINT('',(-0.033434314575050764,0.000565685424949238,4.094522632602162e-18));
#1602=DIRECTION('',(-0.9238795325112868,0.38268343236508934,1.1314261122876963e-16));
#1603=VECTOR('',#1602,0.0006122934917841444);
#1604=LINE('',#1601,#1603);
#1605=EDGE_CURVE('',#145,#143,#1604,.T.);
#1606=CARTESIAN_POINT('',(-0.033434314575050764,0.000565685424949238,4.094522632602162e-18));
#1607=DIRECTION('',(0.19509032201612814,0,-0.9807852804032305));
#1608=VECTOR('',#1607,0.013045422393670368);
#1609=LINE('',#1606,#1608);
#1610=EDGE_CURVE('',#145,#161,#1609,.T.);
#1611=CARTESIAN_POINT('',(-0.030889278919433202,0.000565685424949238,-0.012794758260354571));
#1612=DIRECTION('',(0.3535533905932731,-0.9238795325112867,0.1464466094067277));
#1613=VECTOR('',#1612,0.0006122934917841435);
#1614=LINE('',#1611,#1613);
#1615=EDGE_CURVE('',#161,#163,#1614,.T.);
#1616=CARTESIAN_POINT('',(-0.030672800479374724,9.797174393178826e-20,-0.012705089954520977));
#1617=DIRECTION('',(-0.195090322016128,0,0.9807852804032304));
#1618=VECTOR('',#1617,0.012953997381870917);
#1619=LINE('',#1616,#1618);
#1620=EDGE_CURVE('',#163,#147,#1619,.T.);
#1621=CARTESIAN_POINT('',(-0.0332,9.797174393178826e-20,4.0658273731692124e-18));
#1622=DIRECTION('',(-0.38268343236509167,0.923879532511286,4.686520405326361e-17));
#1623=VECTOR('',#1622,0.0006122934917841441);
#1624=LINE('',#1621,#1623);
#1625=EDGE_CURVE('',#147,#145,#1624,.T.);
#1626=CARTESIAN_POINT('',(-0.0332,9.797174393178826e-20,4.0658273731692124e-18));
#1627=DIRECTION('',(0.195090322016128,0,-0.9807852804032304));
#1628=VECTOR('',#1627,0.012953997381870917);
#1629=LINE('',#1626,#1628);
#1630=EDGE_CURVE('',#147,#163,#1629,.T.);
#1631=CARTESIAN_POINT('',(-0.030672800479374724,9.797174393178826e-20,-0.012705089954520977));
#1632=DIRECTION('',(-0.353553390593273,-0.923879532511287,-0.14644660940672768));
#1633=VECTOR('',#1632,0.0006122934917841437);
#1634=LINE('',#1631,#1633);
#1635=EDGE_CURVE('',#163,#165,#1634,.T.);
#1636=CARTESIAN_POINT('',(-0.030889278919433202,-0.000565685424949238,-0.012794758260354571));
#1637=DIRECTION('',(-0.19509032201612814,0,0.9807852804032305));
#1638=VECTOR('',#1637,0.013045422393670368);
#1639=LINE('',#1636,#1638);
#1640=EDGE_CURVE('',#165,#149,#1639,.T.);
#1641=CARTESIAN_POINT('',(-0.033434314575050764,-0.000565685424949238,4.094522632602162e-18));
#1642=DIRECTION('',(0.3826834323650916,0.9238795325112861,-4.68652040532636e-17));
#1643=VECTOR('',#1642,0.0006122934917841442);
#1644=LINE('',#1641,#1643);
#1645=EDGE_CURVE('',#149,#147,#1644,.T.);
#1646=CARTESIAN_POINT('',(-0.033434314575050764,-0.000565685424949238,4.094522632602162e-18));
#1647=DIRECTION('',(0.19509032201612814,0,-0.9807852804032305));
#1648=VECTOR('',#1647,0.013045422393670368);
#1649=LINE('',#1646,#1648);
#1650=EDGE_CURVE('',#149,#165,#1649,.T.);
#1651=CARTESIAN_POINT('',(-0.030889278919433202,-0.000565685424949238,-0.012794758260354571));
#1652=DIRECTION('',(-0.8535533905932747,-0.382683432365089,-0.3535533905932723));
#1653=VECTOR('',#1652,0.000612293491784145);
#1654=LINE('',#1651,#1653);
#1655=EDGE_CURVE('',#165,#167,#1654,.T.);
#1656=CARTESIAN_POINT('',(-0.031411904105383755,-0.0008,-0.01301123670041305));
#1657=DIRECTION('',(-0.19509032201612808,0,0.9807852804032305));
#1658=VECTOR('',#1657,0.013266141897096722);
#1659=LINE('',#1656,#1658);
#1660=EDGE_CURVE('',#167,#151,#1659,.T.);
#1661=CARTESIAN_POINT('',(-0.034,-0.0008,4.163799117101001e-18));
#1662=DIRECTION('',(0.9238795325112868,0.38268343236508934,-1.1314261122876963e-16));
#1663=VECTOR('',#1662,0.0006122934917841444);
#1664=LINE('',#1661,#1663);
#1665=EDGE_CURVE('',#151,#149,#1664,.T.);
#1666=CARTESIAN_POINT('',(-0.034,-0.0008,4.163799117101001e-18));
#1667=DIRECTION('',(0.19509032201612808,0,-0.9807852804032305));
#1668=VECTOR('',#1667,0.013266141897096722);
#1669=LINE('',#1666,#1668);
#1670=EDGE_CURVE('',#151,#167,#1669,.T.);
#1671=CARTESIAN_POINT('',(-0.031411904105383755,-0.0008,-0.01301123670041305));
#1672=DIRECTION('',(-0.8535533905932738,0.3826834323650884,-0.35355339059327473));
#1673=VECTOR('',#1672,0.0006122934917841456);
#1674=LINE('',#1671,#1673);
#1675=EDGE_CURVE('',#167,#169,#1674,.T.);
#1676=CARTESIAN_POINT('',(-0.03193452929133431,-0.0005656854249492381,-0.01322771514047153));
#1677=DIRECTION('',(-0.195090322016128,0,0.9807852804032305));
#1678=VECTOR('',#1677,0.013486861400523078);
#1679=LINE('',#1676,#1678);
#1680=EDGE_CURVE('',#169,#153,#1679,.T.);
#1681=CARTESIAN_POINT('',(-0.03456568542494924,-0.0005656854249492381,4.233075601599841e-18));
#1682=DIRECTION('',(0.923879532511287,-0.3826834323650892,-1.1314261122877091e-16));
#1683=VECTOR('',#1682,0.0006122934917841443);
#1684=LINE('',#1681,#1683);
#1685=EDGE_CURVE('',#153,#151,#1684,.T.);
#1686=CARTESIAN_POINT('',(-0.03456568542494924,-0.0005656854249492381,4.233075601599841e-18));
#1687=DIRECTION('',(0.195090322016128,0,-0.9807852804032305));
#1688=VECTOR('',#1687,0.013486861400523078);
#1689=LINE('',#1686,#1688);
#1690=EDGE_CURVE('',#153,#169,#1689,.T.);
#1691=CARTESIAN_POINT('',(-0.03193452929133431,-0.0005656854249492381,-0.01322771514047153));
#1692=DIRECTION('',(-0.35355339059327806,0.9238795325112853,-0.14644660940672458));
#1693=VECTOR('',#1692,0.0006122934917841447);
#1694=LINE('',#1691,#1693);
#1695=EDGE_CURVE('',#169,#155,#1694,.T.);
#1696=CARTESIAN_POINT('',(-0.03215100773139279,0,-0.013317383446305122));
#1697=DIRECTION('',(-0.1950903220161279,0,0.9807852804032305));
#1698=VECTOR('',#1697,0.013578286412322527);
#1699=LINE('',#1696,#1698);
#1700=EDGE_CURVE('',#155,#139,#1699,.T.);
#1701=CARTESIAN_POINT('',(-0.034800000000000005,0,4.2617708610327894e-18));
#1702=DIRECTION('',(0.3826834323650916,-0.9238795325112861,-4.6865204053262345e-17));
#1703=VECTOR('',#1702,0.0006122934917841442);
#1704=LINE('',#1701,#1703);
#1705=EDGE_CURVE('',#139,#153,#1704,.T.);
#1706=CARTESIAN_POINT('',(-0.03215100773139279,0,-0.013317383446305122));
#1707=DIRECTION('',(0.5555702330196021,0,-0.8314696123025453));
#1708=VECTOR('',#1707,0.013578286412322532);
#1709=LINE('',#1706,#1708);
#1710=EDGE_CURVE('',#155,#171,#1709,.T.);
#1711=CARTESIAN_POINT('',(-0.024607315985291863,0,-0.024607315985291856));
#1712=DIRECTION('',(0.27059805007310295,0.9238795325112841,0.27059805007310295));
#1713=VECTOR('',#1712,0.0006122934917841454);
#1714=LINE('',#1711,#1713);
#1715=EDGE_CURVE('',#171,#173,#1714,.T.);
#1716=CARTESIAN_POINT('',(-0.024441630560342622,0.000565685424949238,-0.024441630560342615));
#1717=DIRECTION('',(-0.5555702330196023,0,0.8314696123025452));
#1718=VECTOR('',#1717,0.013486861400523078);
#1719=LINE('',#1716,#1718);
#1720=EDGE_CURVE('',#173,#157,#1719,.T.);
#1721=CARTESIAN_POINT('',(-0.03193452929133431,0.000565685424949238,-0.01322771514047153));
#1722=DIRECTION('',(-0.3535533905932781,-0.9238795325112853,-0.1464466094067246));
#1723=VECTOR('',#1722,0.0006122934917841446);
#1724=LINE('',#1721,#1723);
#1725=EDGE_CURVE('',#157,#155,#1724,.T.);
#1726=CARTESIAN_POINT('',(-0.03193452929133431,0.000565685424949238,-0.01322771514047153));
#1727=DIRECTION('',(0.5555702330196023,0,-0.8314696123025452));
#1728=VECTOR('',#1727,0.013486861400523078);
#1729=LINE('',#1726,#1728);
#1730=EDGE_CURVE('',#157,#173,#1729,.T.);
#1731=CARTESIAN_POINT('',(-0.024441630560342622,0.000565685424949238,-0.024441630560342615));
#1732=DIRECTION('',(0.6532814824381852,0.38268343236509034,0.6532814824381908));
#1733=VECTOR('',#1732,0.0006122934917841428);
#1734=LINE('',#1731,#1733);
#1735=EDGE_CURVE('',#173,#175,#1734,.T.);
#1736=CARTESIAN_POINT('',(-0.024041630560342624,0.0008,-0.024041630560342614));
#1737=DIRECTION('',(-0.5555702330196021,0,0.8314696123025455));
#1738=VECTOR('',#1737,0.01326614189709672);
#1739=LINE('',#1736,#1738);
#1740=EDGE_CURVE('',#175,#159,#1739,.T.);
#1741=CARTESIAN_POINT('',(-0.031411904105383755,0.0008,-0.01301123670041305));
#1742=DIRECTION('',(-0.8535533905932738,-0.38268343236508856,-0.35355339059327473));
#1743=VECTOR('',#1742,0.0006122934917841456);
#1744=LINE('',#1741,#1743);
#1745=EDGE_CURVE('',#159,#157,#1744,.T.);
#1746=CARTESIAN_POINT('',(-0.031411904105383755,0.0008,-0.01301123670041305));
#1747=DIRECTION('',(0.5555702330196021,0,-0.8314696123025455));
#1748=VECTOR('',#1747,0.01326614189709672);
#1749=LINE('',#1746,#1748);
#1750=EDGE_CURVE('',#159,#175,#1749,.T.);
#1751=CARTESIAN_POINT('',(-0.024041630560342624,0.0008,-0.024041630560342614));
#1752=DIRECTION('',(0.6532814824381908,-0.38268343236509034,0.6532814824381852));
#1753=VECTOR('',#1752,0.0006122934917841428);
#1754=LINE('',#1751,#1753);
#1755=EDGE_CURVE('',#175,#177,#1754,.T.);
#1756=CARTESIAN_POINT('',(-0.023641630560342623,0.000565685424949238,-0.023641630560342616));
#1757=DIRECTION('',(-0.5555702330196018,0,0.8314696123025455));
#1758=VECTOR('',#1757,0.013045422393670368);
#1759=LINE('',#1756,#1758);
#1760=EDGE_CURVE('',#177,#161,#1759,.T.);
#1761=CARTESIAN_POINT('',(-0.030889278919433202,0.000565685424949238,-0.012794758260354571));
#1762=DIRECTION('',(-0.8535533905932747,0.382683432365089,-0.3535533905932723));
#1763=VECTOR('',#1762,0.000612293491784145);
#1764=LINE('',#1761,#1763);
#1765=EDGE_CURVE('',#161,#159,#1764,.T.);
#1766=CARTESIAN_POINT('',(-0.030889278919433202,0.000565685424949238,-0.012794758260354571));
#1767=DIRECTION('',(0.5555702330196018,0,-0.8314696123025455));
#1768=VECTOR('',#1767,0.013045422393670368);
#1769=LINE('',#1766,#1768);
#1770=EDGE_CURVE('',#161,#177,#1769,.T.);
#1771=CARTESIAN_POINT('',(-0.023641630560342623,0.000565685424949238,-0.023641630560342616));
#1772=DIRECTION('',(0.270598050073103,-0.9238795325112841,0.270598050073103));
#1773=VECTOR('',#1772,0.0006122934917841453);
#1774=LINE('',#1771,#1773);
#1775=EDGE_CURVE('',#177,#179,#1774,.T.);
#1776=CARTESIAN_POINT('',(-0.023475945135393382,9.797174393178826e-20,-0.023475945135393375));
#1777=DIRECTION('',(-0.5555702330196022,0,0.8314696123025452));
#1778=VECTOR('',#1777,0.012953997381870917);
#1779=LINE('',#1776,#1778);
#1780=EDGE_CURVE('',#179,#163,#1779,.T.);
#1781=CARTESIAN_POINT('',(-0.030672800479374724,9.797174393178826e-20,-0.012705089954520977));
#1782=DIRECTION('',(-0.3535533905932731,0.9238795325112867,-0.1464466094067277));
#1783=VECTOR('',#1782,0.0006122934917841435);
#1784=LINE('',#1781,#1783);
#1785=EDGE_CURVE('',#163,#161,#1784,.T.);
#1786=CARTESIAN_POINT('',(-0.030672800479374724,9.797174393178826e-20,-0.012705089954520977));
#1787=DIRECTION('',(0.5555702330196022,0,-0.8314696123025452));
#1788=VECTOR('',#1787,0.012953997381870917);
#1789=LINE('',#1786,#1788);
#1790=EDGE_CURVE('',#163,#179,#1789,.T.);
#1791=CARTESIAN_POINT('',(-0.023475945135393382,9.797174393178826e-20,-0.023475945135393375));
#1792=DIRECTION('',(-0.2705980500731029,-0.9238795325112842,-0.2705980500731029));
#1793=VECTOR('',#1792,0.0006122934917841455);
#1794=LINE('',#1791,#1793);
#1795=EDGE_CURVE('',#179,#181,#1794,.T.);
#1796=CARTESIAN_POINT('',(-0.023641630560342623,-0.000565685424949238,-0.023641630560342616));
#1797=DIRECTION('',(-0.5555702330196018,0,0.8314696123025455));
#1798=VECTOR('',#1797,0.013045422393670368);
#1799=LINE('',#1796,#1798);
#1800=EDGE_CURVE('',#181,#165,#1799,.T.);
#1801=CARTESIAN_POINT('',(-0.030889278919433202,-0.000565685424949238,-0.012794758260354571));
#1802=DIRECTION('',(0.353553390593273,0.923879532511287,0.14644660940672768));
#1803=VECTOR('',#1802,0.0006122934917841437);
#1804=LINE('',#1801,#1803);
#1805=EDGE_CURVE('',#165,#163,#1804,.T.);
#1806=CARTESIAN_POINT('',(-0.030889278919433202,-0.000565685424949238,-0.012794758260354571));
#1807=DIRECTION('',(0.5555702330196018,0,-0.8314696123025455));
#1808=VECTOR('',#1807,0.013045422393670368);
#1809=LINE('',#1806,#1808);
#1810=EDGE_CURVE('',#165,#181,#1809,.T.);
#1811=CARTESIAN_POINT('',(-0.023641630560342623,-0.000565685424949238,-0.023641630560342616));
#1812=DIRECTION('',(-0.6532814824381908,-0.38268343236509034,-0.6532814824381852));
#1813=VECTOR('',#1812,0.0006122934917841428);
#1814=LINE('',#1811,#1813);
#1815=EDGE_CURVE('',#181,#183,#1814,.T.);
#1816=CARTESIAN_POINT('',(-0.024041630560342624,-0.0008,-0.024041630560342614));
#1817=DIRECTION('',(-0.5555702330196021,0,0.8314696123025455));
#1818=VECTOR('',#1817,0.01326614189709672);
#1819=LINE('',#1816,#1818);
#1820=EDGE_CURVE('',#183,#167,#1819,.T.);
#1821=CARTESIAN_POINT('',(-0.031411904105383755,-0.0008,-0.01301123670041305));
#1822=DIRECTION('',(0.8535533905932747,0.382683432365089,0.3535533905932723));
#1823=VECTOR('',#1822,0.000612293491784145);
#1824=LINE('',#1821,#1823);
#1825=EDGE_CURVE('',#167,#165,#1824,.T.);
#1826=CARTESIAN_POINT('',(-0.031411904105383755,-0.0008,-0.01301123670041305));
#1827=DIRECTION('',(0.5555702330196021,0,-0.8314696123025455));
#1828=VECTOR('',#1827,0.01326614189709672);
#1829=LINE('',#1826,#1828);
#1830=EDGE_CURVE('',#167,#183,#1829,.T.);
#1831=CARTESIAN_POINT('',(-0.024041630560342624,-0.0008,-0.024041630560342614));
#1832=DIRECTION('',(-0.6532814824381853,0.3826834323650902,-0.653281482438191));
#1833=VECTOR('',#1832,0.0006122934917841427);
#1834=LINE('',#1831,#1833);
#1835=EDGE_CURVE('',#183,#185,#1834,.T.);
#1836=CARTESIAN_POINT('',(-0.024441630560342622,-0.0005656854249492381,-0.024441630560342615));
#1837=DIRECTION('',(-0.5555702330196023,0,0.8314696123025452));
#1838=VECTOR('',#1837,0.013486861400523078);
#1839=LINE('',#1836,#1838);
#1840=EDGE_CURVE('',#185,#169,#1839,.T.);
#1841=CARTESIAN_POINT('',(-0.03193452929133431,-0.0005656854249492381,-0.01322771514047153));
#1842=DIRECTION('',(0.8535533905932738,-0.3826834323650884,0.35355339059327473));
#1843=VECTOR('',#1842,0.0006122934917841456);
#1844=LINE('',#1841,#1843);
#1845=EDGE_CURVE('',#169,#167,#1844,.T.);
#1846=CARTESIAN_POINT('',(-0.03193452929133431,-0.0005656854249492381,-0.01322771514047153));
#1847=DIRECTION('',(0.5555702330196023,0,-0.8314696123025452));
#1848=VECTOR('',#1847,0.013486861400523078);
#1849=LINE('',#1846,#1848);
#1850=EDGE_CURVE('',#169,#185,#1849,.T.);
#1851=CARTESIAN_POINT('',(-0.024441630560342622,-0.0005656854249492381,-0.024441630560342615));
#1852=DIRECTION('',(-0.2705980500731029,0.9238795325112842,-0.2705980500731029));
#1853=VECTOR('',#1852,0.0006122934917841455);
#1854=LINE('',#1851,#1853);
#1855=EDGE_CURVE('',#185,#171,#1854,.T.);
#1856=CARTESIAN_POINT('',(-0.024607315985291863,0,-0.024607315985291856));
#1857=DIRECTION('',(-0.5555702330196021,0,0.8314696123025453));
#1858=VECTOR('',#1857,0.013578286412322532);
#1859=LINE('',#1856,#1858);
#1860=EDGE_CURVE('',#171,#155,#1859,.T.);
#1861=CARTESIAN_POINT('',(-0.03215100773139279,0,-0.013317383446305122));
#1862=DIRECTION('',(0.35355339059327806,-0.9238795325112853,0.14644660940672458));
#1863=VECTOR('',#1862,0.0006122934917841447);
#1864=LINE('',#1861,#1863);
#1865=EDGE_CURVE('',#155,#169,#1864,.T.);
#1866=CARTESIAN_POINT('',(-0.024607315985291863,0,-0.024607315985291856));
#1867=DIRECTION('',(0.8314696123025452,0,-0.5555702330196023));
#1868=VECTOR('',#1867,0.013578286412322513);
#1869=LINE('',#1866,#1868);
#1870=EDGE_CURVE('',#171,#187,#1869,.T.);
#1871=CARTESIAN_POINT('',(-0.013317383446305146,0,-0.032151007731392775));
#1872=DIRECTION('',(0.14644660940672738,0.923879532511285,0.353553390593278));
#1873=VECTOR('',#1872,0.0006122934917841448);
#1874=LINE('',#1871,#1873);
#1875=EDGE_CURVE('',#187,#189,#1874,.T.);
#1876=CARTESIAN_POINT('',(-0.013227715140471552,0.000565685424949238,-0.03193452929133429));
#1877=DIRECTION('',(-0.8314696123025451,0,0.5555702330196024));
#1878=VECTOR('',#1877,0.01348686140052306);
#1879=LINE('',#1876,#1878);
#1880=EDGE_CURVE('',#189,#173,#1879,.T.);
#1881=CARTESIAN_POINT('',(-0.024441630560342622,0.000565685424949238,-0.024441630560342615));
#1882=DIRECTION('',(-0.27059805007310295,-0.9238795325112841,-0.27059805007310295));
#1883=VECTOR('',#1882,0.0006122934917841454);
#1884=LINE('',#1881,#1883);
#1885=EDGE_CURVE('',#173,#171,#1884,.T.);
#1886=CARTESIAN_POINT('',(-0.024441630560342622,0.000565685424949238,-0.024441630560342615));
#1887=DIRECTION('',(0.8314696123025451,0,-0.5555702330196024));
#1888=VECTOR('',#1887,0.01348686140052306);
#1889=LINE('',#1886,#1888);
#1890=EDGE_CURVE('',#173,#189,#1889,.T.);
#1891=CARTESIAN_POINT('',(-0.013227715140471552,0.000565685424949238,-0.03193452929133429));
#1892=DIRECTION('',(0.35355339059327473,0.38268343236508856,0.8535533905932738));
#1893=VECTOR('',#1892,0.0006122934917841456);
#1894=LINE('',#1891,#1893);
#1895=EDGE_CURVE('',#189,#191,#1894,.T.);
#1896=CARTESIAN_POINT('',(-0.013011236700413072,0.0008,-0.03141190410538374));
#1897=DIRECTION('',(-0.8314696123025451,0,0.5555702330196022));
#1898=VECTOR('',#1897,0.01326614189709671);
#1899=LINE('',#1896,#1898);
#1900=EDGE_CURVE('',#191,#175,#1899,.T.);
#1901=CARTESIAN_POINT('',(-0.024041630560342624,0.0008,-0.024041630560342614));
#1902=DIRECTION('',(-0.6532814824381852,-0.38268343236509034,-0.6532814824381908));
#1903=VECTOR('',#1902,0.0006122934917841428);
#1904=LINE('',#1901,#1903);
#1905=EDGE_CURVE('',#175,#173,#1904,.T.);
#1906=CARTESIAN_POINT('',(-0.024041630560342624,0.0008,-0.024041630560342614));
#1907=DIRECTION('',(0.8314696123025451,0,-0.5555702330196022));
#1908=VECTOR('',#1907,0.01326614189709671);
#1909=LINE('',#1906,#1908);
#1910=EDGE_CURVE('',#175,#191,#1909,.T.);
#1911=CARTESIAN_POINT('',(-0.013011236700413072,0.0008,-0.03141190410538374));
#1912=DIRECTION('',(0.35355339059327395,-0.38268343236509084,0.8535533905932732));
#1913=VECTOR('',#1912,0.000612293491784142);
#1914=LINE('',#1911,#1913);
#1915=EDGE_CURVE('',#191,#193,#1914,.T.);
#1916=CARTESIAN_POINT('',(-0.012794758260354594,0.000565685424949238,-0.030889278919433192));
#1917=DIRECTION('',(-0.8314696123025452,0,0.5555702330196023));
#1918=VECTOR('',#1917,0.013045422393670352);
#1919=LINE('',#1916,#1918);
#1920=EDGE_CURVE('',#193,#177,#1919,.T.);
#1921=CARTESIAN_POINT('',(-0.023641630560342623,0.000565685424949238,-0.023641630560342616));
#1922=DIRECTION('',(-0.6532814824381908,0.38268343236509034,-0.6532814824381852));
#1923=VECTOR('',#1922,0.0006122934917841428);
#1924=LINE('',#1921,#1923);
#1925=EDGE_CURVE('',#177,#175,#1924,.T.);
#1926=CARTESIAN_POINT('',(-0.023641630560342623,0.000565685424949238,-0.023641630560342616));
#1927=DIRECTION('',(0.8314696123025452,0,-0.5555702330196023));
#1928=VECTOR('',#1927,0.013045422393670352);
#1929=LINE('',#1926,#1928);
#1930=EDGE_CURVE('',#177,#193,#1929,.T.);
#1931=CARTESIAN_POINT('',(-0.012794758260354594,0.000565685424949238,-0.030889278919433192));
#1932=DIRECTION('',(0.1464466094067277,-0.9238795325112867,0.3535533905932731));
#1933=VECTOR('',#1932,0.0006122934917841435);
#1934=LINE('',#1931,#1933);
#1935=EDGE_CURVE('',#193,#195,#1934,.T.);
#1936=CARTESIAN_POINT('',(-0.012705089954521,9.797174393178826e-20,-0.030672800479374714));
#1937=DIRECTION('',(-0.8314696123025451,0,0.5555702330196026));
#1938=VECTOR('',#1937,0.012953997381870901);
#1939=LINE('',#1936,#1938);
#1940=EDGE_CURVE('',#195,#179,#1939,.T.);
#1941=CARTESIAN_POINT('',(-0.023475945135393382,9.797174393178826e-20,-0.023475945135393375));
#1942=DIRECTION('',(-0.270598050073103,0.9238795325112841,-0.270598050073103));
#1943=VECTOR('',#1942,0.0006122934917841453);
#1944=LINE('',#1941,#1943);
#1945=EDGE_CURVE('',#179,#177,#1944,.T.);
#1946=CARTESIAN_POINT('',(-0.023475945135393382,9.797174393178826e-20,-0.023475945135393375));
#1947=DIRECTION('',(0.8314696123025451,0,-0.5555702330196026));
#1948=VECTOR('',#1947,0.012953997381870901);
#1949=LINE('',#1946,#1948);
#1950=EDGE_CURVE('',#179,#195,#1949,.T.);
#1951=CARTESIAN_POINT('',(-0.012705089954521,9.797174393178826e-20,-0.030672800479374714));
#1952=DIRECTION('',(-0.14644660940672768,-0.923879532511287,-0.353553390593273));
#1953=VECTOR('',#1952,0.0006122934917841437);
#1954=LINE('',#1951,#1953);
#1955=EDGE_CURVE('',#195,#197,#1954,.T.);
#1956=CARTESIAN_POINT('',(-0.012794758260354594,-0.000565685424949238,-0.030889278919433192));
#1957=DIRECTION('',(-0.8314696123025452,0,0.5555702330196023));
#1958=VECTOR('',#1957,0.013045422393670352);
#1959=LINE('',#1956,#1958);
#1960=EDGE_CURVE('',#197,#181,#1959,.T.);
#1961=CARTESIAN_POINT('',(-0.023641630560342623,-0.000565685424949238,-0.023641630560342616));
#1962=DIRECTION('',(0.2705980500731029,0.9238795325112842,0.2705980500731029));
#1963=VECTOR('',#1962,0.0006122934917841455);
#1964=LINE('',#1961,#1963);
#1965=EDGE_CURVE('',#181,#179,#1964,.T.);
#1966=CARTESIAN_POINT('',(-0.023641630560342623,-0.000565685424949238,-0.023641630560342616));
#1967=DIRECTION('',(0.8314696123025452,0,-0.5555702330196023));
#1968=VECTOR('',#1967,0.013045422393670352);
#1969=LINE('',#1966,#1968);
#1970=EDGE_CURVE('',#181,#197,#1969,.T.);
#1971=CARTESIAN_POINT('',(-0.012794758260354594,-0.000565685424949238,-0.030889278919433192));
#1972=DIRECTION('',(-0.35355339059327395,-0.38268343236509084,-0.8535533905932732));
#1973=VECTOR('',#1972,0.000612293491784142);
#1974=LINE('',#1971,#1973);
#1975=EDGE_CURVE('',#197,#199,#1974,.T.);
#1976=CARTESIAN_POINT('',(-0.013011236700413072,-0.0008,-0.03141190410538374));
#1977=DIRECTION('',(-0.8314696123025451,0,0.5555702330196022));
#1978=VECTOR('',#1977,0.01326614189709671);
#1979=LINE('',#1976,#1978);
#1980=EDGE_CURVE('',#199,#183,#1979,.T.);
#1981=CARTESIAN_POINT('',(-0.024041630560342624,-0.0008,-0.024041630560342614));
#1982=DIRECTION('',(0.6532814824381908,0.38268343236509034,0.6532814824381852));
#1983=VECTOR('',#1982,0.0006122934917841428);
#1984=LINE('',#1981,#1983);
#1985=EDGE_CURVE('',#183,#181,#1984,.T.);
#1986=CARTESIAN_POINT('',(-0.024041630560342624,-0.0008,-0.024041630560342614));
#1987=DIRECTION('',(0.8314696123025451,0,-0.5555702330196022));
#1988=VECTOR('',#1987,0.01326614189709671);
#1989=LINE('',#1986,#1988);
#1990=EDGE_CURVE('',#183,#199,#1989,.T.);
#1991=CARTESIAN_POINT('',(-0.013011236700413072,-0.0008,-0.03141190410538374));
#1992=DIRECTION('',(-0.3535533905932748,0.38268343236508845,-0.853553390593274));
#1993=VECTOR('',#1992,0.0006122934917841455);
#1994=LINE('',#1991,#1993);
#1995=EDGE_CURVE('',#199,#201,#1994,.T.);
#1996=CARTESIAN_POINT('',(-0.013227715140471552,-0.0005656854249492381,-0.03193452929133429));
#1997=DIRECTION('',(-0.8314696123025451,0,0.5555702330196024));
#1998=VECTOR('',#1997,0.01348686140052306);
#1999=LINE('',#1996,#1998);
#2000=EDGE_CURVE('',#201,#185,#1999,.T.);
#2001=CARTESIAN_POINT('',(-0.024441630560342622,-0.0005656854249492381,-0.024441630560342615));
#2002=DIRECTION('',(0.6532814824381853,-0.3826834323650902,0.653281482438191));
#2003=VECTOR('',#2002,0.0006122934917841427);
#2004=LINE('',#2001,#2003);
#2005=EDGE_CURVE('',#185,#183,#2004,.T.);
#2006=CARTESIAN_POINT('',(-0.024441630560342622,-0.0005656854249492381,-0.024441630560342615));
#2007=DIRECTION('',(0.8314696123025451,0,-0.5555702330196024));
#2008=VECTOR('',#2007,0.01348686140052306);
#2009=LINE('',#2006,#2008);
#2010=EDGE_CURVE('',#185,#201,#2009,.T.);
#2011=CARTESIAN_POINT('',(-0.013227715140471552,-0.0005656854249492381,-0.03193452929133429));
#2012=DIRECTION('',(-0.14644660940672735,0.923879532511285,-0.35355339059327795));
#2013=VECTOR('',#2012,0.000612293491784145);
#2014=LINE('',#2011,#2013);
#2015=EDGE_CURVE('',#201,#187,#2014,.T.);
#2016=CARTESIAN_POINT('',(-0.013317383446305146,0,-0.032151007731392775));
#2017=DIRECTION('',(-0.8314696123025452,0,0.5555702330196023));
#2018=VECTOR('',#2017,0.013578286412322513);
#2019=LINE('',#2016,#2018);
#2020=EDGE_CURVE('',#187,#171,#2019,.T.);
#2021=CARTESIAN_POINT('',(-0.024607315985291863,0,-0.024607315985291856));
#2022=DIRECTION('',(0.2705980500731029,-0.9238795325112842,0.2705980500731029));
#2023=VECTOR('',#2022,0.0006122934917841455);
#2024=LINE('',#2021,#2023);
#2025=EDGE_CURVE('',#171,#185,#2024,.T.);
#2026=CARTESIAN_POINT('',(-0.013317383446305146,0,-0.032151007731392775));
#2027=DIRECTION('',(0.9807852804032303,0,-0.19509032201612866));
#2028=VECTOR('',#2027,0.013578286412322544);
#2029=LINE('',#2026,#2028);
#2030=EDGE_CURVE('',#187,#203,#2029,.T.);
#2031=CARTESIAN_POINT('',(-6.3926562915491845e-18,0,-0.034800000000000005));
#2032=DIRECTION('',(7.02978060798954e-17,0.923879532511286,0.3826834323650916));
#2033=VECTOR('',#2032,0.0006122934917841442);
#2034=LINE('',#2031,#2033);
#2035=EDGE_CURVE('',#203,#205,#2034,.T.);
#2036=CARTESIAN_POINT('',(-6.349613402399761e-18,0.000565685424949238,-0.03456568542494924));
#2037=DIRECTION('',(-0.9807852804032304,0,0.19509032201612883));
#2038=VECTOR('',#2037,0.013486861400523091);
#2039=LINE('',#2036,#2038);
#2040=EDGE_CURVE('',#205,#189,#2039,.T.);
#2041=CARTESIAN_POINT('',(-0.013227715140471552,0.000565685424949238,-0.03193452929133429));
#2042=DIRECTION('',(-0.14644660940672738,-0.923879532511285,-0.353553390593278));
#2043=VECTOR('',#2042,0.0006122934917841448);
#2044=LINE('',#2041,#2043);
#2045=EDGE_CURVE('',#189,#187,#2044,.T.);
#2046=CARTESIAN_POINT('',(-0.013227715140471552,0.000565685424949238,-0.03193452929133429));
#2047=DIRECTION('',(0.9807852804032304,0,-0.19509032201612883));
#2048=VECTOR('',#2047,0.013486861400523091);
#2049=LINE('',#2046,#2048);
#2050=EDGE_CURVE('',#189,#205,#2049,.T.);
#2051=CARTESIAN_POINT('',(-6.349613402399761e-18,0.000565685424949238,-0.03456568542494924));
#2052=DIRECTION('',(1.6971391684315508e-16,0.38268343236508934,0.9238795325112868));
#2053=VECTOR('',#2052,0.0006122934917841444);
#2054=LINE('',#2051,#2053);
#2055=EDGE_CURVE('',#205,#207,#2054,.T.);
#2056=CARTESIAN_POINT('',(-6.2456986756515014e-18,0.0008,-0.034));
#2057=DIRECTION('',(-0.9807852804032303,0,0.1950903220161289));
#2058=VECTOR('',#2057,0.013266141897096738);
#2059=LINE('',#2056,#2058);
#2060=EDGE_CURVE('',#207,#191,#2059,.T.);
#2061=CARTESIAN_POINT('',(-0.013011236700413072,0.0008,-0.03141190410538374));
#2062=DIRECTION('',(-0.35355339059327473,-0.38268343236508856,-0.8535533905932738));
#2063=VECTOR('',#2062,0.0006122934917841456);
#2064=LINE('',#2061,#2063);
#2065=EDGE_CURVE('',#191,#189,#2064,.T.);
#2066=CARTESIAN_POINT('',(-0.013011236700413072,0.0008,-0.03141190410538374));
#2067=DIRECTION('',(0.9807852804032303,0,-0.1950903220161289));
#2068=VECTOR('',#2067,0.013266141897096738);
#2069=LINE('',#2066,#2068);
#2070=EDGE_CURVE('',#191,#207,#2069,.T.);
#2071=CARTESIAN_POINT('',(-6.2456986756515014e-18,0.0008,-0.034));
#2072=DIRECTION('',(1.6971391684315508e-16,-0.38268343236508934,0.9238795325112868));
#2073=VECTOR('',#2072,0.0006122934917841444);
#2074=LINE('',#2071,#2073);
#2075=EDGE_CURVE('',#207,#209,#2074,.T.);
#2076=CARTESIAN_POINT('',(-6.141783948903242e-18,0.000565685424949238,-0.033434314575050764));
#2077=DIRECTION('',(-0.9807852804032304,0,0.19509032201612872));
#2078=VECTOR('',#2077,0.013045422393670382);
#2079=LINE('',#2076,#2078);
#2080=EDGE_CURVE('',#209,#193,#2079,.T.);
#2081=CARTESIAN_POINT('',(-0.012794758260354594,0.000565685424949238,-0.030889278919433192));
#2082=DIRECTION('',(-0.35355339059327395,0.38268343236509084,-0.8535533905932732));
#2083=VECTOR('',#2082,0.000612293491784142);
#2084=LINE('',#2081,#2083);
#2085=EDGE_CURVE('',#193,#191,#2084,.T.);
#2086=CARTESIAN_POINT('',(-0.012794758260354594,0.000565685424949238,-0.030889278919433192));
#2087=DIRECTION('',(0.9807852804032304,0,-0.19509032201612872));
#2088=VECTOR('',#2087,0.013045422393670382);
#2089=LINE('',#2086,#2088);
#2090=EDGE_CURVE('',#193,#209,#2089,.T.);
#2091=CARTESIAN_POINT('',(-6.141783948903242e-18,0.000565685424949238,-0.033434314575050764));
#2092=DIRECTION('',(7.029780607989541e-17,-0.923879532511286,0.38268343236509167));
#2093=VECTOR('',#2092,0.0006122934917841441);
#2094=LINE('',#2091,#2093);
#2095=EDGE_CURVE('',#209,#211,#2094,.T.);
#2096=CARTESIAN_POINT('',(-6.098741059753818e-18,9.797174393178826e-20,-0.0332));
#2097=DIRECTION('',(-0.9807852804032303,0,0.1950903220161286));
#2098=VECTOR('',#2097,0.01295399738187093);
#2099=LINE('',#2096,#2098);
#2100=EDGE_CURVE('',#211,#195,#2099,.T.);
#2101=CARTESIAN_POINT('',(-0.012705089954521,9.797174393178826e-20,-0.030672800479374714));
#2102=DIRECTION('',(-0.1464466094067277,0.9238795325112867,-0.3535533905932731));
#2103=VECTOR('',#2102,0.0006122934917841435);
#2104=LINE('',#2101,#2103);
#2105=EDGE_CURVE('',#195,#193,#2104,.T.);
#2106=CARTESIAN_POINT('',(-0.012705089954521,9.797174393178826e-20,-0.030672800479374714));
#2107=DIRECTION('',(0.9807852804032303,0,-0.1950903220161286));
#2108=VECTOR('',#2107,0.01295399738187093);
#2109=LINE('',#2106,#2108);
#2110=EDGE_CURVE('',#195,#211,#2109,.T.);
#2111=CARTESIAN_POINT('',(-6.098741059753818e-18,9.797174393178826e-20,-0.0332));
#2112=DIRECTION('',(-7.02978060798954e-17,-0.9238795325112861,-0.3826834323650916));
#2113=VECTOR('',#2112,0.0006122934917841442);
#2114=LINE('',#2111,#2113);
#2115=EDGE_CURVE('',#211,#213,#2114,.T.);
#2116=CARTESIAN_POINT('',(-6.141783948903242e-18,-0.000565685424949238,-0.033434314575050764));
#2117=DIRECTION('',(-0.9807852804032304,0,0.19509032201612872));
#2118=VECTOR('',#2117,0.013045422393670382);
#2119=LINE('',#2116,#2118);
#2120=EDGE_CURVE('',#213,#197,#2119,.T.);
#2121=CARTESIAN_POINT('',(-0.012794758260354594,-0.000565685424949238,-0.030889278919433192));
#2122=DIRECTION('',(0.14644660940672768,0.923879532511287,0.353553390593273));
#2123=VECTOR('',#2122,0.0006122934917841437);
#2124=LINE('',#2121,#2123);
#2125=EDGE_CURVE('',#197,#195,#2124,.T.);
#2126=CARTESIAN_POINT('',(-0.012794758260354594,-0.000565685424949238,-0.030889278919433192));
#2127=DIRECTION('',(0.9807852804032304,0,-0.19509032201612872));
#2128=VECTOR('',#2127,0.013045422393670382);
#2129=LINE('',#2126,#2128);
#2130=EDGE_CURVE('',#197,#213,#2129,.T.);
#2131=CARTESIAN_POINT('',(-6.141783948903242e-18,-0.000565685424949238,-0.033434314575050764));
#2132=DIRECTION('',(-1.6971391684315508e-16,-0.38268343236508934,-0.9238795325112868));
#2133=VECTOR('',#2132,0.0006122934917841444);
#2134=LINE('',#2131,#2133);
#2135=EDGE_CURVE('',#213,#215,#2134,.T.);
#2136=CARTESIAN_POINT('',(-6.2456986756515014e-18,-0.0008,-0.034));
#2137=DIRECTION('',(-0.9807852804032303,0,0.1950903220161289));
#2138=VECTOR('',#2137,0.013266141897096738);
#2139=LINE('',#2136,#2138);
#2140=EDGE_CURVE('',#215,#199,#2139,.T.);
#2141=CARTESIAN_POINT('',(-0.013011236700413072,-0.0008,-0.03141190410538374));
#2142=DIRECTION('',(0.35355339059327395,0.38268343236509084,0.8535533905932732));
#2143=VECTOR('',#2142,0.000612293491784142);
#2144=LINE('',#2141,#2143);
#2145=EDGE_CURVE('',#199,#197,#2144,.T.);
#2146=CARTESIAN_POINT('',(-0.013011236700413072,-0.0008,-0.03141190410538374));
#2147=DIRECTION('',(0.9807852804032303,0,-0.1950903220161289));
#2148=VECTOR('',#2147,0.013266141897096738);
#2149=LINE('',#2146,#2148);
#2150=EDGE_CURVE('',#199,#215,#2149,.T.);
#2151=CARTESIAN_POINT('',(-6.2456986756515014e-18,-0.0008,-0.034));
#2152=DIRECTION('',(-1.697139168431551e-16,0.3826834323650892,-0.923879532511287));
#2153=VECTOR('',#2152,0.0006122934917841443);
#2154=LINE('',#2151,#2153);
#2155=EDGE_CURVE('',#215,#217,#2154,.T.);
#2156=CARTESIAN_POINT('',(-6.349613402399761e-18,-0.0005656854249492381,-0.03456568542494924));
#2157=DIRECTION('',(-0.9807852804032304,0,0.19509032201612883));
#2158=VECTOR('',#2157,0.013486861400523091);
#2159=LINE('',#2156,#2158);
#2160=EDGE_CURVE('',#217,#201,#2159,.T.);
#2161=CARTESIAN_POINT('',(-0.013227715140471552,-0.0005656854249492381,-0.03193452929133429));
#2162=DIRECTION('',(0.3535533905932748,-0.38268343236508845,0.853553390593274));
#2163=VECTOR('',#2162,0.0006122934917841455);
#2164=LINE('',#2161,#2163);
#2165=EDGE_CURVE('',#201,#199,#2164,.T.);
#2166=CARTESIAN_POINT('',(-0.013227715140471552,-0.0005656854249492381,-0.03193452929133429));
#2167=DIRECTION('',(0.9807852804032304,0,-0.19509032201612883));
#2168=VECTOR('',#2167,0.013486861400523091);
#2169=LINE('',#2166,#2168);
#2170=EDGE_CURVE('',#201,#217,#2169,.T.);
#2171=CARTESIAN_POINT('',(-6.349613402399761e-18,-0.0005656854249492381,-0.03456568542494924));
#2172=DIRECTION('',(-7.02978060798954e-17,0.9238795325112861,-0.3826834323650916));
#2173=VECTOR('',#2172,0.0006122934917841442);
#2174=LINE('',#2171,#2173);
#2175=EDGE_CURVE('',#217,#203,#2174,.T.);
#2176=CARTESIAN_POINT('',(-6.3926562915491845e-18,0,-0.034800000000000005));
#2177=DIRECTION('',(-0.9807852804032303,0,0.19509032201612866));
#2178=VECTOR('',#2177,0.013578286412322544);
#2179=LINE('',#2176,#2178);
#2180=EDGE_CURVE('',#203,#187,#2179,.T.);
#2181=CARTESIAN_POINT('',(-0.013317383446305146,0,-0.032151007731392775));
#2182=DIRECTION('',(0.14644660940672735,-0.923879532511285,0.35355339059327795));
#2183=VECTOR('',#2182,0.000612293491784145);
#2184=LINE('',#2181,#2183);
#2185=EDGE_CURVE('',#187,#201,#2184,.T.);
#2186=CARTESIAN_POINT('',(-6.3926562915491845e-18,0,-0.034800000000000005));
#2187=DIRECTION('',(0.9807852804032304,0,0.19509032201612814));
#2188=VECTOR('',#2187,0.013578286412322544);
#2189=LINE('',#2186,#2188);
#2190=EDGE_CURVE('',#203,#219,#2189,.T.);
#2191=CARTESIAN_POINT('',(0.013317383446305134,0,-0.03215100773139278));
#2192=DIRECTION('',(-0.14644660940672738,0.923879532511285,0.353553390593278));
#2193=VECTOR('',#2192,0.0006122934917841448);
#2194=LINE('',#2191,#2193);
#2195=EDGE_CURVE('',#219,#221,#2194,.T.);
#2196=CARTESIAN_POINT('',(0.01322771514047154,0.000565685424949238,-0.0319345292913343));
#2197=DIRECTION('',(-0.9807852804032304,0,-0.19509032201612828));
#2198=VECTOR('',#2197,0.013486861400523093);
#2199=LINE('',#2196,#2198);
#2200=EDGE_CURVE('',#221,#205,#2199,.T.);
#2201=CARTESIAN_POINT('',(-6.349613402399761e-18,0.000565685424949238,-0.03456568542494924));
#2202=DIRECTION('',(-7.02978060798954e-17,-0.923879532511286,-0.3826834323650916));
#2203=VECTOR('',#2202,0.0006122934917841442);
#2204=LINE('',#2201,#2203);
#2205=EDGE_CURVE('',#205,#203,#2204,.T.);
#2206=CARTESIAN_POINT('',(-6.349613402399761e-18,0.000565685424949238,-0.03456568542494924));
#2207=DIRECTION('',(0.9807852804032304,0,0.19509032201612828));
#2208=VECTOR('',#2207,0.013486861400523093);
#2209=LINE('',#2206,#2208);
#2210=EDGE_CURVE('',#205,#221,#2209,.T.);
#2211=CARTESIAN_POINT('',(0.01322771514047154,0.000565685424949238,-0.0319345292913343));
#2212=DIRECTION('',(-0.3535533905932723,0.382683432365089,0.8535533905932747));
#2213=VECTOR('',#2212,0.000612293491784145);
#2214=LINE('',#2211,#2213);
#2215=EDGE_CURVE('',#221,#223,#2214,.T.);
#2216=CARTESIAN_POINT('',(0.013011236700413062,0.0008,-0.03141190410538375));
#2217=DIRECTION('',(-0.9807852804032304,0,-0.19509032201612836));
#2218=VECTOR('',#2217,0.01326614189709674);
#2219=LINE('',#2216,#2218);
#2220=EDGE_CURVE('',#223,#207,#2219,.T.);
#2221=CARTESIAN_POINT('',(-6.2456986756515014e-18,0.0008,-0.034));
#2222=DIRECTION('',(-1.6971391684315508e-16,-0.38268343236508934,-0.9238795325112868));
#2223=VECTOR('',#2222,0.0006122934917841444);
#2224=LINE('',#2221,#2223);
#2225=EDGE_CURVE('',#207,#205,#2224,.T.);
#2226=CARTESIAN_POINT('',(-6.2456986756515014e-18,0.0008,-0.034));
#2227=DIRECTION('',(0.9807852804032304,0,0.19509032201612836));
#2228=VECTOR('',#2227,0.01326614189709674);
#2229=LINE('',#2226,#2228);
#2230=EDGE_CURVE('',#207,#223,#2229,.T.);
#2231=CARTESIAN_POINT('',(0.013011236700413062,0.0008,-0.03141190410538375));
#2232=DIRECTION('',(-0.35355339059327473,-0.38268343236508856,0.8535533905932738));
#2233=VECTOR('',#2232,0.0006122934917841456);
#2234=LINE('',#2231,#2233);
#2235=EDGE_CURVE('',#223,#225,#2234,.T.);
#2236=CARTESIAN_POINT('',(0.012794758260354581,0.000565685424949238,-0.030889278919433195));
#2237=DIRECTION('',(-0.9807852804032304,0,-0.19509032201612844));
#2238=VECTOR('',#2237,0.013045422393670384);
#2239=LINE('',#2236,#2238);
#2240=EDGE_CURVE('',#225,#209,#2239,.T.);
#2241=CARTESIAN_POINT('',(-6.141783948903242e-18,0.000565685424949238,-0.033434314575050764));
#2242=DIRECTION('',(-1.6971391684315508e-16,0.38268343236508934,-0.9238795325112868));
#2243=VECTOR('',#2242,0.0006122934917841444);
#2244=LINE('',#2241,#2243);
#2245=EDGE_CURVE('',#209,#207,#2244,.T.);
#2246=CARTESIAN_POINT('',(-6.141783948903242e-18,0.000565685424949238,-0.033434314575050764));
#2247=DIRECTION('',(0.9807852804032304,0,0.19509032201612844));
#2248=VECTOR('',#2247,0.013045422393670384);
#2249=LINE('',#2246,#2248);
#2250=EDGE_CURVE('',#209,#225,#2249,.T.);
#2251=CARTESIAN_POINT('',(0.012794758260354581,0.000565685424949238,-0.030889278919433195));
#2252=DIRECTION('',(-0.1464466094067277,-0.9238795325112867,0.3535533905932731));
#2253=VECTOR('',#2252,0.0006122934917841435);
#2254=LINE('',#2251,#2253);
#2255=EDGE_CURVE('',#225,#227,#2254,.T.);
#2256=CARTESIAN_POINT('',(0.012705089954520988,9.797174393178826e-20,-0.030672800479374717));
#2257=DIRECTION('',(-0.9807852804032303,0,-0.1950903220161283));
#2258=VECTOR('',#2257,0.012953997381870933);
#2259=LINE('',#2256,#2258);
#2260=EDGE_CURVE('',#227,#211,#2259,.T.);
#2261=CARTESIAN_POINT('',(-6.098741059753818e-18,9.797174393178826e-20,-0.0332));
#2262=DIRECTION('',(-7.029780607989541e-17,0.923879532511286,-0.38268343236509167));
#2263=VECTOR('',#2262,0.0006122934917841441);
#2264=LINE('',#2261,#2263);
#2265=EDGE_CURVE('',#211,#209,#2264,.T.);
#2266=CARTESIAN_POINT('',(-6.098741059753818e-18,9.797174393178826e-20,-0.0332));
#2267=DIRECTION('',(0.9807852804032303,0,0.1950903220161283));
#2268=VECTOR('',#2267,0.012953997381870933);
#2269=LINE('',#2266,#2268);
#2270=EDGE_CURVE('',#211,#227,#2269,.T.);
#2271=CARTESIAN_POINT('',(0.012705089954520988,9.797174393178826e-20,-0.030672800479374717));
#2272=DIRECTION('',(0.14644660940672768,-0.923879532511287,-0.353553390593273));
#2273=VECTOR('',#2272,0.0006122934917841437);
#2274=LINE('',#2271,#2273);
#2275=EDGE_CURVE('',#227,#229,#2274,.T.);
#2276=CARTESIAN_POINT('',(0.012794758260354581,-0.000565685424949238,-0.030889278919433195));
#2277=DIRECTION('',(-0.9807852804032304,0,-0.19509032201612844));
#2278=VECTOR('',#2277,0.013045422393670384);
#2279=LINE('',#2276,#2278);
#2280=EDGE_CURVE('',#229,#213,#2279,.T.);
#2281=CARTESIAN_POINT('',(-6.141783948903242e-18,-0.000565685424949238,-0.033434314575050764));
#2282=DIRECTION('',(7.02978060798954e-17,0.9238795325112861,0.3826834323650916));
#2283=VECTOR('',#2282,0.0006122934917841442);
#2284=LINE('',#2281,#2283);
#2285=EDGE_CURVE('',#213,#211,#2284,.T.);
#2286=CARTESIAN_POINT('',(-6.141783948903242e-18,-0.000565685424949238,-0.033434314575050764));
#2287=DIRECTION('',(0.9807852804032304,0,0.19509032201612844));
#2288=VECTOR('',#2287,0.013045422393670384);
#2289=LINE('',#2286,#2288);
#2290=EDGE_CURVE('',#213,#229,#2289,.T.);
#2291=CARTESIAN_POINT('',(0.012794758260354581,-0.000565685424949238,-0.030889278919433195));
#2292=DIRECTION('',(0.35355339059327473,-0.38268343236508856,-0.8535533905932738));
#2293=VECTOR('',#2292,0.0006122934917841456);
#2294=LINE('',#2291,#2293);
#2295=EDGE_CURVE('',#229,#231,#2294,.T.);
#2296=CARTESIAN_POINT('',(0.013011236700413062,-0.0008,-0.03141190410538375));
#2297=DIRECTION('',(-0.9807852804032304,0,-0.19509032201612836));
#2298=VECTOR('',#2297,0.01326614189709674);
#2299=LINE('',#2296,#2298);
#2300=EDGE_CURVE('',#231,#215,#2299,.T.);
#2301=CARTESIAN_POINT('',(-6.2456986756515014e-18,-0.0008,-0.034));
#2302=DIRECTION('',(1.6971391684315508e-16,0.38268343236508934,0.9238795325112868));
#2303=VECTOR('',#2302,0.0006122934917841444);
#2304=LINE('',#2301,#2303);
#2305=EDGE_CURVE('',#215,#213,#2304,.T.);
#2306=CARTESIAN_POINT('',(-6.2456986756515014e-18,-0.0008,-0.034));
#2307=DIRECTION('',(0.9807852804032304,0,0.19509032201612836));
#2308=VECTOR('',#2307,0.01326614189709674);
#2309=LINE('',#2306,#2308);
#2310=EDGE_CURVE('',#215,#231,#2309,.T.);
#2311=CARTESIAN_POINT('',(0.013011236700413062,-0.0008,-0.03141190410538375));
#2312=DIRECTION('',(0.3535533905932723,0.38268343236508884,-0.8535533905932747));
#2313=VECTOR('',#2312,0.000612293491784145);
#2314=LINE('',#2311,#2313);
#2315=EDGE_CURVE('',#231,#233,#2314,.T.);
#2316=CARTESIAN_POINT('',(0.01322771514047154,-0.0005656854249492381,-0.0319345292913343));
#2317=DIRECTION('',(-0.9807852804032304,0,-0.19509032201612828));
#2318=VECTOR('',#2317,0.013486861400523093);
#2319=LINE('',#2316,#2318);
#2320=EDGE_CURVE('',#233,#217,#2319,.T.);
#2321=CARTESIAN_POINT('',(-6.349613402399761e-18,-0.0005656854249492381,-0.03456568542494924));
#2322=DIRECTION('',(1.697139168431551e-16,-0.3826834323650892,0.923879532511287));
#2323=VECTOR('',#2322,0.0006122934917841443);
#2324=LINE('',#2321,#2323);
#2325=EDGE_CURVE('',#217,#215,#2324,.T.);
#2326=CARTESIAN_POINT('',(-6.349613402399761e-18,-0.0005656854249492381,-0.03456568542494924));
#2327=DIRECTION('',(0.9807852804032304,0,0.19509032201612828));
#2328=VECTOR('',#2327,0.013486861400523093);
#2329=LINE('',#2326,#2328);
#2330=EDGE_CURVE('',#217,#233,#2329,.T.);
#2331=CARTESIAN_POINT('',(0.01322771514047154,-0.0005656854249492381,-0.0319345292913343));
#2332=DIRECTION('',(0.14644660940672735,0.923879532511285,-0.35355339059327795));
#2333=VECTOR('',#2332,0.000612293491784145);
#2334=LINE('',#2331,#2333);
#2335=EDGE_CURVE('',#233,#219,#2334,.T.);
#2336=CARTESIAN_POINT('',(0.013317383446305134,0,-0.03215100773139278));
#2337=DIRECTION('',(-0.9807852804032304,0,-0.19509032201612814));
#2338=VECTOR('',#2337,0.013578286412322544);
#2339=LINE('',#2336,#2338);
#2340=EDGE_CURVE('',#219,#203,#2339,.T.);
#2341=CARTESIAN_POINT('',(-6.3926562915491845e-18,0,-0.034800000000000005));
#2342=DIRECTION('',(7.02978060798954e-17,-0.9238795325112861,0.3826834323650916));
#2343=VECTOR('',#2342,0.0006122934917841442);
#2344=LINE('',#2341,#2343);
#2345=EDGE_CURVE('',#203,#217,#2344,.T.);
#2346=CARTESIAN_POINT('',(0.013317383446305134,0,-0.03215100773139278));
#2347=DIRECTION('',(0.8314696123025452,0,0.5555702330196023));
#2348=VECTOR('',#2347,0.013578286412322515);
#2349=LINE('',#2346,#2348);
#2350=EDGE_CURVE('',#219,#235,#2349,.T.);
#2351=CARTESIAN_POINT('',(0.024607315985291853,0,-0.024607315985291863));
#2352=DIRECTION('',(-0.27059805007310295,0.9238795325112841,0.27059805007310295));
#2353=VECTOR('',#2352,0.0006122934917841454);
#2354=LINE('',#2351,#2353);
#2355=EDGE_CURVE('',#235,#237,#2354,.T.);
#2356=CARTESIAN_POINT('',(0.02444163056034261,0.000565685424949238,-0.024441630560342622));
#2357=DIRECTION('',(-0.8314696123025451,0,-0.5555702330196024));
#2358=VECTOR('',#2357,0.013486861400523062);
#2359=LINE('',#2356,#2358);
#2360=EDGE_CURVE('',#237,#221,#2359,.T.);
#2361=CARTESIAN_POINT('',(0.01322771514047154,0.000565685424949238,-0.0319345292913343));
#2362=DIRECTION('',(0.14644660940672738,-0.923879532511285,-0.353553390593278));
#2363=VECTOR('',#2362,0.0006122934917841448);
#2364=LINE('',#2361,#2363);
#2365=EDGE_CURVE('',#221,#219,#2364,.T.);
#2366=CARTESIAN_POINT('',(0.01322771514047154,0.000565685424949238,-0.0319345292913343));
#2367=DIRECTION('',(0.8314696123025451,0,0.5555702330196024));
#2368=VECTOR('',#2367,0.013486861400523062);
#2369=LINE('',#2366,#2368);
#2370=EDGE_CURVE('',#221,#237,#2369,.T.);
#2371=CARTESIAN_POINT('',(0.02444163056034261,0.000565685424949238,-0.024441630560342622));
#2372=DIRECTION('',(-0.6532814824381908,0.38268343236509034,0.6532814824381852));
#2373=VECTOR('',#2372,0.0006122934917841428);
#2374=LINE('',#2371,#2373);
#2375=EDGE_CURVE('',#237,#239,#2374,.T.);
#2376=CARTESIAN_POINT('',(0.02404163056034261,0.0008,-0.024041630560342624));
#2377=DIRECTION('',(-0.8314696123025452,0,-0.5555702330196022));
#2378=VECTOR('',#2377,0.013266141897096705);
#2379=LINE('',#2376,#2378);
#2380=EDGE_CURVE('',#239,#223,#2379,.T.);
#2381=CARTESIAN_POINT('',(0.013011236700413062,0.0008,-0.03141190410538375));
#2382=DIRECTION('',(0.3535533905932723,-0.382683432365089,-0.8535533905932747));
#2383=VECTOR('',#2382,0.000612293491784145);
#2384=LINE('',#2381,#2383);
#2385=EDGE_CURVE('',#223,#221,#2384,.T.);
#2386=CARTESIAN_POINT('',(0.013011236700413062,0.0008,-0.03141190410538375));
#2387=DIRECTION('',(0.8314696123025452,0,0.5555702330196022));
#2388=VECTOR('',#2387,0.013266141897096705);
#2389=LINE('',#2386,#2388);
#2390=EDGE_CURVE('',#223,#239,#2389,.T.);
#2391=CARTESIAN_POINT('',(0.02404163056034261,0.0008,-0.024041630560342624));
#2392=DIRECTION('',(-0.6532814824381852,-0.38268343236509034,0.6532814824381908));
#2393=VECTOR('',#2392,0.0006122934917841428);
#2394=LINE('',#2391,#2393);
#2395=EDGE_CURVE('',#239,#241,#2394,.T.);
#2396=CARTESIAN_POINT('',(0.023641630560342613,0.000565685424949238,-0.023641630560342623));
#2397=DIRECTION('',(-0.8314696123025453,0,-0.5555702330196021));
#2398=VECTOR('',#2397,0.013045422393670352);
#2399=LINE('',#2396,#2398);
#2400=EDGE_CURVE('',#241,#225,#2399,.T.);
#2401=CARTESIAN_POINT('',(0.012794758260354581,0.000565685424949238,-0.030889278919433195));
#2402=DIRECTION('',(0.35355339059327473,0.38268343236508856,-0.8535533905932738));
#2403=VECTOR('',#2402,0.0006122934917841456);
#2404=LINE('',#2401,#2403);
#2405=EDGE_CURVE('',#225,#223,#2404,.T.);
#2406=CARTESIAN_POINT('',(0.012794758260354581,0.000565685424949238,-0.030889278919433195));
#2407=DIRECTION('',(0.8314696123025453,0,0.5555702330196021));
#2408=VECTOR('',#2407,0.013045422393670352);
#2409=LINE('',#2406,#2408);
#2410=EDGE_CURVE('',#225,#241,#2409,.T.);
#2411=CARTESIAN_POINT('',(0.023641630560342613,0.000565685424949238,-0.023641630560342623));
#2412=DIRECTION('',(-0.270598050073103,-0.9238795325112841,0.270598050073103));
#2413=VECTOR('',#2412,0.0006122934917841453);
#2414=LINE('',#2411,#2413);
#2415=EDGE_CURVE('',#241,#243,#2414,.T.);
#2416=CARTESIAN_POINT('',(0.02347594513539337,9.797174393178826e-20,-0.023475945135393382));
#2417=DIRECTION('',(-0.8314696123025452,0,-0.5555702330196023));
#2418=VECTOR('',#2417,0.012953997381870901);
#2419=LINE('',#2416,#2418);
#2420=EDGE_CURVE('',#243,#227,#2419,.T.);
#2421=CARTESIAN_POINT('',(0.012705089954520988,9.797174393178826e-20,-0.030672800479374717));
#2422=DIRECTION('',(0.1464466094067277,0.9238795325112867,-0.3535533905932731));
#2423=VECTOR('',#2422,0.0006122934917841435);
#2424=LINE('',#2421,#2423);
#2425=EDGE_CURVE('',#227,#225,#2424,.T.);
#2426=CARTESIAN_POINT('',(0.012705089954520988,9.797174393178826e-20,-0.030672800479374717));
#2427=DIRECTION('',(0.8314696123025452,0,0.5555702330196023));
#2428=VECTOR('',#2427,0.012953997381870901);
#2429=LINE('',#2426,#2428);
#2430=EDGE_CURVE('',#227,#243,#2429,.T.);
#2431=CARTESIAN_POINT('',(0.02347594513539337,9.797174393178826e-20,-0.023475945135393382));
#2432=DIRECTION('',(0.2705980500731029,-0.9238795325112842,-0.2705980500731029));
#2433=VECTOR('',#2432,0.0006122934917841455);
#2434=LINE('',#2431,#2433);
#2435=EDGE_CURVE('',#243,#245,#2434,.T.);
#2436=CARTESIAN_POINT('',(0.023641630560342613,-0.000565685424949238,-0.023641630560342623));
#2437=DIRECTION('',(-0.8314696123025453,0,-0.5555702330196021));
#2438=VECTOR('',#2437,0.013045422393670352);
#2439=LINE('',#2436,#2438);
#2440=EDGE_CURVE('',#245,#229,#2439,.T.);
#2441=CARTESIAN_POINT('',(0.012794758260354581,-0.000565685424949238,-0.030889278919433195));
#2442=DIRECTION('',(-0.14644660940672768,0.923879532511287,0.353553390593273));
#2443=VECTOR('',#2442,0.0006122934917841437);
#2444=LINE('',#2441,#2443);
#2445=EDGE_CURVE('',#229,#227,#2444,.T.);
#2446=CARTESIAN_POINT('',(0.012794758260354581,-0.000565685424949238,-0.030889278919433195));
#2447=DIRECTION('',(0.8314696123025453,0,0.5555702330196021));
#2448=VECTOR('',#2447,0.013045422393670352);
#2449=LINE('',#2446,#2448);
#2450=EDGE_CURVE('',#229,#245,#2449,.T.);
#2451=CARTESIAN_POINT('',(0.023641630560342613,-0.000565685424949238,-0.023641630560342623));
#2452=DIRECTION('',(0.6532814824381852,-0.38268343236509034,-0.6532814824381908));
#2453=VECTOR('',#2452,0.0006122934917841428);
#2454=LINE('',#2451,#2453);
#2455=EDGE_CURVE('',#245,#247,#2454,.T.);
#2456=CARTESIAN_POINT('',(0.02404163056034261,-0.0008,-0.024041630560342624));
#2457=DIRECTION('',(-0.8314696123025452,0,-0.5555702330196022));
#2458=VECTOR('',#2457,0.013266141897096705);
#2459=LINE('',#2456,#2458);
#2460=EDGE_CURVE('',#247,#231,#2459,.T.);
#2461=CARTESIAN_POINT('',(0.013011236700413062,-0.0008,-0.03141190410538375));
#2462=DIRECTION('',(-0.35355339059327473,0.38268343236508856,0.8535533905932738));
#2463=VECTOR('',#2462,0.0006122934917841456);
#2464=LINE('',#2461,#2463);
#2465=EDGE_CURVE('',#231,#229,#2464,.T.);
#2466=CARTESIAN_POINT('',(0.013011236700413062,-0.0008,-0.03141190410538375));
#2467=DIRECTION('',(0.8314696123025452,0,0.5555702330196022));
#2468=VECTOR('',#2467,0.013266141897096705);
#2469=LINE('',#2466,#2468);
#2470=EDGE_CURVE('',#231,#247,#2469,.T.);
#2471=CARTESIAN_POINT('',(0.02404163056034261,-0.0008,-0.024041630560342624));
#2472=DIRECTION('',(0.653281482438191,0.3826834323650902,-0.6532814824381853));
#2473=VECTOR('',#2472,0.0006122934917841427);
#2474=LINE('',#2471,#2473);
#2475=EDGE_CURVE('',#247,#249,#2474,.T.);
#2476=CARTESIAN_POINT('',(0.02444163056034261,-0.0005656854249492381,-0.024441630560342622));
#2477=DIRECTION('',(-0.8314696123025451,0,-0.5555702330196024));
#2478=VECTOR('',#2477,0.013486861400523062);
#2479=LINE('',#2476,#2478);
#2480=EDGE_CURVE('',#249,#233,#2479,.T.);
#2481=CARTESIAN_POINT('',(0.01322771514047154,-0.0005656854249492381,-0.0319345292913343));
#2482=DIRECTION('',(-0.3535533905932723,-0.38268343236508884,0.8535533905932747));
#2483=VECTOR('',#2482,0.000612293491784145);
#2484=LINE('',#2481,#2483);
#2485=EDGE_CURVE('',#233,#231,#2484,.T.);
#2486=CARTESIAN_POINT('',(0.01322771514047154,-0.0005656854249492381,-0.0319345292913343));
#2487=DIRECTION('',(0.8314696123025451,0,0.5555702330196024));
#2488=VECTOR('',#2487,0.013486861400523062);
#2489=LINE('',#2486,#2488);
#2490=EDGE_CURVE('',#233,#249,#2489,.T.);
#2491=CARTESIAN_POINT('',(0.02444163056034261,-0.0005656854249492381,-0.024441630560342622));
#2492=DIRECTION('',(0.2705980500731029,0.9238795325112842,-0.2705980500731029));
#2493=VECTOR('',#2492,0.0006122934917841455);
#2494=LINE('',#2491,#2493);
#2495=EDGE_CURVE('',#249,#235,#2494,.T.);
#2496=CARTESIAN_POINT('',(0.024607315985291853,0,-0.024607315985291863));
#2497=DIRECTION('',(-0.8314696123025452,0,-0.5555702330196023));
#2498=VECTOR('',#2497,0.013578286412322515);
#2499=LINE('',#2496,#2498);
#2500=EDGE_CURVE('',#235,#219,#2499,.T.);
#2501=CARTESIAN_POINT('',(0.013317383446305134,0,-0.03215100773139278));
#2502=DIRECTION('',(-0.14644660940672735,-0.923879532511285,0.35355339059327795));
#2503=VECTOR('',#2502,0.000612293491784145);
#2504=LINE('',#2501,#2503);
#2505=EDGE_CURVE('',#219,#233,#2504,.T.);
#2506=CARTESIAN_POINT('',(0.024607315985291853,0,-0.024607315985291863));
#2507=DIRECTION('',(0.5555702330196026,0,0.831469612302545));
#2508=VECTOR('',#2507,0.013578286412322513);
#2509=LINE('',#2506,#2508);
#2510=EDGE_CURVE('',#235,#251,#2509,.T.);
#2511=CARTESIAN_POINT('',(0.032151007731392775,0,-0.013317383446305148));
#2512=DIRECTION('',(-0.353553390593278,0.923879532511285,0.14644660940672738));
#2513=VECTOR('',#2512,0.0006122934917841448);
#2514=LINE('',#2511,#2513);
#2515=EDGE_CURVE('',#251,#253,#2514,.T.);
#2516=CARTESIAN_POINT('',(0.03193452929133429,0.000565685424949238,-0.013227715140471554));
#2517=DIRECTION('',(-0.5555702330196026,0,-0.8314696123025449));
#2518=VECTOR('',#2517,0.013486861400523062);
#2519=LINE('',#2516,#2518);
#2520=EDGE_CURVE('',#253,#237,#2519,.T.);
#2521=CARTESIAN_POINT('',(0.02444163056034261,0.000565685424949238,-0.024441630560342622));
#2522=DIRECTION('',(0.27059805007310295,-0.9238795325112841,-0.27059805007310295));
#2523=VECTOR('',#2522,0.0006122934917841454);
#2524=LINE('',#2521,#2523);
#2525=EDGE_CURVE('',#237,#235,#2524,.T.);
#2526=CARTESIAN_POINT('',(0.02444163056034261,0.000565685424949238,-0.024441630560342622));
#2527=DIRECTION('',(0.5555702330196026,0,0.8314696123025449));
#2528=VECTOR('',#2527,0.013486861400523062);
#2529=LINE('',#2526,#2528);
#2530=EDGE_CURVE('',#237,#253,#2529,.T.);
#2531=CARTESIAN_POINT('',(0.03193452929133429,0.000565685424949238,-0.013227715140471554));
#2532=DIRECTION('',(-0.8535533905932738,0.38268343236508856,0.35355339059327473));
#2533=VECTOR('',#2532,0.0006122934917841456);
#2534=LINE('',#2531,#2533);
#2535=EDGE_CURVE('',#253,#255,#2534,.T.);
#2536=CARTESIAN_POINT('',(0.03141190410538374,0.0008,-0.013011236700413074));
#2537=DIRECTION('',(-0.5555702330196025,0,-0.831469612302545));
#2538=VECTOR('',#2537,0.01326614189709671);
#2539=LINE('',#2536,#2538);
#2540=EDGE_CURVE('',#255,#239,#2539,.T.);
#2541=CARTESIAN_POINT('',(0.02404163056034261,0.0008,-0.024041630560342624));
#2542=DIRECTION('',(0.6532814824381908,-0.38268343236509034,-0.6532814824381852));
#2543=VECTOR('',#2542,0.0006122934917841428);
#2544=LINE('',#2541,#2543);
#2545=EDGE_CURVE('',#239,#237,#2544,.T.);
#2546=CARTESIAN_POINT('',(0.02404163056034261,0.0008,-0.024041630560342624));
#2547=DIRECTION('',(0.5555702330196025,0,0.831469612302545));
#2548=VECTOR('',#2547,0.01326614189709671);
#2549=LINE('',#2546,#2548);
#2550=EDGE_CURVE('',#239,#255,#2549,.T.);
#2551=CARTESIAN_POINT('',(0.03141190410538374,0.0008,-0.013011236700413074));
#2552=DIRECTION('',(-0.8535533905932732,-0.38268343236509084,0.35355339059327395));
#2553=VECTOR('',#2552,0.000612293491784142);
#2554=LINE('',#2551,#2553);
#2555=EDGE_CURVE('',#255,#257,#2554,.T.);
#2556=CARTESIAN_POINT('',(0.030889278919433192,0.000565685424949238,-0.012794758260354595));
#2557=DIRECTION('',(-0.5555702330196025,0,-0.831469612302545));
#2558=VECTOR('',#2557,0.013045422393670354);
#2559=LINE('',#2556,#2558);
#2560=EDGE_CURVE('',#257,#241,#2559,.T.);
#2561=CARTESIAN_POINT('',(0.023641630560342613,0.000565685424949238,-0.023641630560342623));
#2562=DIRECTION('',(0.6532814824381852,0.38268343236509034,-0.6532814824381908));
#2563=VECTOR('',#2562,0.0006122934917841428);
#2564=LINE('',#2561,#2563);
#2565=EDGE_CURVE('',#241,#239,#2564,.T.);
#2566=CARTESIAN_POINT('',(0.023641630560342613,0.000565685424949238,-0.023641630560342623));
#2567=DIRECTION('',(0.5555702330196025,0,0.831469612302545));
#2568=VECTOR('',#2567,0.013045422393670354);
#2569=LINE('',#2566,#2568);
#2570=EDGE_CURVE('',#241,#257,#2569,.T.);
#2571=CARTESIAN_POINT('',(0.030889278919433192,0.000565685424949238,-0.012794758260354595));
#2572=DIRECTION('',(-0.3535533905932731,-0.9238795325112867,0.1464466094067277));
#2573=VECTOR('',#2572,0.0006122934917841435);
#2574=LINE('',#2571,#2573);
#2575=EDGE_CURVE('',#257,#259,#2574,.T.);
#2576=CARTESIAN_POINT('',(0.030672800479374714,9.797174393178826e-20,-0.012705089954521001));
#2577=DIRECTION('',(-0.5555702330196027,0,-0.8314696123025448));
#2578=VECTOR('',#2577,0.012953997381870903);
#2579=LINE('',#2576,#2578);
#2580=EDGE_CURVE('',#259,#243,#2579,.T.);
#2581=CARTESIAN_POINT('',(0.02347594513539337,9.797174393178826e-20,-0.023475945135393382));
#2582=DIRECTION('',(0.270598050073103,0.9238795325112841,-0.270598050073103));
#2583=VECTOR('',#2582,0.0006122934917841453);
#2584=LINE('',#2581,#2583);
#2585=EDGE_CURVE('',#243,#241,#2584,.T.);
#2586=CARTESIAN_POINT('',(0.02347594513539337,9.797174393178826e-20,-0.023475945135393382));
#2587=DIRECTION('',(0.5555702330196027,0,0.8314696123025448));
#2588=VECTOR('',#2587,0.012953997381870903);
#2589=LINE('',#2586,#2588);
#2590=EDGE_CURVE('',#243,#259,#2589,.T.);
#2591=CARTESIAN_POINT('',(0.030672800479374714,9.797174393178826e-20,-0.012705089954521001));
#2592=DIRECTION('',(0.353553390593273,-0.923879532511287,-0.14644660940672768));
#2593=VECTOR('',#2592,0.0006122934917841437);
#2594=LINE('',#2591,#2593);
#2595=EDGE_CURVE('',#259,#261,#2594,.T.);
#2596=CARTESIAN_POINT('',(0.030889278919433192,-0.000565685424949238,-0.012794758260354595));
#2597=DIRECTION('',(-0.5555702330196025,0,-0.831469612302545));
#2598=VECTOR('',#2597,0.013045422393670354);
#2599=LINE('',#2596,#2598);
#2600=EDGE_CURVE('',#261,#245,#2599,.T.);
#2601=CARTESIAN_POINT('',(0.023641630560342613,-0.000565685424949238,-0.023641630560342623));
#2602=DIRECTION('',(-0.2705980500731029,0.9238795325112842,0.2705980500731029));
#2603=VECTOR('',#2602,0.0006122934917841455);
#2604=LINE('',#2601,#2603);
#2605=EDGE_CURVE('',#245,#243,#2604,.T.);
#2606=CARTESIAN_POINT('',(0.023641630560342613,-0.000565685424949238,-0.023641630560342623));
#2607=DIRECTION('',(0.5555702330196025,0,0.831469612302545));
#2608=VECTOR('',#2607,0.013045422393670354);
#2609=LINE('',#2606,#2608);
#2610=EDGE_CURVE('',#245,#261,#2609,.T.);
#2611=CARTESIAN_POINT('',(0.030889278919433192,-0.000565685424949238,-0.012794758260354595));
#2612=DIRECTION('',(0.8535533905932732,-0.38268343236509084,-0.35355339059327395));
#2613=VECTOR('',#2612,0.000612293491784142);
#2614=LINE('',#2611,#2613);
#2615=EDGE_CURVE('',#261,#263,#2614,.T.);
#2616=CARTESIAN_POINT('',(0.03141190410538374,-0.0008,-0.013011236700413074));
#2617=DIRECTION('',(-0.5555702330196025,0,-0.831469612302545));
#2618=VECTOR('',#2617,0.01326614189709671);
#2619=LINE('',#2616,#2618);
#2620=EDGE_CURVE('',#263,#247,#2619,.T.);
#2621=CARTESIAN_POINT('',(0.02404163056034261,-0.0008,-0.024041630560342624));
#2622=DIRECTION('',(-0.6532814824381852,0.38268343236509034,0.6532814824381908));
#2623=VECTOR('',#2622,0.0006122934917841428);
#2624=LINE('',#2621,#2623);
#2625=EDGE_CURVE('',#247,#245,#2624,.T.);
#2626=CARTESIAN_POINT('',(0.02404163056034261,-0.0008,-0.024041630560342624));
#2627=DIRECTION('',(0.5555702330196025,0,0.831469612302545));
#2628=VECTOR('',#2627,0.01326614189709671);
#2629=LINE('',#2626,#2628);
#2630=EDGE_CURVE('',#247,#263,#2629,.T.);
#2631=CARTESIAN_POINT('',(0.03141190410538374,-0.0008,-0.013011236700413074));
#2632=DIRECTION('',(0.8535533905932738,0.3826834323650884,-0.35355339059327473));
#2633=VECTOR('',#2632,0.0006122934917841456);
#2634=LINE('',#2631,#2633);
#2635=EDGE_CURVE('',#263,#265,#2634,.T.);
#2636=CARTESIAN_POINT('',(0.03193452929133429,-0.0005656854249492381,-0.013227715140471554));
#2637=DIRECTION('',(-0.5555702330196026,0,-0.8314696123025449));
#2638=VECTOR('',#2637,0.013486861400523062);
#2639=LINE('',#2636,#2638);
#2640=EDGE_CURVE('',#265,#249,#2639,.T.);
#2641=CARTESIAN_POINT('',(0.02444163056034261,-0.0005656854249492381,-0.024441630560342622));
#2642=DIRECTION('',(-0.653281482438191,-0.3826834323650902,0.6532814824381853));
#2643=VECTOR('',#2642,0.0006122934917841427);
#2644=LINE('',#2641,#2643);
#2645=EDGE_CURVE('',#249,#247,#2644,.T.);
#2646=CARTESIAN_POINT('',(0.02444163056034261,-0.0005656854249492381,-0.024441630560342622));
#2647=DIRECTION('',(0.5555702330196026,0,0.8314696123025449));
#2648=VECTOR('',#2647,0.013486861400523062);
#2649=LINE('',#2646,#2648);
#2650=EDGE_CURVE('',#249,#265,#2649,.T.);
#2651=CARTESIAN_POINT('',(0.03193452929133429,-0.0005656854249492381,-0.013227715140471554));
#2652=DIRECTION('',(0.35355339059327795,0.923879532511285,-0.14644660940672735));
#2653=VECTOR('',#2652,0.000612293491784145);
#2654=LINE('',#2651,#2653);
#2655=EDGE_CURVE('',#265,#251,#2654,.T.);
#2656=CARTESIAN_POINT('',(0.032151007731392775,0,-0.013317383446305148));
#2657=DIRECTION('',(-0.5555702330196026,0,-0.831469612302545));
#2658=VECTOR('',#2657,0.013578286412322513);
#2659=LINE('',#2656,#2658);
#2660=EDGE_CURVE('',#251,#235,#2659,.T.);
#2661=CARTESIAN_POINT('',(0.024607315985291853,0,-0.024607315985291863));
#2662=DIRECTION('',(-0.2705980500731029,-0.9238795325112842,0.2705980500731029));
#2663=VECTOR('',#2662,0.0006122934917841455);
#2664=LINE('',#2661,#2663);
#2665=EDGE_CURVE('',#235,#249,#2664,.T.);
#2666=CARTESIAN_POINT('',(0.032151007731392775,0,-0.013317383446305148));
#2667=DIRECTION('',(0.19509032201612853,0,0.9807852804032303));
#2668=VECTOR('',#2667,0.013578286412322553);
#2669=LINE('',#2666,#2668);
#2670=EDGE_CURVE('',#251,#11,#2669,.T.);
#2671=CARTESIAN_POINT('',(0.034800000000000005,0,0));
#2672=DIRECTION('',(-0.3826834323650916,0.923879532511286,0));
#2673=VECTOR('',#2672,0.0006122934917841442);
#2674=LINE('',#2671,#2673);
#2675=EDGE_CURVE('',#11,#17,#2674,.T.);
#2676=CARTESIAN_POINT('',(0.03456568542494924,0.000565685424949238,0));
#2677=DIRECTION('',(-0.19509032201612866,0,-0.9807852804032303));
#2678=VECTOR('',#2677,0.013486861400523102);
#2679=LINE('',#2676,#2678);
#2680=EDGE_CURVE('',#17,#253,#2679,.T.);
#2681=CARTESIAN_POINT('',(0.03193452929133429,0.000565685424949238,-0.013227715140471554));
#2682=DIRECTION('',(0.353553390593278,-0.923879532511285,-0.14644660940672738));
#2683=VECTOR('',#2682,0.0006122934917841448);
#2684=LINE('',#2681,#2683);
#2685=EDGE_CURVE('',#253,#251,#2684,.T.);
#2686=CARTESIAN_POINT('',(0.03193452929133429,0.000565685424949238,-0.013227715140471554));
#2687=DIRECTION('',(0.19509032201612866,0,0.9807852804032303));
#2688=VECTOR('',#2687,0.013486861400523102);
#2689=LINE('',#2686,#2688);
#2690=EDGE_CURVE('',#253,#17,#2689,.T.);
#2691=CARTESIAN_POINT('',(0.03456568542494924,0.000565685424949238,0));
#2692=DIRECTION('',(-0.9238795325112868,0.38268343236508934,0));
#2693=VECTOR('',#2692,0.0006122934917841444);
#2694=LINE('',#2691,#2693);
#2695=EDGE_CURVE('',#17,#21,#2694,.T.);
#2696=CARTESIAN_POINT('',(0.034,0.0008,0));
#2697=DIRECTION('',(-0.1950903220161288,0,-0.9807852804032304));
#2698=VECTOR('',#2697,0.013266141897096745);
#2699=LINE('',#2696,#2698);
#2700=EDGE_CURVE('',#21,#255,#2699,.T.);
#2701=CARTESIAN_POINT('',(0.03141190410538374,0.0008,-0.013011236700413074));
#2702=DIRECTION('',(0.8535533905932738,-0.38268343236508856,-0.35355339059327473));
#2703=VECTOR('',#2702,0.0006122934917841456);
#2704=LINE('',#2701,#2703);
#2705=EDGE_CURVE('',#255,#253,#2704,.T.);
#2706=CARTESIAN_POINT('',(0.03141190410538374,0.0008,-0.013011236700413074));
#2707=DIRECTION('',(0.1950903220161288,0,0.9807852804032304));
#2708=VECTOR('',#2707,0.013266141897096745);
#2709=LINE('',#2706,#2708);
#2710=EDGE_CURVE('',#255,#21,#2709,.T.);
#2711=CARTESIAN_POINT('',(0.034,0.0008,0));
#2712=DIRECTION('',(-0.9238795325112868,-0.38268343236508934,0));
#2713=VECTOR('',#2712,0.0006122934917841444);
#2714=LINE('',#2711,#2713);
#2715=EDGE_CURVE('',#21,#25,#2714,.T.);
#2716=CARTESIAN_POINT('',(0.033434314575050764,0.000565685424949238,0));
#2717=DIRECTION('',(-0.1950903220161286,0,-0.9807852804032304));
#2718=VECTOR('',#2717,0.01304542239367039);
#2719=LINE('',#2716,#2718);
#2720=EDGE_CURVE('',#25,#257,#2719,.T.);
#2721=CARTESIAN_POINT('',(0.030889278919433192,0.000565685424949238,-0.012794758260354595));
#2722=DIRECTION('',(0.8535533905932732,0.38268343236509084,-0.35355339059327395));
#2723=VECTOR('',#2722,0.000612293491784142);
#2724=LINE('',#2721,#2723);
#2725=EDGE_CURVE('',#257,#255,#2724,.T.);
#2726=CARTESIAN_POINT('',(0.030889278919433192,0.000565685424949238,-0.012794758260354595));
#2727=DIRECTION('',(0.1950903220161286,0,0.9807852804032304));
#2728=VECTOR('',#2727,0.01304542239367039);
#2729=LINE('',#2726,#2728);
#2730=EDGE_CURVE('',#257,#25,#2729,.T.);
#2731=CARTESIAN_POINT('',(0.033434314575050764,0.000565685424949238,0));
#2732=DIRECTION('',(-0.38268343236509167,-0.923879532511286,0));
#2733=VECTOR('',#2732,0.0006122934917841441);
#2734=LINE('',#2731,#2733);
#2735=EDGE_CURVE('',#25,#29,#2734,.T.);
#2736=CARTESIAN_POINT('',(0.0332,9.797174393178826e-20,0));
#2737=DIRECTION('',(-0.19509032201612847,0,-0.9807852804032303));
#2738=VECTOR('',#2737,0.01295399738187094);
#2739=LINE('',#2736,#2738);
#2740=EDGE_CURVE('',#29,#259,#2739,.T.);
#2741=CARTESIAN_POINT('',(0.030672800479374714,9.797174393178826e-20,-0.012705089954521001));
#2742=DIRECTION('',(0.3535533905932731,0.9238795325112867,-0.1464466094067277));
#2743=VECTOR('',#2742,0.0006122934917841435);
#2744=LINE('',#2741,#2743);
#2745=EDGE_CURVE('',#259,#257,#2744,.T.);
#2746=CARTESIAN_POINT('',(0.030672800479374714,9.797174393178826e-20,-0.012705089954521001));
#2747=DIRECTION('',(0.19509032201612847,0,0.9807852804032303));
#2748=VECTOR('',#2747,0.01295399738187094);
#2749=LINE('',#2746,#2748);
#2750=EDGE_CURVE('',#259,#29,#2749,.T.);
#2751=CARTESIAN_POINT('',(0.0332,9.797174393178826e-20,0));
#2752=DIRECTION('',(0.3826834323650916,-0.9238795325112861,0));
#2753=VECTOR('',#2752,0.0006122934917841442);
#2754=LINE('',#2751,#2753);
#2755=EDGE_CURVE('',#29,#33,#2754,.T.);
#2756=CARTESIAN_POINT('',(0.033434314575050764,-0.000565685424949238,0));
#2757=DIRECTION('',(-0.1950903220161286,0,-0.9807852804032304));
#2758=VECTOR('',#2757,0.01304542239367039);
#2759=LINE('',#2756,#2758);
#2760=EDGE_CURVE('',#33,#261,#2759,.T.);
#2761=CARTESIAN_POINT('',(0.030889278919433192,-0.000565685424949238,-0.012794758260354595));
#2762=DIRECTION('',(-0.353553390593273,0.923879532511287,0.14644660940672768));
#2763=VECTOR('',#2762,0.0006122934917841437);
#2764=LINE('',#2761,#2763);
#2765=EDGE_CURVE('',#261,#259,#2764,.T.);
#2766=CARTESIAN_POINT('',(0.030889278919433192,-0.000565685424949238,-0.012794758260354595));
#2767=DIRECTION('',(0.1950903220161286,0,0.9807852804032304));
#2768=VECTOR('',#2767,0.01304542239367039);
#2769=LINE('',#2766,#2768);
#2770=EDGE_CURVE('',#261,#33,#2769,.T.);
#2771=CARTESIAN_POINT('',(0.033434314575050764,-0.000565685424949238,0));
#2772=DIRECTION('',(0.9238795325112868,-0.38268343236508934,0));
#2773=VECTOR('',#2772,0.0006122934917841444);
#2774=LINE('',#2771,#2773);
#2775=EDGE_CURVE('',#33,#37,#2774,.T.);
#2776=CARTESIAN_POINT('',(0.034,-0.0008,0));
#2777=DIRECTION('',(-0.1950903220161288,0,-0.9807852804032304));
#2778=VECTOR('',#2777,0.013266141897096745);
#2779=LINE('',#2776,#2778);
#2780=EDGE_CURVE('',#37,#263,#2779,.T.);
#2781=CARTESIAN_POINT('',(0.03141190410538374,-0.0008,-0.013011236700413074));
#2782=DIRECTION('',(-0.8535533905932732,0.38268343236509084,0.35355339059327395));
#2783=VECTOR('',#2782,0.000612293491784142);
#2784=LINE('',#2781,#2783);
#2785=EDGE_CURVE('',#263,#261,#2784,.T.);
#2786=CARTESIAN_POINT('',(0.03141190410538374,-0.0008,-0.013011236700413074));
#2787=DIRECTION('',(0.1950903220161288,0,0.9807852804032304));
#2788=VECTOR('',#2787,0.013266141897096745);
#2789=LINE('',#2786,#2788);
#2790=EDGE_CURVE('',#263,#37,#2789,.T.);
#2791=CARTESIAN_POINT('',(0.034,-0.0008,0));
#2792=DIRECTION('',(0.923879532511287,0.3826834323650892,0));
#2793=VECTOR('',#2792,0.0006122934917841443);
#2794=LINE('',#2791,#2793);
#2795=EDGE_CURVE('',#37,#41,#2794,.T.);
#2796=CARTESIAN_POINT('',(0.03456568542494924,-0.0005656854249492381,0));
#2797=DIRECTION('',(-0.19509032201612866,0,-0.9807852804032303));
#2798=VECTOR('',#2797,0.013486861400523102);
#2799=LINE('',#2796,#2798);
#2800=EDGE_CURVE('',#41,#265,#2799,.T.);
#2801=CARTESIAN_POINT('',(0.03193452929133429,-0.0005656854249492381,-0.013227715140471554));
#2802=DIRECTION('',(-0.8535533905932738,-0.3826834323650884,0.35355339059327473));
#2803=VECTOR('',#2802,0.0006122934917841456);
#2804=LINE('',#2801,#2803);
#2805=EDGE_CURVE('',#265,#263,#2804,.T.);
#2806=CARTESIAN_POINT('',(0.03193452929133429,-0.0005656854249492381,-0.013227715140471554));
#2807=DIRECTION('',(0.19509032201612866,0,0.9807852804032303));
#2808=VECTOR('',#2807,0.013486861400523102);
#2809=LINE('',#2806,#2808);
#2810=EDGE_CURVE('',#265,#41,#2809,.T.);
#2811=CARTESIAN_POINT('',(0.03456568542494924,-0.0005656854249492381,0));
#2812=DIRECTION('',(0.3826834323650916,0.9238795325112861,0));
#2813=VECTOR('',#2812,0.0006122934917841442);
#2814=LINE('',#2811,#2813);
#2815=EDGE_CURVE('',#41,#11,#2814,.T.);
#2816=CARTESIAN_POINT('',(0.034800000000000005,0,0));
#2817=DIRECTION('',(-0.19509032201612853,0,-0.9807852804032303));
#2818=VECTOR('',#2817,0.013578286412322553);
#2819=LINE('',#2816,#2818);
#2820=EDGE_CURVE('',#11,#251,#2819,.T.);
#2821=CARTESIAN_POINT('',(0.032151007731392775,0,-0.013317383446305148));
#2822=DIRECTION('',(-0.35355339059327795,-0.923879532511285,0.14644660940672735));
#2823=VECTOR('',#2822,0.000612293491784145);
#2824=LINE('',#2821,#2823);
#2825=EDGE_CURVE('',#251,#265,#2824,.T.);
#2826=CARTESIAN_POINT('',(0.03336280561191908,0.000282842712474619,0.0066362746466941645));
#2827=DIRECTION('',(-0.908663335218328,-0.37638067707860884,-0.18074437515937355));
#2828=DIRECTION('',(0.38268343236509617,-0.9238795325112841,0));
#2829=AXIS2_PLACEMENT_3D('',#2826,#2827,#2828);
#2830=PLANE('',#2829);
#2831=ORIENTED_EDGE('',*,*,#270,.T.);
#2832=ORIENTED_EDGE('',*,*,#275,.T.);
#2833=ORIENTED_EDGE('',*,*,#280,.T.);
#2834=ORIENTED_EDGE('',*,*,#285,.T.);
#2835=EDGE_LOOP('',(#2831,#2832,#2833,#2834));
#2836=FACE_OUTER_BOUND('',#2835,.T.);
#2837=ADVANCED_FACE('',(#2836),#2830,.T.);
#2838=CARTESIAN_POINT('',(0.03297802970541682,0.000682842712474619,0.006559737960221147));
#2839=DIRECTION('',(-0.3815795311289144,-0.9212144791753948,-0.07590088788047224));
#2840=DIRECTION('',(0.9238795325112872,-0.3826834323650887,0));
#2841=AXIS2_PLACEMENT_3D('',#2838,#2839,#2840);
#2842=PLANE('',#2841);
#2843=ORIENTED_EDGE('',*,*,#290,.T.);
#2844=ORIENTED_EDGE('',*,*,#295,.T.);
#2845=ORIENTED_EDGE('',*,*,#300,.T.);
#2846=ORIENTED_EDGE('',*,*,#305,.T.);
#2847=EDGE_LOOP('',(#2843,#2844,#2845,#2846));
#2848=FACE_OUTER_BOUND('',#2847,.T.);
#2849=ADVANCED_FACE('',(#2848),#2842,.T.);
#2850=CARTESIAN_POINT('',(0.03243387439996693,0.000682842712474619,0.006451498740191907));
#2851=DIRECTION('',(0.3815795311289167,-0.9212144791753937,0.07590088788047271));
#2852=DIRECTION('',(0.9238795325112862,0.38268343236509106,0));
#2853=AXIS2_PLACEMENT_3D('',#2850,#2851,#2852);
#2854=PLANE('',#2853);
#2855=ORIENTED_EDGE('',*,*,#310,.T.);
#2856=ORIENTED_EDGE('',*,*,#315,.T.);
#2857=ORIENTED_EDGE('',*,*,#320,.T.);
#2858=ORIENTED_EDGE('',*,*,#325,.T.);
#2859=EDGE_LOOP('',(#2855,#2856,#2857,#2858));
#2860=FACE_OUTER_BOUND('',#2859,.T.);
#2861=ADVANCED_FACE('',(#2860),#2854,.T.);
#2862=CARTESIAN_POINT('',(0.03204909849346467,0.000282842712474619,0.006374962053718888));
#2863=DIRECTION('',(0.908663335218328,-0.37638067707860934,0.18074437515937347));
#2864=DIRECTION('',(0.3826834323650966,0.923879532511284,0));
#2865=AXIS2_PLACEMENT_3D('',#2862,#2863,#2864);
#2866=PLANE('',#2865);
#2867=ORIENTED_EDGE('',*,*,#330,.T.);
#2868=ORIENTED_EDGE('',*,*,#335,.T.);
#2869=ORIENTED_EDGE('',*,*,#340,.T.);
#2870=ORIENTED_EDGE('',*,*,#345,.T.);
#2871=EDGE_LOOP('',(#2867,#2868,#2869,#2870));
#2872=FACE_OUTER_BOUND('',#2871,.T.);
#2873=ADVANCED_FACE('',(#2872),#2866,.T.);
#2874=CARTESIAN_POINT('',(0.03204909849346467,-0.00028284271247461896,0.006374962053718888));
#2875=DIRECTION('',(0.9086633352183279,0.37638067707860917,0.18074437515937344));
#2876=DIRECTION('',(-0.3826834323650965,0.923879532511284,0));
#2877=AXIS2_PLACEMENT_3D('',#2874,#2875,#2876);
#2878=PLANE('',#2877);
#2879=ORIENTED_EDGE('',*,*,#350,.T.);
#2880=ORIENTED_EDGE('',*,*,#355,.T.);
#2881=ORIENTED_EDGE('',*,*,#360,.T.);
#2882=ORIENTED_EDGE('',*,*,#365,.T.);
#2883=EDGE_LOOP('',(#2879,#2880,#2881,#2882));
#2884=FACE_OUTER_BOUND('',#2883,.T.);
#2885=ADVANCED_FACE('',(#2884),#2878,.T.);
#2886=CARTESIAN_POINT('',(0.03243387439996693,-0.000682842712474619,0.006451498740191907));
#2887=DIRECTION('',(0.3815795311289167,0.9212144791753937,0.07590088788047271));
#2888=DIRECTION('',(-0.9238795325112862,0.38268343236509106,0));
#2889=AXIS2_PLACEMENT_3D('',#2886,#2887,#2888);
#2890=PLANE('',#2889);
#2891=ORIENTED_EDGE('',*,*,#370,.T.);
#2892=ORIENTED_EDGE('',*,*,#375,.T.);
#2893=ORIENTED_EDGE('',*,*,#380,.T.);
#2894=ORIENTED_EDGE('',*,*,#385,.T.);
#2895=EDGE_LOOP('',(#2891,#2892,#2893,#2894));
#2896=FACE_OUTER_BOUND('',#2895,.T.);
#2897=ADVANCED_FACE('',(#2896),#2890,.T.);
#2898=CARTESIAN_POINT('',(0.03297802970541683,-0.0006828427124746191,0.006559737960221147));
#2899=DIRECTION('',(-0.3815795311289142,0.9212144791753948,-0.07590088788047222));
#2900=DIRECTION('',(-0.9238795325112872,-0.3826834323650885,0));
#2901=AXIS2_PLACEMENT_3D('',#2898,#2899,#2900);
#2902=PLANE('',#2901);
#2903=ORIENTED_EDGE('',*,*,#390,.T.);
#2904=ORIENTED_EDGE('',*,*,#395,.T.);
#2905=ORIENTED_EDGE('',*,*,#400,.T.);
#2906=ORIENTED_EDGE('',*,*,#405,.T.);
#2907=EDGE_LOOP('',(#2903,#2904,#2905,#2906));
#2908=FACE_OUTER_BOUND('',#2907,.T.);
#2909=ADVANCED_FACE('',(#2908),#2902,.T.);
#2910=CARTESIAN_POINT('',(0.03336280561191908,-0.00028284271247461907,0.0066362746466941645));
#2911=DIRECTION('',(-0.9086633352183281,0.37638067707860884,-0.18074437515937358));
#2912=DIRECTION('',(-0.3826834323650961,-0.9238795325112841,0));
#2913=AXIS2_PLACEMENT_3D('',#2910,#2911,#2912);
#2914=PLANE('',#2913);
#2915=ORIENTED_EDGE('',*,*,#410,.T.);
#2916=ORIENTED_EDGE('',*,*,#415,.T.);
#2917=ORIENTED_EDGE('',*,*,#420,.T.);
#2918=ORIENTED_EDGE('',*,*,#425,.T.);
#2919=EDGE_LOOP('',(#2915,#2916,#2917,#2918));
#2920=FACE_OUTER_BOUND('',#2919,.T.);
#2921=ADVANCED_FACE('',(#2920),#2914,.T.);
#2922=CARTESIAN_POINT('',(0.02828362089209039,0.000282842712474619,0.018898511283102784));
#2923=DIRECTION('',(-0.770327579484983,-0.3763806770786091,-0.5147164328119463));
#2924=DIRECTION('',(0.43899933058489604,-0.8984873887517917,0));
#2925=AXIS2_PLACEMENT_3D('',#2922,#2923,#2924);
#2926=PLANE('',#2925);
#2927=ORIENTED_EDGE('',*,*,#430,.T.);
#2928=ORIENTED_EDGE('',*,*,#435,.T.);
#2929=ORIENTED_EDGE('',*,*,#440,.T.);
#2930=ORIENTED_EDGE('',*,*,#445,.T.);
#2931=EDGE_LOOP('',(#2927,#2928,#2929,#2930));
#2932=FACE_OUTER_BOUND('',#2931,.T.);
#2933=ADVANCED_FACE('',(#2932),#2926,.T.);
#2934=CARTESIAN_POINT('',(0.027957423629350824,0.000682842712474619,0.018680553240392455));
#2935=DIRECTION('',(-0.3234875065416036,-0.9212144791753931,-0.21614744150487905));
#2936=DIRECTION('',(0.9435185652080065,-0.33131966000801233,0));
#2937=AXIS2_PLACEMENT_3D('',#2934,#2935,#2936);
#2938=PLANE('',#2937);
#2939=ORIENTED_EDGE('',*,*,#450,.T.);
#2940=ORIENTED_EDGE('',*,*,#455,.T.);
#2941=ORIENTED_EDGE('',*,*,#460,.T.);
#2942=ORIENTED_EDGE('',*,*,#465,.T.);
#2943=EDGE_LOOP('',(#2939,#2940,#2941,#2942));
#2944=FACE_OUTER_BOUND('',#2943,.T.);
#2945=ADVANCED_FACE('',(#2944),#2938,.T.);
#2946=CARTESIAN_POINT('',(0.02749611103637555,0.000682842712474619,0.018372314020363215));
#2947=DIRECTION('',(0.32348750654160013,-0.921214479175395,0.21614744150487664));
#2948=DIRECTION('',(0.9435185652080078,0.3313196600080086,0));
#2949=AXIS2_PLACEMENT_3D('',#2946,#2947,#2948);
#2950=PLANE('',#2949);
#2951=ORIENTED_EDGE('',*,*,#470,.T.);
#2952=ORIENTED_EDGE('',*,*,#475,.T.);
#2953=ORIENTED_EDGE('',*,*,#480,.T.);
#2954=ORIENTED_EDGE('',*,*,#485,.T.);
#2955=EDGE_LOOP('',(#2951,#2952,#2953,#2954));
#2956=FACE_OUTER_BOUND('',#2955,.T.);
#2957=ADVANCED_FACE('',(#2956),#2950,.T.);
#2958=CARTESIAN_POINT('',(0.02716991377363598,0.000282842712474619,0.018154355977652886));
#2959=DIRECTION('',(0.7703275794849834,-0.37638067707860806,0.5147164328119467));
#2960=DIRECTION('',(0.4389993305848948,0.8984873887517922,0));
#2961=AXIS2_PLACEMENT_3D('',#2958,#2959,#2960);
#2962=PLANE('',#2961);
#2963=ORIENTED_EDGE('',*,*,#490,.T.);
#2964=ORIENTED_EDGE('',*,*,#495,.T.);
#2965=ORIENTED_EDGE('',*,*,#500,.T.);
#2966=ORIENTED_EDGE('',*,*,#505,.T.);
#2967=EDGE_LOOP('',(#2963,#2964,#2965,#2966));
#2968=FACE_OUTER_BOUND('',#2967,.T.);
#2969=ADVANCED_FACE('',(#2968),#2962,.T.);
#2970=CARTESIAN_POINT('',(0.02716991377363598,-0.00028284271247461896,0.018154355977652886));
#2971=DIRECTION('',(0.7703275794849834,0.3763806770786079,0.5147164328119467));
#2972=DIRECTION('',(-0.43899933058489465,0.8984873887517923,0));
#2973=AXIS2_PLACEMENT_3D('',#2970,#2971,#2972);
#2974=PLANE('',#2973);
#2975=ORIENTED_EDGE('',*,*,#510,.T.);
#2976=ORIENTED_EDGE('',*,*,#515,.T.);
#2977=ORIENTED_EDGE('',*,*,#520,.T.);
#2978=ORIENTED_EDGE('',*,*,#525,.T.);
#2979=EDGE_LOOP('',(#2975,#2976,#2977,#2978));
#2980=FACE_OUTER_BOUND('',#2979,.T.);
#2981=ADVANCED_FACE('',(#2980),#2974,.T.);
#2982=CARTESIAN_POINT('',(0.027496111036375545,-0.000682842712474619,0.018372314020363215));
#2983=DIRECTION('',(0.32348750654160013,0.921214479175395,0.21614744150487664));
#2984=DIRECTION('',(-0.9435185652080078,0.3313196600080086,0));
#2985=AXIS2_PLACEMENT_3D('',#2982,#2983,#2984);
#2986=PLANE('',#2985);
#2987=ORIENTED_EDGE('',*,*,#530,.T.);
#2988=ORIENTED_EDGE('',*,*,#535,.T.);
#2989=ORIENTED_EDGE('',*,*,#540,.T.);
#2990=ORIENTED_EDGE('',*,*,#545,.T.);
#2991=EDGE_LOOP('',(#2987,#2988,#2989,#2990));
#2992=FACE_OUTER_BOUND('',#2991,.T.);
#2993=ADVANCED_FACE('',(#2992),#2986,.T.);
#2994=CARTESIAN_POINT('',(0.027957423629350824,-0.0006828427124746191,0.018680553240392455));
#2995=DIRECTION('',(-0.3234875065416034,0.9212144791753933,-0.216147441504879));
#2996=DIRECTION('',(-0.9435185652080065,-0.3313196600080121,0));
#2997=AXIS2_PLACEMENT_3D('',#2994,#2995,#2996);
#2998=PLANE('',#2997);
#2999=ORIENTED_EDGE('',*,*,#550,.T.);
#3000=ORIENTED_EDGE('',*,*,#555,.T.);
#3001=ORIENTED_EDGE('',*,*,#560,.T.);
#3002=ORIENTED_EDGE('',*,*,#565,.T.);
#3003=EDGE_LOOP('',(#2999,#3000,#3001,#3002));
#3004=FACE_OUTER_BOUND('',#3003,.T.);
#3005=ADVANCED_FACE('',(#3004),#2998,.T.);
#3006=CARTESIAN_POINT('',(0.02828362089209039,-0.00028284271247461907,0.018898511283102784));
#3007=DIRECTION('',(-0.7703275794849831,0.376380677078609,-0.5147164328119463));
#3008=DIRECTION('',(-0.43899933058489593,-0.8984873887517918,0));
#3009=AXIS2_PLACEMENT_3D('',#3006,#3007,#3008);
#3010=PLANE('',#3009);
#3011=ORIENTED_EDGE('',*,*,#570,.T.);
#3012=ORIENTED_EDGE('',*,*,#575,.T.);
#3013=ORIENTED_EDGE('',*,*,#580,.T.);
#3014=ORIENTED_EDGE('',*,*,#585,.T.);
#3015=EDGE_LOOP('',(#3011,#3012,#3013,#3014));
#3016=FACE_OUTER_BOUND('',#3015,.T.);
#3017=ADVANCED_FACE('',(#3016),#3010,.T.);
#3018=CARTESIAN_POINT('',(0.018898511283102784,0.000282842712474619,0.028283620892090387));
#3019=DIRECTION('',(-0.5147164328119476,-0.3763806770786048,-0.7703275794849843));
#3020=DIRECTION('',(0.5902637027765874,-0.8072104813395776,0));
#3021=AXIS2_PLACEMENT_3D('',#3018,#3019,#3020);
#3022=PLANE('',#3021);
#3023=ORIENTED_EDGE('',*,*,#590,.T.);
#3024=ORIENTED_EDGE('',*,*,#595,.T.);
#3025=ORIENTED_EDGE('',*,*,#600,.T.);
#3026=ORIENTED_EDGE('',*,*,#605,.T.);
#3027=EDGE_LOOP('',(#3023,#3024,#3025,#3026));
#3028=FACE_OUTER_BOUND('',#3027,.T.);
#3029=ADVANCED_FACE('',(#3028),#3022,.T.);
#3030=CARTESIAN_POINT('',(0.01868055324039246,0.000682842712474619,0.027957423629350824));
#3031=DIRECTION('',(-0.21614744150487886,-0.9212144791753932,-0.32348750654160324));
#3032=DIRECTION('',(0.9735604476171115,-0.22842954019909437,0));
#3033=AXIS2_PLACEMENT_3D('',#3030,#3031,#3032);
#3034=PLANE('',#3033);
#3035=ORIENTED_EDGE('',*,*,#610,.T.);
#3036=ORIENTED_EDGE('',*,*,#615,.T.);
#3037=ORIENTED_EDGE('',*,*,#620,.T.);
#3038=ORIENTED_EDGE('',*,*,#625,.T.);
#3039=EDGE_LOOP('',(#3035,#3036,#3037,#3038));
#3040=FACE_OUTER_BOUND('',#3039,.T.);
#3041=ADVANCED_FACE('',(#3040),#3034,.T.);
#3042=CARTESIAN_POINT('',(0.01837231402036322,0.000682842712474619,0.027496111036375545));
#3043=DIRECTION('',(0.21614744150487675,-0.9212144791753949,0.3234875065416002));
#3044=DIRECTION('',(0.973560447617112,0.22842954019909187,0));
#3045=AXIS2_PLACEMENT_3D('',#3042,#3043,#3044);
#3046=PLANE('',#3045);
#3047=ORIENTED_EDGE('',*,*,#630,.T.);
#3048=ORIENTED_EDGE('',*,*,#635,.T.);
#3049=ORIENTED_EDGE('',*,*,#640,.T.);
#3050=ORIENTED_EDGE('',*,*,#645,.T.);
#3051=EDGE_LOOP('',(#3047,#3048,#3049,#3050));
#3052=FACE_OUTER_BOUND('',#3051,.T.);
#3053=ADVANCED_FACE('',(#3052),#3046,.T.);
#3054=CARTESIAN_POINT('',(0.01815435597765289,0.000282842712474619,0.02716991377363598));
#3055=DIRECTION('',(0.5147164328119469,-0.37638067707860745,0.7703275794849835));
#3056=DIRECTION('',(0.5902637027765906,0.8072104813395753,0));
#3057=AXIS2_PLACEMENT_3D('',#3054,#3055,#3056);
#3058=PLANE('',#3057);
#3059=ORIENTED_EDGE('',*,*,#650,.T.);
#3060=ORIENTED_EDGE('',*,*,#655,.T.);
#3061=ORIENTED_EDGE('',*,*,#660,.T.);
#3062=ORIENTED_EDGE('',*,*,#665,.T.);
#3063=EDGE_LOOP('',(#3059,#3060,#3061,#3062));
#3064=FACE_OUTER_BOUND('',#3063,.T.);
#3065=ADVANCED_FACE('',(#3064),#3058,.T.);
#3066=CARTESIAN_POINT('',(0.01815435597765289,-0.00028284271247461896,0.02716991377363598));
#3067=DIRECTION('',(0.5147164328119469,0.3763806770786073,0.7703275794849835));
#3068=DIRECTION('',(-0.5902637027765903,0.8072104813395754,0));
#3069=AXIS2_PLACEMENT_3D('',#3066,#3067,#3068);
#3070=PLANE('',#3069);
#3071=ORIENTED_EDGE('',*,*,#670,.T.);
#3072=ORIENTED_EDGE('',*,*,#675,.T.);
#3073=ORIENTED_EDGE('',*,*,#680,.T.);
#3074=ORIENTED_EDGE('',*,*,#685,.T.);
#3075=EDGE_LOOP('',(#3071,#3072,#3073,#3074));
#3076=FACE_OUTER_BOUND('',#3075,.T.);
#3077=ADVANCED_FACE('',(#3076),#3070,.T.);
#3078=CARTESIAN_POINT('',(0.01837231402036322,-0.000682842712474619,0.027496111036375545));
#3079=DIRECTION('',(0.21614744150487675,0.9212144791753949,0.3234875065416003));
#3080=DIRECTION('',(-0.973560447617112,0.22842954019909187,0));
#3081=AXIS2_PLACEMENT_3D('',#3078,#3079,#3080);
#3082=PLANE('',#3081);
#3083=ORIENTED_EDGE('',*,*,#690,.T.);
#3084=ORIENTED_EDGE('',*,*,#695,.T.);
#3085=ORIENTED_EDGE('',*,*,#700,.T.);
#3086=ORIENTED_EDGE('',*,*,#705,.T.);
#3087=EDGE_LOOP('',(#3083,#3084,#3085,#3086));
#3088=FACE_OUTER_BOUND('',#3087,.T.);
#3089=ADVANCED_FACE('',(#3088),#3082,.T.);
#3090=CARTESIAN_POINT('',(0.01868055324039246,-0.0006828427124746191,0.02795742362935082));
#3091=DIRECTION('',(-0.2161474415048789,0.9212144791753935,-0.3234875065416031));
#3092=DIRECTION('',(-0.9735604476171115,-0.22842954019909437,0));
#3093=AXIS2_PLACEMENT_3D('',#3090,#3091,#3092);
#3094=PLANE('',#3093);
#3095=ORIENTED_EDGE('',*,*,#710,.T.);
#3096=ORIENTED_EDGE('',*,*,#715,.T.);
#3097=ORIENTED_EDGE('',*,*,#720,.T.);
#3098=ORIENTED_EDGE('',*,*,#725,.T.);
#3099=EDGE_LOOP('',(#3095,#3096,#3097,#3098));
#3100=FACE_OUTER_BOUND('',#3099,.T.);
#3101=ADVANCED_FACE('',(#3100),#3094,.T.);
#3102=CARTESIAN_POINT('',(0.018898511283102784,-0.00028284271247461907,0.028283620892090387));
#3103=DIRECTION('',(-0.5147164328119475,0.37638067707860473,-0.7703275794849844));
#3104=DIRECTION('',(-0.5902637027765874,-0.8072104813395775,0));
#3105=AXIS2_PLACEMENT_3D('',#3102,#3103,#3104);
#3106=PLANE('',#3105);
#3107=ORIENTED_EDGE('',*,*,#730,.T.);
#3108=ORIENTED_EDGE('',*,*,#735,.T.);
#3109=ORIENTED_EDGE('',*,*,#740,.T.);
#3110=ORIENTED_EDGE('',*,*,#745,.T.);
#3111=EDGE_LOOP('',(#3107,#3108,#3109,#3110));
#3112=FACE_OUTER_BOUND('',#3111,.T.);
#3113=ADVANCED_FACE('',(#3112),#3106,.T.);
#3114=CARTESIAN_POINT('',(0.006636274646694166,0.000282842712474619,0.03336280561191908));
#3115=DIRECTION('',(-0.18074437515937364,-0.37638067707860584,-0.9086633352183293));
#3116=DIRECTION('',(1,0,0));
#3117=AXIS2_PLACEMENT_3D('',#3114,#3115,#3116);
#3118=PLANE('',#3117);
#3119=ORIENTED_EDGE('',*,*,#750,.T.);
#3120=ORIENTED_EDGE('',*,*,#755,.T.);
#3121=ORIENTED_EDGE('',*,*,#760,.T.);
#3122=ORIENTED_EDGE('',*,*,#765,.T.);
#3123=EDGE_LOOP('',(#3119,#3120,#3121,#3122));
#3124=FACE_OUTER_BOUND('',#3123,.T.);
#3125=ADVANCED_FACE('',(#3124),#3118,.T.);
#3126=CARTESIAN_POINT('',(0.006559737960221149,0.000682842712474619,0.03297802970541682));
#3127=DIRECTION('',(-0.07590088788047272,-0.9212144791753939,-0.3815795311289167));
#3128=DIRECTION('',(0.9966229467520578,-0.08211395744479173,0));
#3129=AXIS2_PLACEMENT_3D('',#3126,#3127,#3128);
#3130=PLANE('',#3129);
#3131=ORIENTED_EDGE('',*,*,#770,.T.);
#3132=ORIENTED_EDGE('',*,*,#775,.T.);
#3133=ORIENTED_EDGE('',*,*,#780,.T.);
#3134=ORIENTED_EDGE('',*,*,#785,.T.);
#3135=EDGE_LOOP('',(#3131,#3132,#3133,#3134));
#3136=FACE_OUTER_BOUND('',#3135,.T.);
#3137=ADVANCED_FACE('',(#3136),#3130,.T.);
#3138=CARTESIAN_POINT('',(0.006451498740191909,0.000682842712474619,0.03243387439996693));
#3139=DIRECTION('',(0.07590088788047215,-0.9212144791753949,0.38157953112891374));
#3140=DIRECTION('',(0.9966229467520578,0.08211395744479102,0));
#3141=AXIS2_PLACEMENT_3D('',#3138,#3139,#3140);
#3142=PLANE('',#3141);
#3143=ORIENTED_EDGE('',*,*,#790,.T.);
#3144=ORIENTED_EDGE('',*,*,#795,.T.);
#3145=ORIENTED_EDGE('',*,*,#800,.T.);
#3146=ORIENTED_EDGE('',*,*,#805,.T.);
#3147=EDGE_LOOP('',(#3143,#3144,#3145,#3146));
#3148=FACE_OUTER_BOUND('',#3147,.T.);
#3149=ADVANCED_FACE('',(#3148),#3142,.T.);
#3150=CARTESIAN_POINT('',(0.00637496205371889,0.000282842712474619,0.03204909849346467));
#3151=DIRECTION('',(0.18074437515937358,-0.3763806770786034,0.9086633352183304));
#3152=DIRECTION('',(1,0,0));
#3153=AXIS2_PLACEMENT_3D('',#3150,#3151,#3152);
#3154=PLANE('',#3153);
#3155=ORIENTED_EDGE('',*,*,#810,.T.);
#3156=ORIENTED_EDGE('',*,*,#815,.T.);
#3157=ORIENTED_EDGE('',*,*,#820,.T.);
#3158=ORIENTED_EDGE('',*,*,#825,.T.);
#3159=EDGE_LOOP('',(#3155,#3156,#3157,#3158));
#3160=FACE_OUTER_BOUND('',#3159,.T.);
#3161=ADVANCED_FACE('',(#3160),#3154,.T.);
#3162=CARTESIAN_POINT('',(0.00637496205371889,-0.00028284271247461896,0.03204909849346467));
#3163=DIRECTION('',(0.18074437515937355,0.3763806770786033,0.9086633352183304));
#3164=DIRECTION('',(1,0,0));
#3165=AXIS2_PLACEMENT_3D('',#3162,#3163,#3164);
#3166=PLANE('',#3165);
#3167=ORIENTED_EDGE('',*,*,#830,.T.);
#3168=ORIENTED_EDGE('',*,*,#835,.T.);
#3169=ORIENTED_EDGE('',*,*,#840,.T.);
#3170=ORIENTED_EDGE('',*,*,#845,.T.);
#3171=EDGE_LOOP('',(#3167,#3168,#3169,#3170));
#3172=FACE_OUTER_BOUND('',#3171,.T.);
#3173=ADVANCED_FACE('',(#3172),#3166,.T.);
#3174=CARTESIAN_POINT('',(0.006451498740191909,-0.000682842712474619,0.03243387439996693));
#3175=DIRECTION('',(0.07590088788047215,0.9212144791753949,0.38157953112891374));
#3176=DIRECTION('',(-0.9966229467520578,0.08211395744479102,0));
#3177=AXIS2_PLACEMENT_3D('',#3174,#3175,#3176);
#3178=PLANE('',#3177);
#3179=ORIENTED_EDGE('',*,*,#850,.T.);
#3180=ORIENTED_EDGE('',*,*,#855,.T.);
#3181=ORIENTED_EDGE('',*,*,#860,.T.);
#3182=ORIENTED_EDGE('',*,*,#865,.T.);
#3183=EDGE_LOOP('',(#3179,#3180,#3181,#3182));
#3184=FACE_OUTER_BOUND('',#3183,.T.);
#3185=ADVANCED_FACE('',(#3184),#3178,.T.);
#3186=CARTESIAN_POINT('',(0.006559737960221149,-0.0006828427124746191,0.03297802970541682));
#3187=DIRECTION('',(-0.07590088788047272,0.9212144791753939,-0.38157953112891646));
#3188=DIRECTION('',(-0.9966229467520578,-0.08211395744479173,0));
#3189=AXIS2_PLACEMENT_3D('',#3186,#3187,#3188);
#3190=PLANE('',#3189);
#3191=ORIENTED_EDGE('',*,*,#870,.T.);
#3192=ORIENTED_EDGE('',*,*,#875,.T.);
#3193=ORIENTED_EDGE('',*,*,#880,.T.);
#3194=ORIENTED_EDGE('',*,*,#885,.T.);
#3195=EDGE_LOOP('',(#3191,#3192,#3193,#3194));
#3196=FACE_OUTER_BOUND('',#3195,.T.);
#3197=ADVANCED_FACE('',(#3196),#3190,.T.);
#3198=CARTESIAN_POINT('',(0.006636274646694166,-0.00028284271247461907,0.03336280561191908));
#3199=DIRECTION('',(-0.18074437515937403,0.37638067707860573,-0.9086633352183293));
#3200=DIRECTION('',(1,0,0));
#3201=AXIS2_PLACEMENT_3D('',#3198,#3199,#3200);
#3202=PLANE('',#3201);
#3203=ORIENTED_EDGE('',*,*,#890,.T.);
#3204=ORIENTED_EDGE('',*,*,#895,.T.);
#3205=ORIENTED_EDGE('',*,*,#900,.T.);
#3206=ORIENTED_EDGE('',*,*,#905,.T.);
#3207=EDGE_LOOP('',(#3203,#3204,#3205,#3206));
#3208=FACE_OUTER_BOUND('',#3207,.T.);
#3209=ADVANCED_FACE('',(#3208),#3202,.T.);
#3210=CARTESIAN_POINT('',(-0.006636274646694162,0.000282842712474619,0.03336280561191908));
#3211=DIRECTION('',(0.1807443751593737,-0.3763806770786054,-0.9086633352183294));
#3212=DIRECTION('',(1,0,0));
#3213=AXIS2_PLACEMENT_3D('',#3210,#3211,#3212);
#3214=PLANE('',#3213);
#3215=ORIENTED_EDGE('',*,*,#910,.T.);
#3216=ORIENTED_EDGE('',*,*,#915,.T.);
#3217=ORIENTED_EDGE('',*,*,#920,.T.);
#3218=ORIENTED_EDGE('',*,*,#925,.T.);
#3219=EDGE_LOOP('',(#3215,#3216,#3217,#3218));
#3220=FACE_OUTER_BOUND('',#3219,.T.);
#3221=ADVANCED_FACE('',(#3220),#3214,.T.);
#3222=CARTESIAN_POINT('',(-0.006559737960221144,0.000682842712474619,0.03297802970541682));
#3223=DIRECTION('',(0.07590088788047272,-0.9212144791753938,-0.3815795311289167));
#3224=DIRECTION('',(0.9966229467520578,0.08211395744479175,0));
#3225=AXIS2_PLACEMENT_3D('',#3222,#3223,#3224);
#3226=PLANE('',#3225);
#3227=ORIENTED_EDGE('',*,*,#930,.T.);
#3228=ORIENTED_EDGE('',*,*,#935,.T.);
#3229=ORIENTED_EDGE('',*,*,#940,.T.);
#3230=ORIENTED_EDGE('',*,*,#945,.T.);
#3231=EDGE_LOOP('',(#3227,#3228,#3229,#3230));
#3232=FACE_OUTER_BOUND('',#3231,.T.);
#3233=ADVANCED_FACE('',(#3232),#3226,.T.);
#3234=CARTESIAN_POINT('',(-0.006451498740191905,0.000682842712474619,0.03243387439996693));
#3235=DIRECTION('',(-0.07590088788047217,-0.921214479175395,0.3815795311289139));
#3236=DIRECTION('',(0.9966229467520578,-0.08211395744479104,0));
#3237=AXIS2_PLACEMENT_3D('',#3234,#3235,#3236);
#3238=PLANE('',#3237);
#3239=ORIENTED_EDGE('',*,*,#950,.T.);
#3240=ORIENTED_EDGE('',*,*,#955,.T.);
#3241=ORIENTED_EDGE('',*,*,#960,.T.);
#3242=ORIENTED_EDGE('',*,*,#965,.T.);
#3243=EDGE_LOOP('',(#3239,#3240,#3241,#3242));
#3244=FACE_OUTER_BOUND('',#3243,.T.);
#3245=ADVANCED_FACE('',(#3244),#3238,.T.);
#3246=CARTESIAN_POINT('',(-0.006374962053718887,0.000282842712474619,0.03204909849346467));
#3247=DIRECTION('',(-0.18074437515937355,-0.37638067707860345,0.9086633352183302));
#3248=DIRECTION('',(1,0,0));
#3249=AXIS2_PLACEMENT_3D('',#3246,#3247,#3248);
#3250=PLANE('',#3249);
#3251=ORIENTED_EDGE('',*,*,#970,.T.);
#3252=ORIENTED_EDGE('',*,*,#975,.T.);
#3253=ORIENTED_EDGE('',*,*,#980,.T.);
#3254=ORIENTED_EDGE('',*,*,#985,.T.);
#3255=EDGE_LOOP('',(#3251,#3252,#3253,#3254));
#3256=FACE_OUTER_BOUND('',#3255,.T.);
#3257=ADVANCED_FACE('',(#3256),#3250,.T.);
#3258=CARTESIAN_POINT('',(-0.006374962053718887,-0.00028284271247461896,0.03204909849346467));
#3259=DIRECTION('',(-0.18074437515937355,0.37638067707860323,0.9086633352183304));
#3260=DIRECTION('',(1,0,0));
#3261=AXIS2_PLACEMENT_3D('',#3258,#3259,#3260);
#3262=PLANE('',#3261);
#3263=ORIENTED_EDGE('',*,*,#990,.T.);
#3264=ORIENTED_EDGE('',*,*,#995,.T.);
#3265=ORIENTED_EDGE('',*,*,#1000,.T.);
#3266=ORIENTED_EDGE('',*,*,#1005,.T.);
#3267=EDGE_LOOP('',(#3263,#3264,#3265,#3266));
#3268=FACE_OUTER_BOUND('',#3267,.T.);
#3269=ADVANCED_FACE('',(#3268),#3262,.T.);
#3270=CARTESIAN_POINT('',(-0.006451498740191905,-0.000682842712474619,0.03243387439996693));
#3271=DIRECTION('',(-0.07590088788047217,0.921214479175395,0.3815795311289138));
#3272=DIRECTION('',(-0.9966229467520578,-0.08211395744479104,0));
#3273=AXIS2_PLACEMENT_3D('',#3270,#3271,#3272);
#3274=PLANE('',#3273);
#3275=ORIENTED_EDGE('',*,*,#1010,.T.);
#3276=ORIENTED_EDGE('',*,*,#1015,.T.);
#3277=ORIENTED_EDGE('',*,*,#1020,.T.);
#3278=ORIENTED_EDGE('',*,*,#1025,.T.);
#3279=EDGE_LOOP('',(#3275,#3276,#3277,#3278));
#3280=FACE_OUTER_BOUND('',#3279,.T.);
#3281=ADVANCED_FACE('',(#3280),#3274,.T.);
#3282=CARTESIAN_POINT('',(-0.006559737960221144,-0.0006828427124746191,0.03297802970541683));
#3283=DIRECTION('',(0.07590088788047274,0.921214479175394,-0.3815795311289165));
#3284=DIRECTION('',(-0.9966229467520578,0.08211395744479175,0));
#3285=AXIS2_PLACEMENT_3D('',#3282,#3283,#3284);
#3286=PLANE('',#3285);
#3287=ORIENTED_EDGE('',*,*,#1030,.T.);
#3288=ORIENTED_EDGE('',*,*,#1035,.T.);
#3289=ORIENTED_EDGE('',*,*,#1040,.T.);
#3290=ORIENTED_EDGE('',*,*,#1045,.T.);
#3291=EDGE_LOOP('',(#3287,#3288,#3289,#3290));
#3292=FACE_OUTER_BOUND('',#3291,.T.);
#3293=ADVANCED_FACE('',(#3292),#3286,.T.);
#3294=CARTESIAN_POINT('',(-0.006636274646694162,-0.00028284271247461907,0.03336280561191908));
#3295=DIRECTION('',(0.18074437515937405,0.3763806770786053,-0.9086633352183295));
#3296=DIRECTION('',(1,0,0));
#3297=AXIS2_PLACEMENT_3D('',#3294,#3295,#3296);
#3298=PLANE('',#3297);
#3299=ORIENTED_EDGE('',*,*,#1050,.T.);
#3300=ORIENTED_EDGE('',*,*,#1055,.T.);
#3301=ORIENTED_EDGE('',*,*,#1060,.T.);
#3302=ORIENTED_EDGE('',*,*,#1065,.T.);
#3303=EDGE_LOOP('',(#3299,#3300,#3301,#3302));
#3304=FACE_OUTER_BOUND('',#3303,.T.);
#3305=ADVANCED_FACE('',(#3304),#3298,.T.);
#3306=CARTESIAN_POINT('',(-0.018898511283102784,0.000282842712474619,0.02828362089209039));
#3307=DIRECTION('',(0.5147164328119468,-0.3763806770786075,-0.7703275794849835));
#3308=DIRECTION('',(0.5902637027765908,0.8072104813395753,0));
#3309=AXIS2_PLACEMENT_3D('',#3306,#3307,#3308);
#3310=PLANE('',#3309);
#3311=ORIENTED_EDGE('',*,*,#1070,.T.);
#3312=ORIENTED_EDGE('',*,*,#1075,.T.);
#3313=ORIENTED_EDGE('',*,*,#1080,.T.);
#3314=ORIENTED_EDGE('',*,*,#1085,.T.);
#3315=EDGE_LOOP('',(#3311,#3312,#3313,#3314));
#3316=FACE_OUTER_BOUND('',#3315,.T.);
#3317=ADVANCED_FACE('',(#3316),#3310,.T.);
#3318=CARTESIAN_POINT('',(-0.018680553240392455,0.000682842712474619,0.027957423629350824));
#3319=DIRECTION('',(0.21614744150487797,-0.921214479175394,-0.3234875065416019));
#3320=DIRECTION('',(0.9735604476171117,0.22842954019909328,0));
#3321=AXIS2_PLACEMENT_3D('',#3318,#3319,#3320);
#3322=PLANE('',#3321);
#3323=ORIENTED_EDGE('',*,*,#1090,.T.);
#3324=ORIENTED_EDGE('',*,*,#1095,.T.);
#3325=ORIENTED_EDGE('',*,*,#1100,.T.);
#3326=ORIENTED_EDGE('',*,*,#1105,.T.);
#3327=EDGE_LOOP('',(#3323,#3324,#3325,#3326));
#3328=FACE_OUTER_BOUND('',#3327,.T.);
#3329=ADVANCED_FACE('',(#3328),#3322,.T.);
#3330=CARTESIAN_POINT('',(-0.018372314020363212,0.000682842712474619,0.02749611103637555));
#3331=DIRECTION('',(-0.2161474415048774,-0.9212144791753943,0.3234875065416014));
#3332=DIRECTION('',(0.9735604476171118,-0.22842954019909265,0));
#3333=AXIS2_PLACEMENT_3D('',#3330,#3331,#3332);
#3334=PLANE('',#3333);
#3335=ORIENTED_EDGE('',*,*,#1110,.T.);
#3336=ORIENTED_EDGE('',*,*,#1115,.T.);
#3337=ORIENTED_EDGE('',*,*,#1120,.T.);
#3338=ORIENTED_EDGE('',*,*,#1125,.T.);
#3339=EDGE_LOOP('',(#3335,#3336,#3337,#3338));
#3340=FACE_OUTER_BOUND('',#3339,.T.);
#3341=ADVANCED_FACE('',(#3340),#3334,.T.);
#3342=CARTESIAN_POINT('',(-0.018154355977652886,0.000282842712474619,0.02716991377363598));
#3343=DIRECTION('',(-0.514716432811947,-0.37638067707860545,0.7703275794849843));
#3344=DIRECTION('',(0.5902637027765885,-0.8072104813395768,0));
#3345=AXIS2_PLACEMENT_3D('',#3342,#3343,#3344);
#3346=PLANE('',#3345);
#3347=ORIENTED_EDGE('',*,*,#1130,.T.);
#3348=ORIENTED_EDGE('',*,*,#1135,.T.);
#3349=ORIENTED_EDGE('',*,*,#1140,.T.);
#3350=ORIENTED_EDGE('',*,*,#1145,.T.);
#3351=EDGE_LOOP('',(#3347,#3348,#3349,#3350));
#3352=FACE_OUTER_BOUND('',#3351,.T.);
#3353=ADVANCED_FACE('',(#3352),#3346,.T.);
#3354=CARTESIAN_POINT('',(-0.018154355977652886,-0.00028284271247461896,0.02716991377363598));
#3355=DIRECTION('',(-0.5147164328119471,0.3763806770786054,0.7703275794849844));
#3356=DIRECTION('',(-0.5902637027765882,-0.8072104813395768,0));
#3357=AXIS2_PLACEMENT_3D('',#3354,#3355,#3356);
#3358=PLANE('',#3357);
#3359=ORIENTED_EDGE('',*,*,#1150,.T.);
#3360=ORIENTED_EDGE('',*,*,#1155,.T.);
#3361=ORIENTED_EDGE('',*,*,#1160,.T.);
#3362=ORIENTED_EDGE('',*,*,#1165,.T.);
#3363=EDGE_LOOP('',(#3359,#3360,#3361,#3362));
#3364=FACE_OUTER_BOUND('',#3363,.T.);
#3365=ADVANCED_FACE('',(#3364),#3358,.T.);
#3366=CARTESIAN_POINT('',(-0.018372314020363215,-0.000682842712474619,0.027496111036375545));
#3367=DIRECTION('',(-0.2161474415048774,0.9212144791753943,0.3234875065416014));
#3368=DIRECTION('',(-0.9735604476171118,-0.22842954019909265,0));
#3369=AXIS2_PLACEMENT_3D('',#3366,#3367,#3368);
#3370=PLANE('',#3369);
#3371=ORIENTED_EDGE('',*,*,#1170,.T.);
#3372=ORIENTED_EDGE('',*,*,#1175,.T.);
#3373=ORIENTED_EDGE('',*,*,#1180,.T.);
#3374=ORIENTED_EDGE('',*,*,#1185,.T.);
#3375=EDGE_LOOP('',(#3371,#3372,#3373,#3374));
#3376=FACE_OUTER_BOUND('',#3375,.T.);
#3377=ADVANCED_FACE('',(#3376),#3370,.T.);
#3378=CARTESIAN_POINT('',(-0.01868055324039245,-0.0006828427124746191,0.027957423629350824));
#3379=DIRECTION('',(0.21614744150487789,0.921214479175394,-0.32348750654160174));
#3380=DIRECTION('',(-0.9735604476171117,0.2284295401990932,0));
#3381=AXIS2_PLACEMENT_3D('',#3378,#3379,#3380);
#3382=PLANE('',#3381);
#3383=ORIENTED_EDGE('',*,*,#1190,.T.);
#3384=ORIENTED_EDGE('',*,*,#1195,.T.);
#3385=ORIENTED_EDGE('',*,*,#1200,.T.);
#3386=ORIENTED_EDGE('',*,*,#1205,.T.);
#3387=EDGE_LOOP('',(#3383,#3384,#3385,#3386));
#3388=FACE_OUTER_BOUND('',#3387,.T.);
#3389=ADVANCED_FACE('',(#3388),#3382,.T.);
#3390=CARTESIAN_POINT('',(-0.01889851128310278,-0.00028284271247461907,0.02828362089209039));
#3391=DIRECTION('',(0.5147164328119467,0.3763806770786074,-0.7703275794849836));
#3392=DIRECTION('',(-0.5902637027765907,0.8072104813395752,0));
#3393=AXIS2_PLACEMENT_3D('',#3390,#3391,#3392);
#3394=PLANE('',#3393);
#3395=ORIENTED_EDGE('',*,*,#1210,.T.);
#3396=ORIENTED_EDGE('',*,*,#1215,.T.);
#3397=ORIENTED_EDGE('',*,*,#1220,.T.);
#3398=ORIENTED_EDGE('',*,*,#1225,.T.);
#3399=EDGE_LOOP('',(#3395,#3396,#3397,#3398));
#3400=FACE_OUTER_BOUND('',#3399,.T.);
#3401=ADVANCED_FACE('',(#3400),#3394,.T.);
#3402=CARTESIAN_POINT('',(-0.028283620892090387,0.000282842712474619,0.018898511283102784));
#3403=DIRECTION('',(0.7703275794849836,-0.37638067707860734,-0.514716432811947));
#3404=DIRECTION('',(0.43899933058489404,0.8984873887517926,0));
#3405=AXIS2_PLACEMENT_3D('',#3402,#3403,#3404);
#3406=PLANE('',#3405);
#3407=ORIENTED_EDGE('',*,*,#1230,.T.);
#3408=ORIENTED_EDGE('',*,*,#1235,.T.);
#3409=ORIENTED_EDGE('',*,*,#1240,.T.);
#3410=ORIENTED_EDGE('',*,*,#1245,.T.);
#3411=EDGE_LOOP('',(#3407,#3408,#3409,#3410));
#3412=FACE_OUTER_BOUND('',#3411,.T.);
#3413=ADVANCED_FACE('',(#3412),#3406,.T.);
#3414=CARTESIAN_POINT('',(-0.027957423629350824,0.000682842712474619,0.01868055324039246));
#3415=DIRECTION('',(0.32348750654160335,-0.9212144791753935,-0.21614744150487888));
#3416=DIRECTION('',(0.9435185652080065,0.331319660008012,0));
#3417=AXIS2_PLACEMENT_3D('',#3414,#3415,#3416);
#3418=PLANE('',#3417);
#3419=ORIENTED_EDGE('',*,*,#1250,.T.);
#3420=ORIENTED_EDGE('',*,*,#1255,.T.);
#3421=ORIENTED_EDGE('',*,*,#1260,.T.);
#3422=ORIENTED_EDGE('',*,*,#1265,.T.);
#3423=EDGE_LOOP('',(#3419,#3420,#3421,#3422));
#3424=FACE_OUTER_BOUND('',#3423,.T.);
#3425=ADVANCED_FACE('',(#3424),#3418,.T.);
#3426=CARTESIAN_POINT('',(-0.027496111036375545,0.000682842712474619,0.01837231402036322));
#3427=DIRECTION('',(-0.32348750654160147,-0.9212144791753943,0.21614744150487764));
#3428=DIRECTION('',(0.9435185652080074,-0.33131966000801005,0));
#3429=AXIS2_PLACEMENT_3D('',#3426,#3427,#3428);
#3430=PLANE('',#3429);
#3431=ORIENTED_EDGE('',*,*,#1270,.T.);
#3432=ORIENTED_EDGE('',*,*,#1275,.T.);
#3433=ORIENTED_EDGE('',*,*,#1280,.T.);
#3434=ORIENTED_EDGE('',*,*,#1285,.T.);
#3435=EDGE_LOOP('',(#3431,#3432,#3433,#3434));
#3436=FACE_OUTER_BOUND('',#3435,.T.);
#3437=ADVANCED_FACE('',(#3436),#3430,.T.);
#3438=CARTESIAN_POINT('',(-0.02716991377363598,0.000282842712474619,0.01815435597765289));
#3439=DIRECTION('',(-0.7703275794849822,-0.37638067707861106,0.5147164328119459));
#3440=DIRECTION('',(0.4389993305848982,-0.8984873887517906,0));
#3441=AXIS2_PLACEMENT_3D('',#3438,#3439,#3440);
#3442=PLANE('',#3441);
#3443=ORIENTED_EDGE('',*,*,#1290,.T.);
#3444=ORIENTED_EDGE('',*,*,#1295,.T.);
#3445=ORIENTED_EDGE('',*,*,#1300,.T.);
#3446=ORIENTED_EDGE('',*,*,#1305,.T.);
#3447=EDGE_LOOP('',(#3443,#3444,#3445,#3446));
#3448=FACE_OUTER_BOUND('',#3447,.T.);
#3449=ADVANCED_FACE('',(#3448),#3442,.T.);
#3450=CARTESIAN_POINT('',(-0.02716991377363598,-0.00028284271247461896,0.01815435597765289));
#3451=DIRECTION('',(-0.7703275794849823,0.376380677078611,0.5147164328119459));
#3452=DIRECTION('',(-0.43899933058489815,-0.8984873887517907,0));
#3453=AXIS2_PLACEMENT_3D('',#3450,#3451,#3452);
#3454=PLANE('',#3453);
#3455=ORIENTED_EDGE('',*,*,#1310,.T.);
#3456=ORIENTED_EDGE('',*,*,#1315,.T.);
#3457=ORIENTED_EDGE('',*,*,#1320,.T.);
#3458=ORIENTED_EDGE('',*,*,#1325,.T.);
#3459=EDGE_LOOP('',(#3455,#3456,#3457,#3458));
#3460=FACE_OUTER_BOUND('',#3459,.T.);
#3461=ADVANCED_FACE('',(#3460),#3454,.T.);
#3462=CARTESIAN_POINT('',(-0.027496111036375545,-0.000682842712474619,0.01837231402036322));
#3463=DIRECTION('',(-0.32348750654160147,0.9212144791753943,0.21614744150487764));
#3464=DIRECTION('',(-0.9435185652080074,-0.33131966000801005,0));
#3465=AXIS2_PLACEMENT_3D('',#3462,#3463,#3464);
#3466=PLANE('',#3465);
#3467=ORIENTED_EDGE('',*,*,#1330,.T.);
#3468=ORIENTED_EDGE('',*,*,#1335,.T.);
#3469=ORIENTED_EDGE('',*,*,#1340,.T.);
#3470=ORIENTED_EDGE('',*,*,#1345,.T.);
#3471=EDGE_LOOP('',(#3467,#3468,#3469,#3470));
#3472=FACE_OUTER_BOUND('',#3471,.T.);
#3473=ADVANCED_FACE('',(#3472),#3466,.T.);
#3474=CARTESIAN_POINT('',(-0.02795742362935082,-0.0006828427124746191,0.01868055324039246));
#3475=DIRECTION('',(0.3234875065416032,0.9212144791753935,-0.21614744150487888));
#3476=DIRECTION('',(-0.9435185652080066,0.3313196600080119,0));
#3477=AXIS2_PLACEMENT_3D('',#3474,#3475,#3476);
#3478=PLANE('',#3477);
#3479=ORIENTED_EDGE('',*,*,#1350,.T.);
#3480=ORIENTED_EDGE('',*,*,#1355,.T.);
#3481=ORIENTED_EDGE('',*,*,#1360,.T.);
#3482=ORIENTED_EDGE('',*,*,#1365,.T.);
#3483=EDGE_LOOP('',(#3479,#3480,#3481,#3482));
#3484=FACE_OUTER_BOUND('',#3483,.T.);
#3485=ADVANCED_FACE('',(#3484),#3478,.T.);
#3486=CARTESIAN_POINT('',(-0.028283620892090387,-0.00028284271247461907,0.018898511283102784));
#3487=DIRECTION('',(0.7703275794849836,0.3763806770786073,-0.514716432811947));
#3488=DIRECTION('',(-0.43899933058489404,0.8984873887517927,0));
#3489=AXIS2_PLACEMENT_3D('',#3486,#3487,#3488);
#3490=PLANE('',#3489);
#3491=ORIENTED_EDGE('',*,*,#1370,.T.);
#3492=ORIENTED_EDGE('',*,*,#1375,.T.);
#3493=ORIENTED_EDGE('',*,*,#1380,.T.);
#3494=ORIENTED_EDGE('',*,*,#1385,.T.);
#3495=EDGE_LOOP('',(#3491,#3492,#3493,#3494));
#3496=FACE_OUTER_BOUND('',#3495,.T.);
#3497=ADVANCED_FACE('',(#3496),#3490,.T.);
#3498=CARTESIAN_POINT('',(-0.03336280561191908,0.000282842712474619,0.006636274646694168));
#3499=DIRECTION('',(0.9086633352183281,-0.37638067707860867,-0.18074437515937358));
#3500=DIRECTION('',(0.382683432365096,0.9238795325112842,0));
#3501=AXIS2_PLACEMENT_3D('',#3498,#3499,#3500);
#3502=PLANE('',#3501);
#3503=ORIENTED_EDGE('',*,*,#1390,.T.);
#3504=ORIENTED_EDGE('',*,*,#1395,.T.);
#3505=ORIENTED_EDGE('',*,*,#1400,.T.);
#3506=ORIENTED_EDGE('',*,*,#1405,.T.);
#3507=EDGE_LOOP('',(#3503,#3504,#3505,#3506));
#3508=FACE_OUTER_BOUND('',#3507,.T.);
#3509=ADVANCED_FACE('',(#3508),#3502,.T.);
#3510=CARTESIAN_POINT('',(-0.03297802970541682,0.000682842712474619,0.00655973796022115));
#3511=DIRECTION('',(0.38157953112891513,-0.9212144791753945,-0.07590088788047239));
#3512=DIRECTION('',(0.9238795325112868,0.38268343236508945,0));
#3513=AXIS2_PLACEMENT_3D('',#3510,#3511,#3512);
#3514=PLANE('',#3513);
#3515=ORIENTED_EDGE('',*,*,#1410,.T.);
#3516=ORIENTED_EDGE('',*,*,#1415,.T.);
#3517=ORIENTED_EDGE('',*,*,#1420,.T.);
#3518=ORIENTED_EDGE('',*,*,#1425,.T.);
#3519=EDGE_LOOP('',(#3515,#3516,#3517,#3518));
#3520=FACE_OUTER_BOUND('',#3519,.T.);
#3521=ADVANCED_FACE('',(#3520),#3514,.T.);
#3522=CARTESIAN_POINT('',(-0.03243387439996693,0.000682842712474619,0.006451498740191911));
#3523=DIRECTION('',(-0.3815795311289169,-0.9212144791753938,0.07590088788047275));
#3524=DIRECTION('',(0.9238795325112862,-0.3826834323650912,0));
#3525=AXIS2_PLACEMENT_3D('',#3522,#3523,#3524);
#3526=PLANE('',#3525);
#3527=ORIENTED_EDGE('',*,*,#1430,.T.);
#3528=ORIENTED_EDGE('',*,*,#1435,.T.);
#3529=ORIENTED_EDGE('',*,*,#1440,.T.);
#3530=ORIENTED_EDGE('',*,*,#1445,.T.);
#3531=EDGE_LOOP('',(#3527,#3528,#3529,#3530));
#3532=FACE_OUTER_BOUND('',#3531,.T.);
#3533=ADVANCED_FACE('',(#3532),#3526,.T.);
#3534=CARTESIAN_POINT('',(-0.03204909849346467,0.000282842712474619,0.006374962053718892));
#3535=DIRECTION('',(-0.9086633352183273,-0.3763806770786107,0.18074437515937333));
#3536=DIRECTION('',(0.38268343236509805,-0.9238795325112834,0));
#3537=AXIS2_PLACEMENT_3D('',#3534,#3535,#3536);
#3538=PLANE('',#3537);
#3539=ORIENTED_EDGE('',*,*,#1450,.T.);
#3540=ORIENTED_EDGE('',*,*,#1455,.T.);
#3541=ORIENTED_EDGE('',*,*,#1460,.T.);
#3542=ORIENTED_EDGE('',*,*,#1465,.T.);
#3543=EDGE_LOOP('',(#3539,#3540,#3541,#3542));
#3544=FACE_OUTER_BOUND('',#3543,.T.);
#3545=ADVANCED_FACE('',(#3544),#3538,.T.);
#3546=CARTESIAN_POINT('',(-0.03204909849346467,-0.00028284271247461896,0.006374962053718892));
#3547=DIRECTION('',(-0.9086633352183274,0.3763806770786106,0.18074437515937333));
#3548=DIRECTION('',(-0.3826834323650979,-0.9238795325112834,0));
#3549=AXIS2_PLACEMENT_3D('',#3546,#3547,#3548);
#3550=PLANE('',#3549);
#3551=ORIENTED_EDGE('',*,*,#1470,.T.);
#3552=ORIENTED_EDGE('',*,*,#1475,.T.);
#3553=ORIENTED_EDGE('',*,*,#1480,.T.);
#3554=ORIENTED_EDGE('',*,*,#1485,.T.);
#3555=EDGE_LOOP('',(#3551,#3552,#3553,#3554));
#3556=FACE_OUTER_BOUND('',#3555,.T.);
#3557=ADVANCED_FACE('',(#3556),#3550,.T.);
#3558=CARTESIAN_POINT('',(-0.03243387439996693,-0.000682842712474619,0.006451498740191911));
#3559=DIRECTION('',(-0.3815795311289169,0.9212144791753938,0.07590088788047275));
#3560=DIRECTION('',(-0.9238795325112862,-0.3826834323650912,0));
#3561=AXIS2_PLACEMENT_3D('',#3558,#3559,#3560);
#3562=PLANE('',#3561);
#3563=ORIENTED_EDGE('',*,*,#1490,.T.);
#3564=ORIENTED_EDGE('',*,*,#1495,.T.);
#3565=ORIENTED_EDGE('',*,*,#1500,.T.);
#3566=ORIENTED_EDGE('',*,*,#1505,.T.);
#3567=EDGE_LOOP('',(#3563,#3564,#3565,#3566));
#3568=FACE_OUTER_BOUND('',#3567,.T.);
#3569=ADVANCED_FACE('',(#3568),#3562,.T.);
#3570=CARTESIAN_POINT('',(-0.03297802970541682,-0.0006828427124746191,0.00655973796022115));
#3571=DIRECTION('',(0.38157953112891496,0.9212144791753945,-0.07590088788047239));
#3572=DIRECTION('',(-0.923879532511287,0.38268343236508934,0));
#3573=AXIS2_PLACEMENT_3D('',#3570,#3571,#3572);
#3574=PLANE('',#3573);
#3575=ORIENTED_EDGE('',*,*,#1510,.T.);
#3576=ORIENTED_EDGE('',*,*,#1515,.T.);
#3577=ORIENTED_EDGE('',*,*,#1520,.T.);
#3578=ORIENTED_EDGE('',*,*,#1525,.T.);
#3579=EDGE_LOOP('',(#3575,#3576,#3577,#3578));
#3580=FACE_OUTER_BOUND('',#3579,.T.);
#3581=ADVANCED_FACE('',(#3580),#3574,.T.);
#3582=CARTESIAN_POINT('',(-0.03336280561191908,-0.00028284271247461907,0.006636274646694168));
#3583=DIRECTION('',(0.9086633352183281,0.3763806770786086,-0.18074437515937358));
#3584=DIRECTION('',(-0.38268343236509594,0.9238795325112842,0));
#3585=AXIS2_PLACEMENT_3D('',#3582,#3583,#3584);
#3586=PLANE('',#3585);
#3587=ORIENTED_EDGE('',*,*,#1530,.T.);
#3588=ORIENTED_EDGE('',*,*,#1535,.T.);
#3589=ORIENTED_EDGE('',*,*,#1540,.T.);
#3590=ORIENTED_EDGE('',*,*,#1545,.T.);
#3591=EDGE_LOOP('',(#3587,#3588,#3589,#3590));
#3592=FACE_OUTER_BOUND('',#3591,.T.);
#3593=ADVANCED_FACE('',(#3592),#3586,.T.);
#3594=CARTESIAN_POINT('',(-0.03336280561191908,0.000282842712474619,-0.006636274646694161));
#3595=DIRECTION('',(0.9086633352183304,-0.3763806770786032,0.18074437515937353));
#3596=DIRECTION('',(0.3826834323650904,0.9238795325112865,0));
#3597=AXIS2_PLACEMENT_3D('',#3594,#3595,#3596);
#3598=PLANE('',#3597);
#3599=ORIENTED_EDGE('',*,*,#1550,.T.);
#3600=ORIENTED_EDGE('',*,*,#1555,.T.);
#3601=ORIENTED_EDGE('',*,*,#1560,.T.);
#3602=ORIENTED_EDGE('',*,*,#1565,.T.);
#3603=EDGE_LOOP('',(#3599,#3600,#3601,#3602));
#3604=FACE_OUTER_BOUND('',#3603,.T.);
#3605=ADVANCED_FACE('',(#3604),#3598,.T.);
#3606=CARTESIAN_POINT('',(-0.03297802970541683,0.000682842712474619,-0.0065597379602211426));
#3607=DIRECTION('',(0.38157953112891213,-0.9212144791753958,0.07590088788047168));
#3608=DIRECTION('',(0.9238795325112882,0.3826834323650864,0));
#3609=AXIS2_PLACEMENT_3D('',#3606,#3607,#3608);
#3610=PLANE('',#3609);
#3611=ORIENTED_EDGE('',*,*,#1570,.T.);
#3612=ORIENTED_EDGE('',*,*,#1575,.T.);
#3613=ORIENTED_EDGE('',*,*,#1580,.T.);
#3614=ORIENTED_EDGE('',*,*,#1585,.T.);
#3615=EDGE_LOOP('',(#3611,#3612,#3613,#3614));
#3616=FACE_OUTER_BOUND('',#3615,.T.);
#3617=ADVANCED_FACE('',(#3616),#3610,.T.);
#3618=CARTESIAN_POINT('',(-0.03243387439996693,0.000682842712474619,-0.006451498740191903));
#3619=DIRECTION('',(-0.38157953112891685,-0.9212144791753938,-0.07590088788047267));
#3620=DIRECTION('',(0.9238795325112862,-0.38268343236509117,0));
#3621=AXIS2_PLACEMENT_3D('',#3618,#3619,#3620);
#3622=PLANE('',#3621);
#3623=ORIENTED_EDGE('',*,*,#1590,.T.);
#3624=ORIENTED_EDGE('',*,*,#1595,.T.);
#3625=ORIENTED_EDGE('',*,*,#1600,.T.);
#3626=ORIENTED_EDGE('',*,*,#1605,.T.);
#3627=EDGE_LOOP('',(#3623,#3624,#3625,#3626));
#3628=FACE_OUTER_BOUND('',#3627,.T.);
#3629=ADVANCED_FACE('',(#3628),#3622,.T.);
#3630=CARTESIAN_POINT('',(-0.03204909849346467,0.000282842712474619,-0.006374962053718886));
#3631=DIRECTION('',(-0.9086633352183326,-0.3763806770785975,-0.18074437515937414));
#3632=DIRECTION('',(0.3826834323650847,-0.923879532511289,0));
#3633=AXIS2_PLACEMENT_3D('',#3630,#3631,#3632);
#3634=PLANE('',#3633);
#3635=ORIENTED_EDGE('',*,*,#1610,.T.);
#3636=ORIENTED_EDGE('',*,*,#1615,.T.);
#3637=ORIENTED_EDGE('',*,*,#1620,.T.);
#3638=ORIENTED_EDGE('',*,*,#1625,.T.);
#3639=EDGE_LOOP('',(#3635,#3636,#3637,#3638));
#3640=FACE_OUTER_BOUND('',#3639,.T.);
#3641=ADVANCED_FACE('',(#3640),#3634,.T.);
#3642=CARTESIAN_POINT('',(-0.03204909849346467,-0.00028284271247461896,-0.006374962053718886));
#3643=DIRECTION('',(-0.9086633352183326,0.37638067707859735,-0.18074437515937414));
#3644=DIRECTION('',(-0.3826834323650845,-0.923879532511289,0));
#3645=AXIS2_PLACEMENT_3D('',#3642,#3643,#3644);
#3646=PLANE('',#3645);
#3647=ORIENTED_EDGE('',*,*,#1630,.T.);
#3648=ORIENTED_EDGE('',*,*,#1635,.T.);
#3649=ORIENTED_EDGE('',*,*,#1640,.T.);
#3650=ORIENTED_EDGE('',*,*,#1645,.T.);
#3651=EDGE_LOOP('',(#3647,#3648,#3649,#3650));
#3652=FACE_OUTER_BOUND('',#3651,.T.);
#3653=ADVANCED_FACE('',(#3652),#3646,.T.);
#3654=CARTESIAN_POINT('',(-0.03243387439996693,-0.000682842712474619,-0.006451498740191903));
#3655=DIRECTION('',(-0.38157953112891685,0.9212144791753938,-0.07590088788047268));
#3656=DIRECTION('',(-0.9238795325112862,-0.38268343236509117,0));
#3657=AXIS2_PLACEMENT_3D('',#3654,#3655,#3656);
#3658=PLANE('',#3657);
#3659=ORIENTED_EDGE('',*,*,#1650,.T.);
#3660=ORIENTED_EDGE('',*,*,#1655,.T.);
#3661=ORIENTED_EDGE('',*,*,#1660,.T.);
#3662=ORIENTED_EDGE('',*,*,#1665,.T.);
#3663=EDGE_LOOP('',(#3659,#3660,#3661,#3662));
#3664=FACE_OUTER_BOUND('',#3663,.T.);
#3665=ADVANCED_FACE('',(#3664),#3658,.T.);
#3666=CARTESIAN_POINT('',(-0.03297802970541683,-0.0006828427124746191,-0.0065597379602211426));
#3667=DIRECTION('',(0.3815795311289119,0.9212144791753958,0.07590088788047164));
#3668=DIRECTION('',(-0.9238795325112883,0.38268343236508623,0));
#3669=AXIS2_PLACEMENT_3D('',#3666,#3667,#3668);
#3670=PLANE('',#3669);
#3671=ORIENTED_EDGE('',*,*,#1670,.T.);
#3672=ORIENTED_EDGE('',*,*,#1675,.T.);
#3673=ORIENTED_EDGE('',*,*,#1680,.T.);
#3674=ORIENTED_EDGE('',*,*,#1685,.T.);
#3675=EDGE_LOOP('',(#3671,#3672,#3673,#3674));
#3676=FACE_OUTER_BOUND('',#3675,.T.);
#3677=ADVANCED_FACE('',(#3676),#3670,.T.);
#3678=CARTESIAN_POINT('',(-0.03336280561191909,-0.00028284271247461907,-0.006636274646694161));
#3679=DIRECTION('',(0.9086633352183304,0.37638067707860307,0.18074437515937355));
#3680=DIRECTION('',(-0.3826834323650903,0.9238795325112865,0));
#3681=AXIS2_PLACEMENT_3D('',#3678,#3679,#3680);
#3682=PLANE('',#3681);
#3683=ORIENTED_EDGE('',*,*,#1690,.T.);
#3684=ORIENTED_EDGE('',*,*,#1695,.T.);
#3685=ORIENTED_EDGE('',*,*,#1700,.T.);
#3686=ORIENTED_EDGE('',*,*,#1705,.T.);
#3687=EDGE_LOOP('',(#3683,#3684,#3685,#3686));
#3688=FACE_OUTER_BOUND('',#3687,.T.);
#3689=ADVANCED_FACE('',(#3688),#3682,.T.);
#3690=CARTESIAN_POINT('',(-0.028283620892090397,0.000282842712474619,-0.01889851128310278));
#3691=DIRECTION('',(0.7703275794849831,-0.37638067707860895,0.5147164328119465));
#3692=DIRECTION('',(0.4389993305848959,0.8984873887517918,0));
#3693=AXIS2_PLACEMENT_3D('',#3690,#3691,#3692);
#3694=PLANE('',#3693);
#3695=ORIENTED_EDGE('',*,*,#1710,.T.);
#3696=ORIENTED_EDGE('',*,*,#1715,.T.);
#3697=ORIENTED_EDGE('',*,*,#1720,.T.);
#3698=ORIENTED_EDGE('',*,*,#1725,.T.);
#3699=EDGE_LOOP('',(#3695,#3696,#3697,#3698));
#3700=FACE_OUTER_BOUND('',#3699,.T.);
#3701=ADVANCED_FACE('',(#3700),#3694,.T.);
#3702=CARTESIAN_POINT('',(-0.02795742362935083,0.000682842712474619,-0.01868055324039245));
#3703=DIRECTION('',(0.3234875065415997,-0.9212144791753951,0.21614744150487622));
#3704=DIRECTION('',(0.9435185652080079,0.33131966000800817,0));
#3705=AXIS2_PLACEMENT_3D('',#3702,#3703,#3704);
#3706=PLANE('',#3705);
#3707=ORIENTED_EDGE('',*,*,#1730,.T.);
#3708=ORIENTED_EDGE('',*,*,#1735,.T.);
#3709=ORIENTED_EDGE('',*,*,#1740,.T.);
#3710=ORIENTED_EDGE('',*,*,#1745,.T.);
#3711=EDGE_LOOP('',(#3707,#3708,#3709,#3710));
#3712=FACE_OUTER_BOUND('',#3711,.T.);
#3713=ADVANCED_FACE('',(#3712),#3706,.T.);
#3714=CARTESIAN_POINT('',(-0.02749611103637555,0.000682842712474619,-0.018372314020363212));
#3715=DIRECTION('',(-0.32348750654160013,-0.9212144791753949,-0.2161474415048765));
#3716=DIRECTION('',(0.9435185652080078,-0.3313196600080086,0));
#3717=AXIS2_PLACEMENT_3D('',#3714,#3715,#3716);
#3718=PLANE('',#3717);
#3719=ORIENTED_EDGE('',*,*,#1750,.T.);
#3720=ORIENTED_EDGE('',*,*,#1755,.T.);
#3721=ORIENTED_EDGE('',*,*,#1760,.T.);
#3722=ORIENTED_EDGE('',*,*,#1765,.T.);
#3723=EDGE_LOOP('',(#3719,#3720,#3721,#3722));
#3724=FACE_OUTER_BOUND('',#3723,.T.);
#3725=ADVANCED_FACE('',(#3724),#3718,.T.);
#3726=CARTESIAN_POINT('',(-0.027169913773635982,0.000282842712474619,-0.018154355977652886));
#3727=DIRECTION('',(-0.7703275794849854,-0.37638067707860207,-0.5147164328119478));
#3728=DIRECTION('',(0.43899933058488827,-0.8984873887517955,0));
#3729=AXIS2_PLACEMENT_3D('',#3726,#3727,#3728);
#3730=PLANE('',#3729);
#3731=ORIENTED_EDGE('',*,*,#1770,.T.);
#3732=ORIENTED_EDGE('',*,*,#1775,.T.);
#3733=ORIENTED_EDGE('',*,*,#1780,.T.);
#3734=ORIENTED_EDGE('',*,*,#1785,.T.);
#3735=EDGE_LOOP('',(#3731,#3732,#3733,#3734));
#3736=FACE_OUTER_BOUND('',#3735,.T.);
#3737=ADVANCED_FACE('',(#3736),#3730,.T.);
#3738=CARTESIAN_POINT('',(-0.027169913773635982,-0.00028284271247461896,-0.018154355977652886));
#3739=DIRECTION('',(-0.7703275794849855,0.37638067707860196,-0.5147164328119479));
#3740=DIRECTION('',(-0.43899933058488816,-0.8984873887517956,0));
#3741=AXIS2_PLACEMENT_3D('',#3738,#3739,#3740);
#3742=PLANE('',#3741);
#3743=ORIENTED_EDGE('',*,*,#1790,.T.);
#3744=ORIENTED_EDGE('',*,*,#1795,.T.);
#3745=ORIENTED_EDGE('',*,*,#1800,.T.);
#3746=ORIENTED_EDGE('',*,*,#1805,.T.);
#3747=EDGE_LOOP('',(#3743,#3744,#3745,#3746));
#3748=FACE_OUTER_BOUND('',#3747,.T.);
#3749=ADVANCED_FACE('',(#3748),#3742,.T.);
#3750=CARTESIAN_POINT('',(-0.027496111036375552,-0.000682842712474619,-0.018372314020363212));
#3751=DIRECTION('',(-0.32348750654160013,0.9212144791753949,-0.2161474415048765));
#3752=DIRECTION('',(-0.9435185652080078,-0.3313196600080086,0));
#3753=AXIS2_PLACEMENT_3D('',#3750,#3751,#3752);
#3754=PLANE('',#3753);
#3755=ORIENTED_EDGE('',*,*,#1810,.T.);
#3756=ORIENTED_EDGE('',*,*,#1815,.T.);
#3757=ORIENTED_EDGE('',*,*,#1820,.T.);
#3758=ORIENTED_EDGE('',*,*,#1825,.T.);
#3759=EDGE_LOOP('',(#3755,#3756,#3757,#3758));
#3760=FACE_OUTER_BOUND('',#3759,.T.);
#3761=ADVANCED_FACE('',(#3760),#3754,.T.);
#3762=CARTESIAN_POINT('',(-0.027957423629350827,-0.0006828427124746191,-0.01868055324039245));
#3763=DIRECTION('',(0.32348750654159947,0.9212144791753951,0.21614744150487614));
#3764=DIRECTION('',(-0.943518565208008,0.33131966000800794,0));
#3765=AXIS2_PLACEMENT_3D('',#3762,#3763,#3764);
#3766=PLANE('',#3765);
#3767=ORIENTED_EDGE('',*,*,#1830,.T.);
#3768=ORIENTED_EDGE('',*,*,#1835,.T.);
#3769=ORIENTED_EDGE('',*,*,#1840,.T.);
#3770=ORIENTED_EDGE('',*,*,#1845,.T.);
#3771=EDGE_LOOP('',(#3767,#3768,#3769,#3770));
#3772=FACE_OUTER_BOUND('',#3771,.T.);
#3773=ADVANCED_FACE('',(#3772),#3766,.T.);
#3774=CARTESIAN_POINT('',(-0.028283620892090397,-0.00028284271247461907,-0.01889851128310278));
#3775=DIRECTION('',(0.7703275794849832,0.37638067707860884,0.5147164328119465));
#3776=DIRECTION('',(-0.43899933058489565,0.8984873887517918,0));
#3777=AXIS2_PLACEMENT_3D('',#3774,#3775,#3776);
#3778=PLANE('',#3777);
#3779=ORIENTED_EDGE('',*,*,#1850,.T.);
#3780=ORIENTED_EDGE('',*,*,#1855,.T.);
#3781=ORIENTED_EDGE('',*,*,#1860,.T.);
#3782=ORIENTED_EDGE('',*,*,#1865,.T.);
#3783=EDGE_LOOP('',(#3779,#3780,#3781,#3782));
#3784=FACE_OUTER_BOUND('',#3783,.T.);
#3785=ADVANCED_FACE('',(#3784),#3778,.T.);
#3786=CARTESIAN_POINT('',(-0.018898511283102794,0.000282842712474619,-0.028283620892090383));
#3787=DIRECTION('',(0.5147164328119479,-0.37638067707860245,0.7703275794849852));
#3788=DIRECTION('',(0.5902637027765847,0.8072104813395795,0));
#3789=AXIS2_PLACEMENT_3D('',#3786,#3787,#3788);
#3790=PLANE('',#3789);
#3791=ORIENTED_EDGE('',*,*,#1870,.T.);
#3792=ORIENTED_EDGE('',*,*,#1875,.T.);
#3793=ORIENTED_EDGE('',*,*,#1880,.T.);
#3794=ORIENTED_EDGE('',*,*,#1885,.T.);
#3795=EDGE_LOOP('',(#3791,#3792,#3793,#3794));
#3796=FACE_OUTER_BOUND('',#3795,.T.);
#3797=ADVANCED_FACE('',(#3796),#3790,.T.);
#3798=CARTESIAN_POINT('',(-0.01868055324039247,0.000682842712474619,-0.027957423629350817));
#3799=DIRECTION('',(0.21614744150487644,-0.921214479175395,0.32348750654159975));
#3800=DIRECTION('',(0.973560447617112,0.22842954019909154,0));
#3801=AXIS2_PLACEMENT_3D('',#3798,#3799,#3800);
#3802=PLANE('',#3801);
#3803=ORIENTED_EDGE('',*,*,#1890,.T.);
#3804=ORIENTED_EDGE('',*,*,#1895,.T.);
#3805=ORIENTED_EDGE('',*,*,#1900,.T.);
#3806=ORIENTED_EDGE('',*,*,#1905,.T.);
#3807=EDGE_LOOP('',(#3803,#3804,#3805,#3806));
#3808=FACE_OUTER_BOUND('',#3807,.T.);
#3809=ADVANCED_FACE('',(#3808),#3802,.T.);
#3810=CARTESIAN_POINT('',(-0.01837231402036323,0.000682842712474619,-0.02749611103637554));
#3811=DIRECTION('',(-0.21614744150487797,-0.9212144791753941,-0.3234875065416018));
#3812=DIRECTION('',(0.9735604476171116,-0.22842954019909326,0));
#3813=AXIS2_PLACEMENT_3D('',#3810,#3811,#3812);
#3814=PLANE('',#3813);
#3815=ORIENTED_EDGE('',*,*,#1910,.T.);
#3816=ORIENTED_EDGE('',*,*,#1915,.T.);
#3817=ORIENTED_EDGE('',*,*,#1920,.T.);
#3818=ORIENTED_EDGE('',*,*,#1925,.T.);
#3819=EDGE_LOOP('',(#3815,#3816,#3817,#3818));
#3820=FACE_OUTER_BOUND('',#3819,.T.);
#3821=ADVANCED_FACE('',(#3820),#3814,.T.);
#3822=CARTESIAN_POINT('',(-0.0181543559776529,0.000282842712474619,-0.027169913773635975));
#3823=DIRECTION('',(-0.5147164328119469,-0.3763806770786079,-0.7703275794849832));
#3824=DIRECTION('',(0.5902637027765909,-0.8072104813395748,0));
#3825=AXIS2_PLACEMENT_3D('',#3822,#3823,#3824);
#3826=PLANE('',#3825);
#3827=ORIENTED_EDGE('',*,*,#1930,.T.);
#3828=ORIENTED_EDGE('',*,*,#1935,.T.);
#3829=ORIENTED_EDGE('',*,*,#1940,.T.);
#3830=ORIENTED_EDGE('',*,*,#1945,.T.);
#3831=EDGE_LOOP('',(#3827,#3828,#3829,#3830));
#3832=FACE_OUTER_BOUND('',#3831,.T.);
#3833=ADVANCED_FACE('',(#3832),#3826,.T.);
#3834=CARTESIAN_POINT('',(-0.0181543559776529,-0.00028284271247461896,-0.027169913773635975));
#3835=DIRECTION('',(-0.5147164328119469,0.37638067707860773,-0.7703275794849832));
#3836=DIRECTION('',(-0.5902637027765908,-0.807210481339575,0));
#3837=AXIS2_PLACEMENT_3D('',#3834,#3835,#3836);
#3838=PLANE('',#3837);
#3839=ORIENTED_EDGE('',*,*,#1950,.T.);
#3840=ORIENTED_EDGE('',*,*,#1955,.T.);
#3841=ORIENTED_EDGE('',*,*,#1960,.T.);
#3842=ORIENTED_EDGE('',*,*,#1965,.T.);
#3843=EDGE_LOOP('',(#3839,#3840,#3841,#3842));
#3844=FACE_OUTER_BOUND('',#3843,.T.);
#3845=ADVANCED_FACE('',(#3844),#3838,.T.);
#3846=CARTESIAN_POINT('',(-0.01837231402036323,-0.000682842712474619,-0.027496111036375538));
#3847=DIRECTION('',(-0.21614744150487797,0.9212144791753941,-0.3234875065416019));
#3848=DIRECTION('',(-0.9735604476171116,-0.22842954019909326,0));
#3849=AXIS2_PLACEMENT_3D('',#3846,#3847,#3848);
#3850=PLANE('',#3849);
#3851=ORIENTED_EDGE('',*,*,#1970,.T.);
#3852=ORIENTED_EDGE('',*,*,#1975,.T.);
#3853=ORIENTED_EDGE('',*,*,#1980,.T.);
#3854=ORIENTED_EDGE('',*,*,#1985,.T.);
#3855=EDGE_LOOP('',(#3851,#3852,#3853,#3854));
#3856=FACE_OUTER_BOUND('',#3855,.T.);
#3857=ADVANCED_FACE('',(#3856),#3850,.T.);
#3858=CARTESIAN_POINT('',(-0.01868055324039247,-0.0006828427124746191,-0.027957423629350813));
#3859=DIRECTION('',(0.21614744150487647,0.9212144791753952,0.3234875065415997));
#3860=DIRECTION('',(-0.973560447617112,0.2284295401990915,0));
#3861=AXIS2_PLACEMENT_3D('',#3858,#3859,#3860);
#3862=PLANE('',#3861);
#3863=ORIENTED_EDGE('',*,*,#1990,.T.);
#3864=ORIENTED_EDGE('',*,*,#1995,.T.);
#3865=ORIENTED_EDGE('',*,*,#2000,.T.);
#3866=ORIENTED_EDGE('',*,*,#2005,.T.);
#3867=EDGE_LOOP('',(#3863,#3864,#3865,#3866));
#3868=FACE_OUTER_BOUND('',#3867,.T.);
#3869=ADVANCED_FACE('',(#3868),#3862,.T.);
#3870=CARTESIAN_POINT('',(-0.018898511283102798,-0.00028284271247461907,-0.028283620892090383));
#3871=DIRECTION('',(0.5147164328119479,0.37638067707860245,0.7703275794849853));
#3872=DIRECTION('',(-0.5902637027765847,0.8072104813395795,0));
#3873=AXIS2_PLACEMENT_3D('',#3870,#3871,#3872);
#3874=PLANE('',#3873);
#3875=ORIENTED_EDGE('',*,*,#2010,.T.);
#3876=ORIENTED_EDGE('',*,*,#2015,.T.);
#3877=ORIENTED_EDGE('',*,*,#2020,.T.);
#3878=ORIENTED_EDGE('',*,*,#2025,.T.);
#3879=EDGE_LOOP('',(#3875,#3876,#3877,#3878));
#3880=FACE_OUTER_BOUND('',#3879,.T.);
#3881=ADVANCED_FACE('',(#3880),#3874,.T.);
#3882=CARTESIAN_POINT('',(-0.006636274646694178,0.000282842712474619,-0.03336280561191908));
#3883=DIRECTION('',(0.18074437515937428,-0.3763806770786059,0.9086633352183292));
#3884=DIRECTION('',(1,0,0));
#3885=AXIS2_PLACEMENT_3D('',#3882,#3883,#3884);
#3886=PLANE('',#3885);
#3887=ORIENTED_EDGE('',*,*,#2030,.T.);
#3888=ORIENTED_EDGE('',*,*,#2035,.T.);
#3889=ORIENTED_EDGE('',*,*,#2040,.T.);
#3890=ORIENTED_EDGE('',*,*,#2045,.T.);
#3891=EDGE_LOOP('',(#3887,#3888,#3889,#3890));
#3892=FACE_OUTER_BOUND('',#3891,.T.);
#3893=ADVANCED_FACE('',(#3892),#3886,.T.);
#3894=CARTESIAN_POINT('',(-0.006559737960221159,0.000682842712474619,-0.03297802970541682));
#3895=DIRECTION('',(0.07590088788047267,-0.9212144791753946,0.3815795311289147));
#3896=DIRECTION('',(0.9966229467520578,0.08211395744479162,0));
#3897=AXIS2_PLACEMENT_3D('',#3894,#3895,#3896);
#3898=PLANE('',#3897);
#3899=ORIENTED_EDGE('',*,*,#2050,.T.);
#3900=ORIENTED_EDGE('',*,*,#2055,.T.);
#3901=ORIENTED_EDGE('',*,*,#2060,.T.);
#3902=ORIENTED_EDGE('',*,*,#2065,.T.);
#3903=EDGE_LOOP('',(#3899,#3900,#3901,#3902));
#3904=FACE_OUTER_BOUND('',#3903,.T.);
#3905=ADVANCED_FACE('',(#3904),#3898,.T.);
#3906=CARTESIAN_POINT('',(-0.00645149874019192,0.000682842712474619,-0.03243387439996693));
#3907=DIRECTION('',(-0.07590088788047272,-0.9212144791753942,-0.38157953112891596));
#3908=DIRECTION('',(0.9966229467520578,-0.0821139574447917,0));
#3909=AXIS2_PLACEMENT_3D('',#3906,#3907,#3908);
#3910=PLANE('',#3909);
#3911=ORIENTED_EDGE('',*,*,#2070,.T.);
#3912=ORIENTED_EDGE('',*,*,#2075,.T.);
#3913=ORIENTED_EDGE('',*,*,#2080,.T.);
#3914=ORIENTED_EDGE('',*,*,#2085,.T.);
#3915=EDGE_LOOP('',(#3911,#3912,#3913,#3914));
#3916=FACE_OUTER_BOUND('',#3915,.T.);
#3917=ADVANCED_FACE('',(#3916),#3910,.T.);
#3918=CARTESIAN_POINT('',(-0.006374962053718902,0.000282842712474619,-0.03204909849346466));
#3919=DIRECTION('',(-0.18074437515937378,-0.3763806770786038,-0.9086633352183301));
#3920=DIRECTION('',(1,0,0));
#3921=AXIS2_PLACEMENT_3D('',#3918,#3919,#3920);
#3922=PLANE('',#3921);
#3923=ORIENTED_EDGE('',*,*,#2090,.T.);
#3924=ORIENTED_EDGE('',*,*,#2095,.T.);
#3925=ORIENTED_EDGE('',*,*,#2100,.T.);
#3926=ORIENTED_EDGE('',*,*,#2105,.T.);
#3927=EDGE_LOOP('',(#3923,#3924,#3925,#3926));
#3928=FACE_OUTER_BOUND('',#3927,.T.);
#3929=ADVANCED_FACE('',(#3928),#3922,.T.);
#3930=CARTESIAN_POINT('',(-0.006374962053718902,-0.00028284271247461896,-0.03204909849346467));
#3931=DIRECTION('',(-0.18074437515937375,0.37638067707860373,-0.9086633352183301));
#3932=DIRECTION('',(1,0,0));
#3933=AXIS2_PLACEMENT_3D('',#3930,#3931,#3932);
#3934=PLANE('',#3933);
#3935=ORIENTED_EDGE('',*,*,#2110,.T.);
#3936=ORIENTED_EDGE('',*,*,#2115,.T.);
#3937=ORIENTED_EDGE('',*,*,#2120,.T.);
#3938=ORIENTED_EDGE('',*,*,#2125,.T.);
#3939=EDGE_LOOP('',(#3935,#3936,#3937,#3938));
#3940=FACE_OUTER_BOUND('',#3939,.T.);
#3941=ADVANCED_FACE('',(#3940),#3934,.T.);
#3942=CARTESIAN_POINT('',(-0.00645149874019192,-0.000682842712474619,-0.03243387439996692));
#3943=DIRECTION('',(-0.07590088788047272,0.9212144791753942,-0.38157953112891596));
#3944=DIRECTION('',(-0.9966229467520578,-0.0821139574447917,0));
#3945=AXIS2_PLACEMENT_3D('',#3942,#3943,#3944);
#3946=PLANE('',#3945);
#3947=ORIENTED_EDGE('',*,*,#2130,.T.);
#3948=ORIENTED_EDGE('',*,*,#2135,.T.);
#3949=ORIENTED_EDGE('',*,*,#2140,.T.);
#3950=ORIENTED_EDGE('',*,*,#2145,.T.);
#3951=EDGE_LOOP('',(#3947,#3948,#3949,#3950));
#3952=FACE_OUTER_BOUND('',#3951,.T.);
#3953=ADVANCED_FACE('',(#3952),#3946,.T.);
#3954=CARTESIAN_POINT('',(-0.006559737960221159,-0.0006828427124746191,-0.03297802970541682));
#3955=DIRECTION('',(0.07590088788047267,0.9212144791753946,0.38157953112891446));
#3956=DIRECTION('',(-0.9966229467520578,0.08211395744479162,0));
#3957=AXIS2_PLACEMENT_3D('',#3954,#3955,#3956);
#3958=PLANE('',#3957);
#3959=ORIENTED_EDGE('',*,*,#2150,.T.);
#3960=ORIENTED_EDGE('',*,*,#2155,.T.);
#3961=ORIENTED_EDGE('',*,*,#2160,.T.);
#3962=ORIENTED_EDGE('',*,*,#2165,.T.);
#3963=EDGE_LOOP('',(#3959,#3960,#3961,#3962));
#3964=FACE_OUTER_BOUND('',#3963,.T.);
#3965=ADVANCED_FACE('',(#3964),#3958,.T.);
#3966=CARTESIAN_POINT('',(-0.006636274646694178,-0.00028284271247461907,-0.03336280561191908));
#3967=DIRECTION('',(0.1807443751593746,0.37638067707860573,0.908663335218329));
#3968=DIRECTION('',(1,0,0));
#3969=AXIS2_PLACEMENT_3D('',#3966,#3967,#3968);
#3970=PLANE('',#3969);
#3971=ORIENTED_EDGE('',*,*,#2170,.T.);
#3972=ORIENTED_EDGE('',*,*,#2175,.T.);
#3973=ORIENTED_EDGE('',*,*,#2180,.T.);
#3974=ORIENTED_EDGE('',*,*,#2185,.T.);
#3975=EDGE_LOOP('',(#3971,#3972,#3973,#3974));
#3976=FACE_OUTER_BOUND('',#3975,.T.);
#3977=ADVANCED_FACE('',(#3976),#3970,.T.);
#3978=CARTESIAN_POINT('',(0.0066362746466941645,0.000282842712474619,-0.03336280561191908));
#3979=DIRECTION('',(-0.1807443751593735,-0.37638067707860556,0.9086633352183294));
#3980=DIRECTION('',(1,0,0));
#3981=AXIS2_PLACEMENT_3D('',#3978,#3979,#3980);
#3982=PLANE('',#3981);
#3983=ORIENTED_EDGE('',*,*,#2190,.T.);
#3984=ORIENTED_EDGE('',*,*,#2195,.T.);
#3985=ORIENTED_EDGE('',*,*,#2200,.T.);
#3986=ORIENTED_EDGE('',*,*,#2205,.T.);
#3987=EDGE_LOOP('',(#3983,#3984,#3985,#3986));
#3988=FACE_OUTER_BOUND('',#3987,.T.);
#3989=ADVANCED_FACE('',(#3988),#3982,.T.);
#3990=CARTESIAN_POINT('',(0.006559737960221147,0.000682842712474619,-0.03297802970541682));
#3991=DIRECTION('',(-0.07590088788047228,-0.9212144791753946,0.38157953112891485));
#3992=DIRECTION('',(0.9966229467520578,-0.08211395744479119,0));
#3993=AXIS2_PLACEMENT_3D('',#3990,#3991,#3992);
#3994=PLANE('',#3993);
#3995=ORIENTED_EDGE('',*,*,#2210,.T.);
#3996=ORIENTED_EDGE('',*,*,#2215,.T.);
#3997=ORIENTED_EDGE('',*,*,#2220,.T.);
#3998=ORIENTED_EDGE('',*,*,#2225,.T.);
#3999=EDGE_LOOP('',(#3995,#3996,#3997,#3998));
#4000=FACE_OUTER_BOUND('',#3999,.T.);
#4001=ADVANCED_FACE('',(#4000),#3994,.T.);
#4002=CARTESIAN_POINT('',(0.006451498740191908,0.000682842712474619,-0.03243387439996692));
#4003=DIRECTION('',(0.07590088788047236,-0.9212144791753947,-0.3815795311289145));
#4004=DIRECTION('',(0.9966229467520578,0.08211395744479127,0));
#4005=AXIS2_PLACEMENT_3D('',#4002,#4003,#4004);
#4006=PLANE('',#4005);
#4007=ORIENTED_EDGE('',*,*,#2230,.T.);
#4008=ORIENTED_EDGE('',*,*,#2235,.T.);
#4009=ORIENTED_EDGE('',*,*,#2240,.T.);
#4010=ORIENTED_EDGE('',*,*,#2245,.T.);
#4011=EDGE_LOOP('',(#4007,#4008,#4009,#4010));
#4012=FACE_OUTER_BOUND('',#4011,.T.);
#4013=ADVANCED_FACE('',(#4012),#4006,.T.);
#4014=CARTESIAN_POINT('',(0.006374962053718888,0.000282842712474619,-0.03204909849346467));
#4015=DIRECTION('',(0.18074437515937378,-0.3763806770786032,-0.9086633352183303));
#4016=DIRECTION('',(1,0,0));
#4017=AXIS2_PLACEMENT_3D('',#4014,#4015,#4016);
#4018=PLANE('',#4017);
#4019=ORIENTED_EDGE('',*,*,#2250,.T.);
#4020=ORIENTED_EDGE('',*,*,#2255,.T.);
#4021=ORIENTED_EDGE('',*,*,#2260,.T.);
#4022=ORIENTED_EDGE('',*,*,#2265,.T.);
#4023=EDGE_LOOP('',(#4019,#4020,#4021,#4022));
#4024=FACE_OUTER_BOUND('',#4023,.T.);
#4025=ADVANCED_FACE('',(#4024),#4018,.T.);
#4026=CARTESIAN_POINT('',(0.006374962053718888,-0.00028284271247461896,-0.03204909849346467));
#4027=DIRECTION('',(0.18074437515937375,0.37638067707860307,-0.9086633352183303));
#4028=DIRECTION('',(1,0,0));
#4029=AXIS2_PLACEMENT_3D('',#4026,#4027,#4028);
#4030=PLANE('',#4029);
#4031=ORIENTED_EDGE('',*,*,#2270,.T.);
#4032=ORIENTED_EDGE('',*,*,#2275,.T.);
#4033=ORIENTED_EDGE('',*,*,#2280,.T.);
#4034=ORIENTED_EDGE('',*,*,#2285,.T.);
#4035=EDGE_LOOP('',(#4031,#4032,#4033,#4034));
#4036=FACE_OUTER_BOUND('',#4035,.T.);
#4037=ADVANCED_FACE('',(#4036),#4030,.T.);
#4038=CARTESIAN_POINT('',(0.006451498740191908,-0.000682842712474619,-0.03243387439996693));
#4039=DIRECTION('',(0.07590088788047236,0.9212144791753947,-0.3815795311289145));
#4040=DIRECTION('',(-0.9966229467520578,0.08211395744479127,0));
#4041=AXIS2_PLACEMENT_3D('',#4038,#4039,#4040);
#4042=PLANE('',#4041);
#4043=ORIENTED_EDGE('',*,*,#2290,.T.);
#4044=ORIENTED_EDGE('',*,*,#2295,.T.);
#4045=ORIENTED_EDGE('',*,*,#2300,.T.);
#4046=ORIENTED_EDGE('',*,*,#2305,.T.);
#4047=EDGE_LOOP('',(#4043,#4044,#4045,#4046));
#4048=FACE_OUTER_BOUND('',#4047,.T.);
#4049=ADVANCED_FACE('',(#4048),#4042,.T.);
#4050=CARTESIAN_POINT('',(0.006559737960221147,-0.0006828427124746191,-0.03297802970541683));
#4051=DIRECTION('',(-0.07590088788047229,0.9212144791753948,0.3815795311289146));
#4052=DIRECTION('',(-0.9966229467520578,-0.08211395744479119,0));
#4053=AXIS2_PLACEMENT_3D('',#4050,#4051,#4052);
#4054=PLANE('',#4053);
#4055=ORIENTED_EDGE('',*,*,#2310,.T.);
#4056=ORIENTED_EDGE('',*,*,#2315,.T.);
#4057=ORIENTED_EDGE('',*,*,#2320,.T.);
#4058=ORIENTED_EDGE('',*,*,#2325,.T.);
#4059=EDGE_LOOP('',(#4055,#4056,#4057,#4058));
#4060=FACE_OUTER_BOUND('',#4059,.T.);
#4061=ADVANCED_FACE('',(#4060),#4054,.T.);
#4062=CARTESIAN_POINT('',(0.0066362746466941645,-0.00028284271247461907,-0.03336280561191908));
#4063=DIRECTION('',(-0.1807443751593739,0.3763806770786053,0.9086633352183295));
#4064=DIRECTION('',(1,0,0));
#4065=AXIS2_PLACEMENT_3D('',#4062,#4063,#4064);
#4066=PLANE('',#4065);
#4067=ORIENTED_EDGE('',*,*,#2330,.T.);
#4068=ORIENTED_EDGE('',*,*,#2335,.T.);
#4069=ORIENTED_EDGE('',*,*,#2340,.T.);
#4070=ORIENTED_EDGE('',*,*,#2345,.T.);
#4071=EDGE_LOOP('',(#4067,#4068,#4069,#4070));
#4072=FACE_OUTER_BOUND('',#4071,.T.);
#4073=ADVANCED_FACE('',(#4072),#4066,.T.);
#4074=CARTESIAN_POINT('',(0.018898511283102784,0.000282842712474619,-0.02828362089209039));
#4075=DIRECTION('',(-0.5147164328119465,-0.37638067707861034,0.7703275794849824));
#4076=DIRECTION('',(0.5902637027765939,-0.8072104813395728,0));
#4077=AXIS2_PLACEMENT_3D('',#4074,#4075,#4076);
#4078=PLANE('',#4077);
#4079=ORIENTED_EDGE('',*,*,#2350,.T.);
#4080=ORIENTED_EDGE('',*,*,#2355,.T.);
#4081=ORIENTED_EDGE('',*,*,#2360,.T.);
#4082=ORIENTED_EDGE('',*,*,#2365,.T.);
#4083=EDGE_LOOP('',(#4079,#4080,#4081,#4082));
#4084=FACE_OUTER_BOUND('',#4083,.T.);
#4085=ADVANCED_FACE('',(#4084),#4078,.T.);
#4086=CARTESIAN_POINT('',(0.018680553240392455,0.000682842712474619,-0.027957423629350824));
#4087=DIRECTION('',(-0.2161474415048776,-0.9212144791753943,0.3234875065416012));
#4088=DIRECTION('',(0.9735604476171118,-0.22842954019909287,0));
#4089=AXIS2_PLACEMENT_3D('',#4086,#4087,#4088);
#4090=PLANE('',#4089);
#4091=ORIENTED_EDGE('',*,*,#2370,.T.);
#4092=ORIENTED_EDGE('',*,*,#2375,.T.);
#4093=ORIENTED_EDGE('',*,*,#2380,.T.);
#4094=ORIENTED_EDGE('',*,*,#2385,.T.);
#4095=EDGE_LOOP('',(#4091,#4092,#4093,#4094));
#4096=FACE_OUTER_BOUND('',#4095,.T.);
#4097=ADVANCED_FACE('',(#4096),#4090,.T.);
#4098=CARTESIAN_POINT('',(0.01837231402036322,0.000682842712474619,-0.027496111036375545));
#4099=DIRECTION('',(0.21614744150487702,-0.9212144791753948,-0.3234875065416007));
#4100=DIRECTION('',(0.9735604476171119,0.22842954019909217,0));
#4101=AXIS2_PLACEMENT_3D('',#4098,#4099,#4100);
#4102=PLANE('',#4101);
#4103=ORIENTED_EDGE('',*,*,#2390,.T.);
#4104=ORIENTED_EDGE('',*,*,#2395,.T.);
#4105=ORIENTED_EDGE('',*,*,#2400,.T.);
#4106=ORIENTED_EDGE('',*,*,#2405,.T.);
#4107=EDGE_LOOP('',(#4103,#4104,#4105,#4106));
#4108=FACE_OUTER_BOUND('',#4107,.T.);
#4109=ADVANCED_FACE('',(#4108),#4102,.T.);
#4110=CARTESIAN_POINT('',(0.01815435597765289,0.000282842712474619,-0.027169913773635982));
#4111=DIRECTION('',(0.5147164328119476,-0.3763806770786028,-0.7703275794849853));
#4112=DIRECTION('',(0.5902637027765854,0.8072104813395792,0));
#4113=AXIS2_PLACEMENT_3D('',#4110,#4111,#4112);
#4114=PLANE('',#4113);
#4115=ORIENTED_EDGE('',*,*,#2410,.T.);
#4116=ORIENTED_EDGE('',*,*,#2415,.T.);
#4117=ORIENTED_EDGE('',*,*,#2420,.T.);
#4118=ORIENTED_EDGE('',*,*,#2425,.T.);
#4119=EDGE_LOOP('',(#4115,#4116,#4117,#4118));
#4120=FACE_OUTER_BOUND('',#4119,.T.);
#4121=ADVANCED_FACE('',(#4120),#4114,.T.);
#4122=CARTESIAN_POINT('',(0.018154355977652886,-0.00028284271247461896,-0.02716991377363598));
#4123=DIRECTION('',(0.5147164328119477,0.3763806770786027,-0.7703275794849853));
#4124=DIRECTION('',(-0.590263702776585,0.8072104813395792,0));
#4125=AXIS2_PLACEMENT_3D('',#4122,#4123,#4124);
#4126=PLANE('',#4125);
#4127=ORIENTED_EDGE('',*,*,#2430,.T.);
#4128=ORIENTED_EDGE('',*,*,#2435,.T.);
#4129=ORIENTED_EDGE('',*,*,#2440,.T.);
#4130=ORIENTED_EDGE('',*,*,#2445,.T.);
#4131=EDGE_LOOP('',(#4127,#4128,#4129,#4130));
#4132=FACE_OUTER_BOUND('',#4131,.T.);
#4133=ADVANCED_FACE('',(#4132),#4126,.T.);
#4134=CARTESIAN_POINT('',(0.018372314020363215,-0.000682842712474619,-0.02749611103637555));
#4135=DIRECTION('',(0.21614744150487702,0.9212144791753948,-0.3234875065416007));
#4136=DIRECTION('',(-0.9735604476171119,0.22842954019909217,0));
#4137=AXIS2_PLACEMENT_3D('',#4134,#4135,#4136);
#4138=PLANE('',#4137);
#4139=ORIENTED_EDGE('',*,*,#2450,.T.);
#4140=ORIENTED_EDGE('',*,*,#2455,.T.);
#4141=ORIENTED_EDGE('',*,*,#2460,.T.);
#4142=ORIENTED_EDGE('',*,*,#2465,.T.);
#4143=EDGE_LOOP('',(#4139,#4140,#4141,#4142));
#4144=FACE_OUTER_BOUND('',#4143,.T.);
#4145=ADVANCED_FACE('',(#4144),#4138,.T.);
#4146=CARTESIAN_POINT('',(0.018680553240392455,-0.0006828427124746191,-0.027957423629350824));
#4147=DIRECTION('',(-0.2161474415048775,0.9212144791753943,0.3234875065416011));
#4148=DIRECTION('',(-0.9735604476171118,-0.22842954019909276,0));
#4149=AXIS2_PLACEMENT_3D('',#4146,#4147,#4148);
#4150=PLANE('',#4149);
#4151=ORIENTED_EDGE('',*,*,#2470,.T.);
#4152=ORIENTED_EDGE('',*,*,#2475,.T.);
#4153=ORIENTED_EDGE('',*,*,#2480,.T.);
#4154=ORIENTED_EDGE('',*,*,#2485,.T.);
#4155=EDGE_LOOP('',(#4151,#4152,#4153,#4154));
#4156=FACE_OUTER_BOUND('',#4155,.T.);
#4157=ADVANCED_FACE('',(#4156),#4150,.T.);
#4158=CARTESIAN_POINT('',(0.018898511283102784,-0.00028284271247461907,-0.02828362089209039));
#4159=DIRECTION('',(-0.5147164328119465,0.37638067707861034,0.7703275794849825));
#4160=DIRECTION('',(-0.5902637027765939,-0.8072104813395728,0));
#4161=AXIS2_PLACEMENT_3D('',#4158,#4159,#4160);
#4162=PLANE('',#4161);
#4163=ORIENTED_EDGE('',*,*,#2490,.T.);
#4164=ORIENTED_EDGE('',*,*,#2495,.T.);
#4165=ORIENTED_EDGE('',*,*,#2500,.T.);
#4166=ORIENTED_EDGE('',*,*,#2505,.T.);
#4167=EDGE_LOOP('',(#4163,#4164,#4165,#4166));
#4168=FACE_OUTER_BOUND('',#4167,.T.);
#4169=ADVANCED_FACE('',(#4168),#4162,.T.);
#4170=CARTESIAN_POINT('',(0.028283620892090383,0.000282842712474619,-0.018898511283102798));
#4171=DIRECTION('',(-0.7703275794849832,-0.3763806770786078,0.5147164328119471));
#4172=DIRECTION('',(0.4389993305848947,-0.8984873887517923,0));
#4173=AXIS2_PLACEMENT_3D('',#4170,#4171,#4172);
#4174=PLANE('',#4173);
#4175=ORIENTED_EDGE('',*,*,#2510,.T.);
#4176=ORIENTED_EDGE('',*,*,#2515,.T.);
#4177=ORIENTED_EDGE('',*,*,#2520,.T.);
#4178=ORIENTED_EDGE('',*,*,#2525,.T.);
#4179=EDGE_LOOP('',(#4175,#4176,#4177,#4178));
#4180=FACE_OUTER_BOUND('',#4179,.T.);
#4181=ADVANCED_FACE('',(#4180),#4174,.T.);
#4182=CARTESIAN_POINT('',(0.027957423629350817,0.000682842712474619,-0.01868055324039247));
#4183=DIRECTION('',(-0.32348750654160097,-0.9212144791753946,0.21614744150487747));
#4184=DIRECTION('',(0.9435185652080075,-0.3313196600080095,0));
#4185=AXIS2_PLACEMENT_3D('',#4182,#4183,#4184);
#4186=PLANE('',#4185);
#4187=ORIENTED_EDGE('',*,*,#2530,.T.);
#4188=ORIENTED_EDGE('',*,*,#2535,.T.);
#4189=ORIENTED_EDGE('',*,*,#2540,.T.);
#4190=ORIENTED_EDGE('',*,*,#2545,.T.);
#4191=EDGE_LOOP('',(#4187,#4188,#4189,#4190));
#4192=FACE_OUTER_BOUND('',#4191,.T.);
#4193=ADVANCED_FACE('',(#4192),#4186,.T.);
#4194=CARTESIAN_POINT('',(0.027496111036375538,0.000682842712474619,-0.01837231402036323));
#4195=DIRECTION('',(0.323487506541603,-0.9212144791753935,-0.21614744150487875));
#4196=DIRECTION('',(0.9435185652080066,0.3313196600080117,0));
#4197=AXIS2_PLACEMENT_3D('',#4194,#4195,#4196);
#4198=PLANE('',#4197);
#4199=ORIENTED_EDGE('',*,*,#2550,.T.);
#4200=ORIENTED_EDGE('',*,*,#2555,.T.);
#4201=ORIENTED_EDGE('',*,*,#2560,.T.);
#4202=ORIENTED_EDGE('',*,*,#2565,.T.);
#4203=EDGE_LOOP('',(#4199,#4200,#4201,#4202));
#4204=FACE_OUTER_BOUND('',#4203,.T.);
#4205=ADVANCED_FACE('',(#4204),#4198,.T.);
#4206=CARTESIAN_POINT('',(0.027169913773635975,0.000282842712474619,-0.0181543559776529));
#4207=DIRECTION('',(0.770327579484982,-0.3763806770786116,-0.5147164328119462));
#4208=DIRECTION('',(0.4389993305848989,0.8984873887517902,0));
#4209=AXIS2_PLACEMENT_3D('',#4206,#4207,#4208);
#4210=PLANE('',#4209);
#4211=ORIENTED_EDGE('',*,*,#2570,.T.);
#4212=ORIENTED_EDGE('',*,*,#2575,.T.);
#4213=ORIENTED_EDGE('',*,*,#2580,.T.);
#4214=ORIENTED_EDGE('',*,*,#2585,.T.);
#4215=EDGE_LOOP('',(#4211,#4212,#4213,#4214));
#4216=FACE_OUTER_BOUND('',#4215,.T.);
#4217=ADVANCED_FACE('',(#4216),#4210,.T.);
#4218=CARTESIAN_POINT('',(0.02716991377363597,-0.00028284271247461896,-0.0181543559776529));
#4219=DIRECTION('',(0.7703275794849821,0.3763806770786115,-0.5147164328119462));
#4220=DIRECTION('',(-0.43899933058489865,0.8984873887517902,0));
#4221=AXIS2_PLACEMENT_3D('',#4218,#4219,#4220);
#4222=PLANE('',#4221);
#4223=ORIENTED_EDGE('',*,*,#2590,.T.);
#4224=ORIENTED_EDGE('',*,*,#2595,.T.);
#4225=ORIENTED_EDGE('',*,*,#2600,.T.);
#4226=ORIENTED_EDGE('',*,*,#2605,.T.);
#4227=EDGE_LOOP('',(#4223,#4224,#4225,#4226));
#4228=FACE_OUTER_BOUND('',#4227,.T.);
#4229=ADVANCED_FACE('',(#4228),#4222,.T.);
#4230=CARTESIAN_POINT('',(0.027496111036375538,-0.000682842712474619,-0.01837231402036323));
#4231=DIRECTION('',(0.323487506541603,0.9212144791753935,-0.21614744150487875));
#4232=DIRECTION('',(-0.9435185652080066,0.3313196600080117,0));
#4233=AXIS2_PLACEMENT_3D('',#4230,#4231,#4232);
#4234=PLANE('',#4233);
#4235=ORIENTED_EDGE('',*,*,#2610,.T.);
#4236=ORIENTED_EDGE('',*,*,#2615,.T.);
#4237=ORIENTED_EDGE('',*,*,#2620,.T.);
#4238=ORIENTED_EDGE('',*,*,#2625,.T.);
#4239=EDGE_LOOP('',(#4235,#4236,#4237,#4238));
#4240=FACE_OUTER_BOUND('',#4239,.T.);
#4241=ADVANCED_FACE('',(#4240),#4234,.T.);
#4242=CARTESIAN_POINT('',(0.027957423629350813,-0.0006828427124746191,-0.01868055324039247));
#4243=DIRECTION('',(-0.3234875065416008,0.9212144791753946,0.21614744150487736));
#4244=DIRECTION('',(-0.9435185652080076,-0.33131966000800933,0));
#4245=AXIS2_PLACEMENT_3D('',#4242,#4243,#4244);
#4246=PLANE('',#4245);
#4247=ORIENTED_EDGE('',*,*,#2630,.T.);
#4248=ORIENTED_EDGE('',*,*,#2635,.T.);
#4249=ORIENTED_EDGE('',*,*,#2640,.T.);
#4250=ORIENTED_EDGE('',*,*,#2645,.T.);
#4251=EDGE_LOOP('',(#4247,#4248,#4249,#4250));
#4252=FACE_OUTER_BOUND('',#4251,.T.);
#4253=ADVANCED_FACE('',(#4252),#4246,.T.);
#4254=CARTESIAN_POINT('',(0.028283620892090383,-0.00028284271247461907,-0.018898511283102798));
#4255=DIRECTION('',(-0.7703275794849832,0.3763806770786076,0.514716432811947));
#4256=DIRECTION('',(-0.43899933058489454,-0.8984873887517923,0));
#4257=AXIS2_PLACEMENT_3D('',#4254,#4255,#4256);
#4258=PLANE('',#4257);
#4259=ORIENTED_EDGE('',*,*,#2650,.T.);
#4260=ORIENTED_EDGE('',*,*,#2655,.T.);
#4261=ORIENTED_EDGE('',*,*,#2660,.T.);
#4262=ORIENTED_EDGE('',*,*,#2665,.T.);
#4263=EDGE_LOOP('',(#4259,#4260,#4261,#4262));
#4264=FACE_OUTER_BOUND('',#4263,.T.);
#4265=ADVANCED_FACE('',(#4264),#4258,.T.);
#4266=CARTESIAN_POINT('',(0.03336280561191908,0.000282842712474619,-0.006636274646694175));
#4267=DIRECTION('',(-0.9086633352183261,-0.37638067707861383,0.18074437515937333));
#4268=DIRECTION('',(0.38268343236510116,-0.9238795325112821,0));
#4269=AXIS2_PLACEMENT_3D('',#4266,#4267,#4268);
#4270=PLANE('',#4269);
#4271=ORIENTED_EDGE('',*,*,#2670,.T.);
#4272=ORIENTED_EDGE('',*,*,#2675,.T.);
#4273=ORIENTED_EDGE('',*,*,#2680,.T.);
#4274=ORIENTED_EDGE('',*,*,#2685,.T.);
#4275=EDGE_LOOP('',(#4271,#4272,#4273,#4274));
#4276=FACE_OUTER_BOUND('',#4275,.T.);
#4277=ADVANCED_FACE('',(#4276),#4270,.T.);
#4278=CARTESIAN_POINT('',(0.03297802970541682,0.000682842712474619,-0.006559737960221157));
#4279=DIRECTION('',(-0.38157953112891785,-0.9212144791753931,0.07590088788047317));
#4280=DIRECTION('',(0.9238795325112857,-0.3826834323650923,0));
#4281=AXIS2_PLACEMENT_3D('',#4278,#4279,#4280);
#4282=PLANE('',#4281);
#4283=ORIENTED_EDGE('',*,*,#2690,.T.);
#4284=ORIENTED_EDGE('',*,*,#2695,.T.);
#4285=ORIENTED_EDGE('',*,*,#2700,.T.);
#4286=ORIENTED_EDGE('',*,*,#2705,.T.);
#4287=EDGE_LOOP('',(#4283,#4284,#4285,#4286));
#4288=FACE_OUTER_BOUND('',#4287,.T.);
#4289=ADVANCED_FACE('',(#4288),#4282,.T.);
#4290=CARTESIAN_POINT('',(0.03243387439996693,0.000682842712474619,-0.006451498740191917));
#4291=DIRECTION('',(0.3815795311289125,-0.9212144791753957,-0.07590088788047208));
#4292=DIRECTION('',(0.9238795325112881,0.3826834323650868,0));
#4293=AXIS2_PLACEMENT_3D('',#4290,#4291,#4292);
#4294=PLANE('',#4293);
#4295=ORIENTED_EDGE('',*,*,#2710,.T.);
#4296=ORIENTED_EDGE('',*,*,#2715,.T.);
#4297=ORIENTED_EDGE('',*,*,#2720,.T.);
#4298=ORIENTED_EDGE('',*,*,#2725,.T.);
#4299=EDGE_LOOP('',(#4295,#4296,#4297,#4298));
#4300=FACE_OUTER_BOUND('',#4299,.T.);
#4301=ADVANCED_FACE('',(#4300),#4294,.T.);
#4302=CARTESIAN_POINT('',(0.03204909849346466,0.000282842712474619,-0.006374962053718899));
#4303=DIRECTION('',(0.9086633352183322,-0.37638067707859846,-0.18074437515937453));
#4304=DIRECTION('',(0.3826834323650856,0.9238795325112885,0));
#4305=AXIS2_PLACEMENT_3D('',#4302,#4303,#4304);
#4306=PLANE('',#4305);
#4307=ORIENTED_EDGE('',*,*,#2730,.T.);
#4308=ORIENTED_EDGE('',*,*,#2735,.T.);
#4309=ORIENTED_EDGE('',*,*,#2740,.T.);
#4310=ORIENTED_EDGE('',*,*,#2745,.T.);
#4311=EDGE_LOOP('',(#4307,#4308,#4309,#4310));
#4312=FACE_OUTER_BOUND('',#4311,.T.);
#4313=ADVANCED_FACE('',(#4312),#4306,.T.);
#4314=CARTESIAN_POINT('',(0.03204909849346467,-0.00028284271247461896,-0.006374962053718899));
#4315=DIRECTION('',(0.9086633352183323,0.3763806770785984,-0.1807443751593745));
#4316=DIRECTION('',(-0.38268343236508556,0.9238795325112885,0));
#4317=AXIS2_PLACEMENT_3D('',#4314,#4315,#4316);
#4318=PLANE('',#4317);
#4319=ORIENTED_EDGE('',*,*,#2750,.T.);
#4320=ORIENTED_EDGE('',*,*,#2755,.T.);
#4321=ORIENTED_EDGE('',*,*,#2760,.T.);
#4322=ORIENTED_EDGE('',*,*,#2765,.T.);
#4323=EDGE_LOOP('',(#4319,#4320,#4321,#4322));
#4324=FACE_OUTER_BOUND('',#4323,.T.);
#4325=ADVANCED_FACE('',(#4324),#4318,.T.);
#4326=CARTESIAN_POINT('',(0.03243387439996692,-0.000682842712474619,-0.006451498740191917));
#4327=DIRECTION('',(0.3815795311289125,0.9212144791753957,-0.07590088788047208));
#4328=DIRECTION('',(-0.9238795325112881,0.3826834323650868,0));
#4329=AXIS2_PLACEMENT_3D('',#4326,#4327,#4328);
#4330=PLANE('',#4329);
#4331=ORIENTED_EDGE('',*,*,#2770,.T.);
#4332=ORIENTED_EDGE('',*,*,#2775,.T.);
#4333=ORIENTED_EDGE('',*,*,#2780,.T.);
#4334=ORIENTED_EDGE('',*,*,#2785,.T.);
#4335=EDGE_LOOP('',(#4331,#4332,#4333,#4334));
#4336=FACE_OUTER_BOUND('',#4335,.T.);
#4337=ADVANCED_FACE('',(#4336),#4330,.T.);
#4338=CARTESIAN_POINT('',(0.03297802970541682,-0.0006828427124746191,-0.006559737960221157));
#4339=DIRECTION('',(-0.3815795311289178,0.9212144791753933,0.07590088788047314));
#4340=DIRECTION('',(-0.9238795325112857,-0.3826834323650921,0));
#4341=AXIS2_PLACEMENT_3D('',#4338,#4339,#4340);
#4342=PLANE('',#4341);
#4343=ORIENTED_EDGE('',*,*,#2790,.T.);
#4344=ORIENTED_EDGE('',*,*,#2795,.T.);
#4345=ORIENTED_EDGE('',*,*,#2800,.T.);
#4346=ORIENTED_EDGE('',*,*,#2805,.T.);
#4347=EDGE_LOOP('',(#4343,#4344,#4345,#4346));
#4348=FACE_OUTER_BOUND('',#4347,.T.);
#4349=ADVANCED_FACE('',(#4348),#4342,.T.);
#4350=CARTESIAN_POINT('',(0.03336280561191908,-0.00028284271247461907,-0.006636274646694175));
#4351=DIRECTION('',(-0.908663335218326,0.3763806770786138,0.18074437515937336));
#4352=DIRECTION('',(-0.38268343236510116,-0.9238795325112821,0));
#4353=AXIS2_PLACEMENT_3D('',#4350,#4351,#4352);
#4354=PLANE('',#4353);
#4355=ORIENTED_EDGE('',*,*,#2810,.T.);
#4356=ORIENTED_EDGE('',*,*,#2815,.T.);
#4357=ORIENTED_EDGE('',*,*,#2820,.T.);
#4358=ORIENTED_EDGE('',*,*,#2825,.T.);
#4359=EDGE_LOOP('',(#4355,#4356,#4357,#4358));
#4360=FACE_OUTER_BOUND('',#4359,.T.);
#4361=ADVANCED_FACE('',(#4360),#4354,.T.);
#4362=CLOSED_SHELL('',(#2837,#2849,#2861,#2873,#2885,#2897,#2909,#2921,#2933,#2945,#2957,#2969,#2981,#2993,#3005,#3017,#3029,#3041,#3053,#3065,#3077,#3089,#3101,#3113,#3125,#3137,#3149,#3161,#3173,#3185,#3197,#3209,#3221,#3233,#3245,#3257,#3269,#3281,#3293,#3305,#3317,#3329,#3341,#3353,#3365,#3377,#3389,#3401,#3413,#3425,#3437,#3449,#3461,#3473,#3485,#3497,#3509,#3521,#3533,#3545,#3557,#3569,#3581,#3593,#3605,#3617,#3629,#3641,#3653,#3665,#3677,#3689,#3701,#3713,#3725,#3737,#3749,#3761,#3773,#3785,#3797,#3809,#3821,#3833,#3845,#3857,#3869,#3881,#3893,#3905,#3917,#3929,#3941,#3953,#3965,#3977,#3989,#4001,#4013,#4025,#4037,#4049,#4061,#4073,#4085,#4097,#4109,#4121,#4133,#4145,#4157,#4169,#4181,#4193,#4205,#4217,#4229,#4241,#4253,#4265,#4277,#4289,#4301,#4313,#4325,#4337,#4349,#4361));
#4363=MANIFOLD_SOLID_BREP('',#4362);
#4364=SHAPE_REPRESENTATION('TPSL-SEAL-SPR-0008',(#4363),#9);
#4365=SHAPE_DEFINITION_REPRESENTATION(#8,#4364);
ENDSEC;
END-ISO-10303-21;