ISO-10303-21;
HEADER;
FILE_DESCRIPTION(('ArchDisc Foundation export'),'2;1');
FILE_NAME('Hinge Leaf A.step','2026-05-10T06:36:15',('ArchDisc Foundation v1'),('ArchDisc Foundation'),'ArchDisc Foundation v1','manifold-3d 3.x','');
FILE_SCHEMA(('CONFIG_CONTROL_DESIGN'));
ENDSEC;
DATA;
#1=APPLICATION_CONTEXT('configuration controlled 3d designs of mechanical parts and assemblies');
#2=APPLICATION_PROTOCOL_DEFINITION('international standard','config_control_design',1994,#1);
#3=PRODUCT_CONTEXT('',#1,'mechanical');
#4=PRODUCT_DEFINITION_CONTEXT('part definition',#1,'design');
#5=PRODUCT('Hinge Leaf A','Hinge Leaf A','',(#3));
#6=PRODUCT_DEFINITION_FORMATION('','',#5);
#7=PRODUCT_DEFINITION('design','',#6,#4);
#8=PRODUCT_DEFINITION_SHAPE('','',#7);
#9=(LENGTH_UNIT()NAMED_UNIT(*)SI_UNIT(.MILLI.,.METRE.));
#10=(NAMED_UNIT(*)PLANE_ANGLE_UNIT()SI_UNIT($,.RADIAN.));
#11=(NAMED_UNIT(*)SI_UNIT($,.STERADIAN.)SOLID_ANGLE_UNIT());
#12=UNCERTAINTY_MEASURE_WITH_UNIT(LENGTH_MEASURE(1.E-6),#9,'distance_accuracy_value','tolerance');
#13=(GEOMETRIC_REPRESENTATION_CONTEXT(3)GLOBAL_UNCERTAINTY_ASSIGNED_CONTEXT((#12))GLOBAL_UNIT_ASSIGNED_CONTEXT((#9,#10,#11))REPRESENTATION_CONTEXT('Context #1','3D Context with UNIT and UNCERTAINTY'));
#14=CARTESIAN_POINT('',(0,0,0));
#15=VERTEX_POINT('',#14);
#16=CARTESIAN_POINT('',(50,0,0));
#17=VERTEX_POINT('',#16);
#18=CARTESIAN_POINT('',(0,0,4));
#19=VERTEX_POINT('',#18);
#20=CARTESIAN_POINT('',(0,0,0));
#21=DIRECTION('',(0,-1,0));
#22=DIRECTION('',(1,0,0));
#23=AXIS2_PLACEMENT_3D('',#20,#21,#22);
#24=PLANE('',#23);
#25=DIRECTION('',(1,0,0));
#26=VECTOR('',#25,50);
#27=LINE('',#14,#26);
#28=EDGE_CURVE('',#15,#17,#27,.T.);
#29=DIRECTION('',(0.99681528,0,-0.07974522));
#30=VECTOR('',#29,50.15974482);
#31=LINE('',#18,#30);
#32=EDGE_CURVE('',#19,#17,#31,.T.);
#33=DIRECTION('',(0,0,1));
#34=VECTOR('',#33,4);
#35=LINE('',#14,#34);
#36=EDGE_CURVE('',#15,#19,#35,.T.);
#37=ORIENTED_EDGE('',*,*,#28,.T.);
#38=ORIENTED_EDGE('',*,*,#32,.F.);
#39=ORIENTED_EDGE('',*,*,#36,.F.);
#40=EDGE_LOOP('',(#37,#38,#39));
#41=FACE_OUTER_BOUND('',#40,.T.);
#42=ADVANCED_FACE('',(#41),#24,.T.);
#43=CARTESIAN_POINT('',(0,30,0));
#44=VERTEX_POINT('',#43);
#45=CARTESIAN_POINT('',(0,0,0));
#46=DIRECTION('',(0,0,-1));
#47=DIRECTION('',(1,0,0));
#48=AXIS2_PLACEMENT_3D('',#45,#46,#47);
#49=PLANE('',#48);
#50=DIRECTION('',(0,1,0));
#51=VECTOR('',#50,30);
#52=LINE('',#14,#51);
#53=EDGE_CURVE('',#15,#44,#52,.T.);
#54=DIRECTION('',(0.85749293,-0.51449576,0));
#55=VECTOR('',#54,58.30951895);
#56=LINE('',#43,#55);
#57=EDGE_CURVE('',#44,#17,#56,.T.);
#58=ORIENTED_EDGE('',*,*,#53,.T.);
#59=ORIENTED_EDGE('',*,*,#57,.T.);
#60=ORIENTED_EDGE('',*,*,#28,.F.);
#61=EDGE_LOOP('',(#58,#59,#60));
#62=FACE_OUTER_BOUND('',#61,.T.);
#63=ADVANCED_FACE('',(#62),#49,.T.);
#64=CARTESIAN_POINT('',(0,30,4));
#65=VERTEX_POINT('',#64);
#66=CARTESIAN_POINT('',(0,0,0));
#67=DIRECTION('',(-1,0,0));
#68=DIRECTION('',(0,1,0));
#69=AXIS2_PLACEMENT_3D('',#66,#67,#68);
#70=PLANE('',#69);
#71=DIRECTION('',(0,1,0));
#72=VECTOR('',#71,30);
#73=LINE('',#18,#72);
#74=EDGE_CURVE('',#19,#65,#73,.T.);
#75=DIRECTION('',(0,0.9912279,0.13216372));
#76=VECTOR('',#75,30.2654919);
#77=LINE('',#14,#76);
#78=EDGE_CURVE('',#15,#65,#77,.T.);
#79=ORIENTED_EDGE('',*,*,#36,.T.);
#80=ORIENTED_EDGE('',*,*,#74,.T.);
#81=ORIENTED_EDGE('',*,*,#78,.F.);
#82=EDGE_LOOP('',(#79,#80,#81));
#83=FACE_OUTER_BOUND('',#82,.T.);
#84=ADVANCED_FACE('',(#83),#70,.T.);
#85=CARTESIAN_POINT('',(50,0,4));
#86=VERTEX_POINT('',#85);
#87=CARTESIAN_POINT('',(0,0,4));
#88=DIRECTION('',(0,0,1));
#89=DIRECTION('',(1,0,0));
#90=AXIS2_PLACEMENT_3D('',#87,#88,#89);
#91=PLANE('',#90);
#92=DIRECTION('',(1,0,0));
#93=VECTOR('',#92,50);
#94=LINE('',#18,#93);
#95=EDGE_CURVE('',#19,#86,#94,.T.);
#96=DIRECTION('',(0.85749293,-0.51449576,0));
#97=VECTOR('',#96,58.30951895);
#98=LINE('',#64,#97);
#99=EDGE_CURVE('',#65,#86,#98,.T.);
#100=ORIENTED_EDGE('',*,*,#95,.T.);
#101=ORIENTED_EDGE('',*,*,#99,.F.);
#102=ORIENTED_EDGE('',*,*,#74,.F.);
#103=EDGE_LOOP('',(#100,#101,#102));
#104=FACE_OUTER_BOUND('',#103,.T.);
#105=ADVANCED_FACE('',(#104),#91,.T.);
#106=CARTESIAN_POINT('',(0,0,0));
#107=DIRECTION('',(-1,0,0));
#108=DIRECTION('',(0,1,0));
#109=AXIS2_PLACEMENT_3D('',#106,#107,#108);
#110=PLANE('',#109);
#111=DIRECTION('',(0,0,1));
#112=VECTOR('',#111,4);
#113=LINE('',#43,#112);
#114=EDGE_CURVE('',#44,#65,#113,.T.);
#115=ORIENTED_EDGE('',*,*,#78,.T.);
#116=ORIENTED_EDGE('',*,*,#114,.F.);
#117=ORIENTED_EDGE('',*,*,#53,.F.);
#118=EDGE_LOOP('',(#115,#116,#117));
#119=FACE_OUTER_BOUND('',#118,.T.);
#120=ADVANCED_FACE('',(#119),#110,.T.);
#121=CARTESIAN_POINT('',(50,30,4));
#122=VERTEX_POINT('',#121);
#123=CARTESIAN_POINT('',(0,30,0));
#124=DIRECTION('',(0,1,0));
#125=DIRECTION('',(1,0,0));
#126=AXIS2_PLACEMENT_3D('',#123,#124,#125);
#127=PLANE('',#126);
#128=DIRECTION('',(1,0,0));
#129=VECTOR('',#128,50);
#130=LINE('',#64,#129);
#131=EDGE_CURVE('',#65,#122,#130,.T.);
#132=DIRECTION('',(0.99681528,0,0.07974522));
#133=VECTOR('',#132,50.15974482);
#134=LINE('',#43,#133);
#135=EDGE_CURVE('',#44,#122,#134,.T.);
#136=ORIENTED_EDGE('',*,*,#114,.T.);
#137=ORIENTED_EDGE('',*,*,#131,.T.);
#138=ORIENTED_EDGE('',*,*,#135,.F.);
#139=EDGE_LOOP('',(#136,#137,#138));
#140=FACE_OUTER_BOUND('',#139,.T.);
#141=ADVANCED_FACE('',(#140),#127,.T.);
#142=CARTESIAN_POINT('',(48.08658218,10.38060188,0));
#143=VERTEX_POINT('',#142);
#144=CARTESIAN_POINT('',(0,30,0));
#145=DIRECTION('',(0,0,-1));
#146=DIRECTION('',(1,0,0));
#147=AXIS2_PLACEMENT_3D('',#144,#145,#146);
#148=PLANE('',#147);
#149=DIRECTION('',(0.92590004,-0.37776861,0));
#150=VECTOR('',#149,51.93496095);
#151=LINE('',#43,#150);
#152=EDGE_CURVE('',#44,#143,#151,.T.);
#153=DIRECTION('',(0.18127254,-0.9834329,0));
#154=VECTOR('',#153,10.55547551);
#155=LINE('',#142,#154);
#156=EDGE_CURVE('',#143,#17,#155,.T.);
#157=ORIENTED_EDGE('',*,*,#152,.T.);
#158=ORIENTED_EDGE('',*,*,#156,.T.);
#159=ORIENTED_EDGE('',*,*,#57,.F.);
#160=EDGE_LOOP('',(#157,#158,#159));
#161=FACE_OUTER_BOUND('',#160,.T.);
#162=ADVANCED_FACE('',(#161),#148,.T.);
#163=CARTESIAN_POINT('',(49.02454758,10.09607315,0));
#164=VERTEX_POINT('',#163);
#165=CARTESIAN_POINT('',(50,0,0));
#166=DIRECTION('',(0,0,-1));
#167=DIRECTION('',(1,0,0));
#168=AXIS2_PLACEMENT_3D('',#165,#166,#167);
#169=PLANE('',#168);
#170=DIRECTION('',(0.95694032,-0.29028472,0));
#171=VECTOR('',#170,0.98017125);
#172=LINE('',#142,#171);
#173=EDGE_CURVE('',#143,#164,#172,.T.);
#174=DIRECTION('',(0.09616919,-0.995365,0));
#175=VECTOR('',#174,10.14308634);
#176=LINE('',#163,#175);
#177=EDGE_CURVE('',#164,#17,#176,.T.);
#178=ORIENTED_EDGE('',*,*,#156,.F.);
#179=ORIENTED_EDGE('',*,*,#173,.T.);
#180=ORIENTED_EDGE('',*,*,#177,.T.);
#181=EDGE_LOOP('',(#178,#179,#180));
#182=FACE_OUTER_BOUND('',#181,.T.);
#183=ADVANCED_FACE('',(#182),#169,.T.);
#184=CARTESIAN_POINT('',(50,10,0));
#185=VERTEX_POINT('',#184);
#186=CARTESIAN_POINT('',(50,0,0));
#187=DIRECTION('',(0,0,-1));
#188=DIRECTION('',(1,0,0));
#189=AXIS2_PLACEMENT_3D('',#186,#187,#188);
#190=PLANE('',#189);
#191=DIRECTION('',(0.99518478,-0.09801661,0));
#192=VECTOR('',#191,0.98017217);
#193=LINE('',#163,#192);
#194=EDGE_CURVE('',#164,#185,#193,.T.);
#195=DIRECTION('',(0,1,0));
#196=VECTOR('',#195,10);
#197=LINE('',#16,#196);
#198=EDGE_CURVE('',#17,#185,#197,.T.);
#199=ORIENTED_EDGE('',*,*,#177,.F.);
#200=ORIENTED_EDGE('',*,*,#194,.T.);
#201=ORIENTED_EDGE('',*,*,#198,.F.);
#202=EDGE_LOOP('',(#199,#200,#201));
#203=FACE_OUTER_BOUND('',#202,.T.);
#204=ADVANCED_FACE('',(#203),#190,.T.);
#205=CARTESIAN_POINT('',(50,10,4));
#206=VERTEX_POINT('',#205);
#207=CARTESIAN_POINT('',(50,0,0));
#208=DIRECTION('',(1,0,0));
#209=DIRECTION('',(0,1,0));
#210=AXIS2_PLACEMENT_3D('',#207,#208,#209);
#211=PLANE('',#210);
#212=DIRECTION('',(0,0,1));
#213=VECTOR('',#212,4);
#214=LINE('',#184,#213);
#215=EDGE_CURVE('',#185,#206,#214,.T.);
#216=DIRECTION('',(0,0.92847669,0.37139068));
#217=VECTOR('',#216,10.77032961);
#218=LINE('',#16,#217);
#219=EDGE_CURVE('',#17,#206,#218,.T.);
#220=ORIENTED_EDGE('',*,*,#198,.T.);
#221=ORIENTED_EDGE('',*,*,#215,.T.);
#222=ORIENTED_EDGE('',*,*,#219,.F.);
#223=EDGE_LOOP('',(#220,#221,#222));
#224=FACE_OUTER_BOUND('',#223,.T.);
#225=ADVANCED_FACE('',(#224),#211,.T.);
#226=CARTESIAN_POINT('',(47.22836304,13.85194969,0));
#227=VERTEX_POINT('',#226);
#228=CARTESIAN_POINT('',(47.87868118,12.87867928,0));
#229=VERTEX_POINT('',#228);
#230=CARTESIAN_POINT('',(47.50559235,13.33328915,0));
#231=VERTEX_POINT('',#230);
#232=CARTESIAN_POINT('',(47.22836304,13.85194969,0));
#233=DIRECTION('',(0,0,-1));
#234=DIRECTION('',(1,0,0));
#235=AXIS2_PLACEMENT_3D('',#232,#233,#234);
#236=PLANE('',#235);
#237=DIRECTION('',(0.55557002,-0.83146975,0));
#238=VECTOR('',#237,1.17054218);
#239=LINE('',#226,#238);
#240=EDGE_CURVE('',#227,#229,#239,.T.);
#241=DIRECTION('',(0.63439344,-0.77301032,0));
#242=VECTOR('',#241,0.58810323);
#243=LINE('',#230,#242);
#244=EDGE_CURVE('',#231,#229,#243,.T.);
#245=DIRECTION('',(0.47139604,-0.88192164,0));
#246=VECTOR('',#245,0.58810276);
#247=LINE('',#226,#246);
#248=EDGE_CURVE('',#227,#231,#247,.T.);
#249=ORIENTED_EDGE('',*,*,#240,.T.);
#250=ORIENTED_EDGE('',*,*,#244,.F.);
#251=ORIENTED_EDGE('',*,*,#248,.F.);
#252=EDGE_LOOP('',(#249,#250,#251));
#253=FACE_OUTER_BOUND('',#252,.T.);
#254=ADVANCED_FACE('',(#253),#236,.T.);
#255=CARTESIAN_POINT('',(48.3332901,12.50559139,0));
#256=VERTEX_POINT('',#255);
#257=CARTESIAN_POINT('',(47.05764389,14.41472912,0));
#258=VERTEX_POINT('',#257);
#259=CARTESIAN_POINT('',(48.3332901,12.50559139,0));
#260=DIRECTION('',(0,0,-1));
#261=DIRECTION('',(1,0,0));
#262=AXIS2_PLACEMENT_3D('',#259,#260,#261);
#263=PLANE('',#262);
#264=DIRECTION('',(0.77301046,-0.63439327,0));
#265=VECTOR('',#264,0.58810189);
#266=LINE('',#228,#265);
#267=EDGE_CURVE('',#229,#256,#266,.T.);
#268=DIRECTION('',(0.47139743,-0.8819209,0));
#269=VECTOR('',#268,1.74170932);
#270=LINE('',#257,#269);
#271=EDGE_CURVE('',#258,#229,#270,.T.);
#272=DIRECTION('',(0.55557058,-0.83146938,0));
#273=VECTOR('',#272,2.29610107);
#274=LINE('',#257,#273);
#275=EDGE_CURVE('',#258,#256,#274,.T.);
#276=ORIENTED_EDGE('',*,*,#267,.F.);
#277=ORIENTED_EDGE('',*,*,#271,.F.);
#278=ORIENTED_EDGE('',*,*,#275,.T.);
#279=EDGE_LOOP('',(#276,#277,#278));
#280=FACE_OUTER_BOUND('',#279,.T.);
#281=ADVANCED_FACE('',(#280),#263,.T.);
#282=CARTESIAN_POINT('',(48.8519516,12.22836113,0));
#283=VERTEX_POINT('',#282);
#284=CARTESIAN_POINT('',(47,15,0));
#285=VERTEX_POINT('',#284);
#286=CARTESIAN_POINT('',(48.8519516,12.22836113,0));
#287=DIRECTION('',(0,0,-1));
#288=DIRECTION('',(1,0,0));
#289=AXIS2_PLACEMENT_3D('',#286,#287,#288);
#290=PLANE('',#289);
#291=DIRECTION('',(0.88192132,-0.47139663,0));
#292=VECTOR('',#291,0.58810405);
#293=LINE('',#255,#292);
#294=EDGE_CURVE('',#256,#283,#293,.T.);
#295=DIRECTION('',(0.47139699,-0.88192113,0));
#296=VECTOR('',#295,2.8283806);
#297=LINE('',#284,#296);
#298=EDGE_CURVE('',#285,#256,#297,.T.);
#299=DIRECTION('',(0.55557059,-0.83146937,0));
#300=VECTOR('',#299,3.33342268);
#301=LINE('',#284,#300);
#302=EDGE_CURVE('',#285,#283,#301,.T.);
#303=ORIENTED_EDGE('',*,*,#294,.F.);
#304=ORIENTED_EDGE('',*,*,#298,.F.);
#305=ORIENTED_EDGE('',*,*,#302,.T.);
#306=EDGE_LOOP('',(#303,#304,#305));
#307=FACE_OUTER_BOUND('',#306,.T.);
#308=ADVANCED_FACE('',(#307),#290,.T.);
#309=CARTESIAN_POINT('',(47.22836304,13.85194969,0));
#310=DIRECTION('',(0,0,-1));
#311=DIRECTION('',(1,0,0));
#312=AXIS2_PLACEMENT_3D('',#309,#310,#311);
#313=PLANE('',#312);
#314=DIRECTION('',(0.2902876,-0.95693945,0));
#315=VECTOR('',#314,0.58810349);
#316=LINE('',#257,#315);
#317=EDGE_CURVE('',#258,#227,#316,.T.);
#318=ORIENTED_EDGE('',*,*,#317,.F.);
#319=ORIENTED_EDGE('',*,*,#271,.T.);
#320=ORIENTED_EDGE('',*,*,#240,.F.);
#321=EDGE_LOOP('',(#318,#319,#320));
#322=FACE_OUTER_BOUND('',#321,.T.);
#323=ADVANCED_FACE('',(#322),#313,.T.);
#324=CARTESIAN_POINT('',(47.05764389,14.41472912,0));
#325=DIRECTION('',(0,0,-1));
#326=DIRECTION('',(1,0,0));
#327=AXIS2_PLACEMENT_3D('',#324,#325,#326);
#328=PLANE('',#327);
#329=DIRECTION('',(0.0980167,-0.99518477,0));
#330=VECTOR('',#329,0.58810273);
#331=LINE('',#284,#330);
#332=EDGE_CURVE('',#285,#258,#331,.T.);
#333=ORIENTED_EDGE('',*,*,#332,.F.);
#334=ORIENTED_EDGE('',*,*,#298,.T.);
#335=ORIENTED_EDGE('',*,*,#275,.F.);
#336=EDGE_LOOP('',(#333,#334,#335));
#337=FACE_OUTER_BOUND('',#336,.T.);
#338=ADVANCED_FACE('',(#337),#328,.T.);
#339=CARTESIAN_POINT('',(47.05764389,15.58527088,0));
#340=VERTEX_POINT('',#339);
#341=CARTESIAN_POINT('',(47,15,0));
#342=DIRECTION('',(0,0,-1));
#343=DIRECTION('',(1,0,0));
#344=AXIS2_PLACEMENT_3D('',#341,#342,#343);
#345=PLANE('',#344);
#346=DIRECTION('',(0.0980167,0.99518477,0));
#347=VECTOR('',#346,0.58810273);
#348=LINE('',#284,#347);
#349=EDGE_CURVE('',#285,#340,#348,.T.);
#350=DIRECTION('',(0.47139716,-0.88192104,0));
#351=VECTOR('',#350,3.80636089);
#352=LINE('',#339,#351);
#353=EDGE_CURVE('',#340,#283,#352,.T.);
#354=ORIENTED_EDGE('',*,*,#349,.T.);
#355=ORIENTED_EDGE('',*,*,#353,.T.);
#356=ORIENTED_EDGE('',*,*,#302,.F.);
#357=EDGE_LOOP('',(#354,#355,#356));
#358=FACE_OUTER_BOUND('',#357,.T.);
#359=ADVANCED_FACE('',(#358),#345,.T.);
#360=CARTESIAN_POINT('',(49.41473007,12.05764389,0));
#361=VERTEX_POINT('',#360);
#362=CARTESIAN_POINT('',(47.22836304,16.14805031,0));
#363=VERTEX_POINT('',#362);
#364=CARTESIAN_POINT('',(49.41473007,12.05764389,0));
#365=DIRECTION('',(0,0,-1));
#366=DIRECTION('',(1,0,0));
#367=AXIS2_PLACEMENT_3D('',#364,#365,#366);
#368=PLANE('',#367);
#369=DIRECTION('',(0.55557043,-0.83146948,0));
#370=VECTOR('',#369,4.24264157);
#371=LINE('',#339,#370);
#372=EDGE_CURVE('',#340,#361,#371,.T.);
#373=DIRECTION('',(0.2902876,0.95693945,0));
#374=VECTOR('',#373,0.58810349);
#375=LINE('',#339,#374);
#376=EDGE_CURVE('',#340,#363,#375,.T.);
#377=DIRECTION('',(0.47139661,-0.88192133,0));
#378=VECTOR('',#377,4.63806269);
#379=LINE('',#362,#378);
#380=EDGE_CURVE('',#363,#361,#379,.T.);
#381=ORIENTED_EDGE('',*,*,#372,.F.);
#382=ORIENTED_EDGE('',*,*,#376,.T.);
#383=ORIENTED_EDGE('',*,*,#380,.T.);
#384=EDGE_LOOP('',(#381,#382,#383));
#385=FACE_OUTER_BOUND('',#384,.T.);
#386=ADVANCED_FACE('',(#385),#368,.T.);
#387=CARTESIAN_POINT('',(47.50559235,16.6667099,0));
#388=VERTEX_POINT('',#387);
#389=CARTESIAN_POINT('',(49.41473007,12.05764389,0));
#390=DIRECTION('',(0,0,-1));
#391=DIRECTION('',(1,0,0));
#392=AXIS2_PLACEMENT_3D('',#389,#390,#391);
#393=PLANE('',#392);
#394=DIRECTION('',(0.47139671,0.88192128,0));
#395=VECTOR('',#394,0.58810191);
#396=LINE('',#362,#395);
#397=EDGE_CURVE('',#363,#388,#396,.T.);
#398=DIRECTION('',(0.38268345,-0.92387953,0));
#399=VECTOR('',#398,4.98881713);
#400=LINE('',#387,#399);
#401=EDGE_CURVE('',#388,#361,#400,.T.);
#402=ORIENTED_EDGE('',*,*,#380,.F.);
#403=ORIENTED_EDGE('',*,*,#397,.T.);
#404=ORIENTED_EDGE('',*,*,#401,.T.);
#405=EDGE_LOOP('',(#402,#403,#404));
#406=FACE_OUTER_BOUND('',#405,.T.);
#407=ADVANCED_FACE('',(#406),#393,.T.);
#408=CARTESIAN_POINT('',(49.41473007,12.05764389,0));
#409=DIRECTION('',(0,0,-1));
#410=DIRECTION('',(1,0,0));
#411=AXIS2_PLACEMENT_3D('',#408,#409,#410);
#412=PLANE('',#411);
#413=DIRECTION('',(0.95694021,-0.29028508,0));
#414=VECTOR('',#413,0.58810202);
#415=LINE('',#282,#414);
#416=EDGE_CURVE('',#283,#361,#415,.T.);
#417=ORIENTED_EDGE('',*,*,#416,.F.);
#418=ORIENTED_EDGE('',*,*,#353,.F.);
#419=ORIENTED_EDGE('',*,*,#372,.T.);
#420=EDGE_LOOP('',(#417,#418,#419));
#421=FACE_OUTER_BOUND('',#420,.T.);
#422=ADVANCED_FACE('',(#421),#412,.T.);
#423=CARTESIAN_POINT('',(50,18,0));
#424=VERTEX_POINT('',#423);
#425=CARTESIAN_POINT('',(50,12,0));
#426=VERTEX_POINT('',#425);
#427=CARTESIAN_POINT('',(50,18,0));
#428=DIRECTION('',(0,0,-1));
#429=DIRECTION('',(1,0,0));
#430=AXIS2_PLACEMENT_3D('',#427,#428,#429);
#431=PLANE('',#430);
#432=DIRECTION('',(0,1,0));
#433=VECTOR('',#432,6);
#434=LINE('',#425,#433);
#435=EDGE_CURVE('',#426,#424,#434,.T.);
#436=DIRECTION('',(0.99518475,-0.09801686,0));
#437=VECTOR('',#436,0.58810178);
#438=LINE('',#360,#437);
#439=EDGE_CURVE('',#361,#426,#438,.T.);
#440=DIRECTION('',(0.09801696,0.99518474,0));
#441=VECTOR('',#440,5.97110853);
#442=LINE('',#360,#441);
#443=EDGE_CURVE('',#361,#424,#442,.T.);
#444=ORIENTED_EDGE('',*,*,#435,.F.);
#445=ORIENTED_EDGE('',*,*,#439,.F.);
#446=ORIENTED_EDGE('',*,*,#443,.T.);
#447=EDGE_LOOP('',(#444,#445,#446));
#448=FACE_OUTER_BOUND('',#447,.T.);
#449=ADVANCED_FACE('',(#448),#431,.T.);
#450=CARTESIAN_POINT('',(0,0,4));
#451=DIRECTION('',(0,-1,0));
#452=DIRECTION('',(1,0,0));
#453=AXIS2_PLACEMENT_3D('',#450,#451,#452);
#454=PLANE('',#453);
#455=DIRECTION('',(0,0,1));
#456=VECTOR('',#455,4);
#457=LINE('',#16,#456);
#458=EDGE_CURVE('',#17,#86,#457,.T.);
#459=ORIENTED_EDGE('',*,*,#32,.T.);
#460=ORIENTED_EDGE('',*,*,#458,.T.);
#461=ORIENTED_EDGE('',*,*,#95,.F.);
#462=EDGE_LOOP('',(#459,#460,#461));
#463=FACE_OUTER_BOUND('',#462,.T.);
#464=ADVANCED_FACE('',(#463),#454,.T.);
#465=CARTESIAN_POINT('',(48.08658218,10.38060188,4));
#466=VERTEX_POINT('',#465);
#467=CARTESIAN_POINT('',(0,30,4));
#468=DIRECTION('',(0,0,1));
#469=DIRECTION('',(1,0,0));
#470=AXIS2_PLACEMENT_3D('',#467,#468,#469);
#471=PLANE('',#470);
#472=DIRECTION('',(0.18127254,-0.9834329,0));
#473=VECTOR('',#472,10.55547551);
#474=LINE('',#465,#473);
#475=EDGE_CURVE('',#466,#86,#474,.T.);
#476=DIRECTION('',(0.92590004,-0.37776861,0));
#477=VECTOR('',#476,51.93496095);
#478=LINE('',#64,#477);
#479=EDGE_CURVE('',#65,#466,#478,.T.);
#480=ORIENTED_EDGE('',*,*,#99,.T.);
#481=ORIENTED_EDGE('',*,*,#475,.F.);
#482=ORIENTED_EDGE('',*,*,#479,.F.);
#483=EDGE_LOOP('',(#480,#481,#482));
#484=FACE_OUTER_BOUND('',#483,.T.);
#485=ADVANCED_FACE('',(#484),#471,.T.);
#486=CARTESIAN_POINT('',(50,0,0));
#487=DIRECTION('',(1,0,0));
#488=DIRECTION('',(0,1,0));
#489=AXIS2_PLACEMENT_3D('',#486,#487,#488);
#490=PLANE('',#489);
#491=DIRECTION('',(0,1,0));
#492=VECTOR('',#491,10);
#493=LINE('',#85,#492);
#494=EDGE_CURVE('',#86,#206,#493,.T.);
#495=ORIENTED_EDGE('',*,*,#219,.T.);
#496=ORIENTED_EDGE('',*,*,#494,.F.);
#497=ORIENTED_EDGE('',*,*,#458,.F.);
#498=EDGE_LOOP('',(#495,#496,#497));
#499=FACE_OUTER_BOUND('',#498,.T.);
#500=ADVANCED_FACE('',(#499),#490,.T.);
#501=CARTESIAN_POINT('',(49.02454758,10.09607315,4));
#502=VERTEX_POINT('',#501);
#503=CARTESIAN_POINT('',(50,0,4));
#504=DIRECTION('',(0,0,1));
#505=DIRECTION('',(1,0,0));
#506=AXIS2_PLACEMENT_3D('',#503,#504,#505);
#507=PLANE('',#506);
#508=DIRECTION('',(0.09616919,-0.995365,0));
#509=VECTOR('',#508,10.14308634);
#510=LINE('',#501,#509);
#511=EDGE_CURVE('',#502,#86,#510,.T.);
#512=DIRECTION('',(0.95694032,-0.29028472,0));
#513=VECTOR('',#512,0.98017125);
#514=LINE('',#465,#513);
#515=EDGE_CURVE('',#466,#502,#514,.T.);
#516=ORIENTED_EDGE('',*,*,#511,.F.);
#517=ORIENTED_EDGE('',*,*,#515,.F.);
#518=ORIENTED_EDGE('',*,*,#475,.T.);
#519=EDGE_LOOP('',(#516,#517,#518));
#520=FACE_OUTER_BOUND('',#519,.T.);
#521=ADVANCED_FACE('',(#520),#507,.T.);
#522=CARTESIAN_POINT('',(50,0,4));
#523=DIRECTION('',(0,0,1));
#524=DIRECTION('',(1,0,0));
#525=AXIS2_PLACEMENT_3D('',#522,#523,#524);
#526=PLANE('',#525);
#527=DIRECTION('',(0.99518478,-0.09801661,0));
#528=VECTOR('',#527,0.98017217);
#529=LINE('',#501,#528);
#530=EDGE_CURVE('',#502,#206,#529,.T.);
#531=ORIENTED_EDGE('',*,*,#494,.T.);
#532=ORIENTED_EDGE('',*,*,#530,.F.);
#533=ORIENTED_EDGE('',*,*,#511,.T.);
#534=EDGE_LOOP('',(#531,#532,#533));
#535=FACE_OUTER_BOUND('',#534,.T.);
#536=ADVANCED_FACE('',(#535),#526,.T.);
#537=CARTESIAN_POINT('',(50,12,4));
#538=VERTEX_POINT('',#537);
#539=CARTESIAN_POINT('',(50,18,4));
#540=VERTEX_POINT('',#539);
#541=CARTESIAN_POINT('',(50,12,4));
#542=DIRECTION('',(1,0,0));
#543=DIRECTION('',(0,1,0));
#544=AXIS2_PLACEMENT_3D('',#541,#542,#543);
#545=PLANE('',#544);
#546=DIRECTION('',(0,0,1));
#547=VECTOR('',#546,4);
#548=LINE('',#425,#547);
#549=EDGE_CURVE('',#426,#538,#548,.T.);
#550=DIRECTION('',(0,0.83205029,0.5547002));
#551=VECTOR('',#550,7.21110255);
#552=LINE('',#425,#551);
#553=EDGE_CURVE('',#426,#540,#552,.T.);
#554=DIRECTION('',(0,1,0));
#555=VECTOR('',#554,6);
#556=LINE('',#537,#555);
#557=EDGE_CURVE('',#538,#540,#556,.T.);
#558=ORIENTED_EDGE('',*,*,#549,.F.);
#559=ORIENTED_EDGE('',*,*,#553,.T.);
#560=ORIENTED_EDGE('',*,*,#557,.F.);
#561=EDGE_LOOP('',(#558,#559,#560));
#562=FACE_OUTER_BOUND('',#561,.T.);
#563=ADVANCED_FACE('',(#562),#545,.T.);
#564=CARTESIAN_POINT('',(49.41473007,12.05764389,4));
#565=VERTEX_POINT('',#564);
#566=CARTESIAN_POINT('',(49.41473007,17.94235611,4));
#567=VERTEX_POINT('',#566);
#568=CARTESIAN_POINT('',(49.41473007,12.05764389,4));
#569=DIRECTION('',(0,0,1));
#570=DIRECTION('',(1,0,0));
#571=AXIS2_PLACEMENT_3D('',#568,#569,#570);
#572=PLANE('',#571);
#573=DIRECTION('',(0.99518475,-0.09801686,0));
#574=VECTOR('',#573,0.58810178);
#575=LINE('',#564,#574);
#576=EDGE_CURVE('',#565,#538,#575,.T.);
#577=DIRECTION('',(0.09801696,-0.99518474,0));
#578=VECTOR('',#577,5.97110853);
#579=LINE('',#566,#578);
#580=EDGE_CURVE('',#567,#538,#579,.T.);
#581=DIRECTION('',(0,1,0));
#582=VECTOR('',#581,5.88471222);
#583=LINE('',#564,#582);
#584=EDGE_CURVE('',#565,#567,#583,.T.);
#585=ORIENTED_EDGE('',*,*,#576,.T.);
#586=ORIENTED_EDGE('',*,*,#580,.F.);
#587=ORIENTED_EDGE('',*,*,#584,.F.);
#588=EDGE_LOOP('',(#585,#586,#587));
#589=FACE_OUTER_BOUND('',#588,.T.);
#590=ADVANCED_FACE('',(#589),#572,.T.);
#591=CARTESIAN_POINT('',(47.87868118,12.87867928,4));
#592=VERTEX_POINT('',#591);
#593=CARTESIAN_POINT('',(48.3332901,12.50559139,4));
#594=VERTEX_POINT('',#593);
#595=CARTESIAN_POINT('',(47.87868118,12.87867928,4));
#596=DIRECTION('',(0,0,1));
#597=DIRECTION('',(1,0,0));
#598=AXIS2_PLACEMENT_3D('',#595,#596,#597);
#599=PLANE('',#598);
#600=DIRECTION('',(0.77301046,-0.63439327,0));
#601=VECTOR('',#600,0.58810189);
#602=LINE('',#591,#601);
#603=EDGE_CURVE('',#592,#594,#602,.T.);
#604=DIRECTION('',(0.19509036,0.98078527,0));
#605=VECTOR('',#604,5.54327728);
#606=LINE('',#593,#605);
#607=EDGE_CURVE('',#594,#567,#606,.T.);
#608=DIRECTION('',(0.29028456,0.95694037,0));
#609=VECTOR('',#608,5.29152807);
#610=LINE('',#591,#609);
#611=EDGE_CURVE('',#592,#567,#610,.T.);
#612=ORIENTED_EDGE('',*,*,#603,.T.);
#613=ORIENTED_EDGE('',*,*,#607,.T.);
#614=ORIENTED_EDGE('',*,*,#611,.F.);
#615=EDGE_LOOP('',(#612,#613,#614));
#616=FACE_OUTER_BOUND('',#615,.T.);
#617=ADVANCED_FACE('',(#616),#599,.T.);
#618=CARTESIAN_POINT('',(48.8519516,12.22836113,4));
#619=VERTEX_POINT('',#618);
#620=CARTESIAN_POINT('',(48.3332901,12.50559139,4));
#621=DIRECTION('',(0,0,1));
#622=DIRECTION('',(1,0,0));
#623=AXIS2_PLACEMENT_3D('',#620,#621,#622);
#624=PLANE('',#623);
#625=DIRECTION('',(0.88192132,-0.47139663,0));
#626=VECTOR('',#625,0.58810405);
#627=LINE('',#593,#626);
#628=EDGE_CURVE('',#594,#619,#627,.T.);
#629=DIRECTION('',(0.09801698,0.99518474,0));
#630=VECTOR('',#629,5.74164247);
#631=LINE('',#618,#630);
#632=EDGE_CURVE('',#619,#567,#631,.T.);
#633=ORIENTED_EDGE('',*,*,#628,.T.);
#634=ORIENTED_EDGE('',*,*,#632,.T.);
#635=ORIENTED_EDGE('',*,*,#607,.F.);
#636=EDGE_LOOP('',(#633,#634,#635));
#637=FACE_OUTER_BOUND('',#636,.T.);
#638=ADVANCED_FACE('',(#637),#624,.T.);
#639=CARTESIAN_POINT('',(47.50559235,13.33328915,4));
#640=VERTEX_POINT('',#639);
#641=CARTESIAN_POINT('',(47.50559235,13.33328915,4));
#642=DIRECTION('',(0,0,1));
#643=DIRECTION('',(1,0,0));
#644=AXIS2_PLACEMENT_3D('',#641,#642,#643);
#645=PLANE('',#644);
#646=DIRECTION('',(0.63439344,-0.77301032,0));
#647=VECTOR('',#646,0.58810323);
#648=LINE('',#639,#647);
#649=EDGE_CURVE('',#640,#592,#648,.T.);
#650=DIRECTION('',(0.38268338,0.92387956,0));
#651=VECTOR('',#650,4.98881801);
#652=LINE('',#639,#651);
#653=EDGE_CURVE('',#640,#567,#652,.T.);
#654=ORIENTED_EDGE('',*,*,#649,.T.);
#655=ORIENTED_EDGE('',*,*,#611,.T.);
#656=ORIENTED_EDGE('',*,*,#653,.F.);
#657=EDGE_LOOP('',(#654,#655,#656));
#658=FACE_OUTER_BOUND('',#657,.T.);
#659=ADVANCED_FACE('',(#658),#645,.T.);
#660=CARTESIAN_POINT('',(48.8519516,12.22836113,4));
#661=DIRECTION('',(0,0,1));
#662=DIRECTION('',(1,0,0));
#663=AXIS2_PLACEMENT_3D('',#660,#661,#662);
#664=PLANE('',#663);
#665=DIRECTION('',(0.95694021,-0.29028508,0));
#666=VECTOR('',#665,0.58810202);
#667=LINE('',#618,#666);
#668=EDGE_CURVE('',#619,#565,#667,.T.);
#669=ORIENTED_EDGE('',*,*,#668,.T.);
#670=ORIENTED_EDGE('',*,*,#584,.T.);
#671=ORIENTED_EDGE('',*,*,#632,.F.);
#672=EDGE_LOOP('',(#669,#670,#671));
#673=FACE_OUTER_BOUND('',#672,.T.);
#674=ADVANCED_FACE('',(#673),#664,.T.);
#675=CARTESIAN_POINT('',(45.84265137,12.2221489,0));
#676=VERTEX_POINT('',#675);
#677=CARTESIAN_POINT('',(46.46446609,11.46446609,0));
#678=VERTEX_POINT('',#677);
#679=CARTESIAN_POINT('',(0,30,0));
#680=DIRECTION('',(0,0,-1));
#681=DIRECTION('',(1,0,0));
#682=AXIS2_PLACEMENT_3D('',#679,#680,#681);
#683=PLANE('',#682);
#684=DIRECTION('',(0.93234671,-0.3615655,0));
#685=VECTOR('',#684,49.16910284);
#686=LINE('',#43,#685);
#687=EDGE_CURVE('',#44,#676,#686,.T.);
#688=DIRECTION('',(0.6343936,-0.77301019,0));
#689=VECTOR('',#688,0.98017181);
#690=LINE('',#675,#689);
#691=EDGE_CURVE('',#676,#678,#690,.T.);
#692=DIRECTION('',(0.92882268,-0.37052453,0));
#693=VECTOR('',#692,50.02511996);
#694=LINE('',#43,#693);
#695=EDGE_CURVE('',#44,#678,#694,.T.);
#696=ORIENTED_EDGE('',*,*,#687,.T.);
#697=ORIENTED_EDGE('',*,*,#691,.T.);
#698=ORIENTED_EDGE('',*,*,#695,.F.);
#699=EDGE_LOOP('',(#696,#697,#698));
#700=FACE_OUTER_BOUND('',#699,.T.);
#701=ADVANCED_FACE('',(#700),#683,.T.);
#702=CARTESIAN_POINT('',(45.38060379,13.08658314,0));
#703=VERTEX_POINT('',#702);
#704=CARTESIAN_POINT('',(0,30,0));
#705=DIRECTION('',(0,0,-1));
#706=DIRECTION('',(1,0,0));
#707=AXIS2_PLACEMENT_3D('',#704,#705,#706);
#708=PLANE('',#707);
#709=DIRECTION('',(0.93703538,-0.34923445,0));
#710=VECTOR('',#709,48.42997905);
#711=LINE('',#43,#710);
#712=EDGE_CURVE('',#44,#703,#711,.T.);
#713=DIRECTION('',(0.47139503,-0.88192218,0));
#714=VECTOR('',#713,0.98017066);
#715=LINE('',#702,#714);
#716=EDGE_CURVE('',#703,#676,#715,.T.);
#717=ORIENTED_EDGE('',*,*,#712,.T.);
#718=ORIENTED_EDGE('',*,*,#716,.T.);
#719=ORIENTED_EDGE('',*,*,#687,.F.);
#720=EDGE_LOOP('',(#717,#718,#719));
#721=FACE_OUTER_BOUND('',#720,.T.);
#722=ADVANCED_FACE('',(#721),#708,.T.);
#723=CARTESIAN_POINT('',(47.2221489,10.84265232,0));
#724=VERTEX_POINT('',#723);
#725=CARTESIAN_POINT('',(0,30,0));
#726=DIRECTION('',(0,0,-1));
#727=DIRECTION('',(1,0,0));
#728=AXIS2_PLACEMENT_3D('',#725,#726,#727);
#729=PLANE('',#728);
#730=DIRECTION('',(0.92664883,-0.37592812,0));
#731=VECTOR('',#730,50.96013458);
#732=LINE('',#43,#731);
#733=EDGE_CURVE('',#44,#724,#732,.T.);
#734=DIRECTION('',(0.88192075,-0.4713977,0));
#735=VECTOR('',#734,0.98017117);
#736=LINE('',#723,#735);
#737=EDGE_CURVE('',#724,#143,#736,.T.);
#738=ORIENTED_EDGE('',*,*,#733,.T.);
#739=ORIENTED_EDGE('',*,*,#737,.T.);
#740=ORIENTED_EDGE('',*,*,#152,.F.);
#741=EDGE_LOOP('',(#738,#739,#740));
#742=FACE_OUTER_BOUND('',#741,.T.);
#743=ADVANCED_FACE('',(#742),#729,.T.);
#744=CARTESIAN_POINT('',(0,30,0));
#745=DIRECTION('',(0,0,-1));
#746=DIRECTION('',(1,0,0));
#747=AXIS2_PLACEMENT_3D('',#744,#745,#746);
#748=PLANE('',#747);
#749=DIRECTION('',(0.77301067,-0.63439302,0));
#750=VECTOR('',#749,0.98017121);
#751=LINE('',#677,#750);
#752=EDGE_CURVE('',#678,#724,#751,.T.);
#753=ORIENTED_EDGE('',*,*,#695,.T.);
#754=ORIENTED_EDGE('',*,*,#752,.T.);
#755=ORIENTED_EDGE('',*,*,#733,.F.);
#756=EDGE_LOOP('',(#753,#754,#755));
#757=FACE_OUTER_BOUND('',#756,.T.);
#758=ADVANCED_FACE('',(#757),#748,.T.);
#759=CARTESIAN_POINT('',(45,15,0));
#760=VERTEX_POINT('',#759);
#761=CARTESIAN_POINT('',(45.09607315,14.02454853,0));
#762=VERTEX_POINT('',#761);
#763=CARTESIAN_POINT('',(0,30,0));
#764=DIRECTION('',(0,0,-1));
#765=DIRECTION('',(1,0,0));
#766=AXIS2_PLACEMENT_3D('',#763,#764,#765);
#767=PLANE('',#766);
#768=DIRECTION('',(0.9486833,-0.31622777,0));
#769=VECTOR('',#768,47.4341649);
#770=LINE('',#43,#769);
#771=EDGE_CURVE('',#44,#760,#770,.T.);
#772=DIRECTION('',(0.0980167,-0.99518477,0));
#773=VECTOR('',#772,0.98017122);
#774=LINE('',#759,#773);
#775=EDGE_CURVE('',#760,#762,#774,.T.);
#776=DIRECTION('',(0.9426014,-0.33392005,0));
#777=VECTOR('',#776,47.84214526);
#778=LINE('',#43,#777);
#779=EDGE_CURVE('',#44,#762,#778,.T.);
#780=ORIENTED_EDGE('',*,*,#771,.T.);
#781=ORIENTED_EDGE('',*,*,#775,.T.);
#782=ORIENTED_EDGE('',*,*,#779,.F.);
#783=EDGE_LOOP('',(#780,#781,#782));
#784=FACE_OUTER_BOUND('',#783,.T.);
#785=ADVANCED_FACE('',(#784),#767,.T.);
#786=CARTESIAN_POINT('',(0,30,0));
#787=DIRECTION('',(0,0,-1));
#788=DIRECTION('',(1,0,0));
#789=AXIS2_PLACEMENT_3D('',#786,#787,#788);
#790=PLANE('',#789);
#791=DIRECTION('',(0.2902865,-0.95693978,0));
#792=VECTOR('',#791,0.9801718);
#793=LINE('',#761,#792);
#794=EDGE_CURVE('',#762,#703,#793,.T.);
#795=ORIENTED_EDGE('',*,*,#779,.T.);
#796=ORIENTED_EDGE('',*,*,#794,.T.);
#797=ORIENTED_EDGE('',*,*,#712,.F.);
#798=EDGE_LOOP('',(#795,#796,#797));
#799=FACE_OUTER_BOUND('',#798,.T.);
#800=ADVANCED_FACE('',(#799),#790,.T.);
#801=CARTESIAN_POINT('',(45.09607315,15.97545147,0));
#802=VERTEX_POINT('',#801);
#803=CARTESIAN_POINT('',(0,30,0));
#804=DIRECTION('',(0,0,-1));
#805=DIRECTION('',(1,0,0));
#806=AXIS2_PLACEMENT_3D('',#803,#804,#805);
#807=PLANE('',#806);
#808=DIRECTION('',(0.95488885,-0.29696344,0));
#809=VECTOR('',#808,47.22651559);
#810=LINE('',#43,#809);
#811=EDGE_CURVE('',#44,#802,#810,.T.);
#812=DIRECTION('',(0.0980167,0.99518477,0));
#813=VECTOR('',#812,0.98017122);
#814=LINE('',#759,#813);
#815=EDGE_CURVE('',#760,#802,#814,.T.);
#816=ORIENTED_EDGE('',*,*,#811,.T.);
#817=ORIENTED_EDGE('',*,*,#815,.F.);
#818=ORIENTED_EDGE('',*,*,#771,.F.);
#819=EDGE_LOOP('',(#816,#817,#818));
#820=FACE_OUTER_BOUND('',#819,.T.);
#821=ADVANCED_FACE('',(#820),#807,.T.);
#822=CARTESIAN_POINT('',(45.38060379,16.91341782,0));
#823=VERTEX_POINT('',#822);
#824=CARTESIAN_POINT('',(0,30,0));
#825=DIRECTION('',(0,0,-1));
#826=DIRECTION('',(1,0,0));
#827=AXIS2_PLACEMENT_3D('',#824,#825,#826);
#828=PLANE('',#827);
#829=DIRECTION('',(0.96084601,-0.27708292,0));
#830=VECTOR('',#829,47.2298405);
#831=LINE('',#43,#830);
#832=EDGE_CURVE('',#44,#823,#831,.T.);
#833=DIRECTION('',(0.29028623,0.95693987,0));
#834=VECTOR('',#833,0.98017272);
#835=LINE('',#801,#834);
#836=EDGE_CURVE('',#802,#823,#835,.T.);
#837=ORIENTED_EDGE('',*,*,#832,.T.);
#838=ORIENTED_EDGE('',*,*,#836,.F.);
#839=ORIENTED_EDGE('',*,*,#811,.F.);
#840=EDGE_LOOP('',(#837,#838,#839));
#841=FACE_OUTER_BOUND('',#840,.T.);
#842=ADVANCED_FACE('',(#841),#828,.T.);
#843=CARTESIAN_POINT('',(45.84265137,17.7778511,0));
#844=VERTEX_POINT('',#843);
#845=CARTESIAN_POINT('',(0,30,0));
#846=DIRECTION('',(0,0,-1));
#847=DIRECTION('',(1,0,0));
#848=AXIS2_PLACEMENT_3D('',#845,#846,#847);
#849=PLANE('',#848);
#850=DIRECTION('',(0.96624836,-0.25761231,0));
#851=VECTOR('',#850,47.44396282);
#852=LINE('',#43,#851);
#853=EDGE_CURVE('',#44,#844,#852,.T.);
#854=DIRECTION('',(0.47139543,0.88192196,0));
#855=VECTOR('',#854,0.98016982);
#856=LINE('',#822,#855);
#857=EDGE_CURVE('',#823,#844,#856,.T.);
#858=ORIENTED_EDGE('',*,*,#853,.T.);
#859=ORIENTED_EDGE('',*,*,#857,.F.);
#860=ORIENTED_EDGE('',*,*,#832,.F.);
#861=EDGE_LOOP('',(#858,#859,#860));
#862=FACE_OUTER_BOUND('',#861,.T.);
#863=ADVANCED_FACE('',(#862),#849,.T.);
#864=CARTESIAN_POINT('',(46.46446609,18.53553391,0));
#865=VERTEX_POINT('',#864);
#866=CARTESIAN_POINT('',(0,30,0));
#867=DIRECTION('',(0,0,-1));
#868=DIRECTION('',(1,0,0));
#869=AXIS2_PLACEMENT_3D('',#866,#867,#868);
#870=PLANE('',#869);
#871=DIRECTION('',(0.97088351,-0.23955211,0));
#872=VECTOR('',#871,47.85792089);
#873=LINE('',#43,#872);
#874=EDGE_CURVE('',#44,#865,#873,.T.);
#875=DIRECTION('',(0.6343936,0.77301019,0));
#876=VECTOR('',#875,0.98017181);
#877=LINE('',#843,#876);
#878=EDGE_CURVE('',#844,#865,#877,.T.);
#879=ORIENTED_EDGE('',*,*,#874,.T.);
#880=ORIENTED_EDGE('',*,*,#878,.F.);
#881=ORIENTED_EDGE('',*,*,#853,.F.);
#882=EDGE_LOOP('',(#879,#880,#881));
#883=FACE_OUTER_BOUND('',#882,.T.);
#884=ADVANCED_FACE('',(#883),#870,.T.);
#885=CARTESIAN_POINT('',(47.2221489,19.15734863,0));
#886=VERTEX_POINT('',#885);
#887=CARTESIAN_POINT('',(0,30,0));
#888=DIRECTION('',(0,0,-1));
#889=DIRECTION('',(1,0,0));
#890=AXIS2_PLACEMENT_3D('',#887,#888,#889);
#891=PLANE('',#890);
#892=DIRECTION('',(0.97463827,-0.22378615,0));
#893=VECTOR('',#892,48.45094875);
#894=LINE('',#43,#893);
#895=EDGE_CURVE('',#44,#886,#894,.T.);
#896=DIRECTION('',(0.77301019,0.6343936,0));
#897=VECTOR('',#896,0.98017181);
#898=LINE('',#864,#897);
#899=EDGE_CURVE('',#865,#886,#898,.T.);
#900=ORIENTED_EDGE('',*,*,#895,.T.);
#901=ORIENTED_EDGE('',*,*,#899,.F.);
#902=ORIENTED_EDGE('',*,*,#874,.F.);
#903=EDGE_LOOP('',(#900,#901,#902));
#904=FACE_OUTER_BOUND('',#903,.T.);
#905=ADVANCED_FACE('',(#904),#891,.T.);
#906=CARTESIAN_POINT('',(48.08658218,19.61939812,0));
#907=VERTEX_POINT('',#906);
#908=CARTESIAN_POINT('',(0,30,0));
#909=DIRECTION('',(0,0,-1));
#910=DIRECTION('',(1,0,0));
#911=AXIS2_PLACEMENT_3D('',#908,#909,#910);
#912=PLANE('',#911);
#913=DIRECTION('',(0.97748338,-0.21101241,0));
#914=VECTOR('',#913,49.19427082);
#915=LINE('',#43,#914);
#916=EDGE_CURVE('',#44,#907,#915,.T.);
#917=DIRECTION('',(0.88192115,0.47139695,0));
#918=VECTOR('',#917,0.98017072);
#919=LINE('',#885,#918);
#920=EDGE_CURVE('',#886,#907,#919,.T.);
#921=ORIENTED_EDGE('',*,*,#916,.T.);
#922=ORIENTED_EDGE('',*,*,#920,.F.);
#923=ORIENTED_EDGE('',*,*,#895,.F.);
#924=EDGE_LOOP('',(#921,#922,#923));
#925=FACE_OUTER_BOUND('',#924,.T.);
#926=ADVANCED_FACE('',(#925),#912,.T.);
#927=CARTESIAN_POINT('',(49.02454758,19.90392685,0));
#928=VERTEX_POINT('',#927);
#929=CARTESIAN_POINT('',(0,30,0));
#930=DIRECTION('',(0,0,-1));
#931=DIRECTION('',(1,0,0));
#932=AXIS2_PLACEMENT_3D('',#929,#930,#931);
#933=PLANE('',#932);
#934=DIRECTION('',(0.97944606,-0.20170628,0));
#935=VECTOR('',#934,50.05334113);
#936=LINE('',#43,#935);
#937=EDGE_CURVE('',#44,#928,#936,.T.);
#938=DIRECTION('',(0.95694032,0.29028472,0));
#939=VECTOR('',#938,0.98017125);
#940=LINE('',#906,#939);
#941=EDGE_CURVE('',#907,#928,#940,.T.);
#942=ORIENTED_EDGE('',*,*,#937,.T.);
#943=ORIENTED_EDGE('',*,*,#941,.F.);
#944=ORIENTED_EDGE('',*,*,#916,.F.);
#945=EDGE_LOOP('',(#942,#943,#944));
#946=FACE_OUTER_BOUND('',#945,.T.);
#947=ADVANCED_FACE('',(#946),#933,.T.);
#948=CARTESIAN_POINT('',(50,30,0));
#949=VERTEX_POINT('',#948);
#950=CARTESIAN_POINT('',(0,30,0));
#951=DIRECTION('',(0,0,-1));
#952=DIRECTION('',(1,0,0));
#953=AXIS2_PLACEMENT_3D('',#950,#951,#952);
#954=PLANE('',#953);
#955=DIRECTION('',(1,0,0));
#956=VECTOR('',#955,50);
#957=LINE('',#43,#956);
#958=EDGE_CURVE('',#44,#949,#957,.T.);
#959=DIRECTION('',(0.09616919,0.995365,0));
#960=VECTOR('',#959,10.14308634);
#961=LINE('',#927,#960);
#962=EDGE_CURVE('',#928,#949,#961,.T.);
#963=ORIENTED_EDGE('',*,*,#958,.T.);
#964=ORIENTED_EDGE('',*,*,#962,.F.);
#965=ORIENTED_EDGE('',*,*,#937,.F.);
#966=EDGE_LOOP('',(#963,#964,#965));
#967=FACE_OUTER_BOUND('',#966,.T.);
#968=ADVANCED_FACE('',(#967),#954,.T.);
#969=CARTESIAN_POINT('',(0,30,0));
#970=DIRECTION('',(0,1,0));
#971=DIRECTION('',(1,0,0));
#972=AXIS2_PLACEMENT_3D('',#969,#970,#971);
#973=PLANE('',#972);
#974=DIRECTION('',(0,0,1));
#975=VECTOR('',#974,4);
#976=LINE('',#948,#975);
#977=EDGE_CURVE('',#949,#122,#976,.T.);
#978=ORIENTED_EDGE('',*,*,#135,.T.);
#979=ORIENTED_EDGE('',*,*,#977,.F.);
#980=ORIENTED_EDGE('',*,*,#958,.F.);
#981=EDGE_LOOP('',(#978,#979,#980));
#982=FACE_OUTER_BOUND('',#981,.T.);
#983=ADVANCED_FACE('',(#982),#973,.T.);
#984=CARTESIAN_POINT('',(47.87868118,17.12132072,0));
#985=VERTEX_POINT('',#984);
#986=CARTESIAN_POINT('',(49.41473007,12.05764389,0));
#987=DIRECTION('',(0,0,-1));
#988=DIRECTION('',(1,0,0));
#989=AXIS2_PLACEMENT_3D('',#986,#987,#988);
#990=PLANE('',#989);
#991=DIRECTION('',(0.63439265,0.77301097,0));
#992=VECTOR('',#991,0.58810397);
#993=LINE('',#387,#992);
#994=EDGE_CURVE('',#388,#985,#993,.T.);
#995=DIRECTION('',(0.29028456,-0.95694037,0));
#996=VECTOR('',#995,5.29152807);
#997=LINE('',#984,#996);
#998=EDGE_CURVE('',#985,#361,#997,.T.);
#999=ORIENTED_EDGE('',*,*,#401,.F.);
#1000=ORIENTED_EDGE('',*,*,#994,.T.);
#1001=ORIENTED_EDGE('',*,*,#998,.T.);
#1002=EDGE_LOOP('',(#999,#1000,#1001));
#1003=FACE_OUTER_BOUND('',#1002,.T.);
#1004=ADVANCED_FACE('',(#1003),#990,.T.);
#1005=CARTESIAN_POINT('',(48.3332901,17.49440956,0));
#1006=VERTEX_POINT('',#1005);
#1007=CARTESIAN_POINT('',(49.41473007,12.05764389,0));
#1008=DIRECTION('',(0,0,-1));
#1009=DIRECTION('',(1,0,0));
#1010=AXIS2_PLACEMENT_3D('',#1007,#1008,#1009);
#1011=PLANE('',#1010);
#1012=DIRECTION('',(0.77300967,0.63439424,0));
#1013=VECTOR('',#1012,0.5881025);
#1014=LINE('',#984,#1013);
#1015=EDGE_CURVE('',#985,#1006,#1014,.T.);
#1016=DIRECTION('',(0.19509033,-0.98078528,0));
#1017=VECTOR('',#1016,5.54327822);
#1018=LINE('',#1005,#1017);
#1019=EDGE_CURVE('',#1006,#361,#1018,.T.);
#1020=ORIENTED_EDGE('',*,*,#998,.F.);
#1021=ORIENTED_EDGE('',*,*,#1015,.T.);
#1022=ORIENTED_EDGE('',*,*,#1019,.T.);
#1023=EDGE_LOOP('',(#1020,#1021,#1022));
#1024=FACE_OUTER_BOUND('',#1023,.T.);
#1025=ADVANCED_FACE('',(#1024),#1011,.T.);
#1026=CARTESIAN_POINT('',(48.8519516,17.77163887,0));
#1027=VERTEX_POINT('',#1026);
#1028=CARTESIAN_POINT('',(49.41473007,12.05764389,0));
#1029=DIRECTION('',(0,0,-1));
#1030=DIRECTION('',(1,0,0));
#1031=AXIS2_PLACEMENT_3D('',#1028,#1029,#1030);
#1032=PLANE('',#1031);
#1033=DIRECTION('',(0.881922,0.47139536,0));
#1034=VECTOR('',#1033,0.5881036);
#1035=LINE('',#1005,#1034);
#1036=EDGE_CURVE('',#1006,#1027,#1035,.T.);
#1037=DIRECTION('',(0.09801698,-0.99518474,0));
#1038=VECTOR('',#1037,5.74164247);
#1039=LINE('',#1026,#1038);
#1040=EDGE_CURVE('',#1027,#361,#1039,.T.);
#1041=ORIENTED_EDGE('',*,*,#1019,.F.);
#1042=ORIENTED_EDGE('',*,*,#1036,.T.);
#1043=ORIENTED_EDGE('',*,*,#1040,.T.);
#1044=EDGE_LOOP('',(#1041,#1042,#1043));
#1045=FACE_OUTER_BOUND('',#1044,.T.);
#1046=ADVANCED_FACE('',(#1045),#1032,.T.);
#1047=CARTESIAN_POINT('',(49.41473007,17.94235611,0));
#1048=VERTEX_POINT('',#1047);
#1049=CARTESIAN_POINT('',(49.41473007,12.05764389,0));
#1050=DIRECTION('',(0,0,-1));
#1051=DIRECTION('',(1,0,0));
#1052=AXIS2_PLACEMENT_3D('',#1049,#1050,#1051);
#1053=PLANE('',#1052);
#1054=DIRECTION('',(0.95694021,0.29028508,0));
#1055=VECTOR('',#1054,0.58810202);
#1056=LINE('',#1026,#1055);
#1057=EDGE_CURVE('',#1027,#1048,#1056,.T.);
#1058=DIRECTION('',(0,1,0));
#1059=VECTOR('',#1058,5.88471222);
#1060=LINE('',#360,#1059);
#1061=EDGE_CURVE('',#361,#1048,#1060,.T.);
#1062=ORIENTED_EDGE('',*,*,#1040,.F.);
#1063=ORIENTED_EDGE('',*,*,#1057,.T.);
#1064=ORIENTED_EDGE('',*,*,#1061,.F.);
#1065=EDGE_LOOP('',(#1062,#1063,#1064));
#1066=FACE_OUTER_BOUND('',#1065,.T.);
#1067=ADVANCED_FACE('',(#1066),#1053,.T.);
#1068=CARTESIAN_POINT('',(49.41473007,12.05764389,0));
#1069=DIRECTION('',(0,0,-1));
#1070=DIRECTION('',(1,0,0));
#1071=AXIS2_PLACEMENT_3D('',#1068,#1069,#1070);
#1072=PLANE('',#1071);
#1073=DIRECTION('',(0.99518475,0.09801686,0));
#1074=VECTOR('',#1073,0.58810178);
#1075=LINE('',#1047,#1074);
#1076=EDGE_CURVE('',#1048,#424,#1075,.T.);
#1077=ORIENTED_EDGE('',*,*,#1061,.T.);
#1078=ORIENTED_EDGE('',*,*,#1076,.T.);
#1079=ORIENTED_EDGE('',*,*,#443,.F.);
#1080=EDGE_LOOP('',(#1077,#1078,#1079));
#1081=FACE_OUTER_BOUND('',#1080,.T.);
#1082=ADVANCED_FACE('',(#1081),#1072,.T.);
#1083=CARTESIAN_POINT('',(50,12,0));
#1084=DIRECTION('',(1,0,0));
#1085=DIRECTION('',(0,1,0));
#1086=AXIS2_PLACEMENT_3D('',#1083,#1084,#1085);
#1087=PLANE('',#1086);
#1088=DIRECTION('',(0,0,1));
#1089=VECTOR('',#1088,4);
#1090=LINE('',#423,#1089);
#1091=EDGE_CURVE('',#424,#540,#1090,.T.);
#1092=ORIENTED_EDGE('',*,*,#435,.T.);
#1093=ORIENTED_EDGE('',*,*,#1091,.T.);
#1094=ORIENTED_EDGE('',*,*,#553,.F.);
#1095=EDGE_LOOP('',(#1092,#1093,#1094));
#1096=FACE_OUTER_BOUND('',#1095,.T.);
#1097=ADVANCED_FACE('',(#1096),#1087,.T.);
#1098=CARTESIAN_POINT('',(50,20,0));
#1099=VERTEX_POINT('',#1098);
#1100=CARTESIAN_POINT('',(50,30,0));
#1101=DIRECTION('',(0,0,-1));
#1102=DIRECTION('',(1,0,0));
#1103=AXIS2_PLACEMENT_3D('',#1100,#1101,#1102);
#1104=PLANE('',#1103);
#1105=DIRECTION('',(0,1,0));
#1106=VECTOR('',#1105,10);
#1107=LINE('',#1098,#1106);
#1108=EDGE_CURVE('',#1099,#949,#1107,.T.);
#1109=DIRECTION('',(0.99518478,0.09801661,0));
#1110=VECTOR('',#1109,0.98017217);
#1111=LINE('',#927,#1110);
#1112=EDGE_CURVE('',#928,#1099,#1111,.T.);
#1113=ORIENTED_EDGE('',*,*,#1108,.F.);
#1114=ORIENTED_EDGE('',*,*,#1112,.F.);
#1115=ORIENTED_EDGE('',*,*,#962,.T.);
#1116=EDGE_LOOP('',(#1113,#1114,#1115));
#1117=FACE_OUTER_BOUND('',#1116,.T.);
#1118=ADVANCED_FACE('',(#1117),#1104,.T.);
#1119=CARTESIAN_POINT('',(50,30,0));
#1120=DIRECTION('',(1,0,0));
#1121=DIRECTION('',(0,1,0));
#1122=AXIS2_PLACEMENT_3D('',#1119,#1120,#1121);
#1123=PLANE('',#1122);
#1124=DIRECTION('',(0,0.92847669,0.37139068));
#1125=VECTOR('',#1124,10.77032961);
#1126=LINE('',#1098,#1125);
#1127=EDGE_CURVE('',#1099,#122,#1126,.T.);
#1128=ORIENTED_EDGE('',*,*,#977,.T.);
#1129=ORIENTED_EDGE('',*,*,#1127,.F.);
#1130=ORIENTED_EDGE('',*,*,#1108,.T.);
#1131=EDGE_LOOP('',(#1128,#1129,#1130));
#1132=FACE_OUTER_BOUND('',#1131,.T.);
#1133=ADVANCED_FACE('',(#1132),#1123,.T.);
#1134=CARTESIAN_POINT('',(46.46446609,11.46446609,4));
#1135=VERTEX_POINT('',#1134);
#1136=CARTESIAN_POINT('',(45.84265137,12.2221489,4));
#1137=VERTEX_POINT('',#1136);
#1138=CARTESIAN_POINT('',(0,30,4));
#1139=DIRECTION('',(0,0,1));
#1140=DIRECTION('',(1,0,0));
#1141=AXIS2_PLACEMENT_3D('',#1138,#1139,#1140);
#1142=PLANE('',#1141);
#1143=DIRECTION('',(0.92882268,-0.37052453,0));
#1144=VECTOR('',#1143,50.02511996);
#1145=LINE('',#64,#1144);
#1146=EDGE_CURVE('',#65,#1135,#1145,.T.);
#1147=DIRECTION('',(0.6343936,-0.77301019,0));
#1148=VECTOR('',#1147,0.98017181);
#1149=LINE('',#1136,#1148);
#1150=EDGE_CURVE('',#1137,#1135,#1149,.T.);
#1151=DIRECTION('',(0.93234671,-0.3615655,0));
#1152=VECTOR('',#1151,49.16910284);
#1153=LINE('',#64,#1152);
#1154=EDGE_CURVE('',#65,#1137,#1153,.T.);
#1155=ORIENTED_EDGE('',*,*,#1146,.T.);
#1156=ORIENTED_EDGE('',*,*,#1150,.F.);
#1157=ORIENTED_EDGE('',*,*,#1154,.F.);
#1158=EDGE_LOOP('',(#1155,#1156,#1157));
#1159=FACE_OUTER_BOUND('',#1158,.T.);
#1160=ADVANCED_FACE('',(#1159),#1142,.T.);
#1161=CARTESIAN_POINT('',(45.38060379,13.08658314,4));
#1162=VERTEX_POINT('',#1161);
#1163=CARTESIAN_POINT('',(0,30,4));
#1164=DIRECTION('',(0,0,1));
#1165=DIRECTION('',(1,0,0));
#1166=AXIS2_PLACEMENT_3D('',#1163,#1164,#1165);
#1167=PLANE('',#1166);
#1168=DIRECTION('',(0.47139503,-0.88192218,0));
#1169=VECTOR('',#1168,0.98017066);
#1170=LINE('',#1161,#1169);
#1171=EDGE_CURVE('',#1162,#1137,#1170,.T.);
#1172=DIRECTION('',(0.93703538,-0.34923445,0));
#1173=VECTOR('',#1172,48.42997905);
#1174=LINE('',#64,#1173);
#1175=EDGE_CURVE('',#65,#1162,#1174,.T.);
#1176=ORIENTED_EDGE('',*,*,#1154,.T.);
#1177=ORIENTED_EDGE('',*,*,#1171,.F.);
#1178=ORIENTED_EDGE('',*,*,#1175,.F.);
#1179=EDGE_LOOP('',(#1176,#1177,#1178));
#1180=FACE_OUTER_BOUND('',#1179,.T.);
#1181=ADVANCED_FACE('',(#1180),#1167,.T.);
#1182=CARTESIAN_POINT('',(47.2221489,10.84265232,4));
#1183=VERTEX_POINT('',#1182);
#1184=CARTESIAN_POINT('',(0,30,4));
#1185=DIRECTION('',(0,0,1));
#1186=DIRECTION('',(1,0,0));
#1187=AXIS2_PLACEMENT_3D('',#1184,#1185,#1186);
#1188=PLANE('',#1187);
#1189=DIRECTION('',(0.88192075,-0.4713977,0));
#1190=VECTOR('',#1189,0.98017117);
#1191=LINE('',#1182,#1190);
#1192=EDGE_CURVE('',#1183,#466,#1191,.T.);
#1193=DIRECTION('',(0.92664883,-0.37592812,0));
#1194=VECTOR('',#1193,50.96013458);
#1195=LINE('',#64,#1194);
#1196=EDGE_CURVE('',#65,#1183,#1195,.T.);
#1197=ORIENTED_EDGE('',*,*,#479,.T.);
#1198=ORIENTED_EDGE('',*,*,#1192,.F.);
#1199=ORIENTED_EDGE('',*,*,#1196,.F.);
#1200=EDGE_LOOP('',(#1197,#1198,#1199));
#1201=FACE_OUTER_BOUND('',#1200,.T.);
#1202=ADVANCED_FACE('',(#1201),#1188,.T.);
#1203=CARTESIAN_POINT('',(0,30,4));
#1204=DIRECTION('',(0,0,1));
#1205=DIRECTION('',(1,0,0));
#1206=AXIS2_PLACEMENT_3D('',#1203,#1204,#1205);
#1207=PLANE('',#1206);
#1208=DIRECTION('',(0.77301067,-0.63439302,0));
#1209=VECTOR('',#1208,0.98017121);
#1210=LINE('',#1134,#1209);
#1211=EDGE_CURVE('',#1135,#1183,#1210,.T.);
#1212=ORIENTED_EDGE('',*,*,#1196,.T.);
#1213=ORIENTED_EDGE('',*,*,#1211,.F.);
#1214=ORIENTED_EDGE('',*,*,#1146,.F.);
#1215=EDGE_LOOP('',(#1212,#1213,#1214));
#1216=FACE_OUTER_BOUND('',#1215,.T.);
#1217=ADVANCED_FACE('',(#1216),#1207,.T.);
#1218=CARTESIAN_POINT('',(45.09607315,14.02454853,4));
#1219=VERTEX_POINT('',#1218);
#1220=CARTESIAN_POINT('',(45,15,4));
#1221=VERTEX_POINT('',#1220);
#1222=CARTESIAN_POINT('',(0,30,4));
#1223=DIRECTION('',(0,0,1));
#1224=DIRECTION('',(1,0,0));
#1225=AXIS2_PLACEMENT_3D('',#1222,#1223,#1224);
#1226=PLANE('',#1225);
#1227=DIRECTION('',(0.9426014,-0.33392005,0));
#1228=VECTOR('',#1227,47.84214526);
#1229=LINE('',#64,#1228);
#1230=EDGE_CURVE('',#65,#1219,#1229,.T.);
#1231=DIRECTION('',(0.0980167,-0.99518477,0));
#1232=VECTOR('',#1231,0.98017122);
#1233=LINE('',#1220,#1232);
#1234=EDGE_CURVE('',#1221,#1219,#1233,.T.);
#1235=DIRECTION('',(0.9486833,-0.31622777,0));
#1236=VECTOR('',#1235,47.4341649);
#1237=LINE('',#64,#1236);
#1238=EDGE_CURVE('',#65,#1221,#1237,.T.);
#1239=ORIENTED_EDGE('',*,*,#1230,.T.);
#1240=ORIENTED_EDGE('',*,*,#1234,.F.);
#1241=ORIENTED_EDGE('',*,*,#1238,.F.);
#1242=EDGE_LOOP('',(#1239,#1240,#1241));
#1243=FACE_OUTER_BOUND('',#1242,.T.);
#1244=ADVANCED_FACE('',(#1243),#1226,.T.);
#1245=CARTESIAN_POINT('',(0,30,4));
#1246=DIRECTION('',(0,0,1));
#1247=DIRECTION('',(1,0,0));
#1248=AXIS2_PLACEMENT_3D('',#1245,#1246,#1247);
#1249=PLANE('',#1248);
#1250=DIRECTION('',(0.2902865,-0.95693978,0));
#1251=VECTOR('',#1250,0.9801718);
#1252=LINE('',#1218,#1251);
#1253=EDGE_CURVE('',#1219,#1162,#1252,.T.);
#1254=ORIENTED_EDGE('',*,*,#1175,.T.);
#1255=ORIENTED_EDGE('',*,*,#1253,.F.);
#1256=ORIENTED_EDGE('',*,*,#1230,.F.);
#1257=EDGE_LOOP('',(#1254,#1255,#1256));
#1258=FACE_OUTER_BOUND('',#1257,.T.);
#1259=ADVANCED_FACE('',(#1258),#1249,.T.);
#1260=CARTESIAN_POINT('',(45.09607315,15.97545147,4));
#1261=VERTEX_POINT('',#1260);
#1262=CARTESIAN_POINT('',(0,30,4));
#1263=DIRECTION('',(0,0,1));
#1264=DIRECTION('',(1,0,0));
#1265=AXIS2_PLACEMENT_3D('',#1262,#1263,#1264);
#1266=PLANE('',#1265);
#1267=DIRECTION('',(0.0980167,0.99518477,0));
#1268=VECTOR('',#1267,0.98017122);
#1269=LINE('',#1220,#1268);
#1270=EDGE_CURVE('',#1221,#1261,#1269,.T.);
#1271=DIRECTION('',(0.95488885,-0.29696344,0));
#1272=VECTOR('',#1271,47.22651559);
#1273=LINE('',#64,#1272);
#1274=EDGE_CURVE('',#65,#1261,#1273,.T.);
#1275=ORIENTED_EDGE('',*,*,#1238,.T.);
#1276=ORIENTED_EDGE('',*,*,#1270,.T.);
#1277=ORIENTED_EDGE('',*,*,#1274,.F.);
#1278=EDGE_LOOP('',(#1275,#1276,#1277));
#1279=FACE_OUTER_BOUND('',#1278,.T.);
#1280=ADVANCED_FACE('',(#1279),#1266,.T.);
#1281=CARTESIAN_POINT('',(45.38060379,16.91341782,4));
#1282=VERTEX_POINT('',#1281);
#1283=CARTESIAN_POINT('',(0,30,4));
#1284=DIRECTION('',(0,0,1));
#1285=DIRECTION('',(1,0,0));
#1286=AXIS2_PLACEMENT_3D('',#1283,#1284,#1285);
#1287=PLANE('',#1286);
#1288=DIRECTION('',(0.29028623,0.95693987,0));
#1289=VECTOR('',#1288,0.98017272);
#1290=LINE('',#1260,#1289);
#1291=EDGE_CURVE('',#1261,#1282,#1290,.T.);
#1292=DIRECTION('',(0.96084601,-0.27708292,0));
#1293=VECTOR('',#1292,47.2298405);
#1294=LINE('',#64,#1293);
#1295=EDGE_CURVE('',#65,#1282,#1294,.T.);
#1296=ORIENTED_EDGE('',*,*,#1274,.T.);
#1297=ORIENTED_EDGE('',*,*,#1291,.T.);
#1298=ORIENTED_EDGE('',*,*,#1295,.F.);
#1299=EDGE_LOOP('',(#1296,#1297,#1298));
#1300=FACE_OUTER_BOUND('',#1299,.T.);
#1301=ADVANCED_FACE('',(#1300),#1287,.T.);
#1302=CARTESIAN_POINT('',(45.84265137,17.7778511,4));
#1303=VERTEX_POINT('',#1302);
#1304=CARTESIAN_POINT('',(0,30,4));
#1305=DIRECTION('',(0,0,1));
#1306=DIRECTION('',(1,0,0));
#1307=AXIS2_PLACEMENT_3D('',#1304,#1305,#1306);
#1308=PLANE('',#1307);
#1309=DIRECTION('',(0.47139543,0.88192196,0));
#1310=VECTOR('',#1309,0.98016982);
#1311=LINE('',#1281,#1310);
#1312=EDGE_CURVE('',#1282,#1303,#1311,.T.);
#1313=DIRECTION('',(0.96624836,-0.25761231,0));
#1314=VECTOR('',#1313,47.44396282);
#1315=LINE('',#64,#1314);
#1316=EDGE_CURVE('',#65,#1303,#1315,.T.);
#1317=ORIENTED_EDGE('',*,*,#1295,.T.);
#1318=ORIENTED_EDGE('',*,*,#1312,.T.);
#1319=ORIENTED_EDGE('',*,*,#1316,.F.);
#1320=EDGE_LOOP('',(#1317,#1318,#1319));
#1321=FACE_OUTER_BOUND('',#1320,.T.);
#1322=ADVANCED_FACE('',(#1321),#1308,.T.);
#1323=CARTESIAN_POINT('',(46.46446609,18.53553391,4));
#1324=VERTEX_POINT('',#1323);
#1325=CARTESIAN_POINT('',(0,30,4));
#1326=DIRECTION('',(0,0,1));
#1327=DIRECTION('',(1,0,0));
#1328=AXIS2_PLACEMENT_3D('',#1325,#1326,#1327);
#1329=PLANE('',#1328);
#1330=DIRECTION('',(0.6343936,0.77301019,0));
#1331=VECTOR('',#1330,0.98017181);
#1332=LINE('',#1302,#1331);
#1333=EDGE_CURVE('',#1303,#1324,#1332,.T.);
#1334=DIRECTION('',(0.97088351,-0.23955211,0));
#1335=VECTOR('',#1334,47.85792089);
#1336=LINE('',#64,#1335);
#1337=EDGE_CURVE('',#65,#1324,#1336,.T.);
#1338=ORIENTED_EDGE('',*,*,#1316,.T.);
#1339=ORIENTED_EDGE('',*,*,#1333,.T.);
#1340=ORIENTED_EDGE('',*,*,#1337,.F.);
#1341=EDGE_LOOP('',(#1338,#1339,#1340));
#1342=FACE_OUTER_BOUND('',#1341,.T.);
#1343=ADVANCED_FACE('',(#1342),#1329,.T.);
#1344=CARTESIAN_POINT('',(47.2221489,19.15734863,4));
#1345=VERTEX_POINT('',#1344);
#1346=CARTESIAN_POINT('',(0,30,4));
#1347=DIRECTION('',(0,0,1));
#1348=DIRECTION('',(1,0,0));
#1349=AXIS2_PLACEMENT_3D('',#1346,#1347,#1348);
#1350=PLANE('',#1349);
#1351=DIRECTION('',(0.77301019,0.6343936,0));
#1352=VECTOR('',#1351,0.98017181);
#1353=LINE('',#1323,#1352);
#1354=EDGE_CURVE('',#1324,#1345,#1353,.T.);
#1355=DIRECTION('',(0.97463827,-0.22378615,0));
#1356=VECTOR('',#1355,48.45094875);
#1357=LINE('',#64,#1356);
#1358=EDGE_CURVE('',#65,#1345,#1357,.T.);
#1359=ORIENTED_EDGE('',*,*,#1337,.T.);
#1360=ORIENTED_EDGE('',*,*,#1354,.T.);
#1361=ORIENTED_EDGE('',*,*,#1358,.F.);
#1362=EDGE_LOOP('',(#1359,#1360,#1361));
#1363=FACE_OUTER_BOUND('',#1362,.T.);
#1364=ADVANCED_FACE('',(#1363),#1350,.T.);
#1365=CARTESIAN_POINT('',(48.08658218,19.61939812,4));
#1366=VERTEX_POINT('',#1365);
#1367=CARTESIAN_POINT('',(0,30,4));
#1368=DIRECTION('',(0,0,1));
#1369=DIRECTION('',(1,0,0));
#1370=AXIS2_PLACEMENT_3D('',#1367,#1368,#1369);
#1371=PLANE('',#1370);
#1372=DIRECTION('',(0.88192115,0.47139695,0));
#1373=VECTOR('',#1372,0.98017072);
#1374=LINE('',#1344,#1373);
#1375=EDGE_CURVE('',#1345,#1366,#1374,.T.);
#1376=DIRECTION('',(0.97748338,-0.21101241,0));
#1377=VECTOR('',#1376,49.19427082);
#1378=LINE('',#64,#1377);
#1379=EDGE_CURVE('',#65,#1366,#1378,.T.);
#1380=ORIENTED_EDGE('',*,*,#1358,.T.);
#1381=ORIENTED_EDGE('',*,*,#1375,.T.);
#1382=ORIENTED_EDGE('',*,*,#1379,.F.);
#1383=EDGE_LOOP('',(#1380,#1381,#1382));
#1384=FACE_OUTER_BOUND('',#1383,.T.);
#1385=ADVANCED_FACE('',(#1384),#1371,.T.);
#1386=CARTESIAN_POINT('',(49.02454758,19.90392685,4));
#1387=VERTEX_POINT('',#1386);
#1388=CARTESIAN_POINT('',(0,30,4));
#1389=DIRECTION('',(0,0,1));
#1390=DIRECTION('',(1,0,0));
#1391=AXIS2_PLACEMENT_3D('',#1388,#1389,#1390);
#1392=PLANE('',#1391);
#1393=DIRECTION('',(0.95694032,0.29028472,0));
#1394=VECTOR('',#1393,0.98017125);
#1395=LINE('',#1365,#1394);
#1396=EDGE_CURVE('',#1366,#1387,#1395,.T.);
#1397=DIRECTION('',(0.97944606,-0.20170628,0));
#1398=VECTOR('',#1397,50.05334113);
#1399=LINE('',#64,#1398);
#1400=EDGE_CURVE('',#65,#1387,#1399,.T.);
#1401=ORIENTED_EDGE('',*,*,#1379,.T.);
#1402=ORIENTED_EDGE('',*,*,#1396,.T.);
#1403=ORIENTED_EDGE('',*,*,#1400,.F.);
#1404=EDGE_LOOP('',(#1401,#1402,#1403));
#1405=FACE_OUTER_BOUND('',#1404,.T.);
#1406=ADVANCED_FACE('',(#1405),#1392,.T.);
#1407=CARTESIAN_POINT('',(0,30,4));
#1408=DIRECTION('',(0,0,1));
#1409=DIRECTION('',(1,0,0));
#1410=AXIS2_PLACEMENT_3D('',#1407,#1408,#1409);
#1411=PLANE('',#1410);
#1412=DIRECTION('',(0.09616919,0.995365,0));
#1413=VECTOR('',#1412,10.14308634);
#1414=LINE('',#1386,#1413);
#1415=EDGE_CURVE('',#1387,#122,#1414,.T.);
#1416=ORIENTED_EDGE('',*,*,#1400,.T.);
#1417=ORIENTED_EDGE('',*,*,#1415,.T.);
#1418=ORIENTED_EDGE('',*,*,#131,.F.);
#1419=EDGE_LOOP('',(#1416,#1417,#1418));
#1420=FACE_OUTER_BOUND('',#1419,.T.);
#1421=ADVANCED_FACE('',(#1420),#1411,.T.);
#1422=CARTESIAN_POINT('',(47.22836304,13.85194969,4));
#1423=VERTEX_POINT('',#1422);
#1424=CARTESIAN_POINT('',(47.22836304,13.85194969,4));
#1425=DIRECTION('',(0,0,1));
#1426=DIRECTION('',(1,0,0));
#1427=AXIS2_PLACEMENT_3D('',#1424,#1425,#1426);
#1428=PLANE('',#1427);
#1429=DIRECTION('',(0.47139604,-0.88192164,0));
#1430=VECTOR('',#1429,0.58810276);
#1431=LINE('',#1422,#1430);
#1432=EDGE_CURVE('',#1423,#640,#1431,.T.);
#1433=DIRECTION('',(0.47139661,0.88192133,0));
#1434=VECTOR('',#1433,4.63806269);
#1435=LINE('',#1422,#1434);
#1436=EDGE_CURVE('',#1423,#567,#1435,.T.);
#1437=ORIENTED_EDGE('',*,*,#1432,.T.);
#1438=ORIENTED_EDGE('',*,*,#653,.T.);
#1439=ORIENTED_EDGE('',*,*,#1436,.F.);
#1440=EDGE_LOOP('',(#1437,#1438,#1439));
#1441=FACE_OUTER_BOUND('',#1440,.T.);
#1442=ADVANCED_FACE('',(#1441),#1428,.T.);
#1443=CARTESIAN_POINT('',(47.05764389,14.41472912,4));
#1444=VERTEX_POINT('',#1443);
#1445=CARTESIAN_POINT('',(47.05764389,14.41472912,4));
#1446=DIRECTION('',(0,0,1));
#1447=DIRECTION('',(1,0,0));
#1448=AXIS2_PLACEMENT_3D('',#1445,#1446,#1447);
#1449=PLANE('',#1448);
#1450=DIRECTION('',(0.2902876,-0.95693945,0));
#1451=VECTOR('',#1450,0.58810349);
#1452=LINE('',#1443,#1451);
#1453=EDGE_CURVE('',#1444,#1423,#1452,.T.);
#1454=DIRECTION('',(0.55557043,0.83146948,0));
#1455=VECTOR('',#1454,4.24264157);
#1456=LINE('',#1443,#1455);
#1457=EDGE_CURVE('',#1444,#567,#1456,.T.);
#1458=ORIENTED_EDGE('',*,*,#1453,.T.);
#1459=ORIENTED_EDGE('',*,*,#1436,.T.);
#1460=ORIENTED_EDGE('',*,*,#1457,.F.);
#1461=EDGE_LOOP('',(#1458,#1459,#1460));
#1462=FACE_OUTER_BOUND('',#1461,.T.);
#1463=ADVANCED_FACE('',(#1462),#1449,.T.);
#1464=CARTESIAN_POINT('',(47,15,4));
#1465=VERTEX_POINT('',#1464);
#1466=CARTESIAN_POINT('',(48.8519516,17.77163887,4));
#1467=VERTEX_POINT('',#1466);
#1468=CARTESIAN_POINT('',(47,15,4));
#1469=DIRECTION('',(0,0,1));
#1470=DIRECTION('',(1,0,0));
#1471=AXIS2_PLACEMENT_3D('',#1468,#1469,#1470);
#1472=PLANE('',#1471);
#1473=DIRECTION('',(0.0980167,-0.99518477,0));
#1474=VECTOR('',#1473,0.58810273);
#1475=LINE('',#1464,#1474);
#1476=EDGE_CURVE('',#1465,#1444,#1475,.T.);
#1477=DIRECTION('',(0.47139716,0.88192104,0));
#1478=VECTOR('',#1477,3.80636089);
#1479=LINE('',#1443,#1478);
#1480=EDGE_CURVE('',#1444,#1467,#1479,.T.);
#1481=DIRECTION('',(0.55557059,0.83146937,0));
#1482=VECTOR('',#1481,3.33342268);
#1483=LINE('',#1464,#1482);
#1484=EDGE_CURVE('',#1465,#1467,#1483,.T.);
#1485=ORIENTED_EDGE('',*,*,#1476,.T.);
#1486=ORIENTED_EDGE('',*,*,#1480,.T.);
#1487=ORIENTED_EDGE('',*,*,#1484,.F.);
#1488=EDGE_LOOP('',(#1485,#1486,#1487));
#1489=FACE_OUTER_BOUND('',#1488,.T.);
#1490=ADVANCED_FACE('',(#1489),#1472,.T.);
#1491=CARTESIAN_POINT('',(47.05764389,15.58527088,4));
#1492=VERTEX_POINT('',#1491);
#1493=CARTESIAN_POINT('',(48.3332901,17.49440956,4));
#1494=VERTEX_POINT('',#1493);
#1495=CARTESIAN_POINT('',(47.05764389,15.58527088,4));
#1496=DIRECTION('',(0,0,1));
#1497=DIRECTION('',(1,0,0));
#1498=AXIS2_PLACEMENT_3D('',#1495,#1496,#1497);
#1499=PLANE('',#1498);
#1500=DIRECTION('',(0.0980167,0.99518477,0));
#1501=VECTOR('',#1500,0.58810273);
#1502=LINE('',#1464,#1501);
#1503=EDGE_CURVE('',#1465,#1492,#1502,.T.);
#1504=DIRECTION('',(0.47139685,0.8819212,0));
#1505=VECTOR('',#1504,2.82838144);
#1506=LINE('',#1464,#1505);
#1507=EDGE_CURVE('',#1465,#1494,#1506,.T.);
#1508=DIRECTION('',(0.55557039,0.83146951,0));
#1509=VECTOR('',#1508,2.29610186);
#1510=LINE('',#1491,#1509);
#1511=EDGE_CURVE('',#1492,#1494,#1510,.T.);
#1512=ORIENTED_EDGE('',*,*,#1503,.F.);
#1513=ORIENTED_EDGE('',*,*,#1507,.T.);
#1514=ORIENTED_EDGE('',*,*,#1511,.F.);
#1515=EDGE_LOOP('',(#1512,#1513,#1514));
#1516=FACE_OUTER_BOUND('',#1515,.T.);
#1517=ADVANCED_FACE('',(#1516),#1499,.T.);
#1518=CARTESIAN_POINT('',(47.22836304,16.14805031,4));
#1519=VERTEX_POINT('',#1518);
#1520=CARTESIAN_POINT('',(47.87868118,17.12132072,4));
#1521=VERTEX_POINT('',#1520);
#1522=CARTESIAN_POINT('',(47.22836304,16.14805031,4));
#1523=DIRECTION('',(0,0,1));
#1524=DIRECTION('',(1,0,0));
#1525=AXIS2_PLACEMENT_3D('',#1522,#1523,#1524);
#1526=PLANE('',#1525);
#1527=DIRECTION('',(0.2902876,0.95693945,0));
#1528=VECTOR('',#1527,0.58810349);
#1529=LINE('',#1491,#1528);
#1530=EDGE_CURVE('',#1492,#1519,#1529,.T.);
#1531=DIRECTION('',(0.47139743,0.8819209,0));
#1532=VECTOR('',#1531,1.74170932);
#1533=LINE('',#1491,#1532);
#1534=EDGE_CURVE('',#1492,#1521,#1533,.T.);
#1535=DIRECTION('',(0.55557002,0.83146975,0));
#1536=VECTOR('',#1535,1.17054218);
#1537=LINE('',#1518,#1536);
#1538=EDGE_CURVE('',#1519,#1521,#1537,.T.);
#1539=ORIENTED_EDGE('',*,*,#1530,.F.);
#1540=ORIENTED_EDGE('',*,*,#1534,.T.);
#1541=ORIENTED_EDGE('',*,*,#1538,.F.);
#1542=EDGE_LOOP('',(#1539,#1540,#1541));
#1543=FACE_OUTER_BOUND('',#1542,.T.);
#1544=ADVANCED_FACE('',(#1543),#1526,.T.);
#1545=CARTESIAN_POINT('',(47.50559235,16.6667099,4));
#1546=VERTEX_POINT('',#1545);
#1547=CARTESIAN_POINT('',(47.22836304,16.14805031,4));
#1548=DIRECTION('',(0,0,1));
#1549=DIRECTION('',(1,0,0));
#1550=AXIS2_PLACEMENT_3D('',#1547,#1548,#1549);
#1551=PLANE('',#1550);
#1552=DIRECTION('',(0.63439265,0.77301097,0));
#1553=VECTOR('',#1552,0.58810397);
#1554=LINE('',#1545,#1553);
#1555=EDGE_CURVE('',#1546,#1521,#1554,.T.);
#1556=DIRECTION('',(0.47139671,0.88192128,0));
#1557=VECTOR('',#1556,0.58810191);
#1558=LINE('',#1518,#1557);
#1559=EDGE_CURVE('',#1519,#1546,#1558,.T.);
#1560=ORIENTED_EDGE('',*,*,#1538,.T.);
#1561=ORIENTED_EDGE('',*,*,#1555,.F.);
#1562=ORIENTED_EDGE('',*,*,#1559,.F.);
#1563=EDGE_LOOP('',(#1560,#1561,#1562));
#1564=FACE_OUTER_BOUND('',#1563,.T.);
#1565=ADVANCED_FACE('',(#1564),#1551,.T.);
#1566=CARTESIAN_POINT('',(48.3332901,17.49440956,4));
#1567=DIRECTION('',(0,0,1));
#1568=DIRECTION('',(1,0,0));
#1569=AXIS2_PLACEMENT_3D('',#1566,#1567,#1568);
#1570=PLANE('',#1569);
#1571=DIRECTION('',(0.77300967,0.63439424,0));
#1572=VECTOR('',#1571,0.5881025);
#1573=LINE('',#1520,#1572);
#1574=EDGE_CURVE('',#1521,#1494,#1573,.T.);
#1575=ORIENTED_EDGE('',*,*,#1574,.F.);
#1576=ORIENTED_EDGE('',*,*,#1534,.F.);
#1577=ORIENTED_EDGE('',*,*,#1511,.T.);
#1578=EDGE_LOOP('',(#1575,#1576,#1577));
#1579=FACE_OUTER_BOUND('',#1578,.T.);
#1580=ADVANCED_FACE('',(#1579),#1570,.T.);
#1581=CARTESIAN_POINT('',(48.8519516,17.77163887,4));
#1582=DIRECTION('',(0,0,1));
#1583=DIRECTION('',(1,0,0));
#1584=AXIS2_PLACEMENT_3D('',#1581,#1582,#1583);
#1585=PLANE('',#1584);
#1586=DIRECTION('',(0.881922,0.47139536,0));
#1587=VECTOR('',#1586,0.5881036);
#1588=LINE('',#1493,#1587);
#1589=EDGE_CURVE('',#1494,#1467,#1588,.T.);
#1590=ORIENTED_EDGE('',*,*,#1589,.F.);
#1591=ORIENTED_EDGE('',*,*,#1507,.F.);
#1592=ORIENTED_EDGE('',*,*,#1484,.T.);
#1593=EDGE_LOOP('',(#1590,#1591,#1592));
#1594=FACE_OUTER_BOUND('',#1593,.T.);
#1595=ADVANCED_FACE('',(#1594),#1585,.T.);
#1596=CARTESIAN_POINT('',(47.05764389,14.41472912,4));
#1597=DIRECTION('',(0,0,1));
#1598=DIRECTION('',(1,0,0));
#1599=AXIS2_PLACEMENT_3D('',#1596,#1597,#1598);
#1600=PLANE('',#1599);
#1601=DIRECTION('',(0.95694021,0.29028508,0));
#1602=VECTOR('',#1601,0.58810202);
#1603=LINE('',#1466,#1602);
#1604=EDGE_CURVE('',#1467,#567,#1603,.T.);
#1605=ORIENTED_EDGE('',*,*,#1457,.T.);
#1606=ORIENTED_EDGE('',*,*,#1604,.F.);
#1607=ORIENTED_EDGE('',*,*,#1480,.F.);
#1608=EDGE_LOOP('',(#1605,#1606,#1607));
#1609=FACE_OUTER_BOUND('',#1608,.T.);
#1610=ADVANCED_FACE('',(#1609),#1600,.T.);
#1611=CARTESIAN_POINT('',(50,12,4));
#1612=DIRECTION('',(0,0,1));
#1613=DIRECTION('',(1,0,0));
#1614=AXIS2_PLACEMENT_3D('',#1611,#1612,#1613);
#1615=PLANE('',#1614);
#1616=DIRECTION('',(0.99518475,0.09801686,0));
#1617=VECTOR('',#1616,0.58810178);
#1618=LINE('',#566,#1617);
#1619=EDGE_CURVE('',#567,#540,#1618,.T.);
#1620=ORIENTED_EDGE('',*,*,#557,.T.);
#1621=ORIENTED_EDGE('',*,*,#1619,.F.);
#1622=ORIENTED_EDGE('',*,*,#580,.T.);
#1623=EDGE_LOOP('',(#1620,#1621,#1622));
#1624=FACE_OUTER_BOUND('',#1623,.T.);
#1625=ADVANCED_FACE('',(#1624),#1615,.T.);
#1626=CARTESIAN_POINT('',(50,20,4));
#1627=VERTEX_POINT('',#1626);
#1628=CARTESIAN_POINT('',(50,30,4));
#1629=DIRECTION('',(1,0,0));
#1630=DIRECTION('',(0,1,0));
#1631=AXIS2_PLACEMENT_3D('',#1628,#1629,#1630);
#1632=PLANE('',#1631);
#1633=DIRECTION('',(0,1,0));
#1634=VECTOR('',#1633,10);
#1635=LINE('',#1626,#1634);
#1636=EDGE_CURVE('',#1627,#122,#1635,.T.);
#1637=DIRECTION('',(0,0,1));
#1638=VECTOR('',#1637,4);
#1639=LINE('',#1098,#1638);
#1640=EDGE_CURVE('',#1099,#1627,#1639,.T.);
#1641=ORIENTED_EDGE('',*,*,#1636,.F.);
#1642=ORIENTED_EDGE('',*,*,#1640,.F.);
#1643=ORIENTED_EDGE('',*,*,#1127,.T.);
#1644=EDGE_LOOP('',(#1641,#1642,#1643));
#1645=FACE_OUTER_BOUND('',#1644,.T.);
#1646=ADVANCED_FACE('',(#1645),#1632,.T.);
#1647=CARTESIAN_POINT('',(50,30,4));
#1648=DIRECTION('',(0,0,1));
#1649=DIRECTION('',(1,0,0));
#1650=AXIS2_PLACEMENT_3D('',#1647,#1648,#1649);
#1651=PLANE('',#1650);
#1652=DIRECTION('',(0.99518478,0.09801661,0));
#1653=VECTOR('',#1652,0.98017217);
#1654=LINE('',#1386,#1653);
#1655=EDGE_CURVE('',#1387,#1627,#1654,.T.);
#1656=ORIENTED_EDGE('',*,*,#1415,.F.);
#1657=ORIENTED_EDGE('',*,*,#1655,.T.);
#1658=ORIENTED_EDGE('',*,*,#1636,.T.);
#1659=EDGE_LOOP('',(#1656,#1657,#1658));
#1660=FACE_OUTER_BOUND('',#1659,.T.);
#1661=ADVANCED_FACE('',(#1660),#1651,.T.);
#1662=CARTESIAN_POINT('',(47.2221489,10.84265232,-4));
#1663=VERTEX_POINT('',#1662);
#1664=CARTESIAN_POINT('',(48.3332901,12.50559139,-4));
#1665=VERTEX_POINT('',#1664);
#1666=CARTESIAN_POINT('',(48.08658218,10.38060188,-4));
#1667=VERTEX_POINT('',#1666);
#1668=CARTESIAN_POINT('',(47.2221489,10.84265232,-4));
#1669=DIRECTION('',(0,0,-1));
#1670=DIRECTION('',(1,0,0));
#1671=AXIS2_PLACEMENT_3D('',#1668,#1669,#1670);
#1672=PLANE('',#1671);
#1673=DIRECTION('',(0.55557052,0.83146942,0));
#1674=VECTOR('',#1673,2.00000028);
#1675=LINE('',#1662,#1674);
#1676=EDGE_CURVE('',#1663,#1665,#1675,.T.);
#1677=DIRECTION('',(0.1153238,0.99332795,0));
#1678=VECTOR('',#1677,2.13926277);
#1679=LINE('',#1666,#1678);
#1680=EDGE_CURVE('',#1667,#1665,#1679,.T.);
#1681=DIRECTION('',(0.88192075,-0.4713977,0));
#1682=VECTOR('',#1681,0.98017117);
#1683=LINE('',#1662,#1682);
#1684=EDGE_CURVE('',#1663,#1667,#1683,.T.);
#1685=ORIENTED_EDGE('',*,*,#1676,.T.);
#1686=ORIENTED_EDGE('',*,*,#1680,.F.);
#1687=ORIENTED_EDGE('',*,*,#1684,.F.);
#1688=EDGE_LOOP('',(#1685,#1686,#1687));
#1689=FACE_OUTER_BOUND('',#1688,.T.);
#1690=ADVANCED_FACE('',(#1689),#1672,.T.);
#1691=CARTESIAN_POINT('',(46.46446609,11.46446609,-4));
#1692=VERTEX_POINT('',#1691);
#1693=CARTESIAN_POINT('',(47.2221489,10.84265232,-4));
#1694=DIRECTION('',(-0.63439302,-0.77301067,0));
#1695=DIRECTION('',(0,0,1));
#1696=AXIS2_PLACEMENT_3D('',#1693,#1694,#1695);
#1697=PLANE('',#1696);
#1698=DIRECTION('',(0,0,1));
#1699=VECTOR('',#1698,4);
#1700=LINE('',#1662,#1699);
#1701=EDGE_CURVE('',#1663,#724,#1700,.T.);
#1702=DIRECTION('',(0.18397766,-0.15098646,0.9712648));
#1703=VECTOR('',#1702,4.11834136);
#1704=LINE('',#1691,#1703);
#1705=EDGE_CURVE('',#1692,#724,#1704,.T.);
#1706=DIRECTION('',(0.77301067,-0.63439302,0));
#1707=VECTOR('',#1706,0.98017121);
#1708=LINE('',#1691,#1707);
#1709=EDGE_CURVE('',#1692,#1663,#1708,.T.);
#1710=ORIENTED_EDGE('',*,*,#1701,.T.);
#1711=ORIENTED_EDGE('',*,*,#1705,.F.);
#1712=ORIENTED_EDGE('',*,*,#1709,.T.);
#1713=EDGE_LOOP('',(#1710,#1711,#1712));
#1714=FACE_OUTER_BOUND('',#1713,.T.);
#1715=ADVANCED_FACE('',(#1714),#1697,.T.);
#1716=CARTESIAN_POINT('',(47.2221489,10.84265232,-4));
#1717=DIRECTION('',(-0.4713977,-0.88192075,0));
#1718=DIRECTION('',(0,0,1));
#1719=AXIS2_PLACEMENT_3D('',#1716,#1717,#1718);
#1720=PLANE('',#1719);
#1721=DIRECTION('',(0,0,1));
#1722=VECTOR('',#1721,4);
#1723=LINE('',#1666,#1722);
#1724=EDGE_CURVE('',#1667,#143,#1723,.T.);
#1725=DIRECTION('',(0.20989841,-0.11219333,0.9712648));
#1726=VECTOR('',#1725,4.11834136);
#1727=LINE('',#1662,#1726);
#1728=EDGE_CURVE('',#1663,#143,#1727,.T.);
#1729=ORIENTED_EDGE('',*,*,#1684,.T.);
#1730=ORIENTED_EDGE('',*,*,#1724,.T.);
#1731=ORIENTED_EDGE('',*,*,#1728,.F.);
#1732=EDGE_LOOP('',(#1729,#1730,#1731));
#1733=FACE_OUTER_BOUND('',#1732,.T.);
#1734=ADVANCED_FACE('',(#1733),#1720,.T.);
#1735=CARTESIAN_POINT('',(47.2221489,10.84265232,-4));
#1736=DIRECTION('',(-0.4713977,-0.88192075,0));
#1737=DIRECTION('',(0,0,1));
#1738=AXIS2_PLACEMENT_3D('',#1735,#1736,#1737);
#1739=PLANE('',#1738);
#1740=ORIENTED_EDGE('',*,*,#1728,.T.);
#1741=ORIENTED_EDGE('',*,*,#737,.F.);
#1742=ORIENTED_EDGE('',*,*,#1701,.F.);
#1743=EDGE_LOOP('',(#1740,#1741,#1742));
#1744=FACE_OUTER_BOUND('',#1743,.T.);
#1745=ADVANCED_FACE('',(#1744),#1739,.T.);
#1746=CARTESIAN_POINT('',(47.22836304,13.85194969,-4));
#1747=VERTEX_POINT('',#1746);
#1748=CARTESIAN_POINT('',(47.2221489,10.84265232,-4));
#1749=DIRECTION('',(0,0,-1));
#1750=DIRECTION('',(1,0,0));
#1751=AXIS2_PLACEMENT_3D('',#1748,#1749,#1750);
#1752=PLANE('',#1751);
#1753=DIRECTION('',(0.30474033,0.95243547,0));
#1754=VECTOR('',#1753,2.50671428);
#1755=LINE('',#1691,#1754);
#1756=EDGE_CURVE('',#1692,#1747,#1755,.T.);
#1757=DIRECTION('',(0.00206498,0.99999787,0));
#1758=VECTOR('',#1757,3.00930379);
#1759=LINE('',#1662,#1758);
#1760=EDGE_CURVE('',#1663,#1747,#1759,.T.);
#1761=ORIENTED_EDGE('',*,*,#1709,.F.);
#1762=ORIENTED_EDGE('',*,*,#1756,.T.);
#1763=ORIENTED_EDGE('',*,*,#1760,.F.);
#1764=EDGE_LOOP('',(#1761,#1762,#1763));
#1765=FACE_OUTER_BOUND('',#1764,.T.);
#1766=ADVANCED_FACE('',(#1765),#1752,.T.);
#1767=CARTESIAN_POINT('',(47.87868118,12.87867928,-4));
#1768=VERTEX_POINT('',#1767);
#1769=CARTESIAN_POINT('',(47.2221489,10.84265232,-4));
#1770=DIRECTION('',(0,0,-1));
#1771=DIRECTION('',(1,0,0));
#1772=AXIS2_PLACEMENT_3D('',#1769,#1770,#1771);
#1773=PLANE('',#1772);
#1774=DIRECTION('',(0.30689668,0.95174284,0));
#1775=VECTOR('',#1774,2.13926165);
#1776=LINE('',#1662,#1775);
#1777=EDGE_CURVE('',#1663,#1768,#1776,.T.);
#1778=DIRECTION('',(0.77301046,-0.63439327,0));
#1779=VECTOR('',#1778,0.58810189);
#1780=LINE('',#1767,#1779);
#1781=EDGE_CURVE('',#1768,#1665,#1780,.T.);
#1782=ORIENTED_EDGE('',*,*,#1777,.T.);
#1783=ORIENTED_EDGE('',*,*,#1781,.T.);
#1784=ORIENTED_EDGE('',*,*,#1676,.F.);
#1785=EDGE_LOOP('',(#1782,#1783,#1784));
#1786=FACE_OUTER_BOUND('',#1785,.T.);
#1787=ADVANCED_FACE('',(#1786),#1773,.T.);
#1788=CARTESIAN_POINT('',(47.50559235,13.33328915,-4));
#1789=VERTEX_POINT('',#1788);
#1790=CARTESIAN_POINT('',(47.2221489,10.84265232,-4));
#1791=DIRECTION('',(0,0,-1));
#1792=DIRECTION('',(1,0,0));
#1793=AXIS2_PLACEMENT_3D('',#1790,#1791,#1792);
#1794=PLANE('',#1793);
#1795=DIRECTION('',(0.11307374,0.9935866,0));
#1796=VECTOR('',#1795,2.50671338);
#1797=LINE('',#1662,#1796);
#1798=EDGE_CURVE('',#1663,#1789,#1797,.T.);
#1799=DIRECTION('',(0.63439344,-0.77301032,0));
#1800=VECTOR('',#1799,0.58810323);
#1801=LINE('',#1788,#1800);
#1802=EDGE_CURVE('',#1789,#1768,#1801,.T.);
#1803=ORIENTED_EDGE('',*,*,#1798,.T.);
#1804=ORIENTED_EDGE('',*,*,#1802,.T.);
#1805=ORIENTED_EDGE('',*,*,#1777,.F.);
#1806=EDGE_LOOP('',(#1803,#1804,#1805));
#1807=FACE_OUTER_BOUND('',#1806,.T.);
#1808=ADVANCED_FACE('',(#1807),#1794,.T.);
#1809=CARTESIAN_POINT('',(47.2221489,10.84265232,-4));
#1810=DIRECTION('',(0,0,-1));
#1811=DIRECTION('',(1,0,0));
#1812=AXIS2_PLACEMENT_3D('',#1809,#1810,#1811);
#1813=PLANE('',#1812);
#1814=DIRECTION('',(0.47139604,-0.88192164,0));
#1815=VECTOR('',#1814,0.58810276);
#1816=LINE('',#1746,#1815);
#1817=EDGE_CURVE('',#1747,#1789,#1816,.T.);
#1818=ORIENTED_EDGE('',*,*,#1760,.T.);
#1819=ORIENTED_EDGE('',*,*,#1817,.T.);
#1820=ORIENTED_EDGE('',*,*,#1798,.F.);
#1821=EDGE_LOOP('',(#1818,#1819,#1820));
#1822=FACE_OUTER_BOUND('',#1821,.T.);
#1823=ADVANCED_FACE('',(#1822),#1813,.T.);
#1824=CARTESIAN_POINT('',(45.84265137,12.2221489,-4));
#1825=VERTEX_POINT('',#1824);
#1826=CARTESIAN_POINT('',(45.84265137,12.2221489,-4));
#1827=DIRECTION('',(-0.77301019,-0.6343936,0));
#1828=DIRECTION('',(0,0,1));
#1829=AXIS2_PLACEMENT_3D('',#1826,#1827,#1828);
#1830=PLANE('',#1829);
#1831=DIRECTION('',(0.6343936,-0.77301019,0));
#1832=VECTOR('',#1831,0.98017181);
#1833=LINE('',#1824,#1832);
#1834=EDGE_CURVE('',#1825,#1692,#1833,.T.);
#1835=DIRECTION('',(0,0,1));
#1836=VECTOR('',#1835,4);
#1837=LINE('',#1691,#1836);
#1838=EDGE_CURVE('',#1692,#678,#1837,.T.);
#1839=DIRECTION('',(0.15098668,-0.18397765,0.97126477));
#1840=VECTOR('',#1839,4.11834151);
#1841=LINE('',#1824,#1840);
#1842=EDGE_CURVE('',#1825,#678,#1841,.T.);
#1843=ORIENTED_EDGE('',*,*,#1834,.T.);
#1844=ORIENTED_EDGE('',*,*,#1838,.T.);
#1845=ORIENTED_EDGE('',*,*,#1842,.F.);
#1846=EDGE_LOOP('',(#1843,#1844,#1845));
#1847=FACE_OUTER_BOUND('',#1846,.T.);
#1848=ADVANCED_FACE('',(#1847),#1830,.T.);
#1849=CARTESIAN_POINT('',(45.38060379,13.08658314,-4));
#1850=VERTEX_POINT('',#1849);
#1851=CARTESIAN_POINT('',(45.84265137,12.2221489,-4));
#1852=DIRECTION('',(-0.88192218,-0.47139503,0));
#1853=DIRECTION('',(0,0,1));
#1854=AXIS2_PLACEMENT_3D('',#1851,#1852,#1853);
#1855=PLANE('',#1854);
#1856=DIRECTION('',(0,0,1));
#1857=VECTOR('',#1856,4);
#1858=LINE('',#1824,#1857);
#1859=EDGE_CURVE('',#1825,#676,#1858,.T.);
#1860=DIRECTION('',(0.11219264,-0.20989864,0.97126483));
#1861=VECTOR('',#1860,4.11834123);
#1862=LINE('',#1849,#1861);
#1863=EDGE_CURVE('',#1850,#676,#1862,.T.);
#1864=DIRECTION('',(0.47139503,-0.88192218,0));
#1865=VECTOR('',#1864,0.98017066);
#1866=LINE('',#1849,#1865);
#1867=EDGE_CURVE('',#1850,#1825,#1866,.T.);
#1868=ORIENTED_EDGE('',*,*,#1859,.T.);
#1869=ORIENTED_EDGE('',*,*,#1863,.F.);
#1870=ORIENTED_EDGE('',*,*,#1867,.T.);
#1871=EDGE_LOOP('',(#1868,#1869,#1870));
#1872=FACE_OUTER_BOUND('',#1871,.T.);
#1873=ADVANCED_FACE('',(#1872),#1855,.T.);
#1874=CARTESIAN_POINT('',(45.09607315,14.02454853,-4));
#1875=VERTEX_POINT('',#1874);
#1876=CARTESIAN_POINT('',(45.38060379,16.91341782,-4));
#1877=VERTEX_POINT('',#1876);
#1878=CARTESIAN_POINT('',(45.38060379,13.08658314,-4));
#1879=DIRECTION('',(0,0,-1));
#1880=DIRECTION('',(1,0,0));
#1881=AXIS2_PLACEMENT_3D('',#1878,#1879,#1880);
#1882=PLANE('',#1881);
#1883=DIRECTION('',(0.2902865,-0.95693978,0));
#1884=VECTOR('',#1883,0.9801718);
#1885=LINE('',#1874,#1884);
#1886=EDGE_CURVE('',#1875,#1850,#1885,.T.);
#1887=DIRECTION('',(0.09801777,0.99518466,0));
#1888=VECTOR('',#1887,2.90284747);
#1889=LINE('',#1874,#1888);
#1890=EDGE_CURVE('',#1875,#1877,#1889,.T.);
#1891=DIRECTION('',(0,1,0));
#1892=VECTOR('',#1891,3.82683468);
#1893=LINE('',#1849,#1892);
#1894=EDGE_CURVE('',#1850,#1877,#1893,.T.);
#1895=ORIENTED_EDGE('',*,*,#1886,.F.);
#1896=ORIENTED_EDGE('',*,*,#1890,.T.);
#1897=ORIENTED_EDGE('',*,*,#1894,.F.);
#1898=EDGE_LOOP('',(#1895,#1896,#1897));
#1899=FACE_OUTER_BOUND('',#1898,.T.);
#1900=ADVANCED_FACE('',(#1899),#1882,.T.);
#1901=CARTESIAN_POINT('',(45.84265137,17.7778511,-4));
#1902=VERTEX_POINT('',#1901);
#1903=CARTESIAN_POINT('',(45.84265137,12.2221489,-4));
#1904=DIRECTION('',(0,0,-1));
#1905=DIRECTION('',(1,0,0));
#1906=AXIS2_PLACEMENT_3D('',#1903,#1904,#1905);
#1907=PLANE('',#1906);
#1908=DIRECTION('',(0.09801672,0.99518477,0));
#1909=VECTOR('',#1908,4.71396681);
#1910=LINE('',#1849,#1909);
#1911=EDGE_CURVE('',#1850,#1902,#1910,.T.);
#1912=DIRECTION('',(0,1,0));
#1913=VECTOR('',#1912,5.55570221);
#1914=LINE('',#1824,#1913);
#1915=EDGE_CURVE('',#1825,#1902,#1914,.T.);
#1916=ORIENTED_EDGE('',*,*,#1867,.F.);
#1917=ORIENTED_EDGE('',*,*,#1911,.T.);
#1918=ORIENTED_EDGE('',*,*,#1915,.F.);
#1919=EDGE_LOOP('',(#1916,#1917,#1918));
#1920=FACE_OUTER_BOUND('',#1919,.T.);
#1921=ADVANCED_FACE('',(#1920),#1907,.T.);
#1922=CARTESIAN_POINT('',(46.46446609,18.53553391,-4));
#1923=VERTEX_POINT('',#1922);
#1924=CARTESIAN_POINT('',(45.84265137,12.2221489,-4));
#1925=DIRECTION('',(0,0,-1));
#1926=DIRECTION('',(1,0,0));
#1927=AXIS2_PLACEMENT_3D('',#1924,#1925,#1926);
#1928=PLANE('',#1927);
#1929=DIRECTION('',(0.09801723,0.99518472,0));
#1930=VECTOR('',#1929,6.34393284);
#1931=LINE('',#1824,#1930);
#1932=EDGE_CURVE('',#1825,#1923,#1931,.T.);
#1933=DIRECTION('',(0,1,0));
#1934=VECTOR('',#1933,7.07106781);
#1935=LINE('',#1691,#1934);
#1936=EDGE_CURVE('',#1692,#1923,#1935,.T.);
#1937=ORIENTED_EDGE('',*,*,#1932,.T.);
#1938=ORIENTED_EDGE('',*,*,#1936,.F.);
#1939=ORIENTED_EDGE('',*,*,#1834,.F.);
#1940=EDGE_LOOP('',(#1937,#1938,#1939));
#1941=FACE_OUTER_BOUND('',#1940,.T.);
#1942=ADVANCED_FACE('',(#1941),#1928,.T.);
#1943=CARTESIAN_POINT('',(47.05764389,14.41472912,-4));
#1944=VERTEX_POINT('',#1943);
#1945=CARTESIAN_POINT('',(46.46446609,11.46446609,-4));
#1946=DIRECTION('',(0,0,-1));
#1947=DIRECTION('',(1,0,0));
#1948=AXIS2_PLACEMENT_3D('',#1945,#1946,#1947);
#1949=PLANE('',#1948);
#1950=DIRECTION('',(0.1971146,0.98038045,0));
#1951=VECTOR('',#1950,3.00930421);
#1952=LINE('',#1691,#1951);
#1953=EDGE_CURVE('',#1692,#1944,#1952,.T.);
#1954=DIRECTION('',(0.2902876,-0.95693945,0));
#1955=VECTOR('',#1954,0.58810349);
#1956=LINE('',#1943,#1955);
#1957=EDGE_CURVE('',#1944,#1747,#1956,.T.);
#1958=ORIENTED_EDGE('',*,*,#1953,.T.);
#1959=ORIENTED_EDGE('',*,*,#1957,.T.);
#1960=ORIENTED_EDGE('',*,*,#1756,.F.);
#1961=EDGE_LOOP('',(#1958,#1959,#1960));
#1962=FACE_OUTER_BOUND('',#1961,.T.);
#1963=ADVANCED_FACE('',(#1962),#1949,.T.);
#1964=CARTESIAN_POINT('',(47,15,-4));
#1965=VERTEX_POINT('',#1964);
#1966=CARTESIAN_POINT('',(46.46446609,11.46446609,-4));
#1967=DIRECTION('',(0,0,-1));
#1968=DIRECTION('',(1,0,0));
#1969=AXIS2_PLACEMENT_3D('',#1966,#1967,#1968);
#1970=PLANE('',#1969);
#1971=DIRECTION('',(0.14976354,0.98872184,0));
#1972=VECTOR('',#1971,3.57586305);
#1973=LINE('',#1691,#1972);
#1974=EDGE_CURVE('',#1692,#1965,#1973,.T.);
#1975=DIRECTION('',(0.0980167,-0.99518477,0));
#1976=VECTOR('',#1975,0.58810273);
#1977=LINE('',#1964,#1976);
#1978=EDGE_CURVE('',#1965,#1944,#1977,.T.);
#1979=ORIENTED_EDGE('',*,*,#1974,.T.);
#1980=ORIENTED_EDGE('',*,*,#1978,.T.);
#1981=ORIENTED_EDGE('',*,*,#1953,.F.);
#1982=EDGE_LOOP('',(#1979,#1980,#1981));
#1983=FACE_OUTER_BOUND('',#1982,.T.);
#1984=ADVANCED_FACE('',(#1983),#1970,.T.);
#1985=CARTESIAN_POINT('',(45.38060379,13.08658314,-4));
#1986=DIRECTION('',(-0.95693978,-0.2902865,0));
#1987=DIRECTION('',(0,0,1));
#1988=AXIS2_PLACEMENT_3D('',#1985,#1986,#1987);
#1989=PLANE('',#1988);
#1990=DIRECTION('',(0,0,1));
#1991=VECTOR('',#1990,4);
#1992=LINE('',#1849,#1991);
#1993=EDGE_CURVE('',#1850,#703,#1992,.T.);
#1994=DIRECTION('',(0.06908865,-0.22775318,0.97126477));
#1995=VECTOR('',#1994,4.11834151);
#1996=LINE('',#1874,#1995);
#1997=EDGE_CURVE('',#1875,#703,#1996,.T.);
#1998=ORIENTED_EDGE('',*,*,#1993,.T.);
#1999=ORIENTED_EDGE('',*,*,#1997,.F.);
#2000=ORIENTED_EDGE('',*,*,#1886,.T.);
#2001=EDGE_LOOP('',(#1998,#1999,#2000));
#2002=FACE_OUTER_BOUND('',#2001,.T.);
#2003=ADVANCED_FACE('',(#2002),#1989,.T.);
#2004=CARTESIAN_POINT('',(45,15,-4));
#2005=VERTEX_POINT('',#2004);
#2006=CARTESIAN_POINT('',(45.09607315,14.02454853,-4));
#2007=DIRECTION('',(-0.99518477,-0.0980167,0));
#2008=DIRECTION('',(0,0,1));
#2009=AXIS2_PLACEMENT_3D('',#2006,#2007,#2008);
#2010=PLANE('',#2009);
#2011=DIRECTION('',(0,0,1));
#2012=VECTOR('',#2011,4);
#2013=LINE('',#1874,#2012);
#2014=EDGE_CURVE('',#1875,#762,#2013,.T.);
#2015=DIRECTION('',(0.02332812,-0.23685542,0.9712648));
#2016=VECTOR('',#2015,4.11834137);
#2017=LINE('',#2004,#2016);
#2018=EDGE_CURVE('',#2005,#762,#2017,.T.);
#2019=DIRECTION('',(0.0980167,-0.99518477,0));
#2020=VECTOR('',#2019,0.98017122);
#2021=LINE('',#2004,#2020);
#2022=EDGE_CURVE('',#2005,#1875,#2021,.T.);
#2023=ORIENTED_EDGE('',*,*,#2014,.T.);
#2024=ORIENTED_EDGE('',*,*,#2018,.F.);
#2025=ORIENTED_EDGE('',*,*,#2022,.T.);
#2026=EDGE_LOOP('',(#2023,#2024,#2025));
#2027=FACE_OUTER_BOUND('',#2026,.T.);
#2028=ADVANCED_FACE('',(#2027),#2010,.T.);
#2029=CARTESIAN_POINT('',(45.84265137,12.2221489,-4));
#2030=DIRECTION('',(-0.77301019,-0.6343936,0));
#2031=DIRECTION('',(0,0,1));
#2032=AXIS2_PLACEMENT_3D('',#2029,#2030,#2031);
#2033=PLANE('',#2032);
#2034=ORIENTED_EDGE('',*,*,#1842,.T.);
#2035=ORIENTED_EDGE('',*,*,#691,.F.);
#2036=ORIENTED_EDGE('',*,*,#1859,.F.);
#2037=EDGE_LOOP('',(#2034,#2035,#2036));
#2038=FACE_OUTER_BOUND('',#2037,.T.);
#2039=ADVANCED_FACE('',(#2038),#2033,.T.);
#2040=CARTESIAN_POINT('',(45.38060379,13.08658314,-4));
#2041=DIRECTION('',(-0.88192218,-0.47139503,0));
#2042=DIRECTION('',(0,0,1));
#2043=AXIS2_PLACEMENT_3D('',#2040,#2041,#2042);
#2044=PLANE('',#2043);
#2045=ORIENTED_EDGE('',*,*,#1863,.T.);
#2046=ORIENTED_EDGE('',*,*,#716,.F.);
#2047=ORIENTED_EDGE('',*,*,#1993,.F.);
#2048=EDGE_LOOP('',(#2045,#2046,#2047));
#2049=FACE_OUTER_BOUND('',#2048,.T.);
#2050=ADVANCED_FACE('',(#2049),#2044,.T.);
#2051=CARTESIAN_POINT('',(46.46446609,11.46446609,-4));
#2052=DIRECTION('',(-0.63439302,-0.77301067,0));
#2053=DIRECTION('',(0,0,1));
#2054=AXIS2_PLACEMENT_3D('',#2051,#2052,#2053);
#2055=PLANE('',#2054);
#2056=ORIENTED_EDGE('',*,*,#1705,.T.);
#2057=ORIENTED_EDGE('',*,*,#752,.F.);
#2058=ORIENTED_EDGE('',*,*,#1838,.F.);
#2059=EDGE_LOOP('',(#2056,#2057,#2058));
#2060=FACE_OUTER_BOUND('',#2059,.T.);
#2061=ADVANCED_FACE('',(#2060),#2055,.T.);
#2062=CARTESIAN_POINT('',(45.09607315,14.02454853,-4));
#2063=DIRECTION('',(-0.95693978,-0.2902865,0));
#2064=DIRECTION('',(0,0,1));
#2065=AXIS2_PLACEMENT_3D('',#2062,#2063,#2064);
#2066=PLANE('',#2065);
#2067=ORIENTED_EDGE('',*,*,#1997,.T.);
#2068=ORIENTED_EDGE('',*,*,#794,.F.);
#2069=ORIENTED_EDGE('',*,*,#2014,.F.);
#2070=EDGE_LOOP('',(#2067,#2068,#2069));
#2071=FACE_OUTER_BOUND('',#2070,.T.);
#2072=ADVANCED_FACE('',(#2071),#2066,.T.);
#2073=CARTESIAN_POINT('',(45,15,-4));
#2074=DIRECTION('',(-0.99518477,-0.0980167,0));
#2075=DIRECTION('',(0,0,1));
#2076=AXIS2_PLACEMENT_3D('',#2073,#2074,#2075);
#2077=PLANE('',#2076);
#2078=DIRECTION('',(0,0,1));
#2079=VECTOR('',#2078,4);
#2080=LINE('',#2004,#2079);
#2081=EDGE_CURVE('',#2005,#760,#2080,.T.);
#2082=ORIENTED_EDGE('',*,*,#2018,.T.);
#2083=ORIENTED_EDGE('',*,*,#775,.F.);
#2084=ORIENTED_EDGE('',*,*,#2081,.F.);
#2085=EDGE_LOOP('',(#2082,#2083,#2084));
#2086=FACE_OUTER_BOUND('',#2085,.T.);
#2087=ADVANCED_FACE('',(#2086),#2077,.T.);
#2088=CARTESIAN_POINT('',(49.41473007,12.05764389,-4));
#2089=VERTEX_POINT('',#2088);
#2090=CARTESIAN_POINT('',(49.02454758,10.09607315,-4));
#2091=VERTEX_POINT('',#2090);
#2092=CARTESIAN_POINT('',(48.08658218,10.38060188,-4));
#2093=DIRECTION('',(0,0,-1));
#2094=DIRECTION('',(1,0,0));
#2095=AXIS2_PLACEMENT_3D('',#2092,#2093,#2094);
#2096=PLANE('',#2095);
#2097=DIRECTION('',(0.62084363,0.78393443,0));
#2098=VECTOR('',#2097,2.13926312);
#2099=LINE('',#1666,#2098);
#2100=EDGE_CURVE('',#1667,#2089,#2099,.T.);
#2101=DIRECTION('',(0.1950912,0.98078511,0));
#2102=VECTOR('',#2101,2.00000054);
#2103=LINE('',#2090,#2102);
#2104=EDGE_CURVE('',#2091,#2089,#2103,.T.);
#2105=DIRECTION('',(0.95694032,-0.29028472,0));
#2106=VECTOR('',#2105,0.98017125);
#2107=LINE('',#1666,#2106);
#2108=EDGE_CURVE('',#1667,#2091,#2107,.T.);
#2109=ORIENTED_EDGE('',*,*,#2100,.T.);
#2110=ORIENTED_EDGE('',*,*,#2104,.F.);
#2111=ORIENTED_EDGE('',*,*,#2108,.F.);
#2112=EDGE_LOOP('',(#2109,#2110,#2111));
#2113=FACE_OUTER_BOUND('',#2112,.T.);
#2114=ADVANCED_FACE('',(#2113),#2096,.T.);
#2115=CARTESIAN_POINT('',(50,12,-4));
#2116=VERTEX_POINT('',#2115);
#2117=CARTESIAN_POINT('',(50,10,-4));
#2118=VERTEX_POINT('',#2117);
#2119=CARTESIAN_POINT('',(49.02454758,10.09607315,-4));
#2120=DIRECTION('',(0,0,-1));
#2121=DIRECTION('',(1,0,0));
#2122=AXIS2_PLACEMENT_3D('',#2119,#2120,#2121);
#2123=PLANE('',#2122);
#2124=DIRECTION('',(0.45597599,0.88999208,0));
#2125=VECTOR('',#2124,2.13926269);
#2126=LINE('',#2090,#2125);
#2127=EDGE_CURVE('',#2091,#2116,#2126,.T.);
#2128=DIRECTION('',(0,1,0));
#2129=VECTOR('',#2128,2);
#2130=LINE('',#2117,#2129);
#2131=EDGE_CURVE('',#2118,#2116,#2130,.T.);
#2132=DIRECTION('',(0.99518478,-0.09801661,0));
#2133=VECTOR('',#2132,0.98017217);
#2134=LINE('',#2090,#2133);
#2135=EDGE_CURVE('',#2091,#2118,#2134,.T.);
#2136=ORIENTED_EDGE('',*,*,#2127,.T.);
#2137=ORIENTED_EDGE('',*,*,#2131,.F.);
#2138=ORIENTED_EDGE('',*,*,#2135,.F.);
#2139=EDGE_LOOP('',(#2136,#2137,#2138));
#2140=FACE_OUTER_BOUND('',#2139,.T.);
#2141=ADVANCED_FACE('',(#2140),#2123,.T.);
#2142=CARTESIAN_POINT('',(50.58526993,12.05764389,-4));
#2143=VERTEX_POINT('',#2142);
#2144=CARTESIAN_POINT('',(50.97545242,10.09607315,-4));
#2145=VERTEX_POINT('',#2144);
#2146=CARTESIAN_POINT('',(50,10,-4));
#2147=DIRECTION('',(0,0,-1));
#2148=DIRECTION('',(1,0,0));
#2149=AXIS2_PLACEMENT_3D('',#2146,#2147,#2148);
#2150=PLANE('',#2149);
#2151=DIRECTION('',(0.27358505,0.96184782,0));
#2152=VECTOR('',#2151,2.13926138);
#2153=LINE('',#2117,#2152);
#2154=EDGE_CURVE('',#2118,#2143,#2153,.T.);
#2155=DIRECTION('',(0.1950912,-0.98078511,0));
#2156=VECTOR('',#2155,2.00000054);
#2157=LINE('',#2142,#2156);
#2158=EDGE_CURVE('',#2143,#2145,#2157,.T.);
#2159=DIRECTION('',(0.99518478,0.09801661,0));
#2160=VECTOR('',#2159,0.98017217);
#2161=LINE('',#2117,#2160);
#2162=EDGE_CURVE('',#2118,#2145,#2161,.T.);
#2163=ORIENTED_EDGE('',*,*,#2154,.T.);
#2164=ORIENTED_EDGE('',*,*,#2158,.T.);
#2165=ORIENTED_EDGE('',*,*,#2162,.F.);
#2166=EDGE_LOOP('',(#2163,#2164,#2165));
#2167=FACE_OUTER_BOUND('',#2166,.T.);
#2168=ADVANCED_FACE('',(#2167),#2150,.T.);
#2169=CARTESIAN_POINT('',(51.6667099,12.50559139,-4));
#2170=VERTEX_POINT('',#2169);
#2171=CARTESIAN_POINT('',(51.91341782,10.38060188,-4));
#2172=VERTEX_POINT('',#2171);
#2173=CARTESIAN_POINT('',(50.97545242,10.09607315,-4));
#2174=DIRECTION('',(0,0,-1));
#2175=DIRECTION('',(1,0,0));
#2176=AXIS2_PLACEMENT_3D('',#2173,#2174,#2175);
#2177=PLANE('',#2176);
#2178=DIRECTION('',(0.2757624,0.96122583,0));
#2179=VECTOR('',#2178,2.506714);
#2180=LINE('',#2144,#2179);
#2181=EDGE_CURVE('',#2145,#2170,#2180,.T.);
#2182=DIRECTION('',(0.1153238,-0.99332795,0));
#2183=VECTOR('',#2182,2.13926277);
#2184=LINE('',#2169,#2183);
#2185=EDGE_CURVE('',#2170,#2172,#2184,.T.);
#2186=DIRECTION('',(0.95694032,0.29028472,0));
#2187=VECTOR('',#2186,0.98017125);
#2188=LINE('',#2144,#2187);
#2189=EDGE_CURVE('',#2145,#2172,#2188,.T.);
#2190=ORIENTED_EDGE('',*,*,#2181,.T.);
#2191=ORIENTED_EDGE('',*,*,#2185,.T.);
#2192=ORIENTED_EDGE('',*,*,#2189,.F.);
#2193=EDGE_LOOP('',(#2190,#2191,#2192));
#2194=FACE_OUTER_BOUND('',#2193,.T.);
#2195=ADVANCED_FACE('',(#2194),#2177,.T.);
#2196=CARTESIAN_POINT('',(48.08658218,10.38060188,-4));
#2197=DIRECTION('',(-0.29028472,-0.95694032,0));
#2198=DIRECTION('',(0,0,1));
#2199=AXIS2_PLACEMENT_3D('',#2196,#2197,#2198);
#2200=PLANE('',#2199);
#2201=DIRECTION('',(0,0,1));
#2202=VECTOR('',#2201,4);
#2203=LINE('',#2090,#2202);
#2204=EDGE_CURVE('',#2091,#164,#2203,.T.);
#2205=DIRECTION('',(0.22775319,-0.06908819,0.9712648));
#2206=VECTOR('',#2205,4.11834137);
#2207=LINE('',#1666,#2206);
#2208=EDGE_CURVE('',#1667,#164,#2207,.T.);
#2209=ORIENTED_EDGE('',*,*,#2108,.T.);
#2210=ORIENTED_EDGE('',*,*,#2204,.T.);
#2211=ORIENTED_EDGE('',*,*,#2208,.F.);
#2212=EDGE_LOOP('',(#2209,#2210,#2211));
#2213=FACE_OUTER_BOUND('',#2212,.T.);
#2214=ADVANCED_FACE('',(#2213),#2200,.T.);
#2215=CARTESIAN_POINT('',(49.02454758,10.09607315,-4));
#2216=DIRECTION('',(-0.09801661,-0.99518478,0));
#2217=DIRECTION('',(0,0,1));
#2218=AXIS2_PLACEMENT_3D('',#2215,#2216,#2217);
#2219=PLANE('',#2218);
#2220=DIRECTION('',(0,0,1));
#2221=VECTOR('',#2220,4);
#2222=LINE('',#2117,#2221);
#2223=EDGE_CURVE('',#2118,#185,#2222,.T.);
#2224=DIRECTION('',(0.23685564,-0.02332812,0.97126475));
#2225=VECTOR('',#2224,4.11834159);
#2226=LINE('',#2090,#2225);
#2227=EDGE_CURVE('',#2091,#185,#2226,.T.);
#2228=ORIENTED_EDGE('',*,*,#2135,.T.);
#2229=ORIENTED_EDGE('',*,*,#2223,.T.);
#2230=ORIENTED_EDGE('',*,*,#2227,.F.);
#2231=EDGE_LOOP('',(#2228,#2229,#2230));
#2232=FACE_OUTER_BOUND('',#2231,.T.);
#2233=ADVANCED_FACE('',(#2232),#2219,.T.);
#2234=CARTESIAN_POINT('',(50,10,-4));
#2235=DIRECTION('',(0.09801661,-0.99518478,0));
#2236=DIRECTION('',(0,0,1));
#2237=AXIS2_PLACEMENT_3D('',#2234,#2235,#2236);
#2238=PLANE('',#2237);
#2239=DIRECTION('',(0.23685564,0.02332812,-0.97126475));
#2240=VECTOR('',#2239,4.11834159);
#2241=LINE('',#184,#2240);
#2242=EDGE_CURVE('',#185,#2145,#2241,.T.);
#2243=ORIENTED_EDGE('',*,*,#2162,.T.);
#2244=ORIENTED_EDGE('',*,*,#2242,.F.);
#2245=ORIENTED_EDGE('',*,*,#2223,.F.);
#2246=EDGE_LOOP('',(#2243,#2244,#2245));
#2247=FACE_OUTER_BOUND('',#2246,.T.);
#2248=ADVANCED_FACE('',(#2247),#2238,.T.);
#2249=CARTESIAN_POINT('',(48.08658218,10.38060188,-4));
#2250=DIRECTION('',(-0.29028472,-0.95694032,0));
#2251=DIRECTION('',(0,0,1));
#2252=AXIS2_PLACEMENT_3D('',#2249,#2250,#2251);
#2253=PLANE('',#2252);
#2254=ORIENTED_EDGE('',*,*,#2208,.T.);
#2255=ORIENTED_EDGE('',*,*,#173,.F.);
#2256=ORIENTED_EDGE('',*,*,#1724,.F.);
#2257=EDGE_LOOP('',(#2254,#2255,#2256));
#2258=FACE_OUTER_BOUND('',#2257,.T.);
#2259=ADVANCED_FACE('',(#2258),#2253,.T.);
#2260=CARTESIAN_POINT('',(49.02454758,10.09607315,-4));
#2261=DIRECTION('',(-0.09801661,-0.99518478,0));
#2262=DIRECTION('',(0,0,1));
#2263=AXIS2_PLACEMENT_3D('',#2260,#2261,#2262);
#2264=PLANE('',#2263);
#2265=ORIENTED_EDGE('',*,*,#2227,.T.);
#2266=ORIENTED_EDGE('',*,*,#194,.F.);
#2267=ORIENTED_EDGE('',*,*,#2204,.F.);
#2268=EDGE_LOOP('',(#2265,#2266,#2267));
#2269=FACE_OUTER_BOUND('',#2268,.T.);
#2270=ADVANCED_FACE('',(#2269),#2264,.T.);
#2271=CARTESIAN_POINT('',(48.8519516,12.22836113,-4));
#2272=VERTEX_POINT('',#2271);
#2273=CARTESIAN_POINT('',(48.08658218,10.38060188,-4));
#2274=DIRECTION('',(0,0,-1));
#2275=DIRECTION('',(1,0,0));
#2276=AXIS2_PLACEMENT_3D('',#2273,#2274,#2275);
#2277=PLANE('',#2276);
#2278=DIRECTION('',(0.88192132,-0.47139663,0));
#2279=VECTOR('',#2278,0.58810405);
#2280=LINE('',#1664,#2279);
#2281=EDGE_CURVE('',#1665,#2272,#2280,.T.);
#2282=DIRECTION('',(0.38268449,0.92387909,0));
#2283=VECTOR('',#2282,2.00000114);
#2284=LINE('',#1666,#2283);
#2285=EDGE_CURVE('',#1667,#2272,#2284,.T.);
#2286=ORIENTED_EDGE('',*,*,#1680,.T.);
#2287=ORIENTED_EDGE('',*,*,#2281,.T.);
#2288=ORIENTED_EDGE('',*,*,#2285,.F.);
#2289=EDGE_LOOP('',(#2286,#2287,#2288));
#2290=FACE_OUTER_BOUND('',#2289,.T.);
#2291=ADVANCED_FACE('',(#2290),#2277,.T.);
#2292=CARTESIAN_POINT('',(48.08658218,10.38060188,-4));
#2293=DIRECTION('',(0,0,-1));
#2294=DIRECTION('',(1,0,0));
#2295=AXIS2_PLACEMENT_3D('',#2292,#2293,#2294);
#2296=PLANE('',#2295);
#2297=DIRECTION('',(0.95694021,-0.29028508,0));
#2298=VECTOR('',#2297,0.58810202);
#2299=LINE('',#2271,#2298);
#2300=EDGE_CURVE('',#2272,#2089,#2299,.T.);
#2301=ORIENTED_EDGE('',*,*,#2285,.T.);
#2302=ORIENTED_EDGE('',*,*,#2300,.T.);
#2303=ORIENTED_EDGE('',*,*,#2100,.F.);
#2304=EDGE_LOOP('',(#2301,#2302,#2303));
#2305=FACE_OUTER_BOUND('',#2304,.T.);
#2306=ADVANCED_FACE('',(#2305),#2296,.T.);
#2307=CARTESIAN_POINT('',(49.02454758,10.09607315,-4));
#2308=DIRECTION('',(0,0,-1));
#2309=DIRECTION('',(1,0,0));
#2310=AXIS2_PLACEMENT_3D('',#2307,#2308,#2309);
#2311=PLANE('',#2310);
#2312=DIRECTION('',(0.99518475,-0.09801686,0));
#2313=VECTOR('',#2312,0.58810178);
#2314=LINE('',#2088,#2313);
#2315=EDGE_CURVE('',#2089,#2116,#2314,.T.);
#2316=ORIENTED_EDGE('',*,*,#2104,.T.);
#2317=ORIENTED_EDGE('',*,*,#2315,.T.);
#2318=ORIENTED_EDGE('',*,*,#2127,.F.);
#2319=EDGE_LOOP('',(#2316,#2317,#2318));
#2320=FACE_OUTER_BOUND('',#2319,.T.);
#2321=ADVANCED_FACE('',(#2320),#2311,.T.);
#2322=CARTESIAN_POINT('',(50,10,-4));
#2323=DIRECTION('',(0,0,-1));
#2324=DIRECTION('',(1,0,0));
#2325=AXIS2_PLACEMENT_3D('',#2322,#2323,#2324);
#2326=PLANE('',#2325);
#2327=DIRECTION('',(0.99518475,0.09801686,0));
#2328=VECTOR('',#2327,0.58810178);
#2329=LINE('',#2115,#2328);
#2330=EDGE_CURVE('',#2116,#2143,#2329,.T.);
#2331=ORIENTED_EDGE('',*,*,#2131,.T.);
#2332=ORIENTED_EDGE('',*,*,#2330,.T.);
#2333=ORIENTED_EDGE('',*,*,#2154,.F.);
#2334=EDGE_LOOP('',(#2331,#2332,#2333));
#2335=FACE_OUTER_BOUND('',#2334,.T.);
#2336=ADVANCED_FACE('',(#2335),#2326,.T.);
#2337=CARTESIAN_POINT('',(51.1480484,12.22836113,-4));
#2338=VERTEX_POINT('',#2337);
#2339=CARTESIAN_POINT('',(50.97545242,10.09607315,-4));
#2340=DIRECTION('',(0,0,-1));
#2341=DIRECTION('',(1,0,0));
#2342=AXIS2_PLACEMENT_3D('',#2339,#2340,#2341);
#2343=PLANE('',#2342);
#2344=DIRECTION('',(0.95694021,0.29028508,0));
#2345=VECTOR('',#2344,0.58810202);
#2346=LINE('',#2142,#2345);
#2347=EDGE_CURVE('',#2143,#2338,#2346,.T.);
#2348=DIRECTION('',(0.08068015,0.99674004,0));
#2349=VECTOR('',#2348,2.13926188);
#2350=LINE('',#2144,#2349);
#2351=EDGE_CURVE('',#2145,#2338,#2350,.T.);
#2352=ORIENTED_EDGE('',*,*,#2158,.F.);
#2353=ORIENTED_EDGE('',*,*,#2347,.T.);
#2354=ORIENTED_EDGE('',*,*,#2351,.F.);
#2355=EDGE_LOOP('',(#2352,#2353,#2354));
#2356=FACE_OUTER_BOUND('',#2355,.T.);
#2357=ADVANCED_FACE('',(#2356),#2343,.T.);
#2358=CARTESIAN_POINT('',(50.97545242,10.09607315,-4));
#2359=DIRECTION('',(0,0,-1));
#2360=DIRECTION('',(1,0,0));
#2361=AXIS2_PLACEMENT_3D('',#2358,#2359,#2360);
#2362=PLANE('',#2361);
#2363=DIRECTION('',(0.88192132,0.47139663,0));
#2364=VECTOR('',#2363,0.58810405);
#2365=LINE('',#2337,#2364);
#2366=EDGE_CURVE('',#2338,#2170,#2365,.T.);
#2367=ORIENTED_EDGE('',*,*,#2351,.T.);
#2368=ORIENTED_EDGE('',*,*,#2366,.T.);
#2369=ORIENTED_EDGE('',*,*,#2181,.F.);
#2370=EDGE_LOOP('',(#2367,#2368,#2369));
#2371=FACE_OUTER_BOUND('',#2370,.T.);
#2372=ADVANCED_FACE('',(#2371),#2362,.T.);
#2373=CARTESIAN_POINT('',(52.49440765,13.33328915,-4));
#2374=VERTEX_POINT('',#2373);
#2375=CARTESIAN_POINT('',(52.7778511,10.84265232,-4));
#2376=VERTEX_POINT('',#2375);
#2377=CARTESIAN_POINT('',(51.91341782,10.38060188,-4));
#2378=DIRECTION('',(0,0,-1));
#2379=DIRECTION('',(1,0,0));
#2380=AXIS2_PLACEMENT_3D('',#2377,#2378,#2379);
#2381=PLANE('',#2380);
#2382=DIRECTION('',(0.19306451,0.98118606,0));
#2383=VECTOR('',#2382,3.00930412);
#2384=LINE('',#2171,#2383);
#2385=EDGE_CURVE('',#2172,#2374,#2384,.T.);
#2386=DIRECTION('',(0.11307374,-0.9935866,0));
#2387=VECTOR('',#2386,2.50671338);
#2388=LINE('',#2373,#2387);
#2389=EDGE_CURVE('',#2374,#2376,#2388,.T.);
#2390=DIRECTION('',(0.88192075,0.4713977,0));
#2391=VECTOR('',#2390,0.98017117);
#2392=LINE('',#2171,#2391);
#2393=EDGE_CURVE('',#2172,#2376,#2392,.T.);
#2394=ORIENTED_EDGE('',*,*,#2385,.T.);
#2395=ORIENTED_EDGE('',*,*,#2389,.T.);
#2396=ORIENTED_EDGE('',*,*,#2393,.F.);
#2397=EDGE_LOOP('',(#2394,#2395,#2396));
#2398=FACE_OUTER_BOUND('',#2397,.T.);
#2399=ADVANCED_FACE('',(#2398),#2381,.T.);
#2400=CARTESIAN_POINT('',(52.12131882,12.87867928,-4));
#2401=VERTEX_POINT('',#2400);
#2402=CARTESIAN_POINT('',(51.91341782,10.38060188,-4));
#2403=DIRECTION('',(0,0,-1));
#2404=DIRECTION('',(1,0,0));
#2405=AXIS2_PLACEMENT_3D('',#2402,#2403,#2404);
#2406=PLANE('',#2405);
#2407=DIRECTION('',(0.77301046,0.63439327,0));
#2408=VECTOR('',#2407,0.58810189);
#2409=LINE('',#2169,#2408);
#2410=EDGE_CURVE('',#2170,#2401,#2409,.T.);
#2411=DIRECTION('',(0.08293767,0.99655474,0));
#2412=VECTOR('',#2411,2.50671368);
#2413=LINE('',#2171,#2412);
#2414=EDGE_CURVE('',#2172,#2401,#2413,.T.);
#2415=ORIENTED_EDGE('',*,*,#2185,.F.);
#2416=ORIENTED_EDGE('',*,*,#2410,.T.);
#2417=ORIENTED_EDGE('',*,*,#2414,.F.);
#2418=EDGE_LOOP('',(#2415,#2416,#2417));
#2419=FACE_OUTER_BOUND('',#2418,.T.);
#2420=ADVANCED_FACE('',(#2419),#2406,.T.);
#2421=CARTESIAN_POINT('',(51.91341782,10.38060188,-4));
#2422=DIRECTION('',(0,0,-1));
#2423=DIRECTION('',(1,0,0));
#2424=AXIS2_PLACEMENT_3D('',#2421,#2422,#2423);
#2425=PLANE('',#2424);
#2426=DIRECTION('',(0.63439344,0.77301032,0));
#2427=VECTOR('',#2426,0.58810323);
#2428=LINE('',#2400,#2427);
#2429=EDGE_CURVE('',#2401,#2374,#2428,.T.);
#2430=ORIENTED_EDGE('',*,*,#2414,.T.);
#2431=ORIENTED_EDGE('',*,*,#2429,.T.);
#2432=ORIENTED_EDGE('',*,*,#2385,.F.);
#2433=EDGE_LOOP('',(#2430,#2431,#2432));
#2434=FACE_OUTER_BOUND('',#2433,.T.);
#2435=ADVANCED_FACE('',(#2434),#2425,.T.);
#2436=CARTESIAN_POINT('',(52.77163696,13.85194969,-4));
#2437=VERTEX_POINT('',#2436);
#2438=CARTESIAN_POINT('',(52.49440765,13.33328915,-4));
#2439=DIRECTION('',(0,0,-1));
#2440=DIRECTION('',(1,0,0));
#2441=AXIS2_PLACEMENT_3D('',#2438,#2439,#2440);
#2442=PLANE('',#2441);
#2443=DIRECTION('',(0.47139604,0.88192164,0));
#2444=VECTOR('',#2443,0.58810276);
#2445=LINE('',#2373,#2444);
#2446=EDGE_CURVE('',#2374,#2437,#2445,.T.);
#2447=DIRECTION('',(0.00206498,-0.99999787,0));
#2448=VECTOR('',#2447,3.00930379);
#2449=LINE('',#2436,#2448);
#2450=EDGE_CURVE('',#2437,#2376,#2449,.T.);
#2451=ORIENTED_EDGE('',*,*,#2446,.T.);
#2452=ORIENTED_EDGE('',*,*,#2450,.T.);
#2453=ORIENTED_EDGE('',*,*,#2389,.F.);
#2454=EDGE_LOOP('',(#2451,#2452,#2453));
#2455=FACE_OUTER_BOUND('',#2454,.T.);
#2456=ADVANCED_FACE('',(#2455),#2442,.T.);
#2457=CARTESIAN_POINT('',(52.94235611,14.41472912,-4));
#2458=VERTEX_POINT('',#2457);
#2459=CARTESIAN_POINT('',(52.7778511,10.84265232,-4));
#2460=DIRECTION('',(0,0,-1));
#2461=DIRECTION('',(1,0,0));
#2462=AXIS2_PLACEMENT_3D('',#2459,#2460,#2461);
#2463=PLANE('',#2462);
#2464=DIRECTION('',(0.2902876,0.95693945,0));
#2465=VECTOR('',#2464,0.58810349);
#2466=LINE('',#2436,#2465);
#2467=EDGE_CURVE('',#2437,#2458,#2466,.T.);
#2468=DIRECTION('',(0.04600428,0.99894124,0));
#2469=VECTOR('',#2468,3.57586277);
#2470=LINE('',#2375,#2469);
#2471=EDGE_CURVE('',#2376,#2458,#2470,.T.);
#2472=ORIENTED_EDGE('',*,*,#2450,.F.);
#2473=ORIENTED_EDGE('',*,*,#2467,.T.);
#2474=ORIENTED_EDGE('',*,*,#2471,.F.);
#2475=EDGE_LOOP('',(#2472,#2473,#2474));
#2476=FACE_OUTER_BOUND('',#2475,.T.);
#2477=ADVANCED_FACE('',(#2476),#2463,.T.);
#2478=CARTESIAN_POINT('',(53,15,-4));
#2479=VERTEX_POINT('',#2478);
#2480=CARTESIAN_POINT('',(52.7778511,10.84265232,-4));
#2481=DIRECTION('',(0,0,-1));
#2482=DIRECTION('',(1,0,0));
#2483=AXIS2_PLACEMENT_3D('',#2480,#2481,#2482);
#2484=PLANE('',#2483);
#2485=DIRECTION('',(0.0980167,0.99518477,0));
#2486=VECTOR('',#2485,0.58810273);
#2487=LINE('',#2457,#2486);
#2488=EDGE_CURVE('',#2458,#2479,#2487,.T.);
#2489=DIRECTION('',(0.05335912,0.99857539,0));
#2490=VECTOR('',#2489,4.16327874);
#2491=LINE('',#2375,#2490);
#2492=EDGE_CURVE('',#2376,#2479,#2491,.T.);
#2493=ORIENTED_EDGE('',*,*,#2471,.T.);
#2494=ORIENTED_EDGE('',*,*,#2488,.T.);
#2495=ORIENTED_EDGE('',*,*,#2492,.F.);
#2496=EDGE_LOOP('',(#2493,#2494,#2495));
#2497=FACE_OUTER_BOUND('',#2496,.T.);
#2498=ADVANCED_FACE('',(#2497),#2484,.T.);
#2499=CARTESIAN_POINT('',(53.53553391,18.53553391,-4));
#2500=VERTEX_POINT('',#2499);
#2501=CARTESIAN_POINT('',(52.7778511,10.84265232,-4));
#2502=DIRECTION('',(0,0,-1));
#2503=DIRECTION('',(1,0,0));
#2504=AXIS2_PLACEMENT_3D('',#2501,#2502,#2503);
#2505=PLANE('',#2504);
#2506=DIRECTION('',(0.14976354,0.98872184,0));
#2507=VECTOR('',#2506,3.57586305);
#2508=LINE('',#2478,#2507);
#2509=EDGE_CURVE('',#2479,#2500,#2508,.T.);
#2510=DIRECTION('',(0.09801715,0.99518473,0));
#2511=VECTOR('',#2510,7.73010416);
#2512=LINE('',#2375,#2511);
#2513=EDGE_CURVE('',#2376,#2500,#2512,.T.);
#2514=ORIENTED_EDGE('',*,*,#2492,.T.);
#2515=ORIENTED_EDGE('',*,*,#2509,.T.);
#2516=ORIENTED_EDGE('',*,*,#2513,.F.);
#2517=EDGE_LOOP('',(#2514,#2515,#2516));
#2518=FACE_OUTER_BOUND('',#2517,.T.);
#2519=ADVANCED_FACE('',(#2518),#2505,.T.);
#2520=CARTESIAN_POINT('',(53.53553391,11.46446609,-4));
#2521=VERTEX_POINT('',#2520);
#2522=CARTESIAN_POINT('',(52.7778511,10.84265232,-4));
#2523=DIRECTION('',(0,0,-1));
#2524=DIRECTION('',(1,0,0));
#2525=AXIS2_PLACEMENT_3D('',#2522,#2523,#2524);
#2526=PLANE('',#2525);
#2527=DIRECTION('',(0,1,0));
#2528=VECTOR('',#2527,7.07106781);
#2529=LINE('',#2520,#2528);
#2530=EDGE_CURVE('',#2521,#2500,#2529,.T.);
#2531=DIRECTION('',(0.77301067,0.63439302,0));
#2532=VECTOR('',#2531,0.98017121);
#2533=LINE('',#2375,#2532);
#2534=EDGE_CURVE('',#2376,#2521,#2533,.T.);
#2535=ORIENTED_EDGE('',*,*,#2513,.T.);
#2536=ORIENTED_EDGE('',*,*,#2530,.F.);
#2537=ORIENTED_EDGE('',*,*,#2534,.F.);
#2538=EDGE_LOOP('',(#2535,#2536,#2537));
#2539=FACE_OUTER_BOUND('',#2538,.T.);
#2540=ADVANCED_FACE('',(#2539),#2526,.T.);
#2541=CARTESIAN_POINT('',(54.15734863,17.7778511,-4));
#2542=VERTEX_POINT('',#2541);
#2543=CARTESIAN_POINT('',(54.15734863,12.2221489,-4));
#2544=VERTEX_POINT('',#2543);
#2545=CARTESIAN_POINT('',(53.53553391,11.46446609,-4));
#2546=DIRECTION('',(0,0,-1));
#2547=DIRECTION('',(1,0,0));
#2548=AXIS2_PLACEMENT_3D('',#2545,#2546,#2547);
#2549=PLANE('',#2548);
#2550=DIRECTION('',(0.09801723,0.99518472,0));
#2551=VECTOR('',#2550,6.34393284);
#2552=LINE('',#2520,#2551);
#2553=EDGE_CURVE('',#2521,#2542,#2552,.T.);
#2554=DIRECTION('',(0,1,0));
#2555=VECTOR('',#2554,5.55570221);
#2556=LINE('',#2543,#2555);
#2557=EDGE_CURVE('',#2544,#2542,#2556,.T.);
#2558=DIRECTION('',(0.6343936,0.77301019,0));
#2559=VECTOR('',#2558,0.98017181);
#2560=LINE('',#2520,#2559);
#2561=EDGE_CURVE('',#2521,#2544,#2560,.T.);
#2562=ORIENTED_EDGE('',*,*,#2553,.T.);
#2563=ORIENTED_EDGE('',*,*,#2557,.F.);
#2564=ORIENTED_EDGE('',*,*,#2561,.F.);
#2565=EDGE_LOOP('',(#2562,#2563,#2564));
#2566=FACE_OUTER_BOUND('',#2565,.T.);
#2567=ADVANCED_FACE('',(#2566),#2549,.T.);
#2568=CARTESIAN_POINT('',(54.61939621,16.91341782,-4));
#2569=VERTEX_POINT('',#2568);
#2570=CARTESIAN_POINT('',(54.61939621,13.08658314,-4));
#2571=VERTEX_POINT('',#2570);
#2572=CARTESIAN_POINT('',(54.15734863,12.2221489,-4));
#2573=DIRECTION('',(0,0,-1));
#2574=DIRECTION('',(1,0,0));
#2575=AXIS2_PLACEMENT_3D('',#2572,#2573,#2574);
#2576=PLANE('',#2575);
#2577=DIRECTION('',(0.0980167,0.99518477,0));
#2578=VECTOR('',#2577,4.71396776);
#2579=LINE('',#2543,#2578);
#2580=EDGE_CURVE('',#2544,#2569,#2579,.T.);
#2581=DIRECTION('',(0,1,0));
#2582=VECTOR('',#2581,3.82683468);
#2583=LINE('',#2570,#2582);
#2584=EDGE_CURVE('',#2571,#2569,#2583,.T.);
#2585=DIRECTION('',(0.47139503,0.88192218,0));
#2586=VECTOR('',#2585,0.98017066);
#2587=LINE('',#2543,#2586);
#2588=EDGE_CURVE('',#2544,#2571,#2587,.T.);
#2589=ORIENTED_EDGE('',*,*,#2580,.T.);
#2590=ORIENTED_EDGE('',*,*,#2584,.F.);
#2591=ORIENTED_EDGE('',*,*,#2588,.F.);
#2592=EDGE_LOOP('',(#2589,#2590,#2591));
#2593=FACE_OUTER_BOUND('',#2592,.T.);
#2594=ADVANCED_FACE('',(#2593),#2576,.T.);
#2595=CARTESIAN_POINT('',(54.90392685,15.97545147,-4));
#2596=VERTEX_POINT('',#2595);
#2597=CARTESIAN_POINT('',(54.90392685,14.02454853,-4));
#2598=VERTEX_POINT('',#2597);
#2599=CARTESIAN_POINT('',(54.61939621,13.08658314,-4));
#2600=DIRECTION('',(0,0,-1));
#2601=DIRECTION('',(1,0,0));
#2602=AXIS2_PLACEMENT_3D('',#2599,#2600,#2601);
#2603=PLANE('',#2602);
#2604=DIRECTION('',(0.0980178,0.99518466,0));
#2605=VECTOR('',#2604,2.90284652);
#2606=LINE('',#2570,#2605);
#2607=EDGE_CURVE('',#2571,#2596,#2606,.T.);
#2608=DIRECTION('',(0,1,0));
#2609=VECTOR('',#2608,1.95090294);
#2610=LINE('',#2597,#2609);
#2611=EDGE_CURVE('',#2598,#2596,#2610,.T.);
#2612=DIRECTION('',(0.2902865,0.95693978,0));
#2613=VECTOR('',#2612,0.9801718);
#2614=LINE('',#2570,#2613);
#2615=EDGE_CURVE('',#2571,#2598,#2614,.T.);
#2616=ORIENTED_EDGE('',*,*,#2607,.T.);
#2617=ORIENTED_EDGE('',*,*,#2611,.F.);
#2618=ORIENTED_EDGE('',*,*,#2615,.F.);
#2619=EDGE_LOOP('',(#2616,#2617,#2618));
#2620=FACE_OUTER_BOUND('',#2619,.T.);
#2621=ADVANCED_FACE('',(#2620),#2603,.T.);
#2622=CARTESIAN_POINT('',(50.97545242,10.09607315,-4));
#2623=DIRECTION('',(0.09801661,-0.99518478,0));
#2624=DIRECTION('',(0,0,1));
#2625=AXIS2_PLACEMENT_3D('',#2622,#2623,#2624);
#2626=PLANE('',#2625);
#2627=DIRECTION('',(0.12102654,0.01192001,-0.9925777));
#2628=VECTOR('',#2627,8.05982242);
#2629=LINE('',#205,#2628);
#2630=EDGE_CURVE('',#206,#2145,#2629,.T.);
#2631=ORIENTED_EDGE('',*,*,#2630,.F.);
#2632=ORIENTED_EDGE('',*,*,#215,.F.);
#2633=ORIENTED_EDGE('',*,*,#2242,.T.);
#2634=EDGE_LOOP('',(#2631,#2632,#2633));
#2635=FACE_OUTER_BOUND('',#2634,.T.);
#2636=ADVANCED_FACE('',(#2635),#2626,.T.);
#2637=CARTESIAN_POINT('',(50.97545242,10.09607315,8));
#2638=VERTEX_POINT('',#2637);
#2639=CARTESIAN_POINT('',(50.97545242,10.09607315,-4));
#2640=DIRECTION('',(0.29028472,-0.95694032,0));
#2641=DIRECTION('',(0,0,1));
#2642=AXIS2_PLACEMENT_3D('',#2639,#2640,#2641);
#2643=PLANE('',#2642);
#2644=DIRECTION('',(0.07790433,0.02363202,-0.99668071));
#2645=VECTOR('',#2644,12.03996411);
#2646=LINE('',#2637,#2645);
#2647=EDGE_CURVE('',#2638,#2172,#2646,.T.);
#2648=DIRECTION('',(0,0,1));
#2649=VECTOR('',#2648,12);
#2650=LINE('',#2144,#2649);
#2651=EDGE_CURVE('',#2145,#2638,#2650,.T.);
#2652=ORIENTED_EDGE('',*,*,#2189,.T.);
#2653=ORIENTED_EDGE('',*,*,#2647,.F.);
#2654=ORIENTED_EDGE('',*,*,#2651,.F.);
#2655=EDGE_LOOP('',(#2652,#2653,#2654));
#2656=FACE_OUTER_BOUND('',#2655,.T.);
#2657=ADVANCED_FACE('',(#2656),#2643,.T.);
#2658=CARTESIAN_POINT('',(51.91341782,10.38060188,8));
#2659=VERTEX_POINT('',#2658);
#2660=CARTESIAN_POINT('',(51.91341782,10.38060188,-4));
#2661=DIRECTION('',(0.4713977,-0.88192075,0));
#2662=DIRECTION('',(0,0,1));
#2663=AXIS2_PLACEMENT_3D('',#2660,#2661,#2662);
#2664=PLANE('',#2663);
#2665=DIRECTION('',(0.071797,0.0383764,-0.99668071));
#2666=VECTOR('',#2665,12.0399641);
#2667=LINE('',#2658,#2666);
#2668=EDGE_CURVE('',#2659,#2376,#2667,.T.);
#2669=DIRECTION('',(0,0,1));
#2670=VECTOR('',#2669,12);
#2671=LINE('',#2171,#2670);
#2672=EDGE_CURVE('',#2172,#2659,#2671,.T.);
#2673=ORIENTED_EDGE('',*,*,#2393,.T.);
#2674=ORIENTED_EDGE('',*,*,#2668,.F.);
#2675=ORIENTED_EDGE('',*,*,#2672,.F.);
#2676=EDGE_LOOP('',(#2673,#2674,#2675));
#2677=FACE_OUTER_BOUND('',#2676,.T.);
#2678=ADVANCED_FACE('',(#2677),#2664,.T.);
#2679=CARTESIAN_POINT('',(52.7778511,10.84265232,8));
#2680=VERTEX_POINT('',#2679);
#2681=CARTESIAN_POINT('',(52.7778511,10.84265232,-4));
#2682=DIRECTION('',(0.63439302,-0.77301067,0));
#2683=DIRECTION('',(0,0,1));
#2684=AXIS2_PLACEMENT_3D('',#2681,#2682,#2683);
#2685=PLANE('',#2684);
#2686=DIRECTION('',(0.06293065,0.05164582,-0.99668071));
#2687=VECTOR('',#2686,12.0399641);
#2688=LINE('',#2679,#2687);
#2689=EDGE_CURVE('',#2680,#2521,#2688,.T.);
#2690=DIRECTION('',(0,0,1));
#2691=VECTOR('',#2690,12);
#2692=LINE('',#2375,#2691);
#2693=EDGE_CURVE('',#2376,#2680,#2692,.T.);
#2694=ORIENTED_EDGE('',*,*,#2534,.T.);
#2695=ORIENTED_EDGE('',*,*,#2689,.F.);
#2696=ORIENTED_EDGE('',*,*,#2693,.F.);
#2697=EDGE_LOOP('',(#2694,#2695,#2696));
#2698=FACE_OUTER_BOUND('',#2697,.T.);
#2699=ADVANCED_FACE('',(#2698),#2685,.T.);
#2700=CARTESIAN_POINT('',(53.53553391,11.46446609,8));
#2701=VERTEX_POINT('',#2700);
#2702=CARTESIAN_POINT('',(53.53553391,11.46446609,-4));
#2703=DIRECTION('',(0.77301019,-0.6343936,0));
#2704=DIRECTION('',(0,0,1));
#2705=AXIS2_PLACEMENT_3D('',#2702,#2703,#2704);
#2706=PLANE('',#2705);
#2707=DIRECTION('',(0.0516459,0.06293065,-0.99668071));
#2708=VECTOR('',#2707,12.03996415);
#2709=LINE('',#2700,#2708);
#2710=EDGE_CURVE('',#2701,#2544,#2709,.T.);
#2711=DIRECTION('',(0,0,1));
#2712=VECTOR('',#2711,12);
#2713=LINE('',#2520,#2712);
#2714=EDGE_CURVE('',#2521,#2701,#2713,.T.);
#2715=ORIENTED_EDGE('',*,*,#2561,.T.);
#2716=ORIENTED_EDGE('',*,*,#2710,.F.);
#2717=ORIENTED_EDGE('',*,*,#2714,.F.);
#2718=EDGE_LOOP('',(#2715,#2716,#2717));
#2719=FACE_OUTER_BOUND('',#2718,.T.);
#2720=ADVANCED_FACE('',(#2719),#2706,.T.);
#2721=CARTESIAN_POINT('',(54.15734863,12.2221489,8));
#2722=VERTEX_POINT('',#2721);
#2723=CARTESIAN_POINT('',(54.15734863,12.2221489,-4));
#2724=DIRECTION('',(0.88192218,-0.47139503,0));
#2725=DIRECTION('',(0,0,1));
#2726=AXIS2_PLACEMENT_3D('',#2723,#2724,#2725);
#2727=PLANE('',#2726);
#2728=DIRECTION('',(0.03837616,0.07179708,-0.99668072));
#2729=VECTOR('',#2728,12.03996406);
#2730=LINE('',#2721,#2729);
#2731=EDGE_CURVE('',#2722,#2571,#2730,.T.);
#2732=DIRECTION('',(0,0,1));
#2733=VECTOR('',#2732,12);
#2734=LINE('',#2543,#2733);
#2735=EDGE_CURVE('',#2544,#2722,#2734,.T.);
#2736=ORIENTED_EDGE('',*,*,#2588,.T.);
#2737=ORIENTED_EDGE('',*,*,#2731,.F.);
#2738=ORIENTED_EDGE('',*,*,#2735,.F.);
#2739=EDGE_LOOP('',(#2736,#2737,#2738));
#2740=FACE_OUTER_BOUND('',#2739,.T.);
#2741=ADVANCED_FACE('',(#2740),#2727,.T.);
#2742=CARTESIAN_POINT('',(54.61939621,13.08658314,8));
#2743=VERTEX_POINT('',#2742);
#2744=CARTESIAN_POINT('',(54.61939621,13.08658314,-4));
#2745=DIRECTION('',(0.95693978,-0.2902865,0));
#2746=DIRECTION('',(0,0,1));
#2747=AXIS2_PLACEMENT_3D('',#2744,#2745,#2746);
#2748=PLANE('',#2747);
#2749=DIRECTION('',(0.02363218,0.07790433,-0.99668071));
#2750=VECTOR('',#2749,12.03996415);
#2751=LINE('',#2742,#2750);
#2752=EDGE_CURVE('',#2743,#2598,#2751,.T.);
#2753=DIRECTION('',(0,0,1));
#2754=VECTOR('',#2753,12);
#2755=LINE('',#2570,#2754);
#2756=EDGE_CURVE('',#2571,#2743,#2755,.T.);
#2757=ORIENTED_EDGE('',*,*,#2615,.T.);
#2758=ORIENTED_EDGE('',*,*,#2752,.F.);
#2759=ORIENTED_EDGE('',*,*,#2756,.F.);
#2760=EDGE_LOOP('',(#2757,#2758,#2759));
#2761=FACE_OUTER_BOUND('',#2760,.T.);
#2762=ADVANCED_FACE('',(#2761),#2748,.T.);
#2763=CARTESIAN_POINT('',(55,15,-4));
#2764=VERTEX_POINT('',#2763);
#2765=CARTESIAN_POINT('',(54.90392685,14.02454853,8));
#2766=VERTEX_POINT('',#2765);
#2767=CARTESIAN_POINT('',(54.90392685,14.02454853,-4));
#2768=DIRECTION('',(0.99518477,-0.0980167,0));
#2769=DIRECTION('',(0,0,1));
#2770=AXIS2_PLACEMENT_3D('',#2767,#2768,#2769);
#2771=PLANE('',#2770);
#2772=DIRECTION('',(0.0980167,0.99518477,0));
#2773=VECTOR('',#2772,0.98017122);
#2774=LINE('',#2597,#2773);
#2775=EDGE_CURVE('',#2598,#2764,#2774,.T.);
#2776=DIRECTION('',(0.00797952,0.08101781,-0.99668071));
#2777=VECTOR('',#2776,12.0399641);
#2778=LINE('',#2765,#2777);
#2779=EDGE_CURVE('',#2766,#2764,#2778,.T.);
#2780=DIRECTION('',(0,0,1));
#2781=VECTOR('',#2780,12);
#2782=LINE('',#2597,#2781);
#2783=EDGE_CURVE('',#2598,#2766,#2782,.T.);
#2784=ORIENTED_EDGE('',*,*,#2775,.T.);
#2785=ORIENTED_EDGE('',*,*,#2779,.F.);
#2786=ORIENTED_EDGE('',*,*,#2783,.F.);
#2787=EDGE_LOOP('',(#2784,#2785,#2786));
#2788=FACE_OUTER_BOUND('',#2787,.T.);
#2789=ADVANCED_FACE('',(#2788),#2771,.T.);
#2790=CARTESIAN_POINT('',(50,10,8));
#2791=VERTEX_POINT('',#2790);
#2792=CARTESIAN_POINT('',(50.97545242,10.09607315,-4));
#2793=DIRECTION('',(0.09801661,-0.99518478,0));
#2794=DIRECTION('',(0,0,1));
#2795=AXIS2_PLACEMENT_3D('',#2792,#2793,#2794);
#2796=PLANE('',#2795);
#2797=DIRECTION('',(0.08101788,0.00797952,-0.99668071));
#2798=VECTOR('',#2797,12.03996418);
#2799=LINE('',#2790,#2798);
#2800=EDGE_CURVE('',#2791,#2145,#2799,.T.);
#2801=DIRECTION('',(0,0,1));
#2802=VECTOR('',#2801,4);
#2803=LINE('',#205,#2802);
#2804=EDGE_CURVE('',#206,#2791,#2803,.T.);
#2805=ORIENTED_EDGE('',*,*,#2800,.F.);
#2806=ORIENTED_EDGE('',*,*,#2804,.F.);
#2807=ORIENTED_EDGE('',*,*,#2630,.T.);
#2808=EDGE_LOOP('',(#2805,#2806,#2807));
#2809=FACE_OUTER_BOUND('',#2808,.T.);
#2810=ADVANCED_FACE('',(#2809),#2796,.T.);
#2811=CARTESIAN_POINT('',(50.97545242,10.09607315,-4));
#2812=DIRECTION('',(0.09801661,-0.99518478,0));
#2813=DIRECTION('',(0,0,1));
#2814=AXIS2_PLACEMENT_3D('',#2811,#2812,#2813);
#2815=PLANE('',#2814);
#2816=DIRECTION('',(0.99518478,0.09801661,0));
#2817=VECTOR('',#2816,0.98017217);
#2818=LINE('',#2790,#2817);
#2819=EDGE_CURVE('',#2791,#2638,#2818,.T.);
#2820=ORIENTED_EDGE('',*,*,#2651,.T.);
#2821=ORIENTED_EDGE('',*,*,#2819,.F.);
#2822=ORIENTED_EDGE('',*,*,#2800,.T.);
#2823=EDGE_LOOP('',(#2820,#2821,#2822));
#2824=FACE_OUTER_BOUND('',#2823,.T.);
#2825=ADVANCED_FACE('',(#2824),#2815,.T.);
#2826=CARTESIAN_POINT('',(51.91341782,10.38060188,-4));
#2827=DIRECTION('',(0.29028472,-0.95694032,0));
#2828=DIRECTION('',(0,0,1));
#2829=AXIS2_PLACEMENT_3D('',#2826,#2827,#2828);
#2830=PLANE('',#2829);
#2831=DIRECTION('',(0.95694032,0.29028472,0));
#2832=VECTOR('',#2831,0.98017125);
#2833=LINE('',#2637,#2832);
#2834=EDGE_CURVE('',#2638,#2659,#2833,.T.);
#2835=ORIENTED_EDGE('',*,*,#2672,.T.);
#2836=ORIENTED_EDGE('',*,*,#2834,.F.);
#2837=ORIENTED_EDGE('',*,*,#2647,.T.);
#2838=EDGE_LOOP('',(#2835,#2836,#2837));
#2839=FACE_OUTER_BOUND('',#2838,.T.);
#2840=ADVANCED_FACE('',(#2839),#2830,.T.);
#2841=CARTESIAN_POINT('',(52.7778511,10.84265232,-4));
#2842=DIRECTION('',(0.4713977,-0.88192075,0));
#2843=DIRECTION('',(0,0,1));
#2844=AXIS2_PLACEMENT_3D('',#2841,#2842,#2843);
#2845=PLANE('',#2844);
#2846=DIRECTION('',(0.88192075,0.4713977,0));
#2847=VECTOR('',#2846,0.98017117);
#2848=LINE('',#2658,#2847);
#2849=EDGE_CURVE('',#2659,#2680,#2848,.T.);
#2850=ORIENTED_EDGE('',*,*,#2693,.T.);
#2851=ORIENTED_EDGE('',*,*,#2849,.F.);
#2852=ORIENTED_EDGE('',*,*,#2668,.T.);
#2853=EDGE_LOOP('',(#2850,#2851,#2852));
#2854=FACE_OUTER_BOUND('',#2853,.T.);
#2855=ADVANCED_FACE('',(#2854),#2845,.T.);
#2856=CARTESIAN_POINT('',(53.53553391,11.46446609,-4));
#2857=DIRECTION('',(0.63439302,-0.77301067,0));
#2858=DIRECTION('',(0,0,1));
#2859=AXIS2_PLACEMENT_3D('',#2856,#2857,#2858);
#2860=PLANE('',#2859);
#2861=DIRECTION('',(0.77301067,0.63439302,0));
#2862=VECTOR('',#2861,0.98017121);
#2863=LINE('',#2679,#2862);
#2864=EDGE_CURVE('',#2680,#2701,#2863,.T.);
#2865=ORIENTED_EDGE('',*,*,#2714,.T.);
#2866=ORIENTED_EDGE('',*,*,#2864,.F.);
#2867=ORIENTED_EDGE('',*,*,#2689,.T.);
#2868=EDGE_LOOP('',(#2865,#2866,#2867));
#2869=FACE_OUTER_BOUND('',#2868,.T.);
#2870=ADVANCED_FACE('',(#2869),#2860,.T.);
#2871=CARTESIAN_POINT('',(54.15734863,12.2221489,-4));
#2872=DIRECTION('',(0.77301019,-0.6343936,0));
#2873=DIRECTION('',(0,0,1));
#2874=AXIS2_PLACEMENT_3D('',#2871,#2872,#2873);
#2875=PLANE('',#2874);
#2876=DIRECTION('',(0.6343936,0.77301019,0));
#2877=VECTOR('',#2876,0.98017181);
#2878=LINE('',#2700,#2877);
#2879=EDGE_CURVE('',#2701,#2722,#2878,.T.);
#2880=ORIENTED_EDGE('',*,*,#2735,.T.);
#2881=ORIENTED_EDGE('',*,*,#2879,.F.);
#2882=ORIENTED_EDGE('',*,*,#2710,.T.);
#2883=EDGE_LOOP('',(#2880,#2881,#2882));
#2884=FACE_OUTER_BOUND('',#2883,.T.);
#2885=ADVANCED_FACE('',(#2884),#2875,.T.);
#2886=CARTESIAN_POINT('',(54.61939621,13.08658314,-4));
#2887=DIRECTION('',(0.88192218,-0.47139503,0));
#2888=DIRECTION('',(0,0,1));
#2889=AXIS2_PLACEMENT_3D('',#2886,#2887,#2888);
#2890=PLANE('',#2889);
#2891=DIRECTION('',(0.47139503,0.88192218,0));
#2892=VECTOR('',#2891,0.98017066);
#2893=LINE('',#2721,#2892);
#2894=EDGE_CURVE('',#2722,#2743,#2893,.T.);
#2895=ORIENTED_EDGE('',*,*,#2756,.T.);
#2896=ORIENTED_EDGE('',*,*,#2894,.F.);
#2897=ORIENTED_EDGE('',*,*,#2731,.T.);
#2898=EDGE_LOOP('',(#2895,#2896,#2897));
#2899=FACE_OUTER_BOUND('',#2898,.T.);
#2900=ADVANCED_FACE('',(#2899),#2890,.T.);
#2901=CARTESIAN_POINT('',(54.90392685,14.02454853,-4));
#2902=DIRECTION('',(0.95693978,-0.2902865,0));
#2903=DIRECTION('',(0,0,1));
#2904=AXIS2_PLACEMENT_3D('',#2901,#2902,#2903);
#2905=PLANE('',#2904);
#2906=DIRECTION('',(0.2902865,0.95693978,0));
#2907=VECTOR('',#2906,0.9801718);
#2908=LINE('',#2742,#2907);
#2909=EDGE_CURVE('',#2743,#2766,#2908,.T.);
#2910=ORIENTED_EDGE('',*,*,#2783,.T.);
#2911=ORIENTED_EDGE('',*,*,#2909,.F.);
#2912=ORIENTED_EDGE('',*,*,#2752,.T.);
#2913=EDGE_LOOP('',(#2910,#2911,#2912));
#2914=FACE_OUTER_BOUND('',#2913,.T.);
#2915=ADVANCED_FACE('',(#2914),#2905,.T.);
#2916=CARTESIAN_POINT('',(55,15,8));
#2917=VERTEX_POINT('',#2916);
#2918=CARTESIAN_POINT('',(54.90392685,14.02454853,8));
#2919=DIRECTION('',(0.99518477,-0.0980167,0));
#2920=DIRECTION('',(0,0,1));
#2921=AXIS2_PLACEMENT_3D('',#2918,#2919,#2920);
#2922=PLANE('',#2921);
#2923=DIRECTION('',(0,0,1));
#2924=VECTOR('',#2923,12);
#2925=LINE('',#2763,#2924);
#2926=EDGE_CURVE('',#2764,#2917,#2925,.T.);
#2927=DIRECTION('',(0.0980167,0.99518477,0));
#2928=VECTOR('',#2927,0.98017122);
#2929=LINE('',#2765,#2928);
#2930=EDGE_CURVE('',#2766,#2917,#2929,.T.);
#2931=ORIENTED_EDGE('',*,*,#2779,.T.);
#2932=ORIENTED_EDGE('',*,*,#2926,.T.);
#2933=ORIENTED_EDGE('',*,*,#2930,.F.);
#2934=EDGE_LOOP('',(#2931,#2932,#2933));
#2935=FACE_OUTER_BOUND('',#2934,.T.);
#2936=ADVANCED_FACE('',(#2935),#2922,.T.);
#2937=CARTESIAN_POINT('',(47.2221489,10.84265232,8));
#2938=VERTEX_POINT('',#2937);
#2939=CARTESIAN_POINT('',(47.2221489,10.84265232,8));
#2940=DIRECTION('',(-0.63439302,-0.77301067,0));
#2941=DIRECTION('',(0,0,1));
#2942=AXIS2_PLACEMENT_3D('',#2939,#2940,#2941);
#2943=PLANE('',#2942);
#2944=DIRECTION('',(0.18397766,-0.15098646,0.9712648));
#2945=VECTOR('',#2944,4.11834136);
#2946=LINE('',#1134,#2945);
#2947=EDGE_CURVE('',#1135,#2938,#2946,.T.);
#2948=DIRECTION('',(0,0,1));
#2949=VECTOR('',#2948,4);
#2950=LINE('',#1182,#2949);
#2951=EDGE_CURVE('',#1183,#2938,#2950,.T.);
#2952=ORIENTED_EDGE('',*,*,#2947,.F.);
#2953=ORIENTED_EDGE('',*,*,#1211,.T.);
#2954=ORIENTED_EDGE('',*,*,#2951,.T.);
#2955=EDGE_LOOP('',(#2952,#2953,#2954));
#2956=FACE_OUTER_BOUND('',#2955,.T.);
#2957=ADVANCED_FACE('',(#2956),#2943,.T.);
#2958=CARTESIAN_POINT('',(48.08658218,10.38060188,8));
#2959=VERTEX_POINT('',#2958);
#2960=CARTESIAN_POINT('',(48.08658218,10.38060188,8));
#2961=DIRECTION('',(-0.4713977,-0.88192075,0));
#2962=DIRECTION('',(0,0,1));
#2963=AXIS2_PLACEMENT_3D('',#2960,#2961,#2962);
#2964=PLANE('',#2963);
#2965=DIRECTION('',(0.20989841,-0.11219333,0.9712648));
#2966=VECTOR('',#2965,4.11834136);
#2967=LINE('',#1182,#2966);
#2968=EDGE_CURVE('',#1183,#2959,#2967,.T.);
#2969=DIRECTION('',(0,0,1));
#2970=VECTOR('',#2969,4);
#2971=LINE('',#465,#2970);
#2972=EDGE_CURVE('',#466,#2959,#2971,.T.);
#2973=ORIENTED_EDGE('',*,*,#2968,.F.);
#2974=ORIENTED_EDGE('',*,*,#1192,.T.);
#2975=ORIENTED_EDGE('',*,*,#2972,.T.);
#2976=EDGE_LOOP('',(#2973,#2974,#2975));
#2977=FACE_OUTER_BOUND('',#2976,.T.);
#2978=ADVANCED_FACE('',(#2977),#2964,.T.);
#2979=CARTESIAN_POINT('',(47.2221489,10.84265232,8));
#2980=DIRECTION('',(-0.4713977,-0.88192075,0));
#2981=DIRECTION('',(0,0,1));
#2982=AXIS2_PLACEMENT_3D('',#2979,#2980,#2981);
#2983=PLANE('',#2982);
#2984=DIRECTION('',(0.88192075,-0.4713977,0));
#2985=VECTOR('',#2984,0.98017117);
#2986=LINE('',#2937,#2985);
#2987=EDGE_CURVE('',#2938,#2959,#2986,.T.);
#2988=ORIENTED_EDGE('',*,*,#2951,.F.);
#2989=ORIENTED_EDGE('',*,*,#2968,.T.);
#2990=ORIENTED_EDGE('',*,*,#2987,.F.);
#2991=EDGE_LOOP('',(#2988,#2989,#2990));
#2992=FACE_OUTER_BOUND('',#2991,.T.);
#2993=ADVANCED_FACE('',(#2992),#2983,.T.);
#2994=CARTESIAN_POINT('',(46.46446609,11.46446609,8));
#2995=VERTEX_POINT('',#2994);
#2996=CARTESIAN_POINT('',(46.46446609,11.46446609,8));
#2997=DIRECTION('',(-0.77301019,-0.6343936,0));
#2998=DIRECTION('',(0,0,1));
#2999=AXIS2_PLACEMENT_3D('',#2996,#2997,#2998);
#3000=PLANE('',#2999);
#3001=DIRECTION('',(0.15098668,-0.18397765,0.97126477));
#3002=VECTOR('',#3001,4.11834151);
#3003=LINE('',#1136,#3002);
#3004=EDGE_CURVE('',#1137,#2995,#3003,.T.);
#3005=DIRECTION('',(0,0,1));
#3006=VECTOR('',#3005,4);
#3007=LINE('',#1134,#3006);
#3008=EDGE_CURVE('',#1135,#2995,#3007,.T.);
#3009=ORIENTED_EDGE('',*,*,#3004,.F.);
#3010=ORIENTED_EDGE('',*,*,#1150,.T.);
#3011=ORIENTED_EDGE('',*,*,#3008,.T.);
#3012=EDGE_LOOP('',(#3009,#3010,#3011));
#3013=FACE_OUTER_BOUND('',#3012,.T.);
#3014=ADVANCED_FACE('',(#3013),#3000,.T.);
#3015=CARTESIAN_POINT('',(45.84265137,12.2221489,8));
#3016=VERTEX_POINT('',#3015);
#3017=CARTESIAN_POINT('',(45.84265137,12.2221489,8));
#3018=DIRECTION('',(-0.88192218,-0.47139503,0));
#3019=DIRECTION('',(0,0,1));
#3020=AXIS2_PLACEMENT_3D('',#3017,#3018,#3019);
#3021=PLANE('',#3020);
#3022=DIRECTION('',(0.11219264,-0.20989864,0.97126483));
#3023=VECTOR('',#3022,4.11834123);
#3024=LINE('',#1161,#3023);
#3025=EDGE_CURVE('',#1162,#3016,#3024,.T.);
#3026=DIRECTION('',(0,0,1));
#3027=VECTOR('',#3026,4);
#3028=LINE('',#1136,#3027);
#3029=EDGE_CURVE('',#1137,#3016,#3028,.T.);
#3030=ORIENTED_EDGE('',*,*,#3025,.F.);
#3031=ORIENTED_EDGE('',*,*,#1171,.T.);
#3032=ORIENTED_EDGE('',*,*,#3029,.T.);
#3033=EDGE_LOOP('',(#3030,#3031,#3032));
#3034=FACE_OUTER_BOUND('',#3033,.T.);
#3035=ADVANCED_FACE('',(#3034),#3021,.T.);
#3036=CARTESIAN_POINT('',(45.38060379,13.08658314,8));
#3037=VERTEX_POINT('',#3036);
#3038=CARTESIAN_POINT('',(45.38060379,13.08658314,8));
#3039=DIRECTION('',(-0.95693978,-0.2902865,0));
#3040=DIRECTION('',(0,0,1));
#3041=AXIS2_PLACEMENT_3D('',#3038,#3039,#3040);
#3042=PLANE('',#3041);
#3043=DIRECTION('',(0.06908865,-0.22775318,0.97126477));
#3044=VECTOR('',#3043,4.11834151);
#3045=LINE('',#1218,#3044);
#3046=EDGE_CURVE('',#1219,#3037,#3045,.T.);
#3047=DIRECTION('',(0,0,1));
#3048=VECTOR('',#3047,4);
#3049=LINE('',#1161,#3048);
#3050=EDGE_CURVE('',#1162,#3037,#3049,.T.);
#3051=ORIENTED_EDGE('',*,*,#3046,.F.);
#3052=ORIENTED_EDGE('',*,*,#1253,.T.);
#3053=ORIENTED_EDGE('',*,*,#3050,.T.);
#3054=EDGE_LOOP('',(#3051,#3052,#3053));
#3055=FACE_OUTER_BOUND('',#3054,.T.);
#3056=ADVANCED_FACE('',(#3055),#3042,.T.);
#3057=CARTESIAN_POINT('',(45.09607315,14.02454853,8));
#3058=VERTEX_POINT('',#3057);
#3059=CARTESIAN_POINT('',(45.09607315,14.02454853,8));
#3060=DIRECTION('',(-0.99518477,-0.0980167,0));
#3061=DIRECTION('',(0,0,1));
#3062=AXIS2_PLACEMENT_3D('',#3059,#3060,#3061);
#3063=PLANE('',#3062);
#3064=DIRECTION('',(0.02332812,-0.23685542,0.9712648));
#3065=VECTOR('',#3064,4.11834137);
#3066=LINE('',#1220,#3065);
#3067=EDGE_CURVE('',#1221,#3058,#3066,.T.);
#3068=DIRECTION('',(0,0,1));
#3069=VECTOR('',#3068,4);
#3070=LINE('',#1218,#3069);
#3071=EDGE_CURVE('',#1219,#3058,#3070,.T.);
#3072=ORIENTED_EDGE('',*,*,#3067,.F.);
#3073=ORIENTED_EDGE('',*,*,#1234,.T.);
#3074=ORIENTED_EDGE('',*,*,#3071,.T.);
#3075=EDGE_LOOP('',(#3072,#3073,#3074));
#3076=FACE_OUTER_BOUND('',#3075,.T.);
#3077=ADVANCED_FACE('',(#3076),#3063,.T.);
#3078=CARTESIAN_POINT('',(45.84265137,12.2221489,8));
#3079=DIRECTION('',(-0.77301019,-0.6343936,0));
#3080=DIRECTION('',(0,0,1));
#3081=AXIS2_PLACEMENT_3D('',#3078,#3079,#3080);
#3082=PLANE('',#3081);
#3083=DIRECTION('',(0.6343936,-0.77301019,0));
#3084=VECTOR('',#3083,0.98017181);
#3085=LINE('',#3015,#3084);
#3086=EDGE_CURVE('',#3016,#2995,#3085,.T.);
#3087=ORIENTED_EDGE('',*,*,#3029,.F.);
#3088=ORIENTED_EDGE('',*,*,#3004,.T.);
#3089=ORIENTED_EDGE('',*,*,#3086,.F.);
#3090=EDGE_LOOP('',(#3087,#3088,#3089));
#3091=FACE_OUTER_BOUND('',#3090,.T.);
#3092=ADVANCED_FACE('',(#3091),#3082,.T.);
#3093=CARTESIAN_POINT('',(45.84265137,12.2221489,8));
#3094=DIRECTION('',(-0.88192218,-0.47139503,0));
#3095=DIRECTION('',(0,0,1));
#3096=AXIS2_PLACEMENT_3D('',#3093,#3094,#3095);
#3097=PLANE('',#3096);
#3098=DIRECTION('',(0.47139503,-0.88192218,0));
#3099=VECTOR('',#3098,0.98017066);
#3100=LINE('',#3036,#3099);
#3101=EDGE_CURVE('',#3037,#3016,#3100,.T.);
#3102=ORIENTED_EDGE('',*,*,#3101,.F.);
#3103=ORIENTED_EDGE('',*,*,#3050,.F.);
#3104=ORIENTED_EDGE('',*,*,#3025,.T.);
#3105=EDGE_LOOP('',(#3102,#3103,#3104));
#3106=FACE_OUTER_BOUND('',#3105,.T.);
#3107=ADVANCED_FACE('',(#3106),#3097,.T.);
#3108=CARTESIAN_POINT('',(47.2221489,10.84265232,8));
#3109=DIRECTION('',(-0.63439302,-0.77301067,0));
#3110=DIRECTION('',(0,0,1));
#3111=AXIS2_PLACEMENT_3D('',#3108,#3109,#3110);
#3112=PLANE('',#3111);
#3113=DIRECTION('',(0.77301067,-0.63439302,0));
#3114=VECTOR('',#3113,0.98017121);
#3115=LINE('',#2994,#3114);
#3116=EDGE_CURVE('',#2995,#2938,#3115,.T.);
#3117=ORIENTED_EDGE('',*,*,#3116,.F.);
#3118=ORIENTED_EDGE('',*,*,#3008,.F.);
#3119=ORIENTED_EDGE('',*,*,#2947,.T.);
#3120=EDGE_LOOP('',(#3117,#3118,#3119));
#3121=FACE_OUTER_BOUND('',#3120,.T.);
#3122=ADVANCED_FACE('',(#3121),#3112,.T.);
#3123=CARTESIAN_POINT('',(47.87868118,12.87867928,8));
#3124=VERTEX_POINT('',#3123);
#3125=CARTESIAN_POINT('',(47.2221489,10.84265232,8));
#3126=DIRECTION('',(0,0,1));
#3127=DIRECTION('',(1,0,0));
#3128=AXIS2_PLACEMENT_3D('',#3125,#3126,#3127);
#3129=PLANE('',#3128);
#3130=DIRECTION('',(0.08293767,-0.99655474,0));
#3131=VECTOR('',#3130,2.50671368);
#3132=LINE('',#3123,#3131);
#3133=EDGE_CURVE('',#3124,#2959,#3132,.T.);
#3134=DIRECTION('',(0.30689668,0.95174284,0));
#3135=VECTOR('',#3134,2.13926165);
#3136=LINE('',#2937,#3135);
#3137=EDGE_CURVE('',#2938,#3124,#3136,.T.);
#3138=ORIENTED_EDGE('',*,*,#2987,.T.);
#3139=ORIENTED_EDGE('',*,*,#3133,.F.);
#3140=ORIENTED_EDGE('',*,*,#3137,.F.);
#3141=EDGE_LOOP('',(#3138,#3139,#3140));
#3142=FACE_OUTER_BOUND('',#3141,.T.);
#3143=ADVANCED_FACE('',(#3142),#3129,.T.);
#3144=CARTESIAN_POINT('',(48.3332901,12.50559139,8));
#3145=VERTEX_POINT('',#3144);
#3146=CARTESIAN_POINT('',(48.08658218,10.38060188,8));
#3147=DIRECTION('',(0,0,1));
#3148=DIRECTION('',(1,0,0));
#3149=AXIS2_PLACEMENT_3D('',#3146,#3147,#3148);
#3150=PLANE('',#3149);
#3151=DIRECTION('',(0.1153238,0.99332795,0));
#3152=VECTOR('',#3151,2.13926277);
#3153=LINE('',#2958,#3152);
#3154=EDGE_CURVE('',#2959,#3145,#3153,.T.);
#3155=DIRECTION('',(0.77301046,-0.63439327,0));
#3156=VECTOR('',#3155,0.58810189);
#3157=LINE('',#3123,#3156);
#3158=EDGE_CURVE('',#3124,#3145,#3157,.T.);
#3159=ORIENTED_EDGE('',*,*,#3154,.T.);
#3160=ORIENTED_EDGE('',*,*,#3158,.F.);
#3161=ORIENTED_EDGE('',*,*,#3133,.T.);
#3162=EDGE_LOOP('',(#3159,#3160,#3161));
#3163=FACE_OUTER_BOUND('',#3162,.T.);
#3164=ADVANCED_FACE('',(#3163),#3150,.T.);
#3165=CARTESIAN_POINT('',(47.05764389,14.41472912,8));
#3166=VERTEX_POINT('',#3165);
#3167=CARTESIAN_POINT('',(47.2221489,10.84265232,8));
#3168=DIRECTION('',(0,0,1));
#3169=DIRECTION('',(1,0,0));
#3170=AXIS2_PLACEMENT_3D('',#3167,#3168,#3169);
#3171=PLANE('',#3170);
#3172=DIRECTION('',(0.04600428,-0.99894124,0));
#3173=VECTOR('',#3172,3.57586277);
#3174=LINE('',#3165,#3173);
#3175=EDGE_CURVE('',#3166,#2938,#3174,.T.);
#3176=DIRECTION('',(0.1971146,0.98038045,0));
#3177=VECTOR('',#3176,3.00930421);
#3178=LINE('',#2994,#3177);
#3179=EDGE_CURVE('',#2995,#3166,#3178,.T.);
#3180=ORIENTED_EDGE('',*,*,#3175,.F.);
#3181=ORIENTED_EDGE('',*,*,#3179,.F.);
#3182=ORIENTED_EDGE('',*,*,#3116,.T.);
#3183=EDGE_LOOP('',(#3180,#3181,#3182));
#3184=FACE_OUTER_BOUND('',#3183,.T.);
#3185=ADVANCED_FACE('',(#3184),#3171,.T.);
#3186=CARTESIAN_POINT('',(47.22836304,13.85194969,8));
#3187=VERTEX_POINT('',#3186);
#3188=CARTESIAN_POINT('',(47.2221489,10.84265232,8));
#3189=DIRECTION('',(0,0,1));
#3190=DIRECTION('',(1,0,0));
#3191=AXIS2_PLACEMENT_3D('',#3188,#3189,#3190);
#3192=PLANE('',#3191);
#3193=DIRECTION('',(0.00206498,0.99999787,0));
#3194=VECTOR('',#3193,3.00930379);
#3195=LINE('',#2937,#3194);
#3196=EDGE_CURVE('',#2938,#3187,#3195,.T.);
#3197=DIRECTION('',(0.2902876,-0.95693945,0));
#3198=VECTOR('',#3197,0.58810349);
#3199=LINE('',#3165,#3198);
#3200=EDGE_CURVE('',#3166,#3187,#3199,.T.);
#3201=ORIENTED_EDGE('',*,*,#3196,.T.);
#3202=ORIENTED_EDGE('',*,*,#3200,.F.);
#3203=ORIENTED_EDGE('',*,*,#3175,.T.);
#3204=EDGE_LOOP('',(#3201,#3202,#3203));
#3205=FACE_OUTER_BOUND('',#3204,.T.);
#3206=ADVANCED_FACE('',(#3205),#3192,.T.);
#3207=CARTESIAN_POINT('',(47.50559235,13.33328915,8));
#3208=VERTEX_POINT('',#3207);
#3209=CARTESIAN_POINT('',(47.2221489,10.84265232,8));
#3210=DIRECTION('',(0,0,1));
#3211=DIRECTION('',(1,0,0));
#3212=AXIS2_PLACEMENT_3D('',#3209,#3210,#3211);
#3213=PLANE('',#3212);
#3214=DIRECTION('',(0.63439344,-0.77301032,0));
#3215=VECTOR('',#3214,0.58810323);
#3216=LINE('',#3207,#3215);
#3217=EDGE_CURVE('',#3208,#3124,#3216,.T.);
#3218=DIRECTION('',(0.11307374,0.9935866,0));
#3219=VECTOR('',#3218,2.50671338);
#3220=LINE('',#2937,#3219);
#3221=EDGE_CURVE('',#2938,#3208,#3220,.T.);
#3222=ORIENTED_EDGE('',*,*,#3137,.T.);
#3223=ORIENTED_EDGE('',*,*,#3217,.F.);
#3224=ORIENTED_EDGE('',*,*,#3221,.F.);
#3225=EDGE_LOOP('',(#3222,#3223,#3224));
#3226=FACE_OUTER_BOUND('',#3225,.T.);
#3227=ADVANCED_FACE('',(#3226),#3213,.T.);
#3228=CARTESIAN_POINT('',(47.2221489,10.84265232,8));
#3229=DIRECTION('',(0,0,1));
#3230=DIRECTION('',(1,0,0));
#3231=AXIS2_PLACEMENT_3D('',#3228,#3229,#3230);
#3232=PLANE('',#3231);
#3233=DIRECTION('',(0.47139604,-0.88192164,0));
#3234=VECTOR('',#3233,0.58810276);
#3235=LINE('',#3186,#3234);
#3236=EDGE_CURVE('',#3187,#3208,#3235,.T.);
#3237=ORIENTED_EDGE('',*,*,#3221,.T.);
#3238=ORIENTED_EDGE('',*,*,#3236,.F.);
#3239=ORIENTED_EDGE('',*,*,#3196,.F.);
#3240=EDGE_LOOP('',(#3237,#3238,#3239));
#3241=FACE_OUTER_BOUND('',#3240,.T.);
#3242=ADVANCED_FACE('',(#3241),#3232,.T.);
#3243=CARTESIAN_POINT('',(45.38060379,13.08658314,8));
#3244=DIRECTION('',(-0.95693978,-0.2902865,0));
#3245=DIRECTION('',(0,0,1));
#3246=AXIS2_PLACEMENT_3D('',#3243,#3244,#3245);
#3247=PLANE('',#3246);
#3248=DIRECTION('',(0.2902865,-0.95693978,0));
#3249=VECTOR('',#3248,0.9801718);
#3250=LINE('',#3057,#3249);
#3251=EDGE_CURVE('',#3058,#3037,#3250,.T.);
#3252=ORIENTED_EDGE('',*,*,#3251,.F.);
#3253=ORIENTED_EDGE('',*,*,#3071,.F.);
#3254=ORIENTED_EDGE('',*,*,#3046,.T.);
#3255=EDGE_LOOP('',(#3252,#3253,#3254));
#3256=FACE_OUTER_BOUND('',#3255,.T.);
#3257=ADVANCED_FACE('',(#3256),#3247,.T.);
#3258=CARTESIAN_POINT('',(45,15,8));
#3259=VERTEX_POINT('',#3258);
#3260=CARTESIAN_POINT('',(45.09607315,14.02454853,8));
#3261=DIRECTION('',(-0.99518477,-0.0980167,0));
#3262=DIRECTION('',(0,0,1));
#3263=AXIS2_PLACEMENT_3D('',#3260,#3261,#3262);
#3264=PLANE('',#3263);
#3265=DIRECTION('',(0.0980167,-0.99518477,0));
#3266=VECTOR('',#3265,0.98017122);
#3267=LINE('',#3258,#3266);
#3268=EDGE_CURVE('',#3259,#3058,#3267,.T.);
#3269=DIRECTION('',(0,0,1));
#3270=VECTOR('',#3269,4);
#3271=LINE('',#1220,#3270);
#3272=EDGE_CURVE('',#1221,#3259,#3271,.T.);
#3273=ORIENTED_EDGE('',*,*,#3268,.F.);
#3274=ORIENTED_EDGE('',*,*,#3272,.F.);
#3275=ORIENTED_EDGE('',*,*,#3067,.T.);
#3276=EDGE_LOOP('',(#3273,#3274,#3275));
#3277=FACE_OUTER_BOUND('',#3276,.T.);
#3278=ADVANCED_FACE('',(#3277),#3264,.T.);
#3279=CARTESIAN_POINT('',(45.38060379,16.91341782,8));
#3280=VERTEX_POINT('',#3279);
#3281=CARTESIAN_POINT('',(45.38060379,13.08658314,8));
#3282=DIRECTION('',(0,0,1));
#3283=DIRECTION('',(1,0,0));
#3284=AXIS2_PLACEMENT_3D('',#3281,#3282,#3283);
#3285=PLANE('',#3284);
#3286=DIRECTION('',(0,1,0));
#3287=VECTOR('',#3286,3.82683468);
#3288=LINE('',#3036,#3287);
#3289=EDGE_CURVE('',#3037,#3280,#3288,.T.);
#3290=DIRECTION('',(0.09801777,0.99518466,0));
#3291=VECTOR('',#3290,2.90284747);
#3292=LINE('',#3057,#3291);
#3293=EDGE_CURVE('',#3058,#3280,#3292,.T.);
#3294=ORIENTED_EDGE('',*,*,#3289,.T.);
#3295=ORIENTED_EDGE('',*,*,#3293,.F.);
#3296=ORIENTED_EDGE('',*,*,#3251,.T.);
#3297=EDGE_LOOP('',(#3294,#3295,#3296));
#3298=FACE_OUTER_BOUND('',#3297,.T.);
#3299=ADVANCED_FACE('',(#3298),#3285,.T.);
#3300=CARTESIAN_POINT('',(45.84265137,17.7778511,8));
#3301=VERTEX_POINT('',#3300);
#3302=CARTESIAN_POINT('',(45.84265137,12.2221489,8));
#3303=DIRECTION('',(0,0,1));
#3304=DIRECTION('',(1,0,0));
#3305=AXIS2_PLACEMENT_3D('',#3302,#3303,#3304);
#3306=PLANE('',#3305);
#3307=DIRECTION('',(0,1,0));
#3308=VECTOR('',#3307,5.55570221);
#3309=LINE('',#3015,#3308);
#3310=EDGE_CURVE('',#3016,#3301,#3309,.T.);
#3311=DIRECTION('',(0.09801672,0.99518477,0));
#3312=VECTOR('',#3311,4.71396681);
#3313=LINE('',#3036,#3312);
#3314=EDGE_CURVE('',#3037,#3301,#3313,.T.);
#3315=ORIENTED_EDGE('',*,*,#3310,.T.);
#3316=ORIENTED_EDGE('',*,*,#3314,.F.);
#3317=ORIENTED_EDGE('',*,*,#3101,.T.);
#3318=EDGE_LOOP('',(#3315,#3316,#3317));
#3319=FACE_OUTER_BOUND('',#3318,.T.);
#3320=ADVANCED_FACE('',(#3319),#3306,.T.);
#3321=CARTESIAN_POINT('',(46.46446609,18.53553391,8));
#3322=VERTEX_POINT('',#3321);
#3323=CARTESIAN_POINT('',(45.84265137,12.2221489,8));
#3324=DIRECTION('',(0,0,1));
#3325=DIRECTION('',(1,0,0));
#3326=AXIS2_PLACEMENT_3D('',#3323,#3324,#3325);
#3327=PLANE('',#3326);
#3328=DIRECTION('',(0,1,0));
#3329=VECTOR('',#3328,7.07106781);
#3330=LINE('',#2994,#3329);
#3331=EDGE_CURVE('',#2995,#3322,#3330,.T.);
#3332=DIRECTION('',(0.09801723,0.99518472,0));
#3333=VECTOR('',#3332,6.34393284);
#3334=LINE('',#3015,#3333);
#3335=EDGE_CURVE('',#3016,#3322,#3334,.T.);
#3336=ORIENTED_EDGE('',*,*,#3086,.T.);
#3337=ORIENTED_EDGE('',*,*,#3331,.T.);
#3338=ORIENTED_EDGE('',*,*,#3335,.F.);
#3339=EDGE_LOOP('',(#3336,#3337,#3338));
#3340=FACE_OUTER_BOUND('',#3339,.T.);
#3341=ADVANCED_FACE('',(#3340),#3327,.T.);
#3342=CARTESIAN_POINT('',(47,15,8));
#3343=VERTEX_POINT('',#3342);
#3344=CARTESIAN_POINT('',(46.46446609,11.46446609,8));
#3345=DIRECTION('',(0,0,1));
#3346=DIRECTION('',(1,0,0));
#3347=AXIS2_PLACEMENT_3D('',#3344,#3345,#3346);
#3348=PLANE('',#3347);
#3349=DIRECTION('',(0.0980167,-0.99518477,0));
#3350=VECTOR('',#3349,0.58810273);
#3351=LINE('',#3342,#3350);
#3352=EDGE_CURVE('',#3343,#3166,#3351,.T.);
#3353=DIRECTION('',(0.14976354,0.98872184,0));
#3354=VECTOR('',#3353,3.57586305);
#3355=LINE('',#2994,#3354);
#3356=EDGE_CURVE('',#2995,#3343,#3355,.T.);
#3357=ORIENTED_EDGE('',*,*,#3179,.T.);
#3358=ORIENTED_EDGE('',*,*,#3352,.F.);
#3359=ORIENTED_EDGE('',*,*,#3356,.F.);
#3360=EDGE_LOOP('',(#3357,#3358,#3359));
#3361=FACE_OUTER_BOUND('',#3360,.T.);
#3362=ADVANCED_FACE('',(#3361),#3348,.T.);
#3363=CARTESIAN_POINT('',(47.05764389,15.58527088,8));
#3364=VERTEX_POINT('',#3363);
#3365=CARTESIAN_POINT('',(46.46446609,11.46446609,8));
#3366=DIRECTION('',(0,0,1));
#3367=DIRECTION('',(1,0,0));
#3368=AXIS2_PLACEMENT_3D('',#3365,#3366,#3367);
#3369=PLANE('',#3368);
#3370=DIRECTION('',(0.0980167,0.99518477,0));
#3371=VECTOR('',#3370,0.58810273);
#3372=LINE('',#3342,#3371);
#3373=EDGE_CURVE('',#3343,#3364,#3372,.T.);
#3374=DIRECTION('',(0.14247851,0.9897979,0));
#3375=VECTOR('',#3374,4.16327899);
#3376=LINE('',#2994,#3375);
#3377=EDGE_CURVE('',#2995,#3364,#3376,.T.);
#3378=ORIENTED_EDGE('',*,*,#3356,.T.);
#3379=ORIENTED_EDGE('',*,*,#3373,.T.);
#3380=ORIENTED_EDGE('',*,*,#3377,.F.);
#3381=EDGE_LOOP('',(#3378,#3379,#3380));
#3382=FACE_OUTER_BOUND('',#3381,.T.);
#3383=ADVANCED_FACE('',(#3382),#3369,.T.);
#3384=CARTESIAN_POINT('',(49.02454758,10.09607315,8));
#3385=VERTEX_POINT('',#3384);
#3386=CARTESIAN_POINT('',(49.02454758,10.09607315,8));
#3387=DIRECTION('',(-0.29028472,-0.95694032,0));
#3388=DIRECTION('',(0,0,1));
#3389=AXIS2_PLACEMENT_3D('',#3386,#3387,#3388);
#3390=PLANE('',#3389);
#3391=DIRECTION('',(0.22775319,-0.06908819,0.9712648));
#3392=VECTOR('',#3391,4.11834137);
#3393=LINE('',#465,#3392);
#3394=EDGE_CURVE('',#466,#3385,#3393,.T.);
#3395=DIRECTION('',(0,0,1));
#3396=VECTOR('',#3395,4);
#3397=LINE('',#501,#3396);
#3398=EDGE_CURVE('',#502,#3385,#3397,.T.);
#3399=ORIENTED_EDGE('',*,*,#3394,.F.);
#3400=ORIENTED_EDGE('',*,*,#515,.T.);
#3401=ORIENTED_EDGE('',*,*,#3398,.T.);
#3402=EDGE_LOOP('',(#3399,#3400,#3401));
#3403=FACE_OUTER_BOUND('',#3402,.T.);
#3404=ADVANCED_FACE('',(#3403),#3390,.T.);
#3405=CARTESIAN_POINT('',(50,10,8));
#3406=DIRECTION('',(-0.09801661,-0.99518478,0));
#3407=DIRECTION('',(0,0,1));
#3408=AXIS2_PLACEMENT_3D('',#3405,#3406,#3407);
#3409=PLANE('',#3408);
#3410=DIRECTION('',(0.23685564,-0.02332812,0.97126475));
#3411=VECTOR('',#3410,4.11834159);
#3412=LINE('',#501,#3411);
#3413=EDGE_CURVE('',#502,#2791,#3412,.T.);
#3414=ORIENTED_EDGE('',*,*,#3413,.F.);
#3415=ORIENTED_EDGE('',*,*,#530,.T.);
#3416=ORIENTED_EDGE('',*,*,#2804,.T.);
#3417=EDGE_LOOP('',(#3414,#3415,#3416));
#3418=FACE_OUTER_BOUND('',#3417,.T.);
#3419=ADVANCED_FACE('',(#3418),#3409,.T.);
#3420=CARTESIAN_POINT('',(48.08658218,10.38060188,8));
#3421=DIRECTION('',(-0.29028472,-0.95694032,0));
#3422=DIRECTION('',(0,0,1));
#3423=AXIS2_PLACEMENT_3D('',#3420,#3421,#3422);
#3424=PLANE('',#3423);
#3425=DIRECTION('',(0.95694032,-0.29028472,0));
#3426=VECTOR('',#3425,0.98017125);
#3427=LINE('',#2958,#3426);
#3428=EDGE_CURVE('',#2959,#3385,#3427,.T.);
#3429=ORIENTED_EDGE('',*,*,#2972,.F.);
#3430=ORIENTED_EDGE('',*,*,#3394,.T.);
#3431=ORIENTED_EDGE('',*,*,#3428,.F.);
#3432=EDGE_LOOP('',(#3429,#3430,#3431));
#3433=FACE_OUTER_BOUND('',#3432,.T.);
#3434=ADVANCED_FACE('',(#3433),#3424,.T.);
#3435=CARTESIAN_POINT('',(49.02454758,10.09607315,8));
#3436=DIRECTION('',(-0.09801661,-0.99518478,0));
#3437=DIRECTION('',(0,0,1));
#3438=AXIS2_PLACEMENT_3D('',#3435,#3436,#3437);
#3439=PLANE('',#3438);
#3440=DIRECTION('',(0.99518478,-0.09801661,0));
#3441=VECTOR('',#3440,0.98017217);
#3442=LINE('',#3384,#3441);
#3443=EDGE_CURVE('',#3385,#2791,#3442,.T.);
#3444=ORIENTED_EDGE('',*,*,#3398,.F.);
#3445=ORIENTED_EDGE('',*,*,#3413,.T.);
#3446=ORIENTED_EDGE('',*,*,#3443,.F.);
#3447=EDGE_LOOP('',(#3444,#3445,#3446));
#3448=FACE_OUTER_BOUND('',#3447,.T.);
#3449=ADVANCED_FACE('',(#3448),#3439,.T.);
#3450=CARTESIAN_POINT('',(48.8519516,12.22836113,8));
#3451=VERTEX_POINT('',#3450);
#3452=CARTESIAN_POINT('',(48.08658218,10.38060188,8));
#3453=DIRECTION('',(0,0,1));
#3454=DIRECTION('',(1,0,0));
#3455=AXIS2_PLACEMENT_3D('',#3452,#3453,#3454);
#3456=PLANE('',#3455);
#3457=DIRECTION('',(0.08068015,-0.99674004,0));
#3458=VECTOR('',#3457,2.13926188);
#3459=LINE('',#3450,#3458);
#3460=EDGE_CURVE('',#3451,#3385,#3459,.T.);
#3461=DIRECTION('',(0.38268449,0.92387909,0));
#3462=VECTOR('',#3461,2.00000114);
#3463=LINE('',#2958,#3462);
#3464=EDGE_CURVE('',#2959,#3451,#3463,.T.);
#3465=ORIENTED_EDGE('',*,*,#3428,.T.);
#3466=ORIENTED_EDGE('',*,*,#3460,.F.);
#3467=ORIENTED_EDGE('',*,*,#3464,.F.);
#3468=EDGE_LOOP('',(#3465,#3466,#3467));
#3469=FACE_OUTER_BOUND('',#3468,.T.);
#3470=ADVANCED_FACE('',(#3469),#3456,.T.);
#3471=CARTESIAN_POINT('',(49.41473007,12.05764389,8));
#3472=VERTEX_POINT('',#3471);
#3473=CARTESIAN_POINT('',(49.02454758,10.09607315,8));
#3474=DIRECTION('',(0,0,1));
#3475=DIRECTION('',(1,0,0));
#3476=AXIS2_PLACEMENT_3D('',#3473,#3474,#3475);
#3477=PLANE('',#3476);
#3478=DIRECTION('',(0.27358505,-0.96184782,0));
#3479=VECTOR('',#3478,2.13926138);
#3480=LINE('',#3471,#3479);
#3481=EDGE_CURVE('',#3472,#2791,#3480,.T.);
#3482=DIRECTION('',(0.1950912,0.98078511,0));
#3483=VECTOR('',#3482,2.00000054);
#3484=LINE('',#3384,#3483);
#3485=EDGE_CURVE('',#3385,#3472,#3484,.T.);
#3486=ORIENTED_EDGE('',*,*,#3443,.T.);
#3487=ORIENTED_EDGE('',*,*,#3481,.F.);
#3488=ORIENTED_EDGE('',*,*,#3485,.F.);
#3489=EDGE_LOOP('',(#3486,#3487,#3488));
#3490=FACE_OUTER_BOUND('',#3489,.T.);
#3491=ADVANCED_FACE('',(#3490),#3477,.T.);
#3492=CARTESIAN_POINT('',(50,12,8));
#3493=VERTEX_POINT('',#3492);
#3494=CARTESIAN_POINT('',(50,10,8));
#3495=DIRECTION('',(0,0,1));
#3496=DIRECTION('',(1,0,0));
#3497=AXIS2_PLACEMENT_3D('',#3494,#3495,#3496);
#3498=PLANE('',#3497);
#3499=DIRECTION('',(0.45597599,-0.88999208,0));
#3500=VECTOR('',#3499,2.13926269);
#3501=LINE('',#3492,#3500);
#3502=EDGE_CURVE('',#3493,#2638,#3501,.T.);
#3503=DIRECTION('',(0,1,0));
#3504=VECTOR('',#3503,2);
#3505=LINE('',#2790,#3504);
#3506=EDGE_CURVE('',#2791,#3493,#3505,.T.);
#3507=ORIENTED_EDGE('',*,*,#2819,.T.);
#3508=ORIENTED_EDGE('',*,*,#3502,.F.);
#3509=ORIENTED_EDGE('',*,*,#3506,.F.);
#3510=EDGE_LOOP('',(#3507,#3508,#3509));
#3511=FACE_OUTER_BOUND('',#3510,.T.);
#3512=ADVANCED_FACE('',(#3511),#3498,.T.);
#3513=CARTESIAN_POINT('',(51.1480484,12.22836113,8));
#3514=VERTEX_POINT('',#3513);
#3515=CARTESIAN_POINT('',(50.97545242,10.09607315,8));
#3516=DIRECTION('',(0,0,1));
#3517=DIRECTION('',(1,0,0));
#3518=AXIS2_PLACEMENT_3D('',#3515,#3516,#3517);
#3519=PLANE('',#3518);
#3520=DIRECTION('',(0.38268449,-0.92387909,0));
#3521=VECTOR('',#3520,2.00000114);
#3522=LINE('',#3513,#3521);
#3523=EDGE_CURVE('',#3514,#2659,#3522,.T.);
#3524=DIRECTION('',(0.08068015,0.99674004,0));
#3525=VECTOR('',#3524,2.13926188);
#3526=LINE('',#2637,#3525);
#3527=EDGE_CURVE('',#2638,#3514,#3526,.T.);
#3528=ORIENTED_EDGE('',*,*,#2834,.T.);
#3529=ORIENTED_EDGE('',*,*,#3523,.F.);
#3530=ORIENTED_EDGE('',*,*,#3527,.F.);
#3531=EDGE_LOOP('',(#3528,#3529,#3530));
#3532=FACE_OUTER_BOUND('',#3531,.T.);
#3533=ADVANCED_FACE('',(#3532),#3519,.T.);
#3534=CARTESIAN_POINT('',(48.08658218,10.38060188,8));
#3535=DIRECTION('',(0,0,1));
#3536=DIRECTION('',(1,0,0));
#3537=AXIS2_PLACEMENT_3D('',#3534,#3535,#3536);
#3538=PLANE('',#3537);
#3539=DIRECTION('',(0.88192132,-0.47139663,0));
#3540=VECTOR('',#3539,0.58810405);
#3541=LINE('',#3144,#3540);
#3542=EDGE_CURVE('',#3145,#3451,#3541,.T.);
#3543=ORIENTED_EDGE('',*,*,#3464,.T.);
#3544=ORIENTED_EDGE('',*,*,#3542,.F.);
#3545=ORIENTED_EDGE('',*,*,#3154,.F.);
#3546=EDGE_LOOP('',(#3543,#3544,#3545));
#3547=FACE_OUTER_BOUND('',#3546,.T.);
#3548=ADVANCED_FACE('',(#3547),#3538,.T.);
#3549=CARTESIAN_POINT('',(49.02454758,10.09607315,8));
#3550=DIRECTION('',(0,0,1));
#3551=DIRECTION('',(1,0,0));
#3552=AXIS2_PLACEMENT_3D('',#3549,#3550,#3551);
#3553=PLANE('',#3552);
#3554=DIRECTION('',(0.95694021,-0.29028508,0));
#3555=VECTOR('',#3554,0.58810202);
#3556=LINE('',#3450,#3555);
#3557=EDGE_CURVE('',#3451,#3472,#3556,.T.);
#3558=ORIENTED_EDGE('',*,*,#3485,.T.);
#3559=ORIENTED_EDGE('',*,*,#3557,.F.);
#3560=ORIENTED_EDGE('',*,*,#3460,.T.);
#3561=EDGE_LOOP('',(#3558,#3559,#3560));
#3562=FACE_OUTER_BOUND('',#3561,.T.);
#3563=ADVANCED_FACE('',(#3562),#3553,.T.);
#3564=CARTESIAN_POINT('',(49.41473007,12.05764389,8));
#3565=DIRECTION('',(0,0,1));
#3566=DIRECTION('',(1,0,0));
#3567=AXIS2_PLACEMENT_3D('',#3564,#3565,#3566);
#3568=PLANE('',#3567);
#3569=DIRECTION('',(0.99518475,-0.09801686,0));
#3570=VECTOR('',#3569,0.58810178);
#3571=LINE('',#3471,#3570);
#3572=EDGE_CURVE('',#3472,#3493,#3571,.T.);
#3573=ORIENTED_EDGE('',*,*,#3481,.T.);
#3574=ORIENTED_EDGE('',*,*,#3506,.T.);
#3575=ORIENTED_EDGE('',*,*,#3572,.F.);
#3576=EDGE_LOOP('',(#3573,#3574,#3575));
#3577=FACE_OUTER_BOUND('',#3576,.T.);
#3578=ADVANCED_FACE('',(#3577),#3568,.T.);
#3579=CARTESIAN_POINT('',(50.58526993,12.05764389,8));
#3580=VERTEX_POINT('',#3579);
#3581=CARTESIAN_POINT('',(50.97545242,10.09607315,8));
#3582=DIRECTION('',(0,0,1));
#3583=DIRECTION('',(1,0,0));
#3584=AXIS2_PLACEMENT_3D('',#3581,#3582,#3583);
#3585=PLANE('',#3584);
#3586=DIRECTION('',(0.1950912,-0.98078511,0));
#3587=VECTOR('',#3586,2.00000054);
#3588=LINE('',#3579,#3587);
#3589=EDGE_CURVE('',#3580,#2638,#3588,.T.);
#3590=DIRECTION('',(0.99518475,0.09801686,0));
#3591=VECTOR('',#3590,0.58810178);
#3592=LINE('',#3492,#3591);
#3593=EDGE_CURVE('',#3493,#3580,#3592,.T.);
#3594=ORIENTED_EDGE('',*,*,#3589,.F.);
#3595=ORIENTED_EDGE('',*,*,#3593,.F.);
#3596=ORIENTED_EDGE('',*,*,#3502,.T.);
#3597=EDGE_LOOP('',(#3594,#3595,#3596));
#3598=FACE_OUTER_BOUND('',#3597,.T.);
#3599=ADVANCED_FACE('',(#3598),#3585,.T.);
#3600=CARTESIAN_POINT('',(50.97545242,10.09607315,8));
#3601=DIRECTION('',(0,0,1));
#3602=DIRECTION('',(1,0,0));
#3603=AXIS2_PLACEMENT_3D('',#3600,#3601,#3602);
#3604=PLANE('',#3603);
#3605=DIRECTION('',(0.95694021,0.29028508,0));
#3606=VECTOR('',#3605,0.58810202);
#3607=LINE('',#3579,#3606);
#3608=EDGE_CURVE('',#3580,#3514,#3607,.T.);
#3609=ORIENTED_EDGE('',*,*,#3527,.T.);
#3610=ORIENTED_EDGE('',*,*,#3608,.F.);
#3611=ORIENTED_EDGE('',*,*,#3589,.T.);
#3612=EDGE_LOOP('',(#3609,#3610,#3611));
#3613=FACE_OUTER_BOUND('',#3612,.T.);
#3614=ADVANCED_FACE('',(#3613),#3604,.T.);
#3615=CARTESIAN_POINT('',(51.6667099,12.50559139,8));
#3616=VERTEX_POINT('',#3615);
#3617=CARTESIAN_POINT('',(51.1480484,12.22836113,8));
#3618=DIRECTION('',(0,0,1));
#3619=DIRECTION('',(1,0,0));
#3620=AXIS2_PLACEMENT_3D('',#3617,#3618,#3619);
#3621=PLANE('',#3620);
#3622=DIRECTION('',(0.1153238,-0.99332795,0));
#3623=VECTOR('',#3622,2.13926277);
#3624=LINE('',#3615,#3623);
#3625=EDGE_CURVE('',#3616,#2659,#3624,.T.);
#3626=DIRECTION('',(0.88192132,0.47139663,0));
#3627=VECTOR('',#3626,0.58810405);
#3628=LINE('',#3513,#3627);
#3629=EDGE_CURVE('',#3514,#3616,#3628,.T.);
#3630=ORIENTED_EDGE('',*,*,#3523,.T.);
#3631=ORIENTED_EDGE('',*,*,#3625,.F.);
#3632=ORIENTED_EDGE('',*,*,#3629,.F.);
#3633=EDGE_LOOP('',(#3630,#3631,#3632));
#3634=FACE_OUTER_BOUND('',#3633,.T.);
#3635=ADVANCED_FACE('',(#3634),#3621,.T.);
#3636=CARTESIAN_POINT('',(52.12131882,12.87867928,8));
#3637=VERTEX_POINT('',#3636);
#3638=CARTESIAN_POINT('',(51.91341782,10.38060188,8));
#3639=DIRECTION('',(0,0,1));
#3640=DIRECTION('',(1,0,0));
#3641=AXIS2_PLACEMENT_3D('',#3638,#3639,#3640);
#3642=PLANE('',#3641);
#3643=DIRECTION('',(0.30689668,-0.95174284,0));
#3644=VECTOR('',#3643,2.13926165);
#3645=LINE('',#3636,#3644);
#3646=EDGE_CURVE('',#3637,#2680,#3645,.T.);
#3647=DIRECTION('',(0.08293767,0.99655474,0));
#3648=VECTOR('',#3647,2.50671368);
#3649=LINE('',#2658,#3648);
#3650=EDGE_CURVE('',#2659,#3637,#3649,.T.);
#3651=ORIENTED_EDGE('',*,*,#2849,.T.);
#3652=ORIENTED_EDGE('',*,*,#3646,.F.);
#3653=ORIENTED_EDGE('',*,*,#3650,.F.);
#3654=EDGE_LOOP('',(#3651,#3652,#3653));
#3655=FACE_OUTER_BOUND('',#3654,.T.);
#3656=ADVANCED_FACE('',(#3655),#3642,.T.);
#3657=CARTESIAN_POINT('',(51.91341782,10.38060188,8));
#3658=DIRECTION('',(0,0,1));
#3659=DIRECTION('',(1,0,0));
#3660=AXIS2_PLACEMENT_3D('',#3657,#3658,#3659);
#3661=PLANE('',#3660);
#3662=DIRECTION('',(0.77301046,0.63439327,0));
#3663=VECTOR('',#3662,0.58810189);
#3664=LINE('',#3615,#3663);
#3665=EDGE_CURVE('',#3616,#3637,#3664,.T.);
#3666=ORIENTED_EDGE('',*,*,#3650,.T.);
#3667=ORIENTED_EDGE('',*,*,#3665,.F.);
#3668=ORIENTED_EDGE('',*,*,#3625,.T.);
#3669=EDGE_LOOP('',(#3666,#3667,#3668));
#3670=FACE_OUTER_BOUND('',#3669,.T.);
#3671=ADVANCED_FACE('',(#3670),#3661,.T.);
#3672=CARTESIAN_POINT('',(52.49440765,13.33328915,8));
#3673=VERTEX_POINT('',#3672);
#3674=CARTESIAN_POINT('',(52.12131882,12.87867928,8));
#3675=DIRECTION('',(0,0,1));
#3676=DIRECTION('',(1,0,0));
#3677=AXIS2_PLACEMENT_3D('',#3674,#3675,#3676);
#3678=PLANE('',#3677);
#3679=DIRECTION('',(0.11307374,-0.9935866,0));
#3680=VECTOR('',#3679,2.50671338);
#3681=LINE('',#3672,#3680);
#3682=EDGE_CURVE('',#3673,#2680,#3681,.T.);
#3683=DIRECTION('',(0.63439344,0.77301032,0));
#3684=VECTOR('',#3683,0.58810323);
#3685=LINE('',#3636,#3684);
#3686=EDGE_CURVE('',#3637,#3673,#3685,.T.);
#3687=ORIENTED_EDGE('',*,*,#3646,.T.);
#3688=ORIENTED_EDGE('',*,*,#3682,.F.);
#3689=ORIENTED_EDGE('',*,*,#3686,.F.);
#3690=EDGE_LOOP('',(#3687,#3688,#3689));
#3691=FACE_OUTER_BOUND('',#3690,.T.);
#3692=ADVANCED_FACE('',(#3691),#3678,.T.);
#3693=CARTESIAN_POINT('',(52.77163696,13.85194969,8));
#3694=VERTEX_POINT('',#3693);
#3695=CARTESIAN_POINT('',(52.49440765,13.33328915,8));
#3696=DIRECTION('',(0,0,1));
#3697=DIRECTION('',(1,0,0));
#3698=AXIS2_PLACEMENT_3D('',#3695,#3696,#3697);
#3699=PLANE('',#3698);
#3700=DIRECTION('',(0.00206498,-0.99999787,0));
#3701=VECTOR('',#3700,3.00930379);
#3702=LINE('',#3693,#3701);
#3703=EDGE_CURVE('',#3694,#2680,#3702,.T.);
#3704=DIRECTION('',(0.47139604,0.88192164,0));
#3705=VECTOR('',#3704,0.58810276);
#3706=LINE('',#3672,#3705);
#3707=EDGE_CURVE('',#3673,#3694,#3706,.T.);
#3708=ORIENTED_EDGE('',*,*,#3682,.T.);
#3709=ORIENTED_EDGE('',*,*,#3703,.F.);
#3710=ORIENTED_EDGE('',*,*,#3707,.F.);
#3711=EDGE_LOOP('',(#3708,#3709,#3710));
#3712=FACE_OUTER_BOUND('',#3711,.T.);
#3713=ADVANCED_FACE('',(#3712),#3699,.T.);
#3714=CARTESIAN_POINT('',(52.94235611,14.41472912,8));
#3715=VERTEX_POINT('',#3714);
#3716=CARTESIAN_POINT('',(52.7778511,10.84265232,8));
#3717=DIRECTION('',(0,0,1));
#3718=DIRECTION('',(1,0,0));
#3719=AXIS2_PLACEMENT_3D('',#3716,#3717,#3718);
#3720=PLANE('',#3719);
#3721=DIRECTION('',(0.04600428,0.99894124,0));
#3722=VECTOR('',#3721,3.57586277);
#3723=LINE('',#2679,#3722);
#3724=EDGE_CURVE('',#2680,#3715,#3723,.T.);
#3725=DIRECTION('',(0.2902876,0.95693945,0));
#3726=VECTOR('',#3725,0.58810349);
#3727=LINE('',#3693,#3726);
#3728=EDGE_CURVE('',#3694,#3715,#3727,.T.);
#3729=ORIENTED_EDGE('',*,*,#3724,.T.);
#3730=ORIENTED_EDGE('',*,*,#3728,.F.);
#3731=ORIENTED_EDGE('',*,*,#3703,.T.);
#3732=EDGE_LOOP('',(#3729,#3730,#3731));
#3733=FACE_OUTER_BOUND('',#3732,.T.);
#3734=ADVANCED_FACE('',(#3733),#3720,.T.);
#3735=CARTESIAN_POINT('',(53.53553391,18.53553391,8));
#3736=VERTEX_POINT('',#3735);
#3737=CARTESIAN_POINT('',(52.7778511,10.84265232,8));
#3738=DIRECTION('',(0,0,1));
#3739=DIRECTION('',(1,0,0));
#3740=AXIS2_PLACEMENT_3D('',#3737,#3738,#3739);
#3741=PLANE('',#3740);
#3742=DIRECTION('',(0.09801715,0.99518473,0));
#3743=VECTOR('',#3742,7.73010416);
#3744=LINE('',#2679,#3743);
#3745=EDGE_CURVE('',#2680,#3736,#3744,.T.);
#3746=DIRECTION('',(0.14247851,0.9897979,0));
#3747=VECTOR('',#3746,4.16327899);
#3748=LINE('',#3714,#3747);
#3749=EDGE_CURVE('',#3715,#3736,#3748,.T.);
#3750=ORIENTED_EDGE('',*,*,#3745,.T.);
#3751=ORIENTED_EDGE('',*,*,#3749,.F.);
#3752=ORIENTED_EDGE('',*,*,#3724,.F.);
#3753=EDGE_LOOP('',(#3750,#3751,#3752));
#3754=FACE_OUTER_BOUND('',#3753,.T.);
#3755=ADVANCED_FACE('',(#3754),#3741,.T.);
#3756=CARTESIAN_POINT('',(52.7778511,10.84265232,8));
#3757=DIRECTION('',(0,0,1));
#3758=DIRECTION('',(1,0,0));
#3759=AXIS2_PLACEMENT_3D('',#3756,#3757,#3758);
#3760=PLANE('',#3759);
#3761=DIRECTION('',(0,1,0));
#3762=VECTOR('',#3761,7.07106781);
#3763=LINE('',#2700,#3762);
#3764=EDGE_CURVE('',#2701,#3736,#3763,.T.);
#3765=ORIENTED_EDGE('',*,*,#2864,.T.);
#3766=ORIENTED_EDGE('',*,*,#3764,.T.);
#3767=ORIENTED_EDGE('',*,*,#3745,.F.);
#3768=EDGE_LOOP('',(#3765,#3766,#3767));
#3769=FACE_OUTER_BOUND('',#3768,.T.);
#3770=ADVANCED_FACE('',(#3769),#3760,.T.);
#3771=CARTESIAN_POINT('',(54.15734863,17.7778511,8));
#3772=VERTEX_POINT('',#3771);
#3773=CARTESIAN_POINT('',(53.53553391,11.46446609,8));
#3774=DIRECTION('',(0,0,1));
#3775=DIRECTION('',(1,0,0));
#3776=AXIS2_PLACEMENT_3D('',#3773,#3774,#3775);
#3777=PLANE('',#3776);
#3778=DIRECTION('',(0,1,0));
#3779=VECTOR('',#3778,5.55570221);
#3780=LINE('',#2721,#3779);
#3781=EDGE_CURVE('',#2722,#3772,#3780,.T.);
#3782=DIRECTION('',(0.09801723,0.99518472,0));
#3783=VECTOR('',#3782,6.34393284);
#3784=LINE('',#2700,#3783);
#3785=EDGE_CURVE('',#2701,#3772,#3784,.T.);
#3786=ORIENTED_EDGE('',*,*,#2879,.T.);
#3787=ORIENTED_EDGE('',*,*,#3781,.T.);
#3788=ORIENTED_EDGE('',*,*,#3785,.F.);
#3789=EDGE_LOOP('',(#3786,#3787,#3788));
#3790=FACE_OUTER_BOUND('',#3789,.T.);
#3791=ADVANCED_FACE('',(#3790),#3777,.T.);
#3792=CARTESIAN_POINT('',(54.61939621,16.91341782,8));
#3793=VERTEX_POINT('',#3792);
#3794=CARTESIAN_POINT('',(54.15734863,12.2221489,8));
#3795=DIRECTION('',(0,0,1));
#3796=DIRECTION('',(1,0,0));
#3797=AXIS2_PLACEMENT_3D('',#3794,#3795,#3796);
#3798=PLANE('',#3797);
#3799=DIRECTION('',(0,1,0));
#3800=VECTOR('',#3799,3.82683468);
#3801=LINE('',#2742,#3800);
#3802=EDGE_CURVE('',#2743,#3793,#3801,.T.);
#3803=DIRECTION('',(0.0980167,0.99518477,0));
#3804=VECTOR('',#3803,4.71396776);
#3805=LINE('',#2721,#3804);
#3806=EDGE_CURVE('',#2722,#3793,#3805,.T.);
#3807=ORIENTED_EDGE('',*,*,#2894,.T.);
#3808=ORIENTED_EDGE('',*,*,#3802,.T.);
#3809=ORIENTED_EDGE('',*,*,#3806,.F.);
#3810=EDGE_LOOP('',(#3807,#3808,#3809));
#3811=FACE_OUTER_BOUND('',#3810,.T.);
#3812=ADVANCED_FACE('',(#3811),#3798,.T.);
#3813=CARTESIAN_POINT('',(54.90392685,15.97545147,8));
#3814=VERTEX_POINT('',#3813);
#3815=CARTESIAN_POINT('',(54.61939621,13.08658314,8));
#3816=DIRECTION('',(0,0,1));
#3817=DIRECTION('',(1,0,0));
#3818=AXIS2_PLACEMENT_3D('',#3815,#3816,#3817);
#3819=PLANE('',#3818);
#3820=DIRECTION('',(0,1,0));
#3821=VECTOR('',#3820,1.95090294);
#3822=LINE('',#2765,#3821);
#3823=EDGE_CURVE('',#2766,#3814,#3822,.T.);
#3824=DIRECTION('',(0.0980178,0.99518466,0));
#3825=VECTOR('',#3824,2.90284652);
#3826=LINE('',#2742,#3825);
#3827=EDGE_CURVE('',#2743,#3814,#3826,.T.);
#3828=ORIENTED_EDGE('',*,*,#2909,.T.);
#3829=ORIENTED_EDGE('',*,*,#3823,.T.);
#3830=ORIENTED_EDGE('',*,*,#3827,.F.);
#3831=EDGE_LOOP('',(#3828,#3829,#3830));
#3832=FACE_OUTER_BOUND('',#3831,.T.);
#3833=ADVANCED_FACE('',(#3832),#3819,.T.);
#3834=CARTESIAN_POINT('',(45.09607315,15.97545147,-4));
#3835=VERTEX_POINT('',#3834);
#3836=CARTESIAN_POINT('',(45.09607315,14.02454853,-4));
#3837=DIRECTION('',(0,0,-1));
#3838=DIRECTION('',(1,0,0));
#3839=AXIS2_PLACEMENT_3D('',#3836,#3837,#3838);
#3840=PLANE('',#3839);
#3841=DIRECTION('',(0.0980167,0.99518477,0));
#3842=VECTOR('',#3841,0.98017122);
#3843=LINE('',#2004,#3842);
#3844=EDGE_CURVE('',#2005,#3835,#3843,.T.);
#3845=DIRECTION('',(0,1,0));
#3846=VECTOR('',#3845,1.95090294);
#3847=LINE('',#1874,#3846);
#3848=EDGE_CURVE('',#1875,#3835,#3847,.T.);
#3849=ORIENTED_EDGE('',*,*,#2022,.F.);
#3850=ORIENTED_EDGE('',*,*,#3844,.T.);
#3851=ORIENTED_EDGE('',*,*,#3848,.F.);
#3852=EDGE_LOOP('',(#3849,#3850,#3851));
#3853=FACE_OUTER_BOUND('',#3852,.T.);
#3854=ADVANCED_FACE('',(#3853),#3840,.T.);
#3855=CARTESIAN_POINT('',(45.09607315,14.02454853,-4));
#3856=DIRECTION('',(0,0,-1));
#3857=DIRECTION('',(1,0,0));
#3858=AXIS2_PLACEMENT_3D('',#3855,#3856,#3857);
#3859=PLANE('',#3858);
#3860=DIRECTION('',(0.29028623,0.95693987,0));
#3861=VECTOR('',#3860,0.98017272);
#3862=LINE('',#3834,#3861);
#3863=EDGE_CURVE('',#3835,#1877,#3862,.T.);
#3864=ORIENTED_EDGE('',*,*,#3848,.T.);
#3865=ORIENTED_EDGE('',*,*,#3863,.T.);
#3866=ORIENTED_EDGE('',*,*,#1890,.F.);
#3867=EDGE_LOOP('',(#3864,#3865,#3866));
#3868=FACE_OUTER_BOUND('',#3867,.T.);
#3869=ADVANCED_FACE('',(#3868),#3859,.T.);
#3870=CARTESIAN_POINT('',(45.38060379,13.08658314,-4));
#3871=DIRECTION('',(0,0,-1));
#3872=DIRECTION('',(1,0,0));
#3873=AXIS2_PLACEMENT_3D('',#3870,#3871,#3872);
#3874=PLANE('',#3873);
#3875=DIRECTION('',(0.47139543,0.88192196,0));
#3876=VECTOR('',#3875,0.98016982);
#3877=LINE('',#1876,#3876);
#3878=EDGE_CURVE('',#1877,#1902,#3877,.T.);
#3879=ORIENTED_EDGE('',*,*,#1894,.T.);
#3880=ORIENTED_EDGE('',*,*,#3878,.T.);
#3881=ORIENTED_EDGE('',*,*,#1911,.F.);
#3882=EDGE_LOOP('',(#3879,#3880,#3881));
#3883=FACE_OUTER_BOUND('',#3882,.T.);
#3884=ADVANCED_FACE('',(#3883),#3874,.T.);
#3885=CARTESIAN_POINT('',(45.84265137,12.2221489,-4));
#3886=DIRECTION('',(0,0,-1));
#3887=DIRECTION('',(1,0,0));
#3888=AXIS2_PLACEMENT_3D('',#3885,#3886,#3887);
#3889=PLANE('',#3888);
#3890=DIRECTION('',(0.6343936,0.77301019,0));
#3891=VECTOR('',#3890,0.98017181);
#3892=LINE('',#1901,#3891);
#3893=EDGE_CURVE('',#1902,#1923,#3892,.T.);
#3894=ORIENTED_EDGE('',*,*,#1915,.T.);
#3895=ORIENTED_EDGE('',*,*,#3893,.T.);
#3896=ORIENTED_EDGE('',*,*,#1932,.F.);
#3897=EDGE_LOOP('',(#3894,#3895,#3896));
#3898=FACE_OUTER_BOUND('',#3897,.T.);
#3899=ADVANCED_FACE('',(#3898),#3889,.T.);
#3900=CARTESIAN_POINT('',(47.2221489,19.15734863,-4));
#3901=VERTEX_POINT('',#3900);
#3902=CARTESIAN_POINT('',(46.46446609,11.46446609,-4));
#3903=DIRECTION('',(0,0,-1));
#3904=DIRECTION('',(1,0,0));
#3905=AXIS2_PLACEMENT_3D('',#3902,#3903,#3904);
#3906=PLANE('',#3905);
#3907=DIRECTION('',(0.09801714,0.99518473,0));
#3908=VECTOR('',#3907,7.73010511);
#3909=LINE('',#1691,#3908);
#3910=EDGE_CURVE('',#1692,#3901,#3909,.T.);
#3911=DIRECTION('',(0.05335911,0.99857539,0));
#3912=VECTOR('',#3911,4.16327969);
#3913=LINE('',#1964,#3912);
#3914=EDGE_CURVE('',#1965,#3901,#3913,.T.);
#3915=ORIENTED_EDGE('',*,*,#3910,.T.);
#3916=ORIENTED_EDGE('',*,*,#3914,.F.);
#3917=ORIENTED_EDGE('',*,*,#1974,.F.);
#3918=EDGE_LOOP('',(#3915,#3916,#3917));
#3919=FACE_OUTER_BOUND('',#3918,.T.);
#3920=ADVANCED_FACE('',(#3919),#3906,.T.);
#3921=CARTESIAN_POINT('',(46.46446609,11.46446609,-4));
#3922=DIRECTION('',(0,0,-1));
#3923=DIRECTION('',(1,0,0));
#3924=AXIS2_PLACEMENT_3D('',#3921,#3922,#3923);
#3925=PLANE('',#3924);
#3926=DIRECTION('',(0.77301019,0.6343936,0));
#3927=VECTOR('',#3926,0.98017181);
#3928=LINE('',#1922,#3927);
#3929=EDGE_CURVE('',#1923,#3901,#3928,.T.);
#3930=ORIENTED_EDGE('',*,*,#1936,.T.);
#3931=ORIENTED_EDGE('',*,*,#3929,.T.);
#3932=ORIENTED_EDGE('',*,*,#3910,.F.);
#3933=EDGE_LOOP('',(#3930,#3931,#3932));
#3934=FACE_OUTER_BOUND('',#3933,.T.);
#3935=ADVANCED_FACE('',(#3934),#3925,.T.);
#3936=CARTESIAN_POINT('',(47.05764389,15.58527088,-4));
#3937=VERTEX_POINT('',#3936);
#3938=CARTESIAN_POINT('',(47,15,-4));
#3939=DIRECTION('',(0,0,-1));
#3940=DIRECTION('',(1,0,0));
#3941=AXIS2_PLACEMENT_3D('',#3938,#3939,#3940);
#3942=PLANE('',#3941);
#3943=DIRECTION('',(0.04600427,0.99894124,0));
#3944=VECTOR('',#3943,3.57586372);
#3945=LINE('',#3936,#3944);
#3946=EDGE_CURVE('',#3937,#3901,#3945,.T.);
#3947=DIRECTION('',(0.0980167,0.99518477,0));
#3948=VECTOR('',#3947,0.58810273);
#3949=LINE('',#1964,#3948);
#3950=EDGE_CURVE('',#1965,#3937,#3949,.T.);
#3951=ORIENTED_EDGE('',*,*,#3914,.T.);
#3952=ORIENTED_EDGE('',*,*,#3946,.F.);
#3953=ORIENTED_EDGE('',*,*,#3950,.F.);
#3954=EDGE_LOOP('',(#3951,#3952,#3953));
#3955=FACE_OUTER_BOUND('',#3954,.T.);
#3956=ADVANCED_FACE('',(#3955),#3942,.T.);
#3957=CARTESIAN_POINT('',(45,15,-4));
#3958=DIRECTION('',(-0.99518477,0.0980167,0));
#3959=DIRECTION('',(0,0,1));
#3960=AXIS2_PLACEMENT_3D('',#3957,#3958,#3959);
#3961=PLANE('',#3960);
#3962=DIRECTION('',(0.02332812,0.23685542,-0.9712648));
#3963=VECTOR('',#3962,4.11834137);
#3964=LINE('',#759,#3963);
#3965=EDGE_CURVE('',#760,#3835,#3964,.T.);
#3966=ORIENTED_EDGE('',*,*,#2081,.T.);
#3967=ORIENTED_EDGE('',*,*,#3965,.T.);
#3968=ORIENTED_EDGE('',*,*,#3844,.F.);
#3969=EDGE_LOOP('',(#3966,#3967,#3968));
#3970=FACE_OUTER_BOUND('',#3969,.T.);
#3971=ADVANCED_FACE('',(#3970),#3961,.T.);
#3972=CARTESIAN_POINT('',(45.09607315,15.97545147,-4));
#3973=DIRECTION('',(-0.95693987,0.29028623,0));
#3974=DIRECTION('',(0,0,1));
#3975=AXIS2_PLACEMENT_3D('',#3972,#3973,#3974);
#3976=PLANE('',#3975);
#3977=DIRECTION('',(0,0,1));
#3978=VECTOR('',#3977,4);
#3979=LINE('',#3834,#3978);
#3980=EDGE_CURVE('',#3835,#802,#3979,.T.);
#3981=DIRECTION('',(0.06908864,0.2277534,-0.97126471));
#3982=VECTOR('',#3981,4.11834172);
#3983=LINE('',#801,#3982);
#3984=EDGE_CURVE('',#802,#1877,#3983,.T.);
#3985=ORIENTED_EDGE('',*,*,#3980,.T.);
#3986=ORIENTED_EDGE('',*,*,#3984,.T.);
#3987=ORIENTED_EDGE('',*,*,#3863,.F.);
#3988=EDGE_LOOP('',(#3985,#3986,#3987));
#3989=FACE_OUTER_BOUND('',#3988,.T.);
#3990=ADVANCED_FACE('',(#3989),#3976,.T.);
#3991=CARTESIAN_POINT('',(47.22836304,16.14805031,-4));
#3992=VERTEX_POINT('',#3991);
#3993=CARTESIAN_POINT('',(47.05764389,15.58527088,-4));
#3994=DIRECTION('',(0,0,-1));
#3995=DIRECTION('',(1,0,0));
#3996=AXIS2_PLACEMENT_3D('',#3993,#3994,#3995);
#3997=PLANE('',#3996);
#3998=DIRECTION('',(0.00206498,-0.99999787,0));
#3999=VECTOR('',#3998,3.00930474);
#4000=LINE('',#3900,#3999);
#4001=EDGE_CURVE('',#3901,#3992,#4000,.T.);
#4002=DIRECTION('',(0.2902876,0.95693945,0));
#4003=VECTOR('',#4002,0.58810349);
#4004=LINE('',#3936,#4003);
#4005=EDGE_CURVE('',#3937,#3992,#4004,.T.);
#4006=ORIENTED_EDGE('',*,*,#3946,.T.);
#4007=ORIENTED_EDGE('',*,*,#4001,.T.);
#4008=ORIENTED_EDGE('',*,*,#4005,.F.);
#4009=EDGE_LOOP('',(#4006,#4007,#4008));
#4010=FACE_OUTER_BOUND('',#4009,.T.);
#4011=ADVANCED_FACE('',(#4010),#3997,.T.);
#4012=CARTESIAN_POINT('',(47.50559235,16.6667099,-4));
#4013=VERTEX_POINT('',#4012);
#4014=CARTESIAN_POINT('',(47.22836304,16.14805031,-4));
#4015=DIRECTION('',(0,0,-1));
#4016=DIRECTION('',(1,0,0));
#4017=AXIS2_PLACEMENT_3D('',#4014,#4015,#4016);
#4018=PLANE('',#4017);
#4019=DIRECTION('',(0.11307365,-0.99358661,0));
#4020=VECTOR('',#4019,2.50671528);
#4021=LINE('',#3900,#4020);
#4022=EDGE_CURVE('',#3901,#4013,#4021,.T.);
#4023=DIRECTION('',(0.47139671,0.88192128,0));
#4024=VECTOR('',#4023,0.58810191);
#4025=LINE('',#3991,#4024);
#4026=EDGE_CURVE('',#3992,#4013,#4025,.T.);
#4027=ORIENTED_EDGE('',*,*,#4001,.F.);
#4028=ORIENTED_EDGE('',*,*,#4022,.T.);
#4029=ORIENTED_EDGE('',*,*,#4026,.F.);
#4030=EDGE_LOOP('',(#4027,#4028,#4029));
#4031=FACE_OUTER_BOUND('',#4030,.T.);
#4032=ADVANCED_FACE('',(#4031),#4018,.T.);
#4033=CARTESIAN_POINT('',(48.08658218,19.61939812,-4));
#4034=VERTEX_POINT('',#4033);
#4035=CARTESIAN_POINT('',(47.87868118,17.12132072,-4));
#4036=VERTEX_POINT('',#4035);
#4037=CARTESIAN_POINT('',(47.50559235,16.6667099,-4));
#4038=DIRECTION('',(0,0,-1));
#4039=DIRECTION('',(1,0,0));
#4040=AXIS2_PLACEMENT_3D('',#4037,#4038,#4039);
#4041=PLANE('',#4040);
#4042=DIRECTION('',(0.19306445,0.98118608,0));
#4043=VECTOR('',#4042,3.00930505);
#4044=LINE('',#4012,#4043);
#4045=EDGE_CURVE('',#4013,#4034,#4044,.T.);
#4046=DIRECTION('',(0.08293767,0.99655474,0));
#4047=VECTOR('',#4046,2.50671368);
#4048=LINE('',#4035,#4047);
#4049=EDGE_CURVE('',#4036,#4034,#4048,.T.);
#4050=DIRECTION('',(0.63439265,0.77301097,0));
#4051=VECTOR('',#4050,0.58810397);
#4052=LINE('',#4012,#4051);
#4053=EDGE_CURVE('',#4013,#4036,#4052,.T.);
#4054=ORIENTED_EDGE('',*,*,#4045,.T.);
#4055=ORIENTED_EDGE('',*,*,#4049,.F.);
#4056=ORIENTED_EDGE('',*,*,#4053,.F.);
#4057=EDGE_LOOP('',(#4054,#4055,#4056));
#4058=FACE_OUTER_BOUND('',#4057,.T.);
#4059=ADVANCED_FACE('',(#4058),#4041,.T.);
#4060=CARTESIAN_POINT('',(48.3332901,17.49440956,-4));
#4061=VERTEX_POINT('',#4060);
#4062=CARTESIAN_POINT('',(47.87868118,17.12132072,-4));
#4063=DIRECTION('',(0,0,-1));
#4064=DIRECTION('',(1,0,0));
#4065=AXIS2_PLACEMENT_3D('',#4062,#4063,#4064);
#4066=PLANE('',#4065);
#4067=DIRECTION('',(0.11532385,-0.99332795,0));
#4068=VECTOR('',#4067,2.13926183);
#4069=LINE('',#4033,#4068);
#4070=EDGE_CURVE('',#4034,#4061,#4069,.T.);
#4071=DIRECTION('',(0.77300967,0.63439424,0));
#4072=VECTOR('',#4071,0.5881025);
#4073=LINE('',#4035,#4072);
#4074=EDGE_CURVE('',#4036,#4061,#4073,.T.);
#4075=ORIENTED_EDGE('',*,*,#4049,.T.);
#4076=ORIENTED_EDGE('',*,*,#4070,.T.);
#4077=ORIENTED_EDGE('',*,*,#4074,.F.);
#4078=EDGE_LOOP('',(#4075,#4076,#4077));
#4079=FACE_OUTER_BOUND('',#4078,.T.);
#4080=ADVANCED_FACE('',(#4079),#4066,.T.);
#4081=CARTESIAN_POINT('',(47.2221489,19.15734863,-4));
#4082=DIRECTION('',(0,0,-1));
#4083=DIRECTION('',(1,0,0));
#4084=AXIS2_PLACEMENT_3D('',#4081,#4082,#4083);
#4085=PLANE('',#4084);
#4086=DIRECTION('',(0.88192115,0.47139695,0));
#4087=VECTOR('',#4086,0.98017072);
#4088=LINE('',#3900,#4087);
#4089=EDGE_CURVE('',#3901,#4034,#4088,.T.);
#4090=ORIENTED_EDGE('',*,*,#4089,.T.);
#4091=ORIENTED_EDGE('',*,*,#4045,.F.);
#4092=ORIENTED_EDGE('',*,*,#4022,.F.);
#4093=EDGE_LOOP('',(#4090,#4091,#4092));
#4094=FACE_OUTER_BOUND('',#4093,.T.);
#4095=ADVANCED_FACE('',(#4094),#4085,.T.);
#4096=CARTESIAN_POINT('',(45.38060379,16.91341782,-4));
#4097=DIRECTION('',(-0.88192196,0.47139543,0));
#4098=DIRECTION('',(0,0,1));
#4099=AXIS2_PLACEMENT_3D('',#4096,#4097,#4098);
#4100=PLANE('',#4099);
#4101=DIRECTION('',(0,0,1));
#4102=VECTOR('',#4101,4);
#4103=LINE('',#1876,#4102);
#4104=EDGE_CURVE('',#1877,#823,#4103,.T.);
#4105=DIRECTION('',(0.11219265,0.20989842,-0.97126488));
#4106=VECTOR('',#4105,4.11834103);
#4107=LINE('',#822,#4106);
#4108=EDGE_CURVE('',#823,#1902,#4107,.T.);
#4109=ORIENTED_EDGE('',*,*,#4104,.T.);
#4110=ORIENTED_EDGE('',*,*,#4108,.T.);
#4111=ORIENTED_EDGE('',*,*,#3878,.F.);
#4112=EDGE_LOOP('',(#4109,#4110,#4111));
#4113=FACE_OUTER_BOUND('',#4112,.T.);
#4114=ADVANCED_FACE('',(#4113),#4100,.T.);
#4115=CARTESIAN_POINT('',(45.84265137,17.7778511,-4));
#4116=DIRECTION('',(-0.77301019,0.6343936,0));
#4117=DIRECTION('',(0,0,1));
#4118=AXIS2_PLACEMENT_3D('',#4115,#4116,#4117);
#4119=PLANE('',#4118);
#4120=DIRECTION('',(0,0,1));
#4121=VECTOR('',#4120,4);
#4122=LINE('',#1901,#4121);
#4123=EDGE_CURVE('',#1902,#844,#4122,.T.);
#4124=DIRECTION('',(0.15098668,0.18397765,-0.97126477));
#4125=VECTOR('',#4124,4.11834151);
#4126=LINE('',#843,#4125);
#4127=EDGE_CURVE('',#844,#1923,#4126,.T.);
#4128=ORIENTED_EDGE('',*,*,#4123,.T.);
#4129=ORIENTED_EDGE('',*,*,#4127,.T.);
#4130=ORIENTED_EDGE('',*,*,#3893,.F.);
#4131=EDGE_LOOP('',(#4128,#4129,#4130));
#4132=FACE_OUTER_BOUND('',#4131,.T.);
#4133=ADVANCED_FACE('',(#4132),#4119,.T.);
#4134=CARTESIAN_POINT('',(46.46446609,18.53553391,-4));
#4135=DIRECTION('',(-0.6343936,0.77301019,0));
#4136=DIRECTION('',(0,0,1));
#4137=AXIS2_PLACEMENT_3D('',#4134,#4135,#4136);
#4138=PLANE('',#4137);
#4139=DIRECTION('',(0,0,1));
#4140=VECTOR('',#4139,4);
#4141=LINE('',#1922,#4140);
#4142=EDGE_CURVE('',#1923,#865,#4141,.T.);
#4143=DIRECTION('',(0.18397765,0.15098668,-0.97126477));
#4144=VECTOR('',#4143,4.11834151);
#4145=LINE('',#864,#4144);
#4146=EDGE_CURVE('',#865,#3901,#4145,.T.);
#4147=ORIENTED_EDGE('',*,*,#4142,.T.);
#4148=ORIENTED_EDGE('',*,*,#4146,.T.);
#4149=ORIENTED_EDGE('',*,*,#3929,.F.);
#4150=EDGE_LOOP('',(#4147,#4148,#4149));
#4151=FACE_OUTER_BOUND('',#4150,.T.);
#4152=ADVANCED_FACE('',(#4151),#4138,.T.);
#4153=CARTESIAN_POINT('',(45.09607315,15.97545147,-4));
#4154=DIRECTION('',(-0.99518477,0.0980167,0));
#4155=DIRECTION('',(0,0,1));
#4156=AXIS2_PLACEMENT_3D('',#4153,#4154,#4155);
#4157=PLANE('',#4156);
#4158=ORIENTED_EDGE('',*,*,#3965,.F.);
#4159=ORIENTED_EDGE('',*,*,#815,.T.);
#4160=ORIENTED_EDGE('',*,*,#3980,.F.);
#4161=EDGE_LOOP('',(#4158,#4159,#4160));
#4162=FACE_OUTER_BOUND('',#4161,.T.);
#4163=ADVANCED_FACE('',(#4162),#4157,.T.);
#4164=CARTESIAN_POINT('',(45.38060379,16.91341782,-4));
#4165=DIRECTION('',(-0.95693987,0.29028623,0));
#4166=DIRECTION('',(0,0,1));
#4167=AXIS2_PLACEMENT_3D('',#4164,#4165,#4166);
#4168=PLANE('',#4167);
#4169=ORIENTED_EDGE('',*,*,#3984,.F.);
#4170=ORIENTED_EDGE('',*,*,#836,.T.);
#4171=ORIENTED_EDGE('',*,*,#4104,.F.);
#4172=EDGE_LOOP('',(#4169,#4170,#4171));
#4173=FACE_OUTER_BOUND('',#4172,.T.);
#4174=ADVANCED_FACE('',(#4173),#4168,.T.);
#4175=CARTESIAN_POINT('',(45.84265137,17.7778511,-4));
#4176=DIRECTION('',(-0.88192196,0.47139543,0));
#4177=DIRECTION('',(0,0,1));
#4178=AXIS2_PLACEMENT_3D('',#4175,#4176,#4177);
#4179=PLANE('',#4178);
#4180=ORIENTED_EDGE('',*,*,#4108,.F.);
#4181=ORIENTED_EDGE('',*,*,#857,.T.);
#4182=ORIENTED_EDGE('',*,*,#4123,.F.);
#4183=EDGE_LOOP('',(#4180,#4181,#4182));
#4184=FACE_OUTER_BOUND('',#4183,.T.);
#4185=ADVANCED_FACE('',(#4184),#4179,.T.);
#4186=CARTESIAN_POINT('',(46.46446609,18.53553391,-4));
#4187=DIRECTION('',(-0.77301019,0.6343936,0));
#4188=DIRECTION('',(0,0,1));
#4189=AXIS2_PLACEMENT_3D('',#4186,#4187,#4188);
#4190=PLANE('',#4189);
#4191=ORIENTED_EDGE('',*,*,#4127,.F.);
#4192=ORIENTED_EDGE('',*,*,#878,.T.);
#4193=ORIENTED_EDGE('',*,*,#4142,.F.);
#4194=EDGE_LOOP('',(#4191,#4192,#4193));
#4195=FACE_OUTER_BOUND('',#4194,.T.);
#4196=ADVANCED_FACE('',(#4195),#4190,.T.);
#4197=CARTESIAN_POINT('',(47.2221489,19.15734863,-4));
#4198=DIRECTION('',(-0.47139695,0.88192115,0));
#4199=DIRECTION('',(0,0,1));
#4200=AXIS2_PLACEMENT_3D('',#4197,#4198,#4199);
#4201=PLANE('',#4200);
#4202=DIRECTION('',(0,0,1));
#4203=VECTOR('',#4202,4);
#4204=LINE('',#3900,#4203);
#4205=EDGE_CURVE('',#3901,#886,#4204,.T.);
#4206=DIRECTION('',(0.20989841,0.1121931,-0.97126483));
#4207=VECTOR('',#4206,4.11834125);
#4208=LINE('',#885,#4207);
#4209=EDGE_CURVE('',#886,#4034,#4208,.T.);
#4210=ORIENTED_EDGE('',*,*,#4205,.T.);
#4211=ORIENTED_EDGE('',*,*,#4209,.T.);
#4212=ORIENTED_EDGE('',*,*,#4089,.F.);
#4213=EDGE_LOOP('',(#4210,#4211,#4212));
#4214=FACE_OUTER_BOUND('',#4213,.T.);
#4215=ADVANCED_FACE('',(#4214),#4201,.T.);
#4216=CARTESIAN_POINT('',(47.2221489,19.15734863,-4));
#4217=DIRECTION('',(-0.6343936,0.77301019,0));
#4218=DIRECTION('',(0,0,1));
#4219=AXIS2_PLACEMENT_3D('',#4216,#4217,#4218);
#4220=PLANE('',#4219);
#4221=ORIENTED_EDGE('',*,*,#4146,.F.);
#4222=ORIENTED_EDGE('',*,*,#899,.T.);
#4223=ORIENTED_EDGE('',*,*,#4205,.F.);
#4224=EDGE_LOOP('',(#4221,#4222,#4223));
#4225=FACE_OUTER_BOUND('',#4224,.T.);
#4226=ADVANCED_FACE('',(#4225),#4220,.T.);
#4227=CARTESIAN_POINT('',(48.08658218,19.61939812,-4));
#4228=DIRECTION('',(-0.47139695,0.88192115,0));
#4229=DIRECTION('',(0,0,1));
#4230=AXIS2_PLACEMENT_3D('',#4227,#4228,#4229);
#4231=PLANE('',#4230);
#4232=DIRECTION('',(0,0,1));
#4233=VECTOR('',#4232,4);
#4234=LINE('',#4033,#4233);
#4235=EDGE_CURVE('',#4034,#907,#4234,.T.);
#4236=ORIENTED_EDGE('',*,*,#4209,.F.);
#4237=ORIENTED_EDGE('',*,*,#920,.T.);
#4238=ORIENTED_EDGE('',*,*,#4235,.F.);
#4239=EDGE_LOOP('',(#4236,#4237,#4238));
#4240=FACE_OUTER_BOUND('',#4239,.T.);
#4241=ADVANCED_FACE('',(#4240),#4231,.T.);
#4242=CARTESIAN_POINT('',(49.02454758,19.90392685,-4));
#4243=VERTEX_POINT('',#4242);
#4244=CARTESIAN_POINT('',(48.8519516,17.77163887,-4));
#4245=VERTEX_POINT('',#4244);
#4246=CARTESIAN_POINT('',(48.3332901,17.49440956,-4));
#4247=DIRECTION('',(0,0,-1));
#4248=DIRECTION('',(1,0,0));
#4249=AXIS2_PLACEMENT_3D('',#4246,#4247,#4248);
#4250=PLANE('',#4249);
#4251=DIRECTION('',(0.2757625,0.9612258,0));
#4252=VECTOR('',#4251,2.50671308);
#4253=LINE('',#4060,#4252);
#4254=EDGE_CURVE('',#4061,#4243,#4253,.T.);
#4255=DIRECTION('',(0.08068015,0.99674004,0));
#4256=VECTOR('',#4255,2.13926188);
#4257=LINE('',#4244,#4256);
#4258=EDGE_CURVE('',#4245,#4243,#4257,.T.);
#4259=DIRECTION('',(0.881922,0.47139536,0));
#4260=VECTOR('',#4259,0.5881036);
#4261=LINE('',#4060,#4260);
#4262=EDGE_CURVE('',#4061,#4245,#4261,.T.);
#4263=ORIENTED_EDGE('',*,*,#4254,.T.);
#4264=ORIENTED_EDGE('',*,*,#4258,.F.);
#4265=ORIENTED_EDGE('',*,*,#4262,.F.);
#4266=EDGE_LOOP('',(#4263,#4264,#4265));
#4267=FACE_OUTER_BOUND('',#4266,.T.);
#4268=ADVANCED_FACE('',(#4267),#4250,.T.);
#4269=CARTESIAN_POINT('',(49.41473007,17.94235611,-4));
#4270=VERTEX_POINT('',#4269);
#4271=CARTESIAN_POINT('',(48.8519516,17.77163887,-4));
#4272=DIRECTION('',(0,0,-1));
#4273=DIRECTION('',(1,0,0));
#4274=AXIS2_PLACEMENT_3D('',#4271,#4272,#4273);
#4275=PLANE('',#4274);
#4276=DIRECTION('',(0.1950912,-0.98078511,0));
#4277=VECTOR('',#4276,2.00000054);
#4278=LINE('',#4242,#4277);
#4279=EDGE_CURVE('',#4243,#4270,#4278,.T.);
#4280=DIRECTION('',(0.95694021,0.29028508,0));
#4281=VECTOR('',#4280,0.58810202);
#4282=LINE('',#4244,#4281);
#4283=EDGE_CURVE('',#4245,#4270,#4282,.T.);
#4284=ORIENTED_EDGE('',*,*,#4258,.T.);
#4285=ORIENTED_EDGE('',*,*,#4279,.T.);
#4286=ORIENTED_EDGE('',*,*,#4283,.F.);
#4287=EDGE_LOOP('',(#4284,#4285,#4286));
#4288=FACE_OUTER_BOUND('',#4287,.T.);
#4289=ADVANCED_FACE('',(#4288),#4275,.T.);
#4290=CARTESIAN_POINT('',(50,20,-4));
#4291=VERTEX_POINT('',#4290);
#4292=CARTESIAN_POINT('',(50,18,-4));
#4293=VERTEX_POINT('',#4292);
#4294=CARTESIAN_POINT('',(49.41473007,17.94235611,-4));
#4295=DIRECTION('',(0,0,-1));
#4296=DIRECTION('',(1,0,0));
#4297=AXIS2_PLACEMENT_3D('',#4294,#4295,#4296);
#4298=PLANE('',#4297);
#4299=DIRECTION('',(0.27358505,0.96184782,0));
#4300=VECTOR('',#4299,2.13926138);
#4301=LINE('',#4269,#4300);
#4302=EDGE_CURVE('',#4270,#4291,#4301,.T.);
#4303=DIRECTION('',(0,1,0));
#4304=VECTOR('',#4303,2);
#4305=LINE('',#4292,#4304);
#4306=EDGE_CURVE('',#4293,#4291,#4305,.T.);
#4307=DIRECTION('',(0.99518475,0.09801686,0));
#4308=VECTOR('',#4307,0.58810178);
#4309=LINE('',#4269,#4308);
#4310=EDGE_CURVE('',#4270,#4293,#4309,.T.);
#4311=ORIENTED_EDGE('',*,*,#4302,.T.);
#4312=ORIENTED_EDGE('',*,*,#4306,.F.);
#4313=ORIENTED_EDGE('',*,*,#4310,.F.);
#4314=EDGE_LOOP('',(#4311,#4312,#4313));
#4315=FACE_OUTER_BOUND('',#4314,.T.);
#4316=ADVANCED_FACE('',(#4315),#4298,.T.);
#4317=CARTESIAN_POINT('',(50.97545242,19.90392685,-4));
#4318=VERTEX_POINT('',#4317);
#4319=CARTESIAN_POINT('',(50.58526993,17.94235611,-4));
#4320=VERTEX_POINT('',#4319);
#4321=CARTESIAN_POINT('',(50,18,-4));
#4322=DIRECTION('',(0,0,-1));
#4323=DIRECTION('',(1,0,0));
#4324=AXIS2_PLACEMENT_3D('',#4321,#4322,#4323);
#4325=PLANE('',#4324);
#4326=DIRECTION('',(0.45597599,0.88999208,0));
#4327=VECTOR('',#4326,2.13926269);
#4328=LINE('',#4292,#4327);
#4329=EDGE_CURVE('',#4293,#4318,#4328,.T.);
#4330=DIRECTION('',(0.1950912,0.98078511,0));
#4331=VECTOR('',#4330,2.00000054);
#4332=LINE('',#4319,#4331);
#4333=EDGE_CURVE('',#4320,#4318,#4332,.T.);
#4334=DIRECTION('',(0.99518475,-0.09801686,0));
#4335=VECTOR('',#4334,0.58810178);
#4336=LINE('',#4292,#4335);
#4337=EDGE_CURVE('',#4293,#4320,#4336,.T.);
#4338=ORIENTED_EDGE('',*,*,#4329,.T.);
#4339=ORIENTED_EDGE('',*,*,#4333,.F.);
#4340=ORIENTED_EDGE('',*,*,#4337,.F.);
#4341=EDGE_LOOP('',(#4338,#4339,#4340));
#4342=FACE_OUTER_BOUND('',#4341,.T.);
#4343=ADVANCED_FACE('',(#4342),#4325,.T.);
#4344=CARTESIAN_POINT('',(51.91341782,19.61939812,-4));
#4345=VERTEX_POINT('',#4344);
#4346=CARTESIAN_POINT('',(51.1480484,17.77163887,-4));
#4347=VERTEX_POINT('',#4346);
#4348=CARTESIAN_POINT('',(50.58526993,17.94235611,-4));
#4349=DIRECTION('',(0,0,-1));
#4350=DIRECTION('',(1,0,0));
#4351=AXIS2_PLACEMENT_3D('',#4348,#4349,#4350);
#4352=PLANE('',#4351);
#4353=DIRECTION('',(0.62084363,0.78393443,0));
#4354=VECTOR('',#4353,2.13926312);
#4355=LINE('',#4319,#4354);
#4356=EDGE_CURVE('',#4320,#4345,#4355,.T.);
#4357=DIRECTION('',(0.38268449,0.92387909,0));
#4358=VECTOR('',#4357,2.00000114);
#4359=LINE('',#4346,#4358);
#4360=EDGE_CURVE('',#4347,#4345,#4359,.T.);
#4361=DIRECTION('',(0.95694021,-0.29028508,0));
#4362=VECTOR('',#4361,0.58810202);
#4363=LINE('',#4319,#4362);
#4364=EDGE_CURVE('',#4320,#4347,#4363,.T.);
#4365=ORIENTED_EDGE('',*,*,#4356,.T.);
#4366=ORIENTED_EDGE('',*,*,#4360,.F.);
#4367=ORIENTED_EDGE('',*,*,#4364,.F.);
#4368=EDGE_LOOP('',(#4365,#4366,#4367));
#4369=FACE_OUTER_BOUND('',#4368,.T.);
#4370=ADVANCED_FACE('',(#4369),#4352,.T.);
#4371=CARTESIAN_POINT('',(52.94235611,15.58527088,-4));
#4372=VERTEX_POINT('',#4371);
#4373=CARTESIAN_POINT('',(53,15,-4));
#4374=DIRECTION('',(0,0,-1));
#4375=DIRECTION('',(1,0,0));
#4376=AXIS2_PLACEMENT_3D('',#4373,#4374,#4375);
#4377=PLANE('',#4376);
#4378=DIRECTION('',(0.0980167,-0.99518477,0));
#4379=VECTOR('',#4378,0.58810273);
#4380=LINE('',#4371,#4379);
#4381=EDGE_CURVE('',#4372,#2479,#4380,.T.);
#4382=DIRECTION('',(0.1971146,0.98038045,0));
#4383=VECTOR('',#4382,3.00930421);
#4384=LINE('',#4371,#4383);
#4385=EDGE_CURVE('',#4372,#2500,#4384,.T.);
#4386=ORIENTED_EDGE('',*,*,#4381,.F.);
#4387=ORIENTED_EDGE('',*,*,#4385,.T.);
#4388=ORIENTED_EDGE('',*,*,#2509,.F.);
#4389=EDGE_LOOP('',(#4386,#4387,#4388));
#4390=FACE_OUTER_BOUND('',#4389,.T.);
#4391=ADVANCED_FACE('',(#4390),#4377,.T.);
#4392=CARTESIAN_POINT('',(52.77163696,16.14805031,-4));
#4393=VERTEX_POINT('',#4392);
#4394=CARTESIAN_POINT('',(52.94235611,15.58527088,-4));
#4395=DIRECTION('',(0,0,-1));
#4396=DIRECTION('',(1,0,0));
#4397=AXIS2_PLACEMENT_3D('',#4394,#4395,#4396);
#4398=PLANE('',#4397);
#4399=DIRECTION('',(0.2902876,-0.95693945,0));
#4400=VECTOR('',#4399,0.58810349);
#4401=LINE('',#4392,#4400);
#4402=EDGE_CURVE('',#4393,#4372,#4401,.T.);
#4403=DIRECTION('',(0.30474033,0.95243547,0));
#4404=VECTOR('',#4403,2.50671428);
#4405=LINE('',#4392,#4404);
#4406=EDGE_CURVE('',#4393,#2500,#4405,.T.);
#4407=ORIENTED_EDGE('',*,*,#4402,.F.);
#4408=ORIENTED_EDGE('',*,*,#4406,.T.);
#4409=ORIENTED_EDGE('',*,*,#4385,.F.);
#4410=EDGE_LOOP('',(#4407,#4408,#4409));
#4411=FACE_OUTER_BOUND('',#4410,.T.);
#4412=ADVANCED_FACE('',(#4411),#4398,.T.);
#4413=CARTESIAN_POINT('',(53.53553391,11.46446609,-4));
#4414=DIRECTION('',(0,0,-1));
#4415=DIRECTION('',(1,0,0));
#4416=AXIS2_PLACEMENT_3D('',#4413,#4414,#4415);
#4417=PLANE('',#4416);
#4418=DIRECTION('',(0.6343936,-0.77301019,0));
#4419=VECTOR('',#4418,0.98017181);
#4420=LINE('',#2499,#4419);
#4421=EDGE_CURVE('',#2500,#2542,#4420,.T.);
#4422=ORIENTED_EDGE('',*,*,#2530,.T.);
#4423=ORIENTED_EDGE('',*,*,#4421,.T.);
#4424=ORIENTED_EDGE('',*,*,#2553,.F.);
#4425=EDGE_LOOP('',(#4422,#4423,#4424));
#4426=FACE_OUTER_BOUND('',#4425,.T.);
#4427=ADVANCED_FACE('',(#4426),#4417,.T.);
#4428=CARTESIAN_POINT('',(54.90392685,14.02454853,-4));
#4429=DIRECTION('',(0,0,-1));
#4430=DIRECTION('',(1,0,0));
#4431=AXIS2_PLACEMENT_3D('',#4428,#4429,#4430);
#4432=PLANE('',#4431);
#4433=DIRECTION('',(0.0980167,-0.99518477,0));
#4434=VECTOR('',#4433,0.98017122);
#4435=LINE('',#2595,#4434);
#4436=EDGE_CURVE('',#2596,#2764,#4435,.T.);
#4437=ORIENTED_EDGE('',*,*,#2611,.T.);
#4438=ORIENTED_EDGE('',*,*,#4436,.T.);
#4439=ORIENTED_EDGE('',*,*,#2775,.F.);
#4440=EDGE_LOOP('',(#4437,#4438,#4439));
#4441=FACE_OUTER_BOUND('',#4440,.T.);
#4442=ADVANCED_FACE('',(#4441),#4432,.T.);
#4443=CARTESIAN_POINT('',(54.61939621,13.08658314,-4));
#4444=DIRECTION('',(0,0,-1));
#4445=DIRECTION('',(1,0,0));
#4446=AXIS2_PLACEMENT_3D('',#4443,#4444,#4445);
#4447=PLANE('',#4446);
#4448=DIRECTION('',(0.29028623,-0.95693987,0));
#4449=VECTOR('',#4448,0.98017272);
#4450=LINE('',#2568,#4449);
#4451=EDGE_CURVE('',#2569,#2596,#4450,.T.);
#4452=ORIENTED_EDGE('',*,*,#2584,.T.);
#4453=ORIENTED_EDGE('',*,*,#4451,.T.);
#4454=ORIENTED_EDGE('',*,*,#2607,.F.);
#4455=EDGE_LOOP('',(#4452,#4453,#4454));
#4456=FACE_OUTER_BOUND('',#4455,.T.);
#4457=ADVANCED_FACE('',(#4456),#4447,.T.);
#4458=CARTESIAN_POINT('',(54.15734863,12.2221489,-4));
#4459=DIRECTION('',(0,0,-1));
#4460=DIRECTION('',(1,0,0));
#4461=AXIS2_PLACEMENT_3D('',#4458,#4459,#4460);
#4462=PLANE('',#4461);
#4463=DIRECTION('',(0.47139543,-0.88192196,0));
#4464=VECTOR('',#4463,0.98016982);
#4465=LINE('',#2541,#4464);
#4466=EDGE_CURVE('',#2542,#2569,#4465,.T.);
#4467=ORIENTED_EDGE('',*,*,#2557,.T.);
#4468=ORIENTED_EDGE('',*,*,#4466,.T.);
#4469=ORIENTED_EDGE('',*,*,#2580,.F.);
#4470=EDGE_LOOP('',(#4467,#4468,#4469));
#4471=FACE_OUTER_BOUND('',#4470,.T.);
#4472=ADVANCED_FACE('',(#4471),#4462,.T.);
#4473=CARTESIAN_POINT('',(52.49440765,16.6667099,-4));
#4474=VERTEX_POINT('',#4473);
#4475=CARTESIAN_POINT('',(52.7778511,19.15734863,-4));
#4476=VERTEX_POINT('',#4475);
#4477=CARTESIAN_POINT('',(52.49440765,16.6667099,-4));
#4478=DIRECTION('',(0,0,-1));
#4479=DIRECTION('',(1,0,0));
#4480=AXIS2_PLACEMENT_3D('',#4477,#4478,#4479);
#4481=PLANE('',#4480);
#4482=DIRECTION('',(0.11307365,0.99358661,0));
#4483=VECTOR('',#4482,2.50671528);
#4484=LINE('',#4473,#4483);
#4485=EDGE_CURVE('',#4474,#4476,#4484,.T.);
#4486=DIRECTION('',(0.00206498,0.99999787,0));
#4487=VECTOR('',#4486,3.00930474);
#4488=LINE('',#4392,#4487);
#4489=EDGE_CURVE('',#4393,#4476,#4488,.T.);
#4490=DIRECTION('',(0.47139671,-0.88192128,0));
#4491=VECTOR('',#4490,0.58810191);
#4492=LINE('',#4473,#4491);
#4493=EDGE_CURVE('',#4474,#4393,#4492,.T.);
#4494=ORIENTED_EDGE('',*,*,#4485,.T.);
#4495=ORIENTED_EDGE('',*,*,#4489,.F.);
#4496=ORIENTED_EDGE('',*,*,#4493,.F.);
#4497=EDGE_LOOP('',(#4494,#4495,#4496));
#4498=FACE_OUTER_BOUND('',#4497,.T.);
#4499=ADVANCED_FACE('',(#4498),#4481,.T.);
#4500=CARTESIAN_POINT('',(52.12131882,17.12132072,-4));
#4501=VERTEX_POINT('',#4500);
#4502=CARTESIAN_POINT('',(52.49440765,16.6667099,-4));
#4503=DIRECTION('',(0,0,-1));
#4504=DIRECTION('',(1,0,0));
#4505=AXIS2_PLACEMENT_3D('',#4502,#4503,#4504);
#4506=PLANE('',#4505);
#4507=DIRECTION('',(0.63439265,-0.77301097,0));
#4508=VECTOR('',#4507,0.58810397);
#4509=LINE('',#4500,#4508);
#4510=EDGE_CURVE('',#4501,#4474,#4509,.T.);
#4511=DIRECTION('',(0.30689654,0.95174288,0));
#4512=VECTOR('',#4511,2.13926256);
#4513=LINE('',#4500,#4512);
#4514=EDGE_CURVE('',#4501,#4476,#4513,.T.);
#4515=ORIENTED_EDGE('',*,*,#4510,.F.);
#4516=ORIENTED_EDGE('',*,*,#4514,.T.);
#4517=ORIENTED_EDGE('',*,*,#4485,.F.);
#4518=EDGE_LOOP('',(#4515,#4516,#4517));
#4519=FACE_OUTER_BOUND('',#4518,.T.);
#4520=ADVANCED_FACE('',(#4519),#4506,.T.);
#4521=CARTESIAN_POINT('',(51.6667099,17.49440956,-4));
#4522=VERTEX_POINT('',#4521);
#4523=CARTESIAN_POINT('',(51.6667099,17.49440956,-4));
#4524=DIRECTION('',(0,0,-1));
#4525=DIRECTION('',(1,0,0));
#4526=AXIS2_PLACEMENT_3D('',#4523,#4524,#4525);
#4527=PLANE('',#4526);
#4528=DIRECTION('',(0.55557052,0.83146942,0));
#4529=VECTOR('',#4528,2.00000028);
#4530=LINE('',#4521,#4529);
#4531=EDGE_CURVE('',#4522,#4476,#4530,.T.);
#4532=DIRECTION('',(0.77300967,-0.63439424,0));
#4533=VECTOR('',#4532,0.5881025);
#4534=LINE('',#4521,#4533);
#4535=EDGE_CURVE('',#4522,#4501,#4534,.T.);
#4536=ORIENTED_EDGE('',*,*,#4531,.T.);
#4537=ORIENTED_EDGE('',*,*,#4514,.F.);
#4538=ORIENTED_EDGE('',*,*,#4535,.F.);
#4539=EDGE_LOOP('',(#4536,#4537,#4538));
#4540=FACE_OUTER_BOUND('',#4539,.T.);
#4541=ADVANCED_FACE('',(#4540),#4527,.T.);
#4542=CARTESIAN_POINT('',(51.6667099,17.49440956,-4));
#4543=DIRECTION('',(0,0,-1));
#4544=DIRECTION('',(1,0,0));
#4545=AXIS2_PLACEMENT_3D('',#4542,#4543,#4544);
#4546=PLANE('',#4545);
#4547=DIRECTION('',(0.881922,-0.47139536,0));
#4548=VECTOR('',#4547,0.5881036);
#4549=LINE('',#4346,#4548);
#4550=EDGE_CURVE('',#4347,#4522,#4549,.T.);
#4551=DIRECTION('',(0.11532385,0.99332795,0));
#4552=VECTOR('',#4551,2.13926183);
#4553=LINE('',#4521,#4552);
#4554=EDGE_CURVE('',#4522,#4345,#4553,.T.);
#4555=ORIENTED_EDGE('',*,*,#4550,.F.);
#4556=ORIENTED_EDGE('',*,*,#4360,.T.);
#4557=ORIENTED_EDGE('',*,*,#4554,.F.);
#4558=EDGE_LOOP('',(#4555,#4556,#4557));
#4559=FACE_OUTER_BOUND('',#4558,.T.);
#4560=ADVANCED_FACE('',(#4559),#4546,.T.);
#4561=CARTESIAN_POINT('',(52.77163696,16.14805031,-4));
#4562=DIRECTION('',(0,0,-1));
#4563=DIRECTION('',(1,0,0));
#4564=AXIS2_PLACEMENT_3D('',#4561,#4562,#4563);
#4565=PLANE('',#4564);
#4566=DIRECTION('',(0.77301019,-0.6343936,0));
#4567=VECTOR('',#4566,0.98017181);
#4568=LINE('',#4475,#4567);
#4569=EDGE_CURVE('',#4476,#2500,#4568,.T.);
#4570=ORIENTED_EDGE('',*,*,#4489,.T.);
#4571=ORIENTED_EDGE('',*,*,#4569,.T.);
#4572=ORIENTED_EDGE('',*,*,#4406,.F.);
#4573=EDGE_LOOP('',(#4570,#4571,#4572));
#4574=FACE_OUTER_BOUND('',#4573,.T.);
#4575=ADVANCED_FACE('',(#4574),#4565,.T.);
#4576=CARTESIAN_POINT('',(48.3332901,17.49440956,-4));
#4577=DIRECTION('',(0,0,-1));
#4578=DIRECTION('',(1,0,0));
#4579=AXIS2_PLACEMENT_3D('',#4576,#4577,#4578);
#4580=PLANE('',#4579);
#4581=DIRECTION('',(0.95694032,0.29028472,0));
#4582=VECTOR('',#4581,0.98017125);
#4583=LINE('',#4033,#4582);
#4584=EDGE_CURVE('',#4034,#4243,#4583,.T.);
#4585=ORIENTED_EDGE('',*,*,#4070,.F.);
#4586=ORIENTED_EDGE('',*,*,#4584,.T.);
#4587=ORIENTED_EDGE('',*,*,#4254,.F.);
#4588=EDGE_LOOP('',(#4585,#4586,#4587));
#4589=FACE_OUTER_BOUND('',#4588,.T.);
#4590=ADVANCED_FACE('',(#4589),#4580,.T.);
#4591=CARTESIAN_POINT('',(49.41473007,17.94235611,-4));
#4592=DIRECTION('',(0,0,-1));
#4593=DIRECTION('',(1,0,0));
#4594=AXIS2_PLACEMENT_3D('',#4591,#4592,#4593);
#4595=PLANE('',#4594);
#4596=DIRECTION('',(0.99518478,0.09801661,0));
#4597=VECTOR('',#4596,0.98017217);
#4598=LINE('',#4242,#4597);
#4599=EDGE_CURVE('',#4243,#4291,#4598,.T.);
#4600=ORIENTED_EDGE('',*,*,#4279,.F.);
#4601=ORIENTED_EDGE('',*,*,#4599,.T.);
#4602=ORIENTED_EDGE('',*,*,#4302,.F.);
#4603=EDGE_LOOP('',(#4600,#4601,#4602));
#4604=FACE_OUTER_BOUND('',#4603,.T.);
#4605=ADVANCED_FACE('',(#4604),#4595,.T.);
#4606=CARTESIAN_POINT('',(50,18,-4));
#4607=DIRECTION('',(0,0,-1));
#4608=DIRECTION('',(1,0,0));
#4609=AXIS2_PLACEMENT_3D('',#4606,#4607,#4608);
#4610=PLANE('',#4609);
#4611=DIRECTION('',(0.99518478,-0.09801661,0));
#4612=VECTOR('',#4611,0.98017217);
#4613=LINE('',#4290,#4612);
#4614=EDGE_CURVE('',#4291,#4318,#4613,.T.);
#4615=ORIENTED_EDGE('',*,*,#4306,.T.);
#4616=ORIENTED_EDGE('',*,*,#4614,.T.);
#4617=ORIENTED_EDGE('',*,*,#4329,.F.);
#4618=EDGE_LOOP('',(#4615,#4616,#4617));
#4619=FACE_OUTER_BOUND('',#4618,.T.);
#4620=ADVANCED_FACE('',(#4619),#4610,.T.);
#4621=CARTESIAN_POINT('',(50.58526993,17.94235611,-4));
#4622=DIRECTION('',(0,0,-1));
#4623=DIRECTION('',(1,0,0));
#4624=AXIS2_PLACEMENT_3D('',#4621,#4622,#4623);
#4625=PLANE('',#4624);
#4626=DIRECTION('',(0.95694032,-0.29028472,0));
#4627=VECTOR('',#4626,0.98017125);
#4628=LINE('',#4317,#4627);
#4629=EDGE_CURVE('',#4318,#4345,#4628,.T.);
#4630=ORIENTED_EDGE('',*,*,#4333,.T.);
#4631=ORIENTED_EDGE('',*,*,#4629,.T.);
#4632=ORIENTED_EDGE('',*,*,#4356,.F.);
#4633=EDGE_LOOP('',(#4630,#4631,#4632));
#4634=FACE_OUTER_BOUND('',#4633,.T.);
#4635=ADVANCED_FACE('',(#4634),#4625,.T.);
#4636=CARTESIAN_POINT('',(48.08658218,19.61939812,-4));
#4637=DIRECTION('',(-0.29028472,0.95694032,0));
#4638=DIRECTION('',(0,0,1));
#4639=AXIS2_PLACEMENT_3D('',#4636,#4637,#4638);
#4640=PLANE('',#4639);
#4641=DIRECTION('',(0.22775319,0.06908819,-0.9712648));
#4642=VECTOR('',#4641,4.11834137);
#4643=LINE('',#906,#4642);
#4644=EDGE_CURVE('',#907,#4243,#4643,.T.);
#4645=ORIENTED_EDGE('',*,*,#4235,.T.);
#4646=ORIENTED_EDGE('',*,*,#4644,.T.);
#4647=ORIENTED_EDGE('',*,*,#4584,.F.);
#4648=EDGE_LOOP('',(#4645,#4646,#4647));
#4649=FACE_OUTER_BOUND('',#4648,.T.);
#4650=ADVANCED_FACE('',(#4649),#4640,.T.);
#4651=CARTESIAN_POINT('',(49.02454758,19.90392685,-4));
#4652=DIRECTION('',(-0.09801661,0.99518478,0));
#4653=DIRECTION('',(0,0,1));
#4654=AXIS2_PLACEMENT_3D('',#4651,#4652,#4653);
#4655=PLANE('',#4654);
#4656=DIRECTION('',(0,0,1));
#4657=VECTOR('',#4656,4);
#4658=LINE('',#4242,#4657);
#4659=EDGE_CURVE('',#4243,#928,#4658,.T.);
#4660=DIRECTION('',(0.23685564,0.02332812,-0.97126475));
#4661=VECTOR('',#4660,4.11834159);
#4662=LINE('',#927,#4661);
#4663=EDGE_CURVE('',#928,#4291,#4662,.T.);
#4664=ORIENTED_EDGE('',*,*,#4659,.T.);
#4665=ORIENTED_EDGE('',*,*,#4663,.T.);
#4666=ORIENTED_EDGE('',*,*,#4599,.F.);
#4667=EDGE_LOOP('',(#4664,#4665,#4666));
#4668=FACE_OUTER_BOUND('',#4667,.T.);
#4669=ADVANCED_FACE('',(#4668),#4655,.T.);
#4670=CARTESIAN_POINT('',(51.6667099,17.49440956,-4));
#4671=DIRECTION('',(0,0,-1));
#4672=DIRECTION('',(1,0,0));
#4673=AXIS2_PLACEMENT_3D('',#4670,#4671,#4672);
#4674=PLANE('',#4673);
#4675=DIRECTION('',(0.88192115,-0.47139695,0));
#4676=VECTOR('',#4675,0.98017072);
#4677=LINE('',#4344,#4676);
#4678=EDGE_CURVE('',#4345,#4476,#4677,.T.);
#4679=ORIENTED_EDGE('',*,*,#4554,.T.);
#4680=ORIENTED_EDGE('',*,*,#4678,.T.);
#4681=ORIENTED_EDGE('',*,*,#4531,.F.);
#4682=EDGE_LOOP('',(#4679,#4680,#4681));
#4683=FACE_OUTER_BOUND('',#4682,.T.);
#4684=ADVANCED_FACE('',(#4683),#4674,.T.);
#4685=CARTESIAN_POINT('',(49.02454758,19.90392685,-4));
#4686=DIRECTION('',(-0.29028472,0.95694032,0));
#4687=DIRECTION('',(0,0,1));
#4688=AXIS2_PLACEMENT_3D('',#4685,#4686,#4687);
#4689=PLANE('',#4688);
#4690=ORIENTED_EDGE('',*,*,#4644,.F.);
#4691=ORIENTED_EDGE('',*,*,#941,.T.);
#4692=ORIENTED_EDGE('',*,*,#4659,.F.);
#4693=EDGE_LOOP('',(#4690,#4691,#4692));
#4694=FACE_OUTER_BOUND('',#4693,.T.);
#4695=ADVANCED_FACE('',(#4694),#4689,.T.);
#4696=CARTESIAN_POINT('',(50,20,-4));
#4697=DIRECTION('',(-0.09801661,0.99518478,0));
#4698=DIRECTION('',(0,0,1));
#4699=AXIS2_PLACEMENT_3D('',#4696,#4697,#4698);
#4700=PLANE('',#4699);
#4701=DIRECTION('',(0,0,1));
#4702=VECTOR('',#4701,4);
#4703=LINE('',#4290,#4702);
#4704=EDGE_CURVE('',#4291,#1099,#4703,.T.);
#4705=ORIENTED_EDGE('',*,*,#4663,.F.);
#4706=ORIENTED_EDGE('',*,*,#1112,.T.);
#4707=ORIENTED_EDGE('',*,*,#4704,.F.);
#4708=EDGE_LOOP('',(#4705,#4706,#4707));
#4709=FACE_OUTER_BOUND('',#4708,.T.);
#4710=ADVANCED_FACE('',(#4709),#4700,.T.);
#4711=CARTESIAN_POINT('',(55,15,-4));
#4712=DIRECTION('',(0.99518477,0.0980167,0));
#4713=DIRECTION('',(0,0,1));
#4714=AXIS2_PLACEMENT_3D('',#4711,#4712,#4713);
#4715=PLANE('',#4714);
#4716=DIRECTION('',(0.00797952,-0.08101781,0.99668071));
#4717=VECTOR('',#4716,12.0399641);
#4718=LINE('',#2595,#4717);
#4719=EDGE_CURVE('',#2596,#2917,#4718,.T.);
#4720=ORIENTED_EDGE('',*,*,#4436,.F.);
#4721=ORIENTED_EDGE('',*,*,#4719,.T.);
#4722=ORIENTED_EDGE('',*,*,#2926,.F.);
#4723=EDGE_LOOP('',(#4720,#4721,#4722));
#4724=FACE_OUTER_BOUND('',#4723,.T.);
#4725=ADVANCED_FACE('',(#4724),#4715,.T.);
#4726=CARTESIAN_POINT('',(54.90392685,15.97545147,-4));
#4727=DIRECTION('',(0.95693987,0.29028623,0));
#4728=DIRECTION('',(0,0,1));
#4729=AXIS2_PLACEMENT_3D('',#4726,#4727,#4728);
#4730=PLANE('',#4729);
#4731=DIRECTION('',(0.02363218,-0.07790441,0.9966807));
#4732=VECTOR('',#4731,12.03996423);
#4733=LINE('',#2568,#4732);
#4734=EDGE_CURVE('',#2569,#3814,#4733,.T.);
#4735=DIRECTION('',(0,0,1));
#4736=VECTOR('',#4735,12);
#4737=LINE('',#2595,#4736);
#4738=EDGE_CURVE('',#2596,#3814,#4737,.T.);
#4739=ORIENTED_EDGE('',*,*,#4451,.F.);
#4740=ORIENTED_EDGE('',*,*,#4734,.T.);
#4741=ORIENTED_EDGE('',*,*,#4738,.F.);
#4742=EDGE_LOOP('',(#4739,#4740,#4741));
#4743=FACE_OUTER_BOUND('',#4742,.T.);
#4744=ADVANCED_FACE('',(#4743),#4730,.T.);
#4745=CARTESIAN_POINT('',(54.61939621,16.91341782,-4));
#4746=DIRECTION('',(0.88192196,0.47139543,0));
#4747=DIRECTION('',(0,0,1));
#4748=AXIS2_PLACEMENT_3D('',#4745,#4746,#4747);
#4749=PLANE('',#4748);
#4750=DIRECTION('',(0.03837616,-0.071797,0.99668072));
#4751=VECTOR('',#4750,12.03996399);
#4752=LINE('',#2541,#4751);
#4753=EDGE_CURVE('',#2542,#3793,#4752,.T.);
#4754=DIRECTION('',(0,0,1));
#4755=VECTOR('',#4754,12);
#4756=LINE('',#2568,#4755);
#4757=EDGE_CURVE('',#2569,#3793,#4756,.T.);
#4758=ORIENTED_EDGE('',*,*,#4466,.F.);
#4759=ORIENTED_EDGE('',*,*,#4753,.T.);
#4760=ORIENTED_EDGE('',*,*,#4757,.F.);
#4761=EDGE_LOOP('',(#4758,#4759,#4760));
#4762=FACE_OUTER_BOUND('',#4761,.T.);
#4763=ADVANCED_FACE('',(#4762),#4749,.T.);
#4764=CARTESIAN_POINT('',(53.53553391,18.53553391,-4));
#4765=DIRECTION('',(0.77301019,0.6343936,0));
#4766=DIRECTION('',(0,0,1));
#4767=AXIS2_PLACEMENT_3D('',#4764,#4765,#4766);
#4768=PLANE('',#4767);
#4769=DIRECTION('',(0.0516459,-0.06293065,0.99668071));
#4770=VECTOR('',#4769,12.03996415);
#4771=LINE('',#2499,#4770);
#4772=EDGE_CURVE('',#2500,#3772,#4771,.T.);
#4773=DIRECTION('',(0,0,1));
#4774=VECTOR('',#4773,12);
#4775=LINE('',#2541,#4774);
#4776=EDGE_CURVE('',#2542,#3772,#4775,.T.);
#4777=ORIENTED_EDGE('',*,*,#4772,.T.);
#4778=ORIENTED_EDGE('',*,*,#4776,.F.);
#4779=ORIENTED_EDGE('',*,*,#4421,.F.);
#4780=EDGE_LOOP('',(#4777,#4778,#4779));
#4781=FACE_OUTER_BOUND('',#4780,.T.);
#4782=ADVANCED_FACE('',(#4781),#4768,.T.);
#4783=CARTESIAN_POINT('',(53.53553391,18.53553391,-4));
#4784=DIRECTION('',(0.6343936,0.77301019,0));
#4785=DIRECTION('',(0,0,1));
#4786=AXIS2_PLACEMENT_3D('',#4783,#4784,#4785);
#4787=PLANE('',#4786);
#4788=DIRECTION('',(0.06293065,-0.0516459,0.99668071));
#4789=VECTOR('',#4788,12.03996415);
#4790=LINE('',#4475,#4789);
#4791=EDGE_CURVE('',#4476,#3736,#4790,.T.);
#4792=DIRECTION('',(0,0,1));
#4793=VECTOR('',#4792,12);
#4794=LINE('',#2499,#4793);
#4795=EDGE_CURVE('',#2500,#3736,#4794,.T.);
#4796=ORIENTED_EDGE('',*,*,#4569,.F.);
#4797=ORIENTED_EDGE('',*,*,#4791,.T.);
#4798=ORIENTED_EDGE('',*,*,#4795,.F.);
#4799=EDGE_LOOP('',(#4796,#4797,#4798));
#4800=FACE_OUTER_BOUND('',#4799,.T.);
#4801=ADVANCED_FACE('',(#4800),#4787,.T.);
#4802=CARTESIAN_POINT('',(50.97545242,19.90392685,8));
#4803=VERTEX_POINT('',#4802);
#4804=CARTESIAN_POINT('',(50,20,-4));
#4805=DIRECTION('',(0.09801661,0.99518478,0));
#4806=DIRECTION('',(0,0,1));
#4807=AXIS2_PLACEMENT_3D('',#4804,#4805,#4806);
#4808=PLANE('',#4807);
#4809=DIRECTION('',(0.08101788,-0.00797952,0.99668071));
#4810=VECTOR('',#4809,12.03996418);
#4811=LINE('',#4290,#4810);
#4812=EDGE_CURVE('',#4291,#4803,#4811,.T.);
#4813=DIRECTION('',(0,0,1));
#4814=VECTOR('',#4813,12);
#4815=LINE('',#4317,#4814);
#4816=EDGE_CURVE('',#4318,#4803,#4815,.T.);
#4817=ORIENTED_EDGE('',*,*,#4812,.T.);
#4818=ORIENTED_EDGE('',*,*,#4816,.F.);
#4819=ORIENTED_EDGE('',*,*,#4614,.F.);
#4820=EDGE_LOOP('',(#4817,#4818,#4819));
#4821=FACE_OUTER_BOUND('',#4820,.T.);
#4822=ADVANCED_FACE('',(#4821),#4808,.T.);
#4823=CARTESIAN_POINT('',(52.7778511,19.15734863,8));
#4824=VERTEX_POINT('',#4823);
#4825=CARTESIAN_POINT('',(51.91341782,19.61939812,-4));
#4826=DIRECTION('',(0.47139695,0.88192115,0));
#4827=DIRECTION('',(0,0,1));
#4828=AXIS2_PLACEMENT_3D('',#4825,#4826,#4827);
#4829=PLANE('',#4828);
#4830=DIRECTION('',(0.071797,-0.03837632,0.99668072));
#4831=VECTOR('',#4830,12.03996406);
#4832=LINE('',#4344,#4831);
#4833=EDGE_CURVE('',#4345,#4824,#4832,.T.);
#4834=DIRECTION('',(0,0,1));
#4835=VECTOR('',#4834,12);
#4836=LINE('',#4475,#4835);
#4837=EDGE_CURVE('',#4476,#4824,#4836,.T.);
#4838=ORIENTED_EDGE('',*,*,#4833,.T.);
#4839=ORIENTED_EDGE('',*,*,#4837,.F.);
#4840=ORIENTED_EDGE('',*,*,#4678,.F.);
#4841=EDGE_LOOP('',(#4838,#4839,#4840));
#4842=FACE_OUTER_BOUND('',#4841,.T.);
#4843=ADVANCED_FACE('',(#4842),#4829,.T.);
#4844=CARTESIAN_POINT('',(51.91341782,19.61939812,8));
#4845=VERTEX_POINT('',#4844);
#4846=CARTESIAN_POINT('',(50.97545242,19.90392685,-4));
#4847=DIRECTION('',(0.29028472,0.95694032,0));
#4848=DIRECTION('',(0,0,1));
#4849=AXIS2_PLACEMENT_3D('',#4846,#4847,#4848);
#4850=PLANE('',#4849);
#4851=DIRECTION('',(0.07790433,-0.02363202,0.99668071));
#4852=VECTOR('',#4851,12.03996411);
#4853=LINE('',#4317,#4852);
#4854=EDGE_CURVE('',#4318,#4845,#4853,.T.);
#4855=DIRECTION('',(0,0,1));
#4856=VECTOR('',#4855,12);
#4857=LINE('',#4344,#4856);
#4858=EDGE_CURVE('',#4345,#4845,#4857,.T.);
#4859=ORIENTED_EDGE('',*,*,#4854,.T.);
#4860=ORIENTED_EDGE('',*,*,#4858,.F.);
#4861=ORIENTED_EDGE('',*,*,#4629,.F.);
#4862=EDGE_LOOP('',(#4859,#4860,#4861));
#4863=FACE_OUTER_BOUND('',#4862,.T.);
#4864=ADVANCED_FACE('',(#4863),#4850,.T.);
#4865=CARTESIAN_POINT('',(50,20,-4));
#4866=DIRECTION('',(0.09801661,0.99518478,0));
#4867=DIRECTION('',(0,0,1));
#4868=AXIS2_PLACEMENT_3D('',#4865,#4866,#4867);
#4869=PLANE('',#4868);
#4870=DIRECTION('',(0.12102654,-0.01192001,0.9925777));
#4871=VECTOR('',#4870,8.05982242);
#4872=LINE('',#1098,#4871);
#4873=EDGE_CURVE('',#1099,#4803,#4872,.T.);
#4874=ORIENTED_EDGE('',*,*,#4704,.T.);
#4875=ORIENTED_EDGE('',*,*,#4873,.T.);
#4876=ORIENTED_EDGE('',*,*,#4812,.F.);
#4877=EDGE_LOOP('',(#4874,#4875,#4876));
#4878=FACE_OUTER_BOUND('',#4877,.T.);
#4879=ADVANCED_FACE('',(#4878),#4869,.T.);
#4880=CARTESIAN_POINT('',(54.90392685,15.97545147,-4));
#4881=DIRECTION('',(0.99518477,0.0980167,0));
#4882=DIRECTION('',(0,0,1));
#4883=AXIS2_PLACEMENT_3D('',#4880,#4881,#4882);
#4884=PLANE('',#4883);
#4885=DIRECTION('',(0.0980167,-0.99518477,0));
#4886=VECTOR('',#4885,0.98017122);
#4887=LINE('',#3813,#4886);
#4888=EDGE_CURVE('',#3814,#2917,#4887,.T.);
#4889=ORIENTED_EDGE('',*,*,#4738,.T.);
#4890=ORIENTED_EDGE('',*,*,#4888,.T.);
#4891=ORIENTED_EDGE('',*,*,#4719,.F.);
#4892=EDGE_LOOP('',(#4889,#4890,#4891));
#4893=FACE_OUTER_BOUND('',#4892,.T.);
#4894=ADVANCED_FACE('',(#4893),#4884,.T.);
#4895=CARTESIAN_POINT('',(54.61939621,16.91341782,-4));
#4896=DIRECTION('',(0.95693987,0.29028623,0));
#4897=DIRECTION('',(0,0,1));
#4898=AXIS2_PLACEMENT_3D('',#4895,#4896,#4897);
#4899=PLANE('',#4898);
#4900=DIRECTION('',(0.29028623,-0.95693987,0));
#4901=VECTOR('',#4900,0.98017272);
#4902=LINE('',#3792,#4901);
#4903=EDGE_CURVE('',#3793,#3814,#4902,.T.);
#4904=ORIENTED_EDGE('',*,*,#4757,.T.);
#4905=ORIENTED_EDGE('',*,*,#4903,.T.);
#4906=ORIENTED_EDGE('',*,*,#4734,.F.);
#4907=EDGE_LOOP('',(#4904,#4905,#4906));
#4908=FACE_OUTER_BOUND('',#4907,.T.);
#4909=ADVANCED_FACE('',(#4908),#4899,.T.);
#4910=CARTESIAN_POINT('',(54.15734863,17.7778511,-4));
#4911=DIRECTION('',(0.88192196,0.47139543,0));
#4912=DIRECTION('',(0,0,1));
#4913=AXIS2_PLACEMENT_3D('',#4910,#4911,#4912);
#4914=PLANE('',#4913);
#4915=DIRECTION('',(0.47139543,-0.88192196,0));
#4916=VECTOR('',#4915,0.98016982);
#4917=LINE('',#3771,#4916);
#4918=EDGE_CURVE('',#3772,#3793,#4917,.T.);
#4919=ORIENTED_EDGE('',*,*,#4776,.T.);
#4920=ORIENTED_EDGE('',*,*,#4918,.T.);
#4921=ORIENTED_EDGE('',*,*,#4753,.F.);
#4922=EDGE_LOOP('',(#4919,#4920,#4921));
#4923=FACE_OUTER_BOUND('',#4922,.T.);
#4924=ADVANCED_FACE('',(#4923),#4914,.T.);
#4925=CARTESIAN_POINT('',(53.53553391,18.53553391,-4));
#4926=DIRECTION('',(0.77301019,0.6343936,0));
#4927=DIRECTION('',(0,0,1));
#4928=AXIS2_PLACEMENT_3D('',#4925,#4926,#4927);
#4929=PLANE('',#4928);
#4930=DIRECTION('',(0.6343936,-0.77301019,0));
#4931=VECTOR('',#4930,0.98017181);
#4932=LINE('',#3735,#4931);
#4933=EDGE_CURVE('',#3736,#3772,#4932,.T.);
#4934=ORIENTED_EDGE('',*,*,#4795,.T.);
#4935=ORIENTED_EDGE('',*,*,#4933,.T.);
#4936=ORIENTED_EDGE('',*,*,#4772,.F.);
#4937=EDGE_LOOP('',(#4934,#4935,#4936));
#4938=FACE_OUTER_BOUND('',#4937,.T.);
#4939=ADVANCED_FACE('',(#4938),#4929,.T.);
#4940=CARTESIAN_POINT('',(50.97545242,19.90392685,8));
#4941=DIRECTION('',(0.09801661,0.99518478,0));
#4942=DIRECTION('',(0,0,1));
#4943=AXIS2_PLACEMENT_3D('',#4940,#4941,#4942);
#4944=PLANE('',#4943);
#4945=DIRECTION('',(0.23685564,-0.02332812,0.97126475));
#4946=VECTOR('',#4945,4.11834159);
#4947=LINE('',#1626,#4946);
#4948=EDGE_CURVE('',#1627,#4803,#4947,.T.);
#4949=ORIENTED_EDGE('',*,*,#4873,.F.);
#4950=ORIENTED_EDGE('',*,*,#1640,.T.);
#4951=ORIENTED_EDGE('',*,*,#4948,.T.);
#4952=EDGE_LOOP('',(#4949,#4950,#4951));
#4953=FACE_OUTER_BOUND('',#4952,.T.);
#4954=ADVANCED_FACE('',(#4953),#4944,.T.);
#4955=CARTESIAN_POINT('',(50.97545242,19.90392685,-4));
#4956=DIRECTION('',(0.29028472,0.95694032,0));
#4957=DIRECTION('',(0,0,1));
#4958=AXIS2_PLACEMENT_3D('',#4955,#4956,#4957);
#4959=PLANE('',#4958);
#4960=DIRECTION('',(0.95694032,-0.29028472,0));
#4961=VECTOR('',#4960,0.98017125);
#4962=LINE('',#4802,#4961);
#4963=EDGE_CURVE('',#4803,#4845,#4962,.T.);
#4964=ORIENTED_EDGE('',*,*,#4816,.T.);
#4965=ORIENTED_EDGE('',*,*,#4963,.T.);
#4966=ORIENTED_EDGE('',*,*,#4854,.F.);
#4967=EDGE_LOOP('',(#4964,#4965,#4966));
#4968=FACE_OUTER_BOUND('',#4967,.T.);
#4969=ADVANCED_FACE('',(#4968),#4959,.T.);
#4970=CARTESIAN_POINT('',(51.91341782,19.61939812,-4));
#4971=DIRECTION('',(0.47139695,0.88192115,0));
#4972=DIRECTION('',(0,0,1));
#4973=AXIS2_PLACEMENT_3D('',#4970,#4971,#4972);
#4974=PLANE('',#4973);
#4975=DIRECTION('',(0.88192115,-0.47139695,0));
#4976=VECTOR('',#4975,0.98017072);
#4977=LINE('',#4844,#4976);
#4978=EDGE_CURVE('',#4845,#4824,#4977,.T.);
#4979=ORIENTED_EDGE('',*,*,#4858,.T.);
#4980=ORIENTED_EDGE('',*,*,#4978,.T.);
#4981=ORIENTED_EDGE('',*,*,#4833,.F.);
#4982=EDGE_LOOP('',(#4979,#4980,#4981));
#4983=FACE_OUTER_BOUND('',#4982,.T.);
#4984=ADVANCED_FACE('',(#4983),#4974,.T.);
#4985=CARTESIAN_POINT('',(52.7778511,19.15734863,-4));
#4986=DIRECTION('',(0.6343936,0.77301019,0));
#4987=DIRECTION('',(0,0,1));
#4988=AXIS2_PLACEMENT_3D('',#4985,#4986,#4987);
#4989=PLANE('',#4988);
#4990=DIRECTION('',(0.77301019,-0.6343936,0));
#4991=VECTOR('',#4990,0.98017181);
#4992=LINE('',#4823,#4991);
#4993=EDGE_CURVE('',#4824,#3736,#4992,.T.);
#4994=ORIENTED_EDGE('',*,*,#4837,.T.);
#4995=ORIENTED_EDGE('',*,*,#4993,.T.);
#4996=ORIENTED_EDGE('',*,*,#4791,.F.);
#4997=EDGE_LOOP('',(#4994,#4995,#4996));
#4998=FACE_OUTER_BOUND('',#4997,.T.);
#4999=ADVANCED_FACE('',(#4998),#4989,.T.);
#5000=CARTESIAN_POINT('',(45,15,8));
#5001=DIRECTION('',(-0.99518477,0.0980167,0));
#5002=DIRECTION('',(0,0,1));
#5003=AXIS2_PLACEMENT_3D('',#5000,#5001,#5002);
#5004=PLANE('',#5003);
#5005=DIRECTION('',(0.02332812,0.23685542,-0.9712648));
#5006=VECTOR('',#5005,4.11834137);
#5007=LINE('',#3258,#5006);
#5008=EDGE_CURVE('',#3259,#1261,#5007,.T.);
#5009=ORIENTED_EDGE('',*,*,#5008,.T.);
#5010=ORIENTED_EDGE('',*,*,#1270,.F.);
#5011=ORIENTED_EDGE('',*,*,#3272,.T.);
#5012=EDGE_LOOP('',(#5009,#5010,#5011));
#5013=FACE_OUTER_BOUND('',#5012,.T.);
#5014=ADVANCED_FACE('',(#5013),#5004,.T.);
#5015=CARTESIAN_POINT('',(45.09607315,15.97545147,8));
#5016=VERTEX_POINT('',#5015);
#5017=CARTESIAN_POINT('',(45.09607315,15.97545147,8));
#5018=DIRECTION('',(-0.95693987,0.29028623,0));
#5019=DIRECTION('',(0,0,1));
#5020=AXIS2_PLACEMENT_3D('',#5017,#5018,#5019);
#5021=PLANE('',#5020);
#5022=DIRECTION('',(0.06908864,0.2277534,-0.97126471));
#5023=VECTOR('',#5022,4.11834172);
#5024=LINE('',#5015,#5023);
#5025=EDGE_CURVE('',#5016,#1282,#5024,.T.);
#5026=DIRECTION('',(0,0,1));
#5027=VECTOR('',#5026,4);
#5028=LINE('',#1260,#5027);
#5029=EDGE_CURVE('',#1261,#5016,#5028,.T.);
#5030=ORIENTED_EDGE('',*,*,#5025,.T.);
#5031=ORIENTED_EDGE('',*,*,#1291,.F.);
#5032=ORIENTED_EDGE('',*,*,#5029,.T.);
#5033=EDGE_LOOP('',(#5030,#5031,#5032));
#5034=FACE_OUTER_BOUND('',#5033,.T.);
#5035=ADVANCED_FACE('',(#5034),#5021,.T.);
#5036=CARTESIAN_POINT('',(45.38060379,16.91341782,8));
#5037=DIRECTION('',(-0.88192196,0.47139543,0));
#5038=DIRECTION('',(0,0,1));
#5039=AXIS2_PLACEMENT_3D('',#5036,#5037,#5038);
#5040=PLANE('',#5039);
#5041=DIRECTION('',(0.11219265,0.20989842,-0.97126488));
#5042=VECTOR('',#5041,4.11834103);
#5043=LINE('',#3279,#5042);
#5044=EDGE_CURVE('',#3280,#1303,#5043,.T.);
#5045=DIRECTION('',(0,0,1));
#5046=VECTOR('',#5045,4);
#5047=LINE('',#1281,#5046);
#5048=EDGE_CURVE('',#1282,#3280,#5047,.T.);
#5049=ORIENTED_EDGE('',*,*,#5044,.T.);
#5050=ORIENTED_EDGE('',*,*,#1312,.F.);
#5051=ORIENTED_EDGE('',*,*,#5048,.T.);
#5052=EDGE_LOOP('',(#5049,#5050,#5051));
#5053=FACE_OUTER_BOUND('',#5052,.T.);
#5054=ADVANCED_FACE('',(#5053),#5040,.T.);
#5055=CARTESIAN_POINT('',(45.84265137,17.7778511,8));
#5056=DIRECTION('',(-0.77301019,0.6343936,0));
#5057=DIRECTION('',(0,0,1));
#5058=AXIS2_PLACEMENT_3D('',#5055,#5056,#5057);
#5059=PLANE('',#5058);
#5060=DIRECTION('',(0.15098668,0.18397765,-0.97126477));
#5061=VECTOR('',#5060,4.11834151);
#5062=LINE('',#3300,#5061);
#5063=EDGE_CURVE('',#3301,#1324,#5062,.T.);
#5064=DIRECTION('',(0,0,1));
#5065=VECTOR('',#5064,4);
#5066=LINE('',#1302,#5065);
#5067=EDGE_CURVE('',#1303,#3301,#5066,.T.);
#5068=ORIENTED_EDGE('',*,*,#5063,.T.);
#5069=ORIENTED_EDGE('',*,*,#1333,.F.);
#5070=ORIENTED_EDGE('',*,*,#5067,.T.);
#5071=EDGE_LOOP('',(#5068,#5069,#5070));
#5072=FACE_OUTER_BOUND('',#5071,.T.);
#5073=ADVANCED_FACE('',(#5072),#5059,.T.);
#5074=CARTESIAN_POINT('',(46.46446609,18.53553391,8));
#5075=DIRECTION('',(-0.6343936,0.77301019,0));
#5076=DIRECTION('',(0,0,1));
#5077=AXIS2_PLACEMENT_3D('',#5074,#5075,#5076);
#5078=PLANE('',#5077);
#5079=DIRECTION('',(0.18397765,0.15098668,-0.97126477));
#5080=VECTOR('',#5079,4.11834151);
#5081=LINE('',#3321,#5080);
#5082=EDGE_CURVE('',#3322,#1345,#5081,.T.);
#5083=DIRECTION('',(0,0,1));
#5084=VECTOR('',#5083,4);
#5085=LINE('',#1323,#5084);
#5086=EDGE_CURVE('',#1324,#3322,#5085,.T.);
#5087=ORIENTED_EDGE('',*,*,#5082,.T.);
#5088=ORIENTED_EDGE('',*,*,#1354,.F.);
#5089=ORIENTED_EDGE('',*,*,#5086,.T.);
#5090=EDGE_LOOP('',(#5087,#5088,#5089));
#5091=FACE_OUTER_BOUND('',#5090,.T.);
#5092=ADVANCED_FACE('',(#5091),#5078,.T.);
#5093=CARTESIAN_POINT('',(45,15,8));
#5094=DIRECTION('',(-0.99518477,0.0980167,0));
#5095=DIRECTION('',(0,0,1));
#5096=AXIS2_PLACEMENT_3D('',#5093,#5094,#5095);
#5097=PLANE('',#5096);
#5098=DIRECTION('',(0.0980167,0.99518477,0));
#5099=VECTOR('',#5098,0.98017122);
#5100=LINE('',#3258,#5099);
#5101=EDGE_CURVE('',#3259,#5016,#5100,.T.);
#5102=ORIENTED_EDGE('',*,*,#5101,.T.);
#5103=ORIENTED_EDGE('',*,*,#5029,.F.);
#5104=ORIENTED_EDGE('',*,*,#5008,.F.);
#5105=EDGE_LOOP('',(#5102,#5103,#5104));
#5106=FACE_OUTER_BOUND('',#5105,.T.);
#5107=ADVANCED_FACE('',(#5106),#5097,.T.);
#5108=CARTESIAN_POINT('',(45.09607315,15.97545147,8));
#5109=DIRECTION('',(-0.95693987,0.29028623,0));
#5110=DIRECTION('',(0,0,1));
#5111=AXIS2_PLACEMENT_3D('',#5108,#5109,#5110);
#5112=PLANE('',#5111);
#5113=DIRECTION('',(0.29028623,0.95693987,0));
#5114=VECTOR('',#5113,0.98017272);
#5115=LINE('',#5015,#5114);
#5116=EDGE_CURVE('',#5016,#3280,#5115,.T.);
#5117=ORIENTED_EDGE('',*,*,#5116,.T.);
#5118=ORIENTED_EDGE('',*,*,#5048,.F.);
#5119=ORIENTED_EDGE('',*,*,#5025,.F.);
#5120=EDGE_LOOP('',(#5117,#5118,#5119));
#5121=FACE_OUTER_BOUND('',#5120,.T.);
#5122=ADVANCED_FACE('',(#5121),#5112,.T.);
#5123=CARTESIAN_POINT('',(45.09607315,14.02454853,8));
#5124=DIRECTION('',(0,0,1));
#5125=DIRECTION('',(1,0,0));
#5126=AXIS2_PLACEMENT_3D('',#5123,#5124,#5125);
#5127=PLANE('',#5126);
#5128=DIRECTION('',(0,1,0));
#5129=VECTOR('',#5128,1.95090294);
#5130=LINE('',#3057,#5129);
#5131=EDGE_CURVE('',#3058,#5016,#5130,.T.);
#5132=ORIENTED_EDGE('',*,*,#5131,.T.);
#5133=ORIENTED_EDGE('',*,*,#5101,.F.);
#5134=ORIENTED_EDGE('',*,*,#3268,.T.);
#5135=EDGE_LOOP('',(#5132,#5133,#5134));
#5136=FACE_OUTER_BOUND('',#5135,.T.);
#5137=ADVANCED_FACE('',(#5136),#5127,.T.);
#5138=CARTESIAN_POINT('',(45.09607315,14.02454853,8));
#5139=DIRECTION('',(0,0,1));
#5140=DIRECTION('',(1,0,0));
#5141=AXIS2_PLACEMENT_3D('',#5138,#5139,#5140);
#5142=PLANE('',#5141);
#5143=ORIENTED_EDGE('',*,*,#3293,.T.);
#5144=ORIENTED_EDGE('',*,*,#5116,.F.);
#5145=ORIENTED_EDGE('',*,*,#5131,.F.);
#5146=EDGE_LOOP('',(#5143,#5144,#5145));
#5147=FACE_OUTER_BOUND('',#5146,.T.);
#5148=ADVANCED_FACE('',(#5147),#5142,.T.);
#5149=CARTESIAN_POINT('',(45.38060379,13.08658314,8));
#5150=DIRECTION('',(0,0,1));
#5151=DIRECTION('',(1,0,0));
#5152=AXIS2_PLACEMENT_3D('',#5149,#5150,#5151);
#5153=PLANE('',#5152);
#5154=DIRECTION('',(0.47139543,0.88192196,0));
#5155=VECTOR('',#5154,0.98016982);
#5156=LINE('',#3279,#5155);
#5157=EDGE_CURVE('',#3280,#3301,#5156,.T.);
#5158=ORIENTED_EDGE('',*,*,#3314,.T.);
#5159=ORIENTED_EDGE('',*,*,#5157,.F.);
#5160=ORIENTED_EDGE('',*,*,#3289,.F.);
#5161=EDGE_LOOP('',(#5158,#5159,#5160));
#5162=FACE_OUTER_BOUND('',#5161,.T.);
#5163=ADVANCED_FACE('',(#5162),#5153,.T.);
#5164=CARTESIAN_POINT('',(45.84265137,12.2221489,8));
#5165=DIRECTION('',(0,0,1));
#5166=DIRECTION('',(1,0,0));
#5167=AXIS2_PLACEMENT_3D('',#5164,#5165,#5166);
#5168=PLANE('',#5167);
#5169=DIRECTION('',(0.6343936,0.77301019,0));
#5170=VECTOR('',#5169,0.98017181);
#5171=LINE('',#3300,#5170);
#5172=EDGE_CURVE('',#3301,#3322,#5171,.T.);
#5173=ORIENTED_EDGE('',*,*,#3335,.T.);
#5174=ORIENTED_EDGE('',*,*,#5172,.F.);
#5175=ORIENTED_EDGE('',*,*,#3310,.F.);
#5176=EDGE_LOOP('',(#5173,#5174,#5175));
#5177=FACE_OUTER_BOUND('',#5176,.T.);
#5178=ADVANCED_FACE('',(#5177),#5168,.T.);
#5179=CARTESIAN_POINT('',(47.2221489,19.15734863,8));
#5180=VERTEX_POINT('',#5179);
#5181=CARTESIAN_POINT('',(46.46446609,11.46446609,8));
#5182=DIRECTION('',(0,0,1));
#5183=DIRECTION('',(1,0,0));
#5184=AXIS2_PLACEMENT_3D('',#5181,#5182,#5183);
#5185=PLANE('',#5184);
#5186=DIRECTION('',(0.04600427,0.99894124,0));
#5187=VECTOR('',#5186,3.57586372);
#5188=LINE('',#3363,#5187);
#5189=EDGE_CURVE('',#3364,#5180,#5188,.T.);
#5190=DIRECTION('',(0.09801714,0.99518473,0));
#5191=VECTOR('',#5190,7.73010511);
#5192=LINE('',#2994,#5191);
#5193=EDGE_CURVE('',#2995,#5180,#5192,.T.);
#5194=ORIENTED_EDGE('',*,*,#3377,.T.);
#5195=ORIENTED_EDGE('',*,*,#5189,.T.);
#5196=ORIENTED_EDGE('',*,*,#5193,.F.);
#5197=EDGE_LOOP('',(#5194,#5195,#5196));
#5198=FACE_OUTER_BOUND('',#5197,.T.);
#5199=ADVANCED_FACE('',(#5198),#5185,.T.);
#5200=CARTESIAN_POINT('',(46.46446609,11.46446609,8));
#5201=DIRECTION('',(0,0,1));
#5202=DIRECTION('',(1,0,0));
#5203=AXIS2_PLACEMENT_3D('',#5200,#5201,#5202);
#5204=PLANE('',#5203);
#5205=DIRECTION('',(0.77301019,0.6343936,0));
#5206=VECTOR('',#5205,0.98017181);
#5207=LINE('',#3321,#5206);
#5208=EDGE_CURVE('',#3322,#5180,#5207,.T.);
#5209=ORIENTED_EDGE('',*,*,#5193,.T.);
#5210=ORIENTED_EDGE('',*,*,#5208,.F.);
#5211=ORIENTED_EDGE('',*,*,#3331,.F.);
#5212=EDGE_LOOP('',(#5209,#5210,#5211));
#5213=FACE_OUTER_BOUND('',#5212,.T.);
#5214=ADVANCED_FACE('',(#5213),#5204,.T.);
#5215=CARTESIAN_POINT('',(45.38060379,16.91341782,8));
#5216=DIRECTION('',(-0.88192196,0.47139543,0));
#5217=DIRECTION('',(0,0,1));
#5218=AXIS2_PLACEMENT_3D('',#5215,#5216,#5217);
#5219=PLANE('',#5218);
#5220=ORIENTED_EDGE('',*,*,#5157,.T.);
#5221=ORIENTED_EDGE('',*,*,#5067,.F.);
#5222=ORIENTED_EDGE('',*,*,#5044,.F.);
#5223=EDGE_LOOP('',(#5220,#5221,#5222));
#5224=FACE_OUTER_BOUND('',#5223,.T.);
#5225=ADVANCED_FACE('',(#5224),#5219,.T.);
#5226=CARTESIAN_POINT('',(45.84265137,17.7778511,8));
#5227=DIRECTION('',(-0.77301019,0.6343936,0));
#5228=DIRECTION('',(0,0,1));
#5229=AXIS2_PLACEMENT_3D('',#5226,#5227,#5228);
#5230=PLANE('',#5229);
#5231=ORIENTED_EDGE('',*,*,#5172,.T.);
#5232=ORIENTED_EDGE('',*,*,#5086,.F.);
#5233=ORIENTED_EDGE('',*,*,#5063,.F.);
#5234=EDGE_LOOP('',(#5231,#5232,#5233));
#5235=FACE_OUTER_BOUND('',#5234,.T.);
#5236=ADVANCED_FACE('',(#5235),#5230,.T.);
#5237=CARTESIAN_POINT('',(47.22836304,16.14805031,8));
#5238=VERTEX_POINT('',#5237);
#5239=CARTESIAN_POINT('',(47.05764389,15.58527088,8));
#5240=DIRECTION('',(0,0,1));
#5241=DIRECTION('',(1,0,0));
#5242=AXIS2_PLACEMENT_3D('',#5239,#5240,#5241);
#5243=PLANE('',#5242);
#5244=DIRECTION('',(0.2902876,0.95693945,0));
#5245=VECTOR('',#5244,0.58810349);
#5246=LINE('',#3363,#5245);
#5247=EDGE_CURVE('',#3364,#5238,#5246,.T.);
#5248=DIRECTION('',(0.00206498,-0.99999787,0));
#5249=VECTOR('',#5248,3.00930474);
#5250=LINE('',#5179,#5249);
#5251=EDGE_CURVE('',#5180,#5238,#5250,.T.);
#5252=ORIENTED_EDGE('',*,*,#5247,.T.);
#5253=ORIENTED_EDGE('',*,*,#5251,.F.);
#5254=ORIENTED_EDGE('',*,*,#5189,.F.);
#5255=EDGE_LOOP('',(#5252,#5253,#5254));
#5256=FACE_OUTER_BOUND('',#5255,.T.);
#5257=ADVANCED_FACE('',(#5256),#5243,.T.);
#5258=CARTESIAN_POINT('',(47.50559235,16.6667099,8));
#5259=VERTEX_POINT('',#5258);
#5260=CARTESIAN_POINT('',(47.22836304,16.14805031,8));
#5261=DIRECTION('',(0,0,1));
#5262=DIRECTION('',(1,0,0));
#5263=AXIS2_PLACEMENT_3D('',#5260,#5261,#5262);
#5264=PLANE('',#5263);
#5265=DIRECTION('',(0.47139671,0.88192128,0));
#5266=VECTOR('',#5265,0.58810191);
#5267=LINE('',#5237,#5266);
#5268=EDGE_CURVE('',#5238,#5259,#5267,.T.);
#5269=DIRECTION('',(0.11307365,-0.99358661,0));
#5270=VECTOR('',#5269,2.50671528);
#5271=LINE('',#5179,#5270);
#5272=EDGE_CURVE('',#5180,#5259,#5271,.T.);
#5273=ORIENTED_EDGE('',*,*,#5268,.T.);
#5274=ORIENTED_EDGE('',*,*,#5272,.F.);
#5275=ORIENTED_EDGE('',*,*,#5251,.T.);
#5276=EDGE_LOOP('',(#5273,#5274,#5275));
#5277=FACE_OUTER_BOUND('',#5276,.T.);
#5278=ADVANCED_FACE('',(#5277),#5264,.T.);
#5279=CARTESIAN_POINT('',(47.87868118,17.12132072,8));
#5280=VERTEX_POINT('',#5279);
#5281=CARTESIAN_POINT('',(47.2221489,19.15734863,8));
#5282=DIRECTION('',(0,0,1));
#5283=DIRECTION('',(1,0,0));
#5284=AXIS2_PLACEMENT_3D('',#5281,#5282,#5283);
#5285=PLANE('',#5284);
#5286=DIRECTION('',(0.63439265,0.77301097,0));
#5287=VECTOR('',#5286,0.58810397);
#5288=LINE('',#5258,#5287);
#5289=EDGE_CURVE('',#5259,#5280,#5288,.T.);
#5290=DIRECTION('',(0.30689654,-0.95174288,0));
#5291=VECTOR('',#5290,2.13926256);
#5292=LINE('',#5179,#5291);
#5293=EDGE_CURVE('',#5180,#5280,#5292,.T.);
#5294=ORIENTED_EDGE('',*,*,#5272,.T.);
#5295=ORIENTED_EDGE('',*,*,#5289,.T.);
#5296=ORIENTED_EDGE('',*,*,#5293,.F.);
#5297=EDGE_LOOP('',(#5294,#5295,#5296));
#5298=FACE_OUTER_BOUND('',#5297,.T.);
#5299=ADVANCED_FACE('',(#5298),#5285,.T.);
#5300=CARTESIAN_POINT('',(48.3332901,17.49440956,8));
#5301=VERTEX_POINT('',#5300);
#5302=CARTESIAN_POINT('',(48.08658218,19.61939812,8));
#5303=VERTEX_POINT('',#5302);
#5304=CARTESIAN_POINT('',(47.87868118,17.12132072,8));
#5305=DIRECTION('',(0,0,1));
#5306=DIRECTION('',(1,0,0));
#5307=AXIS2_PLACEMENT_3D('',#5304,#5305,#5306);
#5308=PLANE('',#5307);
#5309=DIRECTION('',(0.77300967,0.63439424,0));
#5310=VECTOR('',#5309,0.5881025);
#5311=LINE('',#5279,#5310);
#5312=EDGE_CURVE('',#5280,#5301,#5311,.T.);
#5313=DIRECTION('',(0.11532385,-0.99332795,0));
#5314=VECTOR('',#5313,2.13926183);
#5315=LINE('',#5302,#5314);
#5316=EDGE_CURVE('',#5303,#5301,#5315,.T.);
#5317=DIRECTION('',(0.08293767,0.99655474,0));
#5318=VECTOR('',#5317,2.50671368);
#5319=LINE('',#5279,#5318);
#5320=EDGE_CURVE('',#5280,#5303,#5319,.T.);
#5321=ORIENTED_EDGE('',*,*,#5312,.T.);
#5322=ORIENTED_EDGE('',*,*,#5316,.F.);
#5323=ORIENTED_EDGE('',*,*,#5320,.F.);
#5324=EDGE_LOOP('',(#5321,#5322,#5323));
#5325=FACE_OUTER_BOUND('',#5324,.T.);
#5326=ADVANCED_FACE('',(#5325),#5308,.T.);
#5327=CARTESIAN_POINT('',(47.2221489,19.15734863,8));
#5328=DIRECTION('',(0,0,1));
#5329=DIRECTION('',(1,0,0));
#5330=AXIS2_PLACEMENT_3D('',#5327,#5328,#5329);
#5331=PLANE('',#5330);
#5332=DIRECTION('',(0.88192115,0.47139695,0));
#5333=VECTOR('',#5332,0.98017072);
#5334=LINE('',#5179,#5333);
#5335=EDGE_CURVE('',#5180,#5303,#5334,.T.);
#5336=ORIENTED_EDGE('',*,*,#5293,.T.);
#5337=ORIENTED_EDGE('',*,*,#5320,.T.);
#5338=ORIENTED_EDGE('',*,*,#5335,.F.);
#5339=EDGE_LOOP('',(#5336,#5337,#5338));
#5340=FACE_OUTER_BOUND('',#5339,.T.);
#5341=ADVANCED_FACE('',(#5340),#5331,.T.);
#5342=CARTESIAN_POINT('',(47.2221489,19.15734863,8));
#5343=DIRECTION('',(-0.47139695,0.88192115,0));
#5344=DIRECTION('',(0,0,1));
#5345=AXIS2_PLACEMENT_3D('',#5342,#5343,#5344);
#5346=PLANE('',#5345);
#5347=DIRECTION('',(0.20989841,0.1121931,-0.97126483));
#5348=VECTOR('',#5347,4.11834125);
#5349=LINE('',#5179,#5348);
#5350=EDGE_CURVE('',#5180,#1366,#5349,.T.);
#5351=DIRECTION('',(0,0,1));
#5352=VECTOR('',#5351,4);
#5353=LINE('',#1344,#5352);
#5354=EDGE_CURVE('',#1345,#5180,#5353,.T.);
#5355=ORIENTED_EDGE('',*,*,#5350,.T.);
#5356=ORIENTED_EDGE('',*,*,#1375,.F.);
#5357=ORIENTED_EDGE('',*,*,#5354,.T.);
#5358=EDGE_LOOP('',(#5355,#5356,#5357));
#5359=FACE_OUTER_BOUND('',#5358,.T.);
#5360=ADVANCED_FACE('',(#5359),#5346,.T.);
#5361=CARTESIAN_POINT('',(46.46446609,18.53553391,8));
#5362=DIRECTION('',(-0.6343936,0.77301019,0));
#5363=DIRECTION('',(0,0,1));
#5364=AXIS2_PLACEMENT_3D('',#5361,#5362,#5363);
#5365=PLANE('',#5364);
#5366=ORIENTED_EDGE('',*,*,#5208,.T.);
#5367=ORIENTED_EDGE('',*,*,#5354,.F.);
#5368=ORIENTED_EDGE('',*,*,#5082,.F.);
#5369=EDGE_LOOP('',(#5366,#5367,#5368));
#5370=FACE_OUTER_BOUND('',#5369,.T.);
#5371=ADVANCED_FACE('',(#5370),#5365,.T.);
#5372=CARTESIAN_POINT('',(47.2221489,19.15734863,8));
#5373=DIRECTION('',(-0.47139695,0.88192115,0));
#5374=DIRECTION('',(0,0,1));
#5375=AXIS2_PLACEMENT_3D('',#5372,#5373,#5374);
#5376=PLANE('',#5375);
#5377=DIRECTION('',(0,0,1));
#5378=VECTOR('',#5377,4);
#5379=LINE('',#1365,#5378);
#5380=EDGE_CURVE('',#1366,#5303,#5379,.T.);
#5381=ORIENTED_EDGE('',*,*,#5335,.T.);
#5382=ORIENTED_EDGE('',*,*,#5380,.F.);
#5383=ORIENTED_EDGE('',*,*,#5350,.F.);
#5384=EDGE_LOOP('',(#5381,#5382,#5383));
#5385=FACE_OUTER_BOUND('',#5384,.T.);
#5386=ADVANCED_FACE('',(#5385),#5376,.T.);
#5387=CARTESIAN_POINT('',(48.8519516,17.77163887,8));
#5388=VERTEX_POINT('',#5387);
#5389=CARTESIAN_POINT('',(48.3332901,17.49440956,8));
#5390=DIRECTION('',(0,0,1));
#5391=DIRECTION('',(1,0,0));
#5392=AXIS2_PLACEMENT_3D('',#5389,#5390,#5391);
#5393=PLANE('',#5392);
#5394=DIRECTION('',(0.881922,0.47139536,0));
#5395=VECTOR('',#5394,0.5881036);
#5396=LINE('',#5300,#5395);
#5397=EDGE_CURVE('',#5301,#5388,#5396,.T.);
#5398=DIRECTION('',(0.38268449,-0.92387909,0));
#5399=VECTOR('',#5398,2.00000114);
#5400=LINE('',#5302,#5399);
#5401=EDGE_CURVE('',#5303,#5388,#5400,.T.);
#5402=ORIENTED_EDGE('',*,*,#5397,.T.);
#5403=ORIENTED_EDGE('',*,*,#5401,.F.);
#5404=ORIENTED_EDGE('',*,*,#5316,.T.);
#5405=EDGE_LOOP('',(#5402,#5403,#5404));
#5406=FACE_OUTER_BOUND('',#5405,.T.);
#5407=ADVANCED_FACE('',(#5406),#5393,.T.);
#5408=CARTESIAN_POINT('',(49.41473007,17.94235611,8));
#5409=VERTEX_POINT('',#5408);
#5410=CARTESIAN_POINT('',(49.02454758,19.90392685,8));
#5411=VERTEX_POINT('',#5410);
#5412=CARTESIAN_POINT('',(48.8519516,17.77163887,8));
#5413=DIRECTION('',(0,0,1));
#5414=DIRECTION('',(1,0,0));
#5415=AXIS2_PLACEMENT_3D('',#5412,#5413,#5414);
#5416=PLANE('',#5415);
#5417=DIRECTION('',(0.95694021,0.29028508,0));
#5418=VECTOR('',#5417,0.58810202);
#5419=LINE('',#5387,#5418);
#5420=EDGE_CURVE('',#5388,#5409,#5419,.T.);
#5421=DIRECTION('',(0.1950912,-0.98078511,0));
#5422=VECTOR('',#5421,2.00000054);
#5423=LINE('',#5410,#5422);
#5424=EDGE_CURVE('',#5411,#5409,#5423,.T.);
#5425=DIRECTION('',(0.08068015,0.99674004,0));
#5426=VECTOR('',#5425,2.13926188);
#5427=LINE('',#5387,#5426);
#5428=EDGE_CURVE('',#5388,#5411,#5427,.T.);
#5429=ORIENTED_EDGE('',*,*,#5420,.T.);
#5430=ORIENTED_EDGE('',*,*,#5424,.F.);
#5431=ORIENTED_EDGE('',*,*,#5428,.F.);
#5432=EDGE_LOOP('',(#5429,#5430,#5431));
#5433=FACE_OUTER_BOUND('',#5432,.T.);
#5434=ADVANCED_FACE('',(#5433),#5416,.T.);
#5435=CARTESIAN_POINT('',(50,18,8));
#5436=VERTEX_POINT('',#5435);
#5437=CARTESIAN_POINT('',(49.41473007,17.94235611,8));
#5438=DIRECTION('',(0,0,1));
#5439=DIRECTION('',(1,0,0));
#5440=AXIS2_PLACEMENT_3D('',#5437,#5438,#5439);
#5441=PLANE('',#5440);
#5442=DIRECTION('',(0.99518475,0.09801686,0));
#5443=VECTOR('',#5442,0.58810178);
#5444=LINE('',#5408,#5443);
#5445=EDGE_CURVE('',#5409,#5436,#5444,.T.);
#5446=DIRECTION('',(0.45597599,-0.88999208,0));
#5447=VECTOR('',#5446,2.13926269);
#5448=LINE('',#5410,#5447);
#5449=EDGE_CURVE('',#5411,#5436,#5448,.T.);
#5450=ORIENTED_EDGE('',*,*,#5445,.T.);
#5451=ORIENTED_EDGE('',*,*,#5449,.F.);
#5452=ORIENTED_EDGE('',*,*,#5424,.T.);
#5453=EDGE_LOOP('',(#5450,#5451,#5452));
#5454=FACE_OUTER_BOUND('',#5453,.T.);
#5455=ADVANCED_FACE('',(#5454),#5441,.T.);
#5456=CARTESIAN_POINT('',(50.58526993,17.94235611,8));
#5457=VERTEX_POINT('',#5456);
#5458=CARTESIAN_POINT('',(50,20,8));
#5459=VERTEX_POINT('',#5458);
#5460=CARTESIAN_POINT('',(50,18,8));
#5461=DIRECTION('',(0,0,1));
#5462=DIRECTION('',(1,0,0));
#5463=AXIS2_PLACEMENT_3D('',#5460,#5461,#5462);
#5464=PLANE('',#5463);
#5465=DIRECTION('',(0.99518475,-0.09801686,0));
#5466=VECTOR('',#5465,0.58810178);
#5467=LINE('',#5435,#5466);
#5468=EDGE_CURVE('',#5436,#5457,#5467,.T.);
#5469=DIRECTION('',(0.27358505,-0.96184782,0));
#5470=VECTOR('',#5469,2.13926138);
#5471=LINE('',#5458,#5470);
#5472=EDGE_CURVE('',#5459,#5457,#5471,.T.);
#5473=DIRECTION('',(0,1,0));
#5474=VECTOR('',#5473,2);
#5475=LINE('',#5435,#5474);
#5476=EDGE_CURVE('',#5436,#5459,#5475,.T.);
#5477=ORIENTED_EDGE('',*,*,#5468,.T.);
#5478=ORIENTED_EDGE('',*,*,#5472,.F.);
#5479=ORIENTED_EDGE('',*,*,#5476,.F.);
#5480=EDGE_LOOP('',(#5477,#5478,#5479));
#5481=FACE_OUTER_BOUND('',#5480,.T.);
#5482=ADVANCED_FACE('',(#5481),#5464,.T.);
#5483=CARTESIAN_POINT('',(51.1480484,17.77163887,8));
#5484=VERTEX_POINT('',#5483);
#5485=CARTESIAN_POINT('',(50.58526993,17.94235611,8));
#5486=DIRECTION('',(0,0,1));
#5487=DIRECTION('',(1,0,0));
#5488=AXIS2_PLACEMENT_3D('',#5485,#5486,#5487);
#5489=PLANE('',#5488);
#5490=DIRECTION('',(0.95694021,-0.29028508,0));
#5491=VECTOR('',#5490,0.58810202);
#5492=LINE('',#5456,#5491);
#5493=EDGE_CURVE('',#5457,#5484,#5492,.T.);
#5494=DIRECTION('',(0.08068015,-0.99674004,0));
#5495=VECTOR('',#5494,2.13926188);
#5496=LINE('',#4802,#5495);
#5497=EDGE_CURVE('',#4803,#5484,#5496,.T.);
#5498=DIRECTION('',(0.1950912,0.98078511,0));
#5499=VECTOR('',#5498,2.00000054);
#5500=LINE('',#5456,#5499);
#5501=EDGE_CURVE('',#5457,#4803,#5500,.T.);
#5502=ORIENTED_EDGE('',*,*,#5493,.T.);
#5503=ORIENTED_EDGE('',*,*,#5497,.F.);
#5504=ORIENTED_EDGE('',*,*,#5501,.F.);
#5505=EDGE_LOOP('',(#5502,#5503,#5504));
#5506=FACE_OUTER_BOUND('',#5505,.T.);
#5507=ADVANCED_FACE('',(#5506),#5489,.T.);
#5508=CARTESIAN_POINT('',(53,15,8));
#5509=VERTEX_POINT('',#5508);
#5510=CARTESIAN_POINT('',(52.94235611,14.41472912,8));
#5511=DIRECTION('',(0,0,1));
#5512=DIRECTION('',(1,0,0));
#5513=AXIS2_PLACEMENT_3D('',#5510,#5511,#5512);
#5514=PLANE('',#5513);
#5515=DIRECTION('',(0.14976354,0.98872184,0));
#5516=VECTOR('',#5515,3.57586305);
#5517=LINE('',#5508,#5516);
#5518=EDGE_CURVE('',#5509,#3736,#5517,.T.);
#5519=DIRECTION('',(0.0980167,0.99518477,0));
#5520=VECTOR('',#5519,0.58810273);
#5521=LINE('',#3714,#5520);
#5522=EDGE_CURVE('',#3715,#5509,#5521,.T.);
#5523=ORIENTED_EDGE('',*,*,#3749,.T.);
#5524=ORIENTED_EDGE('',*,*,#5518,.F.);
#5525=ORIENTED_EDGE('',*,*,#5522,.F.);
#5526=EDGE_LOOP('',(#5523,#5524,#5525));
#5527=FACE_OUTER_BOUND('',#5526,.T.);
#5528=ADVANCED_FACE('',(#5527),#5514,.T.);
#5529=CARTESIAN_POINT('',(52.94235611,15.58527088,8));
#5530=VERTEX_POINT('',#5529);
#5531=CARTESIAN_POINT('',(53,15,8));
#5532=DIRECTION('',(0,0,1));
#5533=DIRECTION('',(1,0,0));
#5534=AXIS2_PLACEMENT_3D('',#5531,#5532,#5533);
#5535=PLANE('',#5534);
#5536=DIRECTION('',(0.1971146,0.98038045,0));
#5537=VECTOR('',#5536,3.00930421);
#5538=LINE('',#5529,#5537);
#5539=EDGE_CURVE('',#5530,#3736,#5538,.T.);
#5540=DIRECTION('',(0.0980167,-0.99518477,0));
#5541=VECTOR('',#5540,0.58810273);
#5542=LINE('',#5529,#5541);
#5543=EDGE_CURVE('',#5530,#5509,#5542,.T.);
#5544=ORIENTED_EDGE('',*,*,#5518,.T.);
#5545=ORIENTED_EDGE('',*,*,#5539,.F.);
#5546=ORIENTED_EDGE('',*,*,#5543,.T.);
#5547=EDGE_LOOP('',(#5544,#5545,#5546));
#5548=FACE_OUTER_BOUND('',#5547,.T.);
#5549=ADVANCED_FACE('',(#5548),#5535,.T.);
#5550=CARTESIAN_POINT('',(53.53553391,11.46446609,8));
#5551=DIRECTION('',(0,0,1));
#5552=DIRECTION('',(1,0,0));
#5553=AXIS2_PLACEMENT_3D('',#5550,#5551,#5552);
#5554=PLANE('',#5553);
#5555=ORIENTED_EDGE('',*,*,#3785,.T.);
#5556=ORIENTED_EDGE('',*,*,#4933,.F.);
#5557=ORIENTED_EDGE('',*,*,#3764,.F.);
#5558=EDGE_LOOP('',(#5555,#5556,#5557));
#5559=FACE_OUTER_BOUND('',#5558,.T.);
#5560=ADVANCED_FACE('',(#5559),#5554,.T.);
#5561=CARTESIAN_POINT('',(54.90392685,14.02454853,8));
#5562=DIRECTION('',(0,0,1));
#5563=DIRECTION('',(1,0,0));
#5564=AXIS2_PLACEMENT_3D('',#5561,#5562,#5563);
#5565=PLANE('',#5564);
#5566=ORIENTED_EDGE('',*,*,#2930,.T.);
#5567=ORIENTED_EDGE('',*,*,#4888,.F.);
#5568=ORIENTED_EDGE('',*,*,#3823,.F.);
#5569=EDGE_LOOP('',(#5566,#5567,#5568));
#5570=FACE_OUTER_BOUND('',#5569,.T.);
#5571=ADVANCED_FACE('',(#5570),#5565,.T.);
#5572=CARTESIAN_POINT('',(54.61939621,13.08658314,8));
#5573=DIRECTION('',(0,0,1));
#5574=DIRECTION('',(1,0,0));
#5575=AXIS2_PLACEMENT_3D('',#5572,#5573,#5574);
#5576=PLANE('',#5575);
#5577=ORIENTED_EDGE('',*,*,#3827,.T.);
#5578=ORIENTED_EDGE('',*,*,#4903,.F.);
#5579=ORIENTED_EDGE('',*,*,#3802,.F.);
#5580=EDGE_LOOP('',(#5577,#5578,#5579));
#5581=FACE_OUTER_BOUND('',#5580,.T.);
#5582=ADVANCED_FACE('',(#5581),#5576,.T.);
#5583=CARTESIAN_POINT('',(54.15734863,12.2221489,8));
#5584=DIRECTION('',(0,0,1));
#5585=DIRECTION('',(1,0,0));
#5586=AXIS2_PLACEMENT_3D('',#5583,#5584,#5585);
#5587=PLANE('',#5586);
#5588=ORIENTED_EDGE('',*,*,#3806,.T.);
#5589=ORIENTED_EDGE('',*,*,#4918,.F.);
#5590=ORIENTED_EDGE('',*,*,#3781,.F.);
#5591=EDGE_LOOP('',(#5588,#5589,#5590));
#5592=FACE_OUTER_BOUND('',#5591,.T.);
#5593=ADVANCED_FACE('',(#5592),#5587,.T.);
#5594=CARTESIAN_POINT('',(52.77163696,16.14805031,8));
#5595=VERTEX_POINT('',#5594);
#5596=CARTESIAN_POINT('',(52.94235611,15.58527088,8));
#5597=DIRECTION('',(0,0,1));
#5598=DIRECTION('',(1,0,0));
#5599=AXIS2_PLACEMENT_3D('',#5596,#5597,#5598);
#5600=PLANE('',#5599);
#5601=DIRECTION('',(0.04600427,-0.99894124,0));
#5602=VECTOR('',#5601,3.57586372);
#5603=LINE('',#4823,#5602);
#5604=EDGE_CURVE('',#4824,#5530,#5603,.T.);
#5605=DIRECTION('',(0.00206498,0.99999787,0));
#5606=VECTOR('',#5605,3.00930474);
#5607=LINE('',#5594,#5606);
#5608=EDGE_CURVE('',#5595,#4824,#5607,.T.);
#5609=DIRECTION('',(0.2902876,-0.95693945,0));
#5610=VECTOR('',#5609,0.58810349);
#5611=LINE('',#5594,#5610);
#5612=EDGE_CURVE('',#5595,#5530,#5611,.T.);
#5613=ORIENTED_EDGE('',*,*,#5604,.F.);
#5614=ORIENTED_EDGE('',*,*,#5608,.F.);
#5615=ORIENTED_EDGE('',*,*,#5612,.T.);
#5616=EDGE_LOOP('',(#5613,#5614,#5615));
#5617=FACE_OUTER_BOUND('',#5616,.T.);
#5618=ADVANCED_FACE('',(#5617),#5600,.T.);
#5619=CARTESIAN_POINT('',(52.49440765,16.6667099,8));
#5620=VERTEX_POINT('',#5619);
#5621=CARTESIAN_POINT('',(52.49440765,16.6667099,8));
#5622=DIRECTION('',(0,0,1));
#5623=DIRECTION('',(1,0,0));
#5624=AXIS2_PLACEMENT_3D('',#5621,#5622,#5623);
#5625=PLANE('',#5624);
#5626=DIRECTION('',(0.47139671,-0.88192128,0));
#5627=VECTOR('',#5626,0.58810191);
#5628=LINE('',#5619,#5627);
#5629=EDGE_CURVE('',#5620,#5595,#5628,.T.);
#5630=DIRECTION('',(0.11307365,0.99358661,0));
#5631=VECTOR('',#5630,2.50671528);
#5632=LINE('',#5619,#5631);
#5633=EDGE_CURVE('',#5620,#4824,#5632,.T.);
#5634=ORIENTED_EDGE('',*,*,#5629,.T.);
#5635=ORIENTED_EDGE('',*,*,#5608,.T.);
#5636=ORIENTED_EDGE('',*,*,#5633,.F.);
#5637=EDGE_LOOP('',(#5634,#5635,#5636));
#5638=FACE_OUTER_BOUND('',#5637,.T.);
#5639=ADVANCED_FACE('',(#5638),#5625,.T.);
#5640=CARTESIAN_POINT('',(52.12131882,17.12132072,8));
#5641=VERTEX_POINT('',#5640);
#5642=CARTESIAN_POINT('',(52.49440765,16.6667099,8));
#5643=DIRECTION('',(0,0,1));
#5644=DIRECTION('',(1,0,0));
#5645=AXIS2_PLACEMENT_3D('',#5642,#5643,#5644);
#5646=PLANE('',#5645);
#5647=DIRECTION('',(0.30689654,0.95174288,0));
#5648=VECTOR('',#5647,2.13926256);
#5649=LINE('',#5640,#5648);
#5650=EDGE_CURVE('',#5641,#4824,#5649,.T.);
#5651=DIRECTION('',(0.63439265,-0.77301097,0));
#5652=VECTOR('',#5651,0.58810397);
#5653=LINE('',#5640,#5652);
#5654=EDGE_CURVE('',#5641,#5620,#5653,.T.);
#5655=ORIENTED_EDGE('',*,*,#5633,.T.);
#5656=ORIENTED_EDGE('',*,*,#5650,.F.);
#5657=ORIENTED_EDGE('',*,*,#5654,.T.);
#5658=EDGE_LOOP('',(#5655,#5656,#5657));
#5659=FACE_OUTER_BOUND('',#5658,.T.);
#5660=ADVANCED_FACE('',(#5659),#5646,.T.);
#5661=CARTESIAN_POINT('',(52.94235611,15.58527088,8));
#5662=DIRECTION('',(0,0,1));
#5663=DIRECTION('',(1,0,0));
#5664=AXIS2_PLACEMENT_3D('',#5661,#5662,#5663);
#5665=PLANE('',#5664);
#5666=ORIENTED_EDGE('',*,*,#5539,.T.);
#5667=ORIENTED_EDGE('',*,*,#4993,.F.);
#5668=ORIENTED_EDGE('',*,*,#5604,.T.);
#5669=EDGE_LOOP('',(#5666,#5667,#5668));
#5670=FACE_OUTER_BOUND('',#5669,.T.);
#5671=ADVANCED_FACE('',(#5670),#5665,.T.);
#5672=CARTESIAN_POINT('',(51.6667099,17.49440956,8));
#5673=VERTEX_POINT('',#5672);
#5674=CARTESIAN_POINT('',(51.6667099,17.49440956,8));
#5675=DIRECTION('',(0,0,1));
#5676=DIRECTION('',(1,0,0));
#5677=AXIS2_PLACEMENT_3D('',#5674,#5675,#5676);
#5678=PLANE('',#5677);
#5679=DIRECTION('',(0.77300967,-0.63439424,0));
#5680=VECTOR('',#5679,0.5881025);
#5681=LINE('',#5672,#5680);
#5682=EDGE_CURVE('',#5673,#5641,#5681,.T.);
#5683=DIRECTION('',(0.08293767,-0.99655474,0));
#5684=VECTOR('',#5683,2.50671368);
#5685=LINE('',#4844,#5684);
#5686=EDGE_CURVE('',#4845,#5641,#5685,.T.);
#5687=DIRECTION('',(0.11532385,0.99332795,0));
#5688=VECTOR('',#5687,2.13926183);
#5689=LINE('',#5672,#5688);
#5690=EDGE_CURVE('',#5673,#4845,#5689,.T.);
#5691=ORIENTED_EDGE('',*,*,#5682,.T.);
#5692=ORIENTED_EDGE('',*,*,#5686,.F.);
#5693=ORIENTED_EDGE('',*,*,#5690,.F.);
#5694=EDGE_LOOP('',(#5691,#5692,#5693));
#5695=FACE_OUTER_BOUND('',#5694,.T.);
#5696=ADVANCED_FACE('',(#5695),#5678,.T.);
#5697=CARTESIAN_POINT('',(51.6667099,17.49440956,8));
#5698=DIRECTION('',(0,0,1));
#5699=DIRECTION('',(1,0,0));
#5700=AXIS2_PLACEMENT_3D('',#5697,#5698,#5699);
#5701=PLANE('',#5700);
#5702=DIRECTION('',(0.38268449,0.92387909,0));
#5703=VECTOR('',#5702,2.00000114);
#5704=LINE('',#5483,#5703);
#5705=EDGE_CURVE('',#5484,#4845,#5704,.T.);
#5706=DIRECTION('',(0.881922,-0.47139536,0));
#5707=VECTOR('',#5706,0.5881036);
#5708=LINE('',#5483,#5707);
#5709=EDGE_CURVE('',#5484,#5673,#5708,.T.);
#5710=ORIENTED_EDGE('',*,*,#5690,.T.);
#5711=ORIENTED_EDGE('',*,*,#5705,.F.);
#5712=ORIENTED_EDGE('',*,*,#5709,.T.);
#5713=EDGE_LOOP('',(#5710,#5711,#5712));
#5714=FACE_OUTER_BOUND('',#5713,.T.);
#5715=ADVANCED_FACE('',(#5714),#5701,.T.);
#5716=CARTESIAN_POINT('',(52.12131882,17.12132072,8));
#5717=DIRECTION('',(0,0,1));
#5718=DIRECTION('',(1,0,0));
#5719=AXIS2_PLACEMENT_3D('',#5716,#5717,#5718);
#5720=PLANE('',#5719);
#5721=ORIENTED_EDGE('',*,*,#5650,.T.);
#5722=ORIENTED_EDGE('',*,*,#4978,.F.);
#5723=ORIENTED_EDGE('',*,*,#5686,.T.);
#5724=EDGE_LOOP('',(#5721,#5722,#5723));
#5725=FACE_OUTER_BOUND('',#5724,.T.);
#5726=ADVANCED_FACE('',(#5725),#5720,.T.);
#5727=CARTESIAN_POINT('',(48.08658218,19.61939812,8));
#5728=DIRECTION('',(-0.29028472,0.95694032,0));
#5729=DIRECTION('',(0,0,1));
#5730=AXIS2_PLACEMENT_3D('',#5727,#5728,#5729);
#5731=PLANE('',#5730);
#5732=DIRECTION('',(0.22775319,0.06908819,-0.9712648));
#5733=VECTOR('',#5732,4.11834137);
#5734=LINE('',#5302,#5733);
#5735=EDGE_CURVE('',#5303,#1387,#5734,.T.);
#5736=ORIENTED_EDGE('',*,*,#5735,.T.);
#5737=ORIENTED_EDGE('',*,*,#1396,.F.);
#5738=ORIENTED_EDGE('',*,*,#5380,.T.);
#5739=EDGE_LOOP('',(#5736,#5737,#5738));
#5740=FACE_OUTER_BOUND('',#5739,.T.);
#5741=ADVANCED_FACE('',(#5740),#5731,.T.);
#5742=CARTESIAN_POINT('',(49.02454758,19.90392685,8));
#5743=DIRECTION('',(-0.09801661,0.99518478,0));
#5744=DIRECTION('',(0,0,1));
#5745=AXIS2_PLACEMENT_3D('',#5742,#5743,#5744);
#5746=PLANE('',#5745);
#5747=DIRECTION('',(0.23685564,0.02332812,-0.97126475));
#5748=VECTOR('',#5747,4.11834159);
#5749=LINE('',#5410,#5748);
#5750=EDGE_CURVE('',#5411,#1627,#5749,.T.);
#5751=DIRECTION('',(0,0,1));
#5752=VECTOR('',#5751,4);
#5753=LINE('',#1386,#5752);
#5754=EDGE_CURVE('',#1387,#5411,#5753,.T.);
#5755=ORIENTED_EDGE('',*,*,#5750,.T.);
#5756=ORIENTED_EDGE('',*,*,#1655,.F.);
#5757=ORIENTED_EDGE('',*,*,#5754,.T.);
#5758=EDGE_LOOP('',(#5755,#5756,#5757));
#5759=FACE_OUTER_BOUND('',#5758,.T.);
#5760=ADVANCED_FACE('',(#5759),#5746,.T.);
#5761=CARTESIAN_POINT('',(48.08658218,19.61939812,8));
#5762=DIRECTION('',(-0.29028472,0.95694032,0));
#5763=DIRECTION('',(0,0,1));
#5764=AXIS2_PLACEMENT_3D('',#5761,#5762,#5763);
#5765=PLANE('',#5764);
#5766=DIRECTION('',(0.95694032,0.29028472,0));
#5767=VECTOR('',#5766,0.98017125);
#5768=LINE('',#5302,#5767);
#5769=EDGE_CURVE('',#5303,#5411,#5768,.T.);
#5770=ORIENTED_EDGE('',*,*,#5769,.T.);
#5771=ORIENTED_EDGE('',*,*,#5754,.F.);
#5772=ORIENTED_EDGE('',*,*,#5735,.F.);
#5773=EDGE_LOOP('',(#5770,#5771,#5772));
#5774=FACE_OUTER_BOUND('',#5773,.T.);
#5775=ADVANCED_FACE('',(#5774),#5765,.T.);
#5776=CARTESIAN_POINT('',(49.02454758,19.90392685,8));
#5777=DIRECTION('',(-0.09801661,0.99518478,0));
#5778=DIRECTION('',(0,0,1));
#5779=AXIS2_PLACEMENT_3D('',#5776,#5777,#5778);
#5780=PLANE('',#5779);
#5781=DIRECTION('',(0.99518478,0.09801661,0));
#5782=VECTOR('',#5781,0.98017217);
#5783=LINE('',#5410,#5782);
#5784=EDGE_CURVE('',#5411,#5459,#5783,.T.);
#5785=DIRECTION('',(0,0,1));
#5786=VECTOR('',#5785,4);
#5787=LINE('',#1626,#5786);
#5788=EDGE_CURVE('',#1627,#5459,#5787,.T.);
#5789=ORIENTED_EDGE('',*,*,#5784,.T.);
#5790=ORIENTED_EDGE('',*,*,#5788,.F.);
#5791=ORIENTED_EDGE('',*,*,#5750,.F.);
#5792=EDGE_LOOP('',(#5789,#5790,#5791));
#5793=FACE_OUTER_BOUND('',#5792,.T.);
#5794=ADVANCED_FACE('',(#5793),#5780,.T.);
#5795=CARTESIAN_POINT('',(50,20,8));
#5796=DIRECTION('',(0.09801661,0.99518478,0));
#5797=DIRECTION('',(0,0,1));
#5798=AXIS2_PLACEMENT_3D('',#5795,#5796,#5797);
#5799=PLANE('',#5798);
#5800=DIRECTION('',(0.99518478,-0.09801661,0));
#5801=VECTOR('',#5800,0.98017217);
#5802=LINE('',#5458,#5801);
#5803=EDGE_CURVE('',#5459,#4803,#5802,.T.);
#5804=ORIENTED_EDGE('',*,*,#5803,.T.);
#5805=ORIENTED_EDGE('',*,*,#4948,.F.);
#5806=ORIENTED_EDGE('',*,*,#5788,.T.);
#5807=EDGE_LOOP('',(#5804,#5805,#5806));
#5808=FACE_OUTER_BOUND('',#5807,.T.);
#5809=ADVANCED_FACE('',(#5808),#5799,.T.);
#5810=CARTESIAN_POINT('',(48.08658218,19.61939812,8));
#5811=DIRECTION('',(0,0,1));
#5812=DIRECTION('',(1,0,0));
#5813=AXIS2_PLACEMENT_3D('',#5810,#5811,#5812);
#5814=PLANE('',#5813);
#5815=ORIENTED_EDGE('',*,*,#5401,.T.);
#5816=ORIENTED_EDGE('',*,*,#5428,.T.);
#5817=ORIENTED_EDGE('',*,*,#5769,.F.);
#5818=EDGE_LOOP('',(#5815,#5816,#5817));
#5819=FACE_OUTER_BOUND('',#5818,.T.);
#5820=ADVANCED_FACE('',(#5819),#5814,.T.);
#5821=CARTESIAN_POINT('',(49.02454758,19.90392685,8));
#5822=DIRECTION('',(0,0,1));
#5823=DIRECTION('',(1,0,0));
#5824=AXIS2_PLACEMENT_3D('',#5821,#5822,#5823);
#5825=PLANE('',#5824);
#5826=ORIENTED_EDGE('',*,*,#5449,.T.);
#5827=ORIENTED_EDGE('',*,*,#5476,.T.);
#5828=ORIENTED_EDGE('',*,*,#5784,.F.);
#5829=EDGE_LOOP('',(#5826,#5827,#5828));
#5830=FACE_OUTER_BOUND('',#5829,.T.);
#5831=ADVANCED_FACE('',(#5830),#5825,.T.);
#5832=CARTESIAN_POINT('',(50.58526993,17.94235611,8));
#5833=DIRECTION('',(0,0,1));
#5834=DIRECTION('',(1,0,0));
#5835=AXIS2_PLACEMENT_3D('',#5832,#5833,#5834);
#5836=PLANE('',#5835);
#5837=ORIENTED_EDGE('',*,*,#5501,.T.);
#5838=ORIENTED_EDGE('',*,*,#5803,.F.);
#5839=ORIENTED_EDGE('',*,*,#5472,.T.);
#5840=EDGE_LOOP('',(#5837,#5838,#5839));
#5841=FACE_OUTER_BOUND('',#5840,.T.);
#5842=ADVANCED_FACE('',(#5841),#5836,.T.);
#5843=CARTESIAN_POINT('',(51.1480484,17.77163887,8));
#5844=DIRECTION('',(0,0,1));
#5845=DIRECTION('',(1,0,0));
#5846=AXIS2_PLACEMENT_3D('',#5843,#5844,#5845);
#5847=PLANE('',#5846);
#5848=ORIENTED_EDGE('',*,*,#5705,.T.);
#5849=ORIENTED_EDGE('',*,*,#4963,.F.);
#5850=ORIENTED_EDGE('',*,*,#5497,.T.);
#5851=EDGE_LOOP('',(#5848,#5849,#5850));
#5852=FACE_OUTER_BOUND('',#5851,.T.);
#5853=ADVANCED_FACE('',(#5852),#5847,.T.);
#5854=CARTESIAN_POINT('',(47.87868118,12.87867928,-4));
#5855=DIRECTION('',(0.63439327,0.77301046,0));
#5856=DIRECTION('',(0,0,1));
#5857=AXIS2_PLACEMENT_3D('',#5854,#5855,#5856);
#5858=PLANE('',#5857);
#5859=DIRECTION('',(0,0,1));
#5860=VECTOR('',#5859,4);
#5861=LINE('',#1767,#5860);
#5862=EDGE_CURVE('',#1768,#229,#5861,.T.);
#5863=DIRECTION('',(0.11244341,-0.09227992,-0.98936388));
#5864=VECTOR('',#5863,4.04300183);
#5865=LINE('',#228,#5864);
#5866=EDGE_CURVE('',#229,#1665,#5865,.T.);
#5867=ORIENTED_EDGE('',*,*,#5862,.T.);
#5868=ORIENTED_EDGE('',*,*,#5866,.T.);
#5869=ORIENTED_EDGE('',*,*,#1781,.F.);
#5870=EDGE_LOOP('',(#5867,#5868,#5869));
#5871=FACE_OUTER_BOUND('',#5870,.T.);
#5872=ADVANCED_FACE('',(#5871),#5858,.T.);
#5873=CARTESIAN_POINT('',(47.87868118,12.87867928,-4));
#5874=DIRECTION('',(0.77301032,0.63439344,0));
#5875=DIRECTION('',(0,0,1));
#5876=AXIS2_PLACEMENT_3D('',#5873,#5874,#5875);
#5877=PLANE('',#5876);
#5878=DIRECTION('',(0,0,1));
#5879=VECTOR('',#5878,4);
#5880=LINE('',#1788,#5879);
#5881=EDGE_CURVE('',#1789,#231,#5880,.T.);
#5882=DIRECTION('',(0.09228015,-0.11244364,-0.98936384));
#5883=VECTOR('',#5882,4.04300203);
#5884=LINE('',#230,#5883);
#5885=EDGE_CURVE('',#231,#1768,#5884,.T.);
#5886=ORIENTED_EDGE('',*,*,#1802,.F.);
#5887=ORIENTED_EDGE('',*,*,#5881,.T.);
#5888=ORIENTED_EDGE('',*,*,#5885,.T.);
#5889=EDGE_LOOP('',(#5886,#5887,#5888));
#5890=FACE_OUTER_BOUND('',#5889,.T.);
#5891=ADVANCED_FACE('',(#5890),#5877,.T.);
#5892=CARTESIAN_POINT('',(47.22836304,13.85194969,-4));
#5893=DIRECTION('',(0.88192164,0.47139604,0));
#5894=DIRECTION('',(0,0,1));
#5895=AXIS2_PLACEMENT_3D('',#5892,#5893,#5894);
#5896=PLANE('',#5895);
#5897=DIRECTION('',(0,0,1));
#5898=VECTOR('',#5897,4);
#5899=LINE('',#1746,#5898);
#5900=EDGE_CURVE('',#1747,#227,#5899,.T.);
#5901=DIRECTION('',(0.06857016,-0.128286,-0.98936385));
#5902=VECTOR('',#5901,4.04300196);
#5903=LINE('',#226,#5902);
#5904=EDGE_CURVE('',#227,#1789,#5903,.T.);
#5905=ORIENTED_EDGE('',*,*,#5900,.T.);
#5906=ORIENTED_EDGE('',*,*,#5904,.T.);
#5907=ORIENTED_EDGE('',*,*,#1817,.F.);
#5908=EDGE_LOOP('',(#5905,#5906,#5907));
#5909=FACE_OUTER_BOUND('',#5908,.T.);
#5910=ADVANCED_FACE('',(#5909),#5896,.T.);
#5911=CARTESIAN_POINT('',(47.22836304,13.85194969,-4));
#5912=DIRECTION('',(0.95693945,0.2902876,0));
#5913=DIRECTION('',(0,0,1));
#5914=AXIS2_PLACEMENT_3D('',#5911,#5912,#5913);
#5915=PLANE('',#5914);
#5916=DIRECTION('',(0,0,1));
#5917=VECTOR('',#5916,4);
#5918=LINE('',#1943,#5917);
#5919=EDGE_CURVE('',#1944,#258,#5918,.T.);
#5920=DIRECTION('',(0.04222584,-0.1391984,-0.98936383));
#5921=VECTOR('',#5920,4.04300207);
#5922=LINE('',#257,#5921);
#5923=EDGE_CURVE('',#258,#1747,#5922,.T.);
#5924=ORIENTED_EDGE('',*,*,#1957,.F.);
#5925=ORIENTED_EDGE('',*,*,#5919,.T.);
#5926=ORIENTED_EDGE('',*,*,#5923,.T.);
#5927=EDGE_LOOP('',(#5924,#5925,#5926));
#5928=FACE_OUTER_BOUND('',#5927,.T.);
#5929=ADVANCED_FACE('',(#5928),#5915,.T.);
#5930=CARTESIAN_POINT('',(47.05764389,14.41472912,-4));
#5931=DIRECTION('',(0.99518477,0.0980167,0));
#5932=DIRECTION('',(0,0,1));
#5933=AXIS2_PLACEMENT_3D('',#5930,#5931,#5932);
#5934=PLANE('',#5933);
#5935=DIRECTION('',(0,0,1));
#5936=VECTOR('',#5935,4);
#5937=LINE('',#1964,#5936);
#5938=EDGE_CURVE('',#1965,#285,#5937,.T.);
#5939=DIRECTION('',(0.0142577,-0.14476146,-0.98936385));
#5940=VECTOR('',#5939,4.04300196);
#5941=LINE('',#284,#5940);
#5942=EDGE_CURVE('',#285,#1944,#5941,.T.);
#5943=ORIENTED_EDGE('',*,*,#1978,.F.);
#5944=ORIENTED_EDGE('',*,*,#5938,.T.);
#5945=ORIENTED_EDGE('',*,*,#5942,.T.);
#5946=EDGE_LOOP('',(#5943,#5944,#5945));
#5947=FACE_OUTER_BOUND('',#5946,.T.);
#5948=ADVANCED_FACE('',(#5947),#5934,.T.);
#5949=CARTESIAN_POINT('',(47.87868118,12.87867928,-4));
#5950=DIRECTION('',(0.77301032,0.63439344,0));
#5951=DIRECTION('',(0,0,1));
#5952=AXIS2_PLACEMENT_3D('',#5949,#5950,#5951);
#5953=PLANE('',#5952);
#5954=ORIENTED_EDGE('',*,*,#5885,.F.);
#5955=ORIENTED_EDGE('',*,*,#244,.T.);
#5956=ORIENTED_EDGE('',*,*,#5862,.F.);
#5957=EDGE_LOOP('',(#5954,#5955,#5956));
#5958=FACE_OUTER_BOUND('',#5957,.T.);
#5959=ADVANCED_FACE('',(#5958),#5953,.T.);
#5960=CARTESIAN_POINT('',(47.22836304,13.85194969,-4));
#5961=DIRECTION('',(0.95693945,0.2902876,0));
#5962=DIRECTION('',(0,0,1));
#5963=AXIS2_PLACEMENT_3D('',#5960,#5961,#5962);
#5964=PLANE('',#5963);
#5965=ORIENTED_EDGE('',*,*,#5923,.F.);
#5966=ORIENTED_EDGE('',*,*,#317,.T.);
#5967=ORIENTED_EDGE('',*,*,#5900,.F.);
#5968=EDGE_LOOP('',(#5965,#5966,#5967));
#5969=FACE_OUTER_BOUND('',#5968,.T.);
#5970=ADVANCED_FACE('',(#5969),#5964,.T.);
#5971=CARTESIAN_POINT('',(47.50559235,13.33328915,-4));
#5972=DIRECTION('',(0.88192164,0.47139604,0));
#5973=DIRECTION('',(0,0,1));
#5974=AXIS2_PLACEMENT_3D('',#5971,#5972,#5973);
#5975=PLANE('',#5974);
#5976=ORIENTED_EDGE('',*,*,#5904,.F.);
#5977=ORIENTED_EDGE('',*,*,#248,.T.);
#5978=ORIENTED_EDGE('',*,*,#5881,.F.);
#5979=EDGE_LOOP('',(#5976,#5977,#5978));
#5980=FACE_OUTER_BOUND('',#5979,.T.);
#5981=ADVANCED_FACE('',(#5980),#5975,.T.);
#5982=CARTESIAN_POINT('',(47.05764389,14.41472912,-4));
#5983=DIRECTION('',(0.99518477,0.0980167,0));
#5984=DIRECTION('',(0,0,1));
#5985=AXIS2_PLACEMENT_3D('',#5982,#5983,#5984);
#5986=PLANE('',#5985);
#5987=ORIENTED_EDGE('',*,*,#5942,.F.);
#5988=ORIENTED_EDGE('',*,*,#332,.T.);
#5989=ORIENTED_EDGE('',*,*,#5919,.F.);
#5990=EDGE_LOOP('',(#5987,#5988,#5989));
#5991=FACE_OUTER_BOUND('',#5990,.T.);
#5992=ADVANCED_FACE('',(#5991),#5986,.T.);
#5993=CARTESIAN_POINT('',(48.8519516,12.22836113,-4));
#5994=DIRECTION('',(0.29028508,0.95694021,0));
#5995=DIRECTION('',(0,0,1));
#5996=AXIS2_PLACEMENT_3D('',#5993,#5994,#5995);
#5997=PLANE('',#5996);
#5998=DIRECTION('',(0,0,1));
#5999=VECTOR('',#5998,4);
#6000=LINE('',#2271,#5999);
#6001=EDGE_CURVE('',#2272,#283,#6000,.T.);
#6002=DIRECTION('',(0.13919817,-0.04222537,-0.98936388));
#6003=VECTOR('',#6002,4.04300185);
#6004=LINE('',#282,#6003);
#6005=EDGE_CURVE('',#283,#2089,#6004,.T.);
#6006=ORIENTED_EDGE('',*,*,#6001,.T.);
#6007=ORIENTED_EDGE('',*,*,#6005,.T.);
#6008=ORIENTED_EDGE('',*,*,#2300,.F.);
#6009=EDGE_LOOP('',(#6006,#6007,#6008));
#6010=FACE_OUTER_BOUND('',#6009,.T.);
#6011=ADVANCED_FACE('',(#6010),#5997,.T.);
#6012=CARTESIAN_POINT('',(49.41473007,12.05764389,-4));
#6013=DIRECTION('',(0.09801686,0.99518475,0));
#6014=DIRECTION('',(0,0,1));
#6015=AXIS2_PLACEMENT_3D('',#6012,#6013,#6014);
#6016=PLANE('',#6015);
#6017=DIRECTION('',(0,0,1));
#6018=VECTOR('',#6017,4);
#6019=LINE('',#2088,#6018);
#6020=EDGE_CURVE('',#2089,#361,#6019,.T.);
#6021=DIRECTION('',(0.14476123,-0.0142577,-0.98936389));
#6022=VECTOR('',#6021,4.04300182);
#6023=LINE('',#360,#6022);
#6024=EDGE_CURVE('',#361,#2116,#6023,.T.);
#6025=ORIENTED_EDGE('',*,*,#6020,.T.);
#6026=ORIENTED_EDGE('',*,*,#6024,.T.);
#6027=ORIENTED_EDGE('',*,*,#2315,.F.);
#6028=EDGE_LOOP('',(#6025,#6026,#6027));
#6029=FACE_OUTER_BOUND('',#6028,.T.);
#6030=ADVANCED_FACE('',(#6029),#6016,.T.);
#6031=CARTESIAN_POINT('',(48.8519516,12.22836113,-4));
#6032=DIRECTION('',(0.47139663,0.88192132,0));
#6033=DIRECTION('',(0,0,1));
#6034=AXIS2_PLACEMENT_3D('',#6031,#6032,#6033);
#6035=PLANE('',#6034);
#6036=DIRECTION('',(0,0,1));
#6037=VECTOR('',#6036,4);
#6038=LINE('',#1664,#6037);
#6039=EDGE_CURVE('',#1665,#256,#6038,.T.);
#6040=DIRECTION('',(0.12828623,-0.0685704,-0.98936381));
#6041=VECTOR('',#6040,4.04300215);
#6042=LINE('',#255,#6041);
#6043=EDGE_CURVE('',#256,#2272,#6042,.T.);
#6044=ORIENTED_EDGE('',*,*,#2281,.F.);
#6045=ORIENTED_EDGE('',*,*,#6039,.T.);
#6046=ORIENTED_EDGE('',*,*,#6043,.T.);
#6047=EDGE_LOOP('',(#6044,#6045,#6046));
#6048=FACE_OUTER_BOUND('',#6047,.T.);
#6049=ADVANCED_FACE('',(#6048),#6035,.T.);
#6050=CARTESIAN_POINT('',(50,12,-4));
#6051=DIRECTION('',(-0.09801686,0.99518475,0));
#6052=DIRECTION('',(0,0,1));
#6053=AXIS2_PLACEMENT_3D('',#6050,#6051,#6052);
#6054=PLANE('',#6053);
#6055=DIRECTION('',(0,0,1));
#6056=VECTOR('',#6055,4);
#6057=LINE('',#2115,#6056);
#6058=EDGE_CURVE('',#2116,#426,#6057,.T.);
#6059=DIRECTION('',(0.14476123,0.0142577,-0.98936389));
#6060=VECTOR('',#6059,4.04300182);
#6061=LINE('',#425,#6060);
#6062=EDGE_CURVE('',#426,#2143,#6061,.T.);
#6063=ORIENTED_EDGE('',*,*,#6058,.T.);
#6064=ORIENTED_EDGE('',*,*,#6062,.T.);
#6065=ORIENTED_EDGE('',*,*,#2330,.F.);
#6066=EDGE_LOOP('',(#6063,#6064,#6065));
#6067=FACE_OUTER_BOUND('',#6066,.T.);
#6068=ADVANCED_FACE('',(#6067),#6054,.T.);
#6069=CARTESIAN_POINT('',(49.41473007,12.05764389,-4));
#6070=DIRECTION('',(0.29028508,0.95694021,0));
#6071=DIRECTION('',(0,0,1));
#6072=AXIS2_PLACEMENT_3D('',#6069,#6070,#6071);
#6073=PLANE('',#6072);
#6074=ORIENTED_EDGE('',*,*,#6005,.F.);
#6075=ORIENTED_EDGE('',*,*,#416,.T.);
#6076=ORIENTED_EDGE('',*,*,#6020,.F.);
#6077=EDGE_LOOP('',(#6074,#6075,#6076));
#6078=FACE_OUTER_BOUND('',#6077,.T.);
#6079=ADVANCED_FACE('',(#6078),#6073,.T.);
#6080=CARTESIAN_POINT('',(50,12,-4));
#6081=DIRECTION('',(0.09801686,0.99518475,0));
#6082=DIRECTION('',(0,0,1));
#6083=AXIS2_PLACEMENT_3D('',#6080,#6081,#6082);
#6084=PLANE('',#6083);
#6085=ORIENTED_EDGE('',*,*,#6024,.F.);
#6086=ORIENTED_EDGE('',*,*,#439,.T.);
#6087=ORIENTED_EDGE('',*,*,#6058,.F.);
#6088=EDGE_LOOP('',(#6085,#6086,#6087));
#6089=FACE_OUTER_BOUND('',#6088,.T.);
#6090=ADVANCED_FACE('',(#6089),#6084,.T.);
#6091=CARTESIAN_POINT('',(48.3332901,12.50559139,-4));
#6092=DIRECTION('',(0.63439327,0.77301046,0));
#6093=DIRECTION('',(0,0,1));
#6094=AXIS2_PLACEMENT_3D('',#6091,#6092,#6093);
#6095=PLANE('',#6094);
#6096=ORIENTED_EDGE('',*,*,#5866,.F.);
#6097=ORIENTED_EDGE('',*,*,#267,.T.);
#6098=ORIENTED_EDGE('',*,*,#6039,.F.);
#6099=EDGE_LOOP('',(#6096,#6097,#6098));
#6100=FACE_OUTER_BOUND('',#6099,.T.);
#6101=ADVANCED_FACE('',(#6100),#6095,.T.);
#6102=CARTESIAN_POINT('',(48.8519516,12.22836113,-4));
#6103=DIRECTION('',(0.47139663,0.88192132,0));
#6104=DIRECTION('',(0,0,1));
#6105=AXIS2_PLACEMENT_3D('',#6102,#6103,#6104);
#6106=PLANE('',#6105);
#6107=ORIENTED_EDGE('',*,*,#6043,.F.);
#6108=ORIENTED_EDGE('',*,*,#294,.T.);
#6109=ORIENTED_EDGE('',*,*,#6001,.F.);
#6110=EDGE_LOOP('',(#6107,#6108,#6109));
#6111=FACE_OUTER_BOUND('',#6110,.T.);
#6112=ADVANCED_FACE('',(#6111),#6106,.T.);
#6113=CARTESIAN_POINT('',(50.58526993,12.05764389,-4));
#6114=DIRECTION('',(-0.09801686,0.99518475,0));
#6115=DIRECTION('',(0,0,1));
#6116=AXIS2_PLACEMENT_3D('',#6113,#6114,#6115);
#6117=PLANE('',#6116);
#6118=DIRECTION('',(0.07296186,0.0071861,-0.99730884));
#6119=VECTOR('',#6118,8.02158736);
#6120=LINE('',#537,#6119);
#6121=EDGE_CURVE('',#538,#2143,#6120,.T.);
#6122=ORIENTED_EDGE('',*,*,#6062,.F.);
#6123=ORIENTED_EDGE('',*,*,#549,.T.);
#6124=ORIENTED_EDGE('',*,*,#6121,.T.);
#6125=EDGE_LOOP('',(#6122,#6123,#6124));
#6126=FACE_OUTER_BOUND('',#6125,.T.);
#6127=ADVANCED_FACE('',(#6126),#6117,.T.);
#6128=CARTESIAN_POINT('',(50.58526993,12.05764389,-4));
#6129=DIRECTION('',(-0.29028508,0.95694021,0));
#6130=DIRECTION('',(0,0,1));
#6131=AXIS2_PLACEMENT_3D('',#6128,#6129,#6130);
#6132=PLANE('',#6131);
#6133=DIRECTION('',(0,0,1));
#6134=VECTOR('',#6133,12);
#6135=LINE('',#2142,#6134);
#6136=EDGE_CURVE('',#2143,#3580,#6135,.T.);
#6137=DIRECTION('',(0.04684199,0.01420938,-0.99880124));
#6138=VECTOR('',#6137,12.01440236);
#6139=LINE('',#3579,#6138);
#6140=EDGE_CURVE('',#3580,#2338,#6139,.T.);
#6141=ORIENTED_EDGE('',*,*,#6136,.T.);
#6142=ORIENTED_EDGE('',*,*,#6140,.T.);
#6143=ORIENTED_EDGE('',*,*,#2347,.F.);
#6144=EDGE_LOOP('',(#6141,#6142,#6143));
#6145=FACE_OUTER_BOUND('',#6144,.T.);
#6146=ADVANCED_FACE('',(#6145),#6132,.T.);
#6147=CARTESIAN_POINT('',(51.1480484,12.22836113,-4));
#6148=DIRECTION('',(-0.47139663,0.88192132,0));
#6149=DIRECTION('',(0,0,1));
#6150=AXIS2_PLACEMENT_3D('',#6147,#6148,#6149);
#6151=PLANE('',#6150);
#6152=DIRECTION('',(0,0,1));
#6153=VECTOR('',#6152,12);
#6154=LINE('',#2337,#6153);
#6155=EDGE_CURVE('',#2338,#3514,#6154,.T.);
#6156=DIRECTION('',(0.04316998,0.02307483,-0.99880123));
#6157=VECTOR('',#6156,12.01440246);
#6158=LINE('',#3513,#6157);
#6159=EDGE_CURVE('',#3514,#2170,#6158,.T.);
#6160=ORIENTED_EDGE('',*,*,#6155,.T.);
#6161=ORIENTED_EDGE('',*,*,#6159,.T.);
#6162=ORIENTED_EDGE('',*,*,#2366,.F.);
#6163=EDGE_LOOP('',(#6160,#6161,#6162));
#6164=FACE_OUTER_BOUND('',#6163,.T.);
#6165=ADVANCED_FACE('',(#6164),#6151,.T.);
#6166=CARTESIAN_POINT('',(51.6667099,12.50559139,-4));
#6167=DIRECTION('',(-0.63439327,0.77301046,0));
#6168=DIRECTION('',(0,0,1));
#6169=AXIS2_PLACEMENT_3D('',#6166,#6167,#6168);
#6170=PLANE('',#6169);
#6171=DIRECTION('',(0,0,1));
#6172=VECTOR('',#6171,12);
#6173=LINE('',#2169,#6172);
#6174=EDGE_CURVE('',#2170,#3616,#6173,.T.);
#6175=DIRECTION('',(0.03783866,0.03105339,-0.99880124));
#6176=VECTOR('',#6175,12.01440235);
#6177=LINE('',#3615,#6176);
#6178=EDGE_CURVE('',#3616,#2401,#6177,.T.);
#6179=ORIENTED_EDGE('',*,*,#6174,.T.);
#6180=ORIENTED_EDGE('',*,*,#6178,.T.);
#6181=ORIENTED_EDGE('',*,*,#2410,.F.);
#6182=EDGE_LOOP('',(#6179,#6180,#6181));
#6183=FACE_OUTER_BOUND('',#6182,.T.);
#6184=ADVANCED_FACE('',(#6183),#6170,.T.);
#6185=CARTESIAN_POINT('',(52.12131882,12.87867928,-4));
#6186=DIRECTION('',(-0.77301032,0.63439344,0));
#6187=DIRECTION('',(0,0,1));
#6188=AXIS2_PLACEMENT_3D('',#6185,#6186,#6187);
#6189=PLANE('',#6188);
#6190=DIRECTION('',(0,0,1));
#6191=VECTOR('',#6190,12);
#6192=LINE('',#2400,#6191);
#6193=EDGE_CURVE('',#2401,#3637,#6192,.T.);
#6194=DIRECTION('',(0.03105347,0.03783874,-0.99880124));
#6195=VECTOR('',#6194,12.01440242);
#6196=LINE('',#3636,#6195);
#6197=EDGE_CURVE('',#3637,#2374,#6196,.T.);
#6198=ORIENTED_EDGE('',*,*,#6193,.T.);
#6199=ORIENTED_EDGE('',*,*,#6197,.T.);
#6200=ORIENTED_EDGE('',*,*,#2429,.F.);
#6201=EDGE_LOOP('',(#6198,#6199,#6200));
#6202=FACE_OUTER_BOUND('',#6201,.T.);
#6203=ADVANCED_FACE('',(#6202),#6189,.T.);
#6204=CARTESIAN_POINT('',(52.49440765,13.33328915,-4));
#6205=DIRECTION('',(-0.88192164,0.47139604,0));
#6206=DIRECTION('',(0,0,1));
#6207=AXIS2_PLACEMENT_3D('',#6204,#6205,#6206);
#6208=PLANE('',#6207);
#6209=DIRECTION('',(0,0,1));
#6210=VECTOR('',#6209,12);
#6211=LINE('',#2373,#6210);
#6212=EDGE_CURVE('',#2374,#3673,#6211,.T.);
#6213=DIRECTION('',(0.02307475,0.0431699,-0.99880124));
#6214=VECTOR('',#6213,12.01440239);
#6215=LINE('',#3672,#6214);
#6216=EDGE_CURVE('',#3673,#2437,#6215,.T.);
#6217=ORIENTED_EDGE('',*,*,#6212,.T.);
#6218=ORIENTED_EDGE('',*,*,#6216,.T.);
#6219=ORIENTED_EDGE('',*,*,#2446,.F.);
#6220=EDGE_LOOP('',(#6217,#6218,#6219));
#6221=FACE_OUTER_BOUND('',#6220,.T.);
#6222=ADVANCED_FACE('',(#6221),#6208,.T.);
#6223=CARTESIAN_POINT('',(52.77163696,13.85194969,-4));
#6224=DIRECTION('',(-0.95693945,0.2902876,0));
#6225=DIRECTION('',(0,0,1));
#6226=AXIS2_PLACEMENT_3D('',#6223,#6224,#6225);
#6227=PLANE('',#6226);
#6228=DIRECTION('',(0,0,1));
#6229=VECTOR('',#6228,12);
#6230=LINE('',#2436,#6229);
#6231=EDGE_CURVE('',#2437,#3694,#6230,.T.);
#6232=DIRECTION('',(0.01420954,0.04684207,-0.99880124));
#6233=VECTOR('',#6232,12.01440243);
#6234=LINE('',#3693,#6233);
#6235=EDGE_CURVE('',#3694,#2458,#6234,.T.);
#6236=ORIENTED_EDGE('',*,*,#6231,.T.);
#6237=ORIENTED_EDGE('',*,*,#6235,.T.);
#6238=ORIENTED_EDGE('',*,*,#2467,.F.);
#6239=EDGE_LOOP('',(#6236,#6237,#6238));
#6240=FACE_OUTER_BOUND('',#6239,.T.);
#6241=ADVANCED_FACE('',(#6240),#6227,.T.);
#6242=CARTESIAN_POINT('',(52.94235611,14.41472912,-4));
#6243=DIRECTION('',(-0.99518477,0.0980167,0));
#6244=DIRECTION('',(0,0,1));
#6245=AXIS2_PLACEMENT_3D('',#6242,#6243,#6244);
#6246=PLANE('',#6245);
#6247=DIRECTION('',(0,0,1));
#6248=VECTOR('',#6247,12);
#6249=LINE('',#2457,#6248);
#6250=EDGE_CURVE('',#2458,#3715,#6249,.T.);
#6251=DIRECTION('',(0.0047979,0.04871411,-0.99880124));
#6252=VECTOR('',#6251,12.01440239);
#6253=LINE('',#3714,#6252);
#6254=EDGE_CURVE('',#3715,#2479,#6253,.T.);
#6255=ORIENTED_EDGE('',*,*,#6250,.T.);
#6256=ORIENTED_EDGE('',*,*,#6254,.T.);
#6257=ORIENTED_EDGE('',*,*,#2488,.F.);
#6258=EDGE_LOOP('',(#6255,#6256,#6257));
#6259=FACE_OUTER_BOUND('',#6258,.T.);
#6260=ADVANCED_FACE('',(#6259),#6246,.T.);
#6261=CARTESIAN_POINT('',(50.58526993,12.05764389,-4));
#6262=DIRECTION('',(-0.09801686,0.99518475,0));
#6263=DIRECTION('',(0,0,1));
#6264=AXIS2_PLACEMENT_3D('',#6261,#6262,#6263);
#6265=PLANE('',#6264);
#6266=DIRECTION('',(0,0,1));
#6267=VECTOR('',#6266,4);
#6268=LINE('',#537,#6267);
#6269=EDGE_CURVE('',#538,#3493,#6268,.T.);
#6270=DIRECTION('',(0.04871403,0.0047979,-0.99880124));
#6271=VECTOR('',#6270,12.01440234);
#6272=LINE('',#3492,#6271);
#6273=EDGE_CURVE('',#3493,#2143,#6272,.T.);
#6274=ORIENTED_EDGE('',*,*,#6121,.F.);
#6275=ORIENTED_EDGE('',*,*,#6269,.T.);
#6276=ORIENTED_EDGE('',*,*,#6273,.T.);
#6277=EDGE_LOOP('',(#6274,#6275,#6276));
#6278=FACE_OUTER_BOUND('',#6277,.T.);
#6279=ADVANCED_FACE('',(#6278),#6265,.T.);
#6280=CARTESIAN_POINT('',(50.58526993,12.05764389,-4));
#6281=DIRECTION('',(-0.09801686,0.99518475,0));
#6282=DIRECTION('',(0,0,1));
#6283=AXIS2_PLACEMENT_3D('',#6280,#6281,#6282);
#6284=PLANE('',#6283);
#6285=ORIENTED_EDGE('',*,*,#6273,.F.);
#6286=ORIENTED_EDGE('',*,*,#3593,.T.);
#6287=ORIENTED_EDGE('',*,*,#6136,.F.);
#6288=EDGE_LOOP('',(#6285,#6286,#6287));
#6289=FACE_OUTER_BOUND('',#6288,.T.);
#6290=ADVANCED_FACE('',(#6289),#6284,.T.);
#6291=CARTESIAN_POINT('',(51.1480484,12.22836113,-4));
#6292=DIRECTION('',(-0.29028508,0.95694021,0));
#6293=DIRECTION('',(0,0,1));
#6294=AXIS2_PLACEMENT_3D('',#6291,#6292,#6293);
#6295=PLANE('',#6294);
#6296=ORIENTED_EDGE('',*,*,#6140,.F.);
#6297=ORIENTED_EDGE('',*,*,#3608,.T.);
#6298=ORIENTED_EDGE('',*,*,#6155,.F.);
#6299=EDGE_LOOP('',(#6296,#6297,#6298));
#6300=FACE_OUTER_BOUND('',#6299,.T.);
#6301=ADVANCED_FACE('',(#6300),#6295,.T.);
#6302=CARTESIAN_POINT('',(51.6667099,12.50559139,-4));
#6303=DIRECTION('',(-0.47139663,0.88192132,0));
#6304=DIRECTION('',(0,0,1));
#6305=AXIS2_PLACEMENT_3D('',#6302,#6303,#6304);
#6306=PLANE('',#6305);
#6307=ORIENTED_EDGE('',*,*,#6159,.F.);
#6308=ORIENTED_EDGE('',*,*,#3629,.T.);
#6309=ORIENTED_EDGE('',*,*,#6174,.F.);
#6310=EDGE_LOOP('',(#6307,#6308,#6309));
#6311=FACE_OUTER_BOUND('',#6310,.T.);
#6312=ADVANCED_FACE('',(#6311),#6306,.T.);
#6313=CARTESIAN_POINT('',(52.12131882,12.87867928,-4));
#6314=DIRECTION('',(-0.63439327,0.77301046,0));
#6315=DIRECTION('',(0,0,1));
#6316=AXIS2_PLACEMENT_3D('',#6313,#6314,#6315);
#6317=PLANE('',#6316);
#6318=ORIENTED_EDGE('',*,*,#6178,.F.);
#6319=ORIENTED_EDGE('',*,*,#3665,.T.);
#6320=ORIENTED_EDGE('',*,*,#6193,.F.);
#6321=EDGE_LOOP('',(#6318,#6319,#6320));
#6322=FACE_OUTER_BOUND('',#6321,.T.);
#6323=ADVANCED_FACE('',(#6322),#6317,.T.);
#6324=CARTESIAN_POINT('',(52.49440765,13.33328915,-4));
#6325=DIRECTION('',(-0.77301032,0.63439344,0));
#6326=DIRECTION('',(0,0,1));
#6327=AXIS2_PLACEMENT_3D('',#6324,#6325,#6326);
#6328=PLANE('',#6327);
#6329=ORIENTED_EDGE('',*,*,#6197,.F.);
#6330=ORIENTED_EDGE('',*,*,#3686,.T.);
#6331=ORIENTED_EDGE('',*,*,#6212,.F.);
#6332=EDGE_LOOP('',(#6329,#6330,#6331));
#6333=FACE_OUTER_BOUND('',#6332,.T.);
#6334=ADVANCED_FACE('',(#6333),#6328,.T.);
#6335=CARTESIAN_POINT('',(52.77163696,13.85194969,-4));
#6336=DIRECTION('',(-0.88192164,0.47139604,0));
#6337=DIRECTION('',(0,0,1));
#6338=AXIS2_PLACEMENT_3D('',#6335,#6336,#6337);
#6339=PLANE('',#6338);
#6340=ORIENTED_EDGE('',*,*,#6216,.F.);
#6341=ORIENTED_EDGE('',*,*,#3707,.T.);
#6342=ORIENTED_EDGE('',*,*,#6231,.F.);
#6343=EDGE_LOOP('',(#6340,#6341,#6342));
#6344=FACE_OUTER_BOUND('',#6343,.T.);
#6345=ADVANCED_FACE('',(#6344),#6339,.T.);
#6346=CARTESIAN_POINT('',(52.94235611,14.41472912,-4));
#6347=DIRECTION('',(-0.95693945,0.2902876,0));
#6348=DIRECTION('',(0,0,1));
#6349=AXIS2_PLACEMENT_3D('',#6346,#6347,#6348);
#6350=PLANE('',#6349);
#6351=ORIENTED_EDGE('',*,*,#6235,.F.);
#6352=ORIENTED_EDGE('',*,*,#3728,.T.);
#6353=ORIENTED_EDGE('',*,*,#6250,.F.);
#6354=EDGE_LOOP('',(#6351,#6352,#6353));
#6355=FACE_OUTER_BOUND('',#6354,.T.);
#6356=ADVANCED_FACE('',(#6355),#6350,.T.);
#6357=CARTESIAN_POINT('',(52.94235611,14.41472912,8));
#6358=DIRECTION('',(-0.99518477,0.0980167,0));
#6359=DIRECTION('',(0,0,1));
#6360=AXIS2_PLACEMENT_3D('',#6357,#6358,#6359);
#6361=PLANE('',#6360);
#6362=DIRECTION('',(0,0,1));
#6363=VECTOR('',#6362,12);
#6364=LINE('',#2478,#6363);
#6365=EDGE_CURVE('',#2479,#5509,#6364,.T.);
#6366=ORIENTED_EDGE('',*,*,#5522,.T.);
#6367=ORIENTED_EDGE('',*,*,#6365,.F.);
#6368=ORIENTED_EDGE('',*,*,#6254,.F.);
#6369=EDGE_LOOP('',(#6366,#6367,#6368));
#6370=FACE_OUTER_BOUND('',#6369,.T.);
#6371=ADVANCED_FACE('',(#6370),#6361,.T.);
#6372=CARTESIAN_POINT('',(47.87868118,12.87867928,8));
#6373=DIRECTION('',(0.63439327,0.77301046,0));
#6374=DIRECTION('',(0,0,1));
#6375=AXIS2_PLACEMENT_3D('',#6372,#6373,#6374);
#6376=PLANE('',#6375);
#6377=DIRECTION('',(0.11244341,-0.09227992,-0.98936388));
#6378=VECTOR('',#6377,4.04300183);
#6379=LINE('',#3123,#6378);
#6380=EDGE_CURVE('',#3124,#594,#6379,.T.);
#6381=DIRECTION('',(0,0,1));
#6382=VECTOR('',#6381,4);
#6383=LINE('',#591,#6382);
#6384=EDGE_CURVE('',#592,#3124,#6383,.T.);
#6385=ORIENTED_EDGE('',*,*,#6380,.T.);
#6386=ORIENTED_EDGE('',*,*,#603,.F.);
#6387=ORIENTED_EDGE('',*,*,#6384,.T.);
#6388=EDGE_LOOP('',(#6385,#6386,#6387));
#6389=FACE_OUTER_BOUND('',#6388,.T.);
#6390=ADVANCED_FACE('',(#6389),#6376,.T.);
#6391=CARTESIAN_POINT('',(47.50559235,13.33328915,8));
#6392=DIRECTION('',(0.77301032,0.63439344,0));
#6393=DIRECTION('',(0,0,1));
#6394=AXIS2_PLACEMENT_3D('',#6391,#6392,#6393);
#6395=PLANE('',#6394);
#6396=DIRECTION('',(0.09228015,-0.11244364,-0.98936384));
#6397=VECTOR('',#6396,4.04300203);
#6398=LINE('',#3207,#6397);
#6399=EDGE_CURVE('',#3208,#592,#6398,.T.);
#6400=DIRECTION('',(0,0,1));
#6401=VECTOR('',#6400,4);
#6402=LINE('',#639,#6401);
#6403=EDGE_CURVE('',#640,#3208,#6402,.T.);
#6404=ORIENTED_EDGE('',*,*,#6399,.T.);
#6405=ORIENTED_EDGE('',*,*,#649,.F.);
#6406=ORIENTED_EDGE('',*,*,#6403,.T.);
#6407=EDGE_LOOP('',(#6404,#6405,#6406));
#6408=FACE_OUTER_BOUND('',#6407,.T.);
#6409=ADVANCED_FACE('',(#6408),#6395,.T.);
#6410=CARTESIAN_POINT('',(47.22836304,13.85194969,8));
#6411=DIRECTION('',(0.88192164,0.47139604,0));
#6412=DIRECTION('',(0,0,1));
#6413=AXIS2_PLACEMENT_3D('',#6410,#6411,#6412);
#6414=PLANE('',#6413);
#6415=DIRECTION('',(0.06857016,-0.128286,-0.98936385));
#6416=VECTOR('',#6415,4.04300196);
#6417=LINE('',#3186,#6416);
#6418=EDGE_CURVE('',#3187,#640,#6417,.T.);
#6419=DIRECTION('',(0,0,1));
#6420=VECTOR('',#6419,4);
#6421=LINE('',#1422,#6420);
#6422=EDGE_CURVE('',#1423,#3187,#6421,.T.);
#6423=ORIENTED_EDGE('',*,*,#6418,.T.);
#6424=ORIENTED_EDGE('',*,*,#1432,.F.);
#6425=ORIENTED_EDGE('',*,*,#6422,.T.);
#6426=EDGE_LOOP('',(#6423,#6424,#6425));
#6427=FACE_OUTER_BOUND('',#6426,.T.);
#6428=ADVANCED_FACE('',(#6427),#6414,.T.);
#6429=CARTESIAN_POINT('',(47.05764389,14.41472912,8));
#6430=DIRECTION('',(0.95693945,0.2902876,0));
#6431=DIRECTION('',(0,0,1));
#6432=AXIS2_PLACEMENT_3D('',#6429,#6430,#6431);
#6433=PLANE('',#6432);
#6434=DIRECTION('',(0.04222584,-0.1391984,-0.98936383));
#6435=VECTOR('',#6434,4.04300207);
#6436=LINE('',#3165,#6435);
#6437=EDGE_CURVE('',#3166,#1423,#6436,.T.);
#6438=DIRECTION('',(0,0,1));
#6439=VECTOR('',#6438,4);
#6440=LINE('',#1443,#6439);
#6441=EDGE_CURVE('',#1444,#3166,#6440,.T.);
#6442=ORIENTED_EDGE('',*,*,#6437,.T.);
#6443=ORIENTED_EDGE('',*,*,#1453,.F.);
#6444=ORIENTED_EDGE('',*,*,#6441,.T.);
#6445=EDGE_LOOP('',(#6442,#6443,#6444));
#6446=FACE_OUTER_BOUND('',#6445,.T.);
#6447=ADVANCED_FACE('',(#6446),#6433,.T.);
#6448=CARTESIAN_POINT('',(47,15,8));
#6449=DIRECTION('',(0.99518477,0.0980167,0));
#6450=DIRECTION('',(0,0,1));
#6451=AXIS2_PLACEMENT_3D('',#6448,#6449,#6450);
#6452=PLANE('',#6451);
#6453=DIRECTION('',(0.0142577,-0.14476146,-0.98936385));
#6454=VECTOR('',#6453,4.04300196);
#6455=LINE('',#3342,#6454);
#6456=EDGE_CURVE('',#3343,#1444,#6455,.T.);
#6457=DIRECTION('',(0,0,1));
#6458=VECTOR('',#6457,4);
#6459=LINE('',#1464,#6458);
#6460=EDGE_CURVE('',#1465,#3343,#6459,.T.);
#6461=ORIENTED_EDGE('',*,*,#6456,.T.);
#6462=ORIENTED_EDGE('',*,*,#1476,.F.);
#6463=ORIENTED_EDGE('',*,*,#6460,.T.);
#6464=EDGE_LOOP('',(#6461,#6462,#6463));
#6465=FACE_OUTER_BOUND('',#6464,.T.);
#6466=ADVANCED_FACE('',(#6465),#6452,.T.);
#6467=CARTESIAN_POINT('',(47.87868118,12.87867928,8));
#6468=DIRECTION('',(0.77301032,0.63439344,0));
#6469=DIRECTION('',(0,0,1));
#6470=AXIS2_PLACEMENT_3D('',#6467,#6468,#6469);
#6471=PLANE('',#6470);
#6472=ORIENTED_EDGE('',*,*,#6384,.F.);
#6473=ORIENTED_EDGE('',*,*,#6399,.F.);
#6474=ORIENTED_EDGE('',*,*,#3217,.T.);
#6475=EDGE_LOOP('',(#6472,#6473,#6474));
#6476=FACE_OUTER_BOUND('',#6475,.T.);
#6477=ADVANCED_FACE('',(#6476),#6471,.T.);
#6478=CARTESIAN_POINT('',(47.22836304,13.85194969,8));
#6479=DIRECTION('',(0.95693945,0.2902876,0));
#6480=DIRECTION('',(0,0,1));
#6481=AXIS2_PLACEMENT_3D('',#6478,#6479,#6480);
#6482=PLANE('',#6481);
#6483=ORIENTED_EDGE('',*,*,#6422,.F.);
#6484=ORIENTED_EDGE('',*,*,#6437,.F.);
#6485=ORIENTED_EDGE('',*,*,#3200,.T.);
#6486=EDGE_LOOP('',(#6483,#6484,#6485));
#6487=FACE_OUTER_BOUND('',#6486,.T.);
#6488=ADVANCED_FACE('',(#6487),#6482,.T.);
#6489=CARTESIAN_POINT('',(47.22836304,13.85194969,8));
#6490=DIRECTION('',(0.88192164,0.47139604,0));
#6491=DIRECTION('',(0,0,1));
#6492=AXIS2_PLACEMENT_3D('',#6489,#6490,#6491);
#6493=PLANE('',#6492);
#6494=ORIENTED_EDGE('',*,*,#3236,.T.);
#6495=ORIENTED_EDGE('',*,*,#6403,.F.);
#6496=ORIENTED_EDGE('',*,*,#6418,.F.);
#6497=EDGE_LOOP('',(#6494,#6495,#6496));
#6498=FACE_OUTER_BOUND('',#6497,.T.);
#6499=ADVANCED_FACE('',(#6498),#6493,.T.);
#6500=CARTESIAN_POINT('',(47.05764389,14.41472912,8));
#6501=DIRECTION('',(0.99518477,0.0980167,0));
#6502=DIRECTION('',(0,0,1));
#6503=AXIS2_PLACEMENT_3D('',#6500,#6501,#6502);
#6504=PLANE('',#6503);
#6505=ORIENTED_EDGE('',*,*,#6441,.F.);
#6506=ORIENTED_EDGE('',*,*,#6456,.F.);
#6507=ORIENTED_EDGE('',*,*,#3352,.T.);
#6508=EDGE_LOOP('',(#6505,#6506,#6507));
#6509=FACE_OUTER_BOUND('',#6508,.T.);
#6510=ADVANCED_FACE('',(#6509),#6504,.T.);
#6511=CARTESIAN_POINT('',(48.8519516,12.22836113,8));
#6512=DIRECTION('',(0.29028508,0.95694021,0));
#6513=DIRECTION('',(0,0,1));
#6514=AXIS2_PLACEMENT_3D('',#6511,#6512,#6513);
#6515=PLANE('',#6514);
#6516=DIRECTION('',(0.13919817,-0.04222537,-0.98936388));
#6517=VECTOR('',#6516,4.04300185);
#6518=LINE('',#3450,#6517);
#6519=EDGE_CURVE('',#3451,#565,#6518,.T.);
#6520=DIRECTION('',(0,0,1));
#6521=VECTOR('',#6520,4);
#6522=LINE('',#618,#6521);
#6523=EDGE_CURVE('',#619,#3451,#6522,.T.);
#6524=ORIENTED_EDGE('',*,*,#6519,.T.);
#6525=ORIENTED_EDGE('',*,*,#668,.F.);
#6526=ORIENTED_EDGE('',*,*,#6523,.T.);
#6527=EDGE_LOOP('',(#6524,#6525,#6526));
#6528=FACE_OUTER_BOUND('',#6527,.T.);
#6529=ADVANCED_FACE('',(#6528),#6515,.T.);
#6530=CARTESIAN_POINT('',(49.41473007,12.05764389,8));
#6531=DIRECTION('',(0.09801686,0.99518475,0));
#6532=DIRECTION('',(0,0,1));
#6533=AXIS2_PLACEMENT_3D('',#6530,#6531,#6532);
#6534=PLANE('',#6533);
#6535=DIRECTION('',(0.14476123,-0.0142577,-0.98936389));
#6536=VECTOR('',#6535,4.04300182);
#6537=LINE('',#3471,#6536);
#6538=EDGE_CURVE('',#3472,#538,#6537,.T.);
#6539=DIRECTION('',(0,0,1));
#6540=VECTOR('',#6539,4);
#6541=LINE('',#564,#6540);
#6542=EDGE_CURVE('',#565,#3472,#6541,.T.);
#6543=ORIENTED_EDGE('',*,*,#6538,.T.);
#6544=ORIENTED_EDGE('',*,*,#576,.F.);
#6545=ORIENTED_EDGE('',*,*,#6542,.T.);
#6546=EDGE_LOOP('',(#6543,#6544,#6545));
#6547=FACE_OUTER_BOUND('',#6546,.T.);
#6548=ADVANCED_FACE('',(#6547),#6534,.T.);
#6549=CARTESIAN_POINT('',(48.3332901,12.50559139,8));
#6550=DIRECTION('',(0.47139663,0.88192132,0));
#6551=DIRECTION('',(0,0,1));
#6552=AXIS2_PLACEMENT_3D('',#6549,#6550,#6551);
#6553=PLANE('',#6552);
#6554=DIRECTION('',(0.12828623,-0.0685704,-0.98936381));
#6555=VECTOR('',#6554,4.04300215);
#6556=LINE('',#3144,#6555);
#6557=EDGE_CURVE('',#3145,#619,#6556,.T.);
#6558=DIRECTION('',(0,0,1));
#6559=VECTOR('',#6558,4);
#6560=LINE('',#593,#6559);
#6561=EDGE_CURVE('',#594,#3145,#6560,.T.);
#6562=ORIENTED_EDGE('',*,*,#6557,.T.);
#6563=ORIENTED_EDGE('',*,*,#628,.F.);
#6564=ORIENTED_EDGE('',*,*,#6561,.T.);
#6565=EDGE_LOOP('',(#6562,#6563,#6564));
#6566=FACE_OUTER_BOUND('',#6565,.T.);
#6567=ADVANCED_FACE('',(#6566),#6553,.T.);
#6568=CARTESIAN_POINT('',(48.8519516,12.22836113,8));
#6569=DIRECTION('',(0.29028508,0.95694021,0));
#6570=DIRECTION('',(0,0,1));
#6571=AXIS2_PLACEMENT_3D('',#6568,#6569,#6570);
#6572=PLANE('',#6571);
#6573=ORIENTED_EDGE('',*,*,#3557,.T.);
#6574=ORIENTED_EDGE('',*,*,#6542,.F.);
#6575=ORIENTED_EDGE('',*,*,#6519,.F.);
#6576=EDGE_LOOP('',(#6573,#6574,#6575));
#6577=FACE_OUTER_BOUND('',#6576,.T.);
#6578=ADVANCED_FACE('',(#6577),#6572,.T.);
#6579=CARTESIAN_POINT('',(49.41473007,12.05764389,8));
#6580=DIRECTION('',(0.09801686,0.99518475,0));
#6581=DIRECTION('',(0,0,1));
#6582=AXIS2_PLACEMENT_3D('',#6579,#6580,#6581);
#6583=PLANE('',#6582);
#6584=ORIENTED_EDGE('',*,*,#3572,.T.);
#6585=ORIENTED_EDGE('',*,*,#6269,.F.);
#6586=ORIENTED_EDGE('',*,*,#6538,.F.);
#6587=EDGE_LOOP('',(#6584,#6585,#6586));
#6588=FACE_OUTER_BOUND('',#6587,.T.);
#6589=ADVANCED_FACE('',(#6588),#6583,.T.);
#6590=CARTESIAN_POINT('',(47.87868118,12.87867928,8));
#6591=DIRECTION('',(0.63439327,0.77301046,0));
#6592=DIRECTION('',(0,0,1));
#6593=AXIS2_PLACEMENT_3D('',#6590,#6591,#6592);
#6594=PLANE('',#6593);
#6595=ORIENTED_EDGE('',*,*,#3158,.T.);
#6596=ORIENTED_EDGE('',*,*,#6561,.F.);
#6597=ORIENTED_EDGE('',*,*,#6380,.F.);
#6598=EDGE_LOOP('',(#6595,#6596,#6597));
#6599=FACE_OUTER_BOUND('',#6598,.T.);
#6600=ADVANCED_FACE('',(#6599),#6594,.T.);
#6601=CARTESIAN_POINT('',(48.8519516,12.22836113,8));
#6602=DIRECTION('',(0.47139663,0.88192132,0));
#6603=DIRECTION('',(0,0,1));
#6604=AXIS2_PLACEMENT_3D('',#6601,#6602,#6603);
#6605=PLANE('',#6604);
#6606=ORIENTED_EDGE('',*,*,#6523,.F.);
#6607=ORIENTED_EDGE('',*,*,#6557,.F.);
#6608=ORIENTED_EDGE('',*,*,#3542,.T.);
#6609=EDGE_LOOP('',(#6606,#6607,#6608));
#6610=FACE_OUTER_BOUND('',#6609,.T.);
#6611=ADVANCED_FACE('',(#6610),#6605,.T.);
#6612=CARTESIAN_POINT('',(47,15,-4));
#6613=DIRECTION('',(0.99518477,-0.0980167,0));
#6614=DIRECTION('',(0,0,1));
#6615=AXIS2_PLACEMENT_3D('',#6612,#6613,#6614);
#6616=PLANE('',#6615);
#6617=DIRECTION('',(0,0,1));
#6618=VECTOR('',#6617,4);
#6619=LINE('',#3936,#6618);
#6620=EDGE_CURVE('',#3937,#340,#6619,.T.);
#6621=DIRECTION('',(0.0142577,0.14476146,0.98936385));
#6622=VECTOR('',#6621,4.04300196);
#6623=LINE('',#1964,#6622);
#6624=EDGE_CURVE('',#1965,#340,#6623,.T.);
#6625=ORIENTED_EDGE('',*,*,#3950,.T.);
#6626=ORIENTED_EDGE('',*,*,#6620,.T.);
#6627=ORIENTED_EDGE('',*,*,#6624,.F.);
#6628=EDGE_LOOP('',(#6625,#6626,#6627));
#6629=FACE_OUTER_BOUND('',#6628,.T.);
#6630=ADVANCED_FACE('',(#6629),#6616,.T.);
#6631=CARTESIAN_POINT('',(47.05764389,15.58527088,-4));
#6632=DIRECTION('',(0.95693945,-0.2902876,0));
#6633=DIRECTION('',(0,0,1));
#6634=AXIS2_PLACEMENT_3D('',#6631,#6632,#6633);
#6635=PLANE('',#6634);
#6636=DIRECTION('',(0,0,1));
#6637=VECTOR('',#6636,4);
#6638=LINE('',#3991,#6637);
#6639=EDGE_CURVE('',#3992,#363,#6638,.T.);
#6640=DIRECTION('',(0.04222584,0.1391984,0.98936383));
#6641=VECTOR('',#6640,4.04300207);
#6642=LINE('',#3936,#6641);
#6643=EDGE_CURVE('',#3937,#363,#6642,.T.);
#6644=ORIENTED_EDGE('',*,*,#4005,.T.);
#6645=ORIENTED_EDGE('',*,*,#6639,.T.);
#6646=ORIENTED_EDGE('',*,*,#6643,.F.);
#6647=EDGE_LOOP('',(#6644,#6645,#6646));
#6648=FACE_OUTER_BOUND('',#6647,.T.);
#6649=ADVANCED_FACE('',(#6648),#6635,.T.);
#6650=CARTESIAN_POINT('',(47.22836304,16.14805031,-4));
#6651=DIRECTION('',(0.88192128,-0.47139671,0));
#6652=DIRECTION('',(0,0,1));
#6653=AXIS2_PLACEMENT_3D('',#6650,#6651,#6652);
#6654=PLANE('',#6653);
#6655=DIRECTION('',(0,0,1));
#6656=VECTOR('',#6655,4);
#6657=LINE('',#4012,#6656);
#6658=EDGE_CURVE('',#4013,#388,#6657,.T.);
#6659=DIRECTION('',(0.06857017,0.12828577,0.98936388));
#6660=VECTOR('',#6659,4.04300184);
#6661=LINE('',#3991,#6660);
#6662=EDGE_CURVE('',#3992,#388,#6661,.T.);
#6663=ORIENTED_EDGE('',*,*,#4026,.T.);
#6664=ORIENTED_EDGE('',*,*,#6658,.T.);
#6665=ORIENTED_EDGE('',*,*,#6662,.F.);
#6666=EDGE_LOOP('',(#6663,#6664,#6665));
#6667=FACE_OUTER_BOUND('',#6666,.T.);
#6668=ADVANCED_FACE('',(#6667),#6654,.T.);
#6669=CARTESIAN_POINT('',(47.50559235,16.6667099,-4));
#6670=DIRECTION('',(0.77301097,-0.63439265,0));
#6671=DIRECTION('',(0,0,1));
#6672=AXIS2_PLACEMENT_3D('',#6669,#6670,#6671);
#6673=PLANE('',#6672);
#6674=DIRECTION('',(0,0,1));
#6675=VECTOR('',#6674,4);
#6676=LINE('',#4035,#6675);
#6677=EDGE_CURVE('',#4036,#985,#6676,.T.);
#6678=DIRECTION('',(0.09228015,0.11244387,0.98936381));
#6679=VECTOR('',#6678,4.04300214);
#6680=LINE('',#4012,#6679);
#6681=EDGE_CURVE('',#4013,#985,#6680,.T.);
#6682=ORIENTED_EDGE('',*,*,#4053,.T.);
#6683=ORIENTED_EDGE('',*,*,#6677,.T.);
#6684=ORIENTED_EDGE('',*,*,#6681,.F.);
#6685=EDGE_LOOP('',(#6682,#6683,#6684));
#6686=FACE_OUTER_BOUND('',#6685,.T.);
#6687=ADVANCED_FACE('',(#6686),#6673,.T.);
#6688=CARTESIAN_POINT('',(47,15,-4));
#6689=DIRECTION('',(0.99518477,-0.0980167,0));
#6690=DIRECTION('',(0,0,1));
#6691=AXIS2_PLACEMENT_3D('',#6688,#6689,#6690);
#6692=PLANE('',#6691);
#6693=ORIENTED_EDGE('',*,*,#6624,.T.);
#6694=ORIENTED_EDGE('',*,*,#349,.F.);
#6695=ORIENTED_EDGE('',*,*,#5938,.F.);
#6696=EDGE_LOOP('',(#6693,#6694,#6695));
#6697=FACE_OUTER_BOUND('',#6696,.T.);
#6698=ADVANCED_FACE('',(#6697),#6692,.T.);
#6699=CARTESIAN_POINT('',(47.05764389,15.58527088,-4));
#6700=DIRECTION('',(0.95693945,-0.2902876,0));
#6701=DIRECTION('',(0,0,1));
#6702=AXIS2_PLACEMENT_3D('',#6699,#6700,#6701);
#6703=PLANE('',#6702);
#6704=ORIENTED_EDGE('',*,*,#6643,.T.);
#6705=ORIENTED_EDGE('',*,*,#376,.F.);
#6706=ORIENTED_EDGE('',*,*,#6620,.F.);
#6707=EDGE_LOOP('',(#6704,#6705,#6706));
#6708=FACE_OUTER_BOUND('',#6707,.T.);
#6709=ADVANCED_FACE('',(#6708),#6703,.T.);
#6710=CARTESIAN_POINT('',(47.22836304,16.14805031,-4));
#6711=DIRECTION('',(0.88192128,-0.47139671,0));
#6712=DIRECTION('',(0,0,1));
#6713=AXIS2_PLACEMENT_3D('',#6710,#6711,#6712);
#6714=PLANE('',#6713);
#6715=ORIENTED_EDGE('',*,*,#6662,.T.);
#6716=ORIENTED_EDGE('',*,*,#397,.F.);
#6717=ORIENTED_EDGE('',*,*,#6639,.F.);
#6718=EDGE_LOOP('',(#6715,#6716,#6717));
#6719=FACE_OUTER_BOUND('',#6718,.T.);
#6720=ADVANCED_FACE('',(#6719),#6714,.T.);
#6721=CARTESIAN_POINT('',(47.50559235,16.6667099,-4));
#6722=DIRECTION('',(0.77301097,-0.63439265,0));
#6723=DIRECTION('',(0,0,1));
#6724=AXIS2_PLACEMENT_3D('',#6721,#6722,#6723);
#6725=PLANE('',#6724);
#6726=ORIENTED_EDGE('',*,*,#6681,.T.);
#6727=ORIENTED_EDGE('',*,*,#994,.F.);
#6728=ORIENTED_EDGE('',*,*,#6658,.F.);
#6729=EDGE_LOOP('',(#6726,#6727,#6728));
#6730=FACE_OUTER_BOUND('',#6729,.T.);
#6731=ADVANCED_FACE('',(#6730),#6725,.T.);
#6732=CARTESIAN_POINT('',(47.87868118,17.12132072,-4));
#6733=DIRECTION('',(0.63439424,-0.77300967,0));
#6734=DIRECTION('',(0,0,1));
#6735=AXIS2_PLACEMENT_3D('',#6732,#6733,#6734);
#6736=PLANE('',#6735);
#6737=DIRECTION('',(0.11244341,0.09228015,0.98936386));
#6738=VECTOR('',#6737,4.04300192);
#6739=LINE('',#4035,#6738);
#6740=EDGE_CURVE('',#4036,#1006,#6739,.T.);
#6741=ORIENTED_EDGE('',*,*,#6740,.T.);
#6742=ORIENTED_EDGE('',*,*,#1015,.F.);
#6743=ORIENTED_EDGE('',*,*,#6677,.F.);
#6744=EDGE_LOOP('',(#6741,#6742,#6743));
#6745=FACE_OUTER_BOUND('',#6744,.T.);
#6746=ADVANCED_FACE('',(#6745),#6736,.T.);
#6747=CARTESIAN_POINT('',(47.87868118,17.12132072,-4));
#6748=DIRECTION('',(0.63439424,-0.77300967,0));
#6749=DIRECTION('',(0,0,1));
#6750=AXIS2_PLACEMENT_3D('',#6747,#6748,#6749);
#6751=PLANE('',#6750);
#6752=DIRECTION('',(0,0,1));
#6753=VECTOR('',#6752,4);
#6754=LINE('',#4060,#6753);
#6755=EDGE_CURVE('',#4061,#1006,#6754,.T.);
#6756=ORIENTED_EDGE('',*,*,#4074,.T.);
#6757=ORIENTED_EDGE('',*,*,#6755,.T.);
#6758=ORIENTED_EDGE('',*,*,#6740,.F.);
#6759=EDGE_LOOP('',(#6756,#6757,#6758));
#6760=FACE_OUTER_BOUND('',#6759,.T.);
#6761=ADVANCED_FACE('',(#6760),#6751,.T.);
#6762=CARTESIAN_POINT('',(48.3332901,17.49440956,-4));
#6763=DIRECTION('',(0.47139536,-0.881922,0));
#6764=DIRECTION('',(0,0,1));
#6765=AXIS2_PLACEMENT_3D('',#6762,#6763,#6764);
#6766=PLANE('',#6765);
#6767=DIRECTION('',(0,0,1));
#6768=VECTOR('',#6767,4);
#6769=LINE('',#4244,#6768);
#6770=EDGE_CURVE('',#4245,#1027,#6769,.T.);
#6771=DIRECTION('',(0.12828623,0.06857016,0.98936382));
#6772=VECTOR('',#6771,4.04300208);
#6773=LINE('',#4060,#6772);
#6774=EDGE_CURVE('',#4061,#1027,#6773,.T.);
#6775=ORIENTED_EDGE('',*,*,#4262,.T.);
#6776=ORIENTED_EDGE('',*,*,#6770,.T.);
#6777=ORIENTED_EDGE('',*,*,#6774,.F.);
#6778=EDGE_LOOP('',(#6775,#6776,#6777));
#6779=FACE_OUTER_BOUND('',#6778,.T.);
#6780=ADVANCED_FACE('',(#6779),#6766,.T.);
#6781=CARTESIAN_POINT('',(48.8519516,17.77163887,-4));
#6782=DIRECTION('',(0.29028508,-0.95694021,0));
#6783=DIRECTION('',(0,0,1));
#6784=AXIS2_PLACEMENT_3D('',#6781,#6782,#6783);
#6785=PLANE('',#6784);
#6786=DIRECTION('',(0,0,1));
#6787=VECTOR('',#6786,4);
#6788=LINE('',#4269,#6787);
#6789=EDGE_CURVE('',#4270,#1048,#6788,.T.);
#6790=DIRECTION('',(0.13919817,0.04222537,0.98936388));
#6791=VECTOR('',#6790,4.04300185);
#6792=LINE('',#4244,#6791);
#6793=EDGE_CURVE('',#4245,#1048,#6792,.T.);
#6794=ORIENTED_EDGE('',*,*,#4283,.T.);
#6795=ORIENTED_EDGE('',*,*,#6789,.T.);
#6796=ORIENTED_EDGE('',*,*,#6793,.F.);
#6797=EDGE_LOOP('',(#6794,#6795,#6796));
#6798=FACE_OUTER_BOUND('',#6797,.T.);
#6799=ADVANCED_FACE('',(#6798),#6785,.T.);
#6800=CARTESIAN_POINT('',(49.41473007,17.94235611,-4));
#6801=DIRECTION('',(0.09801686,-0.99518475,0));
#6802=DIRECTION('',(0,0,1));
#6803=AXIS2_PLACEMENT_3D('',#6800,#6801,#6802);
#6804=PLANE('',#6803);
#6805=DIRECTION('',(0,0,1));
#6806=VECTOR('',#6805,4);
#6807=LINE('',#4292,#6806);
#6808=EDGE_CURVE('',#4293,#424,#6807,.T.);
#6809=DIRECTION('',(0.14476123,0.0142577,0.98936389));
#6810=VECTOR('',#6809,4.04300182);
#6811=LINE('',#4269,#6810);
#6812=EDGE_CURVE('',#4270,#424,#6811,.T.);
#6813=ORIENTED_EDGE('',*,*,#4310,.T.);
#6814=ORIENTED_EDGE('',*,*,#6808,.T.);
#6815=ORIENTED_EDGE('',*,*,#6812,.F.);
#6816=EDGE_LOOP('',(#6813,#6814,#6815));
#6817=FACE_OUTER_BOUND('',#6816,.T.);
#6818=ADVANCED_FACE('',(#6817),#6804,.T.);
#6819=CARTESIAN_POINT('',(48.3332901,17.49440956,-4));
#6820=DIRECTION('',(0.47139536,-0.881922,0));
#6821=DIRECTION('',(0,0,1));
#6822=AXIS2_PLACEMENT_3D('',#6819,#6820,#6821);
#6823=PLANE('',#6822);
#6824=ORIENTED_EDGE('',*,*,#6774,.T.);
#6825=ORIENTED_EDGE('',*,*,#1036,.F.);
#6826=ORIENTED_EDGE('',*,*,#6755,.F.);
#6827=EDGE_LOOP('',(#6824,#6825,#6826));
#6828=FACE_OUTER_BOUND('',#6827,.T.);
#6829=ADVANCED_FACE('',(#6828),#6823,.T.);
#6830=CARTESIAN_POINT('',(48.8519516,17.77163887,-4));
#6831=DIRECTION('',(0.29028508,-0.95694021,0));
#6832=DIRECTION('',(0,0,1));
#6833=AXIS2_PLACEMENT_3D('',#6830,#6831,#6832);
#6834=PLANE('',#6833);
#6835=ORIENTED_EDGE('',*,*,#6793,.T.);
#6836=ORIENTED_EDGE('',*,*,#1057,.F.);
#6837=ORIENTED_EDGE('',*,*,#6770,.F.);
#6838=EDGE_LOOP('',(#6835,#6836,#6837));
#6839=FACE_OUTER_BOUND('',#6838,.T.);
#6840=ADVANCED_FACE('',(#6839),#6834,.T.);
#6841=CARTESIAN_POINT('',(49.41473007,17.94235611,-4));
#6842=DIRECTION('',(0.09801686,-0.99518475,0));
#6843=DIRECTION('',(0,0,1));
#6844=AXIS2_PLACEMENT_3D('',#6841,#6842,#6843);
#6845=PLANE('',#6844);
#6846=ORIENTED_EDGE('',*,*,#6812,.T.);
#6847=ORIENTED_EDGE('',*,*,#1076,.F.);
#6848=ORIENTED_EDGE('',*,*,#6789,.F.);
#6849=EDGE_LOOP('',(#6846,#6847,#6848));
#6850=FACE_OUTER_BOUND('',#6849,.T.);
#6851=ADVANCED_FACE('',(#6850),#6845,.T.);
#6852=CARTESIAN_POINT('',(51.6667099,17.49440956,-4));
#6853=DIRECTION('',(-0.47139536,-0.881922,0));
#6854=DIRECTION('',(0,0,1));
#6855=AXIS2_PLACEMENT_3D('',#6852,#6853,#6854);
#6856=PLANE('',#6855);
#6857=DIRECTION('',(0,0,1));
#6858=VECTOR('',#6857,12);
#6859=LINE('',#4521,#6858);
#6860=EDGE_CURVE('',#4522,#5673,#6859,.T.);
#6861=DIRECTION('',(0.04316998,-0.02307475,0.99880124));
#6862=VECTOR('',#6861,12.01440243);
#6863=LINE('',#4346,#6862);
#6864=EDGE_CURVE('',#4347,#5673,#6863,.T.);
#6865=ORIENTED_EDGE('',*,*,#6860,.T.);
#6866=ORIENTED_EDGE('',*,*,#6864,.F.);
#6867=ORIENTED_EDGE('',*,*,#4550,.T.);
#6868=EDGE_LOOP('',(#6865,#6866,#6867));
#6869=FACE_OUTER_BOUND('',#6868,.T.);
#6870=ADVANCED_FACE('',(#6869),#6856,.T.);
#6871=CARTESIAN_POINT('',(50,18,-4));
#6872=DIRECTION('',(-0.09801686,-0.99518475,0));
#6873=DIRECTION('',(0,0,1));
#6874=AXIS2_PLACEMENT_3D('',#6871,#6872,#6873);
#6875=PLANE('',#6874);
#6876=DIRECTION('',(0,0,1));
#6877=VECTOR('',#6876,12);
#6878=LINE('',#4319,#6877);
#6879=EDGE_CURVE('',#4320,#5457,#6878,.T.);
#6880=DIRECTION('',(0.04871403,-0.0047979,0.99880124));
#6881=VECTOR('',#6880,12.01440234);
#6882=LINE('',#4292,#6881);
#6883=EDGE_CURVE('',#4293,#5457,#6882,.T.);
#6884=ORIENTED_EDGE('',*,*,#4337,.T.);
#6885=ORIENTED_EDGE('',*,*,#6879,.T.);
#6886=ORIENTED_EDGE('',*,*,#6883,.F.);
#6887=EDGE_LOOP('',(#6884,#6885,#6886));
#6888=FACE_OUTER_BOUND('',#6887,.T.);
#6889=ADVANCED_FACE('',(#6888),#6875,.T.);
#6890=CARTESIAN_POINT('',(50.58526993,17.94235611,-4));
#6891=DIRECTION('',(-0.29028508,-0.95694021,0));
#6892=DIRECTION('',(0,0,1));
#6893=AXIS2_PLACEMENT_3D('',#6890,#6891,#6892);
#6894=PLANE('',#6893);
#6895=DIRECTION('',(0,0,1));
#6896=VECTOR('',#6895,12);
#6897=LINE('',#4346,#6896);
#6898=EDGE_CURVE('',#4347,#5484,#6897,.T.);
#6899=DIRECTION('',(0.04684199,-0.01420938,0.99880124));
#6900=VECTOR('',#6899,12.01440236);
#6901=LINE('',#4319,#6900);
#6902=EDGE_CURVE('',#4320,#5484,#6901,.T.);
#6903=ORIENTED_EDGE('',*,*,#4364,.T.);
#6904=ORIENTED_EDGE('',*,*,#6898,.T.);
#6905=ORIENTED_EDGE('',*,*,#6902,.F.);
#6906=EDGE_LOOP('',(#6903,#6904,#6905));
#6907=FACE_OUTER_BOUND('',#6906,.T.);
#6908=ADVANCED_FACE('',(#6907),#6894,.T.);
#6909=CARTESIAN_POINT('',(53,15,-4));
#6910=DIRECTION('',(-0.99518477,-0.0980167,0));
#6911=DIRECTION('',(0,0,1));
#6912=AXIS2_PLACEMENT_3D('',#6909,#6910,#6911);
#6913=PLANE('',#6912);
#6914=DIRECTION('',(0.0047979,-0.04871411,0.99880124));
#6915=VECTOR('',#6914,12.01440239);
#6916=LINE('',#4371,#6915);
#6917=EDGE_CURVE('',#4372,#5509,#6916,.T.);
#6918=ORIENTED_EDGE('',*,*,#6365,.T.);
#6919=ORIENTED_EDGE('',*,*,#6917,.F.);
#6920=ORIENTED_EDGE('',*,*,#4381,.T.);
#6921=EDGE_LOOP('',(#6918,#6919,#6920));
#6922=FACE_OUTER_BOUND('',#6921,.T.);
#6923=ADVANCED_FACE('',(#6922),#6913,.T.);
#6924=CARTESIAN_POINT('',(52.94235611,15.58527088,-4));
#6925=DIRECTION('',(-0.95693945,-0.2902876,0));
#6926=DIRECTION('',(0,0,1));
#6927=AXIS2_PLACEMENT_3D('',#6924,#6925,#6926);
#6928=PLANE('',#6927);
#6929=DIRECTION('',(0,0,1));
#6930=VECTOR('',#6929,12);
#6931=LINE('',#4371,#6930);
#6932=EDGE_CURVE('',#4372,#5530,#6931,.T.);
#6933=DIRECTION('',(0.01420954,-0.04684207,0.99880124));
#6934=VECTOR('',#6933,12.01440243);
#6935=LINE('',#4392,#6934);
#6936=EDGE_CURVE('',#4393,#5530,#6935,.T.);
#6937=ORIENTED_EDGE('',*,*,#6932,.T.);
#6938=ORIENTED_EDGE('',*,*,#6936,.F.);
#6939=ORIENTED_EDGE('',*,*,#4402,.T.);
#6940=EDGE_LOOP('',(#6937,#6938,#6939));
#6941=FACE_OUTER_BOUND('',#6940,.T.);
#6942=ADVANCED_FACE('',(#6941),#6928,.T.);
#6943=CARTESIAN_POINT('',(52.49440765,16.6667099,-4));
#6944=DIRECTION('',(-0.77301097,-0.63439265,0));
#6945=DIRECTION('',(0,0,1));
#6946=AXIS2_PLACEMENT_3D('',#6943,#6944,#6945);
#6947=PLANE('',#6946);
#6948=DIRECTION('',(0,0,1));
#6949=VECTOR('',#6948,12);
#6950=LINE('',#4473,#6949);
#6951=EDGE_CURVE('',#4474,#5620,#6950,.T.);
#6952=DIRECTION('',(0.03105347,-0.03783882,0.99880123));
#6953=VECTOR('',#6952,12.01440245);
#6954=LINE('',#4500,#6953);
#6955=EDGE_CURVE('',#4501,#5620,#6954,.T.);
#6956=ORIENTED_EDGE('',*,*,#6951,.T.);
#6957=ORIENTED_EDGE('',*,*,#6955,.F.);
#6958=ORIENTED_EDGE('',*,*,#4510,.T.);
#6959=EDGE_LOOP('',(#6956,#6957,#6958));
#6960=FACE_OUTER_BOUND('',#6959,.T.);
#6961=ADVANCED_FACE('',(#6960),#6947,.T.);
#6962=CARTESIAN_POINT('',(52.49440765,16.6667099,-4));
#6963=DIRECTION('',(-0.88192128,-0.47139671,0));
#6964=DIRECTION('',(0,0,1));
#6965=AXIS2_PLACEMENT_3D('',#6962,#6963,#6964);
#6966=PLANE('',#6965);
#6967=DIRECTION('',(0,0,1));
#6968=VECTOR('',#6967,12);
#6969=LINE('',#4392,#6968);
#6970=EDGE_CURVE('',#4393,#5595,#6969,.T.);
#6971=DIRECTION('',(0.02307475,-0.04316982,0.99880124));
#6972=VECTOR('',#6971,12.01440235);
#6973=LINE('',#4473,#6972);
#6974=EDGE_CURVE('',#4474,#5595,#6973,.T.);
#6975=ORIENTED_EDGE('',*,*,#4493,.T.);
#6976=ORIENTED_EDGE('',*,*,#6970,.T.);
#6977=ORIENTED_EDGE('',*,*,#6974,.F.);
#6978=EDGE_LOOP('',(#6975,#6976,#6977));
#6979=FACE_OUTER_BOUND('',#6978,.T.);
#6980=ADVANCED_FACE('',(#6979),#6966,.T.);
#6981=CARTESIAN_POINT('',(51.6667099,17.49440956,-4));
#6982=DIRECTION('',(-0.63439424,-0.77300967,0));
#6983=DIRECTION('',(0,0,1));
#6984=AXIS2_PLACEMENT_3D('',#6981,#6982,#6983);
#6985=PLANE('',#6984);
#6986=DIRECTION('',(0,0,1));
#6987=VECTOR('',#6986,12);
#6988=LINE('',#4500,#6987);
#6989=EDGE_CURVE('',#4501,#5641,#6988,.T.);
#6990=DIRECTION('',(0.03783866,-0.03105347,0.99880124));
#6991=VECTOR('',#6990,12.01440238);
#6992=LINE('',#4521,#6991);
#6993=EDGE_CURVE('',#4522,#5641,#6992,.T.);
#6994=ORIENTED_EDGE('',*,*,#4535,.T.);
#6995=ORIENTED_EDGE('',*,*,#6989,.T.);
#6996=ORIENTED_EDGE('',*,*,#6993,.F.);
#6997=EDGE_LOOP('',(#6994,#6995,#6996));
#6998=FACE_OUTER_BOUND('',#6997,.T.);
#6999=ADVANCED_FACE('',(#6998),#6985,.T.);
#7000=CARTESIAN_POINT('',(50,18,-4));
#7001=DIRECTION('',(-0.09801686,-0.99518475,0));
#7002=DIRECTION('',(0,0,1));
#7003=AXIS2_PLACEMENT_3D('',#7000,#7001,#7002);
#7004=PLANE('',#7003);
#7005=DIRECTION('',(0.07296186,-0.0071861,0.99730884));
#7006=VECTOR('',#7005,8.02158736);
#7007=LINE('',#423,#7006);
#7008=EDGE_CURVE('',#424,#5457,#7007,.T.);
#7009=ORIENTED_EDGE('',*,*,#6883,.T.);
#7010=ORIENTED_EDGE('',*,*,#7008,.F.);
#7011=ORIENTED_EDGE('',*,*,#6808,.F.);
#7012=EDGE_LOOP('',(#7009,#7010,#7011));
#7013=FACE_OUTER_BOUND('',#7012,.T.);
#7014=ADVANCED_FACE('',(#7013),#7004,.T.);
#7015=CARTESIAN_POINT('',(51.1480484,17.77163887,-4));
#7016=DIRECTION('',(-0.47139536,-0.881922,0));
#7017=DIRECTION('',(0,0,1));
#7018=AXIS2_PLACEMENT_3D('',#7015,#7016,#7017);
#7019=PLANE('',#7018);
#7020=ORIENTED_EDGE('',*,*,#6864,.T.);
#7021=ORIENTED_EDGE('',*,*,#5709,.F.);
#7022=ORIENTED_EDGE('',*,*,#6898,.F.);
#7023=EDGE_LOOP('',(#7020,#7021,#7022));
#7024=FACE_OUTER_BOUND('',#7023,.T.);
#7025=ADVANCED_FACE('',(#7024),#7019,.T.);
#7026=CARTESIAN_POINT('',(50.58526993,17.94235611,8));
#7027=DIRECTION('',(-0.09801686,-0.99518475,0));
#7028=DIRECTION('',(0,0,1));
#7029=AXIS2_PLACEMENT_3D('',#7026,#7027,#7028);
#7030=PLANE('',#7029);
#7031=DIRECTION('',(0.14476123,-0.0142577,0.98936389));
#7032=VECTOR('',#7031,4.04300182);
#7033=LINE('',#539,#7032);
#7034=EDGE_CURVE('',#540,#5457,#7033,.T.);
#7035=ORIENTED_EDGE('',*,*,#7034,.F.);
#7036=ORIENTED_EDGE('',*,*,#1091,.F.);
#7037=ORIENTED_EDGE('',*,*,#7008,.T.);
#7038=EDGE_LOOP('',(#7035,#7036,#7037));
#7039=FACE_OUTER_BOUND('',#7038,.T.);
#7040=ADVANCED_FACE('',(#7039),#7030,.T.);
#7041=CARTESIAN_POINT('',(50.58526993,17.94235611,-4));
#7042=DIRECTION('',(-0.29028508,-0.95694021,0));
#7043=DIRECTION('',(0,0,1));
#7044=AXIS2_PLACEMENT_3D('',#7041,#7042,#7043);
#7045=PLANE('',#7044);
#7046=ORIENTED_EDGE('',*,*,#6902,.T.);
#7047=ORIENTED_EDGE('',*,*,#5493,.F.);
#7048=ORIENTED_EDGE('',*,*,#6879,.F.);
#7049=EDGE_LOOP('',(#7046,#7047,#7048));
#7050=FACE_OUTER_BOUND('',#7049,.T.);
#7051=ADVANCED_FACE('',(#7050),#7045,.T.);
#7052=CARTESIAN_POINT('',(52.94235611,15.58527088,-4));
#7053=DIRECTION('',(-0.99518477,-0.0980167,0));
#7054=DIRECTION('',(0,0,1));
#7055=AXIS2_PLACEMENT_3D('',#7052,#7053,#7054);
#7056=PLANE('',#7055);
#7057=ORIENTED_EDGE('',*,*,#6917,.T.);
#7058=ORIENTED_EDGE('',*,*,#5543,.F.);
#7059=ORIENTED_EDGE('',*,*,#6932,.F.);
#7060=EDGE_LOOP('',(#7057,#7058,#7059));
#7061=FACE_OUTER_BOUND('',#7060,.T.);
#7062=ADVANCED_FACE('',(#7061),#7056,.T.);
#7063=CARTESIAN_POINT('',(52.77163696,16.14805031,-4));
#7064=DIRECTION('',(-0.95693945,-0.2902876,0));
#7065=DIRECTION('',(0,0,1));
#7066=AXIS2_PLACEMENT_3D('',#7063,#7064,#7065);
#7067=PLANE('',#7066);
#7068=ORIENTED_EDGE('',*,*,#6936,.T.);
#7069=ORIENTED_EDGE('',*,*,#5612,.F.);
#7070=ORIENTED_EDGE('',*,*,#6970,.F.);
#7071=EDGE_LOOP('',(#7068,#7069,#7070));
#7072=FACE_OUTER_BOUND('',#7071,.T.);
#7073=ADVANCED_FACE('',(#7072),#7067,.T.);
#7074=CARTESIAN_POINT('',(52.49440765,16.6667099,-4));
#7075=DIRECTION('',(-0.88192128,-0.47139671,0));
#7076=DIRECTION('',(0,0,1));
#7077=AXIS2_PLACEMENT_3D('',#7074,#7075,#7076);
#7078=PLANE('',#7077);
#7079=ORIENTED_EDGE('',*,*,#6974,.T.);
#7080=ORIENTED_EDGE('',*,*,#5629,.F.);
#7081=ORIENTED_EDGE('',*,*,#6951,.F.);
#7082=EDGE_LOOP('',(#7079,#7080,#7081));
#7083=FACE_OUTER_BOUND('',#7082,.T.);
#7084=ADVANCED_FACE('',(#7083),#7078,.T.);
#7085=CARTESIAN_POINT('',(52.12131882,17.12132072,-4));
#7086=DIRECTION('',(-0.77301097,-0.63439265,0));
#7087=DIRECTION('',(0,0,1));
#7088=AXIS2_PLACEMENT_3D('',#7085,#7086,#7087);
#7089=PLANE('',#7088);
#7090=ORIENTED_EDGE('',*,*,#6955,.T.);
#7091=ORIENTED_EDGE('',*,*,#5654,.F.);
#7092=ORIENTED_EDGE('',*,*,#6989,.F.);
#7093=EDGE_LOOP('',(#7090,#7091,#7092));
#7094=FACE_OUTER_BOUND('',#7093,.T.);
#7095=ADVANCED_FACE('',(#7094),#7089,.T.);
#7096=CARTESIAN_POINT('',(51.6667099,17.49440956,-4));
#7097=DIRECTION('',(-0.63439424,-0.77300967,0));
#7098=DIRECTION('',(0,0,1));
#7099=AXIS2_PLACEMENT_3D('',#7096,#7097,#7098);
#7100=PLANE('',#7099);
#7101=ORIENTED_EDGE('',*,*,#6993,.T.);
#7102=ORIENTED_EDGE('',*,*,#5682,.F.);
#7103=ORIENTED_EDGE('',*,*,#6860,.F.);
#7104=EDGE_LOOP('',(#7101,#7102,#7103));
#7105=FACE_OUTER_BOUND('',#7104,.T.);
#7106=ADVANCED_FACE('',(#7105),#7100,.T.);
#7107=CARTESIAN_POINT('',(47.05764389,15.58527088,8));
#7108=DIRECTION('',(0.99518477,-0.0980167,0));
#7109=DIRECTION('',(0,0,1));
#7110=AXIS2_PLACEMENT_3D('',#7107,#7108,#7109);
#7111=PLANE('',#7110);
#7112=DIRECTION('',(0.0142577,0.14476146,0.98936385));
#7113=VECTOR('',#7112,4.04300196);
#7114=LINE('',#1464,#7113);
#7115=EDGE_CURVE('',#1465,#3364,#7114,.T.);
#7116=DIRECTION('',(0,0,1));
#7117=VECTOR('',#7116,4);
#7118=LINE('',#1491,#7117);
#7119=EDGE_CURVE('',#1492,#3364,#7118,.T.);
#7120=ORIENTED_EDGE('',*,*,#7115,.F.);
#7121=ORIENTED_EDGE('',*,*,#1503,.T.);
#7122=ORIENTED_EDGE('',*,*,#7119,.T.);
#7123=EDGE_LOOP('',(#7120,#7121,#7122));
#7124=FACE_OUTER_BOUND('',#7123,.T.);
#7125=ADVANCED_FACE('',(#7124),#7111,.T.);
#7126=CARTESIAN_POINT('',(47.22836304,16.14805031,8));
#7127=DIRECTION('',(0.95693945,-0.2902876,0));
#7128=DIRECTION('',(0,0,1));
#7129=AXIS2_PLACEMENT_3D('',#7126,#7127,#7128);
#7130=PLANE('',#7129);
#7131=DIRECTION('',(0.04222584,0.1391984,0.98936383));
#7132=VECTOR('',#7131,4.04300207);
#7133=LINE('',#1491,#7132);
#7134=EDGE_CURVE('',#1492,#5238,#7133,.T.);
#7135=DIRECTION('',(0,0,1));
#7136=VECTOR('',#7135,4);
#7137=LINE('',#1518,#7136);
#7138=EDGE_CURVE('',#1519,#5238,#7137,.T.);
#7139=ORIENTED_EDGE('',*,*,#7134,.F.);
#7140=ORIENTED_EDGE('',*,*,#1530,.T.);
#7141=ORIENTED_EDGE('',*,*,#7138,.T.);
#7142=EDGE_LOOP('',(#7139,#7140,#7141));
#7143=FACE_OUTER_BOUND('',#7142,.T.);
#7144=ADVANCED_FACE('',(#7143),#7130,.T.);
#7145=CARTESIAN_POINT('',(47.50559235,16.6667099,8));
#7146=DIRECTION('',(0.88192128,-0.47139671,0));
#7147=DIRECTION('',(0,0,1));
#7148=AXIS2_PLACEMENT_3D('',#7145,#7146,#7147);
#7149=PLANE('',#7148);
#7150=DIRECTION('',(0.06857017,0.12828577,0.98936388));
#7151=VECTOR('',#7150,4.04300184);
#7152=LINE('',#1518,#7151);
#7153=EDGE_CURVE('',#1519,#5259,#7152,.T.);
#7154=DIRECTION('',(0,0,1));
#7155=VECTOR('',#7154,4);
#7156=LINE('',#1545,#7155);
#7157=EDGE_CURVE('',#1546,#5259,#7156,.T.);
#7158=ORIENTED_EDGE('',*,*,#7153,.F.);
#7159=ORIENTED_EDGE('',*,*,#1559,.T.);
#7160=ORIENTED_EDGE('',*,*,#7157,.T.);
#7161=EDGE_LOOP('',(#7158,#7159,#7160));
#7162=FACE_OUTER_BOUND('',#7161,.T.);
#7163=ADVANCED_FACE('',(#7162),#7149,.T.);
#7164=CARTESIAN_POINT('',(47.87868118,17.12132072,8));
#7165=DIRECTION('',(0.77301097,-0.63439265,0));
#7166=DIRECTION('',(0,0,1));
#7167=AXIS2_PLACEMENT_3D('',#7164,#7165,#7166);
#7168=PLANE('',#7167);
#7169=DIRECTION('',(0.09228015,0.11244387,0.98936381));
#7170=VECTOR('',#7169,4.04300214);
#7171=LINE('',#1545,#7170);
#7172=EDGE_CURVE('',#1546,#5280,#7171,.T.);
#7173=DIRECTION('',(0,0,1));
#7174=VECTOR('',#7173,4);
#7175=LINE('',#1520,#7174);
#7176=EDGE_CURVE('',#1521,#5280,#7175,.T.);
#7177=ORIENTED_EDGE('',*,*,#7172,.F.);
#7178=ORIENTED_EDGE('',*,*,#1555,.T.);
#7179=ORIENTED_EDGE('',*,*,#7176,.T.);
#7180=EDGE_LOOP('',(#7177,#7178,#7179));
#7181=FACE_OUTER_BOUND('',#7180,.T.);
#7182=ADVANCED_FACE('',(#7181),#7168,.T.);
#7183=CARTESIAN_POINT('',(47,15,8));
#7184=DIRECTION('',(0.99518477,-0.0980167,0));
#7185=DIRECTION('',(0,0,1));
#7186=AXIS2_PLACEMENT_3D('',#7183,#7184,#7185);
#7187=PLANE('',#7186);
#7188=ORIENTED_EDGE('',*,*,#6460,.F.);
#7189=ORIENTED_EDGE('',*,*,#7115,.T.);
#7190=ORIENTED_EDGE('',*,*,#3373,.F.);
#7191=EDGE_LOOP('',(#7188,#7189,#7190));
#7192=FACE_OUTER_BOUND('',#7191,.T.);
#7193=ADVANCED_FACE('',(#7192),#7187,.T.);
#7194=CARTESIAN_POINT('',(47.05764389,15.58527088,8));
#7195=DIRECTION('',(0.95693945,-0.2902876,0));
#7196=DIRECTION('',(0,0,1));
#7197=AXIS2_PLACEMENT_3D('',#7194,#7195,#7196);
#7198=PLANE('',#7197);
#7199=ORIENTED_EDGE('',*,*,#7119,.F.);
#7200=ORIENTED_EDGE('',*,*,#7134,.T.);
#7201=ORIENTED_EDGE('',*,*,#5247,.F.);
#7202=EDGE_LOOP('',(#7199,#7200,#7201));
#7203=FACE_OUTER_BOUND('',#7202,.T.);
#7204=ADVANCED_FACE('',(#7203),#7198,.T.);
#7205=CARTESIAN_POINT('',(47.22836304,16.14805031,8));
#7206=DIRECTION('',(0.88192128,-0.47139671,0));
#7207=DIRECTION('',(0,0,1));
#7208=AXIS2_PLACEMENT_3D('',#7205,#7206,#7207);
#7209=PLANE('',#7208);
#7210=ORIENTED_EDGE('',*,*,#7138,.F.);
#7211=ORIENTED_EDGE('',*,*,#7153,.T.);
#7212=ORIENTED_EDGE('',*,*,#5268,.F.);
#7213=EDGE_LOOP('',(#7210,#7211,#7212));
#7214=FACE_OUTER_BOUND('',#7213,.T.);
#7215=ADVANCED_FACE('',(#7214),#7209,.T.);
#7216=CARTESIAN_POINT('',(47.50559235,16.6667099,8));
#7217=DIRECTION('',(0.77301097,-0.63439265,0));
#7218=DIRECTION('',(0,0,1));
#7219=AXIS2_PLACEMENT_3D('',#7216,#7217,#7218);
#7220=PLANE('',#7219);
#7221=ORIENTED_EDGE('',*,*,#7157,.F.);
#7222=ORIENTED_EDGE('',*,*,#7172,.T.);
#7223=ORIENTED_EDGE('',*,*,#5289,.F.);
#7224=EDGE_LOOP('',(#7221,#7222,#7223));
#7225=FACE_OUTER_BOUND('',#7224,.T.);
#7226=ADVANCED_FACE('',(#7225),#7220,.T.);
#7227=CARTESIAN_POINT('',(47.87868118,17.12132072,8));
#7228=DIRECTION('',(0.63439424,-0.77300967,0));
#7229=DIRECTION('',(0,0,1));
#7230=AXIS2_PLACEMENT_3D('',#7227,#7228,#7229);
#7231=PLANE('',#7230);
#7232=DIRECTION('',(0.11244341,0.09228015,0.98936386));
#7233=VECTOR('',#7232,4.04300192);
#7234=LINE('',#1520,#7233);
#7235=EDGE_CURVE('',#1521,#5301,#7234,.T.);
#7236=ORIENTED_EDGE('',*,*,#7176,.F.);
#7237=ORIENTED_EDGE('',*,*,#7235,.T.);
#7238=ORIENTED_EDGE('',*,*,#5312,.F.);
#7239=EDGE_LOOP('',(#7236,#7237,#7238));
#7240=FACE_OUTER_BOUND('',#7239,.T.);
#7241=ADVANCED_FACE('',(#7240),#7231,.T.);
#7242=CARTESIAN_POINT('',(48.3332901,17.49440956,8));
#7243=DIRECTION('',(0.63439424,-0.77300967,0));
#7244=DIRECTION('',(0,0,1));
#7245=AXIS2_PLACEMENT_3D('',#7242,#7243,#7244);
#7246=PLANE('',#7245);
#7247=DIRECTION('',(0,0,1));
#7248=VECTOR('',#7247,4);
#7249=LINE('',#1493,#7248);
#7250=EDGE_CURVE('',#1494,#5301,#7249,.T.);
#7251=ORIENTED_EDGE('',*,*,#7235,.F.);
#7252=ORIENTED_EDGE('',*,*,#1574,.T.);
#7253=ORIENTED_EDGE('',*,*,#7250,.T.);
#7254=EDGE_LOOP('',(#7251,#7252,#7253));
#7255=FACE_OUTER_BOUND('',#7254,.T.);
#7256=ADVANCED_FACE('',(#7255),#7246,.T.);
#7257=CARTESIAN_POINT('',(48.8519516,17.77163887,8));
#7258=DIRECTION('',(0.47139536,-0.881922,0));
#7259=DIRECTION('',(0,0,1));
#7260=AXIS2_PLACEMENT_3D('',#7257,#7258,#7259);
#7261=PLANE('',#7260);
#7262=DIRECTION('',(0.12828623,0.06857016,0.98936382));
#7263=VECTOR('',#7262,4.04300208);
#7264=LINE('',#1493,#7263);
#7265=EDGE_CURVE('',#1494,#5388,#7264,.T.);
#7266=DIRECTION('',(0,0,1));
#7267=VECTOR('',#7266,4);
#7268=LINE('',#1466,#7267);
#7269=EDGE_CURVE('',#1467,#5388,#7268,.T.);
#7270=ORIENTED_EDGE('',*,*,#7265,.F.);
#7271=ORIENTED_EDGE('',*,*,#1589,.T.);
#7272=ORIENTED_EDGE('',*,*,#7269,.T.);
#7273=EDGE_LOOP('',(#7270,#7271,#7272));
#7274=FACE_OUTER_BOUND('',#7273,.T.);
#7275=ADVANCED_FACE('',(#7274),#7261,.T.);
#7276=CARTESIAN_POINT('',(49.41473007,17.94235611,8));
#7277=DIRECTION('',(0.29028508,-0.95694021,0));
#7278=DIRECTION('',(0,0,1));
#7279=AXIS2_PLACEMENT_3D('',#7276,#7277,#7278);
#7280=PLANE('',#7279);
#7281=DIRECTION('',(0.13919817,0.04222537,0.98936388));
#7282=VECTOR('',#7281,4.04300185);
#7283=LINE('',#1466,#7282);
#7284=EDGE_CURVE('',#1467,#5409,#7283,.T.);
#7285=DIRECTION('',(0,0,1));
#7286=VECTOR('',#7285,4);
#7287=LINE('',#566,#7286);
#7288=EDGE_CURVE('',#567,#5409,#7287,.T.);
#7289=ORIENTED_EDGE('',*,*,#7284,.F.);
#7290=ORIENTED_EDGE('',*,*,#1604,.T.);
#7291=ORIENTED_EDGE('',*,*,#7288,.T.);
#7292=EDGE_LOOP('',(#7289,#7290,#7291));
#7293=FACE_OUTER_BOUND('',#7292,.T.);
#7294=ADVANCED_FACE('',(#7293),#7280,.T.);
#7295=CARTESIAN_POINT('',(50,18,8));
#7296=DIRECTION('',(0.09801686,-0.99518475,0));
#7297=DIRECTION('',(0,0,1));
#7298=AXIS2_PLACEMENT_3D('',#7295,#7296,#7297);
#7299=PLANE('',#7298);
#7300=DIRECTION('',(0.14476123,0.0142577,0.98936389));
#7301=VECTOR('',#7300,4.04300182);
#7302=LINE('',#566,#7301);
#7303=EDGE_CURVE('',#567,#5436,#7302,.T.);
#7304=DIRECTION('',(0,0,1));
#7305=VECTOR('',#7304,4);
#7306=LINE('',#539,#7305);
#7307=EDGE_CURVE('',#540,#5436,#7306,.T.);
#7308=ORIENTED_EDGE('',*,*,#7303,.F.);
#7309=ORIENTED_EDGE('',*,*,#1619,.T.);
#7310=ORIENTED_EDGE('',*,*,#7307,.T.);
#7311=EDGE_LOOP('',(#7308,#7309,#7310));
#7312=FACE_OUTER_BOUND('',#7311,.T.);
#7313=ADVANCED_FACE('',(#7312),#7299,.T.);
#7314=CARTESIAN_POINT('',(48.3332901,17.49440956,8));
#7315=DIRECTION('',(0.47139536,-0.881922,0));
#7316=DIRECTION('',(0,0,1));
#7317=AXIS2_PLACEMENT_3D('',#7314,#7315,#7316);
#7318=PLANE('',#7317);
#7319=ORIENTED_EDGE('',*,*,#7250,.F.);
#7320=ORIENTED_EDGE('',*,*,#7265,.T.);
#7321=ORIENTED_EDGE('',*,*,#5397,.F.);
#7322=EDGE_LOOP('',(#7319,#7320,#7321));
#7323=FACE_OUTER_BOUND('',#7322,.T.);
#7324=ADVANCED_FACE('',(#7323),#7318,.T.);
#7325=CARTESIAN_POINT('',(48.8519516,17.77163887,8));
#7326=DIRECTION('',(0.29028508,-0.95694021,0));
#7327=DIRECTION('',(0,0,1));
#7328=AXIS2_PLACEMENT_3D('',#7325,#7326,#7327);
#7329=PLANE('',#7328);
#7330=ORIENTED_EDGE('',*,*,#7269,.F.);
#7331=ORIENTED_EDGE('',*,*,#7284,.T.);
#7332=ORIENTED_EDGE('',*,*,#5420,.F.);
#7333=EDGE_LOOP('',(#7330,#7331,#7332));
#7334=FACE_OUTER_BOUND('',#7333,.T.);
#7335=ADVANCED_FACE('',(#7334),#7329,.T.);
#7336=CARTESIAN_POINT('',(49.41473007,17.94235611,8));
#7337=DIRECTION('',(0.09801686,-0.99518475,0));
#7338=DIRECTION('',(0,0,1));
#7339=AXIS2_PLACEMENT_3D('',#7336,#7337,#7338);
#7340=PLANE('',#7339);
#7341=ORIENTED_EDGE('',*,*,#7288,.F.);
#7342=ORIENTED_EDGE('',*,*,#7303,.T.);
#7343=ORIENTED_EDGE('',*,*,#5445,.F.);
#7344=EDGE_LOOP('',(#7341,#7342,#7343));
#7345=FACE_OUTER_BOUND('',#7344,.T.);
#7346=ADVANCED_FACE('',(#7345),#7340,.T.);
#7347=CARTESIAN_POINT('',(50,18,8));
#7348=DIRECTION('',(-0.09801686,-0.99518475,0));
#7349=DIRECTION('',(0,0,1));
#7350=AXIS2_PLACEMENT_3D('',#7347,#7348,#7349);
#7351=PLANE('',#7350);
#7352=ORIENTED_EDGE('',*,*,#7307,.F.);
#7353=ORIENTED_EDGE('',*,*,#7034,.T.);
#7354=ORIENTED_EDGE('',*,*,#5468,.F.);
#7355=EDGE_LOOP('',(#7352,#7353,#7354));
#7356=FACE_OUTER_BOUND('',#7355,.T.);
#7357=ADVANCED_FACE('',(#7356),#7351,.T.);
#7358=CLOSED_SHELL('',(#42,#63,#84,#105,#120,#141,#162,#183,#204,#225,#254,#281,#308,#323,#338,#359,#386,#407,#422,#449,#464,#485,#500,#521,#536,#563,#590,#617,#638,#659,#674,#701,#722,#743,#758,#785,#800,#821,#842,#863,#884,#905,#926,#947,#968,#983,#1004,#1025,#1046,#1067,#1082,#1097,#1118,#1133,#1160,#1181,#1202,#1217,#1244,#1259,#1280,#1301,#1322,#1343,#1364,#1385,#1406,#1421,#1442,#1463,#1490,#1517,#1544,#1565,#1580,#1595,#1610,#1625,#1646,#1661,#1690,#1715,#1734,#1745,#1766,#1787,#1808,#1823,#1848,#1873,#1900,#1921,#1942,#1963,#1984,#2003,#2028,#2039,#2050,#2061,#2072,#2087,#2114,#2141,#2168,#2195,#2214,#2233,#2248,#2259,#2270,#2291,#2306,#2321,#2336,#2357,#2372,#2399,#2420,#2435,#2456,#2477,#2498,#2519,#2540,#2567,#2594,#2621,#2636,#2657,#2678,#2699,#2720,#2741,#2762,#2789,#2810,#2825,#2840,#2855,#2870,#2885,#2900,#2915,#2936,#2957,#2978,#2993,#3014,#3035,#3056,#3077,#3092,#3107,#3122,#3143,#3164,#3185,#3206,#3227,#3242,#3257,#3278,#3299,#3320,#3341,#3362,#3383,#3404,#3419,#3434,#3449,#3470,#3491,#3512,#3533,#3548,#3563,#3578,#3599,#3614,#3635,#3656,#3671,#3692,#3713,#3734,#3755,#3770,#3791,#3812,#3833,#3854,#3869,#3884,#3899,#3920,#3935,#3956,#3971,#3990,#4011,#4032,#4059,#4080,#4095,#4114,#4133,#4152,#4163,#4174,#4185,#4196,#4215,#4226,#4241,#4268,#4289,#4316,#4343,#4370,#4391,#4412,#4427,#4442,#4457,#4472,#4499,#4520,#4541,#4560,#4575,#4590,#4605,#4620,#4635,#4650,#4669,#4684,#4695,#4710,#4725,#4744,#4763,#4782,#4801,#4822,#4843,#4864,#4879,#4894,#4909,#4924,#4939,#4954,#4969,#4984,#4999,#5014,#5035,#5054,#5073,#5092,#5107,#5122,#5137,#5148,#5163,#5178,#5199,#5214,#5225,#5236,#5257,#5278,#5299,#5326,#5341,#5360,#5371,#5386,#5407,#5434,#5455,#5482,#5507,#5528,#5549,#5560,#5571,#5582,#5593,#5618,#5639,#5660,#5671,#5696,#5715,#5726,#5741,#5760,#5775,#5794,#5809,#5820,#5831,#5842,#5853,#5872,#5891,#5910,#5929,#5948,#5959,#5970,#5981,#5992,#6011,#6030,#6049,#6068,#6079,#6090,#6101,#6112,#6127,#6146,#6165,#6184,#6203,#6222,#6241,#6260,#6279,#6290,#6301,#6312,#6323,#6334,#6345,#6356,#6371,#6390,#6409,#6428,#6447,#6466,#6477,#6488,#6499,#6510,#6529,#6548,#6567,#6578,#6589,#6600,#6611,#6630,#6649,#6668,#6687,#6698,#6709,#6720,#6731,#6746,#6761,#6780,#6799,#6818,#6829,#6840,#6851,#6870,#6889,#6908,#6923,#6942,#6961,#6980,#6999,#7014,#7025,#7040,#7051,#7062,#7073,#7084,#7095,#7106,#7125,#7144,#7163,#7182,#7193,#7204,#7215,#7226,#7241,#7256,#7275,#7294,#7313,#7324,#7335,#7346,#7357));
#7359=MANIFOLD_SOLID_BREP('Hinge Leaf A',#7358);
#7360=CARTESIAN_POINT('',(0.,0.,0.));
#7361=DIRECTION('',(0.,0.,1.));
#7362=DIRECTION('',(1.,0.,0.));
#7363=AXIS2_PLACEMENT_3D('',#7360,#7361,#7362);
#7364=ADVANCED_BREP_SHAPE_REPRESENTATION('',(#7363,#7359),#13);
#7365=SHAPE_DEFINITION_REPRESENTATION(#8,#7364);
ENDSEC;
END-ISO-10303-21;