ISO-10303-21;
HEADER;
FILE_DESCRIPTION(('Open CASCADE Model'),'2;1');
FILE_NAME('Open CASCADE Shape Model','2026-07-02T07:12:55',('Author'),(
    'Open CASCADE'),'Open CASCADE STEP processor 7.9','build123d',
  'Unknown');
FILE_SCHEMA(('AUTOMOTIVE_DESIGN { 1 0 10303 214 1 1 1 1 }'));
ENDSEC;
DATA;
#1 = APPLICATION_PROTOCOL_DEFINITION('international standard',
  'automotive_design',2000,#2);
#2 = APPLICATION_CONTEXT(
  'core data for automotive mechanical design processes');
#3 = SHAPE_DEFINITION_REPRESENTATION(#4,#10);
#4 = PRODUCT_DEFINITION_SHAPE('','',#5);
#5 = PRODUCT_DEFINITION('design','',#6,#9);
#6 = PRODUCT_DEFINITION_FORMATION('','',#7);
#7 = PRODUCT('COMPOUND','COMPOUND','',(#8));
#8 = PRODUCT_CONTEXT('',#2,'mechanical');
#9 = PRODUCT_DEFINITION_CONTEXT('part definition',#2,'design');
#10 = ADVANCED_BREP_SHAPE_REPRESENTATION('',(#11,#15),#2221);
#11 = AXIS2_PLACEMENT_3D('',#12,#13,#14);
#12 = CARTESIAN_POINT('',(0.,0.,0.));
#13 = DIRECTION('',(0.,0.,1.));
#14 = DIRECTION('',(1.,0.,-0.));
#15 = MANIFOLD_SOLID_BREP('',#16);
#16 = CLOSED_SHELL('',(#17,#137,#496,#546,#600,#895,#922,#949,#976,#1003
    ,#1010,#1065,#1120,#1147,#1202,#1257,#1312,#1367,#1422,#1477,#1516,
    #1555,#1594,#1633,#1668,#1703,#1738,#1773,#1828,#1883,#1938,#1993,
    #2043,#2093,#2143,#2193,#2200,#2207,#2214));
#17 = ADVANCED_FACE('',(#18),#32,.F.);
#18 = FACE_BOUND('',#19,.F.);
#19 = EDGE_LOOP('',(#20,#55,#83,#111));
#20 = ORIENTED_EDGE('',*,*,#21,.F.);
#21 = EDGE_CURVE('',#22,#24,#26,.T.);
#22 = VERTEX_POINT('',#23);
#23 = CARTESIAN_POINT('',(-52.175,-29.,34.));
#24 = VERTEX_POINT('',#25);
#25 = CARTESIAN_POINT('',(-52.175,29.,34.));
#26 = SURFACE_CURVE('',#27,(#31,#43),.PCURVE_S1.);
#27 = LINE('',#28,#29);
#28 = CARTESIAN_POINT('',(-52.175,-34.,34.));
#29 = VECTOR('',#30,1.);
#30 = DIRECTION('',(-0.,1.,0.));
#31 = PCURVE('',#32,#37);
#32 = PLANE('',#33);
#33 = AXIS2_PLACEMENT_3D('',#34,#35,#36);
#34 = CARTESIAN_POINT('',(-52.175,-34.,-34.));
#35 = DIRECTION('',(1.,0.,-0.));
#36 = DIRECTION('',(0.,0.,1.));
#37 = DEFINITIONAL_REPRESENTATION('',(#38),#42);
#38 = LINE('',#39,#40);
#39 = CARTESIAN_POINT('',(68.,0.));
#40 = VECTOR('',#41,1.);
#41 = DIRECTION('',(0.,-1.));
#42 = ( GEOMETRIC_REPRESENTATION_CONTEXT(2) 
PARAMETRIC_REPRESENTATION_CONTEXT() REPRESENTATION_CONTEXT('2D SPACE',''
  ) );
#43 = PCURVE('',#44,#49);
#44 = PLANE('',#45);
#45 = AXIS2_PLACEMENT_3D('',#46,#47,#48);
#46 = CARTESIAN_POINT('',(-52.175,-34.,34.));
#47 = DIRECTION('',(0.,0.,1.));
#48 = DIRECTION('',(1.,0.,-0.));
#49 = DEFINITIONAL_REPRESENTATION('',(#50),#54);
#50 = LINE('',#51,#52);
#51 = CARTESIAN_POINT('',(0.,0.));
#52 = VECTOR('',#53,1.);
#53 = DIRECTION('',(0.,1.));
#54 = ( GEOMETRIC_REPRESENTATION_CONTEXT(2) 
PARAMETRIC_REPRESENTATION_CONTEXT() REPRESENTATION_CONTEXT('2D SPACE',''
  ) );
#55 = ORIENTED_EDGE('',*,*,#56,.F.);
#56 = EDGE_CURVE('',#57,#22,#59,.T.);
#57 = VERTEX_POINT('',#58);
#58 = CARTESIAN_POINT('',(-52.175,-29.,-34.));
#59 = SURFACE_CURVE('',#60,(#64,#71),.PCURVE_S1.);
#60 = LINE('',#61,#62);
#61 = CARTESIAN_POINT('',(-52.175,-29.,-34.));
#62 = VECTOR('',#63,1.);
#63 = DIRECTION('',(0.,0.,1.));
#64 = PCURVE('',#32,#65);
#65 = DEFINITIONAL_REPRESENTATION('',(#66),#70);
#66 = LINE('',#67,#68);
#67 = CARTESIAN_POINT('',(0.,-5.));
#68 = VECTOR('',#69,1.);
#69 = DIRECTION('',(1.,0.));
#70 = ( GEOMETRIC_REPRESENTATION_CONTEXT(2) 
PARAMETRIC_REPRESENTATION_CONTEXT() REPRESENTATION_CONTEXT('2D SPACE',''
  ) );
#71 = PCURVE('',#72,#77);
#72 = CYLINDRICAL_SURFACE('',#73,5.);
#73 = AXIS2_PLACEMENT_3D('',#74,#75,#76);
#74 = CARTESIAN_POINT('',(-47.175,-29.,-34.));
#75 = DIRECTION('',(0.,0.,1.));
#76 = DIRECTION('',(-1.,-0.,0.));
#77 = DEFINITIONAL_REPRESENTATION('',(#78),#82);
#78 = LINE('',#79,#80);
#79 = CARTESIAN_POINT('',(0.,0.));
#80 = VECTOR('',#81,1.);
#81 = DIRECTION('',(0.,1.));
#82 = ( GEOMETRIC_REPRESENTATION_CONTEXT(2) 
PARAMETRIC_REPRESENTATION_CONTEXT() REPRESENTATION_CONTEXT('2D SPACE',''
  ) );
#83 = ORIENTED_EDGE('',*,*,#84,.T.);
#84 = EDGE_CURVE('',#57,#85,#87,.T.);
#85 = VERTEX_POINT('',#86);
#86 = CARTESIAN_POINT('',(-52.175,29.,-34.));
#87 = SURFACE_CURVE('',#88,(#92,#99),.PCURVE_S1.);
#88 = LINE('',#89,#90);
#89 = CARTESIAN_POINT('',(-52.175,-34.,-34.));
#90 = VECTOR('',#91,1.);
#91 = DIRECTION('',(-0.,1.,0.));
#92 = PCURVE('',#32,#93);
#93 = DEFINITIONAL_REPRESENTATION('',(#94),#98);
#94 = LINE('',#95,#96);
#95 = CARTESIAN_POINT('',(0.,0.));
#96 = VECTOR('',#97,1.);
#97 = DIRECTION('',(0.,-1.));
#98 = ( GEOMETRIC_REPRESENTATION_CONTEXT(2) 
PARAMETRIC_REPRESENTATION_CONTEXT() REPRESENTATION_CONTEXT('2D SPACE',''
  ) );
#99 = PCURVE('',#100,#105);
#100 = PLANE('',#101);
#101 = AXIS2_PLACEMENT_3D('',#102,#103,#104);
#102 = CARTESIAN_POINT('',(-52.175,-34.,-34.));
#103 = DIRECTION('',(0.,0.,1.));
#104 = DIRECTION('',(1.,0.,-0.));
#105 = DEFINITIONAL_REPRESENTATION('',(#106),#110);
#106 = LINE('',#107,#108);
#107 = CARTESIAN_POINT('',(0.,0.));
#108 = VECTOR('',#109,1.);
#109 = DIRECTION('',(0.,1.));
#110 = ( GEOMETRIC_REPRESENTATION_CONTEXT(2) 
PARAMETRIC_REPRESENTATION_CONTEXT() REPRESENTATION_CONTEXT('2D SPACE',''
  ) );
#111 = ORIENTED_EDGE('',*,*,#112,.T.);
#112 = EDGE_CURVE('',#85,#24,#113,.T.);
#113 = SURFACE_CURVE('',#114,(#118,#125),.PCURVE_S1.);
#114 = LINE('',#115,#116);
#115 = CARTESIAN_POINT('',(-52.175,29.,-34.));
#116 = VECTOR('',#117,1.);
#117 = DIRECTION('',(0.,0.,1.));
#118 = PCURVE('',#32,#119);
#119 = DEFINITIONAL_REPRESENTATION('',(#120),#124);
#120 = LINE('',#121,#122);
#121 = CARTESIAN_POINT('',(0.,-63.));
#122 = VECTOR('',#123,1.);
#123 = DIRECTION('',(1.,0.));
#124 = ( GEOMETRIC_REPRESENTATION_CONTEXT(2) 
PARAMETRIC_REPRESENTATION_CONTEXT() REPRESENTATION_CONTEXT('2D SPACE',''
  ) );
#125 = PCURVE('',#126,#131);
#126 = CYLINDRICAL_SURFACE('',#127,5.);
#127 = AXIS2_PLACEMENT_3D('',#128,#129,#130);
#128 = CARTESIAN_POINT('',(-47.175,29.,-34.));
#129 = DIRECTION('',(0.,0.,1.));
#130 = DIRECTION('',(-1.,-0.,0.));
#131 = DEFINITIONAL_REPRESENTATION('',(#132),#136);
#132 = LINE('',#133,#134);
#133 = CARTESIAN_POINT('',(-0.,0.));
#134 = VECTOR('',#135,1.);
#135 = DIRECTION('',(-0.,1.));
#136 = ( GEOMETRIC_REPRESENTATION_CONTEXT(2) 
PARAMETRIC_REPRESENTATION_CONTEXT() REPRESENTATION_CONTEXT('2D SPACE',''
  ) );
#137 = ADVANCED_FACE('',(#138,#337,#368,#399,#434,#465),#44,.T.);
#138 = FACE_BOUND('',#139,.T.);
#139 = EDGE_LOOP('',(#140,#141,#165,#193,#222,#250,#283,#311));
#140 = ORIENTED_EDGE('',*,*,#21,.F.);
#141 = ORIENTED_EDGE('',*,*,#142,.T.);
#142 = EDGE_CURVE('',#22,#143,#145,.T.);
#143 = VERTEX_POINT('',#144);
#144 = CARTESIAN_POINT('',(-47.175,-34.,34.));
#145 = SURFACE_CURVE('',#146,(#151,#158),.PCURVE_S1.);
#146 = CIRCLE('',#147,5.);
#147 = AXIS2_PLACEMENT_3D('',#148,#149,#150);
#148 = CARTESIAN_POINT('',(-47.175,-29.,34.));
#149 = DIRECTION('',(0.,0.,1.));
#150 = DIRECTION('',(0.,-1.,0.));
#151 = PCURVE('',#44,#152);
#152 = DEFINITIONAL_REPRESENTATION('',(#153),#157);
#153 = CIRCLE('',#154,5.);
#154 = AXIS2_PLACEMENT_2D('',#155,#156);
#155 = CARTESIAN_POINT('',(5.,5.));
#156 = DIRECTION('',(0.,-1.));
#157 = ( GEOMETRIC_REPRESENTATION_CONTEXT(2) 
PARAMETRIC_REPRESENTATION_CONTEXT() REPRESENTATION_CONTEXT('2D SPACE',''
  ) );
#158 = PCURVE('',#72,#159);
#159 = DEFINITIONAL_REPRESENTATION('',(#160),#164);
#160 = LINE('',#161,#162);
#161 = CARTESIAN_POINT('',(-4.712388980385,68.));
#162 = VECTOR('',#163,1.);
#163 = DIRECTION('',(1.,0.));
#164 = ( GEOMETRIC_REPRESENTATION_CONTEXT(2) 
PARAMETRIC_REPRESENTATION_CONTEXT() REPRESENTATION_CONTEXT('2D SPACE',''
  ) );
#165 = ORIENTED_EDGE('',*,*,#166,.T.);
#166 = EDGE_CURVE('',#143,#167,#169,.T.);
#167 = VERTEX_POINT('',#168);
#168 = CARTESIAN_POINT('',(47.175,-34.,34.));
#169 = SURFACE_CURVE('',#170,(#174,#181),.PCURVE_S1.);
#170 = LINE('',#171,#172);
#171 = CARTESIAN_POINT('',(-52.175,-34.,34.));
#172 = VECTOR('',#173,1.);
#173 = DIRECTION('',(1.,0.,-0.));
#174 = PCURVE('',#44,#175);
#175 = DEFINITIONAL_REPRESENTATION('',(#176),#180);
#176 = LINE('',#177,#178);
#177 = CARTESIAN_POINT('',(0.,0.));
#178 = VECTOR('',#179,1.);
#179 = DIRECTION('',(1.,0.));
#180 = ( GEOMETRIC_REPRESENTATION_CONTEXT(2) 
PARAMETRIC_REPRESENTATION_CONTEXT() REPRESENTATION_CONTEXT('2D SPACE',''
  ) );
#181 = PCURVE('',#182,#187);
#182 = PLANE('',#183);
#183 = AXIS2_PLACEMENT_3D('',#184,#185,#186);
#184 = CARTESIAN_POINT('',(-52.175,-34.,-34.));
#185 = DIRECTION('',(-0.,1.,0.));
#186 = DIRECTION('',(0.,0.,1.));
#187 = DEFINITIONAL_REPRESENTATION('',(#188),#192);
#188 = LINE('',#189,#190);
#189 = CARTESIAN_POINT('',(68.,0.));
#190 = VECTOR('',#191,1.);
#191 = DIRECTION('',(0.,1.));
#192 = ( GEOMETRIC_REPRESENTATION_CONTEXT(2) 
PARAMETRIC_REPRESENTATION_CONTEXT() REPRESENTATION_CONTEXT('2D SPACE',''
  ) );
#193 = ORIENTED_EDGE('',*,*,#194,.T.);
#194 = EDGE_CURVE('',#167,#195,#197,.T.);
#195 = VERTEX_POINT('',#196);
#196 = CARTESIAN_POINT('',(52.175,-29.,34.));
#197 = SURFACE_CURVE('',#198,(#203,#210),.PCURVE_S1.);
#198 = CIRCLE('',#199,5.);
#199 = AXIS2_PLACEMENT_3D('',#200,#201,#202);
#200 = CARTESIAN_POINT('',(47.175,-29.,34.));
#201 = DIRECTION('',(0.,0.,1.));
#202 = DIRECTION('',(0.,-1.,0.));
#203 = PCURVE('',#44,#204);
#204 = DEFINITIONAL_REPRESENTATION('',(#205),#209);
#205 = CIRCLE('',#206,5.);
#206 = AXIS2_PLACEMENT_2D('',#207,#208);
#207 = CARTESIAN_POINT('',(99.35,5.));
#208 = DIRECTION('',(0.,-1.));
#209 = ( GEOMETRIC_REPRESENTATION_CONTEXT(2) 
PARAMETRIC_REPRESENTATION_CONTEXT() REPRESENTATION_CONTEXT('2D SPACE',''
  ) );
#210 = PCURVE('',#211,#216);
#211 = CYLINDRICAL_SURFACE('',#212,5.);
#212 = AXIS2_PLACEMENT_3D('',#213,#214,#215);
#213 = CARTESIAN_POINT('',(47.175,-29.,-34.));
#214 = DIRECTION('',(0.,0.,1.));
#215 = DIRECTION('',(0.,-1.,0.));
#216 = DEFINITIONAL_REPRESENTATION('',(#217),#221);
#217 = LINE('',#218,#219);
#218 = CARTESIAN_POINT('',(0.,68.));
#219 = VECTOR('',#220,1.);
#220 = DIRECTION('',(1.,0.));
#221 = ( GEOMETRIC_REPRESENTATION_CONTEXT(2) 
PARAMETRIC_REPRESENTATION_CONTEXT() REPRESENTATION_CONTEXT('2D SPACE',''
  ) );
#222 = ORIENTED_EDGE('',*,*,#223,.T.);
#223 = EDGE_CURVE('',#195,#224,#226,.T.);
#224 = VERTEX_POINT('',#225);
#225 = CARTESIAN_POINT('',(52.175,29.,34.));
#226 = SURFACE_CURVE('',#227,(#231,#238),.PCURVE_S1.);
#227 = LINE('',#228,#229);
#228 = CARTESIAN_POINT('',(52.175,-34.,34.));
#229 = VECTOR('',#230,1.);
#230 = DIRECTION('',(-0.,1.,0.));
#231 = PCURVE('',#44,#232);
#232 = DEFINITIONAL_REPRESENTATION('',(#233),#237);
#233 = LINE('',#234,#235);
#234 = CARTESIAN_POINT('',(104.35,0.));
#235 = VECTOR('',#236,1.);
#236 = DIRECTION('',(0.,1.));
#237 = ( GEOMETRIC_REPRESENTATION_CONTEXT(2) 
PARAMETRIC_REPRESENTATION_CONTEXT() REPRESENTATION_CONTEXT('2D SPACE',''
  ) );
#238 = PCURVE('',#239,#244);
#239 = PLANE('',#240);
#240 = AXIS2_PLACEMENT_3D('',#241,#242,#243);
#241 = CARTESIAN_POINT('',(52.175,-34.,-34.));
#242 = DIRECTION('',(1.,0.,-0.));
#243 = DIRECTION('',(0.,0.,1.));
#244 = DEFINITIONAL_REPRESENTATION('',(#245),#249);
#245 = LINE('',#246,#247);
#246 = CARTESIAN_POINT('',(68.,0.));
#247 = VECTOR('',#248,1.);
#248 = DIRECTION('',(0.,-1.));
#249 = ( GEOMETRIC_REPRESENTATION_CONTEXT(2) 
PARAMETRIC_REPRESENTATION_CONTEXT() REPRESENTATION_CONTEXT('2D SPACE',''
  ) );
#250 = ORIENTED_EDGE('',*,*,#251,.F.);
#251 = EDGE_CURVE('',#252,#224,#254,.T.);
#252 = VERTEX_POINT('',#253);
#253 = CARTESIAN_POINT('',(47.175,34.,34.));
#254 = SURFACE_CURVE('',#255,(#260,#271),.PCURVE_S1.);
#255 = CIRCLE('',#256,5.);
#256 = AXIS2_PLACEMENT_3D('',#257,#258,#259);
#257 = CARTESIAN_POINT('',(47.175,29.,34.));
#258 = DIRECTION('',(-0.,-0.,-1.));
#259 = DIRECTION('',(0.,-1.,0.));
#260 = PCURVE('',#44,#261);
#261 = DEFINITIONAL_REPRESENTATION('',(#262),#270);
#262 = ( BOUNDED_CURVE() B_SPLINE_CURVE(2,(#263,#264,#265,#266,#267,#268
,#269),.UNSPECIFIED.,.T.,.F.) B_SPLINE_CURVE_WITH_KNOTS((1,2,2,2,2,1),(
    -2.094395102393,0.,2.094395102393,4.188790204786,6.28318530718,
8.377580409573),.UNSPECIFIED.) CURVE() GEOMETRIC_REPRESENTATION_ITEM() 
RATIONAL_B_SPLINE_CURVE((1.,0.5,1.,0.5,1.,0.5,1.)) REPRESENTATION_ITEM(
  '') );
#263 = CARTESIAN_POINT('',(99.35,58.));
#264 = CARTESIAN_POINT('',(90.689745962156,58.));
#265 = CARTESIAN_POINT('',(95.019872981078,65.5));
#266 = CARTESIAN_POINT('',(99.35,73.));
#267 = CARTESIAN_POINT('',(103.68012701892,65.5));
#268 = CARTESIAN_POINT('',(108.01025403784,58.));
#269 = CARTESIAN_POINT('',(99.35,58.));
#270 = ( GEOMETRIC_REPRESENTATION_CONTEXT(2) 
PARAMETRIC_REPRESENTATION_CONTEXT() REPRESENTATION_CONTEXT('2D SPACE',''
  ) );
#271 = PCURVE('',#272,#277);
#272 = CYLINDRICAL_SURFACE('',#273,5.);
#273 = AXIS2_PLACEMENT_3D('',#274,#275,#276);
#274 = CARTESIAN_POINT('',(47.175,29.,-34.));
#275 = DIRECTION('',(0.,0.,1.));
#276 = DIRECTION('',(-0.,1.,0.));
#277 = DEFINITIONAL_REPRESENTATION('',(#278),#282);
#278 = LINE('',#279,#280);
#279 = CARTESIAN_POINT('',(3.14159265359,68.));
#280 = VECTOR('',#281,1.);
#281 = DIRECTION('',(-1.,0.));
#282 = ( GEOMETRIC_REPRESENTATION_CONTEXT(2) 
PARAMETRIC_REPRESENTATION_CONTEXT() REPRESENTATION_CONTEXT('2D SPACE',''
  ) );
#283 = ORIENTED_EDGE('',*,*,#284,.F.);
#284 = EDGE_CURVE('',#285,#252,#287,.T.);
#285 = VERTEX_POINT('',#286);
#286 = CARTESIAN_POINT('',(-47.175,34.,34.));
#287 = SURFACE_CURVE('',#288,(#292,#299),.PCURVE_S1.);
#288 = LINE('',#289,#290);
#289 = CARTESIAN_POINT('',(-52.175,34.,34.));
#290 = VECTOR('',#291,1.);
#291 = DIRECTION('',(1.,0.,-0.));
#292 = PCURVE('',#44,#293);
#293 = DEFINITIONAL_REPRESENTATION('',(#294),#298);
#294 = LINE('',#295,#296);
#295 = CARTESIAN_POINT('',(0.,68.));
#296 = VECTOR('',#297,1.);
#297 = DIRECTION('',(1.,0.));
#298 = ( GEOMETRIC_REPRESENTATION_CONTEXT(2) 
PARAMETRIC_REPRESENTATION_CONTEXT() REPRESENTATION_CONTEXT('2D SPACE',''
  ) );
#299 = PCURVE('',#300,#305);
#300 = PLANE('',#301);
#301 = AXIS2_PLACEMENT_3D('',#302,#303,#304);
#302 = CARTESIAN_POINT('',(-52.175,34.,-34.));
#303 = DIRECTION('',(-0.,1.,0.));
#304 = DIRECTION('',(0.,0.,1.));
#305 = DEFINITIONAL_REPRESENTATION('',(#306),#310);
#306 = LINE('',#307,#308);
#307 = CARTESIAN_POINT('',(68.,0.));
#308 = VECTOR('',#309,1.);
#309 = DIRECTION('',(0.,1.));
#310 = ( GEOMETRIC_REPRESENTATION_CONTEXT(2) 
PARAMETRIC_REPRESENTATION_CONTEXT() REPRESENTATION_CONTEXT('2D SPACE',''
  ) );
#311 = ORIENTED_EDGE('',*,*,#312,.F.);
#312 = EDGE_CURVE('',#24,#285,#313,.T.);
#313 = SURFACE_CURVE('',#314,(#319,#330),.PCURVE_S1.);
#314 = CIRCLE('',#315,5.);
#315 = AXIS2_PLACEMENT_3D('',#316,#317,#318);
#316 = CARTESIAN_POINT('',(-47.175,29.,34.));
#317 = DIRECTION('',(-0.,-0.,-1.));
#318 = DIRECTION('',(0.,-1.,0.));
#319 = PCURVE('',#44,#320);
#320 = DEFINITIONAL_REPRESENTATION('',(#321),#329);
#321 = ( BOUNDED_CURVE() B_SPLINE_CURVE(2,(#322,#323,#324,#325,#326,#327
,#328),.UNSPECIFIED.,.T.,.F.) B_SPLINE_CURVE_WITH_KNOTS((1,2,2,2,2,1),(
    -2.094395102393,0.,2.094395102393,4.188790204786,6.28318530718,
8.377580409573),.UNSPECIFIED.) CURVE() GEOMETRIC_REPRESENTATION_ITEM() 
RATIONAL_B_SPLINE_CURVE((1.,0.5,1.,0.5,1.,0.5,1.)) REPRESENTATION_ITEM(
  '') );
#322 = CARTESIAN_POINT('',(5.,58.));
#323 = CARTESIAN_POINT('',(-3.660254037844,58.));
#324 = CARTESIAN_POINT('',(0.669872981078,65.5));
#325 = CARTESIAN_POINT('',(5.,73.));
#326 = CARTESIAN_POINT('',(9.330127018922,65.5));
#327 = CARTESIAN_POINT('',(13.660254037844,58.));
#328 = CARTESIAN_POINT('',(5.,58.));
#329 = ( GEOMETRIC_REPRESENTATION_CONTEXT(2) 
PARAMETRIC_REPRESENTATION_CONTEXT() REPRESENTATION_CONTEXT('2D SPACE',''
  ) );
#330 = PCURVE('',#126,#331);
#331 = DEFINITIONAL_REPRESENTATION('',(#332),#336);
#332 = LINE('',#333,#334);
#333 = CARTESIAN_POINT('',(1.570796326795,68.));
#334 = VECTOR('',#335,1.);
#335 = DIRECTION('',(-1.,0.));
#336 = ( GEOMETRIC_REPRESENTATION_CONTEXT(2) 
PARAMETRIC_REPRESENTATION_CONTEXT() REPRESENTATION_CONTEXT('2D SPACE',''
  ) );
#337 = FACE_BOUND('',#338,.T.);
#338 = EDGE_LOOP('',(#339));
#339 = ORIENTED_EDGE('',*,*,#340,.F.);
#340 = EDGE_CURVE('',#341,#341,#343,.T.);
#341 = VERTEX_POINT('',#342);
#342 = CARTESIAN_POINT('',(-32.807514,-18.,34.));
#343 = SURFACE_CURVE('',#344,(#349,#356),.PCURVE_S1.);
#344 = CIRCLE('',#345,5.192486);
#345 = AXIS2_PLACEMENT_3D('',#346,#347,#348);
#346 = CARTESIAN_POINT('',(-38.,-18.,34.));
#347 = DIRECTION('',(0.,0.,1.));
#348 = DIRECTION('',(1.,0.,0.));
#349 = PCURVE('',#44,#350);
#350 = DEFINITIONAL_REPRESENTATION('',(#351),#355);
#351 = CIRCLE('',#352,5.192486);
#352 = AXIS2_PLACEMENT_2D('',#353,#354);
#353 = CARTESIAN_POINT('',(14.175,16.));
#354 = DIRECTION('',(1.,0.));
#355 = ( GEOMETRIC_REPRESENTATION_CONTEXT(2) 
PARAMETRIC_REPRESENTATION_CONTEXT() REPRESENTATION_CONTEXT('2D SPACE',''
  ) );
#356 = PCURVE('',#357,#362);
#357 = CYLINDRICAL_SURFACE('',#358,5.192486);
#358 = AXIS2_PLACEMENT_3D('',#359,#360,#361);
#359 = CARTESIAN_POINT('',(-38.,-18.,27.5));
#360 = DIRECTION('',(0.,0.,1.));
#361 = DIRECTION('',(1.,0.,0.));
#362 = DEFINITIONAL_REPRESENTATION('',(#363),#367);
#363 = LINE('',#364,#365);
#364 = CARTESIAN_POINT('',(0.,6.5));
#365 = VECTOR('',#366,1.);
#366 = DIRECTION('',(1.,0.));
#367 = ( GEOMETRIC_REPRESENTATION_CONTEXT(2) 
PARAMETRIC_REPRESENTATION_CONTEXT() REPRESENTATION_CONTEXT('2D SPACE',''
  ) );
#368 = FACE_BOUND('',#369,.T.);
#369 = EDGE_LOOP('',(#370));
#370 = ORIENTED_EDGE('',*,*,#371,.F.);
#371 = EDGE_CURVE('',#372,#372,#374,.T.);
#372 = VERTEX_POINT('',#373);
#373 = CARTESIAN_POINT('',(43.192486,-18.,34.));
#374 = SURFACE_CURVE('',#375,(#380,#387),.PCURVE_S1.);
#375 = CIRCLE('',#376,5.192486);
#376 = AXIS2_PLACEMENT_3D('',#377,#378,#379);
#377 = CARTESIAN_POINT('',(38.,-18.,34.));
#378 = DIRECTION('',(0.,0.,1.));
#379 = DIRECTION('',(1.,0.,0.));
#380 = PCURVE('',#44,#381);
#381 = DEFINITIONAL_REPRESENTATION('',(#382),#386);
#382 = CIRCLE('',#383,5.192486);
#383 = AXIS2_PLACEMENT_2D('',#384,#385);
#384 = CARTESIAN_POINT('',(90.175,16.));
#385 = DIRECTION('',(1.,0.));
#386 = ( GEOMETRIC_REPRESENTATION_CONTEXT(2) 
PARAMETRIC_REPRESENTATION_CONTEXT() REPRESENTATION_CONTEXT('2D SPACE',''
  ) );
#387 = PCURVE('',#388,#393);
#388 = CYLINDRICAL_SURFACE('',#389,5.192486);
#389 = AXIS2_PLACEMENT_3D('',#390,#391,#392);
#390 = CARTESIAN_POINT('',(38.,-18.,27.5));
#391 = DIRECTION('',(0.,0.,1.));
#392 = DIRECTION('',(1.,0.,0.));
#393 = DEFINITIONAL_REPRESENTATION('',(#394),#398);
#394 = LINE('',#395,#396);
#395 = CARTESIAN_POINT('',(0.,6.5));
#396 = VECTOR('',#397,1.);
#397 = DIRECTION('',(1.,0.));
#398 = ( GEOMETRIC_REPRESENTATION_CONTEXT(2) 
PARAMETRIC_REPRESENTATION_CONTEXT() REPRESENTATION_CONTEXT('2D SPACE',''
  ) );
#399 = FACE_BOUND('',#400,.T.);
#400 = EDGE_LOOP('',(#401));
#401 = ORIENTED_EDGE('',*,*,#402,.T.);
#402 = EDGE_CURVE('',#403,#403,#405,.T.);
#403 = VERTEX_POINT('',#404);
#404 = CARTESIAN_POINT('',(-19.25,-4.714890176717E-15,34.));
#405 = SURFACE_CURVE('',#406,(#411,#422),.PCURVE_S1.);
#406 = CIRCLE('',#407,19.25);
#407 = AXIS2_PLACEMENT_3D('',#408,#409,#410);
#408 = CARTESIAN_POINT('',(0.,0.,34.));
#409 = DIRECTION('',(0.,0.,-1.));
#410 = DIRECTION('',(-1.,0.,-0.));
#411 = PCURVE('',#44,#412);
#412 = DEFINITIONAL_REPRESENTATION('',(#413),#421);
#413 = ( BOUNDED_CURVE() B_SPLINE_CURVE(2,(#414,#415,#416,#417,#418,#419
,#420),.UNSPECIFIED.,.T.,.F.) B_SPLINE_CURVE_WITH_KNOTS((1,2,2,2,2,1),(
    -2.094395102393,0.,2.094395102393,4.188790204786,6.28318530718,
8.377580409573),.UNSPECIFIED.) CURVE() GEOMETRIC_REPRESENTATION_ITEM() 
RATIONAL_B_SPLINE_CURVE((1.,0.5,1.,0.5,1.,0.5,1.)) REPRESENTATION_ITEM(
  '') );
#414 = CARTESIAN_POINT('',(32.925,34.));
#415 = CARTESIAN_POINT('',(32.925,67.341978045701));
#416 = CARTESIAN_POINT('',(61.8,50.67098902285));
#417 = CARTESIAN_POINT('',(90.675,34.));
#418 = CARTESIAN_POINT('',(61.8,17.32901097715));
#419 = CARTESIAN_POINT('',(32.925,0.658021954299));
#420 = CARTESIAN_POINT('',(32.925,34.));
#421 = ( GEOMETRIC_REPRESENTATION_CONTEXT(2) 
PARAMETRIC_REPRESENTATION_CONTEXT() REPRESENTATION_CONTEXT('2D SPACE',''
  ) );
#422 = PCURVE('',#423,#428);
#423 = CYLINDRICAL_SURFACE('',#424,19.25);
#424 = AXIS2_PLACEMENT_3D('',#425,#426,#427);
#425 = CARTESIAN_POINT('',(0.,0.,141.90462466036));
#426 = DIRECTION('',(0.,0.,-1.));
#427 = DIRECTION('',(-1.,0.,-0.));
#428 = DEFINITIONAL_REPRESENTATION('',(#429),#433);
#429 = LINE('',#430,#431);
#430 = CARTESIAN_POINT('',(0.,107.90462466036));
#431 = VECTOR('',#432,1.);
#432 = DIRECTION('',(1.,0.));
#433 = ( GEOMETRIC_REPRESENTATION_CONTEXT(2) 
PARAMETRIC_REPRESENTATION_CONTEXT() REPRESENTATION_CONTEXT('2D SPACE',''
  ) );
#434 = FACE_BOUND('',#435,.T.);
#435 = EDGE_LOOP('',(#436));
#436 = ORIENTED_EDGE('',*,*,#437,.F.);
#437 = EDGE_CURVE('',#438,#438,#440,.T.);
#438 = VERTEX_POINT('',#439);
#439 = CARTESIAN_POINT('',(-32.807514,18.,34.));
#440 = SURFACE_CURVE('',#441,(#446,#453),.PCURVE_S1.);
#441 = CIRCLE('',#442,5.192486);
#442 = AXIS2_PLACEMENT_3D('',#443,#444,#445);
#443 = CARTESIAN_POINT('',(-38.,18.,34.));
#444 = DIRECTION('',(0.,0.,1.));
#445 = DIRECTION('',(1.,0.,0.));
#446 = PCURVE('',#44,#447);
#447 = DEFINITIONAL_REPRESENTATION('',(#448),#452);
#448 = CIRCLE('',#449,5.192486);
#449 = AXIS2_PLACEMENT_2D('',#450,#451);
#450 = CARTESIAN_POINT('',(14.175,52.));
#451 = DIRECTION('',(1.,0.));
#452 = ( GEOMETRIC_REPRESENTATION_CONTEXT(2) 
PARAMETRIC_REPRESENTATION_CONTEXT() REPRESENTATION_CONTEXT('2D SPACE',''
  ) );
#453 = PCURVE('',#454,#459);
#454 = CYLINDRICAL_SURFACE('',#455,5.192486);
#455 = AXIS2_PLACEMENT_3D('',#456,#457,#458);
#456 = CARTESIAN_POINT('',(-38.,18.,27.5));
#457 = DIRECTION('',(0.,0.,1.));
#458 = DIRECTION('',(1.,0.,0.));
#459 = DEFINITIONAL_REPRESENTATION('',(#460),#464);
#460 = LINE('',#461,#462);
#461 = CARTESIAN_POINT('',(0.,6.5));
#462 = VECTOR('',#463,1.);
#463 = DIRECTION('',(1.,0.));
#464 = ( GEOMETRIC_REPRESENTATION_CONTEXT(2) 
PARAMETRIC_REPRESENTATION_CONTEXT() REPRESENTATION_CONTEXT('2D SPACE',''
  ) );
#465 = FACE_BOUND('',#466,.T.);
#466 = EDGE_LOOP('',(#467));
#467 = ORIENTED_EDGE('',*,*,#468,.F.);
#468 = EDGE_CURVE('',#469,#469,#471,.T.);
#469 = VERTEX_POINT('',#470);
#470 = CARTESIAN_POINT('',(43.192486,18.,34.));
#471 = SURFACE_CURVE('',#472,(#477,#484),.PCURVE_S1.);
#472 = CIRCLE('',#473,5.192486);
#473 = AXIS2_PLACEMENT_3D('',#474,#475,#476);
#474 = CARTESIAN_POINT('',(38.,18.,34.));
#475 = DIRECTION('',(0.,0.,1.));
#476 = DIRECTION('',(1.,0.,0.));
#477 = PCURVE('',#44,#478);
#478 = DEFINITIONAL_REPRESENTATION('',(#479),#483);
#479 = CIRCLE('',#480,5.192486);
#480 = AXIS2_PLACEMENT_2D('',#481,#482);
#481 = CARTESIAN_POINT('',(90.175,52.));
#482 = DIRECTION('',(1.,0.));
#483 = ( GEOMETRIC_REPRESENTATION_CONTEXT(2) 
PARAMETRIC_REPRESENTATION_CONTEXT() REPRESENTATION_CONTEXT('2D SPACE',''
  ) );
#484 = PCURVE('',#485,#490);
#485 = CYLINDRICAL_SURFACE('',#486,5.192486);
#486 = AXIS2_PLACEMENT_3D('',#487,#488,#489);
#487 = CARTESIAN_POINT('',(38.,18.,27.5));
#488 = DIRECTION('',(0.,0.,1.));
#489 = DIRECTION('',(1.,0.,0.));
#490 = DEFINITIONAL_REPRESENTATION('',(#491),#495);
#491 = LINE('',#492,#493);
#492 = CARTESIAN_POINT('',(0.,6.5));
#493 = VECTOR('',#494,1.);
#494 = DIRECTION('',(1.,0.));
#495 = ( GEOMETRIC_REPRESENTATION_CONTEXT(2) 
PARAMETRIC_REPRESENTATION_CONTEXT() REPRESENTATION_CONTEXT('2D SPACE',''
  ) );
#496 = ADVANCED_FACE('',(#497),#72,.T.);
#497 = FACE_BOUND('',#498,.T.);
#498 = EDGE_LOOP('',(#499,#523,#544,#545));
#499 = ORIENTED_EDGE('',*,*,#500,.T.);
#500 = EDGE_CURVE('',#57,#501,#503,.T.);
#501 = VERTEX_POINT('',#502);
#502 = CARTESIAN_POINT('',(-47.175,-34.,-34.));
#503 = SURFACE_CURVE('',#504,(#509,#516),.PCURVE_S1.);
#504 = CIRCLE('',#505,5.);
#505 = AXIS2_PLACEMENT_3D('',#506,#507,#508);
#506 = CARTESIAN_POINT('',(-47.175,-29.,-34.));
#507 = DIRECTION('',(0.,0.,1.));
#508 = DIRECTION('',(0.,-1.,0.));
#509 = PCURVE('',#72,#510);
#510 = DEFINITIONAL_REPRESENTATION('',(#511),#515);
#511 = LINE('',#512,#513);
#512 = CARTESIAN_POINT('',(-4.712388980385,0.));
#513 = VECTOR('',#514,1.);
#514 = DIRECTION('',(1.,0.));
#515 = ( GEOMETRIC_REPRESENTATION_CONTEXT(2) 
PARAMETRIC_REPRESENTATION_CONTEXT() REPRESENTATION_CONTEXT('2D SPACE',''
  ) );
#516 = PCURVE('',#100,#517);
#517 = DEFINITIONAL_REPRESENTATION('',(#518),#522);
#518 = CIRCLE('',#519,5.);
#519 = AXIS2_PLACEMENT_2D('',#520,#521);
#520 = CARTESIAN_POINT('',(5.,5.));
#521 = DIRECTION('',(0.,-1.));
#522 = ( GEOMETRIC_REPRESENTATION_CONTEXT(2) 
PARAMETRIC_REPRESENTATION_CONTEXT() REPRESENTATION_CONTEXT('2D SPACE',''
  ) );
#523 = ORIENTED_EDGE('',*,*,#524,.T.);
#524 = EDGE_CURVE('',#501,#143,#525,.T.);
#525 = SURFACE_CURVE('',#526,(#530,#537),.PCURVE_S1.);
#526 = LINE('',#527,#528);
#527 = CARTESIAN_POINT('',(-47.175,-34.,-34.));
#528 = VECTOR('',#529,1.);
#529 = DIRECTION('',(0.,0.,1.));
#530 = PCURVE('',#72,#531);
#531 = DEFINITIONAL_REPRESENTATION('',(#532),#536);
#532 = LINE('',#533,#534);
#533 = CARTESIAN_POINT('',(1.570796326795,0.));
#534 = VECTOR('',#535,1.);
#535 = DIRECTION('',(0.,1.));
#536 = ( GEOMETRIC_REPRESENTATION_CONTEXT(2) 
PARAMETRIC_REPRESENTATION_CONTEXT() REPRESENTATION_CONTEXT('2D SPACE',''
  ) );
#537 = PCURVE('',#182,#538);
#538 = DEFINITIONAL_REPRESENTATION('',(#539),#543);
#539 = LINE('',#540,#541);
#540 = CARTESIAN_POINT('',(0.,5.));
#541 = VECTOR('',#542,1.);
#542 = DIRECTION('',(1.,0.));
#543 = ( GEOMETRIC_REPRESENTATION_CONTEXT(2) 
PARAMETRIC_REPRESENTATION_CONTEXT() REPRESENTATION_CONTEXT('2D SPACE',''
  ) );
#544 = ORIENTED_EDGE('',*,*,#142,.F.);
#545 = ORIENTED_EDGE('',*,*,#56,.F.);
#546 = ADVANCED_FACE('',(#547),#126,.T.);
#547 = FACE_BOUND('',#548,.F.);
#548 = EDGE_LOOP('',(#549,#577,#598,#599));
#549 = ORIENTED_EDGE('',*,*,#550,.T.);
#550 = EDGE_CURVE('',#85,#551,#553,.T.);
#551 = VERTEX_POINT('',#552);
#552 = CARTESIAN_POINT('',(-47.175,34.,-34.));
#553 = SURFACE_CURVE('',#554,(#559,#566),.PCURVE_S1.);
#554 = CIRCLE('',#555,5.);
#555 = AXIS2_PLACEMENT_3D('',#556,#557,#558);
#556 = CARTESIAN_POINT('',(-47.175,29.,-34.));
#557 = DIRECTION('',(-0.,-0.,-1.));
#558 = DIRECTION('',(0.,-1.,0.));
#559 = PCURVE('',#126,#560);
#560 = DEFINITIONAL_REPRESENTATION('',(#561),#565);
#561 = LINE('',#562,#563);
#562 = CARTESIAN_POINT('',(1.570796326795,-0.));
#563 = VECTOR('',#564,1.);
#564 = DIRECTION('',(-1.,0.));
#565 = ( GEOMETRIC_REPRESENTATION_CONTEXT(2) 
PARAMETRIC_REPRESENTATION_CONTEXT() REPRESENTATION_CONTEXT('2D SPACE',''
  ) );
#566 = PCURVE('',#100,#567);
#567 = DEFINITIONAL_REPRESENTATION('',(#568),#576);
#568 = ( BOUNDED_CURVE() B_SPLINE_CURVE(2,(#569,#570,#571,#572,#573,#574
,#575),.UNSPECIFIED.,.T.,.F.) B_SPLINE_CURVE_WITH_KNOTS((1,2,2,2,2,1),(
    -2.094395102393,0.,2.094395102393,4.188790204786,6.28318530718,
8.377580409573),.UNSPECIFIED.) CURVE() GEOMETRIC_REPRESENTATION_ITEM() 
RATIONAL_B_SPLINE_CURVE((1.,0.5,1.,0.5,1.,0.5,1.)) REPRESENTATION_ITEM(
  '') );
#569 = CARTESIAN_POINT('',(5.,58.));
#570 = CARTESIAN_POINT('',(-3.660254037844,58.));
#571 = CARTESIAN_POINT('',(0.669872981078,65.5));
#572 = CARTESIAN_POINT('',(5.,73.));
#573 = CARTESIAN_POINT('',(9.330127018922,65.5));
#574 = CARTESIAN_POINT('',(13.660254037844,58.));
#575 = CARTESIAN_POINT('',(5.,58.));
#576 = ( GEOMETRIC_REPRESENTATION_CONTEXT(2) 
PARAMETRIC_REPRESENTATION_CONTEXT() REPRESENTATION_CONTEXT('2D SPACE',''
  ) );
#577 = ORIENTED_EDGE('',*,*,#578,.T.);
#578 = EDGE_CURVE('',#551,#285,#579,.T.);
#579 = SURFACE_CURVE('',#580,(#584,#591),.PCURVE_S1.);
#580 = LINE('',#581,#582);
#581 = CARTESIAN_POINT('',(-47.175,34.,-34.));
#582 = VECTOR('',#583,1.);
#583 = DIRECTION('',(0.,0.,1.));
#584 = PCURVE('',#126,#585);
#585 = DEFINITIONAL_REPRESENTATION('',(#586),#590);
#586 = LINE('',#587,#588);
#587 = CARTESIAN_POINT('',(-1.570796326795,0.));
#588 = VECTOR('',#589,1.);
#589 = DIRECTION('',(-0.,1.));
#590 = ( GEOMETRIC_REPRESENTATION_CONTEXT(2) 
PARAMETRIC_REPRESENTATION_CONTEXT() REPRESENTATION_CONTEXT('2D SPACE',''
  ) );
#591 = PCURVE('',#300,#592);
#592 = DEFINITIONAL_REPRESENTATION('',(#593),#597);
#593 = LINE('',#594,#595);
#594 = CARTESIAN_POINT('',(0.,5.));
#595 = VECTOR('',#596,1.);
#596 = DIRECTION('',(1.,0.));
#597 = ( GEOMETRIC_REPRESENTATION_CONTEXT(2) 
PARAMETRIC_REPRESENTATION_CONTEXT() REPRESENTATION_CONTEXT('2D SPACE',''
  ) );
#598 = ORIENTED_EDGE('',*,*,#312,.F.);
#599 = ORIENTED_EDGE('',*,*,#112,.F.);
#600 = ADVANCED_FACE('',(#601,#725,#760,#795,#830,#860),#100,.F.);
#601 = FACE_BOUND('',#602,.F.);
#602 = EDGE_LOOP('',(#603,#604,#605,#628,#652,#675,#703,#724));
#603 = ORIENTED_EDGE('',*,*,#84,.F.);
#604 = ORIENTED_EDGE('',*,*,#500,.T.);
#605 = ORIENTED_EDGE('',*,*,#606,.T.);
#606 = EDGE_CURVE('',#501,#607,#609,.T.);
#607 = VERTEX_POINT('',#608);
#608 = CARTESIAN_POINT('',(47.175,-34.,-34.));
#609 = SURFACE_CURVE('',#610,(#614,#621),.PCURVE_S1.);
#610 = LINE('',#611,#612);
#611 = CARTESIAN_POINT('',(-52.175,-34.,-34.));
#612 = VECTOR('',#613,1.);
#613 = DIRECTION('',(1.,0.,-0.));
#614 = PCURVE('',#100,#615);
#615 = DEFINITIONAL_REPRESENTATION('',(#616),#620);
#616 = LINE('',#617,#618);
#617 = CARTESIAN_POINT('',(0.,0.));
#618 = VECTOR('',#619,1.);
#619 = DIRECTION('',(1.,0.));
#620 = ( GEOMETRIC_REPRESENTATION_CONTEXT(2) 
PARAMETRIC_REPRESENTATION_CONTEXT() REPRESENTATION_CONTEXT('2D SPACE',''
  ) );
#621 = PCURVE('',#182,#622);
#622 = DEFINITIONAL_REPRESENTATION('',(#623),#627);
#623 = LINE('',#624,#625);
#624 = CARTESIAN_POINT('',(0.,0.));
#625 = VECTOR('',#626,1.);
#626 = DIRECTION('',(0.,1.));
#627 = ( GEOMETRIC_REPRESENTATION_CONTEXT(2) 
PARAMETRIC_REPRESENTATION_CONTEXT() REPRESENTATION_CONTEXT('2D SPACE',''
  ) );
#628 = ORIENTED_EDGE('',*,*,#629,.T.);
#629 = EDGE_CURVE('',#607,#630,#632,.T.);
#630 = VERTEX_POINT('',#631);
#631 = CARTESIAN_POINT('',(52.175,-29.,-34.));
#632 = SURFACE_CURVE('',#633,(#638,#645),.PCURVE_S1.);
#633 = CIRCLE('',#634,5.);
#634 = AXIS2_PLACEMENT_3D('',#635,#636,#637);
#635 = CARTESIAN_POINT('',(47.175,-29.,-34.));
#636 = DIRECTION('',(0.,0.,1.));
#637 = DIRECTION('',(0.,-1.,0.));
#638 = PCURVE('',#100,#639);
#639 = DEFINITIONAL_REPRESENTATION('',(#640),#644);
#640 = CIRCLE('',#641,5.);
#641 = AXIS2_PLACEMENT_2D('',#642,#643);
#642 = CARTESIAN_POINT('',(99.35,5.));
#643 = DIRECTION('',(0.,-1.));
#644 = ( GEOMETRIC_REPRESENTATION_CONTEXT(2) 
PARAMETRIC_REPRESENTATION_CONTEXT() REPRESENTATION_CONTEXT('2D SPACE',''
  ) );
#645 = PCURVE('',#211,#646);
#646 = DEFINITIONAL_REPRESENTATION('',(#647),#651);
#647 = LINE('',#648,#649);
#648 = CARTESIAN_POINT('',(0.,0.));
#649 = VECTOR('',#650,1.);
#650 = DIRECTION('',(1.,0.));
#651 = ( GEOMETRIC_REPRESENTATION_CONTEXT(2) 
PARAMETRIC_REPRESENTATION_CONTEXT() REPRESENTATION_CONTEXT('2D SPACE',''
  ) );
#652 = ORIENTED_EDGE('',*,*,#653,.T.);
#653 = EDGE_CURVE('',#630,#654,#656,.T.);
#654 = VERTEX_POINT('',#655);
#655 = CARTESIAN_POINT('',(52.175,29.,-34.));
#656 = SURFACE_CURVE('',#657,(#661,#668),.PCURVE_S1.);
#657 = LINE('',#658,#659);
#658 = CARTESIAN_POINT('',(52.175,-34.,-34.));
#659 = VECTOR('',#660,1.);
#660 = DIRECTION('',(-0.,1.,0.));
#661 = PCURVE('',#100,#662);
#662 = DEFINITIONAL_REPRESENTATION('',(#663),#667);
#663 = LINE('',#664,#665);
#664 = CARTESIAN_POINT('',(104.35,0.));
#665 = VECTOR('',#666,1.);
#666 = DIRECTION('',(0.,1.));
#667 = ( GEOMETRIC_REPRESENTATION_CONTEXT(2) 
PARAMETRIC_REPRESENTATION_CONTEXT() REPRESENTATION_CONTEXT('2D SPACE',''
  ) );
#668 = PCURVE('',#239,#669);
#669 = DEFINITIONAL_REPRESENTATION('',(#670),#674);
#670 = LINE('',#671,#672);
#671 = CARTESIAN_POINT('',(0.,0.));
#672 = VECTOR('',#673,1.);
#673 = DIRECTION('',(0.,-1.));
#674 = ( GEOMETRIC_REPRESENTATION_CONTEXT(2) 
PARAMETRIC_REPRESENTATION_CONTEXT() REPRESENTATION_CONTEXT('2D SPACE',''
  ) );
#675 = ORIENTED_EDGE('',*,*,#676,.F.);
#676 = EDGE_CURVE('',#677,#654,#679,.T.);
#677 = VERTEX_POINT('',#678);
#678 = CARTESIAN_POINT('',(47.175,34.,-34.));
#679 = SURFACE_CURVE('',#680,(#685,#696),.PCURVE_S1.);
#680 = CIRCLE('',#681,5.);
#681 = AXIS2_PLACEMENT_3D('',#682,#683,#684);
#682 = CARTESIAN_POINT('',(47.175,29.,-34.));
#683 = DIRECTION('',(-0.,-0.,-1.));
#684 = DIRECTION('',(0.,-1.,0.));
#685 = PCURVE('',#100,#686);
#686 = DEFINITIONAL_REPRESENTATION('',(#687),#695);
#687 = ( BOUNDED_CURVE() B_SPLINE_CURVE(2,(#688,#689,#690,#691,#692,#693
,#694),.UNSPECIFIED.,.T.,.F.) B_SPLINE_CURVE_WITH_KNOTS((1,2,2,2,2,1),(
    -2.094395102393,0.,2.094395102393,4.188790204786,6.28318530718,
8.377580409573),.UNSPECIFIED.) CURVE() GEOMETRIC_REPRESENTATION_ITEM() 
RATIONAL_B_SPLINE_CURVE((1.,0.5,1.,0.5,1.,0.5,1.)) REPRESENTATION_ITEM(
  '') );
#688 = CARTESIAN_POINT('',(99.35,58.));
#689 = CARTESIAN_POINT('',(90.689745962156,58.));
#690 = CARTESIAN_POINT('',(95.019872981078,65.5));
#691 = CARTESIAN_POINT('',(99.35,73.));
#692 = CARTESIAN_POINT('',(103.68012701892,65.5));
#693 = CARTESIAN_POINT('',(108.01025403784,58.));
#694 = CARTESIAN_POINT('',(99.35,58.));
#695 = ( GEOMETRIC_REPRESENTATION_CONTEXT(2) 
PARAMETRIC_REPRESENTATION_CONTEXT() REPRESENTATION_CONTEXT('2D SPACE',''
  ) );
#696 = PCURVE('',#272,#697);
#697 = DEFINITIONAL_REPRESENTATION('',(#698),#702);
#698 = LINE('',#699,#700);
#699 = CARTESIAN_POINT('',(3.14159265359,-0.));
#700 = VECTOR('',#701,1.);
#701 = DIRECTION('',(-1.,0.));
#702 = ( GEOMETRIC_REPRESENTATION_CONTEXT(2) 
PARAMETRIC_REPRESENTATION_CONTEXT() REPRESENTATION_CONTEXT('2D SPACE',''
  ) );
#703 = ORIENTED_EDGE('',*,*,#704,.F.);
#704 = EDGE_CURVE('',#551,#677,#705,.T.);
#705 = SURFACE_CURVE('',#706,(#710,#717),.PCURVE_S1.);
#706 = LINE('',#707,#708);
#707 = CARTESIAN_POINT('',(-52.175,34.,-34.));
#708 = VECTOR('',#709,1.);
#709 = DIRECTION('',(1.,0.,-0.));
#710 = PCURVE('',#100,#711);
#711 = DEFINITIONAL_REPRESENTATION('',(#712),#716);
#712 = LINE('',#713,#714);
#713 = CARTESIAN_POINT('',(0.,68.));
#714 = VECTOR('',#715,1.);
#715 = DIRECTION('',(1.,0.));
#716 = ( GEOMETRIC_REPRESENTATION_CONTEXT(2) 
PARAMETRIC_REPRESENTATION_CONTEXT() REPRESENTATION_CONTEXT('2D SPACE',''
  ) );
#717 = PCURVE('',#300,#718);
#718 = DEFINITIONAL_REPRESENTATION('',(#719),#723);
#719 = LINE('',#720,#721);
#720 = CARTESIAN_POINT('',(0.,0.));
#721 = VECTOR('',#722,1.);
#722 = DIRECTION('',(0.,1.));
#723 = ( GEOMETRIC_REPRESENTATION_CONTEXT(2) 
PARAMETRIC_REPRESENTATION_CONTEXT() REPRESENTATION_CONTEXT('2D SPACE',''
  ) );
#724 = ORIENTED_EDGE('',*,*,#550,.F.);
#725 = FACE_BOUND('',#726,.F.);
#726 = EDGE_LOOP('',(#727));
#727 = ORIENTED_EDGE('',*,*,#728,.T.);
#728 = EDGE_CURVE('',#729,#729,#731,.T.);
#729 = VERTEX_POINT('',#730);
#730 = CARTESIAN_POINT('',(-41.25,-18.,-34.));
#731 = SURFACE_CURVE('',#732,(#737,#748),.PCURVE_S1.);
#732 = CIRCLE('',#733,3.25);
#733 = AXIS2_PLACEMENT_3D('',#734,#735,#736);
#734 = CARTESIAN_POINT('',(-38.,-18.,-34.));
#735 = DIRECTION('',(0.,0.,-1.));
#736 = DIRECTION('',(-1.,0.,0.));
#737 = PCURVE('',#100,#738);
#738 = DEFINITIONAL_REPRESENTATION('',(#739),#747);
#739 = ( BOUNDED_CURVE() B_SPLINE_CURVE(2,(#740,#741,#742,#743,#744,#745
,#746),.UNSPECIFIED.,.T.,.F.) B_SPLINE_CURVE_WITH_KNOTS((1,2,2,2,2,1),(
    -2.094395102393,0.,2.094395102393,4.188790204786,6.28318530718,
8.377580409573),.UNSPECIFIED.) CURVE() GEOMETRIC_REPRESENTATION_ITEM() 
RATIONAL_B_SPLINE_CURVE((1.,0.5,1.,0.5,1.,0.5,1.)) REPRESENTATION_ITEM(
  '') );
#740 = CARTESIAN_POINT('',(10.925,16.));
#741 = CARTESIAN_POINT('',(10.925,21.629165124599));
#742 = CARTESIAN_POINT('',(15.8,18.814582562299));
#743 = CARTESIAN_POINT('',(20.675,16.));
#744 = CARTESIAN_POINT('',(15.8,13.185417437701));
#745 = CARTESIAN_POINT('',(10.925,10.370834875401));
#746 = CARTESIAN_POINT('',(10.925,16.));
#747 = ( GEOMETRIC_REPRESENTATION_CONTEXT(2) 
PARAMETRIC_REPRESENTATION_CONTEXT() REPRESENTATION_CONTEXT('2D SPACE',''
  ) );
#748 = PCURVE('',#749,#754);
#749 = CYLINDRICAL_SURFACE('',#750,3.25);
#750 = AXIS2_PLACEMENT_3D('',#751,#752,#753);
#751 = CARTESIAN_POINT('',(-38.,-18.,141.90462466036));
#752 = DIRECTION('',(0.,0.,-1.));
#753 = DIRECTION('',(-1.,0.,0.));
#754 = DEFINITIONAL_REPRESENTATION('',(#755),#759);
#755 = LINE('',#756,#757);
#756 = CARTESIAN_POINT('',(0.,175.90462466036));
#757 = VECTOR('',#758,1.);
#758 = DIRECTION('',(1.,0.));
#759 = ( GEOMETRIC_REPRESENTATION_CONTEXT(2) 
PARAMETRIC_REPRESENTATION_CONTEXT() REPRESENTATION_CONTEXT('2D SPACE',''
  ) );
#760 = FACE_BOUND('',#761,.F.);
#761 = EDGE_LOOP('',(#762));
#762 = ORIENTED_EDGE('',*,*,#763,.T.);
#763 = EDGE_CURVE('',#764,#764,#766,.T.);
#764 = VERTEX_POINT('',#765);
#765 = CARTESIAN_POINT('',(34.75,-18.,-34.));
#766 = SURFACE_CURVE('',#767,(#772,#783),.PCURVE_S1.);
#767 = CIRCLE('',#768,3.25);
#768 = AXIS2_PLACEMENT_3D('',#769,#770,#771);
#769 = CARTESIAN_POINT('',(38.,-18.,-34.));
#770 = DIRECTION('',(0.,0.,-1.));
#771 = DIRECTION('',(-1.,0.,0.));
#772 = PCURVE('',#100,#773);
#773 = DEFINITIONAL_REPRESENTATION('',(#774),#782);
#774 = ( BOUNDED_CURVE() B_SPLINE_CURVE(2,(#775,#776,#777,#778,#779,#780
,#781),.UNSPECIFIED.,.T.,.F.) B_SPLINE_CURVE_WITH_KNOTS((1,2,2,2,2,1),(
    -2.094395102393,0.,2.094395102393,4.188790204786,6.28318530718,
8.377580409573),.UNSPECIFIED.) CURVE() GEOMETRIC_REPRESENTATION_ITEM() 
RATIONAL_B_SPLINE_CURVE((1.,0.5,1.,0.5,1.,0.5,1.)) REPRESENTATION_ITEM(
  '') );
#775 = CARTESIAN_POINT('',(86.925,16.));
#776 = CARTESIAN_POINT('',(86.925,21.629165124599));
#777 = CARTESIAN_POINT('',(91.8,18.814582562299));
#778 = CARTESIAN_POINT('',(96.675,16.));
#779 = CARTESIAN_POINT('',(91.8,13.185417437701));
#780 = CARTESIAN_POINT('',(86.925,10.370834875401));
#781 = CARTESIAN_POINT('',(86.925,16.));
#782 = ( GEOMETRIC_REPRESENTATION_CONTEXT(2) 
PARAMETRIC_REPRESENTATION_CONTEXT() REPRESENTATION_CONTEXT('2D SPACE',''
  ) );
#783 = PCURVE('',#784,#789);
#784 = CYLINDRICAL_SURFACE('',#785,3.25);
#785 = AXIS2_PLACEMENT_3D('',#786,#787,#788);
#786 = CARTESIAN_POINT('',(38.,-18.,141.90462466036));
#787 = DIRECTION('',(0.,0.,-1.));
#788 = DIRECTION('',(-1.,0.,0.));
#789 = DEFINITIONAL_REPRESENTATION('',(#790),#794);
#790 = LINE('',#791,#792);
#791 = CARTESIAN_POINT('',(0.,175.90462466036));
#792 = VECTOR('',#793,1.);
#793 = DIRECTION('',(1.,0.));
#794 = ( GEOMETRIC_REPRESENTATION_CONTEXT(2) 
PARAMETRIC_REPRESENTATION_CONTEXT() REPRESENTATION_CONTEXT('2D SPACE',''
  ) );
#795 = FACE_BOUND('',#796,.F.);
#796 = EDGE_LOOP('',(#797));
#797 = ORIENTED_EDGE('',*,*,#798,.T.);
#798 = EDGE_CURVE('',#799,#799,#801,.T.);
#799 = VERTEX_POINT('',#800);
#800 = CARTESIAN_POINT('',(-41.25,18.,-34.));
#801 = SURFACE_CURVE('',#802,(#807,#818),.PCURVE_S1.);
#802 = CIRCLE('',#803,3.25);
#803 = AXIS2_PLACEMENT_3D('',#804,#805,#806);
#804 = CARTESIAN_POINT('',(-38.,18.,-34.));
#805 = DIRECTION('',(0.,0.,-1.));
#806 = DIRECTION('',(-1.,0.,0.));
#807 = PCURVE('',#100,#808);
#808 = DEFINITIONAL_REPRESENTATION('',(#809),#817);
#809 = ( BOUNDED_CURVE() B_SPLINE_CURVE(2,(#810,#811,#812,#813,#814,#815
,#816),.UNSPECIFIED.,.T.,.F.) B_SPLINE_CURVE_WITH_KNOTS((1,2,2,2,2,1),(
    -2.094395102393,0.,2.094395102393,4.188790204786,6.28318530718,
8.377580409573),.UNSPECIFIED.) CURVE() GEOMETRIC_REPRESENTATION_ITEM() 
RATIONAL_B_SPLINE_CURVE((1.,0.5,1.,0.5,1.,0.5,1.)) REPRESENTATION_ITEM(
  '') );
#810 = CARTESIAN_POINT('',(10.925,52.));
#811 = CARTESIAN_POINT('',(10.925,57.629165124599));
#812 = CARTESIAN_POINT('',(15.8,54.814582562299));
#813 = CARTESIAN_POINT('',(20.675,52.));
#814 = CARTESIAN_POINT('',(15.8,49.185417437701));
#815 = CARTESIAN_POINT('',(10.925,46.370834875401));
#816 = CARTESIAN_POINT('',(10.925,52.));
#817 = ( GEOMETRIC_REPRESENTATION_CONTEXT(2) 
PARAMETRIC_REPRESENTATION_CONTEXT() REPRESENTATION_CONTEXT('2D SPACE',''
  ) );
#818 = PCURVE('',#819,#824);
#819 = CYLINDRICAL_SURFACE('',#820,3.25);
#820 = AXIS2_PLACEMENT_3D('',#821,#822,#823);
#821 = CARTESIAN_POINT('',(-38.,18.,141.90462466036));
#822 = DIRECTION('',(0.,0.,-1.));
#823 = DIRECTION('',(-1.,0.,0.));
#824 = DEFINITIONAL_REPRESENTATION('',(#825),#829);
#825 = LINE('',#826,#827);
#826 = CARTESIAN_POINT('',(0.,175.90462466036));
#827 = VECTOR('',#828,1.);
#828 = DIRECTION('',(1.,0.));
#829 = ( GEOMETRIC_REPRESENTATION_CONTEXT(2) 
PARAMETRIC_REPRESENTATION_CONTEXT() REPRESENTATION_CONTEXT('2D SPACE',''
  ) );
#830 = FACE_BOUND('',#831,.F.);
#831 = EDGE_LOOP('',(#832));
#832 = ORIENTED_EDGE('',*,*,#833,.T.);
#833 = EDGE_CURVE('',#834,#834,#836,.T.);
#834 = VERTEX_POINT('',#835);
#835 = CARTESIAN_POINT('',(-19.25,-4.714890176717E-15,-34.));
#836 = SURFACE_CURVE('',#837,(#842,#853),.PCURVE_S1.);
#837 = CIRCLE('',#838,19.25);
#838 = AXIS2_PLACEMENT_3D('',#839,#840,#841);
#839 = CARTESIAN_POINT('',(0.,0.,-34.));
#840 = DIRECTION('',(0.,0.,-1.));
#841 = DIRECTION('',(-1.,0.,-0.));
#842 = PCURVE('',#100,#843);
#843 = DEFINITIONAL_REPRESENTATION('',(#844),#852);
#844 = ( BOUNDED_CURVE() B_SPLINE_CURVE(2,(#845,#846,#847,#848,#849,#850
,#851),.UNSPECIFIED.,.T.,.F.) B_SPLINE_CURVE_WITH_KNOTS((1,2,2,2,2,1),(
    -2.094395102393,0.,2.094395102393,4.188790204786,6.28318530718,
8.377580409573),.UNSPECIFIED.) CURVE() GEOMETRIC_REPRESENTATION_ITEM() 
RATIONAL_B_SPLINE_CURVE((1.,0.5,1.,0.5,1.,0.5,1.)) REPRESENTATION_ITEM(
  '') );
#845 = CARTESIAN_POINT('',(32.925,34.));
#846 = CARTESIAN_POINT('',(32.925,67.341978045701));
#847 = CARTESIAN_POINT('',(61.8,50.67098902285));
#848 = CARTESIAN_POINT('',(90.675,34.));
#849 = CARTESIAN_POINT('',(61.8,17.32901097715));
#850 = CARTESIAN_POINT('',(32.925,0.658021954299));
#851 = CARTESIAN_POINT('',(32.925,34.));
#852 = ( GEOMETRIC_REPRESENTATION_CONTEXT(2) 
PARAMETRIC_REPRESENTATION_CONTEXT() REPRESENTATION_CONTEXT('2D SPACE',''
  ) );
#853 = PCURVE('',#423,#854);
#854 = DEFINITIONAL_REPRESENTATION('',(#855),#859);
#855 = LINE('',#856,#857);
#856 = CARTESIAN_POINT('',(0.,175.90462466036));
#857 = VECTOR('',#858,1.);
#858 = DIRECTION('',(1.,0.));
#859 = ( GEOMETRIC_REPRESENTATION_CONTEXT(2) 
PARAMETRIC_REPRESENTATION_CONTEXT() REPRESENTATION_CONTEXT('2D SPACE',''
  ) );
#860 = FACE_BOUND('',#861,.F.);
#861 = EDGE_LOOP('',(#862));
#862 = ORIENTED_EDGE('',*,*,#863,.T.);
#863 = EDGE_CURVE('',#864,#864,#866,.T.);
#864 = VERTEX_POINT('',#865);
#865 = CARTESIAN_POINT('',(34.75,18.,-34.));
#866 = SURFACE_CURVE('',#867,(#872,#883),.PCURVE_S1.);
#867 = CIRCLE('',#868,3.25);
#868 = AXIS2_PLACEMENT_3D('',#869,#870,#871);
#869 = CARTESIAN_POINT('',(38.,18.,-34.));
#870 = DIRECTION('',(0.,0.,-1.));
#871 = DIRECTION('',(-1.,0.,0.));
#872 = PCURVE('',#100,#873);
#873 = DEFINITIONAL_REPRESENTATION('',(#874),#882);
#874 = ( BOUNDED_CURVE() B_SPLINE_CURVE(2,(#875,#876,#877,#878,#879,#880
,#881),.UNSPECIFIED.,.T.,.F.) B_SPLINE_CURVE_WITH_KNOTS((1,2,2,2,2,1),(
    -2.094395102393,0.,2.094395102393,4.188790204786,6.28318530718,
8.377580409573),.UNSPECIFIED.) CURVE() GEOMETRIC_REPRESENTATION_ITEM() 
RATIONAL_B_SPLINE_CURVE((1.,0.5,1.,0.5,1.,0.5,1.)) REPRESENTATION_ITEM(
  '') );
#875 = CARTESIAN_POINT('',(86.925,52.));
#876 = CARTESIAN_POINT('',(86.925,57.629165124599));
#877 = CARTESIAN_POINT('',(91.8,54.814582562299));
#878 = CARTESIAN_POINT('',(96.675,52.));
#879 = CARTESIAN_POINT('',(91.8,49.185417437701));
#880 = CARTESIAN_POINT('',(86.925,46.370834875401));
#881 = CARTESIAN_POINT('',(86.925,52.));
#882 = ( GEOMETRIC_REPRESENTATION_CONTEXT(2) 
PARAMETRIC_REPRESENTATION_CONTEXT() REPRESENTATION_CONTEXT('2D SPACE',''
  ) );
#883 = PCURVE('',#884,#889);
#884 = CYLINDRICAL_SURFACE('',#885,3.25);
#885 = AXIS2_PLACEMENT_3D('',#886,#887,#888);
#886 = CARTESIAN_POINT('',(38.,18.,141.90462466036));
#887 = DIRECTION('',(0.,0.,-1.));
#888 = DIRECTION('',(-1.,0.,0.));
#889 = DEFINITIONAL_REPRESENTATION('',(#890),#894);
#890 = LINE('',#891,#892);
#891 = CARTESIAN_POINT('',(0.,175.90462466036));
#892 = VECTOR('',#893,1.);
#893 = DIRECTION('',(1.,0.));
#894 = ( GEOMETRIC_REPRESENTATION_CONTEXT(2) 
PARAMETRIC_REPRESENTATION_CONTEXT() REPRESENTATION_CONTEXT('2D SPACE',''
  ) );
#895 = ADVANCED_FACE('',(#896),#182,.F.);
#896 = FACE_BOUND('',#897,.F.);
#897 = EDGE_LOOP('',(#898,#899,#900,#901));
#898 = ORIENTED_EDGE('',*,*,#606,.F.);
#899 = ORIENTED_EDGE('',*,*,#524,.T.);
#900 = ORIENTED_EDGE('',*,*,#166,.T.);
#901 = ORIENTED_EDGE('',*,*,#902,.F.);
#902 = EDGE_CURVE('',#607,#167,#903,.T.);
#903 = SURFACE_CURVE('',#904,(#908,#915),.PCURVE_S1.);
#904 = LINE('',#905,#906);
#905 = CARTESIAN_POINT('',(47.175,-34.,-34.));
#906 = VECTOR('',#907,1.);
#907 = DIRECTION('',(0.,0.,1.));
#908 = PCURVE('',#182,#909);
#909 = DEFINITIONAL_REPRESENTATION('',(#910),#914);
#910 = LINE('',#911,#912);
#911 = CARTESIAN_POINT('',(0.,99.35));
#912 = VECTOR('',#913,1.);
#913 = DIRECTION('',(1.,0.));
#914 = ( GEOMETRIC_REPRESENTATION_CONTEXT(2) 
PARAMETRIC_REPRESENTATION_CONTEXT() REPRESENTATION_CONTEXT('2D SPACE',''
  ) );
#915 = PCURVE('',#211,#916);
#916 = DEFINITIONAL_REPRESENTATION('',(#917),#921);
#917 = LINE('',#918,#919);
#918 = CARTESIAN_POINT('',(0.,0.));
#919 = VECTOR('',#920,1.);
#920 = DIRECTION('',(0.,1.));
#921 = ( GEOMETRIC_REPRESENTATION_CONTEXT(2) 
PARAMETRIC_REPRESENTATION_CONTEXT() REPRESENTATION_CONTEXT('2D SPACE',''
  ) );
#922 = ADVANCED_FACE('',(#923),#300,.T.);
#923 = FACE_BOUND('',#924,.T.);
#924 = EDGE_LOOP('',(#925,#926,#927,#928));
#925 = ORIENTED_EDGE('',*,*,#704,.F.);
#926 = ORIENTED_EDGE('',*,*,#578,.T.);
#927 = ORIENTED_EDGE('',*,*,#284,.T.);
#928 = ORIENTED_EDGE('',*,*,#929,.F.);
#929 = EDGE_CURVE('',#677,#252,#930,.T.);
#930 = SURFACE_CURVE('',#931,(#935,#942),.PCURVE_S1.);
#931 = LINE('',#932,#933);
#932 = CARTESIAN_POINT('',(47.175,34.,-34.));
#933 = VECTOR('',#934,1.);
#934 = DIRECTION('',(0.,0.,1.));
#935 = PCURVE('',#300,#936);
#936 = DEFINITIONAL_REPRESENTATION('',(#937),#941);
#937 = LINE('',#938,#939);
#938 = CARTESIAN_POINT('',(0.,99.35));
#939 = VECTOR('',#940,1.);
#940 = DIRECTION('',(1.,0.));
#941 = ( GEOMETRIC_REPRESENTATION_CONTEXT(2) 
PARAMETRIC_REPRESENTATION_CONTEXT() REPRESENTATION_CONTEXT('2D SPACE',''
  ) );
#942 = PCURVE('',#272,#943);
#943 = DEFINITIONAL_REPRESENTATION('',(#944),#948);
#944 = LINE('',#945,#946);
#945 = CARTESIAN_POINT('',(-0.,0.));
#946 = VECTOR('',#947,1.);
#947 = DIRECTION('',(-0.,1.));
#948 = ( GEOMETRIC_REPRESENTATION_CONTEXT(2) 
PARAMETRIC_REPRESENTATION_CONTEXT() REPRESENTATION_CONTEXT('2D SPACE',''
  ) );
#949 = ADVANCED_FACE('',(#950),#211,.T.);
#950 = FACE_BOUND('',#951,.T.);
#951 = EDGE_LOOP('',(#952,#953,#974,#975));
#952 = ORIENTED_EDGE('',*,*,#629,.T.);
#953 = ORIENTED_EDGE('',*,*,#954,.T.);
#954 = EDGE_CURVE('',#630,#195,#955,.T.);
#955 = SURFACE_CURVE('',#956,(#960,#967),.PCURVE_S1.);
#956 = LINE('',#957,#958);
#957 = CARTESIAN_POINT('',(52.175,-29.,-34.));
#958 = VECTOR('',#959,1.);
#959 = DIRECTION('',(0.,0.,1.));
#960 = PCURVE('',#211,#961);
#961 = DEFINITIONAL_REPRESENTATION('',(#962),#966);
#962 = LINE('',#963,#964);
#963 = CARTESIAN_POINT('',(1.570796326795,0.));
#964 = VECTOR('',#965,1.);
#965 = DIRECTION('',(0.,1.));
#966 = ( GEOMETRIC_REPRESENTATION_CONTEXT(2) 
PARAMETRIC_REPRESENTATION_CONTEXT() REPRESENTATION_CONTEXT('2D SPACE',''
  ) );
#967 = PCURVE('',#239,#968);
#968 = DEFINITIONAL_REPRESENTATION('',(#969),#973);
#969 = LINE('',#970,#971);
#970 = CARTESIAN_POINT('',(0.,-5.));
#971 = VECTOR('',#972,1.);
#972 = DIRECTION('',(1.,0.));
#973 = ( GEOMETRIC_REPRESENTATION_CONTEXT(2) 
PARAMETRIC_REPRESENTATION_CONTEXT() REPRESENTATION_CONTEXT('2D SPACE',''
  ) );
#974 = ORIENTED_EDGE('',*,*,#194,.F.);
#975 = ORIENTED_EDGE('',*,*,#902,.F.);
#976 = ADVANCED_FACE('',(#977),#272,.T.);
#977 = FACE_BOUND('',#978,.F.);
#978 = EDGE_LOOP('',(#979,#980,#1001,#1002));
#979 = ORIENTED_EDGE('',*,*,#676,.T.);
#980 = ORIENTED_EDGE('',*,*,#981,.T.);
#981 = EDGE_CURVE('',#654,#224,#982,.T.);
#982 = SURFACE_CURVE('',#983,(#987,#994),.PCURVE_S1.);
#983 = LINE('',#984,#985);
#984 = CARTESIAN_POINT('',(52.175,29.,-34.));
#985 = VECTOR('',#986,1.);
#986 = DIRECTION('',(0.,0.,1.));
#987 = PCURVE('',#272,#988);
#988 = DEFINITIONAL_REPRESENTATION('',(#989),#993);
#989 = LINE('',#990,#991);
#990 = CARTESIAN_POINT('',(-1.570796326795,0.));
#991 = VECTOR('',#992,1.);
#992 = DIRECTION('',(-0.,1.));
#993 = ( GEOMETRIC_REPRESENTATION_CONTEXT(2) 
PARAMETRIC_REPRESENTATION_CONTEXT() REPRESENTATION_CONTEXT('2D SPACE',''
  ) );
#994 = PCURVE('',#239,#995);
#995 = DEFINITIONAL_REPRESENTATION('',(#996),#1000);
#996 = LINE('',#997,#998);
#997 = CARTESIAN_POINT('',(0.,-63.));
#998 = VECTOR('',#999,1.);
#999 = DIRECTION('',(1.,0.));
#1000 = ( GEOMETRIC_REPRESENTATION_CONTEXT(2) 
PARAMETRIC_REPRESENTATION_CONTEXT() REPRESENTATION_CONTEXT('2D SPACE',''
  ) );
#1001 = ORIENTED_EDGE('',*,*,#251,.F.);
#1002 = ORIENTED_EDGE('',*,*,#929,.F.);
#1003 = ADVANCED_FACE('',(#1004),#239,.T.);
#1004 = FACE_BOUND('',#1005,.T.);
#1005 = EDGE_LOOP('',(#1006,#1007,#1008,#1009));
#1006 = ORIENTED_EDGE('',*,*,#223,.F.);
#1007 = ORIENTED_EDGE('',*,*,#954,.F.);
#1008 = ORIENTED_EDGE('',*,*,#653,.T.);
#1009 = ORIENTED_EDGE('',*,*,#981,.T.);
#1010 = ADVANCED_FACE('',(#1011),#357,.F.);
#1011 = FACE_BOUND('',#1012,.F.);
#1012 = EDGE_LOOP('',(#1013,#1014,#1037,#1064));
#1013 = ORIENTED_EDGE('',*,*,#340,.F.);
#1014 = ORIENTED_EDGE('',*,*,#1015,.F.);
#1015 = EDGE_CURVE('',#1016,#341,#1018,.T.);
#1016 = VERTEX_POINT('',#1017);
#1017 = CARTESIAN_POINT('',(-32.807514,-18.,27.5));
#1018 = SEAM_CURVE('',#1019,(#1023,#1030),.PCURVE_S1.);
#1019 = LINE('',#1020,#1021);
#1020 = CARTESIAN_POINT('',(-32.807514,-18.,27.5));
#1021 = VECTOR('',#1022,1.);
#1022 = DIRECTION('',(0.,0.,1.));
#1023 = PCURVE('',#357,#1024);
#1024 = DEFINITIONAL_REPRESENTATION('',(#1025),#1029);
#1025 = LINE('',#1026,#1027);
#1026 = CARTESIAN_POINT('',(6.28318530718,-0.));
#1027 = VECTOR('',#1028,1.);
#1028 = DIRECTION('',(0.,1.));
#1029 = ( GEOMETRIC_REPRESENTATION_CONTEXT(2) 
PARAMETRIC_REPRESENTATION_CONTEXT() REPRESENTATION_CONTEXT('2D SPACE',''
  ) );
#1030 = PCURVE('',#357,#1031);
#1031 = DEFINITIONAL_REPRESENTATION('',(#1032),#1036);
#1032 = LINE('',#1033,#1034);
#1033 = CARTESIAN_POINT('',(0.,-0.));
#1034 = VECTOR('',#1035,1.);
#1035 = DIRECTION('',(0.,1.));
#1036 = ( GEOMETRIC_REPRESENTATION_CONTEXT(2) 
PARAMETRIC_REPRESENTATION_CONTEXT() REPRESENTATION_CONTEXT('2D SPACE',''
  ) );
#1037 = ORIENTED_EDGE('',*,*,#1038,.T.);
#1038 = EDGE_CURVE('',#1016,#1016,#1039,.T.);
#1039 = SURFACE_CURVE('',#1040,(#1045,#1052),.PCURVE_S1.);
#1040 = CIRCLE('',#1041,5.192486);
#1041 = AXIS2_PLACEMENT_3D('',#1042,#1043,#1044);
#1042 = CARTESIAN_POINT('',(-38.,-18.,27.5));
#1043 = DIRECTION('',(0.,0.,1.));
#1044 = DIRECTION('',(1.,0.,0.));
#1045 = PCURVE('',#357,#1046);
#1046 = DEFINITIONAL_REPRESENTATION('',(#1047),#1051);
#1047 = LINE('',#1048,#1049);
#1048 = CARTESIAN_POINT('',(0.,0.));
#1049 = VECTOR('',#1050,1.);
#1050 = DIRECTION('',(1.,0.));
#1051 = ( GEOMETRIC_REPRESENTATION_CONTEXT(2) 
PARAMETRIC_REPRESENTATION_CONTEXT() REPRESENTATION_CONTEXT('2D SPACE',''
  ) );
#1052 = PCURVE('',#1053,#1058);
#1053 = PLANE('',#1054);
#1054 = AXIS2_PLACEMENT_3D('',#1055,#1056,#1057);
#1055 = CARTESIAN_POINT('',(-38.,-18.,27.5));
#1056 = DIRECTION('',(0.,0.,1.));
#1057 = DIRECTION('',(1.,0.,0.));
#1058 = DEFINITIONAL_REPRESENTATION('',(#1059),#1063);
#1059 = CIRCLE('',#1060,5.192486);
#1060 = AXIS2_PLACEMENT_2D('',#1061,#1062);
#1061 = CARTESIAN_POINT('',(0.,0.));
#1062 = DIRECTION('',(1.,0.));
#1063 = ( GEOMETRIC_REPRESENTATION_CONTEXT(2) 
PARAMETRIC_REPRESENTATION_CONTEXT() REPRESENTATION_CONTEXT('2D SPACE',''
  ) );
#1064 = ORIENTED_EDGE('',*,*,#1015,.T.);
#1065 = ADVANCED_FACE('',(#1066),#388,.F.);
#1066 = FACE_BOUND('',#1067,.F.);
#1067 = EDGE_LOOP('',(#1068,#1069,#1092,#1119));
#1068 = ORIENTED_EDGE('',*,*,#371,.F.);
#1069 = ORIENTED_EDGE('',*,*,#1070,.F.);
#1070 = EDGE_CURVE('',#1071,#372,#1073,.T.);
#1071 = VERTEX_POINT('',#1072);
#1072 = CARTESIAN_POINT('',(43.192486,-18.,27.5));
#1073 = SEAM_CURVE('',#1074,(#1078,#1085),.PCURVE_S1.);
#1074 = LINE('',#1075,#1076);
#1075 = CARTESIAN_POINT('',(43.192486,-18.,27.5));
#1076 = VECTOR('',#1077,1.);
#1077 = DIRECTION('',(0.,0.,1.));
#1078 = PCURVE('',#388,#1079);
#1079 = DEFINITIONAL_REPRESENTATION('',(#1080),#1084);
#1080 = LINE('',#1081,#1082);
#1081 = CARTESIAN_POINT('',(6.28318530718,-0.));
#1082 = VECTOR('',#1083,1.);
#1083 = DIRECTION('',(0.,1.));
#1084 = ( GEOMETRIC_REPRESENTATION_CONTEXT(2) 
PARAMETRIC_REPRESENTATION_CONTEXT() REPRESENTATION_CONTEXT('2D SPACE',''
  ) );
#1085 = PCURVE('',#388,#1086);
#1086 = DEFINITIONAL_REPRESENTATION('',(#1087),#1091);
#1087 = LINE('',#1088,#1089);
#1088 = CARTESIAN_POINT('',(0.,-0.));
#1089 = VECTOR('',#1090,1.);
#1090 = DIRECTION('',(0.,1.));
#1091 = ( GEOMETRIC_REPRESENTATION_CONTEXT(2) 
PARAMETRIC_REPRESENTATION_CONTEXT() REPRESENTATION_CONTEXT('2D SPACE',''
  ) );
#1092 = ORIENTED_EDGE('',*,*,#1093,.T.);
#1093 = EDGE_CURVE('',#1071,#1071,#1094,.T.);
#1094 = SURFACE_CURVE('',#1095,(#1100,#1107),.PCURVE_S1.);
#1095 = CIRCLE('',#1096,5.192486);
#1096 = AXIS2_PLACEMENT_3D('',#1097,#1098,#1099);
#1097 = CARTESIAN_POINT('',(38.,-18.,27.5));
#1098 = DIRECTION('',(0.,0.,1.));
#1099 = DIRECTION('',(1.,0.,0.));
#1100 = PCURVE('',#388,#1101);
#1101 = DEFINITIONAL_REPRESENTATION('',(#1102),#1106);
#1102 = LINE('',#1103,#1104);
#1103 = CARTESIAN_POINT('',(0.,0.));
#1104 = VECTOR('',#1105,1.);
#1105 = DIRECTION('',(1.,0.));
#1106 = ( GEOMETRIC_REPRESENTATION_CONTEXT(2) 
PARAMETRIC_REPRESENTATION_CONTEXT() REPRESENTATION_CONTEXT('2D SPACE',''
  ) );
#1107 = PCURVE('',#1108,#1113);
#1108 = PLANE('',#1109);
#1109 = AXIS2_PLACEMENT_3D('',#1110,#1111,#1112);
#1110 = CARTESIAN_POINT('',(38.,-18.,27.5));
#1111 = DIRECTION('',(0.,0.,1.));
#1112 = DIRECTION('',(1.,0.,0.));
#1113 = DEFINITIONAL_REPRESENTATION('',(#1114),#1118);
#1114 = CIRCLE('',#1115,5.192486);
#1115 = AXIS2_PLACEMENT_2D('',#1116,#1117);
#1116 = CARTESIAN_POINT('',(0.,0.));
#1117 = DIRECTION('',(1.,0.));
#1118 = ( GEOMETRIC_REPRESENTATION_CONTEXT(2) 
PARAMETRIC_REPRESENTATION_CONTEXT() REPRESENTATION_CONTEXT('2D SPACE',''
  ) );
#1119 = ORIENTED_EDGE('',*,*,#1070,.T.);
#1120 = ADVANCED_FACE('',(#1121),#423,.F.);
#1121 = FACE_BOUND('',#1122,.F.);
#1122 = EDGE_LOOP('',(#1123,#1124,#1145,#1146));
#1123 = ORIENTED_EDGE('',*,*,#833,.F.);
#1124 = ORIENTED_EDGE('',*,*,#1125,.F.);
#1125 = EDGE_CURVE('',#403,#834,#1126,.T.);
#1126 = SEAM_CURVE('',#1127,(#1131,#1138),.PCURVE_S1.);
#1127 = LINE('',#1128,#1129);
#1128 = CARTESIAN_POINT('',(-19.25,-4.714890176717E-15,141.90462466036)
  );
#1129 = VECTOR('',#1130,1.);
#1130 = DIRECTION('',(0.,0.,-1.));
#1131 = PCURVE('',#423,#1132);
#1132 = DEFINITIONAL_REPRESENTATION('',(#1133),#1137);
#1133 = LINE('',#1134,#1135);
#1134 = CARTESIAN_POINT('',(6.28318530718,-0.));
#1135 = VECTOR('',#1136,1.);
#1136 = DIRECTION('',(0.,1.));
#1137 = ( GEOMETRIC_REPRESENTATION_CONTEXT(2) 
PARAMETRIC_REPRESENTATION_CONTEXT() REPRESENTATION_CONTEXT('2D SPACE',''
  ) );
#1138 = PCURVE('',#423,#1139);
#1139 = DEFINITIONAL_REPRESENTATION('',(#1140),#1144);
#1140 = LINE('',#1141,#1142);
#1141 = CARTESIAN_POINT('',(0.,-0.));
#1142 = VECTOR('',#1143,1.);
#1143 = DIRECTION('',(0.,1.));
#1144 = ( GEOMETRIC_REPRESENTATION_CONTEXT(2) 
PARAMETRIC_REPRESENTATION_CONTEXT() REPRESENTATION_CONTEXT('2D SPACE',''
  ) );
#1145 = ORIENTED_EDGE('',*,*,#402,.T.);
#1146 = ORIENTED_EDGE('',*,*,#1125,.T.);
#1147 = ADVANCED_FACE('',(#1148),#454,.F.);
#1148 = FACE_BOUND('',#1149,.F.);
#1149 = EDGE_LOOP('',(#1150,#1151,#1174,#1201));
#1150 = ORIENTED_EDGE('',*,*,#437,.F.);
#1151 = ORIENTED_EDGE('',*,*,#1152,.F.);
#1152 = EDGE_CURVE('',#1153,#438,#1155,.T.);
#1153 = VERTEX_POINT('',#1154);
#1154 = CARTESIAN_POINT('',(-32.807514,18.,27.5));
#1155 = SEAM_CURVE('',#1156,(#1160,#1167),.PCURVE_S1.);
#1156 = LINE('',#1157,#1158);
#1157 = CARTESIAN_POINT('',(-32.807514,18.,27.5));
#1158 = VECTOR('',#1159,1.);
#1159 = DIRECTION('',(0.,0.,1.));
#1160 = PCURVE('',#454,#1161);
#1161 = DEFINITIONAL_REPRESENTATION('',(#1162),#1166);
#1162 = LINE('',#1163,#1164);
#1163 = CARTESIAN_POINT('',(6.28318530718,-0.));
#1164 = VECTOR('',#1165,1.);
#1165 = DIRECTION('',(0.,1.));
#1166 = ( GEOMETRIC_REPRESENTATION_CONTEXT(2) 
PARAMETRIC_REPRESENTATION_CONTEXT() REPRESENTATION_CONTEXT('2D SPACE',''
  ) );
#1167 = PCURVE('',#454,#1168);
#1168 = DEFINITIONAL_REPRESENTATION('',(#1169),#1173);
#1169 = LINE('',#1170,#1171);
#1170 = CARTESIAN_POINT('',(0.,-0.));
#1171 = VECTOR('',#1172,1.);
#1172 = DIRECTION('',(0.,1.));
#1173 = ( GEOMETRIC_REPRESENTATION_CONTEXT(2) 
PARAMETRIC_REPRESENTATION_CONTEXT() REPRESENTATION_CONTEXT('2D SPACE',''
  ) );
#1174 = ORIENTED_EDGE('',*,*,#1175,.T.);
#1175 = EDGE_CURVE('',#1153,#1153,#1176,.T.);
#1176 = SURFACE_CURVE('',#1177,(#1182,#1189),.PCURVE_S1.);
#1177 = CIRCLE('',#1178,5.192486);
#1178 = AXIS2_PLACEMENT_3D('',#1179,#1180,#1181);
#1179 = CARTESIAN_POINT('',(-38.,18.,27.5));
#1180 = DIRECTION('',(0.,0.,1.));
#1181 = DIRECTION('',(1.,0.,0.));
#1182 = PCURVE('',#454,#1183);
#1183 = DEFINITIONAL_REPRESENTATION('',(#1184),#1188);
#1184 = LINE('',#1185,#1186);
#1185 = CARTESIAN_POINT('',(0.,0.));
#1186 = VECTOR('',#1187,1.);
#1187 = DIRECTION('',(1.,0.));
#1188 = ( GEOMETRIC_REPRESENTATION_CONTEXT(2) 
PARAMETRIC_REPRESENTATION_CONTEXT() REPRESENTATION_CONTEXT('2D SPACE',''
  ) );
#1189 = PCURVE('',#1190,#1195);
#1190 = PLANE('',#1191);
#1191 = AXIS2_PLACEMENT_3D('',#1192,#1193,#1194);
#1192 = CARTESIAN_POINT('',(-38.,18.,27.5));
#1193 = DIRECTION('',(0.,0.,1.));
#1194 = DIRECTION('',(1.,0.,0.));
#1195 = DEFINITIONAL_REPRESENTATION('',(#1196),#1200);
#1196 = CIRCLE('',#1197,5.192486);
#1197 = AXIS2_PLACEMENT_2D('',#1198,#1199);
#1198 = CARTESIAN_POINT('',(0.,0.));
#1199 = DIRECTION('',(1.,0.));
#1200 = ( GEOMETRIC_REPRESENTATION_CONTEXT(2) 
PARAMETRIC_REPRESENTATION_CONTEXT() REPRESENTATION_CONTEXT('2D SPACE',''
  ) );
#1201 = ORIENTED_EDGE('',*,*,#1152,.T.);
#1202 = ADVANCED_FACE('',(#1203),#485,.F.);
#1203 = FACE_BOUND('',#1204,.F.);
#1204 = EDGE_LOOP('',(#1205,#1206,#1229,#1256));
#1205 = ORIENTED_EDGE('',*,*,#468,.F.);
#1206 = ORIENTED_EDGE('',*,*,#1207,.F.);
#1207 = EDGE_CURVE('',#1208,#469,#1210,.T.);
#1208 = VERTEX_POINT('',#1209);
#1209 = CARTESIAN_POINT('',(43.192486,18.,27.5));
#1210 = SEAM_CURVE('',#1211,(#1215,#1222),.PCURVE_S1.);
#1211 = LINE('',#1212,#1213);
#1212 = CARTESIAN_POINT('',(43.192486,18.,27.5));
#1213 = VECTOR('',#1214,1.);
#1214 = DIRECTION('',(0.,0.,1.));
#1215 = PCURVE('',#485,#1216);
#1216 = DEFINITIONAL_REPRESENTATION('',(#1217),#1221);
#1217 = LINE('',#1218,#1219);
#1218 = CARTESIAN_POINT('',(6.28318530718,-0.));
#1219 = VECTOR('',#1220,1.);
#1220 = DIRECTION('',(0.,1.));
#1221 = ( GEOMETRIC_REPRESENTATION_CONTEXT(2) 
PARAMETRIC_REPRESENTATION_CONTEXT() REPRESENTATION_CONTEXT('2D SPACE',''
  ) );
#1222 = PCURVE('',#485,#1223);
#1223 = DEFINITIONAL_REPRESENTATION('',(#1224),#1228);
#1224 = LINE('',#1225,#1226);
#1225 = CARTESIAN_POINT('',(0.,-0.));
#1226 = VECTOR('',#1227,1.);
#1227 = DIRECTION('',(0.,1.));
#1228 = ( GEOMETRIC_REPRESENTATION_CONTEXT(2) 
PARAMETRIC_REPRESENTATION_CONTEXT() REPRESENTATION_CONTEXT('2D SPACE',''
  ) );
#1229 = ORIENTED_EDGE('',*,*,#1230,.T.);
#1230 = EDGE_CURVE('',#1208,#1208,#1231,.T.);
#1231 = SURFACE_CURVE('',#1232,(#1237,#1244),.PCURVE_S1.);
#1232 = CIRCLE('',#1233,5.192486);
#1233 = AXIS2_PLACEMENT_3D('',#1234,#1235,#1236);
#1234 = CARTESIAN_POINT('',(38.,18.,27.5));
#1235 = DIRECTION('',(0.,0.,1.));
#1236 = DIRECTION('',(1.,0.,0.));
#1237 = PCURVE('',#485,#1238);
#1238 = DEFINITIONAL_REPRESENTATION('',(#1239),#1243);
#1239 = LINE('',#1240,#1241);
#1240 = CARTESIAN_POINT('',(0.,0.));
#1241 = VECTOR('',#1242,1.);
#1242 = DIRECTION('',(1.,0.));
#1243 = ( GEOMETRIC_REPRESENTATION_CONTEXT(2) 
PARAMETRIC_REPRESENTATION_CONTEXT() REPRESENTATION_CONTEXT('2D SPACE',''
  ) );
#1244 = PCURVE('',#1245,#1250);
#1245 = PLANE('',#1246);
#1246 = AXIS2_PLACEMENT_3D('',#1247,#1248,#1249);
#1247 = CARTESIAN_POINT('',(38.,18.,27.5));
#1248 = DIRECTION('',(0.,0.,1.));
#1249 = DIRECTION('',(1.,0.,0.));
#1250 = DEFINITIONAL_REPRESENTATION('',(#1251),#1255);
#1251 = CIRCLE('',#1252,5.192486);
#1252 = AXIS2_PLACEMENT_2D('',#1253,#1254);
#1253 = CARTESIAN_POINT('',(0.,0.));
#1254 = DIRECTION('',(1.,0.));
#1255 = ( GEOMETRIC_REPRESENTATION_CONTEXT(2) 
PARAMETRIC_REPRESENTATION_CONTEXT() REPRESENTATION_CONTEXT('2D SPACE',''
  ) );
#1256 = ORIENTED_EDGE('',*,*,#1207,.T.);
#1257 = ADVANCED_FACE('',(#1258),#749,.F.);
#1258 = FACE_BOUND('',#1259,.F.);
#1259 = EDGE_LOOP('',(#1260,#1289,#1310,#1311));
#1260 = ORIENTED_EDGE('',*,*,#1261,.T.);
#1261 = EDGE_CURVE('',#1262,#1262,#1264,.T.);
#1262 = VERTEX_POINT('',#1263);
#1263 = CARTESIAN_POINT('',(-41.25,-18.,-15.));
#1264 = SURFACE_CURVE('',#1265,(#1270,#1277),.PCURVE_S1.);
#1265 = CIRCLE('',#1266,3.25);
#1266 = AXIS2_PLACEMENT_3D('',#1267,#1268,#1269);
#1267 = CARTESIAN_POINT('',(-38.,-18.,-15.));
#1268 = DIRECTION('',(0.,0.,-1.));
#1269 = DIRECTION('',(-1.,0.,0.));
#1270 = PCURVE('',#749,#1271);
#1271 = DEFINITIONAL_REPRESENTATION('',(#1272),#1276);
#1272 = LINE('',#1273,#1274);
#1273 = CARTESIAN_POINT('',(0.,156.90462466036));
#1274 = VECTOR('',#1275,1.);
#1275 = DIRECTION('',(1.,0.));
#1276 = ( GEOMETRIC_REPRESENTATION_CONTEXT(2) 
PARAMETRIC_REPRESENTATION_CONTEXT() REPRESENTATION_CONTEXT('2D SPACE',''
  ) );
#1277 = PCURVE('',#1278,#1283);
#1278 = PLANE('',#1279);
#1279 = AXIS2_PLACEMENT_3D('',#1280,#1281,#1282);
#1280 = CARTESIAN_POINT('',(-38.,-18.,-15.));
#1281 = DIRECTION('',(0.,0.,-1.));
#1282 = DIRECTION('',(-1.,0.,0.));
#1283 = DEFINITIONAL_REPRESENTATION('',(#1284),#1288);
#1284 = CIRCLE('',#1285,3.25);
#1285 = AXIS2_PLACEMENT_2D('',#1286,#1287);
#1286 = CARTESIAN_POINT('',(0.,0.));
#1287 = DIRECTION('',(1.,0.));
#1288 = ( GEOMETRIC_REPRESENTATION_CONTEXT(2) 
PARAMETRIC_REPRESENTATION_CONTEXT() REPRESENTATION_CONTEXT('2D SPACE',''
  ) );
#1289 = ORIENTED_EDGE('',*,*,#1290,.T.);
#1290 = EDGE_CURVE('',#1262,#729,#1291,.T.);
#1291 = SEAM_CURVE('',#1292,(#1296,#1303),.PCURVE_S1.);
#1292 = LINE('',#1293,#1294);
#1293 = CARTESIAN_POINT('',(-41.25,-18.,141.90462466036));
#1294 = VECTOR('',#1295,1.);
#1295 = DIRECTION('',(0.,0.,-1.));
#1296 = PCURVE('',#749,#1297);
#1297 = DEFINITIONAL_REPRESENTATION('',(#1298),#1302);
#1298 = LINE('',#1299,#1300);
#1299 = CARTESIAN_POINT('',(0.,-0.));
#1300 = VECTOR('',#1301,1.);
#1301 = DIRECTION('',(0.,1.));
#1302 = ( GEOMETRIC_REPRESENTATION_CONTEXT(2) 
PARAMETRIC_REPRESENTATION_CONTEXT() REPRESENTATION_CONTEXT('2D SPACE',''
  ) );
#1303 = PCURVE('',#749,#1304);
#1304 = DEFINITIONAL_REPRESENTATION('',(#1305),#1309);
#1305 = LINE('',#1306,#1307);
#1306 = CARTESIAN_POINT('',(6.28318530718,-0.));
#1307 = VECTOR('',#1308,1.);
#1308 = DIRECTION('',(0.,1.));
#1309 = ( GEOMETRIC_REPRESENTATION_CONTEXT(2) 
PARAMETRIC_REPRESENTATION_CONTEXT() REPRESENTATION_CONTEXT('2D SPACE',''
  ) );
#1310 = ORIENTED_EDGE('',*,*,#728,.F.);
#1311 = ORIENTED_EDGE('',*,*,#1290,.F.);
#1312 = ADVANCED_FACE('',(#1313),#784,.F.);
#1313 = FACE_BOUND('',#1314,.F.);
#1314 = EDGE_LOOP('',(#1315,#1344,#1365,#1366));
#1315 = ORIENTED_EDGE('',*,*,#1316,.T.);
#1316 = EDGE_CURVE('',#1317,#1317,#1319,.T.);
#1317 = VERTEX_POINT('',#1318);
#1318 = CARTESIAN_POINT('',(34.75,-18.,-15.));
#1319 = SURFACE_CURVE('',#1320,(#1325,#1332),.PCURVE_S1.);
#1320 = CIRCLE('',#1321,3.25);
#1321 = AXIS2_PLACEMENT_3D('',#1322,#1323,#1324);
#1322 = CARTESIAN_POINT('',(38.,-18.,-15.));
#1323 = DIRECTION('',(0.,0.,-1.));
#1324 = DIRECTION('',(-1.,0.,0.));
#1325 = PCURVE('',#784,#1326);
#1326 = DEFINITIONAL_REPRESENTATION('',(#1327),#1331);
#1327 = LINE('',#1328,#1329);
#1328 = CARTESIAN_POINT('',(0.,156.90462466036));
#1329 = VECTOR('',#1330,1.);
#1330 = DIRECTION('',(1.,0.));
#1331 = ( GEOMETRIC_REPRESENTATION_CONTEXT(2) 
PARAMETRIC_REPRESENTATION_CONTEXT() REPRESENTATION_CONTEXT('2D SPACE',''
  ) );
#1332 = PCURVE('',#1333,#1338);
#1333 = PLANE('',#1334);
#1334 = AXIS2_PLACEMENT_3D('',#1335,#1336,#1337);
#1335 = CARTESIAN_POINT('',(38.,-18.,-15.));
#1336 = DIRECTION('',(0.,0.,-1.));
#1337 = DIRECTION('',(-1.,0.,0.));
#1338 = DEFINITIONAL_REPRESENTATION('',(#1339),#1343);
#1339 = CIRCLE('',#1340,3.25);
#1340 = AXIS2_PLACEMENT_2D('',#1341,#1342);
#1341 = CARTESIAN_POINT('',(0.,0.));
#1342 = DIRECTION('',(1.,0.));
#1343 = ( GEOMETRIC_REPRESENTATION_CONTEXT(2) 
PARAMETRIC_REPRESENTATION_CONTEXT() REPRESENTATION_CONTEXT('2D SPACE',''
  ) );
#1344 = ORIENTED_EDGE('',*,*,#1345,.T.);
#1345 = EDGE_CURVE('',#1317,#764,#1346,.T.);
#1346 = SEAM_CURVE('',#1347,(#1351,#1358),.PCURVE_S1.);
#1347 = LINE('',#1348,#1349);
#1348 = CARTESIAN_POINT('',(34.75,-18.,141.90462466036));
#1349 = VECTOR('',#1350,1.);
#1350 = DIRECTION('',(0.,0.,-1.));
#1351 = PCURVE('',#784,#1352);
#1352 = DEFINITIONAL_REPRESENTATION('',(#1353),#1357);
#1353 = LINE('',#1354,#1355);
#1354 = CARTESIAN_POINT('',(0.,-0.));
#1355 = VECTOR('',#1356,1.);
#1356 = DIRECTION('',(0.,1.));
#1357 = ( GEOMETRIC_REPRESENTATION_CONTEXT(2) 
PARAMETRIC_REPRESENTATION_CONTEXT() REPRESENTATION_CONTEXT('2D SPACE',''
  ) );
#1358 = PCURVE('',#784,#1359);
#1359 = DEFINITIONAL_REPRESENTATION('',(#1360),#1364);
#1360 = LINE('',#1361,#1362);
#1361 = CARTESIAN_POINT('',(6.28318530718,-0.));
#1362 = VECTOR('',#1363,1.);
#1363 = DIRECTION('',(0.,1.));
#1364 = ( GEOMETRIC_REPRESENTATION_CONTEXT(2) 
PARAMETRIC_REPRESENTATION_CONTEXT() REPRESENTATION_CONTEXT('2D SPACE',''
  ) );
#1365 = ORIENTED_EDGE('',*,*,#763,.F.);
#1366 = ORIENTED_EDGE('',*,*,#1345,.F.);
#1367 = ADVANCED_FACE('',(#1368),#819,.F.);
#1368 = FACE_BOUND('',#1369,.F.);
#1369 = EDGE_LOOP('',(#1370,#1399,#1420,#1421));
#1370 = ORIENTED_EDGE('',*,*,#1371,.T.);
#1371 = EDGE_CURVE('',#1372,#1372,#1374,.T.);
#1372 = VERTEX_POINT('',#1373);
#1373 = CARTESIAN_POINT('',(-41.25,18.,-15.));
#1374 = SURFACE_CURVE('',#1375,(#1380,#1387),.PCURVE_S1.);
#1375 = CIRCLE('',#1376,3.25);
#1376 = AXIS2_PLACEMENT_3D('',#1377,#1378,#1379);
#1377 = CARTESIAN_POINT('',(-38.,18.,-15.));
#1378 = DIRECTION('',(0.,0.,-1.));
#1379 = DIRECTION('',(-1.,0.,0.));
#1380 = PCURVE('',#819,#1381);
#1381 = DEFINITIONAL_REPRESENTATION('',(#1382),#1386);
#1382 = LINE('',#1383,#1384);
#1383 = CARTESIAN_POINT('',(0.,156.90462466036));
#1384 = VECTOR('',#1385,1.);
#1385 = DIRECTION('',(1.,0.));
#1386 = ( GEOMETRIC_REPRESENTATION_CONTEXT(2) 
PARAMETRIC_REPRESENTATION_CONTEXT() REPRESENTATION_CONTEXT('2D SPACE',''
  ) );
#1387 = PCURVE('',#1388,#1393);
#1388 = PLANE('',#1389);
#1389 = AXIS2_PLACEMENT_3D('',#1390,#1391,#1392);
#1390 = CARTESIAN_POINT('',(-38.,18.,-15.));
#1391 = DIRECTION('',(0.,0.,-1.));
#1392 = DIRECTION('',(-1.,0.,0.));
#1393 = DEFINITIONAL_REPRESENTATION('',(#1394),#1398);
#1394 = CIRCLE('',#1395,3.25);
#1395 = AXIS2_PLACEMENT_2D('',#1396,#1397);
#1396 = CARTESIAN_POINT('',(0.,0.));
#1397 = DIRECTION('',(1.,0.));
#1398 = ( GEOMETRIC_REPRESENTATION_CONTEXT(2) 
PARAMETRIC_REPRESENTATION_CONTEXT() REPRESENTATION_CONTEXT('2D SPACE',''
  ) );
#1399 = ORIENTED_EDGE('',*,*,#1400,.T.);
#1400 = EDGE_CURVE('',#1372,#799,#1401,.T.);
#1401 = SEAM_CURVE('',#1402,(#1406,#1413),.PCURVE_S1.);
#1402 = LINE('',#1403,#1404);
#1403 = CARTESIAN_POINT('',(-41.25,18.,141.90462466036));
#1404 = VECTOR('',#1405,1.);
#1405 = DIRECTION('',(0.,0.,-1.));
#1406 = PCURVE('',#819,#1407);
#1407 = DEFINITIONAL_REPRESENTATION('',(#1408),#1412);
#1408 = LINE('',#1409,#1410);
#1409 = CARTESIAN_POINT('',(0.,-0.));
#1410 = VECTOR('',#1411,1.);
#1411 = DIRECTION('',(0.,1.));
#1412 = ( GEOMETRIC_REPRESENTATION_CONTEXT(2) 
PARAMETRIC_REPRESENTATION_CONTEXT() REPRESENTATION_CONTEXT('2D SPACE',''
  ) );
#1413 = PCURVE('',#819,#1414);
#1414 = DEFINITIONAL_REPRESENTATION('',(#1415),#1419);
#1415 = LINE('',#1416,#1417);
#1416 = CARTESIAN_POINT('',(6.28318530718,-0.));
#1417 = VECTOR('',#1418,1.);
#1418 = DIRECTION('',(0.,1.));
#1419 = ( GEOMETRIC_REPRESENTATION_CONTEXT(2) 
PARAMETRIC_REPRESENTATION_CONTEXT() REPRESENTATION_CONTEXT('2D SPACE',''
  ) );
#1420 = ORIENTED_EDGE('',*,*,#798,.F.);
#1421 = ORIENTED_EDGE('',*,*,#1400,.F.);
#1422 = ADVANCED_FACE('',(#1423),#884,.F.);
#1423 = FACE_BOUND('',#1424,.F.);
#1424 = EDGE_LOOP('',(#1425,#1454,#1475,#1476));
#1425 = ORIENTED_EDGE('',*,*,#1426,.T.);
#1426 = EDGE_CURVE('',#1427,#1427,#1429,.T.);
#1427 = VERTEX_POINT('',#1428);
#1428 = CARTESIAN_POINT('',(34.75,18.,-15.));
#1429 = SURFACE_CURVE('',#1430,(#1435,#1442),.PCURVE_S1.);
#1430 = CIRCLE('',#1431,3.25);
#1431 = AXIS2_PLACEMENT_3D('',#1432,#1433,#1434);
#1432 = CARTESIAN_POINT('',(38.,18.,-15.));
#1433 = DIRECTION('',(0.,0.,-1.));
#1434 = DIRECTION('',(-1.,0.,0.));
#1435 = PCURVE('',#884,#1436);
#1436 = DEFINITIONAL_REPRESENTATION('',(#1437),#1441);
#1437 = LINE('',#1438,#1439);
#1438 = CARTESIAN_POINT('',(0.,156.90462466036));
#1439 = VECTOR('',#1440,1.);
#1440 = DIRECTION('',(1.,0.));
#1441 = ( GEOMETRIC_REPRESENTATION_CONTEXT(2) 
PARAMETRIC_REPRESENTATION_CONTEXT() REPRESENTATION_CONTEXT('2D SPACE',''
  ) );
#1442 = PCURVE('',#1443,#1448);
#1443 = PLANE('',#1444);
#1444 = AXIS2_PLACEMENT_3D('',#1445,#1446,#1447);
#1445 = CARTESIAN_POINT('',(38.,18.,-15.));
#1446 = DIRECTION('',(0.,0.,-1.));
#1447 = DIRECTION('',(-1.,0.,0.));
#1448 = DEFINITIONAL_REPRESENTATION('',(#1449),#1453);
#1449 = CIRCLE('',#1450,3.25);
#1450 = AXIS2_PLACEMENT_2D('',#1451,#1452);
#1451 = CARTESIAN_POINT('',(0.,0.));
#1452 = DIRECTION('',(1.,0.));
#1453 = ( GEOMETRIC_REPRESENTATION_CONTEXT(2) 
PARAMETRIC_REPRESENTATION_CONTEXT() REPRESENTATION_CONTEXT('2D SPACE',''
  ) );
#1454 = ORIENTED_EDGE('',*,*,#1455,.T.);
#1455 = EDGE_CURVE('',#1427,#864,#1456,.T.);
#1456 = SEAM_CURVE('',#1457,(#1461,#1468),.PCURVE_S1.);
#1457 = LINE('',#1458,#1459);
#1458 = CARTESIAN_POINT('',(34.75,18.,141.90462466036));
#1459 = VECTOR('',#1460,1.);
#1460 = DIRECTION('',(0.,0.,-1.));
#1461 = PCURVE('',#884,#1462);
#1462 = DEFINITIONAL_REPRESENTATION('',(#1463),#1467);
#1463 = LINE('',#1464,#1465);
#1464 = CARTESIAN_POINT('',(0.,-0.));
#1465 = VECTOR('',#1466,1.);
#1466 = DIRECTION('',(0.,1.));
#1467 = ( GEOMETRIC_REPRESENTATION_CONTEXT(2) 
PARAMETRIC_REPRESENTATION_CONTEXT() REPRESENTATION_CONTEXT('2D SPACE',''
  ) );
#1468 = PCURVE('',#884,#1469);
#1469 = DEFINITIONAL_REPRESENTATION('',(#1470),#1474);
#1470 = LINE('',#1471,#1472);
#1471 = CARTESIAN_POINT('',(6.28318530718,-0.));
#1472 = VECTOR('',#1473,1.);
#1473 = DIRECTION('',(0.,1.));
#1474 = ( GEOMETRIC_REPRESENTATION_CONTEXT(2) 
PARAMETRIC_REPRESENTATION_CONTEXT() REPRESENTATION_CONTEXT('2D SPACE',''
  ) );
#1475 = ORIENTED_EDGE('',*,*,#863,.F.);
#1476 = ORIENTED_EDGE('',*,*,#1455,.F.);
#1477 = ADVANCED_FACE('',(#1478,#1481),#1053,.T.);
#1478 = FACE_BOUND('',#1479,.T.);
#1479 = EDGE_LOOP('',(#1480));
#1480 = ORIENTED_EDGE('',*,*,#1038,.T.);
#1481 = FACE_BOUND('',#1482,.T.);
#1482 = EDGE_LOOP('',(#1483));
#1483 = ORIENTED_EDGE('',*,*,#1484,.T.);
#1484 = EDGE_CURVE('',#1485,#1485,#1487,.T.);
#1485 = VERTEX_POINT('',#1486);
#1486 = CARTESIAN_POINT('',(-41.25,-18.,27.5));
#1487 = SURFACE_CURVE('',#1488,(#1493,#1504),.PCURVE_S1.);
#1488 = CIRCLE('',#1489,3.25);
#1489 = AXIS2_PLACEMENT_3D('',#1490,#1491,#1492);
#1490 = CARTESIAN_POINT('',(-38.,-18.,27.5));
#1491 = DIRECTION('',(0.,0.,-1.));
#1492 = DIRECTION('',(-1.,0.,0.));
#1493 = PCURVE('',#1053,#1494);
#1494 = DEFINITIONAL_REPRESENTATION('',(#1495),#1503);
#1495 = ( BOUNDED_CURVE() B_SPLINE_CURVE(2,(#1496,#1497,#1498,#1499,
#1500,#1501,#1502),.UNSPECIFIED.,.T.,.F.) B_SPLINE_CURVE_WITH_KNOTS((1,2
    ,2,2,2,1),(-2.094395102393,0.,2.094395102393,4.188790204786,
6.28318530718,8.377580409573),.UNSPECIFIED.) CURVE() 
GEOMETRIC_REPRESENTATION_ITEM() RATIONAL_B_SPLINE_CURVE((1.,0.5,1.,0.5,
1.,0.5,1.)) REPRESENTATION_ITEM('') );
#1496 = CARTESIAN_POINT('',(-3.25,0.));
#1497 = CARTESIAN_POINT('',(-3.25,5.629165124599));
#1498 = CARTESIAN_POINT('',(1.625,2.814582562299));
#1499 = CARTESIAN_POINT('',(6.5,7.960204194458E-16));
#1500 = CARTESIAN_POINT('',(1.625,-2.814582562299));
#1501 = CARTESIAN_POINT('',(-3.25,-5.629165124599));
#1502 = CARTESIAN_POINT('',(-3.25,0.));
#1503 = ( GEOMETRIC_REPRESENTATION_CONTEXT(2) 
PARAMETRIC_REPRESENTATION_CONTEXT() REPRESENTATION_CONTEXT('2D SPACE',''
  ) );
#1504 = PCURVE('',#1505,#1510);
#1505 = CYLINDRICAL_SURFACE('',#1506,3.25);
#1506 = AXIS2_PLACEMENT_3D('',#1507,#1508,#1509);
#1507 = CARTESIAN_POINT('',(-38.,-18.,141.90462466036));
#1508 = DIRECTION('',(0.,0.,-1.));
#1509 = DIRECTION('',(-1.,0.,0.));
#1510 = DEFINITIONAL_REPRESENTATION('',(#1511),#1515);
#1511 = LINE('',#1512,#1513);
#1512 = CARTESIAN_POINT('',(0.,114.40462466036));
#1513 = VECTOR('',#1514,1.);
#1514 = DIRECTION('',(1.,0.));
#1515 = ( GEOMETRIC_REPRESENTATION_CONTEXT(2) 
PARAMETRIC_REPRESENTATION_CONTEXT() REPRESENTATION_CONTEXT('2D SPACE',''
  ) );
#1516 = ADVANCED_FACE('',(#1517,#1520),#1108,.T.);
#1517 = FACE_BOUND('',#1518,.T.);
#1518 = EDGE_LOOP('',(#1519));
#1519 = ORIENTED_EDGE('',*,*,#1093,.T.);
#1520 = FACE_BOUND('',#1521,.T.);
#1521 = EDGE_LOOP('',(#1522));
#1522 = ORIENTED_EDGE('',*,*,#1523,.T.);
#1523 = EDGE_CURVE('',#1524,#1524,#1526,.T.);
#1524 = VERTEX_POINT('',#1525);
#1525 = CARTESIAN_POINT('',(34.75,-18.,27.5));
#1526 = SURFACE_CURVE('',#1527,(#1532,#1543),.PCURVE_S1.);
#1527 = CIRCLE('',#1528,3.25);
#1528 = AXIS2_PLACEMENT_3D('',#1529,#1530,#1531);
#1529 = CARTESIAN_POINT('',(38.,-18.,27.5));
#1530 = DIRECTION('',(0.,0.,-1.));
#1531 = DIRECTION('',(-1.,0.,0.));
#1532 = PCURVE('',#1108,#1533);
#1533 = DEFINITIONAL_REPRESENTATION('',(#1534),#1542);
#1534 = ( BOUNDED_CURVE() B_SPLINE_CURVE(2,(#1535,#1536,#1537,#1538,
#1539,#1540,#1541),.UNSPECIFIED.,.T.,.F.) B_SPLINE_CURVE_WITH_KNOTS((1,2
    ,2,2,2,1),(-2.094395102393,0.,2.094395102393,4.188790204786,
6.28318530718,8.377580409573),.UNSPECIFIED.) CURVE() 
GEOMETRIC_REPRESENTATION_ITEM() RATIONAL_B_SPLINE_CURVE((1.,0.5,1.,0.5,
1.,0.5,1.)) REPRESENTATION_ITEM('') );
#1535 = CARTESIAN_POINT('',(-3.25,0.));
#1536 = CARTESIAN_POINT('',(-3.25,5.629165124599));
#1537 = CARTESIAN_POINT('',(1.625,2.814582562299));
#1538 = CARTESIAN_POINT('',(6.5,7.960204194458E-16));
#1539 = CARTESIAN_POINT('',(1.625,-2.814582562299));
#1540 = CARTESIAN_POINT('',(-3.25,-5.629165124599));
#1541 = CARTESIAN_POINT('',(-3.25,0.));
#1542 = ( GEOMETRIC_REPRESENTATION_CONTEXT(2) 
PARAMETRIC_REPRESENTATION_CONTEXT() REPRESENTATION_CONTEXT('2D SPACE',''
  ) );
#1543 = PCURVE('',#1544,#1549);
#1544 = CYLINDRICAL_SURFACE('',#1545,3.25);
#1545 = AXIS2_PLACEMENT_3D('',#1546,#1547,#1548);
#1546 = CARTESIAN_POINT('',(38.,-18.,141.90462466036));
#1547 = DIRECTION('',(0.,0.,-1.));
#1548 = DIRECTION('',(-1.,0.,0.));
#1549 = DEFINITIONAL_REPRESENTATION('',(#1550),#1554);
#1550 = LINE('',#1551,#1552);
#1551 = CARTESIAN_POINT('',(0.,114.40462466036));
#1552 = VECTOR('',#1553,1.);
#1553 = DIRECTION('',(1.,0.));
#1554 = ( GEOMETRIC_REPRESENTATION_CONTEXT(2) 
PARAMETRIC_REPRESENTATION_CONTEXT() REPRESENTATION_CONTEXT('2D SPACE',''
  ) );
#1555 = ADVANCED_FACE('',(#1556,#1559),#1190,.T.);
#1556 = FACE_BOUND('',#1557,.T.);
#1557 = EDGE_LOOP('',(#1558));
#1558 = ORIENTED_EDGE('',*,*,#1175,.T.);
#1559 = FACE_BOUND('',#1560,.T.);
#1560 = EDGE_LOOP('',(#1561));
#1561 = ORIENTED_EDGE('',*,*,#1562,.T.);
#1562 = EDGE_CURVE('',#1563,#1563,#1565,.T.);
#1563 = VERTEX_POINT('',#1564);
#1564 = CARTESIAN_POINT('',(-41.25,18.,27.5));
#1565 = SURFACE_CURVE('',#1566,(#1571,#1582),.PCURVE_S1.);
#1566 = CIRCLE('',#1567,3.25);
#1567 = AXIS2_PLACEMENT_3D('',#1568,#1569,#1570);
#1568 = CARTESIAN_POINT('',(-38.,18.,27.5));
#1569 = DIRECTION('',(0.,0.,-1.));
#1570 = DIRECTION('',(-1.,0.,0.));
#1571 = PCURVE('',#1190,#1572);
#1572 = DEFINITIONAL_REPRESENTATION('',(#1573),#1581);
#1573 = ( BOUNDED_CURVE() B_SPLINE_CURVE(2,(#1574,#1575,#1576,#1577,
#1578,#1579,#1580),.UNSPECIFIED.,.T.,.F.) B_SPLINE_CURVE_WITH_KNOTS((1,2
    ,2,2,2,1),(-2.094395102393,0.,2.094395102393,4.188790204786,
6.28318530718,8.377580409573),.UNSPECIFIED.) CURVE() 
GEOMETRIC_REPRESENTATION_ITEM() RATIONAL_B_SPLINE_CURVE((1.,0.5,1.,0.5,
1.,0.5,1.)) REPRESENTATION_ITEM('') );
#1574 = CARTESIAN_POINT('',(-3.25,0.));
#1575 = CARTESIAN_POINT('',(-3.25,5.629165124599));
#1576 = CARTESIAN_POINT('',(1.625,2.814582562299));
#1577 = CARTESIAN_POINT('',(6.5,7.960204194458E-16));
#1578 = CARTESIAN_POINT('',(1.625,-2.814582562299));
#1579 = CARTESIAN_POINT('',(-3.25,-5.629165124599));
#1580 = CARTESIAN_POINT('',(-3.25,0.));
#1581 = ( GEOMETRIC_REPRESENTATION_CONTEXT(2) 
PARAMETRIC_REPRESENTATION_CONTEXT() REPRESENTATION_CONTEXT('2D SPACE',''
  ) );
#1582 = PCURVE('',#1583,#1588);
#1583 = CYLINDRICAL_SURFACE('',#1584,3.25);
#1584 = AXIS2_PLACEMENT_3D('',#1585,#1586,#1587);
#1585 = CARTESIAN_POINT('',(-38.,18.,141.90462466036));
#1586 = DIRECTION('',(0.,0.,-1.));
#1587 = DIRECTION('',(-1.,0.,0.));
#1588 = DEFINITIONAL_REPRESENTATION('',(#1589),#1593);
#1589 = LINE('',#1590,#1591);
#1590 = CARTESIAN_POINT('',(0.,114.40462466036));
#1591 = VECTOR('',#1592,1.);
#1592 = DIRECTION('',(1.,0.));
#1593 = ( GEOMETRIC_REPRESENTATION_CONTEXT(2) 
PARAMETRIC_REPRESENTATION_CONTEXT() REPRESENTATION_CONTEXT('2D SPACE',''
  ) );
#1594 = ADVANCED_FACE('',(#1595,#1598),#1245,.T.);
#1595 = FACE_BOUND('',#1596,.T.);
#1596 = EDGE_LOOP('',(#1597));
#1597 = ORIENTED_EDGE('',*,*,#1230,.T.);
#1598 = FACE_BOUND('',#1599,.T.);
#1599 = EDGE_LOOP('',(#1600));
#1600 = ORIENTED_EDGE('',*,*,#1601,.T.);
#1601 = EDGE_CURVE('',#1602,#1602,#1604,.T.);
#1602 = VERTEX_POINT('',#1603);
#1603 = CARTESIAN_POINT('',(34.75,18.,27.5));
#1604 = SURFACE_CURVE('',#1605,(#1610,#1621),.PCURVE_S1.);
#1605 = CIRCLE('',#1606,3.25);
#1606 = AXIS2_PLACEMENT_3D('',#1607,#1608,#1609);
#1607 = CARTESIAN_POINT('',(38.,18.,27.5));
#1608 = DIRECTION('',(0.,0.,-1.));
#1609 = DIRECTION('',(-1.,0.,0.));
#1610 = PCURVE('',#1245,#1611);
#1611 = DEFINITIONAL_REPRESENTATION('',(#1612),#1620);
#1612 = ( BOUNDED_CURVE() B_SPLINE_CURVE(2,(#1613,#1614,#1615,#1616,
#1617,#1618,#1619),.UNSPECIFIED.,.T.,.F.) B_SPLINE_CURVE_WITH_KNOTS((1,2
    ,2,2,2,1),(-2.094395102393,0.,2.094395102393,4.188790204786,
6.28318530718,8.377580409573),.UNSPECIFIED.) CURVE() 
GEOMETRIC_REPRESENTATION_ITEM() RATIONAL_B_SPLINE_CURVE((1.,0.5,1.,0.5,
1.,0.5,1.)) REPRESENTATION_ITEM('') );
#1613 = CARTESIAN_POINT('',(-3.25,0.));
#1614 = CARTESIAN_POINT('',(-3.25,5.629165124599));
#1615 = CARTESIAN_POINT('',(1.625,2.814582562299));
#1616 = CARTESIAN_POINT('',(6.5,7.960204194458E-16));
#1617 = CARTESIAN_POINT('',(1.625,-2.814582562299));
#1618 = CARTESIAN_POINT('',(-3.25,-5.629165124599));
#1619 = CARTESIAN_POINT('',(-3.25,0.));
#1620 = ( GEOMETRIC_REPRESENTATION_CONTEXT(2) 
PARAMETRIC_REPRESENTATION_CONTEXT() REPRESENTATION_CONTEXT('2D SPACE',''
  ) );
#1621 = PCURVE('',#1622,#1627);
#1622 = CYLINDRICAL_SURFACE('',#1623,3.25);
#1623 = AXIS2_PLACEMENT_3D('',#1624,#1625,#1626);
#1624 = CARTESIAN_POINT('',(38.,18.,141.90462466036));
#1625 = DIRECTION('',(0.,0.,-1.));
#1626 = DIRECTION('',(-1.,0.,0.));
#1627 = DEFINITIONAL_REPRESENTATION('',(#1628),#1632);
#1628 = LINE('',#1629,#1630);
#1629 = CARTESIAN_POINT('',(0.,114.40462466036));
#1630 = VECTOR('',#1631,1.);
#1631 = DIRECTION('',(1.,0.));
#1632 = ( GEOMETRIC_REPRESENTATION_CONTEXT(2) 
PARAMETRIC_REPRESENTATION_CONTEXT() REPRESENTATION_CONTEXT('2D SPACE',''
  ) );
#1633 = ADVANCED_FACE('',(#1634,#1665),#1278,.F.);
#1634 = FACE_BOUND('',#1635,.F.);
#1635 = EDGE_LOOP('',(#1636));
#1636 = ORIENTED_EDGE('',*,*,#1637,.T.);
#1637 = EDGE_CURVE('',#1638,#1638,#1640,.T.);
#1638 = VERTEX_POINT('',#1639);
#1639 = CARTESIAN_POINT('',(-42.,-18.,-15.));
#1640 = SURFACE_CURVE('',#1641,(#1646,#1653),.PCURVE_S1.);
#1641 = CIRCLE('',#1642,4.);
#1642 = AXIS2_PLACEMENT_3D('',#1643,#1644,#1645);
#1643 = CARTESIAN_POINT('',(-38.,-18.,-15.));
#1644 = DIRECTION('',(0.,0.,-1.));
#1645 = DIRECTION('',(-1.,0.,0.));
#1646 = PCURVE('',#1278,#1647);
#1647 = DEFINITIONAL_REPRESENTATION('',(#1648),#1652);
#1648 = CIRCLE('',#1649,4.);
#1649 = AXIS2_PLACEMENT_2D('',#1650,#1651);
#1650 = CARTESIAN_POINT('',(0.,0.));
#1651 = DIRECTION('',(1.,0.));
#1652 = ( GEOMETRIC_REPRESENTATION_CONTEXT(2) 
PARAMETRIC_REPRESENTATION_CONTEXT() REPRESENTATION_CONTEXT('2D SPACE',''
  ) );
#1653 = PCURVE('',#1654,#1659);
#1654 = CYLINDRICAL_SURFACE('',#1655,4.);
#1655 = AXIS2_PLACEMENT_3D('',#1656,#1657,#1658);
#1656 = CARTESIAN_POINT('',(-38.,-18.,15.));
#1657 = DIRECTION('',(0.,0.,-1.));
#1658 = DIRECTION('',(-1.,0.,0.));
#1659 = DEFINITIONAL_REPRESENTATION('',(#1660),#1664);
#1660 = LINE('',#1661,#1662);
#1661 = CARTESIAN_POINT('',(0.,30.));
#1662 = VECTOR('',#1663,1.);
#1663 = DIRECTION('',(1.,0.));
#1664 = ( GEOMETRIC_REPRESENTATION_CONTEXT(2) 
PARAMETRIC_REPRESENTATION_CONTEXT() REPRESENTATION_CONTEXT('2D SPACE',''
  ) );
#1665 = FACE_BOUND('',#1666,.F.);
#1666 = EDGE_LOOP('',(#1667));
#1667 = ORIENTED_EDGE('',*,*,#1261,.F.);
#1668 = ADVANCED_FACE('',(#1669,#1700),#1333,.F.);
#1669 = FACE_BOUND('',#1670,.F.);
#1670 = EDGE_LOOP('',(#1671));
#1671 = ORIENTED_EDGE('',*,*,#1672,.T.);
#1672 = EDGE_CURVE('',#1673,#1673,#1675,.T.);
#1673 = VERTEX_POINT('',#1674);
#1674 = CARTESIAN_POINT('',(34.,-18.,-15.));
#1675 = SURFACE_CURVE('',#1676,(#1681,#1688),.PCURVE_S1.);
#1676 = CIRCLE('',#1677,4.);
#1677 = AXIS2_PLACEMENT_3D('',#1678,#1679,#1680);
#1678 = CARTESIAN_POINT('',(38.,-18.,-15.));
#1679 = DIRECTION('',(0.,0.,-1.));
#1680 = DIRECTION('',(-1.,0.,0.));
#1681 = PCURVE('',#1333,#1682);
#1682 = DEFINITIONAL_REPRESENTATION('',(#1683),#1687);
#1683 = CIRCLE('',#1684,4.);
#1684 = AXIS2_PLACEMENT_2D('',#1685,#1686);
#1685 = CARTESIAN_POINT('',(0.,0.));
#1686 = DIRECTION('',(1.,0.));
#1687 = ( GEOMETRIC_REPRESENTATION_CONTEXT(2) 
PARAMETRIC_REPRESENTATION_CONTEXT() REPRESENTATION_CONTEXT('2D SPACE',''
  ) );
#1688 = PCURVE('',#1689,#1694);
#1689 = CYLINDRICAL_SURFACE('',#1690,4.);
#1690 = AXIS2_PLACEMENT_3D('',#1691,#1692,#1693);
#1691 = CARTESIAN_POINT('',(38.,-18.,15.));
#1692 = DIRECTION('',(0.,0.,-1.));
#1693 = DIRECTION('',(-1.,0.,0.));
#1694 = DEFINITIONAL_REPRESENTATION('',(#1695),#1699);
#1695 = LINE('',#1696,#1697);
#1696 = CARTESIAN_POINT('',(0.,30.));
#1697 = VECTOR('',#1698,1.);
#1698 = DIRECTION('',(1.,0.));
#1699 = ( GEOMETRIC_REPRESENTATION_CONTEXT(2) 
PARAMETRIC_REPRESENTATION_CONTEXT() REPRESENTATION_CONTEXT('2D SPACE',''
  ) );
#1700 = FACE_BOUND('',#1701,.F.);
#1701 = EDGE_LOOP('',(#1702));
#1702 = ORIENTED_EDGE('',*,*,#1316,.F.);
#1703 = ADVANCED_FACE('',(#1704,#1735),#1388,.F.);
#1704 = FACE_BOUND('',#1705,.F.);
#1705 = EDGE_LOOP('',(#1706));
#1706 = ORIENTED_EDGE('',*,*,#1707,.T.);
#1707 = EDGE_CURVE('',#1708,#1708,#1710,.T.);
#1708 = VERTEX_POINT('',#1709);
#1709 = CARTESIAN_POINT('',(-42.,18.,-15.));
#1710 = SURFACE_CURVE('',#1711,(#1716,#1723),.PCURVE_S1.);
#1711 = CIRCLE('',#1712,4.);
#1712 = AXIS2_PLACEMENT_3D('',#1713,#1714,#1715);
#1713 = CARTESIAN_POINT('',(-38.,18.,-15.));
#1714 = DIRECTION('',(0.,0.,-1.));
#1715 = DIRECTION('',(-1.,0.,0.));
#1716 = PCURVE('',#1388,#1717);
#1717 = DEFINITIONAL_REPRESENTATION('',(#1718),#1722);
#1718 = CIRCLE('',#1719,4.);
#1719 = AXIS2_PLACEMENT_2D('',#1720,#1721);
#1720 = CARTESIAN_POINT('',(0.,0.));
#1721 = DIRECTION('',(1.,0.));
#1722 = ( GEOMETRIC_REPRESENTATION_CONTEXT(2) 
PARAMETRIC_REPRESENTATION_CONTEXT() REPRESENTATION_CONTEXT('2D SPACE',''
  ) );
#1723 = PCURVE('',#1724,#1729);
#1724 = CYLINDRICAL_SURFACE('',#1725,4.);
#1725 = AXIS2_PLACEMENT_3D('',#1726,#1727,#1728);
#1726 = CARTESIAN_POINT('',(-38.,18.,15.));
#1727 = DIRECTION('',(0.,0.,-1.));
#1728 = DIRECTION('',(-1.,0.,0.));
#1729 = DEFINITIONAL_REPRESENTATION('',(#1730),#1734);
#1730 = LINE('',#1731,#1732);
#1731 = CARTESIAN_POINT('',(0.,30.));
#1732 = VECTOR('',#1733,1.);
#1733 = DIRECTION('',(1.,0.));
#1734 = ( GEOMETRIC_REPRESENTATION_CONTEXT(2) 
PARAMETRIC_REPRESENTATION_CONTEXT() REPRESENTATION_CONTEXT('2D SPACE',''
  ) );
#1735 = FACE_BOUND('',#1736,.F.);
#1736 = EDGE_LOOP('',(#1737));
#1737 = ORIENTED_EDGE('',*,*,#1371,.F.);
#1738 = ADVANCED_FACE('',(#1739,#1770),#1443,.F.);
#1739 = FACE_BOUND('',#1740,.F.);
#1740 = EDGE_LOOP('',(#1741));
#1741 = ORIENTED_EDGE('',*,*,#1742,.T.);
#1742 = EDGE_CURVE('',#1743,#1743,#1745,.T.);
#1743 = VERTEX_POINT('',#1744);
#1744 = CARTESIAN_POINT('',(34.,18.,-15.));
#1745 = SURFACE_CURVE('',#1746,(#1751,#1758),.PCURVE_S1.);
#1746 = CIRCLE('',#1747,4.);
#1747 = AXIS2_PLACEMENT_3D('',#1748,#1749,#1750);
#1748 = CARTESIAN_POINT('',(38.,18.,-15.));
#1749 = DIRECTION('',(0.,0.,-1.));
#1750 = DIRECTION('',(-1.,0.,0.));
#1751 = PCURVE('',#1443,#1752);
#1752 = DEFINITIONAL_REPRESENTATION('',(#1753),#1757);
#1753 = CIRCLE('',#1754,4.);
#1754 = AXIS2_PLACEMENT_2D('',#1755,#1756);
#1755 = CARTESIAN_POINT('',(0.,0.));
#1756 = DIRECTION('',(1.,0.));
#1757 = ( GEOMETRIC_REPRESENTATION_CONTEXT(2) 
PARAMETRIC_REPRESENTATION_CONTEXT() REPRESENTATION_CONTEXT('2D SPACE',''
  ) );
#1758 = PCURVE('',#1759,#1764);
#1759 = CYLINDRICAL_SURFACE('',#1760,4.);
#1760 = AXIS2_PLACEMENT_3D('',#1761,#1762,#1763);
#1761 = CARTESIAN_POINT('',(38.,18.,15.));
#1762 = DIRECTION('',(0.,0.,-1.));
#1763 = DIRECTION('',(-1.,0.,0.));
#1764 = DEFINITIONAL_REPRESENTATION('',(#1765),#1769);
#1765 = LINE('',#1766,#1767);
#1766 = CARTESIAN_POINT('',(0.,30.));
#1767 = VECTOR('',#1768,1.);
#1768 = DIRECTION('',(1.,0.));
#1769 = ( GEOMETRIC_REPRESENTATION_CONTEXT(2) 
PARAMETRIC_REPRESENTATION_CONTEXT() REPRESENTATION_CONTEXT('2D SPACE',''
  ) );
#1770 = FACE_BOUND('',#1771,.F.);
#1771 = EDGE_LOOP('',(#1772));
#1772 = ORIENTED_EDGE('',*,*,#1426,.F.);
#1773 = ADVANCED_FACE('',(#1774),#1505,.F.);
#1774 = FACE_BOUND('',#1775,.F.);
#1775 = EDGE_LOOP('',(#1776,#1777,#1800,#1827));
#1776 = ORIENTED_EDGE('',*,*,#1484,.T.);
#1777 = ORIENTED_EDGE('',*,*,#1778,.T.);
#1778 = EDGE_CURVE('',#1485,#1779,#1781,.T.);
#1779 = VERTEX_POINT('',#1780);
#1780 = CARTESIAN_POINT('',(-41.25,-18.,15.));
#1781 = SEAM_CURVE('',#1782,(#1786,#1793),.PCURVE_S1.);
#1782 = LINE('',#1783,#1784);
#1783 = CARTESIAN_POINT('',(-41.25,-18.,141.90462466036));
#1784 = VECTOR('',#1785,1.);
#1785 = DIRECTION('',(0.,0.,-1.));
#1786 = PCURVE('',#1505,#1787);
#1787 = DEFINITIONAL_REPRESENTATION('',(#1788),#1792);
#1788 = LINE('',#1789,#1790);
#1789 = CARTESIAN_POINT('',(0.,-0.));
#1790 = VECTOR('',#1791,1.);
#1791 = DIRECTION('',(0.,1.));
#1792 = ( GEOMETRIC_REPRESENTATION_CONTEXT(2) 
PARAMETRIC_REPRESENTATION_CONTEXT() REPRESENTATION_CONTEXT('2D SPACE',''
  ) );
#1793 = PCURVE('',#1505,#1794);
#1794 = DEFINITIONAL_REPRESENTATION('',(#1795),#1799);
#1795 = LINE('',#1796,#1797);
#1796 = CARTESIAN_POINT('',(6.28318530718,-0.));
#1797 = VECTOR('',#1798,1.);
#1798 = DIRECTION('',(0.,1.));
#1799 = ( GEOMETRIC_REPRESENTATION_CONTEXT(2) 
PARAMETRIC_REPRESENTATION_CONTEXT() REPRESENTATION_CONTEXT('2D SPACE',''
  ) );
#1800 = ORIENTED_EDGE('',*,*,#1801,.F.);
#1801 = EDGE_CURVE('',#1779,#1779,#1802,.T.);
#1802 = SURFACE_CURVE('',#1803,(#1808,#1815),.PCURVE_S1.);
#1803 = CIRCLE('',#1804,3.25);
#1804 = AXIS2_PLACEMENT_3D('',#1805,#1806,#1807);
#1805 = CARTESIAN_POINT('',(-38.,-18.,15.));
#1806 = DIRECTION('',(0.,0.,-1.));
#1807 = DIRECTION('',(-1.,0.,0.));
#1808 = PCURVE('',#1505,#1809);
#1809 = DEFINITIONAL_REPRESENTATION('',(#1810),#1814);
#1810 = LINE('',#1811,#1812);
#1811 = CARTESIAN_POINT('',(0.,126.90462466036));
#1812 = VECTOR('',#1813,1.);
#1813 = DIRECTION('',(1.,0.));
#1814 = ( GEOMETRIC_REPRESENTATION_CONTEXT(2) 
PARAMETRIC_REPRESENTATION_CONTEXT() REPRESENTATION_CONTEXT('2D SPACE',''
  ) );
#1815 = PCURVE('',#1816,#1821);
#1816 = PLANE('',#1817);
#1817 = AXIS2_PLACEMENT_3D('',#1818,#1819,#1820);
#1818 = CARTESIAN_POINT('',(-38.,-18.,15.));
#1819 = DIRECTION('',(0.,0.,-1.));
#1820 = DIRECTION('',(-1.,0.,0.));
#1821 = DEFINITIONAL_REPRESENTATION('',(#1822),#1826);
#1822 = CIRCLE('',#1823,3.25);
#1823 = AXIS2_PLACEMENT_2D('',#1824,#1825);
#1824 = CARTESIAN_POINT('',(0.,0.));
#1825 = DIRECTION('',(1.,0.));
#1826 = ( GEOMETRIC_REPRESENTATION_CONTEXT(2) 
PARAMETRIC_REPRESENTATION_CONTEXT() REPRESENTATION_CONTEXT('2D SPACE',''
  ) );
#1827 = ORIENTED_EDGE('',*,*,#1778,.F.);
#1828 = ADVANCED_FACE('',(#1829),#1544,.F.);
#1829 = FACE_BOUND('',#1830,.F.);
#1830 = EDGE_LOOP('',(#1831,#1832,#1855,#1882));
#1831 = ORIENTED_EDGE('',*,*,#1523,.T.);
#1832 = ORIENTED_EDGE('',*,*,#1833,.T.);
#1833 = EDGE_CURVE('',#1524,#1834,#1836,.T.);
#1834 = VERTEX_POINT('',#1835);
#1835 = CARTESIAN_POINT('',(34.75,-18.,15.));
#1836 = SEAM_CURVE('',#1837,(#1841,#1848),.PCURVE_S1.);
#1837 = LINE('',#1838,#1839);
#1838 = CARTESIAN_POINT('',(34.75,-18.,141.90462466036));
#1839 = VECTOR('',#1840,1.);
#1840 = DIRECTION('',(0.,0.,-1.));
#1841 = PCURVE('',#1544,#1842);
#1842 = DEFINITIONAL_REPRESENTATION('',(#1843),#1847);
#1843 = LINE('',#1844,#1845);
#1844 = CARTESIAN_POINT('',(0.,-0.));
#1845 = VECTOR('',#1846,1.);
#1846 = DIRECTION('',(0.,1.));
#1847 = ( GEOMETRIC_REPRESENTATION_CONTEXT(2) 
PARAMETRIC_REPRESENTATION_CONTEXT() REPRESENTATION_CONTEXT('2D SPACE',''
  ) );
#1848 = PCURVE('',#1544,#1849);
#1849 = DEFINITIONAL_REPRESENTATION('',(#1850),#1854);
#1850 = LINE('',#1851,#1852);
#1851 = CARTESIAN_POINT('',(6.28318530718,-0.));
#1852 = VECTOR('',#1853,1.);
#1853 = DIRECTION('',(0.,1.));
#1854 = ( GEOMETRIC_REPRESENTATION_CONTEXT(2) 
PARAMETRIC_REPRESENTATION_CONTEXT() REPRESENTATION_CONTEXT('2D SPACE',''
  ) );
#1855 = ORIENTED_EDGE('',*,*,#1856,.F.);
#1856 = EDGE_CURVE('',#1834,#1834,#1857,.T.);
#1857 = SURFACE_CURVE('',#1858,(#1863,#1870),.PCURVE_S1.);
#1858 = CIRCLE('',#1859,3.25);
#1859 = AXIS2_PLACEMENT_3D('',#1860,#1861,#1862);
#1860 = CARTESIAN_POINT('',(38.,-18.,15.));
#1861 = DIRECTION('',(0.,0.,-1.));
#1862 = DIRECTION('',(-1.,0.,0.));
#1863 = PCURVE('',#1544,#1864);
#1864 = DEFINITIONAL_REPRESENTATION('',(#1865),#1869);
#1865 = LINE('',#1866,#1867);
#1866 = CARTESIAN_POINT('',(0.,126.90462466036));
#1867 = VECTOR('',#1868,1.);
#1868 = DIRECTION('',(1.,0.));
#1869 = ( GEOMETRIC_REPRESENTATION_CONTEXT(2) 
PARAMETRIC_REPRESENTATION_CONTEXT() REPRESENTATION_CONTEXT('2D SPACE',''
  ) );
#1870 = PCURVE('',#1871,#1876);
#1871 = PLANE('',#1872);
#1872 = AXIS2_PLACEMENT_3D('',#1873,#1874,#1875);
#1873 = CARTESIAN_POINT('',(38.,-18.,15.));
#1874 = DIRECTION('',(0.,0.,-1.));
#1875 = DIRECTION('',(-1.,0.,0.));
#1876 = DEFINITIONAL_REPRESENTATION('',(#1877),#1881);
#1877 = CIRCLE('',#1878,3.25);
#1878 = AXIS2_PLACEMENT_2D('',#1879,#1880);
#1879 = CARTESIAN_POINT('',(0.,0.));
#1880 = DIRECTION('',(1.,0.));
#1881 = ( GEOMETRIC_REPRESENTATION_CONTEXT(2) 
PARAMETRIC_REPRESENTATION_CONTEXT() REPRESENTATION_CONTEXT('2D SPACE',''
  ) );
#1882 = ORIENTED_EDGE('',*,*,#1833,.F.);
#1883 = ADVANCED_FACE('',(#1884),#1583,.F.);
#1884 = FACE_BOUND('',#1885,.F.);
#1885 = EDGE_LOOP('',(#1886,#1887,#1910,#1937));
#1886 = ORIENTED_EDGE('',*,*,#1562,.T.);
#1887 = ORIENTED_EDGE('',*,*,#1888,.T.);
#1888 = EDGE_CURVE('',#1563,#1889,#1891,.T.);
#1889 = VERTEX_POINT('',#1890);
#1890 = CARTESIAN_POINT('',(-41.25,18.,15.));
#1891 = SEAM_CURVE('',#1892,(#1896,#1903),.PCURVE_S1.);
#1892 = LINE('',#1893,#1894);
#1893 = CARTESIAN_POINT('',(-41.25,18.,141.90462466036));
#1894 = VECTOR('',#1895,1.);
#1895 = DIRECTION('',(0.,0.,-1.));
#1896 = PCURVE('',#1583,#1897);
#1897 = DEFINITIONAL_REPRESENTATION('',(#1898),#1902);
#1898 = LINE('',#1899,#1900);
#1899 = CARTESIAN_POINT('',(0.,-0.));
#1900 = VECTOR('',#1901,1.);
#1901 = DIRECTION('',(0.,1.));
#1902 = ( GEOMETRIC_REPRESENTATION_CONTEXT(2) 
PARAMETRIC_REPRESENTATION_CONTEXT() REPRESENTATION_CONTEXT('2D SPACE',''
  ) );
#1903 = PCURVE('',#1583,#1904);
#1904 = DEFINITIONAL_REPRESENTATION('',(#1905),#1909);
#1905 = LINE('',#1906,#1907);
#1906 = CARTESIAN_POINT('',(6.28318530718,-0.));
#1907 = VECTOR('',#1908,1.);
#1908 = DIRECTION('',(0.,1.));
#1909 = ( GEOMETRIC_REPRESENTATION_CONTEXT(2) 
PARAMETRIC_REPRESENTATION_CONTEXT() REPRESENTATION_CONTEXT('2D SPACE',''
  ) );
#1910 = ORIENTED_EDGE('',*,*,#1911,.F.);
#1911 = EDGE_CURVE('',#1889,#1889,#1912,.T.);
#1912 = SURFACE_CURVE('',#1913,(#1918,#1925),.PCURVE_S1.);
#1913 = CIRCLE('',#1914,3.25);
#1914 = AXIS2_PLACEMENT_3D('',#1915,#1916,#1917);
#1915 = CARTESIAN_POINT('',(-38.,18.,15.));
#1916 = DIRECTION('',(0.,0.,-1.));
#1917 = DIRECTION('',(-1.,0.,0.));
#1918 = PCURVE('',#1583,#1919);
#1919 = DEFINITIONAL_REPRESENTATION('',(#1920),#1924);
#1920 = LINE('',#1921,#1922);
#1921 = CARTESIAN_POINT('',(0.,126.90462466036));
#1922 = VECTOR('',#1923,1.);
#1923 = DIRECTION('',(1.,0.));
#1924 = ( GEOMETRIC_REPRESENTATION_CONTEXT(2) 
PARAMETRIC_REPRESENTATION_CONTEXT() REPRESENTATION_CONTEXT('2D SPACE',''
  ) );
#1925 = PCURVE('',#1926,#1931);
#1926 = PLANE('',#1927);
#1927 = AXIS2_PLACEMENT_3D('',#1928,#1929,#1930);
#1928 = CARTESIAN_POINT('',(-38.,18.,15.));
#1929 = DIRECTION('',(0.,0.,-1.));
#1930 = DIRECTION('',(-1.,0.,0.));
#1931 = DEFINITIONAL_REPRESENTATION('',(#1932),#1936);
#1932 = CIRCLE('',#1933,3.25);
#1933 = AXIS2_PLACEMENT_2D('',#1934,#1935);
#1934 = CARTESIAN_POINT('',(0.,0.));
#1935 = DIRECTION('',(1.,0.));
#1936 = ( GEOMETRIC_REPRESENTATION_CONTEXT(2) 
PARAMETRIC_REPRESENTATION_CONTEXT() REPRESENTATION_CONTEXT('2D SPACE',''
  ) );
#1937 = ORIENTED_EDGE('',*,*,#1888,.F.);
#1938 = ADVANCED_FACE('',(#1939),#1622,.F.);
#1939 = FACE_BOUND('',#1940,.F.);
#1940 = EDGE_LOOP('',(#1941,#1942,#1965,#1992));
#1941 = ORIENTED_EDGE('',*,*,#1601,.T.);
#1942 = ORIENTED_EDGE('',*,*,#1943,.T.);
#1943 = EDGE_CURVE('',#1602,#1944,#1946,.T.);
#1944 = VERTEX_POINT('',#1945);
#1945 = CARTESIAN_POINT('',(34.75,18.,15.));
#1946 = SEAM_CURVE('',#1947,(#1951,#1958),.PCURVE_S1.);
#1947 = LINE('',#1948,#1949);
#1948 = CARTESIAN_POINT('',(34.75,18.,141.90462466036));
#1949 = VECTOR('',#1950,1.);
#1950 = DIRECTION('',(0.,0.,-1.));
#1951 = PCURVE('',#1622,#1952);
#1952 = DEFINITIONAL_REPRESENTATION('',(#1953),#1957);
#1953 = LINE('',#1954,#1955);
#1954 = CARTESIAN_POINT('',(0.,-0.));
#1955 = VECTOR('',#1956,1.);
#1956 = DIRECTION('',(0.,1.));
#1957 = ( GEOMETRIC_REPRESENTATION_CONTEXT(2) 
PARAMETRIC_REPRESENTATION_CONTEXT() REPRESENTATION_CONTEXT('2D SPACE',''
  ) );
#1958 = PCURVE('',#1622,#1959);
#1959 = DEFINITIONAL_REPRESENTATION('',(#1960),#1964);
#1960 = LINE('',#1961,#1962);
#1961 = CARTESIAN_POINT('',(6.28318530718,-0.));
#1962 = VECTOR('',#1963,1.);
#1963 = DIRECTION('',(0.,1.));
#1964 = ( GEOMETRIC_REPRESENTATION_CONTEXT(2) 
PARAMETRIC_REPRESENTATION_CONTEXT() REPRESENTATION_CONTEXT('2D SPACE',''
  ) );
#1965 = ORIENTED_EDGE('',*,*,#1966,.F.);
#1966 = EDGE_CURVE('',#1944,#1944,#1967,.T.);
#1967 = SURFACE_CURVE('',#1968,(#1973,#1980),.PCURVE_S1.);
#1968 = CIRCLE('',#1969,3.25);
#1969 = AXIS2_PLACEMENT_3D('',#1970,#1971,#1972);
#1970 = CARTESIAN_POINT('',(38.,18.,15.));
#1971 = DIRECTION('',(0.,0.,-1.));
#1972 = DIRECTION('',(-1.,0.,0.));
#1973 = PCURVE('',#1622,#1974);
#1974 = DEFINITIONAL_REPRESENTATION('',(#1975),#1979);
#1975 = LINE('',#1976,#1977);
#1976 = CARTESIAN_POINT('',(0.,126.90462466036));
#1977 = VECTOR('',#1978,1.);
#1978 = DIRECTION('',(1.,0.));
#1979 = ( GEOMETRIC_REPRESENTATION_CONTEXT(2) 
PARAMETRIC_REPRESENTATION_CONTEXT() REPRESENTATION_CONTEXT('2D SPACE',''
  ) );
#1980 = PCURVE('',#1981,#1986);
#1981 = PLANE('',#1982);
#1982 = AXIS2_PLACEMENT_3D('',#1983,#1984,#1985);
#1983 = CARTESIAN_POINT('',(38.,18.,15.));
#1984 = DIRECTION('',(0.,0.,-1.));
#1985 = DIRECTION('',(-1.,0.,0.));
#1986 = DEFINITIONAL_REPRESENTATION('',(#1987),#1991);
#1987 = CIRCLE('',#1988,3.25);
#1988 = AXIS2_PLACEMENT_2D('',#1989,#1990);
#1989 = CARTESIAN_POINT('',(0.,0.));
#1990 = DIRECTION('',(1.,0.));
#1991 = ( GEOMETRIC_REPRESENTATION_CONTEXT(2) 
PARAMETRIC_REPRESENTATION_CONTEXT() REPRESENTATION_CONTEXT('2D SPACE',''
  ) );
#1992 = ORIENTED_EDGE('',*,*,#1943,.F.);
#1993 = ADVANCED_FACE('',(#1994),#1654,.F.);
#1994 = FACE_BOUND('',#1995,.F.);
#1995 = EDGE_LOOP('',(#1996,#1997,#2020,#2042));
#1996 = ORIENTED_EDGE('',*,*,#1637,.F.);
#1997 = ORIENTED_EDGE('',*,*,#1998,.F.);
#1998 = EDGE_CURVE('',#1999,#1638,#2001,.T.);
#1999 = VERTEX_POINT('',#2000);
#2000 = CARTESIAN_POINT('',(-42.,-18.,15.));
#2001 = SEAM_CURVE('',#2002,(#2006,#2013),.PCURVE_S1.);
#2002 = LINE('',#2003,#2004);
#2003 = CARTESIAN_POINT('',(-42.,-18.,15.));
#2004 = VECTOR('',#2005,1.);
#2005 = DIRECTION('',(0.,0.,-1.));
#2006 = PCURVE('',#1654,#2007);
#2007 = DEFINITIONAL_REPRESENTATION('',(#2008),#2012);
#2008 = LINE('',#2009,#2010);
#2009 = CARTESIAN_POINT('',(6.28318530718,-0.));
#2010 = VECTOR('',#2011,1.);
#2011 = DIRECTION('',(0.,1.));
#2012 = ( GEOMETRIC_REPRESENTATION_CONTEXT(2) 
PARAMETRIC_REPRESENTATION_CONTEXT() REPRESENTATION_CONTEXT('2D SPACE',''
  ) );
#2013 = PCURVE('',#1654,#2014);
#2014 = DEFINITIONAL_REPRESENTATION('',(#2015),#2019);
#2015 = LINE('',#2016,#2017);
#2016 = CARTESIAN_POINT('',(0.,-0.));
#2017 = VECTOR('',#2018,1.);
#2018 = DIRECTION('',(0.,1.));
#2019 = ( GEOMETRIC_REPRESENTATION_CONTEXT(2) 
PARAMETRIC_REPRESENTATION_CONTEXT() REPRESENTATION_CONTEXT('2D SPACE',''
  ) );
#2020 = ORIENTED_EDGE('',*,*,#2021,.T.);
#2021 = EDGE_CURVE('',#1999,#1999,#2022,.T.);
#2022 = SURFACE_CURVE('',#2023,(#2028,#2035),.PCURVE_S1.);
#2023 = CIRCLE('',#2024,4.);
#2024 = AXIS2_PLACEMENT_3D('',#2025,#2026,#2027);
#2025 = CARTESIAN_POINT('',(-38.,-18.,15.));
#2026 = DIRECTION('',(0.,0.,-1.));
#2027 = DIRECTION('',(-1.,0.,0.));
#2028 = PCURVE('',#1654,#2029);
#2029 = DEFINITIONAL_REPRESENTATION('',(#2030),#2034);
#2030 = LINE('',#2031,#2032);
#2031 = CARTESIAN_POINT('',(0.,0.));
#2032 = VECTOR('',#2033,1.);
#2033 = DIRECTION('',(1.,0.));
#2034 = ( GEOMETRIC_REPRESENTATION_CONTEXT(2) 
PARAMETRIC_REPRESENTATION_CONTEXT() REPRESENTATION_CONTEXT('2D SPACE',''
  ) );
#2035 = PCURVE('',#1816,#2036);
#2036 = DEFINITIONAL_REPRESENTATION('',(#2037),#2041);
#2037 = CIRCLE('',#2038,4.);
#2038 = AXIS2_PLACEMENT_2D('',#2039,#2040);
#2039 = CARTESIAN_POINT('',(0.,0.));
#2040 = DIRECTION('',(1.,0.));
#2041 = ( GEOMETRIC_REPRESENTATION_CONTEXT(2) 
PARAMETRIC_REPRESENTATION_CONTEXT() REPRESENTATION_CONTEXT('2D SPACE',''
  ) );
#2042 = ORIENTED_EDGE('',*,*,#1998,.T.);
#2043 = ADVANCED_FACE('',(#2044),#1689,.F.);
#2044 = FACE_BOUND('',#2045,.F.);
#2045 = EDGE_LOOP('',(#2046,#2047,#2070,#2092));
#2046 = ORIENTED_EDGE('',*,*,#1672,.F.);
#2047 = ORIENTED_EDGE('',*,*,#2048,.F.);
#2048 = EDGE_CURVE('',#2049,#1673,#2051,.T.);
#2049 = VERTEX_POINT('',#2050);
#2050 = CARTESIAN_POINT('',(34.,-18.,15.));
#2051 = SEAM_CURVE('',#2052,(#2056,#2063),.PCURVE_S1.);
#2052 = LINE('',#2053,#2054);
#2053 = CARTESIAN_POINT('',(34.,-18.,15.));
#2054 = VECTOR('',#2055,1.);
#2055 = DIRECTION('',(0.,0.,-1.));
#2056 = PCURVE('',#1689,#2057);
#2057 = DEFINITIONAL_REPRESENTATION('',(#2058),#2062);
#2058 = LINE('',#2059,#2060);
#2059 = CARTESIAN_POINT('',(6.28318530718,-0.));
#2060 = VECTOR('',#2061,1.);
#2061 = DIRECTION('',(0.,1.));
#2062 = ( GEOMETRIC_REPRESENTATION_CONTEXT(2) 
PARAMETRIC_REPRESENTATION_CONTEXT() REPRESENTATION_CONTEXT('2D SPACE',''
  ) );
#2063 = PCURVE('',#1689,#2064);
#2064 = DEFINITIONAL_REPRESENTATION('',(#2065),#2069);
#2065 = LINE('',#2066,#2067);
#2066 = CARTESIAN_POINT('',(0.,-0.));
#2067 = VECTOR('',#2068,1.);
#2068 = DIRECTION('',(0.,1.));
#2069 = ( GEOMETRIC_REPRESENTATION_CONTEXT(2) 
PARAMETRIC_REPRESENTATION_CONTEXT() REPRESENTATION_CONTEXT('2D SPACE',''
  ) );
#2070 = ORIENTED_EDGE('',*,*,#2071,.T.);
#2071 = EDGE_CURVE('',#2049,#2049,#2072,.T.);
#2072 = SURFACE_CURVE('',#2073,(#2078,#2085),.PCURVE_S1.);
#2073 = CIRCLE('',#2074,4.);
#2074 = AXIS2_PLACEMENT_3D('',#2075,#2076,#2077);
#2075 = CARTESIAN_POINT('',(38.,-18.,15.));
#2076 = DIRECTION('',(0.,0.,-1.));
#2077 = DIRECTION('',(-1.,0.,0.));
#2078 = PCURVE('',#1689,#2079);
#2079 = DEFINITIONAL_REPRESENTATION('',(#2080),#2084);
#2080 = LINE('',#2081,#2082);
#2081 = CARTESIAN_POINT('',(0.,0.));
#2082 = VECTOR('',#2083,1.);
#2083 = DIRECTION('',(1.,0.));
#2084 = ( GEOMETRIC_REPRESENTATION_CONTEXT(2) 
PARAMETRIC_REPRESENTATION_CONTEXT() REPRESENTATION_CONTEXT('2D SPACE',''
  ) );
#2085 = PCURVE('',#1871,#2086);
#2086 = DEFINITIONAL_REPRESENTATION('',(#2087),#2091);
#2087 = CIRCLE('',#2088,4.);
#2088 = AXIS2_PLACEMENT_2D('',#2089,#2090);
#2089 = CARTESIAN_POINT('',(0.,0.));
#2090 = DIRECTION('',(1.,0.));
#2091 = ( GEOMETRIC_REPRESENTATION_CONTEXT(2) 
PARAMETRIC_REPRESENTATION_CONTEXT() REPRESENTATION_CONTEXT('2D SPACE',''
  ) );
#2092 = ORIENTED_EDGE('',*,*,#2048,.T.);
#2093 = ADVANCED_FACE('',(#2094),#1724,.F.);
#2094 = FACE_BOUND('',#2095,.F.);
#2095 = EDGE_LOOP('',(#2096,#2097,#2120,#2142));
#2096 = ORIENTED_EDGE('',*,*,#1707,.F.);
#2097 = ORIENTED_EDGE('',*,*,#2098,.F.);
#2098 = EDGE_CURVE('',#2099,#1708,#2101,.T.);
#2099 = VERTEX_POINT('',#2100);
#2100 = CARTESIAN_POINT('',(-42.,18.,15.));
#2101 = SEAM_CURVE('',#2102,(#2106,#2113),.PCURVE_S1.);
#2102 = LINE('',#2103,#2104);
#2103 = CARTESIAN_POINT('',(-42.,18.,15.));
#2104 = VECTOR('',#2105,1.);
#2105 = DIRECTION('',(0.,0.,-1.));
#2106 = PCURVE('',#1724,#2107);
#2107 = DEFINITIONAL_REPRESENTATION('',(#2108),#2112);
#2108 = LINE('',#2109,#2110);
#2109 = CARTESIAN_POINT('',(6.28318530718,-0.));
#2110 = VECTOR('',#2111,1.);
#2111 = DIRECTION('',(0.,1.));
#2112 = ( GEOMETRIC_REPRESENTATION_CONTEXT(2) 
PARAMETRIC_REPRESENTATION_CONTEXT() REPRESENTATION_CONTEXT('2D SPACE',''
  ) );
#2113 = PCURVE('',#1724,#2114);
#2114 = DEFINITIONAL_REPRESENTATION('',(#2115),#2119);
#2115 = LINE('',#2116,#2117);
#2116 = CARTESIAN_POINT('',(0.,-0.));
#2117 = VECTOR('',#2118,1.);
#2118 = DIRECTION('',(0.,1.));
#2119 = ( GEOMETRIC_REPRESENTATION_CONTEXT(2) 
PARAMETRIC_REPRESENTATION_CONTEXT() REPRESENTATION_CONTEXT('2D SPACE',''
  ) );
#2120 = ORIENTED_EDGE('',*,*,#2121,.T.);
#2121 = EDGE_CURVE('',#2099,#2099,#2122,.T.);
#2122 = SURFACE_CURVE('',#2123,(#2128,#2135),.PCURVE_S1.);
#2123 = CIRCLE('',#2124,4.);
#2124 = AXIS2_PLACEMENT_3D('',#2125,#2126,#2127);
#2125 = CARTESIAN_POINT('',(-38.,18.,15.));
#2126 = DIRECTION('',(0.,0.,-1.));
#2127 = DIRECTION('',(-1.,0.,0.));
#2128 = PCURVE('',#1724,#2129);
#2129 = DEFINITIONAL_REPRESENTATION('',(#2130),#2134);
#2130 = LINE('',#2131,#2132);
#2131 = CARTESIAN_POINT('',(0.,0.));
#2132 = VECTOR('',#2133,1.);
#2133 = DIRECTION('',(1.,0.));
#2134 = ( GEOMETRIC_REPRESENTATION_CONTEXT(2) 
PARAMETRIC_REPRESENTATION_CONTEXT() REPRESENTATION_CONTEXT('2D SPACE',''
  ) );
#2135 = PCURVE('',#1926,#2136);
#2136 = DEFINITIONAL_REPRESENTATION('',(#2137),#2141);
#2137 = CIRCLE('',#2138,4.);
#2138 = AXIS2_PLACEMENT_2D('',#2139,#2140);
#2139 = CARTESIAN_POINT('',(0.,0.));
#2140 = DIRECTION('',(1.,0.));
#2141 = ( GEOMETRIC_REPRESENTATION_CONTEXT(2) 
PARAMETRIC_REPRESENTATION_CONTEXT() REPRESENTATION_CONTEXT('2D SPACE',''
  ) );
#2142 = ORIENTED_EDGE('',*,*,#2098,.T.);
#2143 = ADVANCED_FACE('',(#2144),#1759,.F.);
#2144 = FACE_BOUND('',#2145,.F.);
#2145 = EDGE_LOOP('',(#2146,#2147,#2170,#2192));
#2146 = ORIENTED_EDGE('',*,*,#1742,.F.);
#2147 = ORIENTED_EDGE('',*,*,#2148,.F.);
#2148 = EDGE_CURVE('',#2149,#1743,#2151,.T.);
#2149 = VERTEX_POINT('',#2150);
#2150 = CARTESIAN_POINT('',(34.,18.,15.));
#2151 = SEAM_CURVE('',#2152,(#2156,#2163),.PCURVE_S1.);
#2152 = LINE('',#2153,#2154);
#2153 = CARTESIAN_POINT('',(34.,18.,15.));
#2154 = VECTOR('',#2155,1.);
#2155 = DIRECTION('',(0.,0.,-1.));
#2156 = PCURVE('',#1759,#2157);
#2157 = DEFINITIONAL_REPRESENTATION('',(#2158),#2162);
#2158 = LINE('',#2159,#2160);
#2159 = CARTESIAN_POINT('',(6.28318530718,-0.));
#2160 = VECTOR('',#2161,1.);
#2161 = DIRECTION('',(0.,1.));
#2162 = ( GEOMETRIC_REPRESENTATION_CONTEXT(2) 
PARAMETRIC_REPRESENTATION_CONTEXT() REPRESENTATION_CONTEXT('2D SPACE',''
  ) );
#2163 = PCURVE('',#1759,#2164);
#2164 = DEFINITIONAL_REPRESENTATION('',(#2165),#2169);
#2165 = LINE('',#2166,#2167);
#2166 = CARTESIAN_POINT('',(0.,-0.));
#2167 = VECTOR('',#2168,1.);
#2168 = DIRECTION('',(0.,1.));
#2169 = ( GEOMETRIC_REPRESENTATION_CONTEXT(2) 
PARAMETRIC_REPRESENTATION_CONTEXT() REPRESENTATION_CONTEXT('2D SPACE',''
  ) );
#2170 = ORIENTED_EDGE('',*,*,#2171,.T.);
#2171 = EDGE_CURVE('',#2149,#2149,#2172,.T.);
#2172 = SURFACE_CURVE('',#2173,(#2178,#2185),.PCURVE_S1.);
#2173 = CIRCLE('',#2174,4.);
#2174 = AXIS2_PLACEMENT_3D('',#2175,#2176,#2177);
#2175 = CARTESIAN_POINT('',(38.,18.,15.));
#2176 = DIRECTION('',(0.,0.,-1.));
#2177 = DIRECTION('',(-1.,0.,0.));
#2178 = PCURVE('',#1759,#2179);
#2179 = DEFINITIONAL_REPRESENTATION('',(#2180),#2184);
#2180 = LINE('',#2181,#2182);
#2181 = CARTESIAN_POINT('',(0.,0.));
#2182 = VECTOR('',#2183,1.);
#2183 = DIRECTION('',(1.,0.));
#2184 = ( GEOMETRIC_REPRESENTATION_CONTEXT(2) 
PARAMETRIC_REPRESENTATION_CONTEXT() REPRESENTATION_CONTEXT('2D SPACE',''
  ) );
#2185 = PCURVE('',#1981,#2186);
#2186 = DEFINITIONAL_REPRESENTATION('',(#2187),#2191);
#2187 = CIRCLE('',#2188,4.);
#2188 = AXIS2_PLACEMENT_2D('',#2189,#2190);
#2189 = CARTESIAN_POINT('',(0.,0.));
#2190 = DIRECTION('',(1.,0.));
#2191 = ( GEOMETRIC_REPRESENTATION_CONTEXT(2) 
PARAMETRIC_REPRESENTATION_CONTEXT() REPRESENTATION_CONTEXT('2D SPACE',''
  ) );
#2192 = ORIENTED_EDGE('',*,*,#2148,.T.);
#2193 = ADVANCED_FACE('',(#2194,#2197),#1816,.T.);
#2194 = FACE_BOUND('',#2195,.T.);
#2195 = EDGE_LOOP('',(#2196));
#2196 = ORIENTED_EDGE('',*,*,#2021,.T.);
#2197 = FACE_BOUND('',#2198,.T.);
#2198 = EDGE_LOOP('',(#2199));
#2199 = ORIENTED_EDGE('',*,*,#1801,.F.);
#2200 = ADVANCED_FACE('',(#2201,#2204),#1871,.T.);
#2201 = FACE_BOUND('',#2202,.T.);
#2202 = EDGE_LOOP('',(#2203));
#2203 = ORIENTED_EDGE('',*,*,#2071,.T.);
#2204 = FACE_BOUND('',#2205,.T.);
#2205 = EDGE_LOOP('',(#2206));
#2206 = ORIENTED_EDGE('',*,*,#1856,.F.);
#2207 = ADVANCED_FACE('',(#2208,#2211),#1926,.T.);
#2208 = FACE_BOUND('',#2209,.T.);
#2209 = EDGE_LOOP('',(#2210));
#2210 = ORIENTED_EDGE('',*,*,#2121,.T.);
#2211 = FACE_BOUND('',#2212,.T.);
#2212 = EDGE_LOOP('',(#2213));
#2213 = ORIENTED_EDGE('',*,*,#1911,.F.);
#2214 = ADVANCED_FACE('',(#2215,#2218),#1981,.T.);
#2215 = FACE_BOUND('',#2216,.T.);
#2216 = EDGE_LOOP('',(#2217));
#2217 = ORIENTED_EDGE('',*,*,#2171,.T.);
#2218 = FACE_BOUND('',#2219,.T.);
#2219 = EDGE_LOOP('',(#2220));
#2220 = ORIENTED_EDGE('',*,*,#1966,.F.);
#2221 = ( GEOMETRIC_REPRESENTATION_CONTEXT(3) 
GLOBAL_UNCERTAINTY_ASSIGNED_CONTEXT((#2225)) 
GLOBAL_UNIT_ASSIGNED_CONTEXT((#2222,#2223,#2224)) REPRESENTATION_CONTEXT
('Context #1','3D Context with UNIT and UNCERTAINTY') );
#2222 = ( LENGTH_UNIT() NAMED_UNIT(*) SI_UNIT(.MILLI.,.METRE.) );
#2223 = ( NAMED_UNIT(*) PLANE_ANGLE_UNIT() SI_UNIT($,.RADIAN.) );
#2224 = ( NAMED_UNIT(*) SI_UNIT($,.STERADIAN.) SOLID_ANGLE_UNIT() );
#2225 = UNCERTAINTY_MEASURE_WITH_UNIT(LENGTH_MEASURE(1.E-07),#2222,
  'distance_accuracy_value','confusion accuracy');
#2226 = PRODUCT_RELATED_PRODUCT_CATEGORY('part',$,(#7));
ENDSEC;
END-ISO-10303-21;
