ISO-10303-21;
HEADER;
FILE_DESCRIPTION(('ArchDisc Geometry Kernel Export'),'2;1');
FILE_NAME('BTRM-FAS-WSH-0060.step','20260509T193844',('ArchDisc'),('ArchDisc Inc'),'ArchDisc Kernel 1.0','ArchDisc','');
FILE_SCHEMA(('AUTOMOTIVE_DESIGN'));
ENDSEC;
DATA;
#1=APPLICATION_CONTEXT('automotive design');
#2=APPLICATION_PROTOCOL_DEFINITION('international standard','automotive_design',2009,#1);
#3=PRODUCT_CONTEXT('',#1,'mechanical');
#4=PRODUCT('BTRM-FAS-WSH-0060','BTRM-FAS-WSH-0060','',(#3));
#5=PRODUCT_DEFINITION_FORMATION('','',#4);
#6=PRODUCT_DEFINITION_CONTEXT('design',#1,'design');
#7=PRODUCT_DEFINITION('design','',#5,#6);
#8=PRODUCT_DEFINITION_SHAPE('','',#7);
#9=(GEOMETRIC_REPRESENTATION_CONTEXT(3) GLOBAL_UNCERTAINTY_ASSIGNED_CONTEXT((#0)) GLOBAL_UNIT_ASSIGNED_CONTEXT((#0,#0,#0)) REPRESENTATION_CONTEXT('Context3D','');
#10=CARTESIAN_POINT('',(0.0053,0,0));
#11=VERTEX_POINT('',#10);
#12=CARTESIAN_POINT('',(0.004589934640057526,0,0.0026499999999999996));
#13=VERTEX_POINT('',#12);
#14=CARTESIAN_POINT('',(0.004387012265586609,0.000565685424949238,0.0025328427124746184));
#15=VERTEX_POINT('',#14);
#16=CARTESIAN_POINT('',(0.005065685424949238,0.000565685424949238,0));
#17=VERTEX_POINT('',#16);
#18=CARTESIAN_POINT('',(0.003897114317029974,0.0008,0.0022499999999999994));
#19=VERTEX_POINT('',#18);
#20=CARTESIAN_POINT('',(0.0045,0.0008,0));
#21=VERTEX_POINT('',#20);
#22=CARTESIAN_POINT('',(0.0034072163684733385,0.000565685424949238,0.0019671572875253804));
#23=VERTEX_POINT('',#22);
#24=CARTESIAN_POINT('',(0.003934314575050762,0.000565685424949238,0));
#25=VERTEX_POINT('',#24);
#26=CARTESIAN_POINT('',(0.003204293994002423,9.797174393178826e-20,0.0018499999999999996));
#27=VERTEX_POINT('',#26);
#28=CARTESIAN_POINT('',(0.0036999999999999997,9.797174393178826e-20,0));
#29=VERTEX_POINT('',#28);
#30=CARTESIAN_POINT('',(0.0034072163684733385,-0.000565685424949238,0.0019671572875253804));
#31=VERTEX_POINT('',#30);
#32=CARTESIAN_POINT('',(0.003934314575050762,-0.000565685424949238,0));
#33=VERTEX_POINT('',#32);
#34=CARTESIAN_POINT('',(0.003897114317029974,-0.0008,0.0022499999999999994));
#35=VERTEX_POINT('',#34);
#36=CARTESIAN_POINT('',(0.0045,-0.0008,0));
#37=VERTEX_POINT('',#36);
#38=CARTESIAN_POINT('',(0.004387012265586609,-0.0005656854249492381,0.0025328427124746184));
#39=VERTEX_POINT('',#38);
#40=CARTESIAN_POINT('',(0.005065685424949238,-0.0005656854249492381,0));
#41=VERTEX_POINT('',#40);
#42=CARTESIAN_POINT('',(0.0026500000000000004,0,0.004589934640057525));
#43=VERTEX_POINT('',#42);
#44=CARTESIAN_POINT('',(0.0025328427124746192,0.000565685424949238,0.004387012265586609));
#45=VERTEX_POINT('',#44);
#46=CARTESIAN_POINT('',(0.0022500000000000003,0.0008,0.0038971143170299736));
#47=VERTEX_POINT('',#46);
#48=CARTESIAN_POINT('',(0.0019671572875253813,0.000565685424949238,0.003407216368473338));
#49=VERTEX_POINT('',#48);
#50=CARTESIAN_POINT('',(0.0018500000000000003,9.797174393178826e-20,0.0032042939940024225));
#51=VERTEX_POINT('',#50);
#52=CARTESIAN_POINT('',(0.0019671572875253813,-0.000565685424949238,0.003407216368473338));
#53=VERTEX_POINT('',#52);
#54=CARTESIAN_POINT('',(0.0022500000000000003,-0.0008,0.0038971143170299736));
#55=VERTEX_POINT('',#54);
#56=CARTESIAN_POINT('',(0.0025328427124746192,-0.0005656854249492381,0.004387012265586609));
#57=VERTEX_POINT('',#56);
#58=CARTESIAN_POINT('',(3.245314017740486e-19,0,0.0053));
#59=VERTEX_POINT('',#58);
#60=CARTESIAN_POINT('',(3.101837720575742e-19,0.000565685424949238,0.005065685424949238));
#61=VERTEX_POINT('',#60);
#62=CARTESIAN_POINT('',(2.7554552980815444e-19,0.0008,0.0045));
#63=VERTEX_POINT('',#62);
#64=CARTESIAN_POINT('',(2.4090728755873474e-19,0.000565685424949238,0.003934314575050762));
#65=VERTEX_POINT('',#64);
#66=CARTESIAN_POINT('',(2.2655965784226033e-19,9.797174393178826e-20,0.0036999999999999997));
#67=VERTEX_POINT('',#66);
#68=CARTESIAN_POINT('',(2.4090728755873474e-19,-0.000565685424949238,0.003934314575050762));
#69=VERTEX_POINT('',#68);
#70=CARTESIAN_POINT('',(2.7554552980815444e-19,-0.0008,0.0045));
#71=VERTEX_POINT('',#70);
#72=CARTESIAN_POINT('',(3.101837720575742e-19,-0.0005656854249492381,0.005065685424949238));
#73=VERTEX_POINT('',#72);
#74=CARTESIAN_POINT('',(-0.0026499999999999987,0,0.004589934640057526));
#75=VERTEX_POINT('',#74);
#76=CARTESIAN_POINT('',(-0.0025328427124746175,0.000565685424949238,0.004387012265586609));
#77=VERTEX_POINT('',#76);
#78=CARTESIAN_POINT('',(-0.002249999999999999,0.0008,0.003897114317029974));
#79=VERTEX_POINT('',#78);
#80=CARTESIAN_POINT('',(-0.00196715728752538,0.000565685424949238,0.0034072163684733385));
#81=VERTEX_POINT('',#80);
#82=CARTESIAN_POINT('',(-0.001849999999999999,9.797174393178826e-20,0.003204293994002423));
#83=VERTEX_POINT('',#82);
#84=CARTESIAN_POINT('',(-0.00196715728752538,-0.000565685424949238,0.0034072163684733385));
#85=VERTEX_POINT('',#84);
#86=CARTESIAN_POINT('',(-0.002249999999999999,-0.0008,0.003897114317029974));
#87=VERTEX_POINT('',#86);
#88=CARTESIAN_POINT('',(-0.0025328427124746175,-0.0005656854249492381,0.004387012265586609));
#89=VERTEX_POINT('',#88);
#90=CARTESIAN_POINT('',(-0.004589934640057526,0,0.0026499999999999996));
#91=VERTEX_POINT('',#90);
#92=CARTESIAN_POINT('',(-0.004387012265586609,0.000565685424949238,0.0025328427124746184));
#93=VERTEX_POINT('',#92);
#94=CARTESIAN_POINT('',(-0.003897114317029974,0.0008,0.0022499999999999994));
#95=VERTEX_POINT('',#94);
#96=CARTESIAN_POINT('',(-0.0034072163684733385,0.000565685424949238,0.0019671572875253804));
#97=VERTEX_POINT('',#96);
#98=CARTESIAN_POINT('',(-0.003204293994002423,9.797174393178826e-20,0.0018499999999999996));
#99=VERTEX_POINT('',#98);
#100=CARTESIAN_POINT('',(-0.0034072163684733385,-0.000565685424949238,0.0019671572875253804));
#101=VERTEX_POINT('',#100);
#102=CARTESIAN_POINT('',(-0.003897114317029974,-0.0008,0.0022499999999999994));
#103=VERTEX_POINT('',#102);
#104=CARTESIAN_POINT('',(-0.004387012265586609,-0.0005656854249492381,0.0025328427124746184));
#105=VERTEX_POINT('',#104);
#106=CARTESIAN_POINT('',(-0.0053,0,6.490628035480972e-19));
#107=VERTEX_POINT('',#106);
#108=CARTESIAN_POINT('',(-0.005065685424949238,0.000565685424949238,6.203675441151484e-19));
#109=VERTEX_POINT('',#108);
#110=CARTESIAN_POINT('',(-0.0045,0.0008,5.510910596163089e-19));
#111=VERTEX_POINT('',#110);
#112=CARTESIAN_POINT('',(-0.003934314575050762,0.000565685424949238,4.818145751174695e-19));
#113=VERTEX_POINT('',#112);
#114=CARTESIAN_POINT('',(-0.0036999999999999997,9.797174393178826e-20,4.531193156845207e-19));
#115=VERTEX_POINT('',#114);
#116=CARTESIAN_POINT('',(-0.003934314575050762,-0.000565685424949238,4.818145751174695e-19));
#117=VERTEX_POINT('',#116);
#118=CARTESIAN_POINT('',(-0.0045,-0.0008,5.510910596163089e-19));
#119=VERTEX_POINT('',#118);
#120=CARTESIAN_POINT('',(-0.005065685424949238,-0.0005656854249492381,6.203675441151484e-19));
#121=VERTEX_POINT('',#120);
#122=CARTESIAN_POINT('',(-0.004589934640057525,0,-0.0026500000000000004));
#123=VERTEX_POINT('',#122);
#124=CARTESIAN_POINT('',(-0.004387012265586609,0.000565685424949238,-0.0025328427124746192));
#125=VERTEX_POINT('',#124);
#126=CARTESIAN_POINT('',(-0.0038971143170299736,0.0008,-0.0022500000000000003));
#127=VERTEX_POINT('',#126);
#128=CARTESIAN_POINT('',(-0.003407216368473338,0.000565685424949238,-0.0019671572875253813));
#129=VERTEX_POINT('',#128);
#130=CARTESIAN_POINT('',(-0.0032042939940024225,9.797174393178826e-20,-0.0018500000000000003));
#131=VERTEX_POINT('',#130);
#132=CARTESIAN_POINT('',(-0.003407216368473338,-0.000565685424949238,-0.0019671572875253813));
#133=VERTEX_POINT('',#132);
#134=CARTESIAN_POINT('',(-0.0038971143170299736,-0.0008,-0.0022500000000000003));
#135=VERTEX_POINT('',#134);
#136=CARTESIAN_POINT('',(-0.004387012265586609,-0.0005656854249492381,-0.0025328427124746192));
#137=VERTEX_POINT('',#136);
#138=CARTESIAN_POINT('',(-0.002650000000000002,0,-0.004589934640057523));
#139=VERTEX_POINT('',#138);
#140=CARTESIAN_POINT('',(-0.002532842712474621,0.000565685424949238,-0.004387012265586607));
#141=VERTEX_POINT('',#140);
#142=CARTESIAN_POINT('',(-0.002250000000000002,0.0008,-0.0038971143170299723));
#143=VERTEX_POINT('',#142);
#144=CARTESIAN_POINT('',(-0.0019671572875253826,0.000565685424949238,-0.003407216368473337));
#145=VERTEX_POINT('',#144);
#146=CARTESIAN_POINT('',(-0.0018500000000000016,9.797174393178826e-20,-0.0032042939940024216));
#147=VERTEX_POINT('',#146);
#148=CARTESIAN_POINT('',(-0.0019671572875253826,-0.000565685424949238,-0.003407216368473337));
#149=VERTEX_POINT('',#148);
#150=CARTESIAN_POINT('',(-0.002250000000000002,-0.0008,-0.0038971143170299723));
#151=VERTEX_POINT('',#150);
#152=CARTESIAN_POINT('',(-0.002532842712474621,-0.0005656854249492381,-0.004387012265586607));
#153=VERTEX_POINT('',#152);
#154=CARTESIAN_POINT('',(-9.735942053221457e-19,0,-0.0053));
#155=VERTEX_POINT('',#154);
#156=CARTESIAN_POINT('',(-9.305513161727225e-19,0.000565685424949238,-0.005065685424949238));
#157=VERTEX_POINT('',#156);
#158=CARTESIAN_POINT('',(-8.266365894244633e-19,0.0008,-0.0045));
#159=VERTEX_POINT('',#158);
#160=CARTESIAN_POINT('',(-7.227218626762042e-19,0.000565685424949238,-0.003934314575050762));
#161=VERTEX_POINT('',#160);
#162=CARTESIAN_POINT('',(-6.7967897352678095e-19,9.797174393178826e-20,-0.0036999999999999997));
#163=VERTEX_POINT('',#162);
#164=CARTESIAN_POINT('',(-7.227218626762042e-19,-0.000565685424949238,-0.003934314575050762));
#165=VERTEX_POINT('',#164);
#166=CARTESIAN_POINT('',(-8.266365894244633e-19,-0.0008,-0.0045));
#167=VERTEX_POINT('',#166);
#168=CARTESIAN_POINT('',(-9.305513161727225e-19,-0.0005656854249492381,-0.005065685424949238));
#169=VERTEX_POINT('',#168);
#170=CARTESIAN_POINT('',(0.0026500000000000004,0,-0.004589934640057525));
#171=VERTEX_POINT('',#170);
#172=CARTESIAN_POINT('',(0.0025328427124746192,0.000565685424949238,-0.004387012265586609));
#173=VERTEX_POINT('',#172);
#174=CARTESIAN_POINT('',(0.0022500000000000003,0.0008,-0.0038971143170299736));
#175=VERTEX_POINT('',#174);
#176=CARTESIAN_POINT('',(0.0019671572875253813,0.000565685424949238,-0.003407216368473338));
#177=VERTEX_POINT('',#176);
#178=CARTESIAN_POINT('',(0.0018500000000000003,9.797174393178826e-20,-0.0032042939940024225));
#179=VERTEX_POINT('',#178);
#180=CARTESIAN_POINT('',(0.0019671572875253813,-0.000565685424949238,-0.003407216368473338));
#181=VERTEX_POINT('',#180);
#182=CARTESIAN_POINT('',(0.0022500000000000003,-0.0008,-0.0038971143170299736));
#183=VERTEX_POINT('',#182);
#184=CARTESIAN_POINT('',(0.0025328427124746192,-0.0005656854249492381,-0.004387012265586609));
#185=VERTEX_POINT('',#184);
#186=CARTESIAN_POINT('',(0.004589934640057523,0,-0.002650000000000002));
#187=VERTEX_POINT('',#186);
#188=CARTESIAN_POINT('',(0.004387012265586607,0.000565685424949238,-0.002532842712474621));
#189=VERTEX_POINT('',#188);
#190=CARTESIAN_POINT('',(0.0038971143170299723,0.0008,-0.002250000000000002));
#191=VERTEX_POINT('',#190);
#192=CARTESIAN_POINT('',(0.003407216368473337,0.000565685424949238,-0.0019671572875253826));
#193=VERTEX_POINT('',#192);
#194=CARTESIAN_POINT('',(0.0032042939940024216,9.797174393178826e-20,-0.0018500000000000016));
#195=VERTEX_POINT('',#194);
#196=CARTESIAN_POINT('',(0.003407216368473337,-0.000565685424949238,-0.0019671572875253826));
#197=VERTEX_POINT('',#196);
#198=CARTESIAN_POINT('',(0.0038971143170299723,-0.0008,-0.002250000000000002));
#199=VERTEX_POINT('',#198);
#200=CARTESIAN_POINT('',(0.004387012265586607,-0.0005656854249492381,-0.002532842712474621));
#201=VERTEX_POINT('',#200);
#202=CARTESIAN_POINT('',(0.0053,0,0));
#203=DIRECTION('',(-0.2588190451025206,0,0.9659258262890683));
#204=VECTOR('',#203,0.0027434818780867195);
#205=LINE('',#202,#204);
#206=EDGE_CURVE('',#11,#13,#205,.T.);
#207=CARTESIAN_POINT('',(0.004589934640057526,0,0.0026499999999999996));
#208=DIRECTION('',(-0.3314135740355934,0.9238795325112861,-0.1913417161825451));
#209=VECTOR('',#208,0.0006122934917841441);
#210=LINE('',#207,#209);
#211=EDGE_CURVE('',#13,#15,#210,.T.);
#212=CARTESIAN_POINT('',(0.004387012265586609,0.000565685424949238,0.0025328427124746184));
#213=DIRECTION('',(0.25881904510252085,0,-0.9659258262890684));
#214=VECTOR('',#213,0.002622191728950237);
#215=LINE('',#212,#214);
#216=EDGE_CURVE('',#15,#17,#215,.T.);
#217=CARTESIAN_POINT('',(0.005065685424949238,0.000565685424949238,0));
#218=DIRECTION('',(0.38268343236509045,-0.9238795325112866,0));
#219=VECTOR('',#218,0.0006122934917841438);
#220=LINE('',#217,#219);
#221=EDGE_CURVE('',#17,#11,#220,.T.);
#222=CARTESIAN_POINT('',(0.005065685424949238,0.000565685424949238,0));
#223=DIRECTION('',(-0.25881904510252085,0,0.9659258262890684));
#224=VECTOR('',#223,0.002622191728950237);
#225=LINE('',#222,#224);
#226=EDGE_CURVE('',#17,#15,#225,.T.);
#227=CARTESIAN_POINT('',(0.004387012265586609,0.000565685424949238,0.0025328427124746184));
#228=DIRECTION('',(-0.8001031451912652,0.38268343236509006,-0.4619397662556436));
#229=VECTOR('',#228,0.0006122934917841432);
#230=LINE('',#227,#229);
#231=EDGE_CURVE('',#15,#19,#230,.T.);
#232=CARTESIAN_POINT('',(0.003897114317029974,0.0008,0.0022499999999999994));
#233=DIRECTION('',(0.25881904510252063,0,-0.9659258262890683));
#234=VECTOR('',#233,0.0023293714059226863);
#235=LINE('',#232,#234);
#236=EDGE_CURVE('',#19,#21,#235,.T.);
#237=CARTESIAN_POINT('',(0.0045,0.0008,0));
#238=DIRECTION('',(0.9238795325112867,-0.3826834323650899,0));
#239=VECTOR('',#238,0.0006122934917841435);
#240=LINE('',#237,#239);
#241=EDGE_CURVE('',#21,#17,#240,.T.);
#242=CARTESIAN_POINT('',(0.0045,0.0008,0));
#243=DIRECTION('',(-0.25881904510252063,0,0.9659258262890683));
#244=VECTOR('',#243,0.0023293714059226863);
#245=LINE('',#242,#244);
#246=EDGE_CURVE('',#21,#19,#245,.T.);
#247=CARTESIAN_POINT('',(0.003897114317029974,0.0008,0.0022499999999999994));
#248=DIRECTION('',(-0.8001031451912656,-0.3826834323650899,-0.46193976625564337));
#249=VECTOR('',#248,0.0006122934917841435);
#250=LINE('',#247,#249);
#251=EDGE_CURVE('',#19,#23,#250,.T.);
#252=CARTESIAN_POINT('',(0.0034072163684733385,0.000565685424949238,0.0019671572875253804));
#253=DIRECTION('',(0.25881904510252063,0,-0.9659258262890683));
#254=VECTOR('',#253,0.0020365510828951354);
#255=LINE('',#252,#254);
#256=EDGE_CURVE('',#23,#25,#255,.T.);
#257=CARTESIAN_POINT('',(0.003934314575050762,0.000565685424949238,0));
#258=DIRECTION('',(0.9238795325112867,0.3826834323650899,0));
#259=VECTOR('',#258,0.0006122934917841435);
#260=LINE('',#257,#259);
#261=EDGE_CURVE('',#25,#21,#260,.T.);
#262=CARTESIAN_POINT('',(0.003934314575050762,0.000565685424949238,0));
#263=DIRECTION('',(-0.25881904510252063,0,0.9659258262890683));
#264=VECTOR('',#263,0.0020365510828951354);
#265=LINE('',#262,#264);
#266=EDGE_CURVE('',#25,#23,#265,.T.);
#267=CARTESIAN_POINT('',(0.0034072163684733385,0.000565685424949238,0.0019671572875253804));
#268=DIRECTION('',(-0.33141357403559224,-0.9238795325112867,-0.19134171618254459));
#269=VECTOR('',#268,0.0006122934917841435);
#270=LINE('',#267,#269);
#271=EDGE_CURVE('',#23,#27,#270,.T.);
#272=CARTESIAN_POINT('',(0.003204293994002423,9.797174393178826e-20,0.0018499999999999996));
#273=DIRECTION('',(0.25881904510252074,0,-0.9659258262890683));
#274=VECTOR('',#273,0.0019152609337586533);
#275=LINE('',#272,#274);
#276=EDGE_CURVE('',#27,#29,#275,.T.);
#277=CARTESIAN_POINT('',(0.0036999999999999997,9.797174393178826e-20,0));
#278=DIRECTION('',(0.3826834323650899,0.9238795325112867,0));
#279=VECTOR('',#278,0.0006122934917841435);
#280=LINE('',#277,#279);
#281=EDGE_CURVE('',#29,#25,#280,.T.);
#282=CARTESIAN_POINT('',(0.0036999999999999997,9.797174393178826e-20,0));
#283=DIRECTION('',(-0.25881904510252074,0,0.9659258262890683));
#284=VECTOR('',#283,0.0019152609337586533);
#285=LINE('',#282,#284);
#286=EDGE_CURVE('',#29,#27,#285,.T.);
#287=CARTESIAN_POINT('',(0.003204293994002423,9.797174393178826e-20,0.0018499999999999996));
#288=DIRECTION('',(0.33141357403559213,-0.9238795325112867,0.1913417161825445));
#289=VECTOR('',#288,0.0006122934917841438);
#290=LINE('',#287,#289);
#291=EDGE_CURVE('',#27,#31,#290,.T.);
#292=CARTESIAN_POINT('',(0.0034072163684733385,-0.000565685424949238,0.0019671572875253804));
#293=DIRECTION('',(0.25881904510252063,0,-0.9659258262890683));
#294=VECTOR('',#293,0.0020365510828951354);
#295=LINE('',#292,#294);
#296=EDGE_CURVE('',#31,#33,#295,.T.);
#297=CARTESIAN_POINT('',(0.003934314575050762,-0.000565685424949238,0));
#298=DIRECTION('',(-0.3826834323650897,0.9238795325112867,0));
#299=VECTOR('',#298,0.0006122934917841438);
#300=LINE('',#297,#299);
#301=EDGE_CURVE('',#33,#29,#300,.T.);
#302=CARTESIAN_POINT('',(0.003934314575050762,-0.000565685424949238,0));
#303=DIRECTION('',(-0.25881904510252063,0,0.9659258262890683));
#304=VECTOR('',#303,0.0020365510828951354);
#305=LINE('',#302,#304);
#306=EDGE_CURVE('',#33,#31,#305,.T.);
#307=CARTESIAN_POINT('',(0.0034072163684733385,-0.000565685424949238,0.0019671572875253804));
#308=DIRECTION('',(0.8001031451912656,-0.3826834323650899,0.46193976625564337));
#309=VECTOR('',#308,0.0006122934917841435);
#310=LINE('',#307,#309);
#311=EDGE_CURVE('',#31,#35,#310,.T.);
#312=CARTESIAN_POINT('',(0.003897114317029974,-0.0008,0.0022499999999999994));
#313=DIRECTION('',(0.25881904510252063,0,-0.9659258262890683));
#314=VECTOR('',#313,0.0023293714059226863);
#315=LINE('',#312,#314);
#316=EDGE_CURVE('',#35,#37,#315,.T.);
#317=CARTESIAN_POINT('',(0.0045,-0.0008,0));
#318=DIRECTION('',(-0.9238795325112867,0.3826834323650899,0));
#319=VECTOR('',#318,0.0006122934917841435);
#320=LINE('',#317,#319);
#321=EDGE_CURVE('',#37,#33,#320,.T.);
#322=CARTESIAN_POINT('',(0.0045,-0.0008,0));
#323=DIRECTION('',(-0.25881904510252063,0,0.9659258262890683));
#324=VECTOR('',#323,0.0023293714059226863);
#325=LINE('',#322,#324);
#326=EDGE_CURVE('',#37,#35,#325,.T.);
#327=CARTESIAN_POINT('',(0.003897114317029974,-0.0008,0.0022499999999999994));
#328=DIRECTION('',(0.8001031451912652,0.3826834323650899,0.4619397662556436));
#329=VECTOR('',#328,0.0006122934917841432);
#330=LINE('',#327,#329);
#331=EDGE_CURVE('',#35,#39,#330,.T.);
#332=CARTESIAN_POINT('',(0.004387012265586609,-0.0005656854249492381,0.0025328427124746184));
#333=DIRECTION('',(0.25881904510252085,0,-0.9659258262890684));
#334=VECTOR('',#333,0.002622191728950237);
#335=LINE('',#332,#334);
#336=EDGE_CURVE('',#39,#41,#335,.T.);
#337=CARTESIAN_POINT('',(0.005065685424949238,-0.0005656854249492381,0));
#338=DIRECTION('',(-0.9238795325112867,-0.38268343236508967,0));
#339=VECTOR('',#338,0.0006122934917841435);
#340=LINE('',#337,#339);
#341=EDGE_CURVE('',#41,#37,#340,.T.);
#342=CARTESIAN_POINT('',(0.005065685424949238,-0.0005656854249492381,0));
#343=DIRECTION('',(-0.25881904510252085,0,0.9659258262890684));
#344=VECTOR('',#343,0.002622191728950237);
#345=LINE('',#342,#344);
#346=EDGE_CURVE('',#41,#39,#345,.T.);
#347=CARTESIAN_POINT('',(0.004387012265586609,-0.0005656854249492381,0.0025328427124746184));
#348=DIRECTION('',(0.33141357403559335,0.9238795325112861,0.19134171618254509));
#349=VECTOR('',#348,0.0006122934917841442);
#350=LINE('',#347,#349);
#351=EDGE_CURVE('',#39,#13,#350,.T.);
#352=CARTESIAN_POINT('',(0.004589934640057526,0,0.0026499999999999996));
#353=DIRECTION('',(0.2588190451025206,0,-0.9659258262890683));
#354=VECTOR('',#353,0.0027434818780867195);
#355=LINE('',#352,#354);
#356=EDGE_CURVE('',#13,#11,#355,.T.);
#357=CARTESIAN_POINT('',(0.0053,0,0));
#358=DIRECTION('',(-0.3826834323650904,-0.9238795325112866,0));
#359=VECTOR('',#358,0.0006122934917841439);
#360=LINE('',#357,#359);
#361=EDGE_CURVE('',#11,#41,#360,.T.);
#362=CARTESIAN_POINT('',(0.004589934640057526,0,0.0026499999999999996));
#363=DIRECTION('',(-0.7071067811865476,0,0.7071067811865476));
#364=VECTOR('',#363,0.0027434818780867204);
#365=LINE('',#362,#364);
#366=EDGE_CURVE('',#13,#43,#365,.T.);
#367=CARTESIAN_POINT('',(0.0026500000000000004,0,0.004589934640057525));
#368=DIRECTION('',(-0.19134171618254522,0.9238795325112866,-0.33141357403559213));
#369=VECTOR('',#368,0.0006122934917841438);
#370=LINE('',#367,#369);
#371=EDGE_CURVE('',#43,#45,#370,.T.);
#372=CARTESIAN_POINT('',(0.0025328427124746192,0.000565685424949238,0.004387012265586609));
#373=DIRECTION('',(0.7071067811865474,0,-0.7071067811865477));
#374=VECTOR('',#373,0.0026221917289502377);
#375=LINE('',#372,#374);
#376=EDGE_CURVE('',#45,#15,#375,.T.);
#377=CARTESIAN_POINT('',(0.004387012265586609,0.000565685424949238,0.0025328427124746184));
#378=DIRECTION('',(0.3314135740355934,-0.9238795325112861,0.1913417161825451));
#379=VECTOR('',#378,0.0006122934917841441);
#380=LINE('',#377,#379);
#381=EDGE_CURVE('',#15,#13,#380,.T.);
#382=CARTESIAN_POINT('',(0.004387012265586609,0.000565685424949238,0.0025328427124746184));
#383=DIRECTION('',(-0.7071067811865474,0,0.7071067811865477));
#384=VECTOR('',#383,0.0026221917289502377);
#385=LINE('',#382,#384);
#386=EDGE_CURVE('',#15,#45,#385,.T.);
#387=CARTESIAN_POINT('',(0.0025328427124746192,0.000565685424949238,0.004387012265586609));
#388=DIRECTION('',(-0.46193976625564337,0.3826834323650899,-0.8001031451912656));
#389=VECTOR('',#388,0.0006122934917841435);
#390=LINE('',#387,#389);
#391=EDGE_CURVE('',#45,#47,#390,.T.);
#392=CARTESIAN_POINT('',(0.0022500000000000003,0.0008,0.0038971143170299736));
#393=DIRECTION('',(0.7071067811865475,0,-0.7071067811865477));
#394=VECTOR('',#393,0.0023293714059226867);
#395=LINE('',#392,#394);
#396=EDGE_CURVE('',#47,#19,#395,.T.);
#397=CARTESIAN_POINT('',(0.003897114317029974,0.0008,0.0022499999999999994));
#398=DIRECTION('',(0.8001031451912652,-0.38268343236509006,0.4619397662556436));
#399=VECTOR('',#398,0.0006122934917841432);
#400=LINE('',#397,#399);
#401=EDGE_CURVE('',#19,#15,#400,.T.);
#402=CARTESIAN_POINT('',(0.003897114317029974,0.0008,0.0022499999999999994));
#403=DIRECTION('',(-0.7071067811865475,0,0.7071067811865477));
#404=VECTOR('',#403,0.0023293714059226867);
#405=LINE('',#402,#404);
#406=EDGE_CURVE('',#19,#47,#405,.T.);
#407=CARTESIAN_POINT('',(0.0022500000000000003,0.0008,0.0038971143170299736));
#408=DIRECTION('',(-0.46193976625564337,-0.3826834323650899,-0.8001031451912656));
#409=VECTOR('',#408,0.0006122934917841435);
#410=LINE('',#407,#409);
#411=EDGE_CURVE('',#47,#49,#410,.T.);
#412=CARTESIAN_POINT('',(0.0019671572875253813,0.000565685424949238,0.003407216368473338));
#413=DIRECTION('',(0.7071067811865475,0,-0.7071067811865477));
#414=VECTOR('',#413,0.002036551082895136);
#415=LINE('',#412,#414);
#416=EDGE_CURVE('',#49,#23,#415,.T.);
#417=CARTESIAN_POINT('',(0.0034072163684733385,0.000565685424949238,0.0019671572875253804));
#418=DIRECTION('',(0.8001031451912656,0.3826834323650899,0.46193976625564337));
#419=VECTOR('',#418,0.0006122934917841435);
#420=LINE('',#417,#419);
#421=EDGE_CURVE('',#23,#19,#420,.T.);
#422=CARTESIAN_POINT('',(0.0034072163684733385,0.000565685424949238,0.0019671572875253804));
#423=DIRECTION('',(-0.7071067811865475,0,0.7071067811865477));
#424=VECTOR('',#423,0.002036551082895136);
#425=LINE('',#422,#424);
#426=EDGE_CURVE('',#23,#49,#425,.T.);
#427=CARTESIAN_POINT('',(0.0019671572875253813,0.000565685424949238,0.003407216368473338));
#428=DIRECTION('',(-0.1913417161825449,-0.9238795325112865,-0.3314135740355922));
#429=VECTOR('',#428,0.0006122934917841437);
#430=LINE('',#427,#429);
#431=EDGE_CURVE('',#49,#51,#430,.T.);
#432=CARTESIAN_POINT('',(0.0018500000000000003,9.797174393178826e-20,0.0032042939940024225));
#433=DIRECTION('',(0.7071067811865475,0,-0.7071067811865476));
#434=VECTOR('',#433,0.0019152609337586533);
#435=LINE('',#432,#434);
#436=EDGE_CURVE('',#51,#27,#435,.T.);
#437=CARTESIAN_POINT('',(0.003204293994002423,9.797174393178826e-20,0.0018499999999999996));
#438=DIRECTION('',(0.33141357403559224,0.9238795325112867,0.19134171618254459));
#439=VECTOR('',#438,0.0006122934917841435);
#440=LINE('',#437,#439);
#441=EDGE_CURVE('',#27,#23,#440,.T.);
#442=CARTESIAN_POINT('',(0.003204293994002423,9.797174393178826e-20,0.0018499999999999996));
#443=DIRECTION('',(-0.7071067811865475,0,0.7071067811865476));
#444=VECTOR('',#443,0.0019152609337586533);
#445=LINE('',#442,#444);
#446=EDGE_CURVE('',#27,#51,#445,.T.);
#447=CARTESIAN_POINT('',(0.0018500000000000003,9.797174393178826e-20,0.0032042939940024225));
#448=DIRECTION('',(0.19134171618254486,-0.9238795325112867,0.33141357403559213));
#449=VECTOR('',#448,0.0006122934917841438);
#450=LINE('',#447,#449);
#451=EDGE_CURVE('',#51,#53,#450,.T.);
#452=CARTESIAN_POINT('',(0.0019671572875253813,-0.000565685424949238,0.003407216368473338));
#453=DIRECTION('',(0.7071067811865475,0,-0.7071067811865477));
#454=VECTOR('',#453,0.002036551082895136);
#455=LINE('',#452,#454);
#456=EDGE_CURVE('',#53,#31,#455,.T.);
#457=CARTESIAN_POINT('',(0.0034072163684733385,-0.000565685424949238,0.0019671572875253804));
#458=DIRECTION('',(-0.33141357403559213,0.9238795325112867,-0.1913417161825445));
#459=VECTOR('',#458,0.0006122934917841438);
#460=LINE('',#457,#459);
#461=EDGE_CURVE('',#31,#27,#460,.T.);
#462=CARTESIAN_POINT('',(0.0034072163684733385,-0.000565685424949238,0.0019671572875253804));
#463=DIRECTION('',(-0.7071067811865475,0,0.7071067811865477));
#464=VECTOR('',#463,0.002036551082895136);
#465=LINE('',#462,#464);
#466=EDGE_CURVE('',#31,#53,#465,.T.);
#467=CARTESIAN_POINT('',(0.0019671572875253813,-0.000565685424949238,0.003407216368473338));
#468=DIRECTION('',(0.46193976625564337,-0.3826834323650899,0.8001031451912656));
#469=VECTOR('',#468,0.0006122934917841435);
#470=LINE('',#467,#469);
#471=EDGE_CURVE('',#53,#55,#470,.T.);
#472=CARTESIAN_POINT('',(0.0022500000000000003,-0.0008,0.0038971143170299736));
#473=DIRECTION('',(0.7071067811865475,0,-0.7071067811865477));
#474=VECTOR('',#473,0.0023293714059226867);
#475=LINE('',#472,#474);
#476=EDGE_CURVE('',#55,#35,#475,.T.);
#477=CARTESIAN_POINT('',(0.003897114317029974,-0.0008,0.0022499999999999994));
#478=DIRECTION('',(-0.8001031451912656,0.3826834323650899,-0.46193976625564337));
#479=VECTOR('',#478,0.0006122934917841435);
#480=LINE('',#477,#479);
#481=EDGE_CURVE('',#35,#31,#480,.T.);
#482=CARTESIAN_POINT('',(0.003897114317029974,-0.0008,0.0022499999999999994));
#483=DIRECTION('',(-0.7071067811865475,0,0.7071067811865477));
#484=VECTOR('',#483,0.0023293714059226867);
#485=LINE('',#482,#484);
#486=EDGE_CURVE('',#35,#55,#485,.T.);
#487=CARTESIAN_POINT('',(0.0022500000000000003,-0.0008,0.0038971143170299736));
#488=DIRECTION('',(0.46193976625564337,0.38268343236508967,0.8001031451912656));
#489=VECTOR('',#488,0.0006122934917841435);
#490=LINE('',#487,#489);
#491=EDGE_CURVE('',#55,#57,#490,.T.);
#492=CARTESIAN_POINT('',(0.0025328427124746192,-0.0005656854249492381,0.004387012265586609));
#493=DIRECTION('',(0.7071067811865474,0,-0.7071067811865477));
#494=VECTOR('',#493,0.0026221917289502377);
#495=LINE('',#492,#494);
#496=EDGE_CURVE('',#57,#39,#495,.T.);
#497=CARTESIAN_POINT('',(0.004387012265586609,-0.0005656854249492381,0.0025328427124746184));
#498=DIRECTION('',(-0.8001031451912652,-0.3826834323650899,-0.4619397662556436));
#499=VECTOR('',#498,0.0006122934917841432);
#500=LINE('',#497,#499);
#501=EDGE_CURVE('',#39,#35,#500,.T.);
#502=CARTESIAN_POINT('',(0.004387012265586609,-0.0005656854249492381,0.0025328427124746184));
#503=DIRECTION('',(-0.7071067811865474,0,0.7071067811865477));
#504=VECTOR('',#503,0.0026221917289502377);
#505=LINE('',#502,#504);
#506=EDGE_CURVE('',#39,#57,#505,.T.);
#507=CARTESIAN_POINT('',(0.0025328427124746192,-0.0005656854249492381,0.004387012265586609));
#508=DIRECTION('',(0.1913417161825452,0.9238795325112866,0.3314135740355921));
#509=VECTOR('',#508,0.0006122934917841439);
#510=LINE('',#507,#509);
#511=EDGE_CURVE('',#57,#43,#510,.T.);
#512=CARTESIAN_POINT('',(0.0026500000000000004,0,0.004589934640057525));
#513=DIRECTION('',(0.7071067811865476,0,-0.7071067811865476));
#514=VECTOR('',#513,0.0027434818780867204);
#515=LINE('',#512,#514);
#516=EDGE_CURVE('',#43,#13,#515,.T.);
#517=CARTESIAN_POINT('',(0.004589934640057526,0,0.0026499999999999996));
#518=DIRECTION('',(-0.33141357403559335,-0.9238795325112861,-0.19134171618254509));
#519=VECTOR('',#518,0.0006122934917841442);
#520=LINE('',#517,#519);
#521=EDGE_CURVE('',#13,#39,#520,.T.);
#522=CARTESIAN_POINT('',(0.0026500000000000004,0,0.004589934640057525));
#523=DIRECTION('',(-0.9659258262890682,0,0.2588190451025208));
#524=VECTOR('',#523,0.0027434818780867204);
#525=LINE('',#522,#524);
#526=EDGE_CURVE('',#43,#59,#525,.T.);
#527=CARTESIAN_POINT('',(3.245314017740486e-19,0,0.0053));
#528=DIRECTION('',(-2.3432602026631502e-17,0.9238795325112866,-0.38268343236509045));
#529=VECTOR('',#528,0.0006122934917841438);
#530=LINE('',#527,#529);
#531=EDGE_CURVE('',#59,#61,#530,.T.);
#532=CARTESIAN_POINT('',(3.101837720575742e-19,0.000565685424949238,0.005065685424949238));
#533=DIRECTION('',(0.9659258262890682,0,-0.25881904510252074));
#534=VECTOR('',#533,0.0026221917289502377);
#535=LINE('',#532,#534);
#536=EDGE_CURVE('',#61,#45,#535,.T.);
#537=CARTESIAN_POINT('',(0.0025328427124746192,0.000565685424949238,0.004387012265586609));
#538=DIRECTION('',(0.19134171618254522,-0.9238795325112866,0.33141357403559213));
#539=VECTOR('',#538,0.0006122934917841438);
#540=LINE('',#537,#539);
#541=EDGE_CURVE('',#45,#43,#540,.T.);
#542=CARTESIAN_POINT('',(0.0025328427124746192,0.000565685424949238,0.004387012265586609));
#543=DIRECTION('',(-0.9659258262890682,0,0.25881904510252074));
#544=VECTOR('',#543,0.0026221917289502377);
#545=LINE('',#542,#544);
#546=EDGE_CURVE('',#45,#61,#545,.T.);
#547=CARTESIAN_POINT('',(3.101837720575742e-19,0.000565685424949238,0.005065685424949238));
#548=DIRECTION('',(-5.657130561438505e-17,0.3826834323650899,-0.9238795325112867));
#549=VECTOR('',#548,0.0006122934917841435);
#550=LINE('',#547,#549);
#551=EDGE_CURVE('',#61,#63,#550,.T.);
#552=CARTESIAN_POINT('',(2.7554552980815444e-19,0.0008,0.0045));
#553=DIRECTION('',(0.9659258262890683,0,-0.2588190451025208));
#554=VECTOR('',#553,0.0023293714059226867);
#555=LINE('',#552,#554);
#556=EDGE_CURVE('',#63,#47,#555,.T.);
#557=CARTESIAN_POINT('',(0.0022500000000000003,0.0008,0.0038971143170299736));
#558=DIRECTION('',(0.46193976625564337,-0.3826834323650899,0.8001031451912656));
#559=VECTOR('',#558,0.0006122934917841435);
#560=LINE('',#557,#559);
#561=EDGE_CURVE('',#47,#45,#560,.T.);
#562=CARTESIAN_POINT('',(0.0022500000000000003,0.0008,0.0038971143170299736));
#563=DIRECTION('',(-0.9659258262890683,0,0.2588190451025208));
#564=VECTOR('',#563,0.0023293714059226867);
#565=LINE('',#562,#564);
#566=EDGE_CURVE('',#47,#63,#565,.T.);
#567=CARTESIAN_POINT('',(2.7554552980815444e-19,0.0008,0.0045));
#568=DIRECTION('',(-5.657130561438498e-17,-0.3826834323650899,-0.9238795325112867));
#569=VECTOR('',#568,0.0006122934917841435);
#570=LINE('',#567,#569);
#571=EDGE_CURVE('',#63,#65,#570,.T.);
#572=CARTESIAN_POINT('',(2.4090728755873474e-19,0.000565685424949238,0.003934314575050762));
#573=DIRECTION('',(0.9659258262890683,0,-0.2588190451025208));
#574=VECTOR('',#573,0.002036551082895136);
#575=LINE('',#572,#574);
#576=EDGE_CURVE('',#65,#49,#575,.T.);
#577=CARTESIAN_POINT('',(0.0019671572875253813,0.000565685424949238,0.003407216368473338));
#578=DIRECTION('',(0.46193976625564337,0.3826834323650899,0.8001031451912656));
#579=VECTOR('',#578,0.0006122934917841435);
#580=LINE('',#577,#579);
#581=EDGE_CURVE('',#49,#47,#580,.T.);
#582=CARTESIAN_POINT('',(0.0019671572875253813,0.000565685424949238,0.003407216368473338));
#583=DIRECTION('',(-0.9659258262890683,0,0.2588190451025208));
#584=VECTOR('',#583,0.002036551082895136);
#585=LINE('',#582,#584);
#586=EDGE_CURVE('',#49,#65,#585,.T.);
#587=CARTESIAN_POINT('',(2.4090728755873474e-19,0.000565685424949238,0.003934314575050762));
#588=DIRECTION('',(-2.343260202663151e-17,-0.9238795325112867,-0.3826834323650899));
#589=VECTOR('',#588,0.0006122934917841435);
#590=LINE('',#587,#589);
#591=EDGE_CURVE('',#65,#67,#590,.T.);
#592=CARTESIAN_POINT('',(2.2655965784226033e-19,9.797174393178826e-20,0.0036999999999999997));
#593=DIRECTION('',(0.9659258262890683,0,-0.2588190451025209));
#594=VECTOR('',#593,0.0019152609337586537);
#595=LINE('',#592,#594);
#596=EDGE_CURVE('',#67,#51,#595,.T.);
#597=CARTESIAN_POINT('',(0.0018500000000000003,9.797174393178826e-20,0.0032042939940024225));
#598=DIRECTION('',(0.1913417161825449,0.9238795325112865,0.3314135740355922));
#599=VECTOR('',#598,0.0006122934917841437);
#600=LINE('',#597,#599);
#601=EDGE_CURVE('',#51,#49,#600,.T.);
#602=CARTESIAN_POINT('',(0.0018500000000000003,9.797174393178826e-20,0.0032042939940024225));
#603=DIRECTION('',(-0.9659258262890683,0,0.2588190451025209));
#604=VECTOR('',#603,0.0019152609337586537);
#605=LINE('',#602,#604);
#606=EDGE_CURVE('',#51,#67,#605,.T.);
#607=CARTESIAN_POINT('',(2.2655965784226033e-19,9.797174393178826e-20,0.0036999999999999997));
#608=DIRECTION('',(2.3432602026631502e-17,-0.9238795325112867,0.3826834323650897));
#609=VECTOR('',#608,0.0006122934917841438);
#610=LINE('',#607,#609);
#611=EDGE_CURVE('',#67,#69,#610,.T.);
#612=CARTESIAN_POINT('',(2.4090728755873474e-19,-0.000565685424949238,0.003934314575050762));
#613=DIRECTION('',(0.9659258262890683,0,-0.2588190451025208));
#614=VECTOR('',#613,0.002036551082895136);
#615=LINE('',#612,#614);
#616=EDGE_CURVE('',#69,#53,#615,.T.);
#617=CARTESIAN_POINT('',(0.0019671572875253813,-0.000565685424949238,0.003407216368473338));
#618=DIRECTION('',(-0.19134171618254486,0.9238795325112867,-0.33141357403559213));
#619=VECTOR('',#618,0.0006122934917841438);
#620=LINE('',#617,#619);
#621=EDGE_CURVE('',#53,#51,#620,.T.);
#622=CARTESIAN_POINT('',(0.0019671572875253813,-0.000565685424949238,0.003407216368473338));
#623=DIRECTION('',(-0.9659258262890683,0,0.2588190451025208));
#624=VECTOR('',#623,0.002036551082895136);
#625=LINE('',#622,#624);
#626=EDGE_CURVE('',#53,#69,#625,.T.);
#627=CARTESIAN_POINT('',(2.4090728755873474e-19,-0.000565685424949238,0.003934314575050762));
#628=DIRECTION('',(5.657130561438498e-17,-0.3826834323650899,0.9238795325112867));
#629=VECTOR('',#628,0.0006122934917841435);
#630=LINE('',#627,#629);
#631=EDGE_CURVE('',#69,#71,#630,.T.);
#632=CARTESIAN_POINT('',(2.7554552980815444e-19,-0.0008,0.0045));
#633=DIRECTION('',(0.9659258262890683,0,-0.2588190451025208));
#634=VECTOR('',#633,0.0023293714059226867);
#635=LINE('',#632,#634);
#636=EDGE_CURVE('',#71,#55,#635,.T.);
#637=CARTESIAN_POINT('',(0.0022500000000000003,-0.0008,0.0038971143170299736));
#638=DIRECTION('',(-0.46193976625564337,0.3826834323650899,-0.8001031451912656));
#639=VECTOR('',#638,0.0006122934917841435);
#640=LINE('',#637,#639);
#641=EDGE_CURVE('',#55,#53,#640,.T.);
#642=CARTESIAN_POINT('',(0.0022500000000000003,-0.0008,0.0038971143170299736));
#643=DIRECTION('',(-0.9659258262890683,0,0.2588190451025208));
#644=VECTOR('',#643,0.0023293714059226867);
#645=LINE('',#642,#644);
#646=EDGE_CURVE('',#55,#71,#645,.T.);
#647=CARTESIAN_POINT('',(2.7554552980815444e-19,-0.0008,0.0045));
#648=DIRECTION('',(5.657130561438505e-17,0.38268343236508967,0.9238795325112867));
#649=VECTOR('',#648,0.0006122934917841435);
#650=LINE('',#647,#649);
#651=EDGE_CURVE('',#71,#73,#650,.T.);
#652=CARTESIAN_POINT('',(3.101837720575742e-19,-0.0005656854249492381,0.005065685424949238));
#653=DIRECTION('',(0.9659258262890682,0,-0.25881904510252074));
#654=VECTOR('',#653,0.0026221917289502377);
#655=LINE('',#652,#654);
#656=EDGE_CURVE('',#73,#57,#655,.T.);
#657=CARTESIAN_POINT('',(0.0025328427124746192,-0.0005656854249492381,0.004387012265586609));
#658=DIRECTION('',(-0.46193976625564337,-0.38268343236508967,-0.8001031451912656));
#659=VECTOR('',#658,0.0006122934917841435);
#660=LINE('',#657,#659);
#661=EDGE_CURVE('',#57,#55,#660,.T.);
#662=CARTESIAN_POINT('',(0.0025328427124746192,-0.0005656854249492381,0.004387012265586609));
#663=DIRECTION('',(-0.9659258262890682,0,0.25881904510252074));
#664=VECTOR('',#663,0.0026221917289502377);
#665=LINE('',#662,#664);
#666=EDGE_CURVE('',#57,#73,#665,.T.);
#667=CARTESIAN_POINT('',(3.101837720575742e-19,-0.0005656854249492381,0.005065685424949238));
#668=DIRECTION('',(2.34326020266315e-17,0.9238795325112866,0.3826834323650904));
#669=VECTOR('',#668,0.0006122934917841439);
#670=LINE('',#667,#669);
#671=EDGE_CURVE('',#73,#59,#670,.T.);
#672=CARTESIAN_POINT('',(3.245314017740486e-19,0,0.0053));
#673=DIRECTION('',(0.9659258262890682,0,-0.2588190451025208));
#674=VECTOR('',#673,0.0027434818780867204);
#675=LINE('',#672,#674);
#676=EDGE_CURVE('',#59,#43,#675,.T.);
#677=CARTESIAN_POINT('',(0.0026500000000000004,0,0.004589934640057525));
#678=DIRECTION('',(-0.1913417161825452,-0.9238795325112866,-0.3314135740355921));
#679=VECTOR('',#678,0.0006122934917841439);
#680=LINE('',#677,#679);
#681=EDGE_CURVE('',#43,#57,#680,.T.);
#682=CARTESIAN_POINT('',(3.245314017740486e-19,0,0.0053));
#683=DIRECTION('',(-0.9659258262890683,0,-0.2588190451025206));
#684=VECTOR('',#683,0.002743481878086719);
#685=LINE('',#682,#684);
#686=EDGE_CURVE('',#59,#75,#685,.T.);
#687=CARTESIAN_POINT('',(-0.0026499999999999987,0,0.004589934640057526));
#688=DIRECTION('',(0.1913417161825451,0.9238795325112861,-0.3314135740355934));
#689=VECTOR('',#688,0.0006122934917841441);
#690=LINE('',#687,#689);
#691=EDGE_CURVE('',#75,#77,#690,.T.);
#692=CARTESIAN_POINT('',(-0.0025328427124746175,0.000565685424949238,0.004387012265586609));
#693=DIRECTION('',(0.9659258262890682,0,0.25881904510252085));
#694=VECTOR('',#693,0.002622191728950237);
#695=LINE('',#692,#694);
#696=EDGE_CURVE('',#77,#61,#695,.T.);
#697=CARTESIAN_POINT('',(3.101837720575742e-19,0.000565685424949238,0.005065685424949238));
#698=DIRECTION('',(2.3432602026631502e-17,-0.9238795325112866,0.38268343236509045));
#699=VECTOR('',#698,0.0006122934917841438);
#700=LINE('',#697,#699);
#701=EDGE_CURVE('',#61,#59,#700,.T.);
#702=CARTESIAN_POINT('',(3.101837720575742e-19,0.000565685424949238,0.005065685424949238));
#703=DIRECTION('',(-0.9659258262890682,0,-0.25881904510252085));
#704=VECTOR('',#703,0.002622191728950237);
#705=LINE('',#702,#704);
#706=EDGE_CURVE('',#61,#77,#705,.T.);
#707=CARTESIAN_POINT('',(-0.0025328427124746175,0.000565685424949238,0.004387012265586609));
#708=DIRECTION('',(0.4619397662556431,0.3826834323650902,-0.8001031451912656));
#709=VECTOR('',#708,0.000612293491784143);
#710=LINE('',#707,#709);
#711=EDGE_CURVE('',#77,#79,#710,.T.);
#712=CARTESIAN_POINT('',(-0.002249999999999999,0.0008,0.003897114317029974));
#713=DIRECTION('',(0.9659258262890683,0,0.25881904510252063));
#714=VECTOR('',#713,0.0023293714059226863);
#715=LINE('',#712,#714);
#716=EDGE_CURVE('',#79,#63,#715,.T.);
#717=CARTESIAN_POINT('',(2.7554552980815444e-19,0.0008,0.0045));
#718=DIRECTION('',(5.657130561438505e-17,-0.3826834323650899,0.9238795325112867));
#719=VECTOR('',#718,0.0006122934917841435);
#720=LINE('',#717,#719);
#721=EDGE_CURVE('',#63,#61,#720,.T.);
#722=CARTESIAN_POINT('',(2.7554552980815444e-19,0.0008,0.0045));
#723=DIRECTION('',(-0.9659258262890683,0,-0.25881904510252063));
#724=VECTOR('',#723,0.0023293714059226863);
#725=LINE('',#722,#724);
#726=EDGE_CURVE('',#63,#79,#725,.T.);
#727=CARTESIAN_POINT('',(-0.002249999999999999,0.0008,0.003897114317029974));
#728=DIRECTION('',(0.46193976625564337,-0.3826834323650899,-0.8001031451912656));
#729=VECTOR('',#728,0.0006122934917841435);
#730=LINE('',#727,#729);
#731=EDGE_CURVE('',#79,#81,#730,.T.);
#732=CARTESIAN_POINT('',(-0.00196715728752538,0.000565685424949238,0.0034072163684733385));
#733=DIRECTION('',(0.9659258262890683,0,0.25881904510252063));
#734=VECTOR('',#733,0.0020365510828951354);
#735=LINE('',#732,#734);
#736=EDGE_CURVE('',#81,#65,#735,.T.);
#737=CARTESIAN_POINT('',(2.4090728755873474e-19,0.000565685424949238,0.003934314575050762));
#738=DIRECTION('',(5.657130561438498e-17,0.3826834323650899,0.9238795325112867));
#739=VECTOR('',#738,0.0006122934917841435);
#740=LINE('',#737,#739);
#741=EDGE_CURVE('',#65,#63,#740,.T.);
#742=CARTESIAN_POINT('',(2.4090728755873474e-19,0.000565685424949238,0.003934314575050762));
#743=DIRECTION('',(-0.9659258262890683,0,-0.25881904510252063));
#744=VECTOR('',#743,0.0020365510828951354);
#745=LINE('',#742,#744);
#746=EDGE_CURVE('',#65,#81,#745,.T.);
#747=CARTESIAN_POINT('',(-0.00196715728752538,0.000565685424949238,0.0034072163684733385));
#748=DIRECTION('',(0.1913417161825449,-0.9238795325112865,-0.3314135740355922));
#749=VECTOR('',#748,0.0006122934917841437);
#750=LINE('',#747,#749);
#751=EDGE_CURVE('',#81,#83,#750,.T.);
#752=CARTESIAN_POINT('',(-0.001849999999999999,9.797174393178826e-20,0.003204293994002423));
#753=DIRECTION('',(0.9659258262890683,0,0.2588190451025208));
#754=VECTOR('',#753,0.0019152609337586529);
#755=LINE('',#752,#754);
#756=EDGE_CURVE('',#83,#67,#755,.T.);
#757=CARTESIAN_POINT('',(2.2655965784226033e-19,9.797174393178826e-20,0.0036999999999999997));
#758=DIRECTION('',(2.343260202663151e-17,0.9238795325112867,0.3826834323650899));
#759=VECTOR('',#758,0.0006122934917841435);
#760=LINE('',#757,#759);
#761=EDGE_CURVE('',#67,#65,#760,.T.);
#762=CARTESIAN_POINT('',(2.2655965784226033e-19,9.797174393178826e-20,0.0036999999999999997));
#763=DIRECTION('',(-0.9659258262890683,0,-0.2588190451025208));
#764=VECTOR('',#763,0.0019152609337586529);
#765=LINE('',#762,#764);
#766=EDGE_CURVE('',#67,#83,#765,.T.);
#767=CARTESIAN_POINT('',(-0.001849999999999999,9.797174393178826e-20,0.003204293994002423));
#768=DIRECTION('',(-0.19134171618254486,-0.9238795325112867,0.33141357403559213));
#769=VECTOR('',#768,0.0006122934917841438);
#770=LINE('',#767,#769);
#771=EDGE_CURVE('',#83,#85,#770,.T.);
#772=CARTESIAN_POINT('',(-0.00196715728752538,-0.000565685424949238,0.0034072163684733385));
#773=DIRECTION('',(0.9659258262890683,0,0.25881904510252063));
#774=VECTOR('',#773,0.0020365510828951354);
#775=LINE('',#772,#774);
#776=EDGE_CURVE('',#85,#69,#775,.T.);
#777=CARTESIAN_POINT('',(2.4090728755873474e-19,-0.000565685424949238,0.003934314575050762));
#778=DIRECTION('',(-2.3432602026631502e-17,0.9238795325112867,-0.3826834323650897));
#779=VECTOR('',#778,0.0006122934917841438);
#780=LINE('',#777,#779);
#781=EDGE_CURVE('',#69,#67,#780,.T.);
#782=CARTESIAN_POINT('',(2.4090728755873474e-19,-0.000565685424949238,0.003934314575050762));
#783=DIRECTION('',(-0.9659258262890683,0,-0.25881904510252063));
#784=VECTOR('',#783,0.0020365510828951354);
#785=LINE('',#782,#784);
#786=EDGE_CURVE('',#69,#85,#785,.T.);
#787=CARTESIAN_POINT('',(-0.00196715728752538,-0.000565685424949238,0.0034072163684733385));
#788=DIRECTION('',(-0.46193976625564337,-0.3826834323650899,0.8001031451912656));
#789=VECTOR('',#788,0.0006122934917841435);
#790=LINE('',#787,#789);
#791=EDGE_CURVE('',#85,#87,#790,.T.);
#792=CARTESIAN_POINT('',(-0.002249999999999999,-0.0008,0.003897114317029974));
#793=DIRECTION('',(0.9659258262890683,0,0.25881904510252063));
#794=VECTOR('',#793,0.0023293714059226863);
#795=LINE('',#792,#794);
#796=EDGE_CURVE('',#87,#71,#795,.T.);
#797=CARTESIAN_POINT('',(2.7554552980815444e-19,-0.0008,0.0045));
#798=DIRECTION('',(-5.657130561438498e-17,0.3826834323650899,-0.9238795325112867));
#799=VECTOR('',#798,0.0006122934917841435);
#800=LINE('',#797,#799);
#801=EDGE_CURVE('',#71,#69,#800,.T.);
#802=CARTESIAN_POINT('',(2.7554552980815444e-19,-0.0008,0.0045));
#803=DIRECTION('',(-0.9659258262890683,0,-0.25881904510252063));
#804=VECTOR('',#803,0.0023293714059226863);
#805=LINE('',#802,#804);
#806=EDGE_CURVE('',#71,#87,#805,.T.);
#807=CARTESIAN_POINT('',(-0.002249999999999999,-0.0008,0.003897114317029974));
#808=DIRECTION('',(-0.4619397662556431,0.38268343236509,0.8001031451912656));
#809=VECTOR('',#808,0.000612293491784143);
#810=LINE('',#807,#809);
#811=EDGE_CURVE('',#87,#89,#810,.T.);
#812=CARTESIAN_POINT('',(-0.0025328427124746175,-0.0005656854249492381,0.004387012265586609));
#813=DIRECTION('',(0.9659258262890682,0,0.25881904510252085));
#814=VECTOR('',#813,0.002622191728950237);
#815=LINE('',#812,#814);
#816=EDGE_CURVE('',#89,#73,#815,.T.);
#817=CARTESIAN_POINT('',(3.101837720575742e-19,-0.0005656854249492381,0.005065685424949238));
#818=DIRECTION('',(-5.657130561438505e-17,-0.38268343236508967,-0.9238795325112867));
#819=VECTOR('',#818,0.0006122934917841435);
#820=LINE('',#817,#819);
#821=EDGE_CURVE('',#73,#71,#820,.T.);
#822=CARTESIAN_POINT('',(3.101837720575742e-19,-0.0005656854249492381,0.005065685424949238));
#823=DIRECTION('',(-0.9659258262890682,0,-0.25881904510252085));
#824=VECTOR('',#823,0.002622191728950237);
#825=LINE('',#822,#824);
#826=EDGE_CURVE('',#73,#89,#825,.T.);
#827=CARTESIAN_POINT('',(-0.0025328427124746175,-0.0005656854249492381,0.004387012265586609));
#828=DIRECTION('',(-0.19134171618254509,0.9238795325112861,0.33141357403559335));
#829=VECTOR('',#828,0.0006122934917841442);
#830=LINE('',#827,#829);
#831=EDGE_CURVE('',#89,#75,#830,.T.);
#832=CARTESIAN_POINT('',(-0.0026499999999999987,0,0.004589934640057526));
#833=DIRECTION('',(0.9659258262890683,0,0.2588190451025206));
#834=VECTOR('',#833,0.002743481878086719);
#835=LINE('',#832,#834);
#836=EDGE_CURVE('',#75,#59,#835,.T.);
#837=CARTESIAN_POINT('',(3.245314017740486e-19,0,0.0053));
#838=DIRECTION('',(-2.34326020266315e-17,-0.9238795325112866,-0.3826834323650904));
#839=VECTOR('',#838,0.0006122934917841439);
#840=LINE('',#837,#839);
#841=EDGE_CURVE('',#59,#73,#840,.T.);
#842=CARTESIAN_POINT('',(-0.0026499999999999987,0,0.004589934640057526));
#843=DIRECTION('',(-0.7071067811865477,0,-0.7071067811865474));
#844=VECTOR('',#843,0.0027434818780867226);
#845=LINE('',#842,#844);
#846=EDGE_CURVE('',#75,#91,#845,.T.);
#847=CARTESIAN_POINT('',(-0.004589934640057526,0,0.0026499999999999996));
#848=DIRECTION('',(0.3314135740355934,0.9238795325112861,-0.1913417161825451));
#849=VECTOR('',#848,0.0006122934917841441);
#850=LINE('',#847,#849);
#851=EDGE_CURVE('',#91,#93,#850,.T.);
#852=CARTESIAN_POINT('',(-0.004387012265586609,0.000565685424949238,0.0025328427124746184));
#853=DIRECTION('',(0.7071067811865477,0,0.7071067811865474));
#854=VECTOR('',#853,0.002622191728950239);
#855=LINE('',#852,#854);
#856=EDGE_CURVE('',#93,#77,#855,.T.);
#857=CARTESIAN_POINT('',(-0.0025328427124746175,0.000565685424949238,0.004387012265586609));
#858=DIRECTION('',(-0.1913417161825451,-0.9238795325112861,0.3314135740355934));
#859=VECTOR('',#858,0.0006122934917841441);
#860=LINE('',#857,#859);
#861=EDGE_CURVE('',#77,#75,#860,.T.);
#862=CARTESIAN_POINT('',(-0.0025328427124746175,0.000565685424949238,0.004387012265586609));
#863=DIRECTION('',(-0.7071067811865477,0,-0.7071067811865474));
#864=VECTOR('',#863,0.002622191728950239);
#865=LINE('',#862,#864);
#866=EDGE_CURVE('',#77,#93,#865,.T.);
#867=CARTESIAN_POINT('',(-0.004387012265586609,0.000565685424949238,0.0025328427124746184));
#868=DIRECTION('',(0.8001031451912652,0.38268343236509006,-0.4619397662556436));
#869=VECTOR('',#868,0.0006122934917841432);
#870=LINE('',#867,#869);
#871=EDGE_CURVE('',#93,#95,#870,.T.);
#872=CARTESIAN_POINT('',(-0.003897114317029974,0.0008,0.0022499999999999994));
#873=DIRECTION('',(0.7071067811865477,0,0.7071067811865475));
#874=VECTOR('',#873,0.002329371405922688);
#875=LINE('',#872,#874);
#876=EDGE_CURVE('',#95,#79,#875,.T.);
#877=CARTESIAN_POINT('',(-0.002249999999999999,0.0008,0.003897114317029974));
#878=DIRECTION('',(-0.4619397662556431,-0.3826834323650902,0.8001031451912656));
#879=VECTOR('',#878,0.000612293491784143);
#880=LINE('',#877,#879);
#881=EDGE_CURVE('',#79,#77,#880,.T.);
#882=CARTESIAN_POINT('',(-0.002249999999999999,0.0008,0.003897114317029974));
#883=DIRECTION('',(-0.7071067811865477,0,-0.7071067811865475));
#884=VECTOR('',#883,0.002329371405922688);
#885=LINE('',#882,#884);
#886=EDGE_CURVE('',#79,#95,#885,.T.);
#887=CARTESIAN_POINT('',(-0.003897114317029974,0.0008,0.0022499999999999994));
#888=DIRECTION('',(0.8001031451912656,-0.3826834323650899,-0.46193976625564337));
#889=VECTOR('',#888,0.0006122934917841435);
#890=LINE('',#887,#889);
#891=EDGE_CURVE('',#95,#97,#890,.T.);
#892=CARTESIAN_POINT('',(-0.0034072163684733385,0.000565685424949238,0.0019671572875253804));
#893=DIRECTION('',(0.7071067811865477,0,0.7071067811865475));
#894=VECTOR('',#893,0.002036551082895137);
#895=LINE('',#892,#894);
#896=EDGE_CURVE('',#97,#81,#895,.T.);
#897=CARTESIAN_POINT('',(-0.00196715728752538,0.000565685424949238,0.0034072163684733385));
#898=DIRECTION('',(-0.46193976625564337,0.3826834323650899,0.8001031451912656));
#899=VECTOR('',#898,0.0006122934917841435);
#900=LINE('',#897,#899);
#901=EDGE_CURVE('',#81,#79,#900,.T.);
#902=CARTESIAN_POINT('',(-0.00196715728752538,0.000565685424949238,0.0034072163684733385));
#903=DIRECTION('',(-0.7071067811865477,0,-0.7071067811865475));
#904=VECTOR('',#903,0.002036551082895137);
#905=LINE('',#902,#904);
#906=EDGE_CURVE('',#81,#97,#905,.T.);
#907=CARTESIAN_POINT('',(-0.0034072163684733385,0.000565685424949238,0.0019671572875253804));
#908=DIRECTION('',(0.33141357403559224,-0.9238795325112867,-0.19134171618254459));
#909=VECTOR('',#908,0.0006122934917841435);
#910=LINE('',#907,#909);
#911=EDGE_CURVE('',#97,#99,#910,.T.);
#912=CARTESIAN_POINT('',(-0.003204293994002423,9.797174393178826e-20,0.0018499999999999996));
#913=DIRECTION('',(0.7071067811865477,0,0.7071067811865474));
#914=VECTOR('',#913,0.0019152609337586544);
#915=LINE('',#912,#914);
#916=EDGE_CURVE('',#99,#83,#915,.T.);
#917=CARTESIAN_POINT('',(-0.001849999999999999,9.797174393178826e-20,0.003204293994002423));
#918=DIRECTION('',(-0.1913417161825449,0.9238795325112865,0.3314135740355922));
#919=VECTOR('',#918,0.0006122934917841437);
#920=LINE('',#917,#919);
#921=EDGE_CURVE('',#83,#81,#920,.T.);
#922=CARTESIAN_POINT('',(-0.001849999999999999,9.797174393178826e-20,0.003204293994002423));
#923=DIRECTION('',(-0.7071067811865477,0,-0.7071067811865474));
#924=VECTOR('',#923,0.0019152609337586544);
#925=LINE('',#922,#924);
#926=EDGE_CURVE('',#83,#99,#925,.T.);
#927=CARTESIAN_POINT('',(-0.003204293994002423,9.797174393178826e-20,0.0018499999999999996));
#928=DIRECTION('',(-0.33141357403559213,-0.9238795325112867,0.1913417161825445));
#929=VECTOR('',#928,0.0006122934917841438);
#930=LINE('',#927,#929);
#931=EDGE_CURVE('',#99,#101,#930,.T.);
#932=CARTESIAN_POINT('',(-0.0034072163684733385,-0.000565685424949238,0.0019671572875253804));
#933=DIRECTION('',(0.7071067811865477,0,0.7071067811865475));
#934=VECTOR('',#933,0.002036551082895137);
#935=LINE('',#932,#934);
#936=EDGE_CURVE('',#101,#85,#935,.T.);
#937=CARTESIAN_POINT('',(-0.00196715728752538,-0.000565685424949238,0.0034072163684733385));
#938=DIRECTION('',(0.19134171618254486,0.9238795325112867,-0.33141357403559213));
#939=VECTOR('',#938,0.0006122934917841438);
#940=LINE('',#937,#939);
#941=EDGE_CURVE('',#85,#83,#940,.T.);
#942=CARTESIAN_POINT('',(-0.00196715728752538,-0.000565685424949238,0.0034072163684733385));
#943=DIRECTION('',(-0.7071067811865477,0,-0.7071067811865475));
#944=VECTOR('',#943,0.002036551082895137);
#945=LINE('',#942,#944);
#946=EDGE_CURVE('',#85,#101,#945,.T.);
#947=CARTESIAN_POINT('',(-0.0034072163684733385,-0.000565685424949238,0.0019671572875253804));
#948=DIRECTION('',(-0.8001031451912656,-0.3826834323650899,0.46193976625564337));
#949=VECTOR('',#948,0.0006122934917841435);
#950=LINE('',#947,#949);
#951=EDGE_CURVE('',#101,#103,#950,.T.);
#952=CARTESIAN_POINT('',(-0.003897114317029974,-0.0008,0.0022499999999999994));
#953=DIRECTION('',(0.7071067811865477,0,0.7071067811865475));
#954=VECTOR('',#953,0.002329371405922688);
#955=LINE('',#952,#954);
#956=EDGE_CURVE('',#103,#87,#955,.T.);
#957=CARTESIAN_POINT('',(-0.002249999999999999,-0.0008,0.003897114317029974));
#958=DIRECTION('',(0.46193976625564337,0.3826834323650899,-0.8001031451912656));
#959=VECTOR('',#958,0.0006122934917841435);
#960=LINE('',#957,#959);
#961=EDGE_CURVE('',#87,#85,#960,.T.);
#962=CARTESIAN_POINT('',(-0.002249999999999999,-0.0008,0.003897114317029974));
#963=DIRECTION('',(-0.7071067811865477,0,-0.7071067811865475));
#964=VECTOR('',#963,0.002329371405922688);
#965=LINE('',#962,#964);
#966=EDGE_CURVE('',#87,#103,#965,.T.);
#967=CARTESIAN_POINT('',(-0.003897114317029974,-0.0008,0.0022499999999999994));
#968=DIRECTION('',(-0.8001031451912652,0.3826834323650899,0.4619397662556436));
#969=VECTOR('',#968,0.0006122934917841432);
#970=LINE('',#967,#969);
#971=EDGE_CURVE('',#103,#105,#970,.T.);
#972=CARTESIAN_POINT('',(-0.004387012265586609,-0.0005656854249492381,0.0025328427124746184));
#973=DIRECTION('',(0.7071067811865477,0,0.7071067811865474));
#974=VECTOR('',#973,0.002622191728950239);
#975=LINE('',#972,#974);
#976=EDGE_CURVE('',#105,#89,#975,.T.);
#977=CARTESIAN_POINT('',(-0.0025328427124746175,-0.0005656854249492381,0.004387012265586609));
#978=DIRECTION('',(0.4619397662556431,-0.38268343236509,-0.8001031451912656));
#979=VECTOR('',#978,0.000612293491784143);
#980=LINE('',#977,#979);
#981=EDGE_CURVE('',#89,#87,#980,.T.);
#982=CARTESIAN_POINT('',(-0.0025328427124746175,-0.0005656854249492381,0.004387012265586609));
#983=DIRECTION('',(-0.7071067811865477,0,-0.7071067811865474));
#984=VECTOR('',#983,0.002622191728950239);
#985=LINE('',#982,#984);
#986=EDGE_CURVE('',#89,#105,#985,.T.);
#987=CARTESIAN_POINT('',(-0.004387012265586609,-0.0005656854249492381,0.0025328427124746184));
#988=DIRECTION('',(-0.33141357403559335,0.9238795325112861,0.19134171618254509));
#989=VECTOR('',#988,0.0006122934917841442);
#990=LINE('',#987,#989);
#991=EDGE_CURVE('',#105,#91,#990,.T.);
#992=CARTESIAN_POINT('',(-0.004589934640057526,0,0.0026499999999999996));
#993=DIRECTION('',(0.7071067811865477,0,0.7071067811865474));
#994=VECTOR('',#993,0.0027434818780867226);
#995=LINE('',#992,#994);
#996=EDGE_CURVE('',#91,#75,#995,.T.);
#997=CARTESIAN_POINT('',(-0.0026499999999999987,0,0.004589934640057526));
#998=DIRECTION('',(0.19134171618254509,-0.9238795325112861,-0.33141357403559335));
#999=VECTOR('',#998,0.0006122934917841442);
#1000=LINE('',#997,#999);
#1001=EDGE_CURVE('',#75,#89,#1000,.T.);
#1002=CARTESIAN_POINT('',(-0.004589934640057526,0,0.0026499999999999996));
#1003=DIRECTION('',(-0.2588190451025206,0,-0.9659258262890683));
#1004=VECTOR('',#1003,0.002743481878086719);
#1005=LINE('',#1002,#1004);
#1006=EDGE_CURVE('',#91,#107,#1005,.T.);
#1007=CARTESIAN_POINT('',(-0.0053,0,6.490628035480972e-19));
#1008=DIRECTION('',(0.38268343236509045,0.9238795325112866,-4.6865204053263004e-17));
#1009=VECTOR('',#1008,0.0006122934917841438);
#1010=LINE('',#1007,#1009);
#1011=EDGE_CURVE('',#107,#109,#1010,.T.);
#1012=CARTESIAN_POINT('',(-0.005065685424949238,0.000565685424949238,6.203675441151484e-19));
#1013=DIRECTION('',(0.25881904510252085,0,0.9659258262890682));
#1014=VECTOR('',#1013,0.002622191728950237);
#1015=LINE('',#1012,#1014);
#1016=EDGE_CURVE('',#109,#93,#1015,.T.);
#1017=CARTESIAN_POINT('',(-0.004387012265586609,0.000565685424949238,0.0025328427124746184));
#1018=DIRECTION('',(-0.3314135740355934,-0.9238795325112861,0.1913417161825451));
#1019=VECTOR('',#1018,0.0006122934917841441);
#1020=LINE('',#1017,#1019);
#1021=EDGE_CURVE('',#93,#91,#1020,.T.);
#1022=CARTESIAN_POINT('',(-0.004387012265586609,0.000565685424949238,0.0025328427124746184));
#1023=DIRECTION('',(-0.25881904510252085,0,-0.9659258262890682));
#1024=VECTOR('',#1023,0.002622191728950237);
#1025=LINE('',#1022,#1024);
#1026=EDGE_CURVE('',#93,#109,#1025,.T.);
#1027=CARTESIAN_POINT('',(-0.005065685424949238,0.000565685424949238,6.203675441151484e-19));
#1028=DIRECTION('',(0.9238795325112867,0.3826834323650899,-1.131426112287701e-16));
#1029=VECTOR('',#1028,0.0006122934917841435);
#1030=LINE('',#1027,#1029);
#1031=EDGE_CURVE('',#109,#111,#1030,.T.);
#1032=CARTESIAN_POINT('',(-0.0045,0.0008,5.510910596163089e-19));
#1033=DIRECTION('',(0.25881904510252074,0,0.9659258262890684));
#1034=VECTOR('',#1033,0.0023293714059226854);
#1035=LINE('',#1032,#1034);
#1036=EDGE_CURVE('',#111,#95,#1035,.T.);
#1037=CARTESIAN_POINT('',(-0.003897114317029974,0.0008,0.0022499999999999994));
#1038=DIRECTION('',(-0.8001031451912652,-0.38268343236509006,0.4619397662556436));
#1039=VECTOR('',#1038,0.0006122934917841432);
#1040=LINE('',#1037,#1039);
#1041=EDGE_CURVE('',#95,#93,#1040,.T.);
#1042=CARTESIAN_POINT('',(-0.003897114317029974,0.0008,0.0022499999999999994));
#1043=DIRECTION('',(-0.25881904510252074,0,-0.9659258262890684));
#1044=VECTOR('',#1043,0.0023293714059226854);
#1045=LINE('',#1042,#1044);
#1046=EDGE_CURVE('',#95,#111,#1045,.T.);
#1047=CARTESIAN_POINT('',(-0.0045,0.0008,5.510910596163089e-19));
#1048=DIRECTION('',(0.9238795325112867,-0.3826834323650899,-1.1314261122876995e-16));
#1049=VECTOR('',#1048,0.0006122934917841435);
#1050=LINE('',#1047,#1049);
#1051=EDGE_CURVE('',#111,#113,#1050,.T.);
#1052=CARTESIAN_POINT('',(-0.003934314575050762,0.000565685424949238,4.818145751174695e-19));
#1053=DIRECTION('',(0.2588190451025207,0,0.9659258262890683));
#1054=VECTOR('',#1053,0.002036551082895135);
#1055=LINE('',#1052,#1054);
#1056=EDGE_CURVE('',#113,#97,#1055,.T.);
#1057=CARTESIAN_POINT('',(-0.0034072163684733385,0.000565685424949238,0.0019671572875253804));
#1058=DIRECTION('',(-0.8001031451912656,0.3826834323650899,0.46193976625564337));
#1059=VECTOR('',#1058,0.0006122934917841435);
#1060=LINE('',#1057,#1059);
#1061=EDGE_CURVE('',#97,#95,#1060,.T.);
#1062=CARTESIAN_POINT('',(-0.0034072163684733385,0.000565685424949238,0.0019671572875253804));
#1063=DIRECTION('',(-0.2588190451025207,0,-0.9659258262890683));
#1064=VECTOR('',#1063,0.002036551082895135);
#1065=LINE('',#1062,#1064);
#1066=EDGE_CURVE('',#97,#113,#1065,.T.);
#1067=CARTESIAN_POINT('',(-0.003934314575050762,0.000565685424949238,4.818145751174695e-19));
#1068=DIRECTION('',(0.3826834323650899,-0.9238795325112867,-4.686520405326302e-17));
#1069=VECTOR('',#1068,0.0006122934917841435);
#1070=LINE('',#1067,#1069);
#1071=EDGE_CURVE('',#113,#115,#1070,.T.);
#1072=CARTESIAN_POINT('',(-0.0036999999999999997,9.797174393178826e-20,4.531193156845207e-19));
#1073=DIRECTION('',(0.2588190451025208,0,0.9659258262890683));
#1074=VECTOR('',#1073,0.0019152609337586529);
#1075=LINE('',#1072,#1074);
#1076=EDGE_CURVE('',#115,#99,#1075,.T.);
#1077=CARTESIAN_POINT('',(-0.003204293994002423,9.797174393178826e-20,0.0018499999999999996));
#1078=DIRECTION('',(-0.33141357403559224,0.9238795325112867,0.19134171618254459));
#1079=VECTOR('',#1078,0.0006122934917841435);
#1080=LINE('',#1077,#1079);
#1081=EDGE_CURVE('',#99,#97,#1080,.T.);
#1082=CARTESIAN_POINT('',(-0.003204293994002423,9.797174393178826e-20,0.0018499999999999996));
#1083=DIRECTION('',(-0.2588190451025208,0,-0.9659258262890683));
#1084=VECTOR('',#1083,0.0019152609337586529);
#1085=LINE('',#1082,#1084);
#1086=EDGE_CURVE('',#99,#115,#1085,.T.);
#1087=CARTESIAN_POINT('',(-0.0036999999999999997,9.797174393178826e-20,4.531193156845207e-19));
#1088=DIRECTION('',(-0.3826834323650897,-0.9238795325112867,4.6865204053263004e-17));
#1089=VECTOR('',#1088,0.0006122934917841438);
#1090=LINE('',#1087,#1089);
#1091=EDGE_CURVE('',#115,#117,#1090,.T.);
#1092=CARTESIAN_POINT('',(-0.003934314575050762,-0.000565685424949238,4.818145751174695e-19));
#1093=DIRECTION('',(0.2588190451025207,0,0.9659258262890683));
#1094=VECTOR('',#1093,0.002036551082895135);
#1095=LINE('',#1092,#1094);
#1096=EDGE_CURVE('',#117,#101,#1095,.T.);
#1097=CARTESIAN_POINT('',(-0.0034072163684733385,-0.000565685424949238,0.0019671572875253804));
#1098=DIRECTION('',(0.33141357403559213,0.9238795325112867,-0.1913417161825445));
#1099=VECTOR('',#1098,0.0006122934917841438);
#1100=LINE('',#1097,#1099);
#1101=EDGE_CURVE('',#101,#99,#1100,.T.);
#1102=CARTESIAN_POINT('',(-0.0034072163684733385,-0.000565685424949238,0.0019671572875253804));
#1103=DIRECTION('',(-0.2588190451025207,0,-0.9659258262890683));
#1104=VECTOR('',#1103,0.002036551082895135);
#1105=LINE('',#1102,#1104);
#1106=EDGE_CURVE('',#101,#117,#1105,.T.);
#1107=CARTESIAN_POINT('',(-0.003934314575050762,-0.000565685424949238,4.818145751174695e-19));
#1108=DIRECTION('',(-0.9238795325112867,-0.3826834323650899,1.1314261122876995e-16));
#1109=VECTOR('',#1108,0.0006122934917841435);
#1110=LINE('',#1107,#1109);
#1111=EDGE_CURVE('',#117,#119,#1110,.T.);
#1112=CARTESIAN_POINT('',(-0.0045,-0.0008,5.510910596163089e-19));
#1113=DIRECTION('',(0.25881904510252074,0,0.9659258262890684));
#1114=VECTOR('',#1113,0.0023293714059226854);
#1115=LINE('',#1112,#1114);
#1116=EDGE_CURVE('',#119,#103,#1115,.T.);
#1117=CARTESIAN_POINT('',(-0.003897114317029974,-0.0008,0.0022499999999999994));
#1118=DIRECTION('',(0.8001031451912656,0.3826834323650899,-0.46193976625564337));
#1119=VECTOR('',#1118,0.0006122934917841435);
#1120=LINE('',#1117,#1119);
#1121=EDGE_CURVE('',#103,#101,#1120,.T.);
#1122=CARTESIAN_POINT('',(-0.003897114317029974,-0.0008,0.0022499999999999994));
#1123=DIRECTION('',(-0.25881904510252074,0,-0.9659258262890684));
#1124=VECTOR('',#1123,0.0023293714059226854);
#1125=LINE('',#1122,#1124);
#1126=EDGE_CURVE('',#103,#119,#1125,.T.);
#1127=CARTESIAN_POINT('',(-0.0045,-0.0008,5.510910596163089e-19));
#1128=DIRECTION('',(-0.9238795325112867,0.38268343236508967,1.131426112287701e-16));
#1129=VECTOR('',#1128,0.0006122934917841435);
#1130=LINE('',#1127,#1129);
#1131=EDGE_CURVE('',#119,#121,#1130,.T.);
#1132=CARTESIAN_POINT('',(-0.005065685424949238,-0.0005656854249492381,6.203675441151484e-19));
#1133=DIRECTION('',(0.25881904510252085,0,0.9659258262890682));
#1134=VECTOR('',#1133,0.002622191728950237);
#1135=LINE('',#1132,#1134);
#1136=EDGE_CURVE('',#121,#105,#1135,.T.);
#1137=CARTESIAN_POINT('',(-0.004387012265586609,-0.0005656854249492381,0.0025328427124746184));
#1138=DIRECTION('',(0.8001031451912652,-0.3826834323650899,-0.4619397662556436));
#1139=VECTOR('',#1138,0.0006122934917841432);
#1140=LINE('',#1137,#1139);
#1141=EDGE_CURVE('',#105,#103,#1140,.T.);
#1142=CARTESIAN_POINT('',(-0.004387012265586609,-0.0005656854249492381,0.0025328427124746184));
#1143=DIRECTION('',(-0.25881904510252085,0,-0.9659258262890682));
#1144=VECTOR('',#1143,0.002622191728950237);
#1145=LINE('',#1142,#1144);
#1146=EDGE_CURVE('',#105,#121,#1145,.T.);
#1147=CARTESIAN_POINT('',(-0.005065685424949238,-0.0005656854249492381,6.203675441151484e-19));
#1148=DIRECTION('',(-0.3826834323650904,0.9238795325112866,4.6865204053263e-17));
#1149=VECTOR('',#1148,0.0006122934917841439);
#1150=LINE('',#1147,#1149);
#1151=EDGE_CURVE('',#121,#107,#1150,.T.);
#1152=CARTESIAN_POINT('',(-0.0053,0,6.490628035480972e-19));
#1153=DIRECTION('',(0.2588190451025206,0,0.9659258262890683));
#1154=VECTOR('',#1153,0.002743481878086719);
#1155=LINE('',#1152,#1154);
#1156=EDGE_CURVE('',#107,#91,#1155,.T.);
#1157=CARTESIAN_POINT('',(-0.004589934640057526,0,0.0026499999999999996));
#1158=DIRECTION('',(0.33141357403559335,-0.9238795325112861,-0.19134171618254509));
#1159=VECTOR('',#1158,0.0006122934917841442);
#1160=LINE('',#1157,#1159);
#1161=EDGE_CURVE('',#91,#105,#1160,.T.);
#1162=CARTESIAN_POINT('',(-0.0053,0,6.490628035480972e-19));
#1163=DIRECTION('',(0.25881904510252074,0,-0.9659258262890683));
#1164=VECTOR('',#1163,0.002743481878086721);
#1165=LINE('',#1162,#1164);
#1166=EDGE_CURVE('',#107,#123,#1165,.T.);
#1167=CARTESIAN_POINT('',(-0.004589934640057525,0,-0.0026500000000000004));
#1168=DIRECTION('',(0.33141357403559213,0.9238795325112866,0.19134171618254522));
#1169=VECTOR('',#1168,0.0006122934917841438);
#1170=LINE('',#1167,#1169);
#1171=EDGE_CURVE('',#123,#125,#1170,.T.);
#1172=CARTESIAN_POINT('',(-0.004387012265586609,0.000565685424949238,-0.0025328427124746192));
#1173=DIRECTION('',(-0.2588190451025207,0,0.9659258262890684));
#1174=VECTOR('',#1173,0.002622191728950238);
#1175=LINE('',#1172,#1174);
#1176=EDGE_CURVE('',#125,#109,#1175,.T.);
#1177=CARTESIAN_POINT('',(-0.005065685424949238,0.000565685424949238,6.203675441151484e-19));
#1178=DIRECTION('',(-0.38268343236509045,-0.9238795325112866,4.6865204053263004e-17));
#1179=VECTOR('',#1178,0.0006122934917841438);
#1180=LINE('',#1177,#1179);
#1181=EDGE_CURVE('',#109,#107,#1180,.T.);
#1182=CARTESIAN_POINT('',(-0.005065685424949238,0.000565685424949238,6.203675441151484e-19));
#1183=DIRECTION('',(0.2588190451025207,0,-0.9659258262890684));
#1184=VECTOR('',#1183,0.002622191728950238);
#1185=LINE('',#1182,#1184);
#1186=EDGE_CURVE('',#109,#125,#1185,.T.);
#1187=CARTESIAN_POINT('',(-0.004387012265586609,0.000565685424949238,-0.0025328427124746192));
#1188=DIRECTION('',(0.8001031451912656,0.3826834323650899,0.46193976625564337));
#1189=VECTOR('',#1188,0.0006122934917841435);
#1190=LINE('',#1187,#1189);
#1191=EDGE_CURVE('',#125,#127,#1190,.T.);
#1192=CARTESIAN_POINT('',(-0.0038971143170299736,0.0008,-0.0022500000000000003));
#1193=DIRECTION('',(-0.2588190451025207,0,0.9659258262890683));
#1194=VECTOR('',#1193,0.0023293714059226876);
#1195=LINE('',#1192,#1194);
#1196=EDGE_CURVE('',#127,#111,#1195,.T.);
#1197=CARTESIAN_POINT('',(-0.0045,0.0008,5.510910596163089e-19));
#1198=DIRECTION('',(-0.9238795325112867,-0.3826834323650899,1.131426112287701e-16));
#1199=VECTOR('',#1198,0.0006122934917841435);
#1200=LINE('',#1197,#1199);
#1201=EDGE_CURVE('',#111,#109,#1200,.T.);
#1202=CARTESIAN_POINT('',(-0.0045,0.0008,5.510910596163089e-19));
#1203=DIRECTION('',(0.2588190451025207,0,-0.9659258262890683));
#1204=VECTOR('',#1203,0.0023293714059226876);
#1205=LINE('',#1202,#1204);
#1206=EDGE_CURVE('',#111,#127,#1205,.T.);
#1207=CARTESIAN_POINT('',(-0.0038971143170299736,0.0008,-0.0022500000000000003));
#1208=DIRECTION('',(0.8001031451912656,-0.3826834323650899,0.46193976625564337));
#1209=VECTOR('',#1208,0.0006122934917841435);
#1210=LINE('',#1207,#1209);
#1211=EDGE_CURVE('',#127,#129,#1210,.T.);
#1212=CARTESIAN_POINT('',(-0.003407216368473338,0.000565685424949238,-0.0019671572875253813));
#1213=DIRECTION('',(-0.2588190451025207,0,0.9659258262890683));
#1214=VECTOR('',#1213,0.0020365510828951367);
#1215=LINE('',#1212,#1214);
#1216=EDGE_CURVE('',#129,#113,#1215,.T.);
#1217=CARTESIAN_POINT('',(-0.003934314575050762,0.000565685424949238,4.818145751174695e-19));
#1218=DIRECTION('',(-0.9238795325112867,0.3826834323650899,1.1314261122876995e-16));
#1219=VECTOR('',#1218,0.0006122934917841435);
#1220=LINE('',#1217,#1219);
#1221=EDGE_CURVE('',#113,#111,#1220,.T.);
#1222=CARTESIAN_POINT('',(-0.003934314575050762,0.000565685424949238,4.818145751174695e-19));
#1223=DIRECTION('',(0.2588190451025207,0,-0.9659258262890683));
#1224=VECTOR('',#1223,0.0020365510828951367);
#1225=LINE('',#1222,#1224);
#1226=EDGE_CURVE('',#113,#129,#1225,.T.);
#1227=CARTESIAN_POINT('',(-0.003407216368473338,0.000565685424949238,-0.0019671572875253813));
#1228=DIRECTION('',(0.3314135740355922,-0.9238795325112865,0.1913417161825449));
#1229=VECTOR('',#1228,0.0006122934917841437);
#1230=LINE('',#1227,#1229);
#1231=EDGE_CURVE('',#129,#131,#1230,.T.);
#1232=CARTESIAN_POINT('',(-0.0032042939940024225,9.797174393178826e-20,-0.0018500000000000003));
#1233=DIRECTION('',(-0.2588190451025208,0,0.9659258262890683));
#1234=VECTOR('',#1233,0.0019152609337586544);
#1235=LINE('',#1232,#1234);
#1236=EDGE_CURVE('',#131,#115,#1235,.T.);
#1237=CARTESIAN_POINT('',(-0.0036999999999999997,9.797174393178826e-20,4.531193156845207e-19));
#1238=DIRECTION('',(-0.3826834323650899,0.9238795325112867,4.686520405326302e-17));
#1239=VECTOR('',#1238,0.0006122934917841435);
#1240=LINE('',#1237,#1239);
#1241=EDGE_CURVE('',#115,#113,#1240,.T.);
#1242=CARTESIAN_POINT('',(-0.0036999999999999997,9.797174393178826e-20,4.531193156845207e-19));
#1243=DIRECTION('',(0.2588190451025208,0,-0.9659258262890683));
#1244=VECTOR('',#1243,0.0019152609337586544);
#1245=LINE('',#1242,#1244);
#1246=EDGE_CURVE('',#115,#131,#1245,.T.);
#1247=CARTESIAN_POINT('',(-0.0032042939940024225,9.797174393178826e-20,-0.0018500000000000003));
#1248=DIRECTION('',(-0.33141357403559213,-0.9238795325112867,-0.19134171618254486));
#1249=VECTOR('',#1248,0.0006122934917841438);
#1250=LINE('',#1247,#1249);
#1251=EDGE_CURVE('',#131,#133,#1250,.T.);
#1252=CARTESIAN_POINT('',(-0.003407216368473338,-0.000565685424949238,-0.0019671572875253813));
#1253=DIRECTION('',(-0.2588190451025207,0,0.9659258262890683));
#1254=VECTOR('',#1253,0.0020365510828951367);
#1255=LINE('',#1252,#1254);
#1256=EDGE_CURVE('',#133,#117,#1255,.T.);
#1257=CARTESIAN_POINT('',(-0.003934314575050762,-0.000565685424949238,4.818145751174695e-19));
#1258=DIRECTION('',(0.3826834323650897,0.9238795325112867,-4.6865204053263004e-17));
#1259=VECTOR('',#1258,0.0006122934917841438);
#1260=LINE('',#1257,#1259);
#1261=EDGE_CURVE('',#117,#115,#1260,.T.);
#1262=CARTESIAN_POINT('',(-0.003934314575050762,-0.000565685424949238,4.818145751174695e-19));
#1263=DIRECTION('',(0.2588190451025207,0,-0.9659258262890683));
#1264=VECTOR('',#1263,0.0020365510828951367);
#1265=LINE('',#1262,#1264);
#1266=EDGE_CURVE('',#117,#133,#1265,.T.);
#1267=CARTESIAN_POINT('',(-0.003407216368473338,-0.000565685424949238,-0.0019671572875253813));
#1268=DIRECTION('',(-0.8001031451912656,-0.3826834323650899,-0.46193976625564337));
#1269=VECTOR('',#1268,0.0006122934917841435);
#1270=LINE('',#1267,#1269);
#1271=EDGE_CURVE('',#133,#135,#1270,.T.);
#1272=CARTESIAN_POINT('',(-0.0038971143170299736,-0.0008,-0.0022500000000000003));
#1273=DIRECTION('',(-0.2588190451025207,0,0.9659258262890683));
#1274=VECTOR('',#1273,0.0023293714059226876);
#1275=LINE('',#1272,#1274);
#1276=EDGE_CURVE('',#135,#119,#1275,.T.);
#1277=CARTESIAN_POINT('',(-0.0045,-0.0008,5.510910596163089e-19));
#1278=DIRECTION('',(0.9238795325112867,0.3826834323650899,-1.1314261122876995e-16));
#1279=VECTOR('',#1278,0.0006122934917841435);
#1280=LINE('',#1277,#1279);
#1281=EDGE_CURVE('',#119,#117,#1280,.T.);
#1282=CARTESIAN_POINT('',(-0.0045,-0.0008,5.510910596163089e-19));
#1283=DIRECTION('',(0.2588190451025207,0,-0.9659258262890683));
#1284=VECTOR('',#1283,0.0023293714059226876);
#1285=LINE('',#1282,#1284);
#1286=EDGE_CURVE('',#119,#135,#1285,.T.);
#1287=CARTESIAN_POINT('',(-0.0038971143170299736,-0.0008,-0.0022500000000000003));
#1288=DIRECTION('',(-0.8001031451912656,0.38268343236508967,-0.46193976625564337));
#1289=VECTOR('',#1288,0.0006122934917841435);
#1290=LINE('',#1287,#1289);
#1291=EDGE_CURVE('',#135,#137,#1290,.T.);
#1292=CARTESIAN_POINT('',(-0.004387012265586609,-0.0005656854249492381,-0.0025328427124746192));
#1293=DIRECTION('',(-0.2588190451025207,0,0.9659258262890684));
#1294=VECTOR('',#1293,0.002622191728950238);
#1295=LINE('',#1292,#1294);
#1296=EDGE_CURVE('',#137,#121,#1295,.T.);
#1297=CARTESIAN_POINT('',(-0.005065685424949238,-0.0005656854249492381,6.203675441151484e-19));
#1298=DIRECTION('',(0.9238795325112867,-0.38268343236508967,-1.131426112287701e-16));
#1299=VECTOR('',#1298,0.0006122934917841435);
#1300=LINE('',#1297,#1299);
#1301=EDGE_CURVE('',#121,#119,#1300,.T.);
#1302=CARTESIAN_POINT('',(-0.005065685424949238,-0.0005656854249492381,6.203675441151484e-19));
#1303=DIRECTION('',(0.2588190451025207,0,-0.9659258262890684));
#1304=VECTOR('',#1303,0.002622191728950238);
#1305=LINE('',#1302,#1304);
#1306=EDGE_CURVE('',#121,#137,#1305,.T.);
#1307=CARTESIAN_POINT('',(-0.004387012265586609,-0.0005656854249492381,-0.0025328427124746192));
#1308=DIRECTION('',(-0.3314135740355921,0.9238795325112866,-0.1913417161825452));
#1309=VECTOR('',#1308,0.0006122934917841439);
#1310=LINE('',#1307,#1309);
#1311=EDGE_CURVE('',#137,#123,#1310,.T.);
#1312=CARTESIAN_POINT('',(-0.004589934640057525,0,-0.0026500000000000004));
#1313=DIRECTION('',(-0.25881904510252074,0,0.9659258262890683));
#1314=VECTOR('',#1313,0.002743481878086721);
#1315=LINE('',#1312,#1314);
#1316=EDGE_CURVE('',#123,#107,#1315,.T.);
#1317=CARTESIAN_POINT('',(-0.0053,0,6.490628035480972e-19));
#1318=DIRECTION('',(0.3826834323650904,-0.9238795325112866,-4.6865204053263e-17));
#1319=VECTOR('',#1318,0.0006122934917841439);
#1320=LINE('',#1317,#1319);
#1321=EDGE_CURVE('',#107,#121,#1320,.T.);
#1322=CARTESIAN_POINT('',(-0.004589934640057525,0,-0.0026500000000000004));
#1323=DIRECTION('',(0.7071067811865475,0,-0.7071067811865475));
#1324=VECTOR('',#1323,0.002743481878086717);
#1325=LINE('',#1322,#1324);
#1326=EDGE_CURVE('',#123,#139,#1325,.T.);
#1327=CARTESIAN_POINT('',(-0.002650000000000002,0,-0.004589934640057523));
#1328=DIRECTION('',(0.19134171618254522,0.9238795325112866,0.33141357403559213));
#1329=VECTOR('',#1328,0.0006122934917841438);
#1330=LINE('',#1327,#1329);
#1331=EDGE_CURVE('',#139,#141,#1330,.T.);
#1332=CARTESIAN_POINT('',(-0.002532842712474621,0.000565685424949238,-0.004387012265586607));
#1333=DIRECTION('',(-0.7071067811865476,0,0.7071067811865476));
#1334=VECTOR('',#1333,0.0026221917289502342);
#1335=LINE('',#1332,#1334);
#1336=EDGE_CURVE('',#141,#125,#1335,.T.);
#1337=CARTESIAN_POINT('',(-0.004387012265586609,0.000565685424949238,-0.0025328427124746192));
#1338=DIRECTION('',(-0.33141357403559213,-0.9238795325112866,-0.19134171618254522));
#1339=VECTOR('',#1338,0.0006122934917841438);
#1340=LINE('',#1337,#1339);
#1341=EDGE_CURVE('',#125,#123,#1340,.T.);
#1342=CARTESIAN_POINT('',(-0.004387012265586609,0.000565685424949238,-0.0025328427124746192));
#1343=DIRECTION('',(0.7071067811865476,0,-0.7071067811865476));
#1344=VECTOR('',#1343,0.0026221917289502342);
#1345=LINE('',#1342,#1344);
#1346=EDGE_CURVE('',#125,#141,#1345,.T.);
#1347=CARTESIAN_POINT('',(-0.002532842712474621,0.000565685424949238,-0.004387012265586607));
#1348=DIRECTION('',(0.4619397662556436,0.38268343236509006,0.8001031451912652));
#1349=VECTOR('',#1348,0.0006122934917841432);
#1350=LINE('',#1347,#1349);
#1351=EDGE_CURVE('',#141,#143,#1350,.T.);
#1352=CARTESIAN_POINT('',(-0.002250000000000002,0.0008,-0.0038971143170299723));
#1353=DIRECTION('',(-0.7071067811865475,0,0.7071067811865477));
#1354=VECTOR('',#1353,0.0023293714059226837);
#1355=LINE('',#1352,#1354);
#1356=EDGE_CURVE('',#143,#127,#1355,.T.);
#1357=CARTESIAN_POINT('',(-0.0038971143170299736,0.0008,-0.0022500000000000003));
#1358=DIRECTION('',(-0.8001031451912656,-0.3826834323650899,-0.46193976625564337));
#1359=VECTOR('',#1358,0.0006122934917841435);
#1360=LINE('',#1357,#1359);
#1361=EDGE_CURVE('',#127,#125,#1360,.T.);
#1362=CARTESIAN_POINT('',(-0.0038971143170299736,0.0008,-0.0022500000000000003));
#1363=DIRECTION('',(0.7071067811865475,0,-0.7071067811865477));
#1364=VECTOR('',#1363,0.0023293714059226837);
#1365=LINE('',#1362,#1364);
#1366=EDGE_CURVE('',#127,#143,#1365,.T.);
#1367=CARTESIAN_POINT('',(-0.002250000000000002,0.0008,-0.0038971143170299723));
#1368=DIRECTION('',(0.46193976625564415,-0.38268343236508995,0.800103145191265));
#1369=VECTOR('',#1368,0.0006122934917841434);
#1370=LINE('',#1367,#1369);
#1371=EDGE_CURVE('',#143,#145,#1370,.T.);
#1372=CARTESIAN_POINT('',(-0.0019671572875253826,0.000565685424949238,-0.003407216368473337));
#1373=DIRECTION('',(-0.7071067811865474,0,0.7071067811865476));
#1374=VECTOR('',#1373,0.0020365510828951336);
#1375=LINE('',#1372,#1374);
#1376=EDGE_CURVE('',#145,#129,#1375,.T.);
#1377=CARTESIAN_POINT('',(-0.003407216368473338,0.000565685424949238,-0.0019671572875253813));
#1378=DIRECTION('',(-0.8001031451912656,0.3826834323650899,-0.46193976625564337));
#1379=VECTOR('',#1378,0.0006122934917841435);
#1380=LINE('',#1377,#1379);
#1381=EDGE_CURVE('',#129,#127,#1380,.T.);
#1382=CARTESIAN_POINT('',(-0.003407216368473338,0.000565685424949238,-0.0019671572875253813));
#1383=DIRECTION('',(0.7071067811865474,0,-0.7071067811865476));
#1384=VECTOR('',#1383,0.0020365510828951336);
#1385=LINE('',#1382,#1384);
#1386=EDGE_CURVE('',#129,#145,#1385,.T.);
#1387=CARTESIAN_POINT('',(-0.0019671572875253826,0.000565685424949238,-0.003407216368473337));
#1388=DIRECTION('',(0.1913417161825449,-0.9238795325112865,0.3314135740355922));
#1389=VECTOR('',#1388,0.0006122934917841437);
#1390=LINE('',#1387,#1389);
#1391=EDGE_CURVE('',#145,#147,#1390,.T.);
#1392=CARTESIAN_POINT('',(-0.0018500000000000016,9.797174393178826e-20,-0.0032042939940024216));
#1393=DIRECTION('',(-0.7071067811865475,0,0.7071067811865477));
#1394=VECTOR('',#1393,0.001915260933758651);
#1395=LINE('',#1392,#1394);
#1396=EDGE_CURVE('',#147,#131,#1395,.T.);
#1397=CARTESIAN_POINT('',(-0.0032042939940024225,9.797174393178826e-20,-0.0018500000000000003));
#1398=DIRECTION('',(-0.3314135740355922,0.9238795325112865,-0.1913417161825449));
#1399=VECTOR('',#1398,0.0006122934917841437);
#1400=LINE('',#1397,#1399);
#1401=EDGE_CURVE('',#131,#129,#1400,.T.);
#1402=CARTESIAN_POINT('',(-0.0032042939940024225,9.797174393178826e-20,-0.0018500000000000003));
#1403=DIRECTION('',(0.7071067811865475,0,-0.7071067811865477));
#1404=VECTOR('',#1403,0.001915260933758651);
#1405=LINE('',#1402,#1404);
#1406=EDGE_CURVE('',#131,#147,#1405,.T.);
#1407=CARTESIAN_POINT('',(-0.0018500000000000016,9.797174393178826e-20,-0.0032042939940024216));
#1408=DIRECTION('',(-0.19134171618254486,-0.9238795325112867,-0.33141357403559213));
#1409=VECTOR('',#1408,0.0006122934917841438);
#1410=LINE('',#1407,#1409);
#1411=EDGE_CURVE('',#147,#149,#1410,.T.);
#1412=CARTESIAN_POINT('',(-0.0019671572875253826,-0.000565685424949238,-0.003407216368473337));
#1413=DIRECTION('',(-0.7071067811865474,0,0.7071067811865476));
#1414=VECTOR('',#1413,0.0020365510828951336);
#1415=LINE('',#1412,#1414);
#1416=EDGE_CURVE('',#149,#133,#1415,.T.);
#1417=CARTESIAN_POINT('',(-0.003407216368473338,-0.000565685424949238,-0.0019671572875253813));
#1418=DIRECTION('',(0.33141357403559213,0.9238795325112867,0.19134171618254486));
#1419=VECTOR('',#1418,0.0006122934917841438);
#1420=LINE('',#1417,#1419);
#1421=EDGE_CURVE('',#133,#131,#1420,.T.);
#1422=CARTESIAN_POINT('',(-0.003407216368473338,-0.000565685424949238,-0.0019671572875253813));
#1423=DIRECTION('',(0.7071067811865474,0,-0.7071067811865476));
#1424=VECTOR('',#1423,0.0020365510828951336);
#1425=LINE('',#1422,#1424);
#1426=EDGE_CURVE('',#133,#149,#1425,.T.);
#1427=CARTESIAN_POINT('',(-0.0019671572875253826,-0.000565685424949238,-0.003407216368473337));
#1428=DIRECTION('',(-0.46193976625564415,-0.38268343236508995,-0.800103145191265));
#1429=VECTOR('',#1428,0.0006122934917841434);
#1430=LINE('',#1427,#1429);
#1431=EDGE_CURVE('',#149,#151,#1430,.T.);
#1432=CARTESIAN_POINT('',(-0.002250000000000002,-0.0008,-0.0038971143170299723));
#1433=DIRECTION('',(-0.7071067811865475,0,0.7071067811865477));
#1434=VECTOR('',#1433,0.0023293714059226837);
#1435=LINE('',#1432,#1434);
#1436=EDGE_CURVE('',#151,#135,#1435,.T.);
#1437=CARTESIAN_POINT('',(-0.0038971143170299736,-0.0008,-0.0022500000000000003));
#1438=DIRECTION('',(0.8001031451912656,0.3826834323650899,0.46193976625564337));
#1439=VECTOR('',#1438,0.0006122934917841435);
#1440=LINE('',#1437,#1439);
#1441=EDGE_CURVE('',#135,#133,#1440,.T.);
#1442=CARTESIAN_POINT('',(-0.0038971143170299736,-0.0008,-0.0022500000000000003));
#1443=DIRECTION('',(0.7071067811865475,0,-0.7071067811865477));
#1444=VECTOR('',#1443,0.0023293714059226837);
#1445=LINE('',#1442,#1444);
#1446=EDGE_CURVE('',#135,#151,#1445,.T.);
#1447=CARTESIAN_POINT('',(-0.002250000000000002,-0.0008,-0.0038971143170299723));
#1448=DIRECTION('',(-0.4619397662556437,0.38268343236508995,-0.8001031451912655));
#1449=VECTOR('',#1448,0.0006122934917841431);
#1450=LINE('',#1447,#1449);
#1451=EDGE_CURVE('',#151,#153,#1450,.T.);
#1452=CARTESIAN_POINT('',(-0.002532842712474621,-0.0005656854249492381,-0.004387012265586607));
#1453=DIRECTION('',(-0.7071067811865476,0,0.7071067811865476));
#1454=VECTOR('',#1453,0.0026221917289502342);
#1455=LINE('',#1452,#1454);
#1456=EDGE_CURVE('',#153,#137,#1455,.T.);
#1457=CARTESIAN_POINT('',(-0.004387012265586609,-0.0005656854249492381,-0.0025328427124746192));
#1458=DIRECTION('',(0.8001031451912656,-0.38268343236508967,0.46193976625564337));
#1459=VECTOR('',#1458,0.0006122934917841435);
#1460=LINE('',#1457,#1459);
#1461=EDGE_CURVE('',#137,#135,#1460,.T.);
#1462=CARTESIAN_POINT('',(-0.004387012265586609,-0.0005656854249492381,-0.0025328427124746192));
#1463=DIRECTION('',(0.7071067811865476,0,-0.7071067811865476));
#1464=VECTOR('',#1463,0.0026221917289502342);
#1465=LINE('',#1462,#1464);
#1466=EDGE_CURVE('',#137,#153,#1465,.T.);
#1467=CARTESIAN_POINT('',(-0.002532842712474621,-0.0005656854249492381,-0.004387012265586607));
#1468=DIRECTION('',(-0.1913417161825452,0.9238795325112866,-0.3314135740355921));
#1469=VECTOR('',#1468,0.0006122934917841439);
#1470=LINE('',#1467,#1469);
#1471=EDGE_CURVE('',#153,#139,#1470,.T.);
#1472=CARTESIAN_POINT('',(-0.002650000000000002,0,-0.004589934640057523));
#1473=DIRECTION('',(-0.7071067811865475,0,0.7071067811865475));
#1474=VECTOR('',#1473,0.002743481878086717);
#1475=LINE('',#1472,#1474);
#1476=EDGE_CURVE('',#139,#123,#1475,.T.);
#1477=CARTESIAN_POINT('',(-0.004589934640057525,0,-0.0026500000000000004));
#1478=DIRECTION('',(0.3314135740355921,-0.9238795325112866,0.1913417161825452));
#1479=VECTOR('',#1478,0.0006122934917841439);
#1480=LINE('',#1477,#1479);
#1481=EDGE_CURVE('',#123,#137,#1480,.T.);
#1482=CARTESIAN_POINT('',(-0.002650000000000002,0,-0.004589934640057523));
#1483=DIRECTION('',(0.9659258262890682,0,-0.2588190451025213));
#1484=VECTOR('',#1483,0.0027434818780867217);
#1485=LINE('',#1482,#1484);
#1486=EDGE_CURVE('',#139,#155,#1485,.T.);
#1487=CARTESIAN_POINT('',(-9.735942053221457e-19,0,-0.0053));
#1488=DIRECTION('',(7.029780607989451e-17,0.9238795325112866,0.38268343236509045));
#1489=VECTOR('',#1488,0.0006122934917841438);
#1490=LINE('',#1487,#1489);
#1491=EDGE_CURVE('',#155,#157,#1490,.T.);
#1492=CARTESIAN_POINT('',(-9.305513161727225e-19,0.000565685424949238,-0.005065685424949238));
#1493=DIRECTION('',(-0.9659258262890681,0,0.25881904510252124));
#1494=VECTOR('',#1493,0.0026221917289502394);
#1495=LINE('',#1492,#1494);
#1496=EDGE_CURVE('',#157,#141,#1495,.T.);
#1497=CARTESIAN_POINT('',(-0.002532842712474621,0.000565685424949238,-0.004387012265586607));
#1498=DIRECTION('',(-0.19134171618254522,-0.9238795325112866,-0.33141357403559213));
#1499=VECTOR('',#1498,0.0006122934917841438);
#1500=LINE('',#1497,#1499);
#1501=EDGE_CURVE('',#141,#139,#1500,.T.);
#1502=CARTESIAN_POINT('',(-0.002532842712474621,0.000565685424949238,-0.004387012265586607));
#1503=DIRECTION('',(0.9659258262890681,0,-0.25881904510252124));
#1504=VECTOR('',#1503,0.0026221917289502394);
#1505=LINE('',#1502,#1504);
#1506=EDGE_CURVE('',#141,#157,#1505,.T.);
#1507=CARTESIAN_POINT('',(-9.305513161727225e-19,0.000565685424949238,-0.005065685424949238));
#1508=DIRECTION('',(1.69713916843155e-16,0.3826834323650899,0.9238795325112867));
#1509=VECTOR('',#1508,0.0006122934917841435);
#1510=LINE('',#1507,#1509);
#1511=EDGE_CURVE('',#157,#159,#1510,.T.);
#1512=CARTESIAN_POINT('',(-8.266365894244633e-19,0.0008,-0.0045));
#1513=DIRECTION('',(-0.9659258262890681,0,0.25881904510252113));
#1514=VECTOR('',#1513,0.0023293714059226885);
#1515=LINE('',#1512,#1514);
#1516=EDGE_CURVE('',#159,#143,#1515,.T.);
#1517=CARTESIAN_POINT('',(-0.002250000000000002,0.0008,-0.0038971143170299723));
#1518=DIRECTION('',(-0.4619397662556436,-0.38268343236509006,-0.8001031451912652));
#1519=VECTOR('',#1518,0.0006122934917841432);
#1520=LINE('',#1517,#1519);
#1521=EDGE_CURVE('',#143,#141,#1520,.T.);
#1522=CARTESIAN_POINT('',(-0.002250000000000002,0.0008,-0.0038971143170299723));
#1523=DIRECTION('',(0.9659258262890681,0,-0.25881904510252113));
#1524=VECTOR('',#1523,0.0023293714059226885);
#1525=LINE('',#1522,#1524);
#1526=EDGE_CURVE('',#143,#159,#1525,.T.);
#1527=CARTESIAN_POINT('',(-8.266365894244633e-19,0.0008,-0.0045));
#1528=DIRECTION('',(1.69713916843155e-16,-0.3826834323650899,0.9238795325112867));
#1529=VECTOR('',#1528,0.0006122934917841435);
#1530=LINE('',#1527,#1529);
#1531=EDGE_CURVE('',#159,#161,#1530,.T.);
#1532=CARTESIAN_POINT('',(-7.227218626762042e-19,0.000565685424949238,-0.003934314575050762));
#1533=DIRECTION('',(-0.9659258262890681,0,0.2588190451025211));
#1534=VECTOR('',#1533,0.002036551082895137);
#1535=LINE('',#1532,#1534);
#1536=EDGE_CURVE('',#161,#145,#1535,.T.);
#1537=CARTESIAN_POINT('',(-0.0019671572875253826,0.000565685424949238,-0.003407216368473337));
#1538=DIRECTION('',(-0.46193976625564415,0.38268343236508995,-0.800103145191265));
#1539=VECTOR('',#1538,0.0006122934917841434);
#1540=LINE('',#1537,#1539);
#1541=EDGE_CURVE('',#145,#143,#1540,.T.);
#1542=CARTESIAN_POINT('',(-0.0019671572875253826,0.000565685424949238,-0.003407216368473337));
#1543=DIRECTION('',(0.9659258262890681,0,-0.2588190451025211));
#1544=VECTOR('',#1543,0.002036551082895137);
#1545=LINE('',#1542,#1544);
#1546=EDGE_CURVE('',#145,#161,#1545,.T.);
#1547=CARTESIAN_POINT('',(-7.227218626762042e-19,0.000565685424949238,-0.003934314575050762));
#1548=DIRECTION('',(7.029780607989454e-17,-0.9238795325112867,0.3826834323650899));
#1549=VECTOR('',#1548,0.0006122934917841435);
#1550=LINE('',#1547,#1549);
#1551=EDGE_CURVE('',#161,#163,#1550,.T.);
#1552=CARTESIAN_POINT('',(-6.7967897352678095e-19,9.797174393178826e-20,-0.0036999999999999997));
#1553=DIRECTION('',(-0.9659258262890682,0,0.2588190451025212));
#1554=VECTOR('',#1553,0.0019152609337586548);
#1555=LINE('',#1552,#1554);
#1556=EDGE_CURVE('',#163,#147,#1555,.T.);
#1557=CARTESIAN_POINT('',(-0.0018500000000000016,9.797174393178826e-20,-0.0032042939940024216));
#1558=DIRECTION('',(-0.1913417161825449,0.9238795325112865,-0.3314135740355922));
#1559=VECTOR('',#1558,0.0006122934917841437);
#1560=LINE('',#1557,#1559);
#1561=EDGE_CURVE('',#147,#145,#1560,.T.);
#1562=CARTESIAN_POINT('',(-0.0018500000000000016,9.797174393178826e-20,-0.0032042939940024216));
#1563=DIRECTION('',(0.9659258262890682,0,-0.2588190451025212));
#1564=VECTOR('',#1563,0.0019152609337586548);
#1565=LINE('',#1562,#1564);
#1566=EDGE_CURVE('',#147,#163,#1565,.T.);
#1567=CARTESIAN_POINT('',(-6.7967897352678095e-19,9.797174393178826e-20,-0.0036999999999999997));
#1568=DIRECTION('',(-7.029780607989451e-17,-0.9238795325112867,-0.3826834323650897));
#1569=VECTOR('',#1568,0.0006122934917841438);
#1570=LINE('',#1567,#1569);
#1571=EDGE_CURVE('',#163,#165,#1570,.T.);
#1572=CARTESIAN_POINT('',(-7.227218626762042e-19,-0.000565685424949238,-0.003934314575050762));
#1573=DIRECTION('',(-0.9659258262890681,0,0.2588190451025211));
#1574=VECTOR('',#1573,0.002036551082895137);
#1575=LINE('',#1572,#1574);
#1576=EDGE_CURVE('',#165,#149,#1575,.T.);
#1577=CARTESIAN_POINT('',(-0.0019671572875253826,-0.000565685424949238,-0.003407216368473337));
#1578=DIRECTION('',(0.19134171618254486,0.9238795325112867,0.33141357403559213));
#1579=VECTOR('',#1578,0.0006122934917841438);
#1580=LINE('',#1577,#1579);
#1581=EDGE_CURVE('',#149,#147,#1580,.T.);
#1582=CARTESIAN_POINT('',(-0.0019671572875253826,-0.000565685424949238,-0.003407216368473337));
#1583=DIRECTION('',(0.9659258262890681,0,-0.2588190451025211));
#1584=VECTOR('',#1583,0.002036551082895137);
#1585=LINE('',#1582,#1584);
#1586=EDGE_CURVE('',#149,#165,#1585,.T.);
#1587=CARTESIAN_POINT('',(-7.227218626762042e-19,-0.000565685424949238,-0.003934314575050762));
#1588=DIRECTION('',(-1.69713916843155e-16,-0.3826834323650899,-0.9238795325112867));
#1589=VECTOR('',#1588,0.0006122934917841435);
#1590=LINE('',#1587,#1589);
#1591=EDGE_CURVE('',#165,#167,#1590,.T.);
#1592=CARTESIAN_POINT('',(-8.266365894244633e-19,-0.0008,-0.0045));
#1593=DIRECTION('',(-0.9659258262890681,0,0.25881904510252113));
#1594=VECTOR('',#1593,0.0023293714059226885);
#1595=LINE('',#1592,#1594);
#1596=EDGE_CURVE('',#167,#151,#1595,.T.);
#1597=CARTESIAN_POINT('',(-0.002250000000000002,-0.0008,-0.0038971143170299723));
#1598=DIRECTION('',(0.46193976625564415,0.38268343236508995,0.800103145191265));
#1599=VECTOR('',#1598,0.0006122934917841434);
#1600=LINE('',#1597,#1599);
#1601=EDGE_CURVE('',#151,#149,#1600,.T.);
#1602=CARTESIAN_POINT('',(-0.002250000000000002,-0.0008,-0.0038971143170299723));
#1603=DIRECTION('',(0.9659258262890681,0,-0.25881904510252113));
#1604=VECTOR('',#1603,0.0023293714059226885);
#1605=LINE('',#1602,#1604);
#1606=EDGE_CURVE('',#151,#167,#1605,.T.);
#1607=CARTESIAN_POINT('',(-8.266365894244633e-19,-0.0008,-0.0045));
#1608=DIRECTION('',(-1.69713916843155e-16,0.38268343236508967,-0.9238795325112867));
#1609=VECTOR('',#1608,0.0006122934917841435);
#1610=LINE('',#1607,#1609);
#1611=EDGE_CURVE('',#167,#169,#1610,.T.);
#1612=CARTESIAN_POINT('',(-9.305513161727225e-19,-0.0005656854249492381,-0.005065685424949238));
#1613=DIRECTION('',(-0.9659258262890681,0,0.25881904510252124));
#1614=VECTOR('',#1613,0.0026221917289502394);
#1615=LINE('',#1612,#1614);
#1616=EDGE_CURVE('',#169,#153,#1615,.T.);
#1617=CARTESIAN_POINT('',(-0.002532842712474621,-0.0005656854249492381,-0.004387012265586607));
#1618=DIRECTION('',(0.4619397662556437,-0.38268343236508995,0.8001031451912655));
#1619=VECTOR('',#1618,0.0006122934917841431);
#1620=LINE('',#1617,#1619);
#1621=EDGE_CURVE('',#153,#151,#1620,.T.);
#1622=CARTESIAN_POINT('',(-0.002532842712474621,-0.0005656854249492381,-0.004387012265586607));
#1623=DIRECTION('',(0.9659258262890681,0,-0.25881904510252124));
#1624=VECTOR('',#1623,0.0026221917289502394);
#1625=LINE('',#1622,#1624);
#1626=EDGE_CURVE('',#153,#169,#1625,.T.);
#1627=CARTESIAN_POINT('',(-9.305513161727225e-19,-0.0005656854249492381,-0.005065685424949238));
#1628=DIRECTION('',(-7.02978060798945e-17,0.9238795325112866,-0.3826834323650904));
#1629=VECTOR('',#1628,0.0006122934917841439);
#1630=LINE('',#1627,#1629);
#1631=EDGE_CURVE('',#169,#155,#1630,.T.);
#1632=CARTESIAN_POINT('',(-9.735942053221457e-19,0,-0.0053));
#1633=DIRECTION('',(-0.9659258262890682,0,0.2588190451025213));
#1634=VECTOR('',#1633,0.0027434818780867217);
#1635=LINE('',#1632,#1634);
#1636=EDGE_CURVE('',#155,#139,#1635,.T.);
#1637=CARTESIAN_POINT('',(-0.002650000000000002,0,-0.004589934640057523));
#1638=DIRECTION('',(0.1913417161825452,-0.9238795325112866,0.3314135740355921));
#1639=VECTOR('',#1638,0.0006122934917841439);
#1640=LINE('',#1637,#1639);
#1641=EDGE_CURVE('',#139,#153,#1640,.T.);
#1642=CARTESIAN_POINT('',(-9.735942053221457e-19,0,-0.0053));
#1643=DIRECTION('',(0.9659258262890683,0,0.2588190451025207));
#1644=VECTOR('',#1643,0.0027434818780867213);
#1645=LINE('',#1642,#1644);
#1646=EDGE_CURVE('',#155,#171,#1645,.T.);
#1647=CARTESIAN_POINT('',(0.0026500000000000004,0,-0.004589934640057525));
#1648=DIRECTION('',(-0.19134171618254522,0.9238795325112866,0.33141357403559213));
#1649=VECTOR('',#1648,0.0006122934917841438);
#1650=LINE('',#1647,#1649);
#1651=EDGE_CURVE('',#171,#173,#1650,.T.);
#1652=CARTESIAN_POINT('',(0.0025328427124746192,0.000565685424949238,-0.004387012265586609));
#1653=DIRECTION('',(-0.9659258262890682,0,-0.25881904510252063));
#1654=VECTOR('',#1653,0.002622191728950239);
#1655=LINE('',#1652,#1654);
#1656=EDGE_CURVE('',#173,#157,#1655,.T.);
#1657=CARTESIAN_POINT('',(-9.305513161727225e-19,0.000565685424949238,-0.005065685424949238));
#1658=DIRECTION('',(-7.029780607989451e-17,-0.9238795325112866,-0.38268343236509045));
#1659=VECTOR('',#1658,0.0006122934917841438);
#1660=LINE('',#1657,#1659);
#1661=EDGE_CURVE('',#157,#155,#1660,.T.);
#1662=CARTESIAN_POINT('',(-9.305513161727225e-19,0.000565685424949238,-0.005065685424949238));
#1663=DIRECTION('',(0.9659258262890682,0,0.25881904510252063));
#1664=VECTOR('',#1663,0.002622191728950239);
#1665=LINE('',#1662,#1664);
#1666=EDGE_CURVE('',#157,#173,#1665,.T.);
#1667=CARTESIAN_POINT('',(0.0025328427124746192,0.000565685424949238,-0.004387012265586609));
#1668=DIRECTION('',(-0.46193976625564337,0.3826834323650899,0.8001031451912656));
#1669=VECTOR('',#1668,0.0006122934917841435);
#1670=LINE('',#1667,#1669);
#1671=EDGE_CURVE('',#173,#175,#1670,.T.);
#1672=CARTESIAN_POINT('',(0.0022500000000000003,0.0008,-0.0038971143170299736));
#1673=DIRECTION('',(-0.9659258262890683,0,-0.25881904510252063));
#1674=VECTOR('',#1673,0.002329371405922688);
#1675=LINE('',#1672,#1674);
#1676=EDGE_CURVE('',#175,#159,#1675,.T.);
#1677=CARTESIAN_POINT('',(-8.266365894244633e-19,0.0008,-0.0045));
#1678=DIRECTION('',(-1.69713916843155e-16,-0.3826834323650899,-0.9238795325112867));
#1679=VECTOR('',#1678,0.0006122934917841435);
#1680=LINE('',#1677,#1679);
#1681=EDGE_CURVE('',#159,#157,#1680,.T.);
#1682=CARTESIAN_POINT('',(-8.266365894244633e-19,0.0008,-0.0045));
#1683=DIRECTION('',(0.9659258262890683,0,0.25881904510252063));
#1684=VECTOR('',#1683,0.002329371405922688);
#1685=LINE('',#1682,#1684);
#1686=EDGE_CURVE('',#159,#175,#1685,.T.);
#1687=CARTESIAN_POINT('',(0.0022500000000000003,0.0008,-0.0038971143170299736));
#1688=DIRECTION('',(-0.46193976625564337,-0.3826834323650899,0.8001031451912656));
#1689=VECTOR('',#1688,0.0006122934917841435);
#1690=LINE('',#1687,#1689);
#1691=EDGE_CURVE('',#175,#177,#1690,.T.);
#1692=CARTESIAN_POINT('',(0.0019671572875253813,0.000565685424949238,-0.003407216368473338));
#1693=DIRECTION('',(-0.9659258262890683,0,-0.25881904510252063));
#1694=VECTOR('',#1693,0.002036551082895137);
#1695=LINE('',#1692,#1694);
#1696=EDGE_CURVE('',#177,#161,#1695,.T.);
#1697=CARTESIAN_POINT('',(-7.227218626762042e-19,0.000565685424949238,-0.003934314575050762));
#1698=DIRECTION('',(-1.69713916843155e-16,0.3826834323650899,-0.9238795325112867));
#1699=VECTOR('',#1698,0.0006122934917841435);
#1700=LINE('',#1697,#1699);
#1701=EDGE_CURVE('',#161,#159,#1700,.T.);
#1702=CARTESIAN_POINT('',(-7.227218626762042e-19,0.000565685424949238,-0.003934314575050762));
#1703=DIRECTION('',(0.9659258262890683,0,0.25881904510252063));
#1704=VECTOR('',#1703,0.002036551082895137);
#1705=LINE('',#1702,#1704);
#1706=EDGE_CURVE('',#161,#177,#1705,.T.);
#1707=CARTESIAN_POINT('',(0.0019671572875253813,0.000565685424949238,-0.003407216368473338));
#1708=DIRECTION('',(-0.1913417161825449,-0.9238795325112865,0.3314135740355922));
#1709=VECTOR('',#1708,0.0006122934917841437);
#1710=LINE('',#1707,#1709);
#1711=EDGE_CURVE('',#177,#179,#1710,.T.);
#1712=CARTESIAN_POINT('',(0.0018500000000000003,9.797174393178826e-20,-0.0032042939940024225));
#1713=DIRECTION('',(-0.9659258262890683,0,-0.2588190451025208));
#1714=VECTOR('',#1713,0.0019152609337586546);
#1715=LINE('',#1712,#1714);
#1716=EDGE_CURVE('',#179,#163,#1715,.T.);
#1717=CARTESIAN_POINT('',(-6.7967897352678095e-19,9.797174393178826e-20,-0.0036999999999999997));
#1718=DIRECTION('',(-7.029780607989454e-17,0.9238795325112867,-0.3826834323650899));
#1719=VECTOR('',#1718,0.0006122934917841435);
#1720=LINE('',#1717,#1719);
#1721=EDGE_CURVE('',#163,#161,#1720,.T.);
#1722=CARTESIAN_POINT('',(-6.7967897352678095e-19,9.797174393178826e-20,-0.0036999999999999997));
#1723=DIRECTION('',(0.9659258262890683,0,0.2588190451025208));
#1724=VECTOR('',#1723,0.0019152609337586546);
#1725=LINE('',#1722,#1724);
#1726=EDGE_CURVE('',#163,#179,#1725,.T.);
#1727=CARTESIAN_POINT('',(0.0018500000000000003,9.797174393178826e-20,-0.0032042939940024225));
#1728=DIRECTION('',(0.19134171618254486,-0.9238795325112867,-0.33141357403559213));
#1729=VECTOR('',#1728,0.0006122934917841438);
#1730=LINE('',#1727,#1729);
#1731=EDGE_CURVE('',#179,#181,#1730,.T.);
#1732=CARTESIAN_POINT('',(0.0019671572875253813,-0.000565685424949238,-0.003407216368473338));
#1733=DIRECTION('',(-0.9659258262890683,0,-0.25881904510252063));
#1734=VECTOR('',#1733,0.002036551082895137);
#1735=LINE('',#1732,#1734);
#1736=EDGE_CURVE('',#181,#165,#1735,.T.);
#1737=CARTESIAN_POINT('',(-7.227218626762042e-19,-0.000565685424949238,-0.003934314575050762));
#1738=DIRECTION('',(7.029780607989451e-17,0.9238795325112867,0.3826834323650897));
#1739=VECTOR('',#1738,0.0006122934917841438);
#1740=LINE('',#1737,#1739);
#1741=EDGE_CURVE('',#165,#163,#1740,.T.);
#1742=CARTESIAN_POINT('',(-7.227218626762042e-19,-0.000565685424949238,-0.003934314575050762));
#1743=DIRECTION('',(0.9659258262890683,0,0.25881904510252063));
#1744=VECTOR('',#1743,0.002036551082895137);
#1745=LINE('',#1742,#1744);
#1746=EDGE_CURVE('',#165,#181,#1745,.T.);
#1747=CARTESIAN_POINT('',(0.0019671572875253813,-0.000565685424949238,-0.003407216368473338));
#1748=DIRECTION('',(0.46193976625564337,-0.3826834323650899,-0.8001031451912656));
#1749=VECTOR('',#1748,0.0006122934917841435);
#1750=LINE('',#1747,#1749);
#1751=EDGE_CURVE('',#181,#183,#1750,.T.);
#1752=CARTESIAN_POINT('',(0.0022500000000000003,-0.0008,-0.0038971143170299736));
#1753=DIRECTION('',(-0.9659258262890683,0,-0.25881904510252063));
#1754=VECTOR('',#1753,0.002329371405922688);
#1755=LINE('',#1752,#1754);
#1756=EDGE_CURVE('',#183,#167,#1755,.T.);
#1757=CARTESIAN_POINT('',(-8.266365894244633e-19,-0.0008,-0.0045));
#1758=DIRECTION('',(1.69713916843155e-16,0.3826834323650899,0.9238795325112867));
#1759=VECTOR('',#1758,0.0006122934917841435);
#1760=LINE('',#1757,#1759);
#1761=EDGE_CURVE('',#167,#165,#1760,.T.);
#1762=CARTESIAN_POINT('',(-8.266365894244633e-19,-0.0008,-0.0045));
#1763=DIRECTION('',(0.9659258262890683,0,0.25881904510252063));
#1764=VECTOR('',#1763,0.002329371405922688);
#1765=LINE('',#1762,#1764);
#1766=EDGE_CURVE('',#167,#183,#1765,.T.);
#1767=CARTESIAN_POINT('',(0.0022500000000000003,-0.0008,-0.0038971143170299736));
#1768=DIRECTION('',(0.46193976625564337,0.38268343236508967,-0.8001031451912656));
#1769=VECTOR('',#1768,0.0006122934917841435);
#1770=LINE('',#1767,#1769);
#1771=EDGE_CURVE('',#183,#185,#1770,.T.);
#1772=CARTESIAN_POINT('',(0.0025328427124746192,-0.0005656854249492381,-0.004387012265586609));
#1773=DIRECTION('',(-0.9659258262890682,0,-0.25881904510252063));
#1774=VECTOR('',#1773,0.002622191728950239);
#1775=LINE('',#1772,#1774);
#1776=EDGE_CURVE('',#185,#169,#1775,.T.);
#1777=CARTESIAN_POINT('',(-9.305513161727225e-19,-0.0005656854249492381,-0.005065685424949238));
#1778=DIRECTION('',(1.69713916843155e-16,-0.38268343236508967,0.9238795325112867));
#1779=VECTOR('',#1778,0.0006122934917841435);
#1780=LINE('',#1777,#1779);
#1781=EDGE_CURVE('',#169,#167,#1780,.T.);
#1782=CARTESIAN_POINT('',(-9.305513161727225e-19,-0.0005656854249492381,-0.005065685424949238));
#1783=DIRECTION('',(0.9659258262890682,0,0.25881904510252063));
#1784=VECTOR('',#1783,0.002622191728950239);
#1785=LINE('',#1782,#1784);
#1786=EDGE_CURVE('',#169,#185,#1785,.T.);
#1787=CARTESIAN_POINT('',(0.0025328427124746192,-0.0005656854249492381,-0.004387012265586609));
#1788=DIRECTION('',(0.1913417161825452,0.9238795325112866,-0.3314135740355921));
#1789=VECTOR('',#1788,0.0006122934917841439);
#1790=LINE('',#1787,#1789);
#1791=EDGE_CURVE('',#185,#171,#1790,.T.);
#1792=CARTESIAN_POINT('',(0.0026500000000000004,0,-0.004589934640057525));
#1793=DIRECTION('',(-0.9659258262890683,0,-0.2588190451025207));
#1794=VECTOR('',#1793,0.0027434818780867213);
#1795=LINE('',#1792,#1794);
#1796=EDGE_CURVE('',#171,#155,#1795,.T.);
#1797=CARTESIAN_POINT('',(-9.735942053221457e-19,0,-0.0053));
#1798=DIRECTION('',(7.02978060798945e-17,-0.9238795325112866,0.3826834323650904));
#1799=VECTOR('',#1798,0.0006122934917841439);
#1800=LINE('',#1797,#1799);
#1801=EDGE_CURVE('',#155,#169,#1800,.T.);
#1802=CARTESIAN_POINT('',(0.0026500000000000004,0,-0.004589934640057525));
#1803=DIRECTION('',(0.7071067811865475,0,0.7071067811865475));
#1804=VECTOR('',#1803,0.002743481878086717);
#1805=LINE('',#1802,#1804);
#1806=EDGE_CURVE('',#171,#187,#1805,.T.);
#1807=CARTESIAN_POINT('',(0.004589934640057523,0,-0.002650000000000002));
#1808=DIRECTION('',(-0.33141357403559213,0.9238795325112866,0.19134171618254522));
#1809=VECTOR('',#1808,0.0006122934917841438);
#1810=LINE('',#1807,#1809);
#1811=EDGE_CURVE('',#187,#189,#1810,.T.);
#1812=CARTESIAN_POINT('',(0.004387012265586607,0.000565685424949238,-0.002532842712474621));
#1813=DIRECTION('',(-0.7071067811865476,0,-0.7071067811865476));
#1814=VECTOR('',#1813,0.0026221917289502342);
#1815=LINE('',#1812,#1814);
#1816=EDGE_CURVE('',#189,#173,#1815,.T.);
#1817=CARTESIAN_POINT('',(0.0025328427124746192,0.000565685424949238,-0.004387012265586609));
#1818=DIRECTION('',(0.19134171618254522,-0.9238795325112866,-0.33141357403559213));
#1819=VECTOR('',#1818,0.0006122934917841438);
#1820=LINE('',#1817,#1819);
#1821=EDGE_CURVE('',#173,#171,#1820,.T.);
#1822=CARTESIAN_POINT('',(0.0025328427124746192,0.000565685424949238,-0.004387012265586609));
#1823=DIRECTION('',(0.7071067811865476,0,0.7071067811865476));
#1824=VECTOR('',#1823,0.0026221917289502342);
#1825=LINE('',#1822,#1824);
#1826=EDGE_CURVE('',#173,#189,#1825,.T.);
#1827=CARTESIAN_POINT('',(0.004387012265586607,0.000565685424949238,-0.002532842712474621));
#1828=DIRECTION('',(-0.8001031451912652,0.38268343236509006,0.4619397662556436));
#1829=VECTOR('',#1828,0.0006122934917841432);
#1830=LINE('',#1827,#1829);
#1831=EDGE_CURVE('',#189,#191,#1830,.T.);
#1832=CARTESIAN_POINT('',(0.0038971143170299723,0.0008,-0.002250000000000002));
#1833=DIRECTION('',(-0.7071067811865477,0,-0.7071067811865475));
#1834=VECTOR('',#1833,0.0023293714059226837);
#1835=LINE('',#1832,#1834);
#1836=EDGE_CURVE('',#191,#175,#1835,.T.);
#1837=CARTESIAN_POINT('',(0.0022500000000000003,0.0008,-0.0038971143170299736));
#1838=DIRECTION('',(0.46193976625564337,-0.3826834323650899,-0.8001031451912656));
#1839=VECTOR('',#1838,0.0006122934917841435);
#1840=LINE('',#1837,#1839);
#1841=EDGE_CURVE('',#175,#173,#1840,.T.);
#1842=CARTESIAN_POINT('',(0.0022500000000000003,0.0008,-0.0038971143170299736));
#1843=DIRECTION('',(0.7071067811865477,0,0.7071067811865475));
#1844=VECTOR('',#1843,0.0023293714059226837);
#1845=LINE('',#1842,#1844);
#1846=EDGE_CURVE('',#175,#191,#1845,.T.);
#1847=CARTESIAN_POINT('',(0.0038971143170299723,0.0008,-0.002250000000000002));
#1848=DIRECTION('',(-0.800103145191265,-0.38268343236508995,0.46193976625564415));
#1849=VECTOR('',#1848,0.0006122934917841434);
#1850=LINE('',#1847,#1849);
#1851=EDGE_CURVE('',#191,#193,#1850,.T.);
#1852=CARTESIAN_POINT('',(0.003407216368473337,0.000565685424949238,-0.0019671572875253826));
#1853=DIRECTION('',(-0.7071067811865476,0,-0.7071067811865474));
#1854=VECTOR('',#1853,0.0020365510828951336);
#1855=LINE('',#1852,#1854);
#1856=EDGE_CURVE('',#193,#177,#1855,.T.);
#1857=CARTESIAN_POINT('',(0.0019671572875253813,0.000565685424949238,-0.003407216368473338));
#1858=DIRECTION('',(0.46193976625564337,0.3826834323650899,-0.8001031451912656));
#1859=VECTOR('',#1858,0.0006122934917841435);
#1860=LINE('',#1857,#1859);
#1861=EDGE_CURVE('',#177,#175,#1860,.T.);
#1862=CARTESIAN_POINT('',(0.0019671572875253813,0.000565685424949238,-0.003407216368473338));
#1863=DIRECTION('',(0.7071067811865476,0,0.7071067811865474));
#1864=VECTOR('',#1863,0.0020365510828951336);
#1865=LINE('',#1862,#1864);
#1866=EDGE_CURVE('',#177,#193,#1865,.T.);
#1867=CARTESIAN_POINT('',(0.003407216368473337,0.000565685424949238,-0.0019671572875253826));
#1868=DIRECTION('',(-0.3314135740355922,-0.9238795325112865,0.1913417161825449));
#1869=VECTOR('',#1868,0.0006122934917841437);
#1870=LINE('',#1867,#1869);
#1871=EDGE_CURVE('',#193,#195,#1870,.T.);
#1872=CARTESIAN_POINT('',(0.0032042939940024216,9.797174393178826e-20,-0.0018500000000000016));
#1873=DIRECTION('',(-0.7071067811865477,0,-0.7071067811865475));
#1874=VECTOR('',#1873,0.001915260933758651);
#1875=LINE('',#1872,#1874);
#1876=EDGE_CURVE('',#195,#179,#1875,.T.);
#1877=CARTESIAN_POINT('',(0.0018500000000000003,9.797174393178826e-20,-0.0032042939940024225));
#1878=DIRECTION('',(0.1913417161825449,0.9238795325112865,-0.3314135740355922));
#1879=VECTOR('',#1878,0.0006122934917841437);
#1880=LINE('',#1877,#1879);
#1881=EDGE_CURVE('',#179,#177,#1880,.T.);
#1882=CARTESIAN_POINT('',(0.0018500000000000003,9.797174393178826e-20,-0.0032042939940024225));
#1883=DIRECTION('',(0.7071067811865477,0,0.7071067811865475));
#1884=VECTOR('',#1883,0.001915260933758651);
#1885=LINE('',#1882,#1884);
#1886=EDGE_CURVE('',#179,#195,#1885,.T.);
#1887=CARTESIAN_POINT('',(0.0032042939940024216,9.797174393178826e-20,-0.0018500000000000016));
#1888=DIRECTION('',(0.33141357403559213,-0.9238795325112867,-0.19134171618254486));
#1889=VECTOR('',#1888,0.0006122934917841438);
#1890=LINE('',#1887,#1889);
#1891=EDGE_CURVE('',#195,#197,#1890,.T.);
#1892=CARTESIAN_POINT('',(0.003407216368473337,-0.000565685424949238,-0.0019671572875253826));
#1893=DIRECTION('',(-0.7071067811865476,0,-0.7071067811865474));
#1894=VECTOR('',#1893,0.0020365510828951336);
#1895=LINE('',#1892,#1894);
#1896=EDGE_CURVE('',#197,#181,#1895,.T.);
#1897=CARTESIAN_POINT('',(0.0019671572875253813,-0.000565685424949238,-0.003407216368473338));
#1898=DIRECTION('',(-0.19134171618254486,0.9238795325112867,0.33141357403559213));
#1899=VECTOR('',#1898,0.0006122934917841438);
#1900=LINE('',#1897,#1899);
#1901=EDGE_CURVE('',#181,#179,#1900,.T.);
#1902=CARTESIAN_POINT('',(0.0019671572875253813,-0.000565685424949238,-0.003407216368473338));
#1903=DIRECTION('',(0.7071067811865476,0,0.7071067811865474));
#1904=VECTOR('',#1903,0.0020365510828951336);
#1905=LINE('',#1902,#1904);
#1906=EDGE_CURVE('',#181,#197,#1905,.T.);
#1907=CARTESIAN_POINT('',(0.003407216368473337,-0.000565685424949238,-0.0019671572875253826));
#1908=DIRECTION('',(0.800103145191265,-0.38268343236508995,-0.46193976625564415));
#1909=VECTOR('',#1908,0.0006122934917841434);
#1910=LINE('',#1907,#1909);
#1911=EDGE_CURVE('',#197,#199,#1910,.T.);
#1912=CARTESIAN_POINT('',(0.0038971143170299723,-0.0008,-0.002250000000000002));
#1913=DIRECTION('',(-0.7071067811865477,0,-0.7071067811865475));
#1914=VECTOR('',#1913,0.0023293714059226837);
#1915=LINE('',#1912,#1914);
#1916=EDGE_CURVE('',#199,#183,#1915,.T.);
#1917=CARTESIAN_POINT('',(0.0022500000000000003,-0.0008,-0.0038971143170299736));
#1918=DIRECTION('',(-0.46193976625564337,0.3826834323650899,0.8001031451912656));
#1919=VECTOR('',#1918,0.0006122934917841435);
#1920=LINE('',#1917,#1919);
#1921=EDGE_CURVE('',#183,#181,#1920,.T.);
#1922=CARTESIAN_POINT('',(0.0022500000000000003,-0.0008,-0.0038971143170299736));
#1923=DIRECTION('',(0.7071067811865477,0,0.7071067811865475));
#1924=VECTOR('',#1923,0.0023293714059226837);
#1925=LINE('',#1922,#1924);
#1926=EDGE_CURVE('',#183,#199,#1925,.T.);
#1927=CARTESIAN_POINT('',(0.0038971143170299723,-0.0008,-0.002250000000000002));
#1928=DIRECTION('',(0.8001031451912652,0.3826834323650899,-0.4619397662556436));
#1929=VECTOR('',#1928,0.0006122934917841432);
#1930=LINE('',#1927,#1929);
#1931=EDGE_CURVE('',#199,#201,#1930,.T.);
#1932=CARTESIAN_POINT('',(0.004387012265586607,-0.0005656854249492381,-0.002532842712474621));
#1933=DIRECTION('',(-0.7071067811865476,0,-0.7071067811865476));
#1934=VECTOR('',#1933,0.0026221917289502342);
#1935=LINE('',#1932,#1934);
#1936=EDGE_CURVE('',#201,#185,#1935,.T.);
#1937=CARTESIAN_POINT('',(0.0025328427124746192,-0.0005656854249492381,-0.004387012265586609));
#1938=DIRECTION('',(-0.46193976625564337,-0.38268343236508967,0.8001031451912656));
#1939=VECTOR('',#1938,0.0006122934917841435);
#1940=LINE('',#1937,#1939);
#1941=EDGE_CURVE('',#185,#183,#1940,.T.);
#1942=CARTESIAN_POINT('',(0.0025328427124746192,-0.0005656854249492381,-0.004387012265586609));
#1943=DIRECTION('',(0.7071067811865476,0,0.7071067811865476));
#1944=VECTOR('',#1943,0.0026221917289502342);
#1945=LINE('',#1942,#1944);
#1946=EDGE_CURVE('',#185,#201,#1945,.T.);
#1947=CARTESIAN_POINT('',(0.004387012265586607,-0.0005656854249492381,-0.002532842712474621));
#1948=DIRECTION('',(0.3314135740355921,0.9238795325112866,-0.1913417161825452));
#1949=VECTOR('',#1948,0.0006122934917841439);
#1950=LINE('',#1947,#1949);
#1951=EDGE_CURVE('',#201,#187,#1950,.T.);
#1952=CARTESIAN_POINT('',(0.004589934640057523,0,-0.002650000000000002));
#1953=DIRECTION('',(-0.7071067811865475,0,-0.7071067811865475));
#1954=VECTOR('',#1953,0.002743481878086717);
#1955=LINE('',#1952,#1954);
#1956=EDGE_CURVE('',#187,#171,#1955,.T.);
#1957=CARTESIAN_POINT('',(0.0026500000000000004,0,-0.004589934640057525));
#1958=DIRECTION('',(-0.1913417161825452,-0.9238795325112866,0.3314135740355921));
#1959=VECTOR('',#1958,0.0006122934917841439);
#1960=LINE('',#1957,#1959);
#1961=EDGE_CURVE('',#171,#185,#1960,.T.);
#1962=CARTESIAN_POINT('',(0.004589934640057523,0,-0.002650000000000002));
#1963=DIRECTION('',(0.2588190451025212,0,0.9659258262890682));
#1964=VECTOR('',#1963,0.0027434818780867226);
#1965=LINE('',#1962,#1964);
#1966=EDGE_CURVE('',#187,#11,#1965,.T.);
#1967=CARTESIAN_POINT('',(0.0053,0,0));
#1968=DIRECTION('',(-0.38268343236509045,0.9238795325112866,0));
#1969=VECTOR('',#1968,0.0006122934917841438);
#1970=LINE('',#1967,#1969);
#1971=EDGE_CURVE('',#11,#17,#1970,.T.);
#1972=CARTESIAN_POINT('',(0.005065685424949238,0.000565685424949238,0));
#1973=DIRECTION('',(-0.25881904510252113,0,-0.9659258262890681));
#1974=VECTOR('',#1973,0.0026221917289502403);
#1975=LINE('',#1972,#1974);
#1976=EDGE_CURVE('',#17,#189,#1975,.T.);
#1977=CARTESIAN_POINT('',(0.004387012265586607,0.000565685424949238,-0.002532842712474621));
#1978=DIRECTION('',(0.33141357403559213,-0.9238795325112866,-0.19134171618254522));
#1979=VECTOR('',#1978,0.0006122934917841438);
#1980=LINE('',#1977,#1979);
#1981=EDGE_CURVE('',#189,#187,#1980,.T.);
#1982=CARTESIAN_POINT('',(0.004387012265586607,0.000565685424949238,-0.002532842712474621));
#1983=DIRECTION('',(0.25881904510252113,0,0.9659258262890681));
#1984=VECTOR('',#1983,0.0026221917289502403);
#1985=LINE('',#1982,#1984);
#1986=EDGE_CURVE('',#189,#17,#1985,.T.);
#1987=CARTESIAN_POINT('',(0.005065685424949238,0.000565685424949238,0));
#1988=DIRECTION('',(-0.9238795325112867,0.3826834323650899,0));
#1989=VECTOR('',#1988,0.0006122934917841435);
#1990=LINE('',#1987,#1989);
#1991=EDGE_CURVE('',#17,#21,#1990,.T.);
#1992=CARTESIAN_POINT('',(0.0045,0.0008,0));
#1993=DIRECTION('',(-0.2588190451025211,0,-0.9659258262890683));
#1994=VECTOR('',#1993,0.002329371405922689);
#1995=LINE('',#1992,#1994);
#1996=EDGE_CURVE('',#21,#191,#1995,.T.);
#1997=CARTESIAN_POINT('',(0.0038971143170299723,0.0008,-0.002250000000000002));
#1998=DIRECTION('',(0.8001031451912652,-0.38268343236509006,-0.4619397662556436));
#1999=VECTOR('',#1998,0.0006122934917841432);
#2000=LINE('',#1997,#1999);
#2001=EDGE_CURVE('',#191,#189,#2000,.T.);
#2002=CARTESIAN_POINT('',(0.0038971143170299723,0.0008,-0.002250000000000002));
#2003=DIRECTION('',(0.2588190451025211,0,0.9659258262890683));
#2004=VECTOR('',#2003,0.002329371405922689);
#2005=LINE('',#2002,#2004);
#2006=EDGE_CURVE('',#191,#21,#2005,.T.);
#2007=CARTESIAN_POINT('',(0.0045,0.0008,0));
#2008=DIRECTION('',(-0.9238795325112867,-0.3826834323650899,0));
#2009=VECTOR('',#2008,0.0006122934917841435);
#2010=LINE('',#2007,#2009);
#2011=EDGE_CURVE('',#21,#25,#2010,.T.);
#2012=CARTESIAN_POINT('',(0.003934314575050762,0.000565685424949238,0));
#2013=DIRECTION('',(-0.25881904510252096,0,-0.9659258262890681));
#2014=VECTOR('',#2013,0.002036551082895138);
#2015=LINE('',#2012,#2014);
#2016=EDGE_CURVE('',#25,#193,#2015,.T.);
#2017=CARTESIAN_POINT('',(0.003407216368473337,0.000565685424949238,-0.0019671572875253826));
#2018=DIRECTION('',(0.800103145191265,0.38268343236508995,-0.46193976625564415));
#2019=VECTOR('',#2018,0.0006122934917841434);
#2020=LINE('',#2017,#2019);
#2021=EDGE_CURVE('',#193,#191,#2020,.T.);
#2022=CARTESIAN_POINT('',(0.003407216368473337,0.000565685424949238,-0.0019671572875253826));
#2023=DIRECTION('',(0.25881904510252096,0,0.9659258262890681));
#2024=VECTOR('',#2023,0.002036551082895138);
#2025=LINE('',#2022,#2024);
#2026=EDGE_CURVE('',#193,#25,#2025,.T.);
#2027=CARTESIAN_POINT('',(0.003934314575050762,0.000565685424949238,0));
#2028=DIRECTION('',(-0.3826834323650899,-0.9238795325112867,0));
#2029=VECTOR('',#2028,0.0006122934917841435);
#2030=LINE('',#2027,#2029);
#2031=EDGE_CURVE('',#25,#29,#2030,.T.);
#2032=CARTESIAN_POINT('',(0.0036999999999999997,9.797174393178826e-20,0));
#2033=DIRECTION('',(-0.25881904510252113,0,-0.9659258262890682));
#2034=VECTOR('',#2033,0.0019152609337586555);
#2035=LINE('',#2032,#2034);
#2036=EDGE_CURVE('',#29,#195,#2035,.T.);
#2037=CARTESIAN_POINT('',(0.0032042939940024216,9.797174393178826e-20,-0.0018500000000000016));
#2038=DIRECTION('',(0.3314135740355922,0.9238795325112865,-0.1913417161825449));
#2039=VECTOR('',#2038,0.0006122934917841437);
#2040=LINE('',#2037,#2039);
#2041=EDGE_CURVE('',#195,#193,#2040,.T.);
#2042=CARTESIAN_POINT('',(0.0032042939940024216,9.797174393178826e-20,-0.0018500000000000016));
#2043=DIRECTION('',(0.25881904510252113,0,0.9659258262890682));
#2044=VECTOR('',#2043,0.0019152609337586555);
#2045=LINE('',#2042,#2044);
#2046=EDGE_CURVE('',#195,#29,#2045,.T.);
#2047=CARTESIAN_POINT('',(0.0036999999999999997,9.797174393178826e-20,0));
#2048=DIRECTION('',(0.3826834323650897,-0.9238795325112867,0));
#2049=VECTOR('',#2048,0.0006122934917841438);
#2050=LINE('',#2047,#2049);
#2051=EDGE_CURVE('',#29,#33,#2050,.T.);
#2052=CARTESIAN_POINT('',(0.003934314575050762,-0.000565685424949238,0));
#2053=DIRECTION('',(-0.25881904510252096,0,-0.9659258262890681));
#2054=VECTOR('',#2053,0.002036551082895138);
#2055=LINE('',#2052,#2054);
#2056=EDGE_CURVE('',#33,#197,#2055,.T.);
#2057=CARTESIAN_POINT('',(0.003407216368473337,-0.000565685424949238,-0.0019671572875253826));
#2058=DIRECTION('',(-0.33141357403559213,0.9238795325112867,0.19134171618254486));
#2059=VECTOR('',#2058,0.0006122934917841438);
#2060=LINE('',#2057,#2059);
#2061=EDGE_CURVE('',#197,#195,#2060,.T.);
#2062=CARTESIAN_POINT('',(0.003407216368473337,-0.000565685424949238,-0.0019671572875253826));
#2063=DIRECTION('',(0.25881904510252096,0,0.9659258262890681));
#2064=VECTOR('',#2063,0.002036551082895138);
#2065=LINE('',#2062,#2064);
#2066=EDGE_CURVE('',#197,#33,#2065,.T.);
#2067=CARTESIAN_POINT('',(0.003934314575050762,-0.000565685424949238,0));
#2068=DIRECTION('',(0.9238795325112867,-0.3826834323650899,0));
#2069=VECTOR('',#2068,0.0006122934917841435);
#2070=LINE('',#2067,#2069);
#2071=EDGE_CURVE('',#33,#37,#2070,.T.);
#2072=CARTESIAN_POINT('',(0.0045,-0.0008,0));
#2073=DIRECTION('',(-0.2588190451025211,0,-0.9659258262890683));
#2074=VECTOR('',#2073,0.002329371405922689);
#2075=LINE('',#2072,#2074);
#2076=EDGE_CURVE('',#37,#199,#2075,.T.);
#2077=CARTESIAN_POINT('',(0.0038971143170299723,-0.0008,-0.002250000000000002));
#2078=DIRECTION('',(-0.800103145191265,0.38268343236508995,0.46193976625564415));
#2079=VECTOR('',#2078,0.0006122934917841434);
#2080=LINE('',#2077,#2079);
#2081=EDGE_CURVE('',#199,#197,#2080,.T.);
#2082=CARTESIAN_POINT('',(0.0038971143170299723,-0.0008,-0.002250000000000002));
#2083=DIRECTION('',(0.2588190451025211,0,0.9659258262890683));
#2084=VECTOR('',#2083,0.002329371405922689);
#2085=LINE('',#2082,#2084);
#2086=EDGE_CURVE('',#199,#37,#2085,.T.);
#2087=CARTESIAN_POINT('',(0.0045,-0.0008,0));
#2088=DIRECTION('',(0.9238795325112867,0.38268343236508967,0));
#2089=VECTOR('',#2088,0.0006122934917841435);
#2090=LINE('',#2087,#2089);
#2091=EDGE_CURVE('',#37,#41,#2090,.T.);
#2092=CARTESIAN_POINT('',(0.005065685424949238,-0.0005656854249492381,0));
#2093=DIRECTION('',(-0.25881904510252113,0,-0.9659258262890681));
#2094=VECTOR('',#2093,0.0026221917289502403);
#2095=LINE('',#2092,#2094);
#2096=EDGE_CURVE('',#41,#201,#2095,.T.);
#2097=CARTESIAN_POINT('',(0.004387012265586607,-0.0005656854249492381,-0.002532842712474621));
#2098=DIRECTION('',(-0.8001031451912652,-0.3826834323650899,0.4619397662556436));
#2099=VECTOR('',#2098,0.0006122934917841432);
#2100=LINE('',#2097,#2099);
#2101=EDGE_CURVE('',#201,#199,#2100,.T.);
#2102=CARTESIAN_POINT('',(0.004387012265586607,-0.0005656854249492381,-0.002532842712474621));
#2103=DIRECTION('',(0.25881904510252113,0,0.9659258262890681));
#2104=VECTOR('',#2103,0.0026221917289502403);
#2105=LINE('',#2102,#2104);
#2106=EDGE_CURVE('',#201,#41,#2105,.T.);
#2107=CARTESIAN_POINT('',(0.005065685424949238,-0.0005656854249492381,0));
#2108=DIRECTION('',(0.3826834323650904,0.9238795325112866,0));
#2109=VECTOR('',#2108,0.0006122934917841439);
#2110=LINE('',#2107,#2109);
#2111=EDGE_CURVE('',#41,#11,#2110,.T.);
#2112=CARTESIAN_POINT('',(0.0053,0,0));
#2113=DIRECTION('',(-0.2588190451025212,0,-0.9659258262890682));
#2114=VECTOR('',#2113,0.0027434818780867226);
#2115=LINE('',#2112,#2114);
#2116=EDGE_CURVE('',#11,#187,#2115,.T.);
#2117=CARTESIAN_POINT('',(0.004589934640057523,0,-0.002650000000000002));
#2118=DIRECTION('',(-0.3314135740355921,-0.9238795325112866,0.1913417161825452));
#2119=VECTOR('',#2118,0.0006122934917841439);
#2120=LINE('',#2117,#2119);
#2121=EDGE_CURVE('',#187,#201,#2120,.T.);
#2122=CARTESIAN_POINT('',(0.004835658082648343,0.000282842712474619,0.0012957106781186544));
#2123=DIRECTION('',(-0.8968088177445289,-0.3714703751655668,-0.24029919847975634));
#2124=DIRECTION('',(0.3826834323650913,-0.9238795325112861,0));
#2125=AXIS2_PLACEMENT_3D('',#2122,#2123,#2124);
#2126=PLANE('',#2125);
#2127=ORIENTED_EDGE('',*,*,#206,.T.);
#2128=ORIENTED_EDGE('',*,*,#211,.T.);
#2129=ORIENTED_EDGE('',*,*,#216,.T.);
#2130=ORIENTED_EDGE('',*,*,#221,.T.);
#2131=EDGE_LOOP('',(#2127,#2128,#2129,#2130));
#2132=FACE_OUTER_BOUND('',#2131,.T.);
#2133=ADVANCED_FACE('',(#2132),#2126,.T.);
#2134=CARTESIAN_POINT('',(0.004462453001891455,0.000682842712474619,0.0011957106781186545));
#2135=DIRECTION('',(-0.3806873175022791,-0.9190604849374339,-0.10200485929350613));
#2136=DIRECTION('',(0.9238795325112866,-0.38268343236509006,0));
#2137=AXIS2_PLACEMENT_3D('',#2134,#2135,#2136);
#2138=PLANE('',#2137);
#2139=ORIENTED_EDGE('',*,*,#226,.T.);
#2140=ORIENTED_EDGE('',*,*,#231,.T.);
#2141=ORIENTED_EDGE('',*,*,#236,.T.);
#2142=ORIENTED_EDGE('',*,*,#241,.T.);
#2143=EDGE_LOOP('',(#2139,#2140,#2141,#2142));
#2144=FACE_OUTER_BOUND('',#2143,.T.);
#2145=ADVANCED_FACE('',(#2144),#2138,.T.);
#2146=CARTESIAN_POINT('',(0.0039346613151385185,0.000682842712474619,0.0010542893218813448));
#2147=DIRECTION('',(0.38068731750227863,-0.9190604849374341,0.10200485929350593));
#2148=DIRECTION('',(0.9238795325112867,0.38268343236508956,0));
#2149=AXIS2_PLACEMENT_3D('',#2146,#2147,#2148);
#2150=PLANE('',#2149);
#2151=ORIENTED_EDGE('',*,*,#246,.T.);
#2152=ORIENTED_EDGE('',*,*,#251,.T.);
#2153=ORIENTED_EDGE('',*,*,#256,.T.);
#2154=ORIENTED_EDGE('',*,*,#261,.T.);
#2155=EDGE_LOOP('',(#2151,#2152,#2153,#2154));
#2156=FACE_OUTER_BOUND('',#2155,.T.);
#2157=ADVANCED_FACE('',(#2156),#2150,.T.);
#2158=CARTESIAN_POINT('',(0.0035614562343816306,0.000282842712474619,0.000954289321881345));
#2159=DIRECTION('',(0.8968088177445296,-0.3714703751655648,0.24029919847975653));
#2160=DIRECTION('',(0.3826834323650893,0.923879532511287,0));
#2161=AXIS2_PLACEMENT_3D('',#2158,#2159,#2160);
#2162=PLANE('',#2161);
#2163=ORIENTED_EDGE('',*,*,#266,.T.);
#2164=ORIENTED_EDGE('',*,*,#271,.T.);
#2165=ORIENTED_EDGE('',*,*,#276,.T.);
#2166=ORIENTED_EDGE('',*,*,#281,.T.);
#2167=EDGE_LOOP('',(#2163,#2164,#2165,#2166));
#2168=FACE_OUTER_BOUND('',#2167,.T.);
#2169=ADVANCED_FACE('',(#2168),#2162,.T.);
#2170=CARTESIAN_POINT('',(0.0035614562343816306,-0.00028284271247461896,0.000954289321881345));
#2171=DIRECTION('',(0.8968088177445297,0.3714703751655647,0.2402991984797565));
#2172=DIRECTION('',(-0.38268343236508917,0.9238795325112871,0));
#2173=AXIS2_PLACEMENT_3D('',#2170,#2171,#2172);
#2174=PLANE('',#2173);
#2175=ORIENTED_EDGE('',*,*,#286,.T.);
#2176=ORIENTED_EDGE('',*,*,#291,.T.);
#2177=ORIENTED_EDGE('',*,*,#296,.T.);
#2178=ORIENTED_EDGE('',*,*,#301,.T.);
#2179=EDGE_LOOP('',(#2175,#2176,#2177,#2178));
#2180=FACE_OUTER_BOUND('',#2179,.T.);
#2181=ADVANCED_FACE('',(#2180),#2174,.T.);
#2182=CARTESIAN_POINT('',(0.0039346613151385185,-0.000682842712474619,0.0010542893218813448));
#2183=DIRECTION('',(0.38068731750227863,0.9190604849374341,0.10200485929350601));
#2184=DIRECTION('',(-0.9238795325112867,0.38268343236508956,0));
#2185=AXIS2_PLACEMENT_3D('',#2182,#2183,#2184);
#2186=PLANE('',#2185);
#2187=ORIENTED_EDGE('',*,*,#306,.T.);
#2188=ORIENTED_EDGE('',*,*,#311,.T.);
#2189=ORIENTED_EDGE('',*,*,#316,.T.);
#2190=ORIENTED_EDGE('',*,*,#321,.T.);
#2191=EDGE_LOOP('',(#2187,#2188,#2189,#2190));
#2192=FACE_OUTER_BOUND('',#2191,.T.);
#2193=ADVANCED_FACE('',(#2192),#2186,.T.);
#2194=CARTESIAN_POINT('',(0.004462453001891456,-0.0006828427124746191,0.0011957106781186545));
#2195=DIRECTION('',(-0.3806873175022789,0.9190604849374339,-0.10200485929350601));
#2196=DIRECTION('',(-0.9238795325112866,-0.3826834323650899,0));
#2197=AXIS2_PLACEMENT_3D('',#2194,#2195,#2196);
#2198=PLANE('',#2197);
#2199=ORIENTED_EDGE('',*,*,#326,.T.);
#2200=ORIENTED_EDGE('',*,*,#331,.T.);
#2201=ORIENTED_EDGE('',*,*,#336,.T.);
#2202=ORIENTED_EDGE('',*,*,#341,.T.);
#2203=EDGE_LOOP('',(#2199,#2200,#2201,#2202));
#2204=FACE_OUTER_BOUND('',#2203,.T.);
#2205=ADVANCED_FACE('',(#2204),#2198,.T.);
#2206=CARTESIAN_POINT('',(0.004835658082648343,-0.00028284271247461907,0.0012957106781186544));
#2207=DIRECTION('',(-0.8968088177445289,0.37147037516556675,-0.24029919847975637));
#2208=DIRECTION('',(-0.3826834323650912,-0.9238795325112861,0));
#2209=AXIS2_PLACEMENT_3D('',#2206,#2207,#2208);
#2210=PLANE('',#2209);
#2211=ORIENTED_EDGE('',*,*,#346,.T.);
#2212=ORIENTED_EDGE('',*,*,#351,.T.);
#2213=ORIENTED_EDGE('',*,*,#356,.T.);
#2214=ORIENTED_EDGE('',*,*,#361,.T.);
#2215=EDGE_LOOP('',(#2211,#2212,#2213,#2214));
#2216=FACE_OUTER_BOUND('',#2215,.T.);
#2217=ADVANCED_FACE('',(#2216),#2210,.T.);
#2218=CARTESIAN_POINT('',(0.0035399474045296887,0.000282842712474619,0.003539947404529688));
#2219=DIRECTION('',(-0.6565096192647727,-0.371470375165566,-0.6565096192647727));
#2220=DIRECTION('',(0.49245881265077807,-0.8703357500657927,0));
#2221=AXIS2_PLACEMENT_3D('',#2218,#2219,#2220);
#2222=PLANE('',#2221);
#2223=ORIENTED_EDGE('',*,*,#366,.T.);
#2224=ORIENTED_EDGE('',*,*,#371,.T.);
#2225=ORIENTED_EDGE('',*,*,#376,.T.);
#2226=ORIENTED_EDGE('',*,*,#381,.T.);
#2227=EDGE_LOOP('',(#2223,#2224,#2225,#2226));
#2228=FACE_OUTER_BOUND('',#2227,.T.);
#2229=ADVANCED_FACE('',(#2228),#2222,.T.);
#2230=CARTESIAN_POINT('',(0.0032667423237728007,0.000682842712474619,0.0032667423237728));
#2231=DIRECTION('',(-0.27868245820877274,-0.919060484937434,-0.27868245820877274));
#2232=DIRECTION('',(0.956972578200425,-0.29017836682363374,0));
#2233=AXIS2_PLACEMENT_3D('',#2230,#2231,#2232);
#2234=PLANE('',#2233);
#2235=ORIENTED_EDGE('',*,*,#386,.T.);
#2236=ORIENTED_EDGE('',*,*,#391,.T.);
#2237=ORIENTED_EDGE('',*,*,#396,.T.);
#2238=ORIENTED_EDGE('',*,*,#401,.T.);
#2239=EDGE_LOOP('',(#2235,#2236,#2237,#2238));
#2240=FACE_OUTER_BOUND('',#2239,.T.);
#2241=ADVANCED_FACE('',(#2240),#2234,.T.);
#2242=CARTESIAN_POINT('',(0.002880371993257173,0.000682842712474619,0.0028803719932571728));
#2243=DIRECTION('',(0.2786824582087727,-0.919060484937434,0.2786824582087725));
#2244=DIRECTION('',(0.9569725782004251,0.29017836682363374,0));
#2245=AXIS2_PLACEMENT_3D('',#2242,#2243,#2244);
#2246=PLANE('',#2245);
#2247=ORIENTED_EDGE('',*,*,#406,.T.);
#2248=ORIENTED_EDGE('',*,*,#411,.T.);
#2249=ORIENTED_EDGE('',*,*,#416,.T.);
#2250=ORIENTED_EDGE('',*,*,#421,.T.);
#2251=EDGE_LOOP('',(#2247,#2248,#2249,#2250));
#2252=FACE_OUTER_BOUND('',#2251,.T.);
#2253=ADVANCED_FACE('',(#2252),#2246,.T.);
#2254=CARTESIAN_POINT('',(0.0026071669125002856,0.000282842712474619,0.002607166912500285));
#2255=DIRECTION('',(0.656509619264773,-0.3714703751655652,0.656509619264773));
#2256=DIRECTION('',(0.492458812650777,0.8703357500657932,0));
#2257=AXIS2_PLACEMENT_3D('',#2254,#2255,#2256);
#2258=PLANE('',#2257);
#2259=ORIENTED_EDGE('',*,*,#426,.T.);
#2260=ORIENTED_EDGE('',*,*,#431,.T.);
#2261=ORIENTED_EDGE('',*,*,#436,.T.);
#2262=ORIENTED_EDGE('',*,*,#441,.T.);
#2263=EDGE_LOOP('',(#2259,#2260,#2261,#2262));
#2264=FACE_OUTER_BOUND('',#2263,.T.);
#2265=ADVANCED_FACE('',(#2264),#2258,.T.);
#2266=CARTESIAN_POINT('',(0.0026071669125002856,-0.00028284271247461896,0.002607166912500285));
#2267=DIRECTION('',(0.6565096192647731,0.3714703751655651,0.656509619264773));
#2268=DIRECTION('',(-0.49245881265077684,0.8703357500657934,0));
#2269=AXIS2_PLACEMENT_3D('',#2266,#2267,#2268);
#2270=PLANE('',#2269);
#2271=ORIENTED_EDGE('',*,*,#446,.T.);
#2272=ORIENTED_EDGE('',*,*,#451,.T.);
#2273=ORIENTED_EDGE('',*,*,#456,.T.);
#2274=ORIENTED_EDGE('',*,*,#461,.T.);
#2275=EDGE_LOOP('',(#2271,#2272,#2273,#2274));
#2276=FACE_OUTER_BOUND('',#2275,.T.);
#2277=ADVANCED_FACE('',(#2276),#2270,.T.);
#2278=CARTESIAN_POINT('',(0.0028803719932571736,-0.000682842712474619,0.002880371993257173));
#2279=DIRECTION('',(0.2786824582087727,0.919060484937434,0.2786824582087725));
#2280=DIRECTION('',(-0.9569725782004251,0.29017836682363374,0));
#2281=AXIS2_PLACEMENT_3D('',#2278,#2279,#2280);
#2282=PLANE('',#2281);
#2283=ORIENTED_EDGE('',*,*,#466,.T.);
#2284=ORIENTED_EDGE('',*,*,#471,.T.);
#2285=ORIENTED_EDGE('',*,*,#476,.T.);
#2286=ORIENTED_EDGE('',*,*,#481,.T.);
#2287=EDGE_LOOP('',(#2283,#2284,#2285,#2286));
#2288=FACE_OUTER_BOUND('',#2287,.T.);
#2289=ADVANCED_FACE('',(#2288),#2282,.T.);
#2290=CARTESIAN_POINT('',(0.0032667423237728007,-0.0006828427124746191,0.0032667423237728));
#2291=DIRECTION('',(-0.2786824582087727,0.919060484937434,-0.27868245820877263));
#2292=DIRECTION('',(-0.9569725782004251,-0.29017836682363374,0));
#2293=AXIS2_PLACEMENT_3D('',#2290,#2291,#2292);
#2294=PLANE('',#2293);
#2295=ORIENTED_EDGE('',*,*,#486,.T.);
#2296=ORIENTED_EDGE('',*,*,#491,.T.);
#2297=ORIENTED_EDGE('',*,*,#496,.T.);
#2298=ORIENTED_EDGE('',*,*,#501,.T.);
#2299=EDGE_LOOP('',(#2295,#2296,#2297,#2298));
#2300=FACE_OUTER_BOUND('',#2299,.T.);
#2301=ADVANCED_FACE('',(#2300),#2294,.T.);
#2302=CARTESIAN_POINT('',(0.0035399474045296883,-0.00028284271247461907,0.003539947404529688));
#2303=DIRECTION('',(-0.6565096192647727,0.37147037516556597,-0.6565096192647727));
#2304=DIRECTION('',(-0.49245881265077796,-0.8703357500657927,0));
#2305=AXIS2_PLACEMENT_3D('',#2302,#2303,#2304);
#2306=PLANE('',#2305);
#2307=ORIENTED_EDGE('',*,*,#506,.T.);
#2308=ORIENTED_EDGE('',*,*,#511,.T.);
#2309=ORIENTED_EDGE('',*,*,#516,.T.);
#2310=ORIENTED_EDGE('',*,*,#521,.T.);
#2311=EDGE_LOOP('',(#2307,#2308,#2309,#2310));
#2312=FACE_OUTER_BOUND('',#2311,.T.);
#2313=ADVANCED_FACE('',(#2312),#2306,.T.);
#2314=CARTESIAN_POINT('',(0.0012957106781186552,0.000282842712474619,0.004835658082648343));
#2315=DIRECTION('',(-0.24029919847975678,-0.3714703751655658,-0.8968088177445293));
#2316=DIRECTION('',(0.8396361148000163,-0.5431493300405826,0));
#2317=AXIS2_PLACEMENT_3D('',#2314,#2315,#2316);
#2318=PLANE('',#2317);
#2319=ORIENTED_EDGE('',*,*,#526,.T.);
#2320=ORIENTED_EDGE('',*,*,#531,.T.);
#2321=ORIENTED_EDGE('',*,*,#536,.T.);
#2322=ORIENTED_EDGE('',*,*,#541,.T.);
#2323=EDGE_LOOP('',(#2319,#2320,#2321,#2322));
#2324=FACE_OUTER_BOUND('',#2323,.T.);
#2325=ADVANCED_FACE('',(#2324),#2318,.T.);
#2326=CARTESIAN_POINT('',(0.001195710678118655,0.000682842712474619,0.004462453001891456));
#2327=DIRECTION('',(-0.10200485929350604,-0.919060484937434,-0.38068731750227874));
#2328=DIRECTION('',(0.9938971364035037,-0.11031084375035415,0));
#2329=AXIS2_PLACEMENT_3D('',#2326,#2327,#2328);
#2330=PLANE('',#2329);
#2331=ORIENTED_EDGE('',*,*,#546,.T.);
#2332=ORIENTED_EDGE('',*,*,#551,.T.);
#2333=ORIENTED_EDGE('',*,*,#556,.T.);
#2334=ORIENTED_EDGE('',*,*,#561,.T.);
#2335=EDGE_LOOP('',(#2331,#2332,#2333,#2334));
#2336=FACE_OUTER_BOUND('',#2335,.T.);
#2337=ADVANCED_FACE('',(#2336),#2330,.T.);
#2338=CARTESIAN_POINT('',(0.0010542893218813457,0.000682842712474619,0.0039346613151385185));
#2339=DIRECTION('',(0.10200485929350611,-0.9190604849374339,0.38068731750227874));
#2340=DIRECTION('',(0.9938971364035037,0.11031084375035423,0));
#2341=AXIS2_PLACEMENT_3D('',#2338,#2339,#2340);
#2342=PLANE('',#2341);
#2343=ORIENTED_EDGE('',*,*,#566,.T.);
#2344=ORIENTED_EDGE('',*,*,#571,.T.);
#2345=ORIENTED_EDGE('',*,*,#576,.T.);
#2346=ORIENTED_EDGE('',*,*,#581,.T.);
#2347=EDGE_LOOP('',(#2343,#2344,#2345,#2346));
#2348=FACE_OUTER_BOUND('',#2347,.T.);
#2349=ADVANCED_FACE('',(#2348),#2342,.T.);
#2350=CARTESIAN_POINT('',(0.0009542893218813457,0.000282842712474619,0.0035614562343816306));
#2351=DIRECTION('',(0.24029919847975684,-0.3714703751655655,0.8968088177445294));
#2352=DIRECTION('',(0.8396361148000161,0.5431493300405831,0));
#2353=AXIS2_PLACEMENT_3D('',#2350,#2351,#2352);
#2354=PLANE('',#2353);
#2355=ORIENTED_EDGE('',*,*,#586,.T.);
#2356=ORIENTED_EDGE('',*,*,#591,.T.);
#2357=ORIENTED_EDGE('',*,*,#596,.T.);
#2358=ORIENTED_EDGE('',*,*,#601,.T.);
#2359=EDGE_LOOP('',(#2355,#2356,#2357,#2358));
#2360=FACE_OUTER_BOUND('',#2359,.T.);
#2361=ADVANCED_FACE('',(#2360),#2354,.T.);
#2362=CARTESIAN_POINT('',(0.0009542893218813455,-0.00028284271247461896,0.0035614562343816306));
#2363=DIRECTION('',(0.24029919847975675,0.3714703751655654,0.8968088177445294));
#2364=DIRECTION('',(-0.8396361148000161,0.5431493300405831,0));
#2365=AXIS2_PLACEMENT_3D('',#2362,#2363,#2364);
#2366=PLANE('',#2365);
#2367=ORIENTED_EDGE('',*,*,#606,.T.);
#2368=ORIENTED_EDGE('',*,*,#611,.T.);
#2369=ORIENTED_EDGE('',*,*,#616,.T.);
#2370=ORIENTED_EDGE('',*,*,#621,.T.);
#2371=EDGE_LOOP('',(#2367,#2368,#2369,#2370));
#2372=FACE_OUTER_BOUND('',#2371,.T.);
#2373=ADVANCED_FACE('',(#2372),#2366,.T.);
#2374=CARTESIAN_POINT('',(0.0010542893218813457,-0.000682842712474619,0.0039346613151385185));
#2375=DIRECTION('',(0.10200485929350611,0.9190604849374339,0.38068731750227874));
#2376=DIRECTION('',(-0.9938971364035037,0.11031084375035423,0));
#2377=AXIS2_PLACEMENT_3D('',#2374,#2375,#2376);
#2378=PLANE('',#2377);
#2379=ORIENTED_EDGE('',*,*,#626,.T.);
#2380=ORIENTED_EDGE('',*,*,#631,.T.);
#2381=ORIENTED_EDGE('',*,*,#636,.T.);
#2382=ORIENTED_EDGE('',*,*,#641,.T.);
#2383=EDGE_LOOP('',(#2379,#2380,#2381,#2382));
#2384=FACE_OUTER_BOUND('',#2383,.T.);
#2385=ADVANCED_FACE('',(#2384),#2378,.T.);
#2386=CARTESIAN_POINT('',(0.001195710678118655,-0.0006828427124746191,0.004462453001891455));
#2387=DIRECTION('',(-0.1020048592935059,0.919060484937434,-0.3806873175022787));
#2388=DIRECTION('',(-0.9938971364035037,-0.11031084375035399,0));
#2389=AXIS2_PLACEMENT_3D('',#2386,#2387,#2388);
#2390=PLANE('',#2389);
#2391=ORIENTED_EDGE('',*,*,#646,.T.);
#2392=ORIENTED_EDGE('',*,*,#651,.T.);
#2393=ORIENTED_EDGE('',*,*,#656,.T.);
#2394=ORIENTED_EDGE('',*,*,#661,.T.);
#2395=EDGE_LOOP('',(#2391,#2392,#2393,#2394));
#2396=FACE_OUTER_BOUND('',#2395,.T.);
#2397=ADVANCED_FACE('',(#2396),#2390,.T.);
#2398=CARTESIAN_POINT('',(0.0012957106781186552,-0.00028284271247461907,0.004835658082648343));
#2399=DIRECTION('',(-0.24029919847975675,0.37147037516556575,-0.8968088177445293));
#2400=DIRECTION('',(-0.8396361148000163,-0.5431493300405826,0));
#2401=AXIS2_PLACEMENT_3D('',#2398,#2399,#2400);
#2402=PLANE('',#2401);
#2403=ORIENTED_EDGE('',*,*,#666,.T.);
#2404=ORIENTED_EDGE('',*,*,#671,.T.);
#2405=ORIENTED_EDGE('',*,*,#676,.T.);
#2406=ORIENTED_EDGE('',*,*,#681,.T.);
#2407=EDGE_LOOP('',(#2403,#2404,#2405,#2406));
#2408=FACE_OUTER_BOUND('',#2407,.T.);
#2409=ADVANCED_FACE('',(#2408),#2402,.T.);
#2410=CARTESIAN_POINT('',(-0.001295710678118654,0.000282842712474619,0.004835658082648343));
#2411=DIRECTION('',(0.24029919847975656,-0.37147037516556636,-0.8968088177445291));
#2412=DIRECTION('',(0.8396361148000169,0.5431493300405817,0));
#2413=AXIS2_PLACEMENT_3D('',#2410,#2411,#2412);
#2414=PLANE('',#2413);
#2415=ORIENTED_EDGE('',*,*,#686,.T.);
#2416=ORIENTED_EDGE('',*,*,#691,.T.);
#2417=ORIENTED_EDGE('',*,*,#696,.T.);
#2418=ORIENTED_EDGE('',*,*,#701,.T.);
#2419=EDGE_LOOP('',(#2415,#2416,#2417,#2418));
#2420=FACE_OUTER_BOUND('',#2419,.T.);
#2421=ADVANCED_FACE('',(#2420),#2414,.T.);
#2422=CARTESIAN_POINT('',(-0.0011957106781186541,0.000682842712474619,0.004462453001891455));
#2423=DIRECTION('',(0.10200485929350614,-0.9190604849374338,-0.3806873175022791));
#2424=DIRECTION('',(0.9938971364035036,0.11031084375035426,0));
#2425=AXIS2_PLACEMENT_3D('',#2422,#2423,#2424);
#2426=PLANE('',#2425);
#2427=ORIENTED_EDGE('',*,*,#706,.T.);
#2428=ORIENTED_EDGE('',*,*,#711,.T.);
#2429=ORIENTED_EDGE('',*,*,#716,.T.);
#2430=ORIENTED_EDGE('',*,*,#721,.T.);
#2431=EDGE_LOOP('',(#2427,#2428,#2429,#2430));
#2432=FACE_OUTER_BOUND('',#2431,.T.);
#2433=ADVANCED_FACE('',(#2432),#2426,.T.);
#2434=CARTESIAN_POINT('',(-0.0010542893218813446,0.000682842712474619,0.0039346613151385185));
#2435=DIRECTION('',(-0.10200485929350604,-0.9190604849374339,0.38068731750227897));
#2436=DIRECTION('',(0.9938971364035037,-0.11031084375035415,0));
#2437=AXIS2_PLACEMENT_3D('',#2434,#2435,#2436);
#2438=PLANE('',#2437);
#2439=ORIENTED_EDGE('',*,*,#726,.T.);
#2440=ORIENTED_EDGE('',*,*,#731,.T.);
#2441=ORIENTED_EDGE('',*,*,#736,.T.);
#2442=ORIENTED_EDGE('',*,*,#741,.T.);
#2443=EDGE_LOOP('',(#2439,#2440,#2441,#2442));
#2444=FACE_OUTER_BOUND('',#2443,.T.);
#2445=ADVANCED_FACE('',(#2444),#2438,.T.);
#2446=CARTESIAN_POINT('',(-0.0009542893218813445,0.000282842712474619,0.0035614562343816306));
#2447=DIRECTION('',(-0.24029919847975675,-0.3714703751655654,0.8968088177445293));
#2448=DIRECTION('',(0.8396361148000161,-0.5431493300405831,0));
#2449=AXIS2_PLACEMENT_3D('',#2446,#2447,#2448);
#2450=PLANE('',#2449);
#2451=ORIENTED_EDGE('',*,*,#746,.T.);
#2452=ORIENTED_EDGE('',*,*,#751,.T.);
#2453=ORIENTED_EDGE('',*,*,#756,.T.);
#2454=ORIENTED_EDGE('',*,*,#761,.T.);
#2455=EDGE_LOOP('',(#2451,#2452,#2453,#2454));
#2456=FACE_OUTER_BOUND('',#2455,.T.);
#2457=ADVANCED_FACE('',(#2456),#2450,.T.);
#2458=CARTESIAN_POINT('',(-0.0009542893218813446,-0.00028284271247461896,0.0035614562343816306));
#2459=DIRECTION('',(-0.24029919847975673,0.3714703751655654,0.8968088177445295));
#2460=DIRECTION('',(-0.8396361148000161,-0.543149330040583,0));
#2461=AXIS2_PLACEMENT_3D('',#2458,#2459,#2460);
#2462=PLANE('',#2461);
#2463=ORIENTED_EDGE('',*,*,#766,.T.);
#2464=ORIENTED_EDGE('',*,*,#771,.T.);
#2465=ORIENTED_EDGE('',*,*,#776,.T.);
#2466=ORIENTED_EDGE('',*,*,#781,.T.);
#2467=EDGE_LOOP('',(#2463,#2464,#2465,#2466));
#2468=FACE_OUTER_BOUND('',#2467,.T.);
#2469=ADVANCED_FACE('',(#2468),#2462,.T.);
#2470=CARTESIAN_POINT('',(-0.0010542893218813446,-0.000682842712474619,0.0039346613151385185));
#2471=DIRECTION('',(-0.10200485929350604,0.9190604849374339,0.38068731750227897));
#2472=DIRECTION('',(-0.9938971364035037,-0.11031084375035415,0));
#2473=AXIS2_PLACEMENT_3D('',#2470,#2471,#2472);
#2474=PLANE('',#2473);
#2475=ORIENTED_EDGE('',*,*,#786,.T.);
#2476=ORIENTED_EDGE('',*,*,#791,.T.);
#2477=ORIENTED_EDGE('',*,*,#796,.T.);
#2478=ORIENTED_EDGE('',*,*,#801,.T.);
#2479=EDGE_LOOP('',(#2475,#2476,#2477,#2478));
#2480=FACE_OUTER_BOUND('',#2479,.T.);
#2481=ADVANCED_FACE('',(#2480),#2474,.T.);
#2482=CARTESIAN_POINT('',(-0.0011957106781186541,-0.0006828427124746191,0.004462453001891456));
#2483=DIRECTION('',(0.10200485929350599,0.9190604849374339,-0.3806873175022788));
#2484=DIRECTION('',(-0.9938971364035037,0.11031084375035409,0));
#2485=AXIS2_PLACEMENT_3D('',#2482,#2483,#2484);
#2486=PLANE('',#2485);
#2487=ORIENTED_EDGE('',*,*,#806,.T.);
#2488=ORIENTED_EDGE('',*,*,#811,.T.);
#2489=ORIENTED_EDGE('',*,*,#816,.T.);
#2490=ORIENTED_EDGE('',*,*,#821,.T.);
#2491=EDGE_LOOP('',(#2487,#2488,#2489,#2490));
#2492=FACE_OUTER_BOUND('',#2491,.T.);
#2493=ADVANCED_FACE('',(#2492),#2486,.T.);
#2494=CARTESIAN_POINT('',(-0.001295710678118654,-0.00028284271247461907,0.004835658082648343));
#2495=DIRECTION('',(0.2402991984797565,0.3714703751655663,-0.896808817744529));
#2496=DIRECTION('',(-0.8396361148000169,0.5431493300405817,0));
#2497=AXIS2_PLACEMENT_3D('',#2494,#2495,#2496);
#2498=PLANE('',#2497);
#2499=ORIENTED_EDGE('',*,*,#826,.T.);
#2500=ORIENTED_EDGE('',*,*,#831,.T.);
#2501=ORIENTED_EDGE('',*,*,#836,.T.);
#2502=ORIENTED_EDGE('',*,*,#841,.T.);
#2503=EDGE_LOOP('',(#2499,#2500,#2501,#2502));
#2504=FACE_OUTER_BOUND('',#2503,.T.);
#2505=ADVANCED_FACE('',(#2504),#2498,.T.);
#2506=CARTESIAN_POINT('',(-0.003539947404529688,0.000282842712474619,0.0035399474045296883));
#2507=DIRECTION('',(0.6565096192647724,-0.37147037516556636,-0.6565096192647728));
#2508=DIRECTION('',(0.49245881265077857,0.8703357500657924,0));
#2509=AXIS2_PLACEMENT_3D('',#2506,#2507,#2508);
#2510=PLANE('',#2509);
#2511=ORIENTED_EDGE('',*,*,#846,.T.);
#2512=ORIENTED_EDGE('',*,*,#851,.T.);
#2513=ORIENTED_EDGE('',*,*,#856,.T.);
#2514=ORIENTED_EDGE('',*,*,#861,.T.);
#2515=EDGE_LOOP('',(#2511,#2512,#2513,#2514));
#2516=FACE_OUTER_BOUND('',#2515,.T.);
#2517=ADVANCED_FACE('',(#2516),#2510,.T.);
#2518=CARTESIAN_POINT('',(-0.0032667423237728,0.000682842712474619,0.0032667423237728002));
#2519=DIRECTION('',(0.2786824582087726,-0.9190604849374339,-0.27868245820877274));
#2520=DIRECTION('',(0.9569725782004251,0.2901783668236336,0));
#2521=AXIS2_PLACEMENT_3D('',#2518,#2519,#2520);
#2522=PLANE('',#2521);
#2523=ORIENTED_EDGE('',*,*,#866,.T.);
#2524=ORIENTED_EDGE('',*,*,#871,.T.);
#2525=ORIENTED_EDGE('',*,*,#876,.T.);
#2526=ORIENTED_EDGE('',*,*,#881,.T.);
#2527=EDGE_LOOP('',(#2523,#2524,#2525,#2526));
#2528=FACE_OUTER_BOUND('',#2527,.T.);
#2529=ADVANCED_FACE('',(#2528),#2522,.T.);
#2530=CARTESIAN_POINT('',(-0.002880371993257173,0.000682842712474619,0.002880371993257173));
#2531=DIRECTION('',(-0.2786824582087731,-0.9190604849374339,0.278682458208773));
#2532=DIRECTION('',(0.956972578200425,-0.2901783668236341,0));
#2533=AXIS2_PLACEMENT_3D('',#2530,#2531,#2532);
#2534=PLANE('',#2533);
#2535=ORIENTED_EDGE('',*,*,#886,.T.);
#2536=ORIENTED_EDGE('',*,*,#891,.T.);
#2537=ORIENTED_EDGE('',*,*,#896,.T.);
#2538=ORIENTED_EDGE('',*,*,#901,.T.);
#2539=EDGE_LOOP('',(#2535,#2536,#2537,#2538));
#2540=FACE_OUTER_BOUND('',#2539,.T.);
#2541=ADVANCED_FACE('',(#2540),#2534,.T.);
#2542=CARTESIAN_POINT('',(-0.002607166912500285,0.000282842712474619,0.002607166912500285));
#2543=DIRECTION('',(-0.6565096192647725,-0.3714703751655657,0.6565096192647729));
#2544=DIRECTION('',(0.49245881265077784,-0.8703357500657928,0));
#2545=AXIS2_PLACEMENT_3D('',#2542,#2543,#2544);
#2546=PLANE('',#2545);
#2547=ORIENTED_EDGE('',*,*,#906,.T.);
#2548=ORIENTED_EDGE('',*,*,#911,.T.);
#2549=ORIENTED_EDGE('',*,*,#916,.T.);
#2550=ORIENTED_EDGE('',*,*,#921,.T.);
#2551=EDGE_LOOP('',(#2547,#2548,#2549,#2550));
#2552=FACE_OUTER_BOUND('',#2551,.T.);
#2553=ADVANCED_FACE('',(#2552),#2546,.T.);
#2554=CARTESIAN_POINT('',(-0.0026071669125002847,-0.00028284271247461896,0.002607166912500285));
#2555=DIRECTION('',(-0.6565096192647726,0.3714703751655656,0.6565096192647729));
#2556=DIRECTION('',(-0.4924588126507777,-0.8703357500657929,0));
#2557=AXIS2_PLACEMENT_3D('',#2554,#2555,#2556);
#2558=PLANE('',#2557);
#2559=ORIENTED_EDGE('',*,*,#926,.T.);
#2560=ORIENTED_EDGE('',*,*,#931,.T.);
#2561=ORIENTED_EDGE('',*,*,#936,.T.);
#2562=ORIENTED_EDGE('',*,*,#941,.T.);
#2563=EDGE_LOOP('',(#2559,#2560,#2561,#2562));
#2564=FACE_OUTER_BOUND('',#2563,.T.);
#2565=ADVANCED_FACE('',(#2564),#2558,.T.);
#2566=CARTESIAN_POINT('',(-0.0028803719932571728,-0.000682842712474619,0.002880371993257173));
#2567=DIRECTION('',(-0.27868245820877297,0.9190604849374339,0.278682458208773));
#2568=DIRECTION('',(-0.956972578200425,-0.290178366823634,0));
#2569=AXIS2_PLACEMENT_3D('',#2566,#2567,#2568);
#2570=PLANE('',#2569);
#2571=ORIENTED_EDGE('',*,*,#946,.T.);
#2572=ORIENTED_EDGE('',*,*,#951,.T.);
#2573=ORIENTED_EDGE('',*,*,#956,.T.);
#2574=ORIENTED_EDGE('',*,*,#961,.T.);
#2575=EDGE_LOOP('',(#2571,#2572,#2573,#2574));
#2576=FACE_OUTER_BOUND('',#2575,.T.);
#2577=ADVANCED_FACE('',(#2576),#2570,.T.);
#2578=CARTESIAN_POINT('',(-0.0032667423237728,-0.0006828427124746191,0.0032667423237728002));
#2579=DIRECTION('',(0.2786824582087726,0.919060484937434,-0.27868245820877285));
#2580=DIRECTION('',(-0.9569725782004251,0.2901783668236336,0));
#2581=AXIS2_PLACEMENT_3D('',#2578,#2579,#2580);
#2582=PLANE('',#2581);
#2583=ORIENTED_EDGE('',*,*,#966,.T.);
#2584=ORIENTED_EDGE('',*,*,#971,.T.);
#2585=ORIENTED_EDGE('',*,*,#976,.T.);
#2586=ORIENTED_EDGE('',*,*,#981,.T.);
#2587=EDGE_LOOP('',(#2583,#2584,#2585,#2586));
#2588=FACE_OUTER_BOUND('',#2587,.T.);
#2589=ADVANCED_FACE('',(#2588),#2582,.T.);
#2590=CARTESIAN_POINT('',(-0.0035399474045296883,-0.00028284271247461907,0.0035399474045296883));
#2591=DIRECTION('',(0.6565096192647726,0.37147037516556586,-0.6565096192647728));
#2592=DIRECTION('',(-0.4924588126507779,0.8703357500657927,0));
#2593=AXIS2_PLACEMENT_3D('',#2590,#2591,#2592);
#2594=PLANE('',#2593);
#2595=ORIENTED_EDGE('',*,*,#986,.T.);
#2596=ORIENTED_EDGE('',*,*,#991,.T.);
#2597=ORIENTED_EDGE('',*,*,#996,.T.);
#2598=ORIENTED_EDGE('',*,*,#1001,.T.);
#2599=EDGE_LOOP('',(#2595,#2596,#2597,#2598));
#2600=FACE_OUTER_BOUND('',#2599,.T.);
#2601=ADVANCED_FACE('',(#2600),#2594,.T.);
#2602=CARTESIAN_POINT('',(-0.004835658082648343,0.000282842712474619,0.0012957106781186548));
#2603=DIRECTION('',(0.8968088177445289,-0.37147037516556664,-0.2402991984797564));
#2604=DIRECTION('',(0.3826834323650911,0.9238795325112861,0));
#2605=AXIS2_PLACEMENT_3D('',#2602,#2603,#2604);
#2606=PLANE('',#2605);
#2607=ORIENTED_EDGE('',*,*,#1006,.T.);
#2608=ORIENTED_EDGE('',*,*,#1011,.T.);
#2609=ORIENTED_EDGE('',*,*,#1016,.T.);
#2610=ORIENTED_EDGE('',*,*,#1021,.T.);
#2611=EDGE_LOOP('',(#2607,#2608,#2609,#2610));
#2612=FACE_OUTER_BOUND('',#2611,.T.);
#2613=ADVANCED_FACE('',(#2612),#2606,.T.);
#2614=CARTESIAN_POINT('',(-0.004462453001891456,0.000682842712474619,0.0011957106781186545));
#2615=DIRECTION('',(0.3806873175022789,-0.919060484937434,-0.10200485929350601));
#2616=DIRECTION('',(0.9238795325112866,0.38268343236508984,0));
#2617=AXIS2_PLACEMENT_3D('',#2614,#2615,#2616);
#2618=PLANE('',#2617);
#2619=ORIENTED_EDGE('',*,*,#1026,.T.);
#2620=ORIENTED_EDGE('',*,*,#1031,.T.);
#2621=ORIENTED_EDGE('',*,*,#1036,.T.);
#2622=ORIENTED_EDGE('',*,*,#1041,.T.);
#2623=EDGE_LOOP('',(#2619,#2620,#2621,#2622));
#2624=FACE_OUTER_BOUND('',#2623,.T.);
#2625=ADVANCED_FACE('',(#2624),#2618,.T.);
#2626=CARTESIAN_POINT('',(-0.0039346613151385185,0.000682842712474619,0.0010542893218813453));
#2627=DIRECTION('',(-0.3806873175022789,-0.919060484937434,0.10200485929350607));
#2628=DIRECTION('',(0.9238795325112866,-0.38268343236508984,0));
#2629=AXIS2_PLACEMENT_3D('',#2626,#2627,#2628);
#2630=PLANE('',#2629);
#2631=ORIENTED_EDGE('',*,*,#1046,.T.);
#2632=ORIENTED_EDGE('',*,*,#1051,.T.);
#2633=ORIENTED_EDGE('',*,*,#1056,.T.);
#2634=ORIENTED_EDGE('',*,*,#1061,.T.);
#2635=EDGE_LOOP('',(#2631,#2632,#2633,#2634));
#2636=FACE_OUTER_BOUND('',#2635,.T.);
#2637=ADVANCED_FACE('',(#2636),#2630,.T.);
#2638=CARTESIAN_POINT('',(-0.0035614562343816306,0.000282842712474619,0.0009542893218813452));
#2639=DIRECTION('',(-0.8968088177445295,-0.37147037516556547,0.2402991984797565));
#2640=DIRECTION('',(0.38268343236508995,-0.9238795325112867,0));
#2641=AXIS2_PLACEMENT_3D('',#2638,#2639,#2640);
#2642=PLANE('',#2641);
#2643=ORIENTED_EDGE('',*,*,#1066,.T.);
#2644=ORIENTED_EDGE('',*,*,#1071,.T.);
#2645=ORIENTED_EDGE('',*,*,#1076,.T.);
#2646=ORIENTED_EDGE('',*,*,#1081,.T.);
#2647=EDGE_LOOP('',(#2643,#2644,#2645,#2646));
#2648=FACE_OUTER_BOUND('',#2647,.T.);
#2649=ADVANCED_FACE('',(#2648),#2642,.T.);
#2650=CARTESIAN_POINT('',(-0.0035614562343816306,-0.00028284271247461896,0.0009542893218813452));
#2651=DIRECTION('',(-0.8968088177445295,0.37147037516556536,0.24029919847975653));
#2652=DIRECTION('',(-0.38268343236508984,-0.9238795325112867,0));
#2653=AXIS2_PLACEMENT_3D('',#2650,#2651,#2652);
#2654=PLANE('',#2653);
#2655=ORIENTED_EDGE('',*,*,#1086,.T.);
#2656=ORIENTED_EDGE('',*,*,#1091,.T.);
#2657=ORIENTED_EDGE('',*,*,#1096,.T.);
#2658=ORIENTED_EDGE('',*,*,#1101,.T.);
#2659=EDGE_LOOP('',(#2655,#2656,#2657,#2658));
#2660=FACE_OUTER_BOUND('',#2659,.T.);
#2661=ADVANCED_FACE('',(#2660),#2654,.T.);
#2662=CARTESIAN_POINT('',(-0.0039346613151385185,-0.000682842712474619,0.0010542893218813453));
#2663=DIRECTION('',(-0.3806873175022789,0.919060484937434,0.10200485929350607));
#2664=DIRECTION('',(-0.9238795325112866,-0.38268343236508984,0));
#2665=AXIS2_PLACEMENT_3D('',#2662,#2663,#2664);
#2666=PLANE('',#2665);
#2667=ORIENTED_EDGE('',*,*,#1106,.T.);
#2668=ORIENTED_EDGE('',*,*,#1111,.T.);
#2669=ORIENTED_EDGE('',*,*,#1116,.T.);
#2670=ORIENTED_EDGE('',*,*,#1121,.T.);
#2671=EDGE_LOOP('',(#2667,#2668,#2669,#2670));
#2672=FACE_OUTER_BOUND('',#2671,.T.);
#2673=ADVANCED_FACE('',(#2672),#2666,.T.);
#2674=CARTESIAN_POINT('',(-0.004462453001891456,-0.0006828427124746191,0.0011957106781186545));
#2675=DIRECTION('',(0.3806873175022787,0.919060484937434,-0.10200485929350599));
#2676=DIRECTION('',(-0.9238795325112867,0.38268343236508967,0));
#2677=AXIS2_PLACEMENT_3D('',#2674,#2675,#2676);
#2678=PLANE('',#2677);
#2679=ORIENTED_EDGE('',*,*,#1126,.T.);
#2680=ORIENTED_EDGE('',*,*,#1131,.T.);
#2681=ORIENTED_EDGE('',*,*,#1136,.T.);
#2682=ORIENTED_EDGE('',*,*,#1141,.T.);
#2683=EDGE_LOOP('',(#2679,#2680,#2681,#2682));
#2684=FACE_OUTER_BOUND('',#2683,.T.);
#2685=ADVANCED_FACE('',(#2684),#2678,.T.);
#2686=CARTESIAN_POINT('',(-0.004835658082648343,-0.00028284271247461907,0.0012957106781186548));
#2687=DIRECTION('',(0.8968088177445289,0.37147037516556664,-0.24029919847975642));
#2688=DIRECTION('',(-0.3826834323650911,0.9238795325112861,0));
#2689=AXIS2_PLACEMENT_3D('',#2686,#2687,#2688);
#2690=PLANE('',#2689);
#2691=ORIENTED_EDGE('',*,*,#1146,.T.);
#2692=ORIENTED_EDGE('',*,*,#1151,.T.);
#2693=ORIENTED_EDGE('',*,*,#1156,.T.);
#2694=ORIENTED_EDGE('',*,*,#1161,.T.);
#2695=EDGE_LOOP('',(#2691,#2692,#2693,#2694));
#2696=FACE_OUTER_BOUND('',#2695,.T.);
#2697=ADVANCED_FACE('',(#2696),#2690,.T.);
#2698=CARTESIAN_POINT('',(-0.004835658082648343,0.000282842712474619,-0.0012957106781186546));
#2699=DIRECTION('',(0.8968088177445298,-0.3714703751655648,0.24029919847975656));
#2700=DIRECTION('',(0.3826834323650892,0.923879532511287,0));
#2701=AXIS2_PLACEMENT_3D('',#2698,#2699,#2700);
#2702=PLANE('',#2701);
#2703=ORIENTED_EDGE('',*,*,#1166,.T.);
#2704=ORIENTED_EDGE('',*,*,#1171,.T.);
#2705=ORIENTED_EDGE('',*,*,#1176,.T.);
#2706=ORIENTED_EDGE('',*,*,#1181,.T.);
#2707=EDGE_LOOP('',(#2703,#2704,#2705,#2706));
#2708=FACE_OUTER_BOUND('',#2707,.T.);
#2709=ADVANCED_FACE('',(#2708),#2702,.T.);
#2710=CARTESIAN_POINT('',(-0.004462453001891455,0.000682842712474619,-0.0011957106781186545));
#2711=DIRECTION('',(0.3806873175022789,-0.9190604849374339,0.10200485929350601));
#2712=DIRECTION('',(0.9238795325112866,0.3826834323650899,0));
#2713=AXIS2_PLACEMENT_3D('',#2710,#2711,#2712);
#2714=PLANE('',#2713);
#2715=ORIENTED_EDGE('',*,*,#1186,.T.);
#2716=ORIENTED_EDGE('',*,*,#1191,.T.);
#2717=ORIENTED_EDGE('',*,*,#1196,.T.);
#2718=ORIENTED_EDGE('',*,*,#1201,.T.);
#2719=EDGE_LOOP('',(#2715,#2716,#2717,#2718));
#2720=FACE_OUTER_BOUND('',#2719,.T.);
#2721=ADVANCED_FACE('',(#2720),#2714,.T.);
#2722=CARTESIAN_POINT('',(-0.0039346613151385185,0.000682842712474619,-0.001054289321881345));
#2723=DIRECTION('',(-0.38068731750227885,-0.9190604849374339,-0.10200485929350601));
#2724=DIRECTION('',(0.9238795325112867,-0.3826834323650899,0));
#2725=AXIS2_PLACEMENT_3D('',#2722,#2723,#2724);
#2726=PLANE('',#2725);
#2727=ORIENTED_EDGE('',*,*,#1206,.T.);
#2728=ORIENTED_EDGE('',*,*,#1211,.T.);
#2729=ORIENTED_EDGE('',*,*,#1216,.T.);
#2730=ORIENTED_EDGE('',*,*,#1221,.T.);
#2731=EDGE_LOOP('',(#2727,#2728,#2729,#2730));
#2732=FACE_OUTER_BOUND('',#2731,.T.);
#2733=ADVANCED_FACE('',(#2732),#2726,.T.);
#2734=CARTESIAN_POINT('',(-0.0035614562343816306,0.000282842712474619,-0.0009542893218813451));
#2735=DIRECTION('',(-0.8968088177445295,-0.3714703751655652,-0.24029919847975653));
#2736=DIRECTION('',(0.38268343236508967,-0.9238795325112868,0));
#2737=AXIS2_PLACEMENT_3D('',#2734,#2735,#2736);
#2738=PLANE('',#2737);
#2739=ORIENTED_EDGE('',*,*,#1226,.T.);
#2740=ORIENTED_EDGE('',*,*,#1231,.T.);
#2741=ORIENTED_EDGE('',*,*,#1236,.T.);
#2742=ORIENTED_EDGE('',*,*,#1241,.T.);
#2743=EDGE_LOOP('',(#2739,#2740,#2741,#2742));
#2744=FACE_OUTER_BOUND('',#2743,.T.);
#2745=ADVANCED_FACE('',(#2744),#2738,.T.);
#2746=CARTESIAN_POINT('',(-0.0035614562343816306,-0.00028284271247461896,-0.0009542893218813451));
#2747=DIRECTION('',(-0.8968088177445296,0.371470375165565,-0.24029919847975656));
#2748=DIRECTION('',(-0.3826834323650895,-0.923879532511287,0));
#2749=AXIS2_PLACEMENT_3D('',#2746,#2747,#2748);
#2750=PLANE('',#2749);
#2751=ORIENTED_EDGE('',*,*,#1246,.T.);
#2752=ORIENTED_EDGE('',*,*,#1251,.T.);
#2753=ORIENTED_EDGE('',*,*,#1256,.T.);
#2754=ORIENTED_EDGE('',*,*,#1261,.T.);
#2755=EDGE_LOOP('',(#2751,#2752,#2753,#2754));
#2756=FACE_OUTER_BOUND('',#2755,.T.);
#2757=ADVANCED_FACE('',(#2756),#2750,.T.);
#2758=CARTESIAN_POINT('',(-0.0039346613151385185,-0.000682842712474619,-0.001054289321881345));
#2759=DIRECTION('',(-0.38068731750227885,0.9190604849374339,-0.10200485929350601));
#2760=DIRECTION('',(-0.9238795325112867,-0.3826834323650899,0));
#2761=AXIS2_PLACEMENT_3D('',#2758,#2759,#2760);
#2762=PLANE('',#2761);
#2763=ORIENTED_EDGE('',*,*,#1266,.T.);
#2764=ORIENTED_EDGE('',*,*,#1271,.T.);
#2765=ORIENTED_EDGE('',*,*,#1276,.T.);
#2766=ORIENTED_EDGE('',*,*,#1281,.T.);
#2767=EDGE_LOOP('',(#2763,#2764,#2765,#2766));
#2768=FACE_OUTER_BOUND('',#2767,.T.);
#2769=ADVANCED_FACE('',(#2768),#2762,.T.);
#2770=CARTESIAN_POINT('',(-0.004462453001891455,-0.0006828427124746191,-0.0011957106781186545));
#2771=DIRECTION('',(0.3806873175022788,0.919060484937434,0.10200485929350596));
#2772=DIRECTION('',(-0.9238795325112867,0.3826834323650898,0));
#2773=AXIS2_PLACEMENT_3D('',#2770,#2771,#2772);
#2774=PLANE('',#2773);
#2775=ORIENTED_EDGE('',*,*,#1286,.T.);
#2776=ORIENTED_EDGE('',*,*,#1291,.T.);
#2777=ORIENTED_EDGE('',*,*,#1296,.T.);
#2778=ORIENTED_EDGE('',*,*,#1301,.T.);
#2779=EDGE_LOOP('',(#2775,#2776,#2777,#2778));
#2780=FACE_OUTER_BOUND('',#2779,.T.);
#2781=ADVANCED_FACE('',(#2780),#2774,.T.);
#2782=CARTESIAN_POINT('',(-0.004835658082648343,-0.00028284271247461907,-0.0012957106781186546));
#2783=DIRECTION('',(0.8968088177445298,0.3714703751655648,0.24029919847975661));
#2784=DIRECTION('',(-0.3826834323650892,0.923879532511287,0));
#2785=AXIS2_PLACEMENT_3D('',#2782,#2783,#2784);
#2786=PLANE('',#2785);
#2787=ORIENTED_EDGE('',*,*,#1306,.T.);
#2788=ORIENTED_EDGE('',*,*,#1311,.T.);
#2789=ORIENTED_EDGE('',*,*,#1316,.T.);
#2790=ORIENTED_EDGE('',*,*,#1321,.T.);
#2791=EDGE_LOOP('',(#2787,#2788,#2789,#2790));
#2792=FACE_OUTER_BOUND('',#2791,.T.);
#2793=ADVANCED_FACE('',(#2792),#2786,.T.);
#2794=CARTESIAN_POINT('',(-0.003539947404529689,0.000282842712474619,-0.003539947404529688));
#2795=DIRECTION('',(0.6565096192647729,-0.3714703751655655,0.6565096192647728));
#2796=DIRECTION('',(0.4924588126507774,0.870335750065793,0));
#2797=AXIS2_PLACEMENT_3D('',#2794,#2795,#2796);
#2798=PLANE('',#2797);
#2799=ORIENTED_EDGE('',*,*,#1326,.T.);
#2800=ORIENTED_EDGE('',*,*,#1331,.T.);
#2801=ORIENTED_EDGE('',*,*,#1336,.T.);
#2802=ORIENTED_EDGE('',*,*,#1341,.T.);
#2803=EDGE_LOOP('',(#2799,#2800,#2801,#2802));
#2804=FACE_OUTER_BOUND('',#2803,.T.);
#2805=ADVANCED_FACE('',(#2804),#2798,.T.);
#2806=CARTESIAN_POINT('',(-0.0032667423237728015,0.000682842712474619,-0.0032667423237728));
#2807=DIRECTION('',(0.2786824582087728,-0.9190604849374339,0.27868245820877297));
#2808=DIRECTION('',(0.956972578200425,0.29017836682363385,0));
#2809=AXIS2_PLACEMENT_3D('',#2806,#2807,#2808);
#2810=PLANE('',#2809);
#2811=ORIENTED_EDGE('',*,*,#1346,.T.);
#2812=ORIENTED_EDGE('',*,*,#1351,.T.);
#2813=ORIENTED_EDGE('',*,*,#1356,.T.);
#2814=ORIENTED_EDGE('',*,*,#1361,.T.);
#2815=EDGE_LOOP('',(#2811,#2812,#2813,#2814));
#2816=FACE_OUTER_BOUND('',#2815,.T.);
#2817=ADVANCED_FACE('',(#2816),#2810,.T.);
#2818=CARTESIAN_POINT('',(-0.002880371993257174,0.000682842712474619,-0.0028803719932571728));
#2819=DIRECTION('',(-0.27868245820877285,-0.919060484937434,-0.2786824582087728));
#2820=DIRECTION('',(0.956972578200425,-0.29017836682363385,0));
#2821=AXIS2_PLACEMENT_3D('',#2818,#2819,#2820);
#2822=PLANE('',#2821);
#2823=ORIENTED_EDGE('',*,*,#1366,.T.);
#2824=ORIENTED_EDGE('',*,*,#1371,.T.);
#2825=ORIENTED_EDGE('',*,*,#1376,.T.);
#2826=ORIENTED_EDGE('',*,*,#1381,.T.);
#2827=EDGE_LOOP('',(#2823,#2824,#2825,#2826));
#2828=FACE_OUTER_BOUND('',#2827,.T.);
#2829=ADVANCED_FACE('',(#2828),#2822,.T.);
#2830=CARTESIAN_POINT('',(-0.0026071669125002864,0.000282842712474619,-0.0026071669125002856));
#2831=DIRECTION('',(-0.6565096192647729,-0.37147037516556575,-0.6565096192647727));
#2832=DIRECTION('',(0.4924588126507776,-0.8703357500657929,0));
#2833=AXIS2_PLACEMENT_3D('',#2830,#2831,#2832);
#2834=PLANE('',#2833);
#2835=ORIENTED_EDGE('',*,*,#1386,.T.);
#2836=ORIENTED_EDGE('',*,*,#1391,.T.);
#2837=ORIENTED_EDGE('',*,*,#1396,.T.);
#2838=ORIENTED_EDGE('',*,*,#1401,.T.);
#2839=EDGE_LOOP('',(#2835,#2836,#2837,#2838));
#2840=FACE_OUTER_BOUND('',#2839,.T.);
#2841=ADVANCED_FACE('',(#2840),#2834,.T.);
#2842=CARTESIAN_POINT('',(-0.0026071669125002864,-0.00028284271247461896,-0.002607166912500285));
#2843=DIRECTION('',(-0.6565096192647728,0.3714703751655656,-0.6565096192647727));
#2844=DIRECTION('',(-0.4924588126507775,-0.870335750065793,0));
#2845=AXIS2_PLACEMENT_3D('',#2842,#2843,#2844);
#2846=PLANE('',#2845);
#2847=ORIENTED_EDGE('',*,*,#1406,.T.);
#2848=ORIENTED_EDGE('',*,*,#1411,.T.);
#2849=ORIENTED_EDGE('',*,*,#1416,.T.);
#2850=ORIENTED_EDGE('',*,*,#1421,.T.);
#2851=EDGE_LOOP('',(#2847,#2848,#2849,#2850));
#2852=FACE_OUTER_BOUND('',#2851,.T.);
#2853=ADVANCED_FACE('',(#2852),#2846,.T.);
#2854=CARTESIAN_POINT('',(-0.002880371993257174,-0.000682842712474619,-0.0028803719932571728));
#2855=DIRECTION('',(-0.27868245820877285,0.919060484937434,-0.2786824582087727));
#2856=DIRECTION('',(-0.956972578200425,-0.29017836682363385,0));
#2857=AXIS2_PLACEMENT_3D('',#2854,#2855,#2856);
#2858=PLANE('',#2857);
#2859=ORIENTED_EDGE('',*,*,#1426,.T.);
#2860=ORIENTED_EDGE('',*,*,#1431,.T.);
#2861=ORIENTED_EDGE('',*,*,#1436,.T.);
#2862=ORIENTED_EDGE('',*,*,#1441,.T.);
#2863=EDGE_LOOP('',(#2859,#2860,#2861,#2862));
#2864=FACE_OUTER_BOUND('',#2863,.T.);
#2865=ADVANCED_FACE('',(#2864),#2858,.T.);
#2866=CARTESIAN_POINT('',(-0.0032667423237728015,-0.0006828427124746191,-0.0032667423237728));
#2867=DIRECTION('',(0.27868245820877274,0.919060484937434,0.2786824582087729));
#2868=DIRECTION('',(-0.956972578200425,0.29017836682363374,0));
#2869=AXIS2_PLACEMENT_3D('',#2866,#2867,#2868);
#2870=PLANE('',#2869);
#2871=ORIENTED_EDGE('',*,*,#1446,.T.);
#2872=ORIENTED_EDGE('',*,*,#1451,.T.);
#2873=ORIENTED_EDGE('',*,*,#1456,.T.);
#2874=ORIENTED_EDGE('',*,*,#1461,.T.);
#2875=EDGE_LOOP('',(#2871,#2872,#2873,#2874));
#2876=FACE_OUTER_BOUND('',#2875,.T.);
#2877=ADVANCED_FACE('',(#2876),#2870,.T.);
#2878=CARTESIAN_POINT('',(-0.003539947404529689,-0.00028284271247461907,-0.0035399474045296874));
#2879=DIRECTION('',(0.656509619264773,0.37147037516556547,0.6565096192647729));
#2880=DIRECTION('',(-0.49245881265077723,0.870335750065793,0));
#2881=AXIS2_PLACEMENT_3D('',#2878,#2879,#2880);
#2882=PLANE('',#2881);
#2883=ORIENTED_EDGE('',*,*,#1466,.T.);
#2884=ORIENTED_EDGE('',*,*,#1471,.T.);
#2885=ORIENTED_EDGE('',*,*,#1476,.T.);
#2886=ORIENTED_EDGE('',*,*,#1481,.T.);
#2887=EDGE_LOOP('',(#2883,#2884,#2885,#2886));
#2888=FACE_OUTER_BOUND('',#2887,.T.);
#2889=ADVANCED_FACE('',(#2888),#2882,.T.);
#2890=CARTESIAN_POINT('',(-0.0012957106781186561,0.000282842712474619,-0.004835658082648343));
#2891=DIRECTION('',(0.24029919847975714,-0.37147037516556575,0.896808817744529));
#2892=DIRECTION('',(0.8396361148000159,0.5431493300405833,0));
#2893=AXIS2_PLACEMENT_3D('',#2890,#2891,#2892);
#2894=PLANE('',#2893);
#2895=ORIENTED_EDGE('',*,*,#1486,.T.);
#2896=ORIENTED_EDGE('',*,*,#1491,.T.);
#2897=ORIENTED_EDGE('',*,*,#1496,.T.);
#2898=ORIENTED_EDGE('',*,*,#1501,.T.);
#2899=EDGE_LOOP('',(#2895,#2896,#2897,#2898));
#2900=FACE_OUTER_BOUND('',#2899,.T.);
#2901=ADVANCED_FACE('',(#2900),#2894,.T.);
#2902=CARTESIAN_POINT('',(-0.0011957106781186563,0.000682842712474619,-0.004462453001891454));
#2903=DIRECTION('',(0.1020048592935063,-0.9190604849374339,0.3806873175022789));
#2904=DIRECTION('',(0.9938971364035037,0.11031084375035444,0));
#2905=AXIS2_PLACEMENT_3D('',#2902,#2903,#2904);
#2906=PLANE('',#2905);
#2907=ORIENTED_EDGE('',*,*,#1506,.T.);
#2908=ORIENTED_EDGE('',*,*,#1511,.T.);
#2909=ORIENTED_EDGE('',*,*,#1516,.T.);
#2910=ORIENTED_EDGE('',*,*,#1521,.T.);
#2911=EDGE_LOOP('',(#2907,#2908,#2909,#2910));
#2912=FACE_OUTER_BOUND('',#2911,.T.);
#2913=ADVANCED_FACE('',(#2912),#2906,.T.);
#2914=CARTESIAN_POINT('',(-0.0010542893218813466,0.000682842712474619,-0.003934661315138518));
#2915=DIRECTION('',(-0.10200485929350624,-0.9190604849374339,-0.38068731750227885));
#2916=DIRECTION('',(0.9938971364035037,-0.11031084375035437,0));
#2917=AXIS2_PLACEMENT_3D('',#2914,#2915,#2916);
#2918=PLANE('',#2917);
#2919=ORIENTED_EDGE('',*,*,#1526,.T.);
#2920=ORIENTED_EDGE('',*,*,#1531,.T.);
#2921=ORIENTED_EDGE('',*,*,#1536,.T.);
#2922=ORIENTED_EDGE('',*,*,#1541,.T.);
#2923=EDGE_LOOP('',(#2919,#2920,#2921,#2922));
#2924=FACE_OUTER_BOUND('',#2923,.T.);
#2925=ADVANCED_FACE('',(#2924),#2918,.T.);
#2926=CARTESIAN_POINT('',(-0.0009542893218813465,0.000282842712474619,-0.0035614562343816297));
#2927=DIRECTION('',(-0.2402991984797571,-0.3714703751655656,-0.8968088177445293));
#2928=DIRECTION('',(0.8396361148000158,-0.5431493300405834,0));
#2929=AXIS2_PLACEMENT_3D('',#2926,#2927,#2928);
#2930=PLANE('',#2929);
#2931=ORIENTED_EDGE('',*,*,#1546,.T.);
#2932=ORIENTED_EDGE('',*,*,#1551,.T.);
#2933=ORIENTED_EDGE('',*,*,#1556,.T.);
#2934=ORIENTED_EDGE('',*,*,#1561,.T.);
#2935=EDGE_LOOP('',(#2931,#2932,#2933,#2934));
#2936=FACE_OUTER_BOUND('',#2935,.T.);
#2937=ADVANCED_FACE('',(#2936),#2930,.T.);
#2938=CARTESIAN_POINT('',(-0.0009542893218813463,-0.00028284271247461896,-0.0035614562343816297));
#2939=DIRECTION('',(-0.24029919847975717,0.37147037516556547,-0.8968088177445293));
#2940=DIRECTION('',(-0.8396361148000157,-0.5431493300405836,0));
#2941=AXIS2_PLACEMENT_3D('',#2938,#2939,#2940);
#2942=PLANE('',#2941);
#2943=ORIENTED_EDGE('',*,*,#1566,.T.);
#2944=ORIENTED_EDGE('',*,*,#1571,.T.);
#2945=ORIENTED_EDGE('',*,*,#1576,.T.);
#2946=ORIENTED_EDGE('',*,*,#1581,.T.);
#2947=EDGE_LOOP('',(#2943,#2944,#2945,#2946));
#2948=FACE_OUTER_BOUND('',#2947,.T.);
#2949=ADVANCED_FACE('',(#2948),#2942,.T.);
#2950=CARTESIAN_POINT('',(-0.0010542893218813466,-0.000682842712474619,-0.003934661315138518));
#2951=DIRECTION('',(-0.10200485929350624,0.9190604849374339,-0.38068731750227885));
#2952=DIRECTION('',(-0.9938971364035037,-0.11031084375035437,0));
#2953=AXIS2_PLACEMENT_3D('',#2950,#2951,#2952);
#2954=PLANE('',#2953);
#2955=ORIENTED_EDGE('',*,*,#1586,.T.);
#2956=ORIENTED_EDGE('',*,*,#1591,.T.);
#2957=ORIENTED_EDGE('',*,*,#1596,.T.);
#2958=ORIENTED_EDGE('',*,*,#1601,.T.);
#2959=EDGE_LOOP('',(#2955,#2956,#2957,#2958));
#2960=FACE_OUTER_BOUND('',#2959,.T.);
#2961=ADVANCED_FACE('',(#2960),#2954,.T.);
#2962=CARTESIAN_POINT('',(-0.0011957106781186563,-0.0006828427124746191,-0.004462453001891454));
#2963=DIRECTION('',(0.10200485929350618,0.919060484937434,0.3806873175022788));
#2964=DIRECTION('',(-0.9938971364035037,0.11031084375035428,0));
#2965=AXIS2_PLACEMENT_3D('',#2962,#2963,#2964);
#2966=PLANE('',#2965);
#2967=ORIENTED_EDGE('',*,*,#1606,.T.);
#2968=ORIENTED_EDGE('',*,*,#1611,.T.);
#2969=ORIENTED_EDGE('',*,*,#1616,.T.);
#2970=ORIENTED_EDGE('',*,*,#1621,.T.);
#2971=EDGE_LOOP('',(#2967,#2968,#2969,#2970));
#2972=FACE_OUTER_BOUND('',#2971,.T.);
#2973=ADVANCED_FACE('',(#2972),#2966,.T.);
#2974=CARTESIAN_POINT('',(-0.0012957106781186561,-0.00028284271247461907,-0.004835658082648343));
#2975=DIRECTION('',(0.24029919847975711,0.37147037516556575,0.8968088177445293));
#2976=DIRECTION('',(-0.839636114800016,0.5431493300405833,0));
#2977=AXIS2_PLACEMENT_3D('',#2974,#2975,#2976);
#2978=PLANE('',#2977);
#2979=ORIENTED_EDGE('',*,*,#1626,.T.);
#2980=ORIENTED_EDGE('',*,*,#1631,.T.);
#2981=ORIENTED_EDGE('',*,*,#1636,.T.);
#2982=ORIENTED_EDGE('',*,*,#1641,.T.);
#2983=EDGE_LOOP('',(#2979,#2980,#2981,#2982));
#2984=FACE_OUTER_BOUND('',#2983,.T.);
#2985=ADVANCED_FACE('',(#2984),#2978,.T.);
#2986=CARTESIAN_POINT('',(0.0012957106781186546,0.000282842712474619,-0.004835658082648343));
#2987=DIRECTION('',(-0.24029919847975667,-0.3714703751655658,0.8968088177445293));
#2988=DIRECTION('',(0.8396361148000164,-0.5431493300405825,0));
#2989=AXIS2_PLACEMENT_3D('',#2986,#2987,#2988);
#2990=PLANE('',#2989);
#2991=ORIENTED_EDGE('',*,*,#1646,.T.);
#2992=ORIENTED_EDGE('',*,*,#1651,.T.);
#2993=ORIENTED_EDGE('',*,*,#1656,.T.);
#2994=ORIENTED_EDGE('',*,*,#1661,.T.);
#2995=EDGE_LOOP('',(#2991,#2992,#2993,#2994));
#2996=FACE_OUTER_BOUND('',#2995,.T.);
#2997=ADVANCED_FACE('',(#2996),#2990,.T.);
#2998=CARTESIAN_POINT('',(0.0011957106781186543,0.000682842712474619,-0.004462453001891455));
#2999=DIRECTION('',(-0.10200485929350599,-0.9190604849374339,0.3806873175022789));
#3000=DIRECTION('',(0.9938971364035037,-0.11031084375035409,0));
#3001=AXIS2_PLACEMENT_3D('',#2998,#2999,#3000);
#3002=PLANE('',#3001);
#3003=ORIENTED_EDGE('',*,*,#1666,.T.);
#3004=ORIENTED_EDGE('',*,*,#1671,.T.);
#3005=ORIENTED_EDGE('',*,*,#1676,.T.);
#3006=ORIENTED_EDGE('',*,*,#1681,.T.);
#3007=EDGE_LOOP('',(#3003,#3004,#3005,#3006));
#3008=FACE_OUTER_BOUND('',#3007,.T.);
#3009=ADVANCED_FACE('',(#3008),#3002,.T.);
#3010=CARTESIAN_POINT('',(0.001054289321881345,0.000682842712474619,-0.0039346613151385185));
#3011=DIRECTION('',(0.10200485929350607,-0.9190604849374339,-0.38068731750227885));
#3012=DIRECTION('',(0.9938971364035037,0.11031084375035419,0));
#3013=AXIS2_PLACEMENT_3D('',#3010,#3011,#3012);
#3014=PLANE('',#3013);
#3015=ORIENTED_EDGE('',*,*,#1686,.T.);
#3016=ORIENTED_EDGE('',*,*,#1691,.T.);
#3017=ORIENTED_EDGE('',*,*,#1696,.T.);
#3018=ORIENTED_EDGE('',*,*,#1701,.T.);
#3019=EDGE_LOOP('',(#3015,#3016,#3017,#3018));
#3020=FACE_OUTER_BOUND('',#3019,.T.);
#3021=ADVANCED_FACE('',(#3020),#3014,.T.);
#3022=CARTESIAN_POINT('',(0.000954289321881345,0.000282842712474619,-0.0035614562343816306));
#3023=DIRECTION('',(0.24029919847975673,-0.3714703751655654,-0.8968088177445294));
#3024=DIRECTION('',(0.8396361148000161,0.543149330040583,0));
#3025=AXIS2_PLACEMENT_3D('',#3022,#3023,#3024);
#3026=PLANE('',#3025);
#3027=ORIENTED_EDGE('',*,*,#1706,.T.);
#3028=ORIENTED_EDGE('',*,*,#1711,.T.);
#3029=ORIENTED_EDGE('',*,*,#1716,.T.);
#3030=ORIENTED_EDGE('',*,*,#1721,.T.);
#3031=EDGE_LOOP('',(#3027,#3028,#3029,#3030));
#3032=FACE_OUTER_BOUND('',#3031,.T.);
#3033=ADVANCED_FACE('',(#3032),#3026,.T.);
#3034=CARTESIAN_POINT('',(0.000954289321881345,-0.00028284271247461896,-0.0035614562343816306));
#3035=DIRECTION('',(0.24029919847975664,0.3714703751655653,-0.8968088177445295));
#3036=DIRECTION('',(-0.8396361148000161,0.543149330040583,0));
#3037=AXIS2_PLACEMENT_3D('',#3034,#3035,#3036);
#3038=PLANE('',#3037);
#3039=ORIENTED_EDGE('',*,*,#1726,.T.);
#3040=ORIENTED_EDGE('',*,*,#1731,.T.);
#3041=ORIENTED_EDGE('',*,*,#1736,.T.);
#3042=ORIENTED_EDGE('',*,*,#1741,.T.);
#3043=EDGE_LOOP('',(#3039,#3040,#3041,#3042));
#3044=FACE_OUTER_BOUND('',#3043,.T.);
#3045=ADVANCED_FACE('',(#3044),#3038,.T.);
#3046=CARTESIAN_POINT('',(0.001054289321881345,-0.000682842712474619,-0.0039346613151385185));
#3047=DIRECTION('',(0.10200485929350607,0.9190604849374339,-0.38068731750227885));
#3048=DIRECTION('',(-0.9938971364035037,0.11031084375035419,0));
#3049=AXIS2_PLACEMENT_3D('',#3046,#3047,#3048);
#3050=PLANE('',#3049);
#3051=ORIENTED_EDGE('',*,*,#1746,.T.);
#3052=ORIENTED_EDGE('',*,*,#1751,.T.);
#3053=ORIENTED_EDGE('',*,*,#1756,.T.);
#3054=ORIENTED_EDGE('',*,*,#1761,.T.);
#3055=EDGE_LOOP('',(#3051,#3052,#3053,#3054));
#3056=FACE_OUTER_BOUND('',#3055,.T.);
#3057=ADVANCED_FACE('',(#3056),#3050,.T.);
#3058=CARTESIAN_POINT('',(0.0011957106781186543,-0.0006828427124746191,-0.004462453001891455));
#3059=DIRECTION('',(-0.10200485929350586,0.919060484937434,0.3806873175022787));
#3060=DIRECTION('',(-0.9938971364035037,-0.11031084375035394,0));
#3061=AXIS2_PLACEMENT_3D('',#3058,#3059,#3060);
#3062=PLANE('',#3061);
#3063=ORIENTED_EDGE('',*,*,#1766,.T.);
#3064=ORIENTED_EDGE('',*,*,#1771,.T.);
#3065=ORIENTED_EDGE('',*,*,#1776,.T.);
#3066=ORIENTED_EDGE('',*,*,#1781,.T.);
#3067=EDGE_LOOP('',(#3063,#3064,#3065,#3066));
#3068=FACE_OUTER_BOUND('',#3067,.T.);
#3069=ADVANCED_FACE('',(#3068),#3062,.T.);
#3070=CARTESIAN_POINT('',(0.0012957106781186546,-0.00028284271247461907,-0.004835658082648343));
#3071=DIRECTION('',(-0.24029919847975661,0.3714703751655657,0.8968088177445294));
#3072=DIRECTION('',(-0.8396361148000163,-0.5431493300405825,0));
#3073=AXIS2_PLACEMENT_3D('',#3070,#3071,#3072);
#3074=PLANE('',#3073);
#3075=ORIENTED_EDGE('',*,*,#1786,.T.);
#3076=ORIENTED_EDGE('',*,*,#1791,.T.);
#3077=ORIENTED_EDGE('',*,*,#1796,.T.);
#3078=ORIENTED_EDGE('',*,*,#1801,.T.);
#3079=EDGE_LOOP('',(#3075,#3076,#3077,#3078));
#3080=FACE_OUTER_BOUND('',#3079,.T.);
#3081=ADVANCED_FACE('',(#3080),#3074,.T.);
#3082=CARTESIAN_POINT('',(0.003539947404529688,0.000282842712474619,-0.003539947404529689));
#3083=DIRECTION('',(-0.6565096192647729,-0.37147037516556536,0.6565096192647729));
#3084=DIRECTION('',(0.49245881265077723,-0.8703357500657931,0));
#3085=AXIS2_PLACEMENT_3D('',#3082,#3083,#3084);
#3086=PLANE('',#3085);
#3087=ORIENTED_EDGE('',*,*,#1806,.T.);
#3088=ORIENTED_EDGE('',*,*,#1811,.T.);
#3089=ORIENTED_EDGE('',*,*,#1816,.T.);
#3090=ORIENTED_EDGE('',*,*,#1821,.T.);
#3091=EDGE_LOOP('',(#3087,#3088,#3089,#3090));
#3092=FACE_OUTER_BOUND('',#3091,.T.);
#3093=ADVANCED_FACE('',(#3092),#3086,.T.);
#3094=CARTESIAN_POINT('',(0.0032667423237728,0.000682842712474619,-0.0032667423237728015));
#3095=DIRECTION('',(-0.2786824582087728,-0.9190604849374339,0.27868245820877297));
#3096=DIRECTION('',(0.956972578200425,-0.29017836682363385,0));
#3097=AXIS2_PLACEMENT_3D('',#3094,#3095,#3096);
#3098=PLANE('',#3097);
#3099=ORIENTED_EDGE('',*,*,#1826,.T.);
#3100=ORIENTED_EDGE('',*,*,#1831,.T.);
#3101=ORIENTED_EDGE('',*,*,#1836,.T.);
#3102=ORIENTED_EDGE('',*,*,#1841,.T.);
#3103=EDGE_LOOP('',(#3099,#3100,#3101,#3102));
#3104=FACE_OUTER_BOUND('',#3103,.T.);
#3105=ADVANCED_FACE('',(#3104),#3098,.T.);
#3106=CARTESIAN_POINT('',(0.0028803719932571728,0.000682842712474619,-0.002880371993257174));
#3107=DIRECTION('',(0.2786824582087728,-0.919060484937434,-0.27868245820877285));
#3108=DIRECTION('',(0.956972578200425,0.2901783668236338,0));
#3109=AXIS2_PLACEMENT_3D('',#3106,#3107,#3108);
#3110=PLANE('',#3109);
#3111=ORIENTED_EDGE('',*,*,#1846,.T.);
#3112=ORIENTED_EDGE('',*,*,#1851,.T.);
#3113=ORIENTED_EDGE('',*,*,#1856,.T.);
#3114=ORIENTED_EDGE('',*,*,#1861,.T.);
#3115=EDGE_LOOP('',(#3111,#3112,#3113,#3114));
#3116=FACE_OUTER_BOUND('',#3115,.T.);
#3117=ADVANCED_FACE('',(#3116),#3110,.T.);
#3118=CARTESIAN_POINT('',(0.0026071669125002856,0.000282842712474619,-0.0026071669125002864));
#3119=DIRECTION('',(0.6565096192647726,-0.37147037516556614,-0.6565096192647728));
#3120=DIRECTION('',(0.4924588126507782,0.8703357500657926,0));
#3121=AXIS2_PLACEMENT_3D('',#3118,#3119,#3120);
#3122=PLANE('',#3121);
#3123=ORIENTED_EDGE('',*,*,#1866,.T.);
#3124=ORIENTED_EDGE('',*,*,#1871,.T.);
#3125=ORIENTED_EDGE('',*,*,#1876,.T.);
#3126=ORIENTED_EDGE('',*,*,#1881,.T.);
#3127=EDGE_LOOP('',(#3123,#3124,#3125,#3126));
#3128=FACE_OUTER_BOUND('',#3127,.T.);
#3129=ADVANCED_FACE('',(#3128),#3122,.T.);
#3130=CARTESIAN_POINT('',(0.002607166912500285,-0.00028284271247461896,-0.0026071669125002864));
#3131=DIRECTION('',(0.6565096192647727,0.37147037516556564,-0.6565096192647729));
#3132=DIRECTION('',(-0.4924588126507776,0.8703357500657928,0));
#3133=AXIS2_PLACEMENT_3D('',#3130,#3131,#3132);
#3134=PLANE('',#3133);
#3135=ORIENTED_EDGE('',*,*,#1886,.T.);
#3136=ORIENTED_EDGE('',*,*,#1891,.T.);
#3137=ORIENTED_EDGE('',*,*,#1896,.T.);
#3138=ORIENTED_EDGE('',*,*,#1901,.T.);
#3139=EDGE_LOOP('',(#3135,#3136,#3137,#3138));
#3140=FACE_OUTER_BOUND('',#3139,.T.);
#3141=ADVANCED_FACE('',(#3140),#3134,.T.);
#3142=CARTESIAN_POINT('',(0.0028803719932571728,-0.000682842712474619,-0.002880371993257174));
#3143=DIRECTION('',(0.2786824582087728,0.919060484937434,-0.2786824582087729));
#3144=DIRECTION('',(-0.956972578200425,0.2901783668236338,0));
#3145=AXIS2_PLACEMENT_3D('',#3142,#3143,#3144);
#3146=PLANE('',#3145);
#3147=ORIENTED_EDGE('',*,*,#1906,.T.);
#3148=ORIENTED_EDGE('',*,*,#1911,.T.);
#3149=ORIENTED_EDGE('',*,*,#1916,.T.);
#3150=ORIENTED_EDGE('',*,*,#1921,.T.);
#3151=EDGE_LOOP('',(#3147,#3148,#3149,#3150));
#3152=FACE_OUTER_BOUND('',#3151,.T.);
#3153=ADVANCED_FACE('',(#3152),#3146,.T.);
#3154=CARTESIAN_POINT('',(0.0032667423237728,-0.0006828427124746191,-0.0032667423237728015));
#3155=DIRECTION('',(-0.27868245820877263,0.9190604849374339,0.27868245820877285));
#3156=DIRECTION('',(-0.9569725782004251,-0.2901783668236337,0));
#3157=AXIS2_PLACEMENT_3D('',#3154,#3155,#3156);
#3158=PLANE('',#3157);
#3159=ORIENTED_EDGE('',*,*,#1926,.T.);
#3160=ORIENTED_EDGE('',*,*,#1931,.T.);
#3161=ORIENTED_EDGE('',*,*,#1936,.T.);
#3162=ORIENTED_EDGE('',*,*,#1941,.T.);
#3163=EDGE_LOOP('',(#3159,#3160,#3161,#3162));
#3164=FACE_OUTER_BOUND('',#3163,.T.);
#3165=ADVANCED_FACE('',(#3164),#3158,.T.);
#3166=CARTESIAN_POINT('',(0.0035399474045296874,-0.00028284271247461907,-0.003539947404529689));
#3167=DIRECTION('',(-0.6565096192647729,0.3714703751655653,0.6565096192647729));
#3168=DIRECTION('',(-0.4924588126507772,-0.8703357500657931,0));
#3169=AXIS2_PLACEMENT_3D('',#3166,#3167,#3168);
#3170=PLANE('',#3169);
#3171=ORIENTED_EDGE('',*,*,#1946,.T.);
#3172=ORIENTED_EDGE('',*,*,#1951,.T.);
#3173=ORIENTED_EDGE('',*,*,#1956,.T.);
#3174=ORIENTED_EDGE('',*,*,#1961,.T.);
#3175=EDGE_LOOP('',(#3171,#3172,#3173,#3174));
#3176=FACE_OUTER_BOUND('',#3175,.T.);
#3177=ADVANCED_FACE('',(#3176),#3170,.T.);
#3178=CARTESIAN_POINT('',(0.004835658082648343,0.000282842712474619,-0.0012957106781186557));
#3179=DIRECTION('',(-0.896808817744529,-0.3714703751655664,0.2402991984797569));
#3180=DIRECTION('',(0.38268343236509095,-0.9238795325112863,0));
#3181=AXIS2_PLACEMENT_3D('',#3178,#3179,#3180);
#3182=PLANE('',#3181);
#3183=ORIENTED_EDGE('',*,*,#1966,.T.);
#3184=ORIENTED_EDGE('',*,*,#1971,.T.);
#3185=ORIENTED_EDGE('',*,*,#1976,.T.);
#3186=ORIENTED_EDGE('',*,*,#1981,.T.);
#3187=EDGE_LOOP('',(#3183,#3184,#3185,#3186));
#3188=FACE_OUTER_BOUND('',#3187,.T.);
#3189=ADVANCED_FACE('',(#3188),#3182,.T.);
#3190=CARTESIAN_POINT('',(0.004462453001891454,0.000682842712474619,-0.0011957106781186558));
#3191=DIRECTION('',(-0.38068731750227913,-0.9190604849374336,0.10200485929350625));
#3192=DIRECTION('',(0.9238795325112865,-0.38268343236509017,0));
#3193=AXIS2_PLACEMENT_3D('',#3190,#3191,#3192);
#3194=PLANE('',#3193);
#3195=ORIENTED_EDGE('',*,*,#1986,.T.);
#3196=ORIENTED_EDGE('',*,*,#1991,.T.);
#3197=ORIENTED_EDGE('',*,*,#1996,.T.);
#3198=ORIENTED_EDGE('',*,*,#2001,.T.);
#3199=EDGE_LOOP('',(#3195,#3196,#3197,#3198));
#3200=FACE_OUTER_BOUND('',#3199,.T.);
#3201=ADVANCED_FACE('',(#3200),#3194,.T.);
#3202=CARTESIAN_POINT('',(0.003934661315138518,0.000682842712474619,-0.0010542893218813462));
#3203=DIRECTION('',(0.38068731750227874,-0.919060484937434,-0.10200485929350615));
#3204=DIRECTION('',(0.9238795325112867,0.3826834323650897,0));
#3205=AXIS2_PLACEMENT_3D('',#3202,#3203,#3204);
#3206=PLANE('',#3205);
#3207=ORIENTED_EDGE('',*,*,#2006,.T.);
#3208=ORIENTED_EDGE('',*,*,#2011,.T.);
#3209=ORIENTED_EDGE('',*,*,#2016,.T.);
#3210=ORIENTED_EDGE('',*,*,#2021,.T.);
#3211=EDGE_LOOP('',(#3207,#3208,#3209,#3210));
#3212=FACE_OUTER_BOUND('',#3211,.T.);
#3213=ADVANCED_FACE('',(#3212),#3206,.T.);
#3214=CARTESIAN_POINT('',(0.0035614562343816297,0.000282842712474619,-0.0009542893218813461));
#3215=DIRECTION('',(0.8968088177445293,-0.3714703751655659,-0.24029919847975678));
#3216=DIRECTION('',(0.3826834323650904,0.9238795325112865,0));
#3217=AXIS2_PLACEMENT_3D('',#3214,#3215,#3216);
#3218=PLANE('',#3217);
#3219=ORIENTED_EDGE('',*,*,#2026,.T.);
#3220=ORIENTED_EDGE('',*,*,#2031,.T.);
#3221=ORIENTED_EDGE('',*,*,#2036,.T.);
#3222=ORIENTED_EDGE('',*,*,#2041,.T.);
#3223=EDGE_LOOP('',(#3219,#3220,#3221,#3222));
#3224=FACE_OUTER_BOUND('',#3223,.T.);
#3225=ADVANCED_FACE('',(#3224),#3218,.T.);
#3226=CARTESIAN_POINT('',(0.0035614562343816297,-0.00028284271247461896,-0.0009542893218813461));
#3227=DIRECTION('',(0.8968088177445293,0.3714703751655658,-0.2402991984797568));
#3228=DIRECTION('',(-0.38268343236509034,0.9238795325112865,0));
#3229=AXIS2_PLACEMENT_3D('',#3226,#3227,#3228);
#3230=PLANE('',#3229);
#3231=ORIENTED_EDGE('',*,*,#2046,.T.);
#3232=ORIENTED_EDGE('',*,*,#2051,.T.);
#3233=ORIENTED_EDGE('',*,*,#2056,.T.);
#3234=ORIENTED_EDGE('',*,*,#2061,.T.);
#3235=EDGE_LOOP('',(#3231,#3232,#3233,#3234));
#3236=FACE_OUTER_BOUND('',#3235,.T.);
#3237=ADVANCED_FACE('',(#3236),#3230,.T.);
#3238=CARTESIAN_POINT('',(0.003934661315138518,-0.000682842712474619,-0.0010542893218813462));
#3239=DIRECTION('',(0.38068731750227874,0.919060484937434,-0.10200485929350615));
#3240=DIRECTION('',(-0.9238795325112867,0.3826834323650897,0));
#3241=AXIS2_PLACEMENT_3D('',#3238,#3239,#3240);
#3242=PLANE('',#3241);
#3243=ORIENTED_EDGE('',*,*,#2066,.T.);
#3244=ORIENTED_EDGE('',*,*,#2071,.T.);
#3245=ORIENTED_EDGE('',*,*,#2076,.T.);
#3246=ORIENTED_EDGE('',*,*,#2081,.T.);
#3247=EDGE_LOOP('',(#3243,#3244,#3245,#3246));
#3248=FACE_OUTER_BOUND('',#3247,.T.);
#3249=ADVANCED_FACE('',(#3248),#3242,.T.);
#3250=CARTESIAN_POINT('',(0.004462453001891454,-0.0006828427124746191,-0.0011957106781186558));
#3251=DIRECTION('',(-0.380687317502279,0.9190604849374339,0.10200485929350622));
#3252=DIRECTION('',(-0.9238795325112866,-0.38268343236509,0));
#3253=AXIS2_PLACEMENT_3D('',#3250,#3251,#3252);
#3254=PLANE('',#3253);
#3255=ORIENTED_EDGE('',*,*,#2086,.T.);
#3256=ORIENTED_EDGE('',*,*,#2091,.T.);
#3257=ORIENTED_EDGE('',*,*,#2096,.T.);
#3258=ORIENTED_EDGE('',*,*,#2101,.T.);
#3259=EDGE_LOOP('',(#3255,#3256,#3257,#3258));
#3260=FACE_OUTER_BOUND('',#3259,.T.);
#3261=ADVANCED_FACE('',(#3260),#3254,.T.);
#3262=CARTESIAN_POINT('',(0.004835658082648343,-0.00028284271247461907,-0.0012957106781186557));
#3263=DIRECTION('',(-0.8968088177445289,0.3714703751655663,0.24029919847975686));
#3264=DIRECTION('',(-0.38268343236509084,-0.9238795325112862,0));
#3265=AXIS2_PLACEMENT_3D('',#3262,#3263,#3264);
#3266=PLANE('',#3265);
#3267=ORIENTED_EDGE('',*,*,#2106,.T.);
#3268=ORIENTED_EDGE('',*,*,#2111,.T.);
#3269=ORIENTED_EDGE('',*,*,#2116,.T.);
#3270=ORIENTED_EDGE('',*,*,#2121,.T.);
#3271=EDGE_LOOP('',(#3267,#3268,#3269,#3270));
#3272=FACE_OUTER_BOUND('',#3271,.T.);
#3273=ADVANCED_FACE('',(#3272),#3266,.T.);
#3274=CLOSED_SHELL('',(#2133,#2145,#2157,#2169,#2181,#2193,#2205,#2217,#2229,#2241,#2253,#2265,#2277,#2289,#2301,#2313,#2325,#2337,#2349,#2361,#2373,#2385,#2397,#2409,#2421,#2433,#2445,#2457,#2469,#2481,#2493,#2505,#2517,#2529,#2541,#2553,#2565,#2577,#2589,#2601,#2613,#2625,#2637,#2649,#2661,#2673,#2685,#2697,#2709,#2721,#2733,#2745,#2757,#2769,#2781,#2793,#2805,#2817,#2829,#2841,#2853,#2865,#2877,#2889,#2901,#2913,#2925,#2937,#2949,#2961,#2973,#2985,#2997,#3009,#3021,#3033,#3045,#3057,#3069,#3081,#3093,#3105,#3117,#3129,#3141,#3153,#3165,#3177,#3189,#3201,#3213,#3225,#3237,#3249,#3261,#3273));
#3275=MANIFOLD_SOLID_BREP('',#3274);
#3276=SHAPE_REPRESENTATION('BTRM-FAS-WSH-0060',(#3275),#9);
#3277=SHAPE_DEFINITION_REPRESENTATION(#8,#3276);
ENDSEC;
END-ISO-10303-21;