ISO-10303-21;
HEADER;
FILE_DESCRIPTION(('ArchDisc Geometry Kernel Export'),'2;1');
FILE_NAME('TPSL-BRG-BAL-0016.step','20260509T193852',('ArchDisc'),('ArchDisc Inc'),'ArchDisc Kernel 1.0','ArchDisc','');
FILE_SCHEMA(('AUTOMOTIVE_DESIGN'));
ENDSEC;
DATA;
#1=APPLICATION_CONTEXT('automotive design');
#2=APPLICATION_PROTOCOL_DEFINITION('international standard','automotive_design',2009,#1);
#3=PRODUCT_CONTEXT('',#1,'mechanical');
#4=PRODUCT('TPSL-BRG-BAL-0016','TPSL-BRG-BAL-0016','',(#3));
#5=PRODUCT_DEFINITION_FORMATION('','',#4);
#6=PRODUCT_DEFINITION_CONTEXT('design',#1,'design');
#7=PRODUCT_DEFINITION('design','',#5,#6);
#8=PRODUCT_DEFINITION_SHAPE('','',#7);
#9=(GEOMETRIC_REPRESENTATION_CONTEXT(3) GLOBAL_UNCERTAINTY_ASSIGNED_CONTEXT((#0)) GLOBAL_UNIT_ASSIGNED_CONTEXT((#0,#0,#0)) REPRESENTATION_CONTEXT('Context3D','');
#10=CARTESIAN_POINT('',(0,0.0035,0));
#11=VERTEX_POINT('',#10);
#12=CARTESIAN_POINT('',(0.0011599475091245714,0.0032335783637895037,0.000669696006638907));
#13=VERTEX_POINT('',#12);
#14=CARTESIAN_POINT('',(0.0013393920132778142,0.0032335783637895037,0));
#15=VERTEX_POINT('',#14);
#16=CARTESIAN_POINT('',(0.0006696960066389072,0.0032335783637895037,0.0011599475091245712));
#17=VERTEX_POINT('',#16);
#18=CARTESIAN_POINT('',(8.201410709321021e-20,0.0032335783637895037,0.0013393920132778142));
#19=VERTEX_POINT('',#18);
#20=CARTESIAN_POINT('',(-0.0006696960066389068,0.0032335783637895037,0.0011599475091245714));
#21=VERTEX_POINT('',#20);
#22=CARTESIAN_POINT('',(-0.0011599475091245714,0.0032335783637895037,0.000669696006638907));
#23=VERTEX_POINT('',#22);
#24=CARTESIAN_POINT('',(-0.0013393920132778142,0.0032335783637895037,1.6402821418642043e-19));
#25=VERTEX_POINT('',#24);
#26=CARTESIAN_POINT('',(-0.0011599475091245712,0.0032335783637895037,-0.0006696960066389072));
#27=VERTEX_POINT('',#26);
#28=CARTESIAN_POINT('',(-0.0006696960066389076,0.0032335783637895037,-0.0011599475091245708));
#29=VERTEX_POINT('',#28);
#30=CARTESIAN_POINT('',(-2.4604232127963065e-19,0.0032335783637895037,-0.0013393920132778142));
#31=VERTEX_POINT('',#30);
#32=CARTESIAN_POINT('',(0.0006696960066389072,0.0032335783637895037,-0.0011599475091245712));
#33=VERTEX_POINT('',#32);
#34=CARTESIAN_POINT('',(0.0011599475091245708,0.0032335783637895037,-0.0006696960066389076));
#35=VERTEX_POINT('',#34);
#36=CARTESIAN_POINT('',(0.002143303524935281,0.0024748737341529167,0.001237436867076458));
#37=VERTEX_POINT('',#36);
#38=CARTESIAN_POINT('',(0.0024748737341529162,0.0024748737341529167,0));
#39=VERTEX_POINT('',#38);
#40=CARTESIAN_POINT('',(0.0012374368670764583,0.0024748737341529167,0.0021433035249352806));
#41=VERTEX_POINT('',#40);
#42=CARTESIAN_POINT('',(1.5154230984121131e-19,0.0024748737341529167,0.0024748737341529162));
#43=VERTEX_POINT('',#42);
#44=CARTESIAN_POINT('',(-0.0012374368670764575,0.0024748737341529167,0.002143303524935281));
#45=VERTEX_POINT('',#44);
#46=CARTESIAN_POINT('',(-0.002143303524935281,0.0024748737341529167,0.001237436867076458));
#47=VERTEX_POINT('',#46);
#48=CARTESIAN_POINT('',(-0.0024748737341529162,0.0024748737341529167,3.0308461968242263e-19));
#49=VERTEX_POINT('',#48);
#50=CARTESIAN_POINT('',(-0.0021433035249352806,0.0024748737341529167,-0.0012374368670764583));
#51=VERTEX_POINT('',#50);
#52=CARTESIAN_POINT('',(-0.0012374368670764592,0.0024748737341529167,-0.00214330352493528));
#53=VERTEX_POINT('',#52);
#54=CARTESIAN_POINT('',(-4.546269295236339e-19,0.0024748737341529167,-0.0024748737341529162));
#55=VERTEX_POINT('',#54);
#56=CARTESIAN_POINT('',(0.0012374368670764583,0.0024748737341529167,-0.0021433035249352806));
#57=VERTEX_POINT('',#56);
#58=CARTESIAN_POINT('',(0.00214330352493528,0.0024748737341529167,-0.0012374368670764592));
#59=VERTEX_POINT('',#58);
#60=CARTESIAN_POINT('',(0.0028003610081694295,0.0013393920132778144,0.0016167891818947516));
#61=VERTEX_POINT('',#60);
#62=CARTESIAN_POINT('',(0.0032335783637895037,0.0013393920132778144,0));
#63=VERTEX_POINT('',#62);
#64=CARTESIAN_POINT('',(0.0016167891818947523,0.0013393920132778144,0.002800361008169429));
#65=VERTEX_POINT('',#64);
#66=CARTESIAN_POINT('',(1.9799956965034757e-19,0.0013393920132778144,0.0032335783637895037));
#67=VERTEX_POINT('',#66);
#68=CARTESIAN_POINT('',(-0.0016167891818947512,0.0013393920132778144,0.0028003610081694295));
#69=VERTEX_POINT('',#68);
#70=CARTESIAN_POINT('',(-0.0028003610081694295,0.0013393920132778144,0.0016167891818947516));
#71=VERTEX_POINT('',#70);
#72=CARTESIAN_POINT('',(-0.0032335783637895037,0.0013393920132778144,3.9599913930069515e-19));
#73=VERTEX_POINT('',#72);
#74=CARTESIAN_POINT('',(-0.002800361008169429,0.0013393920132778144,-0.0016167891818947523));
#75=VERTEX_POINT('',#74);
#76=CARTESIAN_POINT('',(-0.0016167891818947534,0.0013393920132778144,-0.0028003610081694286));
#77=VERTEX_POINT('',#76);
#78=CARTESIAN_POINT('',(-5.939987089510426e-19,0.0013393920132778144,-0.0032335783637895037));
#79=VERTEX_POINT('',#78);
#80=CARTESIAN_POINT('',(0.0016167891818947523,0.0013393920132778144,-0.002800361008169429));
#81=VERTEX_POINT('',#80);
#82=CARTESIAN_POINT('',(0.0028003610081694286,0.0013393920132778144,-0.0016167891818947534));
#83=VERTEX_POINT('',#82);
#84=CARTESIAN_POINT('',(0.0030310889132455355,2.1431318985078682e-19,0.0017499999999999998));
#85=VERTEX_POINT('',#84);
#86=CARTESIAN_POINT('',(0.0035,2.1431318985078682e-19,0));
#87=VERTEX_POINT('',#86);
#88=CARTESIAN_POINT('',(0.0017500000000000005,2.1431318985078682e-19,0.003031088913245535));
#89=VERTEX_POINT('',#88);
#90=CARTESIAN_POINT('',(2.1431318985078682e-19,2.1431318985078682e-19,0.0035));
#91=VERTEX_POINT('',#90);
#92=CARTESIAN_POINT('',(-0.0017499999999999992,2.1431318985078682e-19,0.0030310889132455355));
#93=VERTEX_POINT('',#92);
#94=CARTESIAN_POINT('',(-0.0030310889132455355,2.1431318985078682e-19,0.0017499999999999998));
#95=VERTEX_POINT('',#94);
#96=CARTESIAN_POINT('',(-0.0035,2.1431318985078682e-19,4.2862637970157364e-19));
#97=VERTEX_POINT('',#96);
#98=CARTESIAN_POINT('',(-0.003031088913245535,2.1431318985078682e-19,-0.0017500000000000005));
#99=VERTEX_POINT('',#98);
#100=CARTESIAN_POINT('',(-0.0017500000000000016,2.1431318985078682e-19,-0.0030310889132455342));
#101=VERTEX_POINT('',#100);
#102=CARTESIAN_POINT('',(-6.429395695523604e-19,2.1431318985078682e-19,-0.0035));
#103=VERTEX_POINT('',#102);
#104=CARTESIAN_POINT('',(0.0017500000000000005,2.1431318985078682e-19,-0.003031088913245535));
#105=VERTEX_POINT('',#104);
#106=CARTESIAN_POINT('',(0.0030310889132455342,2.1431318985078682e-19,-0.0017500000000000016));
#107=VERTEX_POINT('',#106);
#108=CARTESIAN_POINT('',(0.0028003610081694295,-0.001339392013277814,0.0016167891818947516));
#109=VERTEX_POINT('',#108);
#110=CARTESIAN_POINT('',(0.0032335783637895037,-0.001339392013277814,0));
#111=VERTEX_POINT('',#110);
#112=CARTESIAN_POINT('',(0.0016167891818947523,-0.001339392013277814,0.002800361008169429));
#113=VERTEX_POINT('',#112);
#114=CARTESIAN_POINT('',(1.9799956965034757e-19,-0.001339392013277814,0.0032335783637895037));
#115=VERTEX_POINT('',#114);
#116=CARTESIAN_POINT('',(-0.0016167891818947512,-0.001339392013277814,0.0028003610081694295));
#117=VERTEX_POINT('',#116);
#118=CARTESIAN_POINT('',(-0.0028003610081694295,-0.001339392013277814,0.0016167891818947516));
#119=VERTEX_POINT('',#118);
#120=CARTESIAN_POINT('',(-0.0032335783637895037,-0.001339392013277814,3.9599913930069515e-19));
#121=VERTEX_POINT('',#120);
#122=CARTESIAN_POINT('',(-0.002800361008169429,-0.001339392013277814,-0.0016167891818947523));
#123=VERTEX_POINT('',#122);
#124=CARTESIAN_POINT('',(-0.0016167891818947534,-0.001339392013277814,-0.0028003610081694286));
#125=VERTEX_POINT('',#124);
#126=CARTESIAN_POINT('',(-5.939987089510426e-19,-0.001339392013277814,-0.0032335783637895037));
#127=VERTEX_POINT('',#126);
#128=CARTESIAN_POINT('',(0.0016167891818947523,-0.001339392013277814,-0.002800361008169429));
#129=VERTEX_POINT('',#128);
#130=CARTESIAN_POINT('',(0.0028003610081694286,-0.001339392013277814,-0.0016167891818947534));
#131=VERTEX_POINT('',#130);
#132=CARTESIAN_POINT('',(0.0021433035249352815,-0.0024748737341529162,0.0012374368670764581));
#133=VERTEX_POINT('',#132);
#134=CARTESIAN_POINT('',(0.0024748737341529167,-0.0024748737341529162,0));
#135=VERTEX_POINT('',#134);
#136=CARTESIAN_POINT('',(0.0012374368670764586,-0.0024748737341529162,0.002143303524935281));
#137=VERTEX_POINT('',#136);
#138=CARTESIAN_POINT('',(1.5154230984121134e-19,-0.0024748737341529162,0.0024748737341529167));
#139=VERTEX_POINT('',#138);
#140=CARTESIAN_POINT('',(-0.0012374368670764577,-0.0024748737341529162,0.0021433035249352815));
#141=VERTEX_POINT('',#140);
#142=CARTESIAN_POINT('',(-0.0021433035249352815,-0.0024748737341529162,0.0012374368670764581));
#143=VERTEX_POINT('',#142);
#144=CARTESIAN_POINT('',(-0.0024748737341529167,-0.0024748737341529162,3.030846196824227e-19));
#145=VERTEX_POINT('',#144);
#146=CARTESIAN_POINT('',(-0.002143303524935281,-0.0024748737341529162,-0.0012374368670764586));
#147=VERTEX_POINT('',#146);
#148=CARTESIAN_POINT('',(-0.0012374368670764594,-0.0024748737341529162,-0.0021433035249352806));
#149=VERTEX_POINT('',#148);
#150=CARTESIAN_POINT('',(-4.54626929523634e-19,-0.0024748737341529162,-0.0024748737341529167));
#151=VERTEX_POINT('',#150);
#152=CARTESIAN_POINT('',(0.0012374368670764586,-0.0024748737341529162,-0.002143303524935281));
#153=VERTEX_POINT('',#152);
#154=CARTESIAN_POINT('',(0.0021433035249352806,-0.0024748737341529162,-0.0012374368670764594));
#155=VERTEX_POINT('',#154);
#156=CARTESIAN_POINT('',(0.0011599475091245716,-0.0032335783637895037,0.0006696960066389072));
#157=VERTEX_POINT('',#156);
#158=CARTESIAN_POINT('',(0.0013393920132778146,-0.0032335783637895037,0));
#159=VERTEX_POINT('',#158);
#160=CARTESIAN_POINT('',(0.0006696960066389074,-0.0032335783637895037,0.0011599475091245716));
#161=VERTEX_POINT('',#160);
#162=CARTESIAN_POINT('',(8.201410709321025e-20,-0.0032335783637895037,0.0013393920132778146));
#163=VERTEX_POINT('',#162);
#164=CARTESIAN_POINT('',(-0.000669696006638907,-0.0032335783637895037,0.0011599475091245716));
#165=VERTEX_POINT('',#164);
#166=CARTESIAN_POINT('',(-0.0011599475091245716,-0.0032335783637895037,0.0006696960066389072));
#167=VERTEX_POINT('',#166);
#168=CARTESIAN_POINT('',(-0.0013393920132778146,-0.0032335783637895037,1.640282141864205e-19));
#169=VERTEX_POINT('',#168);
#170=CARTESIAN_POINT('',(-0.0011599475091245716,-0.0032335783637895037,-0.0006696960066389074));
#171=VERTEX_POINT('',#170);
#172=CARTESIAN_POINT('',(-0.0006696960066389079,-0.0032335783637895037,-0.0011599475091245712));
#173=VERTEX_POINT('',#172);
#174=CARTESIAN_POINT('',(-2.460423212796307e-19,-0.0032335783637895037,-0.0013393920132778146));
#175=VERTEX_POINT('',#174);
#176=CARTESIAN_POINT('',(0.0006696960066389074,-0.0032335783637895037,-0.0011599475091245716));
#177=VERTEX_POINT('',#176);
#178=CARTESIAN_POINT('',(0.0011599475091245712,-0.0032335783637895037,-0.0006696960066389079));
#179=VERTEX_POINT('',#178);
#180=CARTESIAN_POINT('',(4.2862637970157364e-19,-0.0035,0));
#181=VERTEX_POINT('',#180);
#182=CARTESIAN_POINT('',(0,0.0035,0));
#183=DIRECTION('',(0.8493849684870416,-0.19509032201612828,0.4903926402016151));
#184=VECTOR('',#183,0.001365632254112898);
#185=LINE('',#182,#184);
#186=EDGE_CURVE('',#11,#13,#185,.T.);
#187=CARTESIAN_POINT('',(0.0011599475091245714,0.0032335783637895037,0.000669696006638907));
#188=DIRECTION('',(0.2588190451025205,0,-0.9659258262890682));
#189=VECTOR('',#188,0.0006933203237890133);
#190=LINE('',#187,#189);
#191=EDGE_CURVE('',#13,#15,#190,.T.);
#192=CARTESIAN_POINT('',(0.0013393920132778142,0.0032335783637895037,0));
#193=DIRECTION('',(-0.9807852804032304,0.19509032201612828,0));
#194=VECTOR('',#193,0.001365632254112898);
#195=LINE('',#192,#194);
#196=EDGE_CURVE('',#15,#11,#195,.T.);
#197=CARTESIAN_POINT('',(0,0.0035,0));
#198=DIRECTION('',(0.49039264020161527,-0.19509032201612828,0.8493849684870415));
#199=VECTOR('',#198,0.001365632254112898);
#200=LINE('',#197,#199);
#201=EDGE_CURVE('',#11,#17,#200,.T.);
#202=CARTESIAN_POINT('',(0.0006696960066389072,0.0032335783637895037,0.0011599475091245712));
#203=DIRECTION('',(0.7071067811865475,0,-0.7071067811865475));
#204=VECTOR('',#203,0.0006933203237890135);
#205=LINE('',#202,#204);
#206=EDGE_CURVE('',#17,#13,#205,.T.);
#207=CARTESIAN_POINT('',(0.0011599475091245714,0.0032335783637895037,0.000669696006638907));
#208=DIRECTION('',(-0.8493849684870416,0.19509032201612828,-0.4903926402016151));
#209=VECTOR('',#208,0.001365632254112898);
#210=LINE('',#207,#209);
#211=EDGE_CURVE('',#13,#11,#210,.T.);
#212=CARTESIAN_POINT('',(0,0.0035,0));
#213=DIRECTION('',(6.005577771483276e-17,-0.19509032201612828,0.9807852804032304));
#214=VECTOR('',#213,0.001365632254112898);
#215=LINE('',#212,#214);
#216=EDGE_CURVE('',#11,#19,#215,.T.);
#217=CARTESIAN_POINT('',(8.201410709321021e-20,0.0032335783637895037,0.0013393920132778142));
#218=DIRECTION('',(0.9659258262890684,0,-0.25881904510252085));
#219=VECTOR('',#218,0.0006933203237890133);
#220=LINE('',#217,#219);
#221=EDGE_CURVE('',#19,#17,#220,.T.);
#222=CARTESIAN_POINT('',(0.0006696960066389072,0.0032335783637895037,0.0011599475091245712));
#223=DIRECTION('',(-0.49039264020161527,0.19509032201612828,-0.8493849684870415));
#224=VECTOR('',#223,0.001365632254112898);
#225=LINE('',#222,#224);
#226=EDGE_CURVE('',#17,#11,#225,.T.);
#227=CARTESIAN_POINT('',(0,0.0035,0));
#228=DIRECTION('',(-0.490392640201615,-0.19509032201612828,0.8493849684870416));
#229=VECTOR('',#228,0.001365632254112898);
#230=LINE('',#227,#229);
#231=EDGE_CURVE('',#11,#21,#230,.T.);
#232=CARTESIAN_POINT('',(-0.0006696960066389068,0.0032335783637895037,0.0011599475091245714));
#233=DIRECTION('',(0.9659258262890684,0,0.25881904510252063));
#234=VECTOR('',#233,0.000693320323789013);
#235=LINE('',#232,#234);
#236=EDGE_CURVE('',#21,#19,#235,.T.);
#237=CARTESIAN_POINT('',(8.201410709321021e-20,0.0032335783637895037,0.0013393920132778142));
#238=DIRECTION('',(-6.005577771483276e-17,0.19509032201612828,-0.9807852804032304));
#239=VECTOR('',#238,0.001365632254112898);
#240=LINE('',#237,#239);
#241=EDGE_CURVE('',#19,#11,#240,.T.);
#242=CARTESIAN_POINT('',(0,0.0035,0));
#243=DIRECTION('',(-0.8493849684870416,-0.19509032201612828,0.4903926402016151));
#244=VECTOR('',#243,0.001365632254112898);
#245=LINE('',#242,#244);
#246=EDGE_CURVE('',#11,#23,#245,.T.);
#247=CARTESIAN_POINT('',(-0.0011599475091245714,0.0032335783637895037,0.000669696006638907));
#248=DIRECTION('',(0.7071067811865477,0,0.7071067811865474));
#249=VECTOR('',#248,0.0006933203237890139);
#250=LINE('',#247,#249);
#251=EDGE_CURVE('',#23,#21,#250,.T.);
#252=CARTESIAN_POINT('',(-0.0006696960066389068,0.0032335783637895037,0.0011599475091245714));
#253=DIRECTION('',(0.490392640201615,0.19509032201612828,-0.8493849684870416));
#254=VECTOR('',#253,0.001365632254112898);
#255=LINE('',#252,#254);
#256=EDGE_CURVE('',#21,#11,#255,.T.);
#257=CARTESIAN_POINT('',(0,0.0035,0));
#258=DIRECTION('',(-0.9807852804032304,-0.19509032201612828,1.2011155542966553e-16));
#259=VECTOR('',#258,0.001365632254112898);
#260=LINE('',#257,#259);
#261=EDGE_CURVE('',#11,#25,#260,.T.);
#262=CARTESIAN_POINT('',(-0.0013393920132778142,0.0032335783637895037,1.6402821418642043e-19));
#263=DIRECTION('',(0.25881904510252063,0,0.9659258262890682));
#264=VECTOR('',#263,0.000693320323789013);
#265=LINE('',#262,#264);
#266=EDGE_CURVE('',#25,#23,#265,.T.);
#267=CARTESIAN_POINT('',(-0.0011599475091245714,0.0032335783637895037,0.000669696006638907));
#268=DIRECTION('',(0.8493849684870416,0.19509032201612828,-0.4903926402016151));
#269=VECTOR('',#268,0.001365632254112898);
#270=LINE('',#267,#269);
#271=EDGE_CURVE('',#23,#11,#270,.T.);
#272=CARTESIAN_POINT('',(0,0.0035,0));
#273=DIRECTION('',(-0.8493849684870415,-0.19509032201612828,-0.49039264020161527));
#274=VECTOR('',#273,0.001365632254112898);
#275=LINE('',#272,#274);
#276=EDGE_CURVE('',#11,#27,#275,.T.);
#277=CARTESIAN_POINT('',(-0.0011599475091245712,0.0032335783637895037,-0.0006696960066389072));
#278=DIRECTION('',(-0.2588190451025207,0,0.9659258262890683));
#279=VECTOR('',#278,0.0006933203237890137);
#280=LINE('',#277,#279);
#281=EDGE_CURVE('',#27,#25,#280,.T.);
#282=CARTESIAN_POINT('',(-0.0013393920132778142,0.0032335783637895037,1.6402821418642043e-19));
#283=DIRECTION('',(0.9807852804032304,0.19509032201612828,-1.2011155542966553e-16));
#284=VECTOR('',#283,0.001365632254112898);
#285=LINE('',#282,#284);
#286=EDGE_CURVE('',#25,#11,#285,.T.);
#287=CARTESIAN_POINT('',(0,0.0035,0));
#288=DIRECTION('',(-0.49039264020161566,-0.1950903220161283,-0.8493849684870413));
#289=VECTOR('',#288,0.0013656322541128977);
#290=LINE('',#287,#289);
#291=EDGE_CURVE('',#11,#29,#290,.T.);
#292=CARTESIAN_POINT('',(-0.0006696960066389076,0.0032335783637895037,-0.0011599475091245708));
#293=DIRECTION('',(-0.7071067811865476,0,0.7071067811865476));
#294=VECTOR('',#293,0.0006933203237890125);
#295=LINE('',#292,#294);
#296=EDGE_CURVE('',#29,#27,#295,.T.);
#297=CARTESIAN_POINT('',(-0.0011599475091245712,0.0032335783637895037,-0.0006696960066389072));
#298=DIRECTION('',(0.8493849684870415,0.19509032201612828,0.49039264020161527));
#299=VECTOR('',#298,0.001365632254112898);
#300=LINE('',#297,#299);
#301=EDGE_CURVE('',#27,#11,#300,.T.);
#302=CARTESIAN_POINT('',(0,0.0035,0));
#303=DIRECTION('',(-1.8016733314449831e-16,-0.19509032201612828,-0.9807852804032304));
#304=VECTOR('',#303,0.001365632254112898);
#305=LINE('',#302,#304);
#306=EDGE_CURVE('',#11,#31,#305,.T.);
#307=CARTESIAN_POINT('',(-2.4604232127963065e-19,0.0032335783637895037,-0.0013393920132778142));
#308=DIRECTION('',(-0.9659258262890681,0,0.2588190451025213));
#309=VECTOR('',#308,0.0006933203237890138);
#310=LINE('',#307,#309);
#311=EDGE_CURVE('',#31,#29,#310,.T.);
#312=CARTESIAN_POINT('',(-0.0006696960066389076,0.0032335783637895037,-0.0011599475091245708));
#313=DIRECTION('',(0.49039264020161566,0.1950903220161283,0.8493849684870413));
#314=VECTOR('',#313,0.0013656322541128977);
#315=LINE('',#312,#314);
#316=EDGE_CURVE('',#29,#11,#315,.T.);
#317=CARTESIAN_POINT('',(0,0.0035,0));
#318=DIRECTION('',(0.49039264020161527,-0.19509032201612828,-0.8493849684870415));
#319=VECTOR('',#318,0.001365632254112898);
#320=LINE('',#317,#319);
#321=EDGE_CURVE('',#11,#33,#320,.T.);
#322=CARTESIAN_POINT('',(0.0006696960066389072,0.0032335783637895037,-0.0011599475091245712));
#323=DIRECTION('',(-0.9659258262890683,0,-0.2588190451025207));
#324=VECTOR('',#323,0.0006933203237890137);
#325=LINE('',#322,#324);
#326=EDGE_CURVE('',#33,#31,#325,.T.);
#327=CARTESIAN_POINT('',(-2.4604232127963065e-19,0.0032335783637895037,-0.0013393920132778142));
#328=DIRECTION('',(1.8016733314449831e-16,0.19509032201612828,0.9807852804032304));
#329=VECTOR('',#328,0.001365632254112898);
#330=LINE('',#327,#329);
#331=EDGE_CURVE('',#31,#11,#330,.T.);
#332=CARTESIAN_POINT('',(0,0.0035,0));
#333=DIRECTION('',(0.8493849684870413,-0.1950903220161283,-0.49039264020161566));
#334=VECTOR('',#333,0.0013656322541128977);
#335=LINE('',#332,#334);
#336=EDGE_CURVE('',#11,#35,#335,.T.);
#337=CARTESIAN_POINT('',(0.0011599475091245708,0.0032335783637895037,-0.0006696960066389076));
#338=DIRECTION('',(-0.7071067811865476,0,-0.7071067811865476));
#339=VECTOR('',#338,0.0006933203237890125);
#340=LINE('',#337,#339);
#341=EDGE_CURVE('',#35,#33,#340,.T.);
#342=CARTESIAN_POINT('',(0.0006696960066389072,0.0032335783637895037,-0.0011599475091245712));
#343=DIRECTION('',(-0.49039264020161527,0.19509032201612828,0.8493849684870415));
#344=VECTOR('',#343,0.001365632254112898);
#345=LINE('',#342,#344);
#346=EDGE_CURVE('',#33,#11,#345,.T.);
#347=CARTESIAN_POINT('',(0,0.0035,0));
#348=DIRECTION('',(0.9807852804032304,-0.19509032201612828,0));
#349=VECTOR('',#348,0.001365632254112898);
#350=LINE('',#347,#349);
#351=EDGE_CURVE('',#11,#15,#350,.T.);
#352=CARTESIAN_POINT('',(0.0013393920132778142,0.0032335783637895037,0));
#353=DIRECTION('',(-0.2588190451025212,0,-0.9659258262890681));
#354=VECTOR('',#353,0.000693320323789014);
#355=LINE('',#352,#354);
#356=EDGE_CURVE('',#15,#35,#355,.T.);
#357=CARTESIAN_POINT('',(0.0011599475091245708,0.0032335783637895037,-0.0006696960066389076));
#358=DIRECTION('',(-0.8493849684870413,0.1950903220161283,0.49039264020161566));
#359=VECTOR('',#358,0.0013656322541128977);
#360=LINE('',#357,#359);
#361=EDGE_CURVE('',#35,#11,#360,.T.);
#362=CARTESIAN_POINT('',(0.0013393920132778142,0.0032335783637895037,0));
#363=DIRECTION('',(-0.2588190451025205,0,0.9659258262890682));
#364=VECTOR('',#363,0.0006933203237890133);
#365=LINE('',#362,#364);
#366=EDGE_CURVE('',#15,#13,#365,.T.);
#367=CARTESIAN_POINT('',(0.0011599475091245714,0.0032335783637895037,0.000669696006638907));
#368=DIRECTION('',(0.7200738067288025,-0.5555702330196021,0.41573480615127256));
#369=VECTOR('',#368,0.0013656322541128977);
#370=LINE('',#367,#369);
#371=EDGE_CURVE('',#13,#37,#370,.T.);
#372=CARTESIAN_POINT('',(0.002143303524935281,0.0024748737341529167,0.001237436867076458));
#373=DIRECTION('',(0.2588190451025206,0,-0.9659258262890684));
#374=VECTOR('',#373,0.0012810889132455349);
#375=LINE('',#372,#374);
#376=EDGE_CURVE('',#37,#39,#375,.T.);
#377=CARTESIAN_POINT('',(0.0024748737341529162,0.0024748737341529167,0));
#378=DIRECTION('',(-0.8314696123025452,0.5555702330196021,0));
#379=VECTOR('',#378,0.0013656322541128977);
#380=LINE('',#377,#379);
#381=EDGE_CURVE('',#39,#15,#380,.T.);
#382=CARTESIAN_POINT('',(0.0011599475091245714,0.0032335783637895037,0.000669696006638907));
#383=DIRECTION('',(-0.7071067811865475,0,0.7071067811865475));
#384=VECTOR('',#383,0.0006933203237890135);
#385=LINE('',#382,#384);
#386=EDGE_CURVE('',#13,#17,#385,.T.);
#387=CARTESIAN_POINT('',(0.0006696960066389072,0.0032335783637895037,0.0011599475091245712));
#388=DIRECTION('',(0.41573480615127273,-0.5555702330196021,0.7200738067288024));
#389=VECTOR('',#388,0.0013656322541128977);
#390=LINE('',#387,#389);
#391=EDGE_CURVE('',#17,#41,#390,.T.);
#392=CARTESIAN_POINT('',(0.0012374368670764583,0.0024748737341529167,0.0021433035249352806));
#393=DIRECTION('',(0.7071067811865476,0,-0.7071067811865476));
#394=VECTOR('',#393,0.0012810889132455353);
#395=LINE('',#392,#394);
#396=EDGE_CURVE('',#41,#37,#395,.T.);
#397=CARTESIAN_POINT('',(0.002143303524935281,0.0024748737341529167,0.001237436867076458));
#398=DIRECTION('',(-0.7200738067288025,0.5555702330196021,-0.41573480615127256));
#399=VECTOR('',#398,0.0013656322541128977);
#400=LINE('',#397,#399);
#401=EDGE_CURVE('',#37,#13,#400,.T.);
#402=CARTESIAN_POINT('',(0.0006696960066389072,0.0032335783637895037,0.0011599475091245712));
#403=DIRECTION('',(-0.9659258262890684,0,0.25881904510252085));
#404=VECTOR('',#403,0.0006933203237890133);
#405=LINE('',#402,#404);
#406=EDGE_CURVE('',#17,#19,#405,.T.);
#407=CARTESIAN_POINT('',(8.201410709321021e-20,0.0032335783637895037,0.0013393920132778142));
#408=DIRECTION('',(5.091282996473014e-17,-0.5555702330196021,0.8314696123025452));
#409=VECTOR('',#408,0.0013656322541128977);
#410=LINE('',#407,#409);
#411=EDGE_CURVE('',#19,#43,#410,.T.);
#412=CARTESIAN_POINT('',(1.5154230984121131e-19,0.0024748737341529167,0.0024748737341529162));
#413=DIRECTION('',(0.9659258262890682,0,-0.25881904510252085));
#414=VECTOR('',#413,0.0012810889132455353);
#415=LINE('',#412,#414);
#416=EDGE_CURVE('',#43,#41,#415,.T.);
#417=CARTESIAN_POINT('',(0.0012374368670764583,0.0024748737341529167,0.0021433035249352806));
#418=DIRECTION('',(-0.41573480615127273,0.5555702330196021,-0.7200738067288024));
#419=VECTOR('',#418,0.0013656322541128977);
#420=LINE('',#417,#419);
#421=EDGE_CURVE('',#41,#17,#420,.T.);
#422=CARTESIAN_POINT('',(8.201410709321021e-20,0.0032335783637895037,0.0013393920132778142));
#423=DIRECTION('',(-0.9659258262890684,0,-0.25881904510252063));
#424=VECTOR('',#423,0.000693320323789013);
#425=LINE('',#422,#424);
#426=EDGE_CURVE('',#19,#21,#425,.T.);
#427=CARTESIAN_POINT('',(-0.0006696960066389068,0.0032335783637895037,0.0011599475091245714));
#428=DIRECTION('',(-0.41573480615127245,-0.5555702330196022,0.7200738067288026));
#429=VECTOR('',#428,0.0013656322541128975);
#430=LINE('',#427,#429);
#431=EDGE_CURVE('',#21,#45,#430,.T.);
#432=CARTESIAN_POINT('',(-0.0012374368670764575,0.0024748737341529167,0.002143303524935281));
#433=DIRECTION('',(0.9659258262890684,0,0.25881904510252063));
#434=VECTOR('',#433,0.0012810889132455346);
#435=LINE('',#432,#434);
#436=EDGE_CURVE('',#45,#43,#435,.T.);
#437=CARTESIAN_POINT('',(1.5154230984121131e-19,0.0024748737341529167,0.0024748737341529162));
#438=DIRECTION('',(-5.091282996473014e-17,0.5555702330196021,-0.8314696123025452));
#439=VECTOR('',#438,0.0013656322541128977);
#440=LINE('',#437,#439);
#441=EDGE_CURVE('',#43,#19,#440,.T.);
#442=CARTESIAN_POINT('',(-0.0006696960066389068,0.0032335783637895037,0.0011599475091245714));
#443=DIRECTION('',(-0.7071067811865477,0,-0.7071067811865474));
#444=VECTOR('',#443,0.0006933203237890139);
#445=LINE('',#442,#444);
#446=EDGE_CURVE('',#21,#23,#445,.T.);
#447=CARTESIAN_POINT('',(-0.0011599475091245714,0.0032335783637895037,0.000669696006638907));
#448=DIRECTION('',(-0.7200738067288025,-0.5555702330196021,0.41573480615127256));
#449=VECTOR('',#448,0.0013656322541128977);
#450=LINE('',#447,#449);
#451=EDGE_CURVE('',#23,#47,#450,.T.);
#452=CARTESIAN_POINT('',(-0.002143303524935281,0.0024748737341529167,0.001237436867076458));
#453=DIRECTION('',(0.7071067811865478,0,0.7071067811865475));
#454=VECTOR('',#453,0.0012810889132455362);
#455=LINE('',#452,#454);
#456=EDGE_CURVE('',#47,#45,#455,.T.);
#457=CARTESIAN_POINT('',(-0.0012374368670764575,0.0024748737341529167,0.002143303524935281));
#458=DIRECTION('',(0.41573480615127245,0.5555702330196022,-0.7200738067288026));
#459=VECTOR('',#458,0.0013656322541128975);
#460=LINE('',#457,#459);
#461=EDGE_CURVE('',#45,#21,#460,.T.);
#462=CARTESIAN_POINT('',(-0.0011599475091245714,0.0032335783637895037,0.000669696006638907));
#463=DIRECTION('',(-0.25881904510252063,0,-0.9659258262890682));
#464=VECTOR('',#463,0.000693320323789013);
#465=LINE('',#462,#464);
#466=EDGE_CURVE('',#23,#25,#465,.T.);
#467=CARTESIAN_POINT('',(-0.0013393920132778142,0.0032335783637895037,1.6402821418642043e-19));
#468=DIRECTION('',(-0.8314696123025452,-0.5555702330196021,1.0182565992946028e-16));
#469=VECTOR('',#468,0.0013656322541128977);
#470=LINE('',#467,#469);
#471=EDGE_CURVE('',#25,#49,#470,.T.);
#472=CARTESIAN_POINT('',(-0.0024748737341529162,0.0024748737341529167,3.0308461968242263e-19));
#473=DIRECTION('',(0.25881904510252063,0,0.9659258262890684));
#474=VECTOR('',#473,0.0012810889132455346);
#475=LINE('',#472,#474);
#476=EDGE_CURVE('',#49,#47,#475,.T.);
#477=CARTESIAN_POINT('',(-0.002143303524935281,0.0024748737341529167,0.001237436867076458));
#478=DIRECTION('',(0.7200738067288025,0.5555702330196021,-0.41573480615127256));
#479=VECTOR('',#478,0.0013656322541128977);
#480=LINE('',#477,#479);
#481=EDGE_CURVE('',#47,#23,#480,.T.);
#482=CARTESIAN_POINT('',(-0.0013393920132778142,0.0032335783637895037,1.6402821418642043e-19));
#483=DIRECTION('',(0.2588190451025207,0,-0.9659258262890683));
#484=VECTOR('',#483,0.0006933203237890137);
#485=LINE('',#482,#484);
#486=EDGE_CURVE('',#25,#27,#485,.T.);
#487=CARTESIAN_POINT('',(-0.0011599475091245712,0.0032335783637895037,-0.0006696960066389072));
#488=DIRECTION('',(-0.7200738067288024,-0.5555702330196021,-0.41573480615127273));
#489=VECTOR('',#488,0.0013656322541128977);
#490=LINE('',#487,#489);
#491=EDGE_CURVE('',#27,#51,#490,.T.);
#492=CARTESIAN_POINT('',(-0.0021433035249352806,0.0024748737341529167,-0.0012374368670764583));
#493=DIRECTION('',(-0.25881904510252074,0,0.9659258262890682));
#494=VECTOR('',#493,0.0012810889132455357);
#495=LINE('',#492,#494);
#496=EDGE_CURVE('',#51,#49,#495,.T.);
#497=CARTESIAN_POINT('',(-0.0024748737341529162,0.0024748737341529167,3.0308461968242263e-19));
#498=DIRECTION('',(0.8314696123025452,0.5555702330196021,-1.0182565992946028e-16));
#499=VECTOR('',#498,0.0013656322541128977);
#500=LINE('',#497,#499);
#501=EDGE_CURVE('',#49,#25,#500,.T.);
#502=CARTESIAN_POINT('',(-0.0011599475091245712,0.0032335783637895037,-0.0006696960066389072));
#503=DIRECTION('',(0.7071067811865476,0,-0.7071067811865476));
#504=VECTOR('',#503,0.0006933203237890125);
#505=LINE('',#502,#504);
#506=EDGE_CURVE('',#27,#29,#505,.T.);
#507=CARTESIAN_POINT('',(-0.0006696960066389076,0.0032335783637895037,-0.0011599475091245708));
#508=DIRECTION('',(-0.41573480615127306,-0.5555702330196021,-0.7200738067288024));
#509=VECTOR('',#508,0.0013656322541128977);
#510=LINE('',#507,#509);
#511=EDGE_CURVE('',#29,#53,#510,.T.);
#512=CARTESIAN_POINT('',(-0.0012374368670764592,0.0024748737341529167,-0.00214330352493528));
#513=DIRECTION('',(-0.7071067811865474,0,0.7071067811865477));
#514=VECTOR('',#513,0.0012810889132455338);
#515=LINE('',#512,#514);
#516=EDGE_CURVE('',#53,#51,#515,.T.);
#517=CARTESIAN_POINT('',(-0.0021433035249352806,0.0024748737341529167,-0.0012374368670764583));
#518=DIRECTION('',(0.7200738067288024,0.5555702330196021,0.41573480615127273));
#519=VECTOR('',#518,0.0013656322541128977);
#520=LINE('',#517,#519);
#521=EDGE_CURVE('',#51,#27,#520,.T.);
#522=CARTESIAN_POINT('',(-0.0006696960066389076,0.0032335783637895037,-0.0011599475091245708));
#523=DIRECTION('',(0.9659258262890681,0,-0.2588190451025213));
#524=VECTOR('',#523,0.0006933203237890138);
#525=LINE('',#522,#524);
#526=EDGE_CURVE('',#29,#31,#525,.T.);
#527=CARTESIAN_POINT('',(-2.4604232127963065e-19,0.0032335783637895037,-0.0013393920132778142));
#528=DIRECTION('',(-1.527384898941904e-16,-0.5555702330196021,-0.8314696123025452));
#529=VECTOR('',#528,0.0013656322541128977);
#530=LINE('',#527,#529);
#531=EDGE_CURVE('',#31,#55,#530,.T.);
#532=CARTESIAN_POINT('',(-4.546269295236339e-19,0.0024748737341529167,-0.0024748737341529162));
#533=DIRECTION('',(-0.9659258262890682,0,0.2588190451025211));
#534=VECTOR('',#533,0.001281088913245536);
#535=LINE('',#532,#534);
#536=EDGE_CURVE('',#55,#53,#535,.T.);
#537=CARTESIAN_POINT('',(-0.0012374368670764592,0.0024748737341529167,-0.00214330352493528));
#538=DIRECTION('',(0.41573480615127306,0.5555702330196021,0.7200738067288024));
#539=VECTOR('',#538,0.0013656322541128977);
#540=LINE('',#537,#539);
#541=EDGE_CURVE('',#53,#29,#540,.T.);
#542=CARTESIAN_POINT('',(-2.4604232127963065e-19,0.0032335783637895037,-0.0013393920132778142));
#543=DIRECTION('',(0.9659258262890683,0,0.2588190451025207));
#544=VECTOR('',#543,0.0006933203237890137);
#545=LINE('',#542,#544);
#546=EDGE_CURVE('',#31,#33,#545,.T.);
#547=CARTESIAN_POINT('',(0.0006696960066389072,0.0032335783637895037,-0.0011599475091245712));
#548=DIRECTION('',(0.41573480615127273,-0.5555702330196021,-0.7200738067288024));
#549=VECTOR('',#548,0.0013656322541128977);
#550=LINE('',#547,#549);
#551=EDGE_CURVE('',#33,#57,#550,.T.);
#552=CARTESIAN_POINT('',(0.0012374368670764583,0.0024748737341529167,-0.0021433035249352806));
#553=DIRECTION('',(-0.9659258262890682,0,-0.25881904510252074));
#554=VECTOR('',#553,0.001281088913245536);
#555=LINE('',#552,#554);
#556=EDGE_CURVE('',#57,#55,#555,.T.);
#557=CARTESIAN_POINT('',(-4.546269295236339e-19,0.0024748737341529167,-0.0024748737341529162));
#558=DIRECTION('',(1.527384898941904e-16,0.5555702330196021,0.8314696123025452));
#559=VECTOR('',#558,0.0013656322541128977);
#560=LINE('',#557,#559);
#561=EDGE_CURVE('',#55,#31,#560,.T.);
#562=CARTESIAN_POINT('',(0.0006696960066389072,0.0032335783637895037,-0.0011599475091245712));
#563=DIRECTION('',(0.7071067811865476,0,0.7071067811865476));
#564=VECTOR('',#563,0.0006933203237890125);
#565=LINE('',#562,#564);
#566=EDGE_CURVE('',#33,#35,#565,.T.);
#567=CARTESIAN_POINT('',(0.0011599475091245708,0.0032335783637895037,-0.0006696960066389076));
#568=DIRECTION('',(0.7200738067288023,-0.555570233019602,-0.41573480615127295));
#569=VECTOR('',#568,0.001365632254112898);
#570=LINE('',#567,#569);
#571=EDGE_CURVE('',#35,#59,#570,.T.);
#572=CARTESIAN_POINT('',(0.00214330352493528,0.0024748737341529167,-0.0012374368670764592));
#573=DIRECTION('',(-0.7071067811865477,0,-0.7071067811865474));
#574=VECTOR('',#573,0.0012810889132455338);
#575=LINE('',#572,#574);
#576=EDGE_CURVE('',#59,#57,#575,.T.);
#577=CARTESIAN_POINT('',(0.0012374368670764583,0.0024748737341529167,-0.0021433035249352806));
#578=DIRECTION('',(-0.41573480615127273,0.5555702330196021,0.7200738067288024));
#579=VECTOR('',#578,0.0013656322541128977);
#580=LINE('',#577,#579);
#581=EDGE_CURVE('',#57,#33,#580,.T.);
#582=CARTESIAN_POINT('',(0.0011599475091245708,0.0032335783637895037,-0.0006696960066389076));
#583=DIRECTION('',(0.2588190451025212,0,0.9659258262890681));
#584=VECTOR('',#583,0.000693320323789014);
#585=LINE('',#582,#584);
#586=EDGE_CURVE('',#35,#15,#585,.T.);
#587=CARTESIAN_POINT('',(0.0013393920132778142,0.0032335783637895037,0));
#588=DIRECTION('',(0.8314696123025452,-0.5555702330196021,0));
#589=VECTOR('',#588,0.0013656322541128977);
#590=LINE('',#587,#589);
#591=EDGE_CURVE('',#15,#39,#590,.T.);
#592=CARTESIAN_POINT('',(0.0024748737341529162,0.0024748737341529167,0));
#593=DIRECTION('',(-0.25881904510252096,0,-0.9659258262890683));
#594=VECTOR('',#593,0.0012810889132455364);
#595=LINE('',#592,#594);
#596=EDGE_CURVE('',#39,#59,#595,.T.);
#597=CARTESIAN_POINT('',(0.00214330352493528,0.0024748737341529167,-0.0012374368670764592));
#598=DIRECTION('',(-0.7200738067288023,0.555570233019602,0.41573480615127295));
#599=VECTOR('',#598,0.001365632254112898);
#600=LINE('',#597,#599);
#601=EDGE_CURVE('',#59,#35,#600,.T.);
#602=CARTESIAN_POINT('',(0.0024748737341529162,0.0024748737341529167,0));
#603=DIRECTION('',(-0.2588190451025206,0,0.9659258262890684));
#604=VECTOR('',#603,0.0012810889132455349);
#605=LINE('',#602,#604);
#606=EDGE_CURVE('',#39,#37,#605,.T.);
#607=CARTESIAN_POINT('',(0.002143303524935281,0.0024748737341529167,0.001237436867076458));
#608=DIRECTION('',(0.4811379353814156,-0.8314696123025453,0.27778511650980114));
#609=VECTOR('',#608,0.001365632254112898);
#610=LINE('',#607,#609);
#611=EDGE_CURVE('',#37,#61,#610,.T.);
#612=CARTESIAN_POINT('',(0.0028003610081694295,0.0013393920132778144,0.0016167891818947516));
#613=DIRECTION('',(0.25881904510252074,0,-0.9659258262890683));
#614=VECTOR('',#613,0.0016738233287603415);
#615=LINE('',#612,#614);
#616=EDGE_CURVE('',#61,#63,#615,.T.);
#617=CARTESIAN_POINT('',(0.0032335783637895037,0.0013393920132778144,0));
#618=DIRECTION('',(-0.5555702330196023,0.8314696123025453,0));
#619=VECTOR('',#618,0.001365632254112898);
#620=LINE('',#617,#619);
#621=EDGE_CURVE('',#63,#39,#620,.T.);
#622=CARTESIAN_POINT('',(0.002143303524935281,0.0024748737341529167,0.001237436867076458));
#623=DIRECTION('',(-0.7071067811865476,0,0.7071067811865476));
#624=VECTOR('',#623,0.0012810889132455353);
#625=LINE('',#622,#624);
#626=EDGE_CURVE('',#37,#41,#625,.T.);
#627=CARTESIAN_POINT('',(0.0012374368670764583,0.0024748737341529167,0.0021433035249352806));
#628=DIRECTION('',(0.2777851165098013,-0.8314696123025453,0.4811379353814156));
#629=VECTOR('',#628,0.001365632254112898);
#630=LINE('',#627,#629);
#631=EDGE_CURVE('',#41,#65,#630,.T.);
#632=CARTESIAN_POINT('',(0.0016167891818947523,0.0013393920132778144,0.002800361008169429));
#633=DIRECTION('',(0.7071067811865475,0,-0.7071067811865476));
#634=VECTOR('',#633,0.0016738233287603413);
#635=LINE('',#632,#634);
#636=EDGE_CURVE('',#65,#61,#635,.T.);
#637=CARTESIAN_POINT('',(0.0028003610081694295,0.0013393920132778144,0.0016167891818947516));
#638=DIRECTION('',(-0.4811379353814156,0.8314696123025453,-0.27778511650980114));
#639=VECTOR('',#638,0.001365632254112898);
#640=LINE('',#637,#639);
#641=EDGE_CURVE('',#61,#37,#640,.T.);
#642=CARTESIAN_POINT('',(0.0012374368670764583,0.0024748737341529167,0.0021433035249352806));
#643=DIRECTION('',(-0.9659258262890682,0,0.25881904510252085));
#644=VECTOR('',#643,0.0012810889132455353);
#645=LINE('',#642,#644);
#646=EDGE_CURVE('',#41,#43,#645,.T.);
#647=CARTESIAN_POINT('',(1.5154230984121131e-19,0.0024748737341529167,0.0024748737341529162));
#648=DIRECTION('',(3.4018865378450266e-17,-0.8314696123025453,0.5555702330196023));
#649=VECTOR('',#648,0.001365632254112898);
#650=LINE('',#647,#649);
#651=EDGE_CURVE('',#43,#67,#650,.T.);
#652=CARTESIAN_POINT('',(1.9799956965034757e-19,0.0013393920132778144,0.0032335783637895037));
#653=DIRECTION('',(0.9659258262890683,0,-0.25881904510252096));
#654=VECTOR('',#653,0.001673823328760342);
#655=LINE('',#652,#654);
#656=EDGE_CURVE('',#67,#65,#655,.T.);
#657=CARTESIAN_POINT('',(0.0016167891818947523,0.0013393920132778144,0.002800361008169429));
#658=DIRECTION('',(-0.2777851165098013,0.8314696123025453,-0.4811379353814156));
#659=VECTOR('',#658,0.001365632254112898);
#660=LINE('',#657,#659);
#661=EDGE_CURVE('',#65,#41,#660,.T.);
#662=CARTESIAN_POINT('',(1.5154230984121131e-19,0.0024748737341529167,0.0024748737341529162));
#663=DIRECTION('',(-0.9659258262890684,0,-0.25881904510252063));
#664=VECTOR('',#663,0.0012810889132455346);
#665=LINE('',#662,#664);
#666=EDGE_CURVE('',#43,#45,#665,.T.);
#667=CARTESIAN_POINT('',(-0.0012374368670764575,0.0024748737341529167,0.002143303524935281));
#668=DIRECTION('',(-0.27778511650980114,-0.8314696123025453,0.4811379353814156));
#669=VECTOR('',#668,0.001365632254112898);
#670=LINE('',#667,#669);
#671=EDGE_CURVE('',#45,#69,#670,.T.);
#672=CARTESIAN_POINT('',(-0.0016167891818947512,0.0013393920132778144,0.0028003610081694295));
#673=DIRECTION('',(0.9659258262890683,0,0.2588190451025208));
#674=VECTOR('',#673,0.0016738233287603413);
#675=LINE('',#672,#674);
#676=EDGE_CURVE('',#69,#67,#675,.T.);
#677=CARTESIAN_POINT('',(1.9799956965034757e-19,0.0013393920132778144,0.0032335783637895037));
#678=DIRECTION('',(-3.4018865378450266e-17,0.8314696123025453,-0.5555702330196023));
#679=VECTOR('',#678,0.001365632254112898);
#680=LINE('',#677,#679);
#681=EDGE_CURVE('',#67,#43,#680,.T.);
#682=CARTESIAN_POINT('',(-0.0012374368670764575,0.0024748737341529167,0.002143303524935281));
#683=DIRECTION('',(-0.7071067811865478,0,-0.7071067811865475));
#684=VECTOR('',#683,0.0012810889132455362);
#685=LINE('',#682,#684);
#686=EDGE_CURVE('',#45,#47,#685,.T.);
#687=CARTESIAN_POINT('',(-0.002143303524935281,0.0024748737341529167,0.001237436867076458));
#688=DIRECTION('',(-0.4811379353814156,-0.8314696123025453,0.27778511650980114));
#689=VECTOR('',#688,0.001365632254112898);
#690=LINE('',#687,#689);
#691=EDGE_CURVE('',#47,#71,#690,.T.);
#692=CARTESIAN_POINT('',(-0.0028003610081694295,0.0013393920132778144,0.0016167891818947516));
#693=DIRECTION('',(0.7071067811865476,0,0.7071067811865474));
#694=VECTOR('',#693,0.0016738233287603426);
#695=LINE('',#692,#694);
#696=EDGE_CURVE('',#71,#69,#695,.T.);
#697=CARTESIAN_POINT('',(-0.0016167891818947512,0.0013393920132778144,0.0028003610081694295));
#698=DIRECTION('',(0.27778511650980114,0.8314696123025453,-0.4811379353814156));
#699=VECTOR('',#698,0.001365632254112898);
#700=LINE('',#697,#699);
#701=EDGE_CURVE('',#69,#45,#700,.T.);
#702=CARTESIAN_POINT('',(-0.002143303524935281,0.0024748737341529167,0.001237436867076458));
#703=DIRECTION('',(-0.25881904510252063,0,-0.9659258262890684));
#704=VECTOR('',#703,0.0012810889132455346);
#705=LINE('',#702,#704);
#706=EDGE_CURVE('',#47,#49,#705,.T.);
#707=CARTESIAN_POINT('',(-0.0024748737341529162,0.0024748737341529167,3.0308461968242263e-19));
#708=DIRECTION('',(-0.5555702330196023,-0.8314696123025453,6.803773075690053e-17));
#709=VECTOR('',#708,0.001365632254112898);
#710=LINE('',#707,#709);
#711=EDGE_CURVE('',#49,#73,#710,.T.);
#712=CARTESIAN_POINT('',(-0.0032335783637895037,0.0013393920132778144,3.9599913930069515e-19));
#713=DIRECTION('',(0.2588190451025208,0,0.9659258262890683));
#714=VECTOR('',#713,0.001673823328760341);
#715=LINE('',#712,#714);
#716=EDGE_CURVE('',#73,#71,#715,.T.);
#717=CARTESIAN_POINT('',(-0.0028003610081694295,0.0013393920132778144,0.0016167891818947516));
#718=DIRECTION('',(0.4811379353814156,0.8314696123025453,-0.27778511650980114));
#719=VECTOR('',#718,0.001365632254112898);
#720=LINE('',#717,#719);
#721=EDGE_CURVE('',#71,#47,#720,.T.);
#722=CARTESIAN_POINT('',(-0.0024748737341529162,0.0024748737341529167,3.0308461968242263e-19));
#723=DIRECTION('',(0.25881904510252074,0,-0.9659258262890682));
#724=VECTOR('',#723,0.0012810889132455357);
#725=LINE('',#722,#724);
#726=EDGE_CURVE('',#49,#51,#725,.T.);
#727=CARTESIAN_POINT('',(-0.0021433035249352806,0.0024748737341529167,-0.0012374368670764583));
#728=DIRECTION('',(-0.4811379353814156,-0.8314696123025453,-0.2777851165098013));
#729=VECTOR('',#728,0.001365632254112898);
#730=LINE('',#727,#729);
#731=EDGE_CURVE('',#51,#75,#730,.T.);
#732=CARTESIAN_POINT('',(-0.002800361008169429,0.0013393920132778144,-0.0016167891818947523));
#733=DIRECTION('',(-0.25881904510252085,0,0.9659258262890683));
#734=VECTOR('',#733,0.0016738233287603426);
#735=LINE('',#732,#734);
#736=EDGE_CURVE('',#75,#73,#735,.T.);
#737=CARTESIAN_POINT('',(-0.0032335783637895037,0.0013393920132778144,3.9599913930069515e-19));
#738=DIRECTION('',(0.5555702330196023,0.8314696123025453,-6.803773075690053e-17));
#739=VECTOR('',#738,0.001365632254112898);
#740=LINE('',#737,#739);
#741=EDGE_CURVE('',#73,#49,#740,.T.);
#742=CARTESIAN_POINT('',(-0.0021433035249352806,0.0024748737341529167,-0.0012374368670764583));
#743=DIRECTION('',(0.7071067811865474,0,-0.7071067811865477));
#744=VECTOR('',#743,0.0012810889132455338);
#745=LINE('',#742,#744);
#746=EDGE_CURVE('',#51,#53,#745,.T.);
#747=CARTESIAN_POINT('',(-0.0012374368670764592,0.0024748737341529167,-0.00214330352493528));
#748=DIRECTION('',(-0.2777851165098014,-0.8314696123025451,-0.4811379353814155));
#749=VECTOR('',#748,0.0013656322541128981);
#750=LINE('',#747,#749);
#751=EDGE_CURVE('',#53,#77,#750,.T.);
#752=CARTESIAN_POINT('',(-0.0016167891818947534,0.0013393920132778144,-0.0028003610081694286));
#753=DIRECTION('',(-0.7071067811865474,0,0.7071067811865477));
#754=VECTOR('',#753,0.0016738233287603395);
#755=LINE('',#752,#754);
#756=EDGE_CURVE('',#77,#75,#755,.T.);
#757=CARTESIAN_POINT('',(-0.002800361008169429,0.0013393920132778144,-0.0016167891818947523));
#758=DIRECTION('',(0.4811379353814156,0.8314696123025453,0.2777851165098013));
#759=VECTOR('',#758,0.001365632254112898);
#760=LINE('',#757,#759);
#761=EDGE_CURVE('',#75,#51,#760,.T.);
#762=CARTESIAN_POINT('',(-0.0012374368670764592,0.0024748737341529167,-0.00214330352493528));
#763=DIRECTION('',(0.9659258262890682,0,-0.2588190451025211));
#764=VECTOR('',#763,0.001281088913245536);
#765=LINE('',#762,#764);
#766=EDGE_CURVE('',#53,#55,#765,.T.);
#767=CARTESIAN_POINT('',(-4.546269295236339e-19,0.0024748737341529167,-0.0024748737341529162));
#768=DIRECTION('',(-1.0205659613535073e-16,-0.8314696123025453,-0.5555702330196023));
#769=VECTOR('',#768,0.001365632254112898);
#770=LINE('',#767,#769);
#771=EDGE_CURVE('',#55,#79,#770,.T.);
#772=CARTESIAN_POINT('',(-5.939987089510426e-19,0.0013393920132778144,-0.0032335783637895037));
#773=DIRECTION('',(-0.9659258262890682,0,0.2588190451025211));
#774=VECTOR('',#773,0.0016738233287603428);
#775=LINE('',#772,#774);
#776=EDGE_CURVE('',#79,#77,#775,.T.);
#777=CARTESIAN_POINT('',(-0.0016167891818947534,0.0013393920132778144,-0.0028003610081694286));
#778=DIRECTION('',(0.2777851165098014,0.8314696123025451,0.4811379353814155));
#779=VECTOR('',#778,0.0013656322541128981);
#780=LINE('',#777,#779);
#781=EDGE_CURVE('',#77,#53,#780,.T.);
#782=CARTESIAN_POINT('',(-4.546269295236339e-19,0.0024748737341529167,-0.0024748737341529162));
#783=DIRECTION('',(0.9659258262890682,0,0.25881904510252074));
#784=VECTOR('',#783,0.001281088913245536);
#785=LINE('',#782,#784);
#786=EDGE_CURVE('',#55,#57,#785,.T.);
#787=CARTESIAN_POINT('',(0.0012374368670764583,0.0024748737341529167,-0.0021433035249352806));
#788=DIRECTION('',(0.2777851165098013,-0.8314696123025453,-0.4811379353814156));
#789=VECTOR('',#788,0.001365632254112898);
#790=LINE('',#787,#789);
#791=EDGE_CURVE('',#57,#81,#790,.T.);
#792=CARTESIAN_POINT('',(0.0016167891818947523,0.0013393920132778144,-0.002800361008169429));
#793=DIRECTION('',(-0.9659258262890683,0,-0.2588190451025208));
#794=VECTOR('',#793,0.0016738233287603428);
#795=LINE('',#792,#794);
#796=EDGE_CURVE('',#81,#79,#795,.T.);
#797=CARTESIAN_POINT('',(-5.939987089510426e-19,0.0013393920132778144,-0.0032335783637895037));
#798=DIRECTION('',(1.0205659613535073e-16,0.8314696123025453,0.5555702330196023));
#799=VECTOR('',#798,0.001365632254112898);
#800=LINE('',#797,#799);
#801=EDGE_CURVE('',#79,#55,#800,.T.);
#802=CARTESIAN_POINT('',(0.0012374368670764583,0.0024748737341529167,-0.0021433035249352806));
#803=DIRECTION('',(0.7071067811865477,0,0.7071067811865474));
#804=VECTOR('',#803,0.0012810889132455338);
#805=LINE('',#802,#804);
#806=EDGE_CURVE('',#57,#59,#805,.T.);
#807=CARTESIAN_POINT('',(0.00214330352493528,0.0024748737341529167,-0.0012374368670764592));
#808=DIRECTION('',(0.4811379353814155,-0.8314696123025451,-0.2777851165098014));
#809=VECTOR('',#808,0.0013656322541128981);
#810=LINE('',#807,#809);
#811=EDGE_CURVE('',#59,#83,#810,.T.);
#812=CARTESIAN_POINT('',(0.0028003610081694286,0.0013393920132778144,-0.0016167891818947534));
#813=DIRECTION('',(-0.7071067811865477,0,-0.7071067811865474));
#814=VECTOR('',#813,0.0016738233287603395);
#815=LINE('',#812,#814);
#816=EDGE_CURVE('',#83,#81,#815,.T.);
#817=CARTESIAN_POINT('',(0.0016167891818947523,0.0013393920132778144,-0.002800361008169429));
#818=DIRECTION('',(-0.2777851165098013,0.8314696123025453,0.4811379353814156));
#819=VECTOR('',#818,0.001365632254112898);
#820=LINE('',#817,#819);
#821=EDGE_CURVE('',#81,#57,#820,.T.);
#822=CARTESIAN_POINT('',(0.00214330352493528,0.0024748737341529167,-0.0012374368670764592));
#823=DIRECTION('',(0.25881904510252096,0,0.9659258262890683));
#824=VECTOR('',#823,0.0012810889132455364);
#825=LINE('',#822,#824);
#826=EDGE_CURVE('',#59,#39,#825,.T.);
#827=CARTESIAN_POINT('',(0.0024748737341529162,0.0024748737341529167,0));
#828=DIRECTION('',(0.5555702330196023,-0.8314696123025453,0));
#829=VECTOR('',#828,0.001365632254112898);
#830=LINE('',#827,#829);
#831=EDGE_CURVE('',#39,#63,#830,.T.);
#832=CARTESIAN_POINT('',(0.0032335783637895037,0.0013393920132778144,0));
#833=DIRECTION('',(-0.25881904510252096,0,-0.9659258262890682));
#834=VECTOR('',#833,0.0016738233287603434);
#835=LINE('',#832,#834);
#836=EDGE_CURVE('',#63,#83,#835,.T.);
#837=CARTESIAN_POINT('',(0.0028003610081694286,0.0013393920132778144,-0.0016167891818947534));
#838=DIRECTION('',(-0.4811379353814155,0.8314696123025451,0.2777851165098014));
#839=VECTOR('',#838,0.0013656322541128981);
#840=LINE('',#837,#839);
#841=EDGE_CURVE('',#83,#59,#840,.T.);
#842=CARTESIAN_POINT('',(0.0032335783637895037,0.0013393920132778144,0));
#843=DIRECTION('',(-0.25881904510252074,0,0.9659258262890683));
#844=VECTOR('',#843,0.0016738233287603415);
#845=LINE('',#842,#844);
#846=EDGE_CURVE('',#63,#61,#845,.T.);
#847=CARTESIAN_POINT('',(0.0028003610081694295,0.0013393920132778144,0.0016167891818947516));
#848=DIRECTION('',(0.16895317489845377,-0.9807852804032304,0.09754516100806414));
#849=VECTOR('',#848,0.001365632254112898);
#850=LINE('',#847,#849);
#851=EDGE_CURVE('',#61,#85,#850,.T.);
#852=CARTESIAN_POINT('',(0.0030310889132455355,2.1431318985078682e-19,0.0017499999999999998));
#853=DIRECTION('',(0.2588190451025207,0,-0.9659258262890682));
#854=VECTOR('',#853,0.0018117333157176452);
#855=LINE('',#852,#854);
#856=EDGE_CURVE('',#85,#87,#855,.T.);
#857=CARTESIAN_POINT('',(0.0035,2.1431318985078682e-19,0));
#858=DIRECTION('',(-0.19509032201612828,0.9807852804032304,0));
#859=VECTOR('',#858,0.001365632254112898);
#860=LINE('',#857,#859);
#861=EDGE_CURVE('',#87,#63,#860,.T.);
#862=CARTESIAN_POINT('',(0.0028003610081694295,0.0013393920132778144,0.0016167891818947516));
#863=DIRECTION('',(-0.7071067811865475,0,0.7071067811865476));
#864=VECTOR('',#863,0.0016738233287603413);
#865=LINE('',#862,#864);
#866=EDGE_CURVE('',#61,#65,#865,.T.);
#867=CARTESIAN_POINT('',(0.0016167891818947523,0.0013393920132778144,0.002800361008169429));
#868=DIRECTION('',(0.09754516100806414,-0.9807852804032304,0.16895317489845377));
#869=VECTOR('',#868,0.001365632254112898);
#870=LINE('',#867,#869);
#871=EDGE_CURVE('',#65,#89,#870,.T.);
#872=CARTESIAN_POINT('',(0.0017500000000000005,2.1431318985078682e-19,0.003031088913245535));
#873=DIRECTION('',(0.7071067811865475,0,-0.7071067811865476));
#874=VECTOR('',#873,0.0018117333157176452);
#875=LINE('',#872,#874);
#876=EDGE_CURVE('',#89,#85,#875,.T.);
#877=CARTESIAN_POINT('',(0.0030310889132455355,2.1431318985078682e-19,0.0017499999999999998));
#878=DIRECTION('',(-0.16895317489845377,0.9807852804032304,-0.09754516100806414));
#879=VECTOR('',#878,0.001365632254112898);
#880=LINE('',#877,#879);
#881=EDGE_CURVE('',#85,#61,#880,.T.);
#882=CARTESIAN_POINT('',(0.0016167891818947523,0.0013393920132778144,0.002800361008169429));
#883=DIRECTION('',(-0.9659258262890683,0,0.25881904510252096));
#884=VECTOR('',#883,0.001673823328760342);
#885=LINE('',#882,#884);
#886=EDGE_CURVE('',#65,#67,#885,.T.);
#887=CARTESIAN_POINT('',(1.9799956965034757e-19,0.0013393920132778144,0.0032335783637895037));
#888=DIRECTION('',(1.1945836920083893e-17,-0.9807852804032304,0.19509032201612828));
#889=VECTOR('',#888,0.001365632254112898);
#890=LINE('',#887,#889);
#891=EDGE_CURVE('',#67,#91,#890,.T.);
#892=CARTESIAN_POINT('',(2.1431318985078682e-19,2.1431318985078682e-19,0.0035));
#893=DIRECTION('',(0.9659258262890683,0,-0.25881904510252085));
#894=VECTOR('',#893,0.0018117333157176457);
#895=LINE('',#892,#894);
#896=EDGE_CURVE('',#91,#89,#895,.T.);
#897=CARTESIAN_POINT('',(0.0017500000000000005,2.1431318985078682e-19,0.003031088913245535));
#898=DIRECTION('',(-0.09754516100806414,0.9807852804032304,-0.16895317489845377));
#899=VECTOR('',#898,0.001365632254112898);
#900=LINE('',#897,#899);
#901=EDGE_CURVE('',#89,#65,#900,.T.);
#902=CARTESIAN_POINT('',(1.9799956965034757e-19,0.0013393920132778144,0.0032335783637895037));
#903=DIRECTION('',(-0.9659258262890683,0,-0.2588190451025208));
#904=VECTOR('',#903,0.0016738233287603413);
#905=LINE('',#902,#904);
#906=EDGE_CURVE('',#67,#69,#905,.T.);
#907=CARTESIAN_POINT('',(-0.0016167891818947512,0.0013393920132778144,0.0028003610081694295));
#908=DIRECTION('',(-0.09754516100806399,-0.9807852804032304,0.16895317489845377));
#909=VECTOR('',#908,0.001365632254112898);
#910=LINE('',#907,#909);
#911=EDGE_CURVE('',#69,#93,#910,.T.);
#912=CARTESIAN_POINT('',(-0.0017499999999999992,2.1431318985078682e-19,0.0030310889132455355));
#913=DIRECTION('',(0.9659258262890682,0,0.25881904510252074));
#914=VECTOR('',#913,0.0018117333157176448);
#915=LINE('',#912,#914);
#916=EDGE_CURVE('',#93,#91,#915,.T.);
#917=CARTESIAN_POINT('',(2.1431318985078682e-19,2.1431318985078682e-19,0.0035));
#918=DIRECTION('',(-1.1945836920083893e-17,0.9807852804032304,-0.19509032201612828));
#919=VECTOR('',#918,0.001365632254112898);
#920=LINE('',#917,#919);
#921=EDGE_CURVE('',#91,#67,#920,.T.);
#922=CARTESIAN_POINT('',(-0.0016167891818947512,0.0013393920132778144,0.0028003610081694295));
#923=DIRECTION('',(-0.7071067811865476,0,-0.7071067811865474));
#924=VECTOR('',#923,0.0016738233287603426);
#925=LINE('',#922,#924);
#926=EDGE_CURVE('',#69,#71,#925,.T.);
#927=CARTESIAN_POINT('',(-0.0028003610081694295,0.0013393920132778144,0.0016167891818947516));
#928=DIRECTION('',(-0.16895317489845377,-0.9807852804032304,0.09754516100806414));
#929=VECTOR('',#928,0.001365632254112898);
#930=LINE('',#927,#929);
#931=EDGE_CURVE('',#71,#95,#930,.T.);
#932=CARTESIAN_POINT('',(-0.0030310889132455355,2.1431318985078682e-19,0.0017499999999999998));
#933=DIRECTION('',(0.7071067811865477,0,0.7071067811865474));
#934=VECTOR('',#933,0.0018117333157176465);
#935=LINE('',#932,#934);
#936=EDGE_CURVE('',#95,#93,#935,.T.);
#937=CARTESIAN_POINT('',(-0.0017499999999999992,2.1431318985078682e-19,0.0030310889132455355));
#938=DIRECTION('',(0.09754516100806399,0.9807852804032304,-0.16895317489845377));
#939=VECTOR('',#938,0.001365632254112898);
#940=LINE('',#937,#939);
#941=EDGE_CURVE('',#93,#69,#940,.T.);
#942=CARTESIAN_POINT('',(-0.0028003610081694295,0.0013393920132778144,0.0016167891818947516));
#943=DIRECTION('',(-0.2588190451025208,0,-0.9659258262890683));
#944=VECTOR('',#943,0.001673823328760341);
#945=LINE('',#942,#944);
#946=EDGE_CURVE('',#71,#73,#945,.T.);
#947=CARTESIAN_POINT('',(-0.0032335783637895037,0.0013393920132778144,3.9599913930069515e-19));
#948=DIRECTION('',(-0.19509032201612828,-0.9807852804032304,2.3891673840167787e-17));
#949=VECTOR('',#948,0.001365632254112898);
#950=LINE('',#947,#949);
#951=EDGE_CURVE('',#73,#97,#950,.T.);
#952=CARTESIAN_POINT('',(-0.0035,2.1431318985078682e-19,4.2862637970157364e-19));
#953=DIRECTION('',(0.25881904510252074,0,0.9659258262890682));
#954=VECTOR('',#953,0.0018117333157176448);
#955=LINE('',#952,#954);
#956=EDGE_CURVE('',#97,#95,#955,.T.);
#957=CARTESIAN_POINT('',(-0.0030310889132455355,2.1431318985078682e-19,0.0017499999999999998));
#958=DIRECTION('',(0.16895317489845377,0.9807852804032304,-0.09754516100806414));
#959=VECTOR('',#958,0.001365632254112898);
#960=LINE('',#957,#959);
#961=EDGE_CURVE('',#95,#71,#960,.T.);
#962=CARTESIAN_POINT('',(-0.0032335783637895037,0.0013393920132778144,3.9599913930069515e-19));
#963=DIRECTION('',(0.25881904510252085,0,-0.9659258262890683));
#964=VECTOR('',#963,0.0016738233287603426);
#965=LINE('',#962,#964);
#966=EDGE_CURVE('',#73,#75,#965,.T.);
#967=CARTESIAN_POINT('',(-0.002800361008169429,0.0013393920132778144,-0.0016167891818947523));
#968=DIRECTION('',(-0.16895317489845377,-0.9807852804032304,-0.09754516100806414));
#969=VECTOR('',#968,0.001365632254112898);
#970=LINE('',#967,#969);
#971=EDGE_CURVE('',#75,#99,#970,.T.);
#972=CARTESIAN_POINT('',(-0.003031088913245535,2.1431318985078682e-19,-0.0017500000000000005));
#973=DIRECTION('',(-0.25881904510252074,0,0.9659258262890683));
#974=VECTOR('',#973,0.0018117333157176463);
#975=LINE('',#972,#974);
#976=EDGE_CURVE('',#99,#97,#975,.T.);
#977=CARTESIAN_POINT('',(-0.0035,2.1431318985078682e-19,4.2862637970157364e-19));
#978=DIRECTION('',(0.19509032201612828,0.9807852804032304,-2.3891673840167787e-17));
#979=VECTOR('',#978,0.001365632254112898);
#980=LINE('',#977,#979);
#981=EDGE_CURVE('',#97,#73,#980,.T.);
#982=CARTESIAN_POINT('',(-0.002800361008169429,0.0013393920132778144,-0.0016167891818947523));
#983=DIRECTION('',(0.7071067811865474,0,-0.7071067811865477));
#984=VECTOR('',#983,0.0016738233287603395);
#985=LINE('',#982,#984);
#986=EDGE_CURVE('',#75,#77,#985,.T.);
#987=CARTESIAN_POINT('',(-0.0016167891818947534,0.0013393920132778144,-0.0028003610081694286));
#988=DIRECTION('',(-0.09754516100806414,-0.9807852804032304,-0.16895317489845343));
#989=VECTOR('',#988,0.001365632254112898);
#990=LINE('',#987,#989);
#991=EDGE_CURVE('',#77,#101,#990,.T.);
#992=CARTESIAN_POINT('',(-0.0017500000000000016,2.1431318985078682e-19,-0.0030310889132455342));
#993=DIRECTION('',(-0.7071067811865475,0,0.7071067811865476));
#994=VECTOR('',#993,0.001811733315717643);
#995=LINE('',#992,#994);
#996=EDGE_CURVE('',#101,#99,#995,.T.);
#997=CARTESIAN_POINT('',(-0.003031088913245535,2.1431318985078682e-19,-0.0017500000000000005));
#998=DIRECTION('',(0.16895317489845377,0.9807852804032304,0.09754516100806414));
#999=VECTOR('',#998,0.001365632254112898);
#1000=LINE('',#997,#999);
#1001=EDGE_CURVE('',#99,#75,#1000,.T.);
#1002=CARTESIAN_POINT('',(-0.0016167891818947534,0.0013393920132778144,-0.0028003610081694286));
#1003=DIRECTION('',(0.9659258262890682,0,-0.2588190451025211));
#1004=VECTOR('',#1003,0.0016738233287603428);
#1005=LINE('',#1002,#1004);
#1006=EDGE_CURVE('',#77,#79,#1005,.T.);
#1007=CARTESIAN_POINT('',(-5.939987089510426e-19,0.0013393920132778144,-0.0032335783637895037));
#1008=DIRECTION('',(-3.583751076025168e-17,-0.9807852804032304,-0.19509032201612828));
#1009=VECTOR('',#1008,0.001365632254112898);
#1010=LINE('',#1007,#1009);
#1011=EDGE_CURVE('',#79,#103,#1010,.T.);
#1012=CARTESIAN_POINT('',(-6.429395695523604e-19,2.1431318985078682e-19,-0.0035));
#1013=DIRECTION('',(-0.9659258262890682,0,0.2588190451025212));
#1014=VECTOR('',#1013,0.0018117333157176465);
#1015=LINE('',#1012,#1014);
#1016=EDGE_CURVE('',#103,#101,#1015,.T.);
#1017=CARTESIAN_POINT('',(-0.0017500000000000016,2.1431318985078682e-19,-0.0030310889132455342));
#1018=DIRECTION('',(0.09754516100806414,0.9807852804032304,0.16895317489845343));
#1019=VECTOR('',#1018,0.001365632254112898);
#1020=LINE('',#1017,#1019);
#1021=EDGE_CURVE('',#101,#77,#1020,.T.);
#1022=CARTESIAN_POINT('',(-5.939987089510426e-19,0.0013393920132778144,-0.0032335783637895037));
#1023=DIRECTION('',(0.9659258262890683,0,0.2588190451025208));
#1024=VECTOR('',#1023,0.0016738233287603428);
#1025=LINE('',#1022,#1024);
#1026=EDGE_CURVE('',#79,#81,#1025,.T.);
#1027=CARTESIAN_POINT('',(0.0016167891818947523,0.0013393920132778144,-0.002800361008169429));
#1028=DIRECTION('',(0.09754516100806414,-0.9807852804032304,-0.16895317489845377));
#1029=VECTOR('',#1028,0.001365632254112898);
#1030=LINE('',#1027,#1029);
#1031=EDGE_CURVE('',#81,#105,#1030,.T.);
#1032=CARTESIAN_POINT('',(0.0017500000000000005,2.1431318985078682e-19,-0.003031088913245535));
#1033=DIRECTION('',(-0.9659258262890683,0,-0.25881904510252074));
#1034=VECTOR('',#1033,0.0018117333157176465);
#1035=LINE('',#1032,#1034);
#1036=EDGE_CURVE('',#105,#103,#1035,.T.);
#1037=CARTESIAN_POINT('',(-6.429395695523604e-19,2.1431318985078682e-19,-0.0035));
#1038=DIRECTION('',(3.583751076025168e-17,0.9807852804032304,0.19509032201612828));
#1039=VECTOR('',#1038,0.001365632254112898);
#1040=LINE('',#1037,#1039);
#1041=EDGE_CURVE('',#103,#79,#1040,.T.);
#1042=CARTESIAN_POINT('',(0.0016167891818947523,0.0013393920132778144,-0.002800361008169429));
#1043=DIRECTION('',(0.7071067811865477,0,0.7071067811865474));
#1044=VECTOR('',#1043,0.0016738233287603395);
#1045=LINE('',#1042,#1044);
#1046=EDGE_CURVE('',#81,#83,#1045,.T.);
#1047=CARTESIAN_POINT('',(0.0028003610081694286,0.0013393920132778144,-0.0016167891818947534));
#1048=DIRECTION('',(0.16895317489845343,-0.9807852804032304,-0.09754516100806414));
#1049=VECTOR('',#1048,0.001365632254112898);
#1050=LINE('',#1047,#1049);
#1051=EDGE_CURVE('',#83,#107,#1050,.T.);
#1052=CARTESIAN_POINT('',(0.0030310889132455342,2.1431318985078682e-19,-0.0017500000000000016));
#1053=DIRECTION('',(-0.7071067811865476,0,-0.7071067811865475));
#1054=VECTOR('',#1053,0.001811733315717643);
#1055=LINE('',#1052,#1054);
#1056=EDGE_CURVE('',#107,#105,#1055,.T.);
#1057=CARTESIAN_POINT('',(0.0017500000000000005,2.1431318985078682e-19,-0.003031088913245535));
#1058=DIRECTION('',(-0.09754516100806414,0.9807852804032304,0.16895317489845377));
#1059=VECTOR('',#1058,0.001365632254112898);
#1060=LINE('',#1057,#1059);
#1061=EDGE_CURVE('',#105,#81,#1060,.T.);
#1062=CARTESIAN_POINT('',(0.0028003610081694286,0.0013393920132778144,-0.0016167891818947534));
#1063=DIRECTION('',(0.25881904510252096,0,0.9659258262890682));
#1064=VECTOR('',#1063,0.0016738233287603434);
#1065=LINE('',#1062,#1064);
#1066=EDGE_CURVE('',#83,#63,#1065,.T.);
#1067=CARTESIAN_POINT('',(0.0032335783637895037,0.0013393920132778144,0));
#1068=DIRECTION('',(0.19509032201612828,-0.9807852804032304,0));
#1069=VECTOR('',#1068,0.001365632254112898);
#1070=LINE('',#1067,#1069);
#1071=EDGE_CURVE('',#63,#87,#1070,.T.);
#1072=CARTESIAN_POINT('',(0.0035,2.1431318985078682e-19,0));
#1073=DIRECTION('',(-0.25881904510252113,0,-0.9659258262890682));
#1074=VECTOR('',#1073,0.0018117333157176472);
#1075=LINE('',#1072,#1074);
#1076=EDGE_CURVE('',#87,#107,#1075,.T.);
#1077=CARTESIAN_POINT('',(0.0030310889132455342,2.1431318985078682e-19,-0.0017500000000000016));
#1078=DIRECTION('',(-0.16895317489845343,0.9807852804032304,0.09754516100806414));
#1079=VECTOR('',#1078,0.001365632254112898);
#1080=LINE('',#1077,#1079);
#1081=EDGE_CURVE('',#107,#83,#1080,.T.);
#1082=CARTESIAN_POINT('',(0.0035,2.1431318985078682e-19,0));
#1083=DIRECTION('',(-0.2588190451025207,0,0.9659258262890682));
#1084=VECTOR('',#1083,0.0018117333157176452);
#1085=LINE('',#1082,#1084);
#1086=EDGE_CURVE('',#87,#85,#1085,.T.);
#1087=CARTESIAN_POINT('',(0.0030310889132455355,2.1431318985078682e-19,0.0017499999999999998));
#1088=DIRECTION('',(-0.16895317489845377,-0.9807852804032304,-0.09754516100806414));
#1089=VECTOR('',#1088,0.001365632254112898);
#1090=LINE('',#1087,#1089);
#1091=EDGE_CURVE('',#85,#109,#1090,.T.);
#1092=CARTESIAN_POINT('',(0.0028003610081694295,-0.001339392013277814,0.0016167891818947516));
#1093=DIRECTION('',(0.25881904510252074,0,-0.9659258262890683));
#1094=VECTOR('',#1093,0.0016738233287603415);
#1095=LINE('',#1092,#1094);
#1096=EDGE_CURVE('',#109,#111,#1095,.T.);
#1097=CARTESIAN_POINT('',(0.0032335783637895037,-0.001339392013277814,0));
#1098=DIRECTION('',(0.19509032201612828,0.9807852804032304,0));
#1099=VECTOR('',#1098,0.001365632254112898);
#1100=LINE('',#1097,#1099);
#1101=EDGE_CURVE('',#111,#87,#1100,.T.);
#1102=CARTESIAN_POINT('',(0.0030310889132455355,2.1431318985078682e-19,0.0017499999999999998));
#1103=DIRECTION('',(-0.7071067811865475,0,0.7071067811865476));
#1104=VECTOR('',#1103,0.0018117333157176452);
#1105=LINE('',#1102,#1104);
#1106=EDGE_CURVE('',#85,#89,#1105,.T.);
#1107=CARTESIAN_POINT('',(0.0017500000000000005,2.1431318985078682e-19,0.003031088913245535));
#1108=DIRECTION('',(-0.09754516100806414,-0.9807852804032304,-0.16895317489845377));
#1109=VECTOR('',#1108,0.001365632254112898);
#1110=LINE('',#1107,#1109);
#1111=EDGE_CURVE('',#89,#113,#1110,.T.);
#1112=CARTESIAN_POINT('',(0.0016167891818947523,-0.001339392013277814,0.002800361008169429));
#1113=DIRECTION('',(0.7071067811865475,0,-0.7071067811865476));
#1114=VECTOR('',#1113,0.0016738233287603413);
#1115=LINE('',#1112,#1114);
#1116=EDGE_CURVE('',#113,#109,#1115,.T.);
#1117=CARTESIAN_POINT('',(0.0028003610081694295,-0.001339392013277814,0.0016167891818947516));
#1118=DIRECTION('',(0.16895317489845377,0.9807852804032304,0.09754516100806414));
#1119=VECTOR('',#1118,0.001365632254112898);
#1120=LINE('',#1117,#1119);
#1121=EDGE_CURVE('',#109,#85,#1120,.T.);
#1122=CARTESIAN_POINT('',(0.0017500000000000005,2.1431318985078682e-19,0.003031088913245535));
#1123=DIRECTION('',(-0.9659258262890683,0,0.25881904510252085));
#1124=VECTOR('',#1123,0.0018117333157176457);
#1125=LINE('',#1122,#1124);
#1126=EDGE_CURVE('',#89,#91,#1125,.T.);
#1127=CARTESIAN_POINT('',(2.1431318985078682e-19,2.1431318985078682e-19,0.0035));
#1128=DIRECTION('',(-1.1945836920083893e-17,-0.9807852804032304,-0.19509032201612828));
#1129=VECTOR('',#1128,0.001365632254112898);
#1130=LINE('',#1127,#1129);
#1131=EDGE_CURVE('',#91,#115,#1130,.T.);
#1132=CARTESIAN_POINT('',(1.9799956965034757e-19,-0.001339392013277814,0.0032335783637895037));
#1133=DIRECTION('',(0.9659258262890683,0,-0.25881904510252096));
#1134=VECTOR('',#1133,0.001673823328760342);
#1135=LINE('',#1132,#1134);
#1136=EDGE_CURVE('',#115,#113,#1135,.T.);
#1137=CARTESIAN_POINT('',(0.0016167891818947523,-0.001339392013277814,0.002800361008169429));
#1138=DIRECTION('',(0.09754516100806414,0.9807852804032304,0.16895317489845377));
#1139=VECTOR('',#1138,0.001365632254112898);
#1140=LINE('',#1137,#1139);
#1141=EDGE_CURVE('',#113,#89,#1140,.T.);
#1142=CARTESIAN_POINT('',(2.1431318985078682e-19,2.1431318985078682e-19,0.0035));
#1143=DIRECTION('',(-0.9659258262890682,0,-0.25881904510252074));
#1144=VECTOR('',#1143,0.0018117333157176448);
#1145=LINE('',#1142,#1144);
#1146=EDGE_CURVE('',#91,#93,#1145,.T.);
#1147=CARTESIAN_POINT('',(-0.0017499999999999992,2.1431318985078682e-19,0.0030310889132455355));
#1148=DIRECTION('',(0.09754516100806399,-0.9807852804032304,-0.16895317489845377));
#1149=VECTOR('',#1148,0.001365632254112898);
#1150=LINE('',#1147,#1149);
#1151=EDGE_CURVE('',#93,#117,#1150,.T.);
#1152=CARTESIAN_POINT('',(-0.0016167891818947512,-0.001339392013277814,0.0028003610081694295));
#1153=DIRECTION('',(0.9659258262890683,0,0.2588190451025208));
#1154=VECTOR('',#1153,0.0016738233287603413);
#1155=LINE('',#1152,#1154);
#1156=EDGE_CURVE('',#117,#115,#1155,.T.);
#1157=CARTESIAN_POINT('',(1.9799956965034757e-19,-0.001339392013277814,0.0032335783637895037));
#1158=DIRECTION('',(1.1945836920083893e-17,0.9807852804032304,0.19509032201612828));
#1159=VECTOR('',#1158,0.001365632254112898);
#1160=LINE('',#1157,#1159);
#1161=EDGE_CURVE('',#115,#91,#1160,.T.);
#1162=CARTESIAN_POINT('',(-0.0017499999999999992,2.1431318985078682e-19,0.0030310889132455355));
#1163=DIRECTION('',(-0.7071067811865477,0,-0.7071067811865474));
#1164=VECTOR('',#1163,0.0018117333157176465);
#1165=LINE('',#1162,#1164);
#1166=EDGE_CURVE('',#93,#95,#1165,.T.);
#1167=CARTESIAN_POINT('',(-0.0030310889132455355,2.1431318985078682e-19,0.0017499999999999998));
#1168=DIRECTION('',(0.16895317489845377,-0.9807852804032304,-0.09754516100806414));
#1169=VECTOR('',#1168,0.001365632254112898);
#1170=LINE('',#1167,#1169);
#1171=EDGE_CURVE('',#95,#119,#1170,.T.);
#1172=CARTESIAN_POINT('',(-0.0028003610081694295,-0.001339392013277814,0.0016167891818947516));
#1173=DIRECTION('',(0.7071067811865476,0,0.7071067811865474));
#1174=VECTOR('',#1173,0.0016738233287603426);
#1175=LINE('',#1172,#1174);
#1176=EDGE_CURVE('',#119,#117,#1175,.T.);
#1177=CARTESIAN_POINT('',(-0.0016167891818947512,-0.001339392013277814,0.0028003610081694295));
#1178=DIRECTION('',(-0.09754516100806399,0.9807852804032304,0.16895317489845377));
#1179=VECTOR('',#1178,0.001365632254112898);
#1180=LINE('',#1177,#1179);
#1181=EDGE_CURVE('',#117,#93,#1180,.T.);
#1182=CARTESIAN_POINT('',(-0.0030310889132455355,2.1431318985078682e-19,0.0017499999999999998));
#1183=DIRECTION('',(-0.25881904510252074,0,-0.9659258262890682));
#1184=VECTOR('',#1183,0.0018117333157176448);
#1185=LINE('',#1182,#1184);
#1186=EDGE_CURVE('',#95,#97,#1185,.T.);
#1187=CARTESIAN_POINT('',(-0.0035,2.1431318985078682e-19,4.2862637970157364e-19));
#1188=DIRECTION('',(0.19509032201612828,-0.9807852804032304,-2.3891673840167787e-17));
#1189=VECTOR('',#1188,0.001365632254112898);
#1190=LINE('',#1187,#1189);
#1191=EDGE_CURVE('',#97,#121,#1190,.T.);
#1192=CARTESIAN_POINT('',(-0.0032335783637895037,-0.001339392013277814,3.9599913930069515e-19));
#1193=DIRECTION('',(0.2588190451025208,0,0.9659258262890683));
#1194=VECTOR('',#1193,0.001673823328760341);
#1195=LINE('',#1192,#1194);
#1196=EDGE_CURVE('',#121,#119,#1195,.T.);
#1197=CARTESIAN_POINT('',(-0.0028003610081694295,-0.001339392013277814,0.0016167891818947516));
#1198=DIRECTION('',(-0.16895317489845377,0.9807852804032304,0.09754516100806414));
#1199=VECTOR('',#1198,0.001365632254112898);
#1200=LINE('',#1197,#1199);
#1201=EDGE_CURVE('',#119,#95,#1200,.T.);
#1202=CARTESIAN_POINT('',(-0.0035,2.1431318985078682e-19,4.2862637970157364e-19));
#1203=DIRECTION('',(0.25881904510252074,0,-0.9659258262890683));
#1204=VECTOR('',#1203,0.0018117333157176463);
#1205=LINE('',#1202,#1204);
#1206=EDGE_CURVE('',#97,#99,#1205,.T.);
#1207=CARTESIAN_POINT('',(-0.003031088913245535,2.1431318985078682e-19,-0.0017500000000000005));
#1208=DIRECTION('',(0.16895317489845377,-0.9807852804032304,0.09754516100806414));
#1209=VECTOR('',#1208,0.001365632254112898);
#1210=LINE('',#1207,#1209);
#1211=EDGE_CURVE('',#99,#123,#1210,.T.);
#1212=CARTESIAN_POINT('',(-0.002800361008169429,-0.001339392013277814,-0.0016167891818947523));
#1213=DIRECTION('',(-0.25881904510252085,0,0.9659258262890683));
#1214=VECTOR('',#1213,0.0016738233287603426);
#1215=LINE('',#1212,#1214);
#1216=EDGE_CURVE('',#123,#121,#1215,.T.);
#1217=CARTESIAN_POINT('',(-0.0032335783637895037,-0.001339392013277814,3.9599913930069515e-19));
#1218=DIRECTION('',(-0.19509032201612828,0.9807852804032304,2.3891673840167787e-17));
#1219=VECTOR('',#1218,0.001365632254112898);
#1220=LINE('',#1217,#1219);
#1221=EDGE_CURVE('',#121,#97,#1220,.T.);
#1222=CARTESIAN_POINT('',(-0.003031088913245535,2.1431318985078682e-19,-0.0017500000000000005));
#1223=DIRECTION('',(0.7071067811865475,0,-0.7071067811865476));
#1224=VECTOR('',#1223,0.001811733315717643);
#1225=LINE('',#1222,#1224);
#1226=EDGE_CURVE('',#99,#101,#1225,.T.);
#1227=CARTESIAN_POINT('',(-0.0017500000000000016,2.1431318985078682e-19,-0.0030310889132455342));
#1228=DIRECTION('',(0.09754516100806414,-0.9807852804032304,0.16895317489845343));
#1229=VECTOR('',#1228,0.001365632254112898);
#1230=LINE('',#1227,#1229);
#1231=EDGE_CURVE('',#101,#125,#1230,.T.);
#1232=CARTESIAN_POINT('',(-0.0016167891818947534,-0.001339392013277814,-0.0028003610081694286));
#1233=DIRECTION('',(-0.7071067811865474,0,0.7071067811865477));
#1234=VECTOR('',#1233,0.0016738233287603395);
#1235=LINE('',#1232,#1234);
#1236=EDGE_CURVE('',#125,#123,#1235,.T.);
#1237=CARTESIAN_POINT('',(-0.002800361008169429,-0.001339392013277814,-0.0016167891818947523));
#1238=DIRECTION('',(-0.16895317489845377,0.9807852804032304,-0.09754516100806414));
#1239=VECTOR('',#1238,0.001365632254112898);
#1240=LINE('',#1237,#1239);
#1241=EDGE_CURVE('',#123,#99,#1240,.T.);
#1242=CARTESIAN_POINT('',(-0.0017500000000000016,2.1431318985078682e-19,-0.0030310889132455342));
#1243=DIRECTION('',(0.9659258262890682,0,-0.2588190451025212));
#1244=VECTOR('',#1243,0.0018117333157176465);
#1245=LINE('',#1242,#1244);
#1246=EDGE_CURVE('',#101,#103,#1245,.T.);
#1247=CARTESIAN_POINT('',(-6.429395695523604e-19,2.1431318985078682e-19,-0.0035));
#1248=DIRECTION('',(3.583751076025168e-17,-0.9807852804032304,0.19509032201612828));
#1249=VECTOR('',#1248,0.001365632254112898);
#1250=LINE('',#1247,#1249);
#1251=EDGE_CURVE('',#103,#127,#1250,.T.);
#1252=CARTESIAN_POINT('',(-5.939987089510426e-19,-0.001339392013277814,-0.0032335783637895037));
#1253=DIRECTION('',(-0.9659258262890682,0,0.2588190451025211));
#1254=VECTOR('',#1253,0.0016738233287603428);
#1255=LINE('',#1252,#1254);
#1256=EDGE_CURVE('',#127,#125,#1255,.T.);
#1257=CARTESIAN_POINT('',(-0.0016167891818947534,-0.001339392013277814,-0.0028003610081694286));
#1258=DIRECTION('',(-0.09754516100806414,0.9807852804032304,-0.16895317489845343));
#1259=VECTOR('',#1258,0.001365632254112898);
#1260=LINE('',#1257,#1259);
#1261=EDGE_CURVE('',#125,#101,#1260,.T.);
#1262=CARTESIAN_POINT('',(-6.429395695523604e-19,2.1431318985078682e-19,-0.0035));
#1263=DIRECTION('',(0.9659258262890683,0,0.25881904510252074));
#1264=VECTOR('',#1263,0.0018117333157176465);
#1265=LINE('',#1262,#1264);
#1266=EDGE_CURVE('',#103,#105,#1265,.T.);
#1267=CARTESIAN_POINT('',(0.0017500000000000005,2.1431318985078682e-19,-0.003031088913245535));
#1268=DIRECTION('',(-0.09754516100806414,-0.9807852804032304,0.16895317489845377));
#1269=VECTOR('',#1268,0.001365632254112898);
#1270=LINE('',#1267,#1269);
#1271=EDGE_CURVE('',#105,#129,#1270,.T.);
#1272=CARTESIAN_POINT('',(0.0016167891818947523,-0.001339392013277814,-0.002800361008169429));
#1273=DIRECTION('',(-0.9659258262890683,0,-0.2588190451025208));
#1274=VECTOR('',#1273,0.0016738233287603428);
#1275=LINE('',#1272,#1274);
#1276=EDGE_CURVE('',#129,#127,#1275,.T.);
#1277=CARTESIAN_POINT('',(-5.939987089510426e-19,-0.001339392013277814,-0.0032335783637895037));
#1278=DIRECTION('',(-3.583751076025168e-17,0.9807852804032304,-0.19509032201612828));
#1279=VECTOR('',#1278,0.001365632254112898);
#1280=LINE('',#1277,#1279);
#1281=EDGE_CURVE('',#127,#103,#1280,.T.);
#1282=CARTESIAN_POINT('',(0.0017500000000000005,2.1431318985078682e-19,-0.003031088913245535));
#1283=DIRECTION('',(0.7071067811865476,0,0.7071067811865475));
#1284=VECTOR('',#1283,0.001811733315717643);
#1285=LINE('',#1282,#1284);
#1286=EDGE_CURVE('',#105,#107,#1285,.T.);
#1287=CARTESIAN_POINT('',(0.0030310889132455342,2.1431318985078682e-19,-0.0017500000000000016));
#1288=DIRECTION('',(-0.16895317489845343,-0.9807852804032304,0.09754516100806414));
#1289=VECTOR('',#1288,0.001365632254112898);
#1290=LINE('',#1287,#1289);
#1291=EDGE_CURVE('',#107,#131,#1290,.T.);
#1292=CARTESIAN_POINT('',(0.0028003610081694286,-0.001339392013277814,-0.0016167891818947534));
#1293=DIRECTION('',(-0.7071067811865477,0,-0.7071067811865474));
#1294=VECTOR('',#1293,0.0016738233287603395);
#1295=LINE('',#1292,#1294);
#1296=EDGE_CURVE('',#131,#129,#1295,.T.);
#1297=CARTESIAN_POINT('',(0.0016167891818947523,-0.001339392013277814,-0.002800361008169429));
#1298=DIRECTION('',(0.09754516100806414,0.9807852804032304,-0.16895317489845377));
#1299=VECTOR('',#1298,0.001365632254112898);
#1300=LINE('',#1297,#1299);
#1301=EDGE_CURVE('',#129,#105,#1300,.T.);
#1302=CARTESIAN_POINT('',(0.0030310889132455342,2.1431318985078682e-19,-0.0017500000000000016));
#1303=DIRECTION('',(0.25881904510252113,0,0.9659258262890682));
#1304=VECTOR('',#1303,0.0018117333157176472);
#1305=LINE('',#1302,#1304);
#1306=EDGE_CURVE('',#107,#87,#1305,.T.);
#1307=CARTESIAN_POINT('',(0.0035,2.1431318985078682e-19,0));
#1308=DIRECTION('',(-0.19509032201612828,-0.9807852804032304,0));
#1309=VECTOR('',#1308,0.001365632254112898);
#1310=LINE('',#1307,#1309);
#1311=EDGE_CURVE('',#87,#111,#1310,.T.);
#1312=CARTESIAN_POINT('',(0.0032335783637895037,-0.001339392013277814,0));
#1313=DIRECTION('',(-0.25881904510252096,0,-0.9659258262890682));
#1314=VECTOR('',#1313,0.0016738233287603434);
#1315=LINE('',#1312,#1314);
#1316=EDGE_CURVE('',#111,#131,#1315,.T.);
#1317=CARTESIAN_POINT('',(0.0028003610081694286,-0.001339392013277814,-0.0016167891818947534));
#1318=DIRECTION('',(0.16895317489845343,0.9807852804032304,-0.09754516100806414));
#1319=VECTOR('',#1318,0.001365632254112898);
#1320=LINE('',#1317,#1319);
#1321=EDGE_CURVE('',#131,#107,#1320,.T.);
#1322=CARTESIAN_POINT('',(0.0032335783637895037,-0.001339392013277814,0));
#1323=DIRECTION('',(-0.25881904510252074,0,0.9659258262890683));
#1324=VECTOR('',#1323,0.0016738233287603415);
#1325=LINE('',#1322,#1324);
#1326=EDGE_CURVE('',#111,#109,#1325,.T.);
#1327=CARTESIAN_POINT('',(0.0028003610081694295,-0.001339392013277814,0.0016167891818947516));
#1328=DIRECTION('',(-0.48113793538141536,-0.8314696123025455,-0.27778511650980103));
#1329=VECTOR('',#1328,0.0013656322541128977);
#1330=LINE('',#1327,#1329);
#1331=EDGE_CURVE('',#109,#133,#1330,.T.);
#1332=CARTESIAN_POINT('',(0.0021433035249352815,-0.0024748737341529162,0.0012374368670764581));
#1333=DIRECTION('',(0.2588190451025206,0,-0.9659258262890684));
#1334=VECTOR('',#1333,0.001281088913245535);
#1335=LINE('',#1332,#1334);
#1336=EDGE_CURVE('',#133,#135,#1335,.T.);
#1337=CARTESIAN_POINT('',(0.0024748737341529167,-0.0024748737341529162,0));
#1338=DIRECTION('',(0.555570233019602,0.8314696123025453,0));
#1339=VECTOR('',#1338,0.001365632254112898);
#1340=LINE('',#1337,#1339);
#1341=EDGE_CURVE('',#135,#111,#1340,.T.);
#1342=CARTESIAN_POINT('',(0.0028003610081694295,-0.001339392013277814,0.0016167891818947516));
#1343=DIRECTION('',(-0.7071067811865475,0,0.7071067811865476));
#1344=VECTOR('',#1343,0.0016738233287603413);
#1345=LINE('',#1342,#1344);
#1346=EDGE_CURVE('',#109,#113,#1345,.T.);
#1347=CARTESIAN_POINT('',(0.0016167891818947523,-0.001339392013277814,0.002800361008169429));
#1348=DIRECTION('',(-0.2777851165098012,-0.8314696123025455,-0.48113793538141536));
#1349=VECTOR('',#1348,0.0013656322541128977);
#1350=LINE('',#1347,#1349);
#1351=EDGE_CURVE('',#113,#137,#1350,.T.);
#1352=CARTESIAN_POINT('',(0.0012374368670764586,-0.0024748737341529162,0.002143303524935281));
#1353=DIRECTION('',(0.7071067811865475,0,-0.7071067811865475));
#1354=VECTOR('',#1353,0.0012810889132455357);
#1355=LINE('',#1352,#1354);
#1356=EDGE_CURVE('',#137,#133,#1355,.T.);
#1357=CARTESIAN_POINT('',(0.0021433035249352815,-0.0024748737341529162,0.0012374368670764581));
#1358=DIRECTION('',(0.48113793538141536,0.8314696123025455,0.27778511650980103));
#1359=VECTOR('',#1358,0.0013656322541128977);
#1360=LINE('',#1357,#1359);
#1361=EDGE_CURVE('',#133,#109,#1360,.T.);
#1362=CARTESIAN_POINT('',(0.0016167891818947523,-0.001339392013277814,0.002800361008169429));
#1363=DIRECTION('',(-0.9659258262890683,0,0.25881904510252096));
#1364=VECTOR('',#1363,0.001673823328760342);
#1365=LINE('',#1362,#1364);
#1366=EDGE_CURVE('',#113,#115,#1365,.T.);
#1367=CARTESIAN_POINT('',(1.9799956965034757e-19,-0.001339392013277814,0.0032335783637895037));
#1368=DIRECTION('',(-3.401886537845025e-17,-0.8314696123025453,-0.555570233019602));
#1369=VECTOR('',#1368,0.001365632254112898);
#1370=LINE('',#1367,#1369);
#1371=EDGE_CURVE('',#115,#139,#1370,.T.);
#1372=CARTESIAN_POINT('',(1.5154230984121134e-19,-0.0024748737341529162,0.0024748737341529167));
#1373=DIRECTION('',(0.9659258262890682,0,-0.2588190451025208));
#1374=VECTOR('',#1373,0.0012810889132455355);
#1375=LINE('',#1372,#1374);
#1376=EDGE_CURVE('',#139,#137,#1375,.T.);
#1377=CARTESIAN_POINT('',(0.0012374368670764586,-0.0024748737341529162,0.002143303524935281));
#1378=DIRECTION('',(0.2777851165098012,0.8314696123025455,0.48113793538141536));
#1379=VECTOR('',#1378,0.0013656322541128977);
#1380=LINE('',#1377,#1379);
#1381=EDGE_CURVE('',#137,#113,#1380,.T.);
#1382=CARTESIAN_POINT('',(1.9799956965034757e-19,-0.001339392013277814,0.0032335783637895037));
#1383=DIRECTION('',(-0.9659258262890683,0,-0.2588190451025208));
#1384=VECTOR('',#1383,0.0016738233287603413);
#1385=LINE('',#1382,#1384);
#1386=EDGE_CURVE('',#115,#117,#1385,.T.);
#1387=CARTESIAN_POINT('',(-0.0016167891818947512,-0.001339392013277814,0.0028003610081694295));
#1388=DIRECTION('',(0.27778511650980103,-0.8314696123025455,-0.48113793538141536));
#1389=VECTOR('',#1388,0.0013656322541128977);
#1390=LINE('',#1387,#1389);
#1391=EDGE_CURVE('',#117,#141,#1390,.T.);
#1392=CARTESIAN_POINT('',(-0.0012374368670764577,-0.0024748737341529162,0.0021433035249352815));
#1393=DIRECTION('',(0.9659258262890684,0,0.2588190451025206));
#1394=VECTOR('',#1393,0.0012810889132455349);
#1395=LINE('',#1392,#1394);
#1396=EDGE_CURVE('',#141,#139,#1395,.T.);
#1397=CARTESIAN_POINT('',(1.5154230984121134e-19,-0.0024748737341529162,0.0024748737341529167));
#1398=DIRECTION('',(3.401886537845025e-17,0.8314696123025453,0.555570233019602));
#1399=VECTOR('',#1398,0.001365632254112898);
#1400=LINE('',#1397,#1399);
#1401=EDGE_CURVE('',#139,#115,#1400,.T.);
#1402=CARTESIAN_POINT('',(-0.0016167891818947512,-0.001339392013277814,0.0028003610081694295));
#1403=DIRECTION('',(-0.7071067811865476,0,-0.7071067811865474));
#1404=VECTOR('',#1403,0.0016738233287603426);
#1405=LINE('',#1402,#1404);
#1406=EDGE_CURVE('',#117,#119,#1405,.T.);
#1407=CARTESIAN_POINT('',(-0.0028003610081694295,-0.001339392013277814,0.0016167891818947516));
#1408=DIRECTION('',(0.48113793538141536,-0.8314696123025455,-0.27778511650980103));
#1409=VECTOR('',#1408,0.0013656322541128977);
#1410=LINE('',#1407,#1409);
#1411=EDGE_CURVE('',#119,#143,#1410,.T.);
#1412=CARTESIAN_POINT('',(-0.0021433035249352815,-0.0024748737341529162,0.0012374368670764581));
#1413=DIRECTION('',(0.7071067811865477,0,0.7071067811865474));
#1414=VECTOR('',#1413,0.0012810889132455366);
#1415=LINE('',#1412,#1414);
#1416=EDGE_CURVE('',#143,#141,#1415,.T.);
#1417=CARTESIAN_POINT('',(-0.0012374368670764577,-0.0024748737341529162,0.0021433035249352815));
#1418=DIRECTION('',(-0.27778511650980103,0.8314696123025455,0.48113793538141536));
#1419=VECTOR('',#1418,0.0013656322541128977);
#1420=LINE('',#1417,#1419);
#1421=EDGE_CURVE('',#141,#117,#1420,.T.);
#1422=CARTESIAN_POINT('',(-0.0028003610081694295,-0.001339392013277814,0.0016167891818947516));
#1423=DIRECTION('',(-0.2588190451025208,0,-0.9659258262890683));
#1424=VECTOR('',#1423,0.001673823328760341);
#1425=LINE('',#1422,#1424);
#1426=EDGE_CURVE('',#119,#121,#1425,.T.);
#1427=CARTESIAN_POINT('',(-0.0032335783637895037,-0.001339392013277814,3.9599913930069515e-19));
#1428=DIRECTION('',(0.555570233019602,-0.8314696123025453,-6.80377307569005e-17));
#1429=VECTOR('',#1428,0.001365632254112898);
#1430=LINE('',#1427,#1429);
#1431=EDGE_CURVE('',#121,#145,#1430,.T.);
#1432=CARTESIAN_POINT('',(-0.0024748737341529167,-0.0024748737341529162,3.030846196824227e-19));
#1433=DIRECTION('',(0.2588190451025206,0,0.9659258262890684));
#1434=VECTOR('',#1433,0.0012810889132455349);
#1435=LINE('',#1432,#1434);
#1436=EDGE_CURVE('',#145,#143,#1435,.T.);
#1437=CARTESIAN_POINT('',(-0.0021433035249352815,-0.0024748737341529162,0.0012374368670764581));
#1438=DIRECTION('',(-0.48113793538141536,0.8314696123025455,0.27778511650980103));
#1439=VECTOR('',#1438,0.0013656322541128977);
#1440=LINE('',#1437,#1439);
#1441=EDGE_CURVE('',#143,#119,#1440,.T.);
#1442=CARTESIAN_POINT('',(-0.0032335783637895037,-0.001339392013277814,3.9599913930069515e-19));
#1443=DIRECTION('',(0.25881904510252085,0,-0.9659258262890683));
#1444=VECTOR('',#1443,0.0016738233287603426);
#1445=LINE('',#1442,#1444);
#1446=EDGE_CURVE('',#121,#123,#1445,.T.);
#1447=CARTESIAN_POINT('',(-0.002800361008169429,-0.001339392013277814,-0.0016167891818947523));
#1448=DIRECTION('',(0.48113793538141536,-0.8314696123025455,0.2777851165098012));
#1449=VECTOR('',#1448,0.0013656322541128977);
#1450=LINE('',#1447,#1449);
#1451=EDGE_CURVE('',#123,#147,#1450,.T.);
#1452=CARTESIAN_POINT('',(-0.002143303524935281,-0.0024748737341529162,-0.0012374368670764586));
#1453=DIRECTION('',(-0.25881904510252074,0,0.9659258262890682));
#1454=VECTOR('',#1453,0.001281088913245536);
#1455=LINE('',#1452,#1454);
#1456=EDGE_CURVE('',#147,#145,#1455,.T.);
#1457=CARTESIAN_POINT('',(-0.0024748737341529167,-0.0024748737341529162,3.030846196824227e-19));
#1458=DIRECTION('',(-0.555570233019602,0.8314696123025453,6.80377307569005e-17));
#1459=VECTOR('',#1458,0.001365632254112898);
#1460=LINE('',#1457,#1459);
#1461=EDGE_CURVE('',#145,#121,#1460,.T.);
#1462=CARTESIAN_POINT('',(-0.002800361008169429,-0.001339392013277814,-0.0016167891818947523));
#1463=DIRECTION('',(0.7071067811865474,0,-0.7071067811865477));
#1464=VECTOR('',#1463,0.0016738233287603395);
#1465=LINE('',#1462,#1464);
#1466=EDGE_CURVE('',#123,#125,#1465,.T.);
#1467=CARTESIAN_POINT('',(-0.0016167891818947534,-0.001339392013277814,-0.0028003610081694286));
#1468=DIRECTION('',(0.27778511650980137,-0.8314696123025455,0.48113793538141536));
#1469=VECTOR('',#1468,0.0013656322541128977);
#1470=LINE('',#1467,#1469);
#1471=EDGE_CURVE('',#125,#149,#1470,.T.);
#1472=CARTESIAN_POINT('',(-0.0012374368670764594,-0.0024748737341529162,-0.0021433035249352806));
#1473=DIRECTION('',(-0.7071067811865475,0,0.7071067811865478));
#1474=VECTOR('',#1473,0.001281088913245534);
#1475=LINE('',#1472,#1474);
#1476=EDGE_CURVE('',#149,#147,#1475,.T.);
#1477=CARTESIAN_POINT('',(-0.002143303524935281,-0.0024748737341529162,-0.0012374368670764586));
#1478=DIRECTION('',(-0.48113793538141536,0.8314696123025455,-0.2777851165098012));
#1479=VECTOR('',#1478,0.0013656322541128977);
#1480=LINE('',#1477,#1479);
#1481=EDGE_CURVE('',#147,#123,#1480,.T.);
#1482=CARTESIAN_POINT('',(-0.0016167891818947534,-0.001339392013277814,-0.0028003610081694286));
#1483=DIRECTION('',(0.9659258262890682,0,-0.2588190451025211));
#1484=VECTOR('',#1483,0.0016738233287603428);
#1485=LINE('',#1482,#1484);
#1486=EDGE_CURVE('',#125,#127,#1485,.T.);
#1487=CARTESIAN_POINT('',(-5.939987089510426e-19,-0.001339392013277814,-0.0032335783637895037));
#1488=DIRECTION('',(1.0205659613535065e-16,-0.8314696123025453,0.555570233019602));
#1489=VECTOR('',#1488,0.001365632254112898);
#1490=LINE('',#1487,#1489);
#1491=EDGE_CURVE('',#127,#151,#1490,.T.);
#1492=CARTESIAN_POINT('',(-4.54626929523634e-19,-0.0024748737341529162,-0.0024748737341529167));
#1493=DIRECTION('',(-0.9659258262890682,0,0.258819045102521));
#1494=VECTOR('',#1493,0.0012810889132455362);
#1495=LINE('',#1492,#1494);
#1496=EDGE_CURVE('',#151,#149,#1495,.T.);
#1497=CARTESIAN_POINT('',(-0.0012374368670764594,-0.0024748737341529162,-0.0021433035249352806));
#1498=DIRECTION('',(-0.27778511650980137,0.8314696123025455,-0.48113793538141536));
#1499=VECTOR('',#1498,0.0013656322541128977);
#1500=LINE('',#1497,#1499);
#1501=EDGE_CURVE('',#149,#125,#1500,.T.);
#1502=CARTESIAN_POINT('',(-5.939987089510426e-19,-0.001339392013277814,-0.0032335783637895037));
#1503=DIRECTION('',(0.9659258262890683,0,0.2588190451025208));
#1504=VECTOR('',#1503,0.0016738233287603428);
#1505=LINE('',#1502,#1504);
#1506=EDGE_CURVE('',#127,#129,#1505,.T.);
#1507=CARTESIAN_POINT('',(0.0016167891818947523,-0.001339392013277814,-0.002800361008169429));
#1508=DIRECTION('',(-0.2777851165098012,-0.8314696123025455,0.48113793538141536));
#1509=VECTOR('',#1508,0.0013656322541128977);
#1510=LINE('',#1507,#1509);
#1511=EDGE_CURVE('',#129,#153,#1510,.T.);
#1512=CARTESIAN_POINT('',(0.0012374368670764586,-0.0024748737341529162,-0.002143303524935281));
#1513=DIRECTION('',(-0.9659258262890682,0,-0.2588190451025207));
#1514=VECTOR('',#1513,0.0012810889132455362);
#1515=LINE('',#1512,#1514);
#1516=EDGE_CURVE('',#153,#151,#1515,.T.);
#1517=CARTESIAN_POINT('',(-4.54626929523634e-19,-0.0024748737341529162,-0.0024748737341529167));
#1518=DIRECTION('',(-1.0205659613535065e-16,0.8314696123025453,-0.555570233019602));
#1519=VECTOR('',#1518,0.001365632254112898);
#1520=LINE('',#1517,#1519);
#1521=EDGE_CURVE('',#151,#127,#1520,.T.);
#1522=CARTESIAN_POINT('',(0.0016167891818947523,-0.001339392013277814,-0.002800361008169429));
#1523=DIRECTION('',(0.7071067811865477,0,0.7071067811865474));
#1524=VECTOR('',#1523,0.0016738233287603395);
#1525=LINE('',#1522,#1524);
#1526=EDGE_CURVE('',#129,#131,#1525,.T.);
#1527=CARTESIAN_POINT('',(0.0028003610081694286,-0.001339392013277814,-0.0016167891818947534));
#1528=DIRECTION('',(-0.48113793538141536,-0.8314696123025455,0.27778511650980137));
#1529=VECTOR('',#1528,0.0013656322541128977);
#1530=LINE('',#1527,#1529);
#1531=EDGE_CURVE('',#131,#155,#1530,.T.);
#1532=CARTESIAN_POINT('',(0.0021433035249352806,-0.0024748737341529162,-0.0012374368670764594));
#1533=DIRECTION('',(-0.7071067811865478,0,-0.7071067811865475));
#1534=VECTOR('',#1533,0.001281088913245534);
#1535=LINE('',#1532,#1534);
#1536=EDGE_CURVE('',#155,#153,#1535,.T.);
#1537=CARTESIAN_POINT('',(0.0012374368670764586,-0.0024748737341529162,-0.002143303524935281));
#1538=DIRECTION('',(0.2777851165098012,0.8314696123025455,-0.48113793538141536));
#1539=VECTOR('',#1538,0.0013656322541128977);
#1540=LINE('',#1537,#1539);
#1541=EDGE_CURVE('',#153,#129,#1540,.T.);
#1542=CARTESIAN_POINT('',(0.0028003610081694286,-0.001339392013277814,-0.0016167891818947534));
#1543=DIRECTION('',(0.25881904510252096,0,0.9659258262890682));
#1544=VECTOR('',#1543,0.0016738233287603434);
#1545=LINE('',#1542,#1544);
#1546=EDGE_CURVE('',#131,#111,#1545,.T.);
#1547=CARTESIAN_POINT('',(0.0032335783637895037,-0.001339392013277814,0));
#1548=DIRECTION('',(-0.555570233019602,-0.8314696123025453,0));
#1549=VECTOR('',#1548,0.001365632254112898);
#1550=LINE('',#1547,#1549);
#1551=EDGE_CURVE('',#111,#135,#1550,.T.);
#1552=CARTESIAN_POINT('',(0.0024748737341529167,-0.0024748737341529162,0));
#1553=DIRECTION('',(-0.2588190451025209,0,-0.9659258262890683));
#1554=VECTOR('',#1553,0.0012810889132455366);
#1555=LINE('',#1552,#1554);
#1556=EDGE_CURVE('',#135,#155,#1555,.T.);
#1557=CARTESIAN_POINT('',(0.0021433035249352806,-0.0024748737341529162,-0.0012374368670764594));
#1558=DIRECTION('',(0.48113793538141536,0.8314696123025455,-0.27778511650980137));
#1559=VECTOR('',#1558,0.0013656322541128977);
#1560=LINE('',#1557,#1559);
#1561=EDGE_CURVE('',#155,#131,#1560,.T.);
#1562=CARTESIAN_POINT('',(0.0024748737341529167,-0.0024748737341529162,0));
#1563=DIRECTION('',(-0.2588190451025206,0,0.9659258262890684));
#1564=VECTOR('',#1563,0.001281088913245535);
#1565=LINE('',#1562,#1564);
#1566=EDGE_CURVE('',#135,#133,#1565,.T.);
#1567=CARTESIAN_POINT('',(0.0021433035249352815,-0.0024748737341529162,0.0012374368670764581));
#1568=DIRECTION('',(-0.7200738067288026,-0.5555702330196023,-0.4157348061512725));
#1569=VECTOR('',#1568,0.001365632254112898);
#1570=LINE('',#1567,#1569);
#1571=EDGE_CURVE('',#133,#157,#1570,.T.);
#1572=CARTESIAN_POINT('',(0.0011599475091245716,-0.0032335783637895037,0.0006696960066389072));
#1573=DIRECTION('',(0.25881904510252074,0,-0.9659258262890683));
#1574=VECTOR('',#1573,0.0006933203237890135);
#1575=LINE('',#1572,#1574);
#1576=EDGE_CURVE('',#157,#159,#1575,.T.);
#1577=CARTESIAN_POINT('',(0.0013393920132778146,-0.0032335783637895037,0));
#1578=DIRECTION('',(0.8314696123025451,0.5555702330196023,0));
#1579=VECTOR('',#1578,0.001365632254112898);
#1580=LINE('',#1577,#1579);
#1581=EDGE_CURVE('',#159,#135,#1580,.T.);
#1582=CARTESIAN_POINT('',(0.0021433035249352815,-0.0024748737341529162,0.0012374368670764581));
#1583=DIRECTION('',(-0.7071067811865475,0,0.7071067811865475));
#1584=VECTOR('',#1583,0.0012810889132455357);
#1585=LINE('',#1582,#1584);
#1586=EDGE_CURVE('',#133,#137,#1585,.T.);
#1587=CARTESIAN_POINT('',(0.0012374368670764586,-0.0024748737341529162,0.002143303524935281));
#1588=DIRECTION('',(-0.4157348061512727,-0.5555702330196023,-0.7200738067288023));
#1589=VECTOR('',#1588,0.001365632254112898);
#1590=LINE('',#1587,#1589);
#1591=EDGE_CURVE('',#137,#161,#1590,.T.);
#1592=CARTESIAN_POINT('',(0.0006696960066389074,-0.0032335783637895037,0.0011599475091245716));
#1593=DIRECTION('',(0.7071067811865474,0,-0.7071067811865477));
#1594=VECTOR('',#1593,0.0006933203237890136);
#1595=LINE('',#1592,#1594);
#1596=EDGE_CURVE('',#161,#157,#1595,.T.);
#1597=CARTESIAN_POINT('',(0.0011599475091245716,-0.0032335783637895037,0.0006696960066389072));
#1598=DIRECTION('',(0.7200738067288026,0.5555702330196023,0.4157348061512725));
#1599=VECTOR('',#1598,0.001365632254112898);
#1600=LINE('',#1597,#1599);
#1601=EDGE_CURVE('',#157,#133,#1600,.T.);
#1602=CARTESIAN_POINT('',(0.0012374368670764586,-0.0024748737341529162,0.002143303524935281));
#1603=DIRECTION('',(-0.9659258262890682,0,0.2588190451025208));
#1604=VECTOR('',#1603,0.0012810889132455355);
#1605=LINE('',#1602,#1604);
#1606=EDGE_CURVE('',#137,#139,#1605,.T.);
#1607=CARTESIAN_POINT('',(1.5154230984121134e-19,-0.0024748737341529162,0.0024748737341529167));
#1608=DIRECTION('',(-5.091282996473012e-17,-0.5555702330196023,-0.8314696123025451));
#1609=VECTOR('',#1608,0.001365632254112898);
#1610=LINE('',#1607,#1609);
#1611=EDGE_CURVE('',#139,#163,#1610,.T.);
#1612=CARTESIAN_POINT('',(8.201410709321025e-20,-0.0032335783637895037,0.0013393920132778146));
#1613=DIRECTION('',(0.9659258262890683,0,-0.25881904510252074));
#1614=VECTOR('',#1613,0.0006933203237890136);
#1615=LINE('',#1612,#1614);
#1616=EDGE_CURVE('',#163,#161,#1615,.T.);
#1617=CARTESIAN_POINT('',(0.0006696960066389074,-0.0032335783637895037,0.0011599475091245716));
#1618=DIRECTION('',(0.4157348061512727,0.5555702330196023,0.7200738067288023));
#1619=VECTOR('',#1618,0.001365632254112898);
#1620=LINE('',#1617,#1619);
#1621=EDGE_CURVE('',#161,#137,#1620,.T.);
#1622=CARTESIAN_POINT('',(1.5154230984121134e-19,-0.0024748737341529162,0.0024748737341529167));
#1623=DIRECTION('',(-0.9659258262890684,0,-0.2588190451025206));
#1624=VECTOR('',#1623,0.0012810889132455349);
#1625=LINE('',#1622,#1624);
#1626=EDGE_CURVE('',#139,#141,#1625,.T.);
#1627=CARTESIAN_POINT('',(-0.0012374368670764577,-0.0024748737341529162,0.0021433035249352815));
#1628=DIRECTION('',(0.41573480615127234,-0.5555702330196023,-0.7200738067288026));
#1629=VECTOR('',#1628,0.001365632254112898);
#1630=LINE('',#1627,#1629);
#1631=EDGE_CURVE('',#141,#165,#1630,.T.);
#1632=CARTESIAN_POINT('',(-0.000669696006638907,-0.0032335783637895037,0.0011599475091245716));
#1633=DIRECTION('',(0.9659258262890684,0,0.25881904510252085));
#1634=VECTOR('',#1633,0.0006933203237890133);
#1635=LINE('',#1632,#1634);
#1636=EDGE_CURVE('',#165,#163,#1635,.T.);
#1637=CARTESIAN_POINT('',(8.201410709321025e-20,-0.0032335783637895037,0.0013393920132778146));
#1638=DIRECTION('',(5.091282996473012e-17,0.5555702330196023,0.8314696123025451));
#1639=VECTOR('',#1638,0.001365632254112898);
#1640=LINE('',#1637,#1639);
#1641=EDGE_CURVE('',#163,#139,#1640,.T.);
#1642=CARTESIAN_POINT('',(-0.0012374368670764577,-0.0024748737341529162,0.0021433035249352815));
#1643=DIRECTION('',(-0.7071067811865477,0,-0.7071067811865474));
#1644=VECTOR('',#1643,0.0012810889132455366);
#1645=LINE('',#1642,#1644);
#1646=EDGE_CURVE('',#141,#143,#1645,.T.);
#1647=CARTESIAN_POINT('',(-0.0021433035249352815,-0.0024748737341529162,0.0012374368670764581));
#1648=DIRECTION('',(0.7200738067288026,-0.5555702330196023,-0.4157348061512725));
#1649=VECTOR('',#1648,0.001365632254112898);
#1650=LINE('',#1647,#1649);
#1651=EDGE_CURVE('',#143,#167,#1650,.T.);
#1652=CARTESIAN_POINT('',(-0.0011599475091245716,-0.0032335783637895037,0.0006696960066389072));
#1653=DIRECTION('',(0.7071067811865477,0,0.7071067811865474));
#1654=VECTOR('',#1653,0.0006933203237890139);
#1655=LINE('',#1652,#1654);
#1656=EDGE_CURVE('',#167,#165,#1655,.T.);
#1657=CARTESIAN_POINT('',(-0.000669696006638907,-0.0032335783637895037,0.0011599475091245716));
#1658=DIRECTION('',(-0.41573480615127234,0.5555702330196023,0.7200738067288026));
#1659=VECTOR('',#1658,0.001365632254112898);
#1660=LINE('',#1657,#1659);
#1661=EDGE_CURVE('',#165,#141,#1660,.T.);
#1662=CARTESIAN_POINT('',(-0.0021433035249352815,-0.0024748737341529162,0.0012374368670764581));
#1663=DIRECTION('',(-0.2588190451025206,0,-0.9659258262890684));
#1664=VECTOR('',#1663,0.0012810889132455349);
#1665=LINE('',#1662,#1664);
#1666=EDGE_CURVE('',#143,#145,#1665,.T.);
#1667=CARTESIAN_POINT('',(-0.0024748737341529167,-0.0024748737341529162,3.030846196824227e-19));
#1668=DIRECTION('',(0.8314696123025451,-0.5555702330196023,-1.0182565992946024e-16));
#1669=VECTOR('',#1668,0.001365632254112898);
#1670=LINE('',#1667,#1669);
#1671=EDGE_CURVE('',#145,#169,#1670,.T.);
#1672=CARTESIAN_POINT('',(-0.0013393920132778146,-0.0032335783637895037,1.640282141864205e-19));
#1673=DIRECTION('',(0.25881904510252085,0,0.9659258262890682));
#1674=VECTOR('',#1673,0.0006933203237890133);
#1675=LINE('',#1672,#1674);
#1676=EDGE_CURVE('',#169,#167,#1675,.T.);
#1677=CARTESIAN_POINT('',(-0.0011599475091245716,-0.0032335783637895037,0.0006696960066389072));
#1678=DIRECTION('',(-0.7200738067288026,0.5555702330196023,0.4157348061512725));
#1679=VECTOR('',#1678,0.001365632254112898);
#1680=LINE('',#1677,#1679);
#1681=EDGE_CURVE('',#167,#143,#1680,.T.);
#1682=CARTESIAN_POINT('',(-0.0024748737341529167,-0.0024748737341529162,3.030846196824227e-19));
#1683=DIRECTION('',(0.25881904510252074,0,-0.9659258262890682));
#1684=VECTOR('',#1683,0.001281088913245536);
#1685=LINE('',#1682,#1684);
#1686=EDGE_CURVE('',#145,#147,#1685,.T.);
#1687=CARTESIAN_POINT('',(-0.002143303524935281,-0.0024748737341529162,-0.0012374368670764586));
#1688=DIRECTION('',(0.7200738067288024,-0.5555702330196024,0.41573480615127273));
#1689=VECTOR('',#1688,0.0013656322541128977);
#1690=LINE('',#1687,#1689);
#1691=EDGE_CURVE('',#147,#171,#1690,.T.);
#1692=CARTESIAN_POINT('',(-0.0011599475091245716,-0.0032335783637895037,-0.0006696960066389074));
#1693=DIRECTION('',(-0.25881904510252063,0,0.9659258262890683));
#1694=VECTOR('',#1693,0.0006933203237890139);
#1695=LINE('',#1692,#1694);
#1696=EDGE_CURVE('',#171,#169,#1695,.T.);
#1697=CARTESIAN_POINT('',(-0.0013393920132778146,-0.0032335783637895037,1.640282141864205e-19));
#1698=DIRECTION('',(-0.8314696123025451,0.5555702330196023,1.0182565992946024e-16));
#1699=VECTOR('',#1698,0.001365632254112898);
#1700=LINE('',#1697,#1699);
#1701=EDGE_CURVE('',#169,#145,#1700,.T.);
#1702=CARTESIAN_POINT('',(-0.002143303524935281,-0.0024748737341529162,-0.0012374368670764586));
#1703=DIRECTION('',(0.7071067811865475,0,-0.7071067811865478));
#1704=VECTOR('',#1703,0.001281088913245534);
#1705=LINE('',#1702,#1704);
#1706=EDGE_CURVE('',#147,#149,#1705,.T.);
#1707=CARTESIAN_POINT('',(-0.0012374368670764594,-0.0024748737341529162,-0.0021433035249352806));
#1708=DIRECTION('',(0.41573480615127295,-0.5555702330196023,0.7200738067288023));
#1709=VECTOR('',#1708,0.001365632254112898);
#1710=LINE('',#1707,#1709);
#1711=EDGE_CURVE('',#149,#173,#1710,.T.);
#1712=CARTESIAN_POINT('',(-0.0006696960066389079,-0.0032335783637895037,-0.0011599475091245712));
#1713=DIRECTION('',(-0.7071067811865476,0,0.7071067811865476));
#1714=VECTOR('',#1713,0.0006933203237890128);
#1715=LINE('',#1712,#1714);
#1716=EDGE_CURVE('',#173,#171,#1715,.T.);
#1717=CARTESIAN_POINT('',(-0.0011599475091245716,-0.0032335783637895037,-0.0006696960066389074));
#1718=DIRECTION('',(-0.7200738067288024,0.5555702330196024,-0.41573480615127273));
#1719=VECTOR('',#1718,0.0013656322541128977);
#1720=LINE('',#1717,#1719);
#1721=EDGE_CURVE('',#171,#147,#1720,.T.);
#1722=CARTESIAN_POINT('',(-0.0012374368670764594,-0.0024748737341529162,-0.0021433035249352806));
#1723=DIRECTION('',(0.9659258262890682,0,-0.258819045102521));
#1724=VECTOR('',#1723,0.0012810889132455362);
#1725=LINE('',#1722,#1724);
#1726=EDGE_CURVE('',#149,#151,#1725,.T.);
#1727=CARTESIAN_POINT('',(-4.54626929523634e-19,-0.0024748737341529162,-0.0024748737341529167));
#1728=DIRECTION('',(1.5273848989419043e-16,-0.5555702330196023,0.8314696123025451));
#1729=VECTOR('',#1728,0.001365632254112898);
#1730=LINE('',#1727,#1729);
#1731=EDGE_CURVE('',#151,#175,#1730,.T.);
#1732=CARTESIAN_POINT('',(-2.460423212796307e-19,-0.0032335783637895037,-0.0013393920132778146));
#1733=DIRECTION('',(-0.9659258262890681,0,0.2588190451025212));
#1734=VECTOR('',#1733,0.000693320323789014);
#1735=LINE('',#1732,#1734);
#1736=EDGE_CURVE('',#175,#173,#1735,.T.);
#1737=CARTESIAN_POINT('',(-0.0006696960066389079,-0.0032335783637895037,-0.0011599475091245712));
#1738=DIRECTION('',(-0.41573480615127295,0.5555702330196023,-0.7200738067288023));
#1739=VECTOR('',#1738,0.001365632254112898);
#1740=LINE('',#1737,#1739);
#1741=EDGE_CURVE('',#173,#149,#1740,.T.);
#1742=CARTESIAN_POINT('',(-4.54626929523634e-19,-0.0024748737341529162,-0.0024748737341529167));
#1743=DIRECTION('',(0.9659258262890682,0,0.2588190451025207));
#1744=VECTOR('',#1743,0.0012810889132455362);
#1745=LINE('',#1742,#1744);
#1746=EDGE_CURVE('',#151,#153,#1745,.T.);
#1747=CARTESIAN_POINT('',(0.0012374368670764586,-0.0024748737341529162,-0.002143303524935281));
#1748=DIRECTION('',(-0.4157348061512727,-0.5555702330196023,0.7200738067288023));
#1749=VECTOR('',#1748,0.001365632254112898);
#1750=LINE('',#1747,#1749);
#1751=EDGE_CURVE('',#153,#177,#1750,.T.);
#1752=CARTESIAN_POINT('',(0.0006696960066389074,-0.0032335783637895037,-0.0011599475091245716));
#1753=DIRECTION('',(-0.9659258262890683,0,-0.25881904510252063));
#1754=VECTOR('',#1753,0.0006933203237890139);
#1755=LINE('',#1752,#1754);
#1756=EDGE_CURVE('',#177,#175,#1755,.T.);
#1757=CARTESIAN_POINT('',(-2.460423212796307e-19,-0.0032335783637895037,-0.0013393920132778146));
#1758=DIRECTION('',(-1.5273848989419043e-16,0.5555702330196023,-0.8314696123025451));
#1759=VECTOR('',#1758,0.001365632254112898);
#1760=LINE('',#1757,#1759);
#1761=EDGE_CURVE('',#175,#151,#1760,.T.);
#1762=CARTESIAN_POINT('',(0.0012374368670764586,-0.0024748737341529162,-0.002143303524935281));
#1763=DIRECTION('',(0.7071067811865478,0,0.7071067811865475));
#1764=VECTOR('',#1763,0.001281088913245534);
#1765=LINE('',#1762,#1764);
#1766=EDGE_CURVE('',#153,#155,#1765,.T.);
#1767=CARTESIAN_POINT('',(0.0021433035249352806,-0.0024748737341529162,-0.0012374368670764594));
#1768=DIRECTION('',(-0.7200738067288023,-0.5555702330196023,0.41573480615127295));
#1769=VECTOR('',#1768,0.001365632254112898);
#1770=LINE('',#1767,#1769);
#1771=EDGE_CURVE('',#155,#179,#1770,.T.);
#1772=CARTESIAN_POINT('',(0.0011599475091245712,-0.0032335783637895037,-0.0006696960066389079));
#1773=DIRECTION('',(-0.7071067811865476,0,-0.7071067811865476));
#1774=VECTOR('',#1773,0.0006933203237890128);
#1775=LINE('',#1772,#1774);
#1776=EDGE_CURVE('',#179,#177,#1775,.T.);
#1777=CARTESIAN_POINT('',(0.0006696960066389074,-0.0032335783637895037,-0.0011599475091245716));
#1778=DIRECTION('',(0.4157348061512727,0.5555702330196023,-0.7200738067288023));
#1779=VECTOR('',#1778,0.001365632254112898);
#1780=LINE('',#1777,#1779);
#1781=EDGE_CURVE('',#177,#153,#1780,.T.);
#1782=CARTESIAN_POINT('',(0.0021433035249352806,-0.0024748737341529162,-0.0012374368670764594));
#1783=DIRECTION('',(0.2588190451025209,0,0.9659258262890683));
#1784=VECTOR('',#1783,0.0012810889132455366);
#1785=LINE('',#1782,#1784);
#1786=EDGE_CURVE('',#155,#135,#1785,.T.);
#1787=CARTESIAN_POINT('',(0.0024748737341529167,-0.0024748737341529162,0));
#1788=DIRECTION('',(-0.8314696123025451,-0.5555702330196023,0));
#1789=VECTOR('',#1788,0.001365632254112898);
#1790=LINE('',#1787,#1789);
#1791=EDGE_CURVE('',#135,#159,#1790,.T.);
#1792=CARTESIAN_POINT('',(0.0013393920132778146,-0.0032335783637895037,0));
#1793=DIRECTION('',(-0.25881904510252113,0,-0.9659258262890681));
#1794=VECTOR('',#1793,0.0006933203237890142);
#1795=LINE('',#1792,#1794);
#1796=EDGE_CURVE('',#159,#179,#1795,.T.);
#1797=CARTESIAN_POINT('',(0.0011599475091245712,-0.0032335783637895037,-0.0006696960066389079));
#1798=DIRECTION('',(0.7200738067288023,0.5555702330196023,-0.41573480615127295));
#1799=VECTOR('',#1798,0.001365632254112898);
#1800=LINE('',#1797,#1799);
#1801=EDGE_CURVE('',#179,#155,#1800,.T.);
#1802=CARTESIAN_POINT('',(0.0013393920132778146,-0.0032335783637895037,0));
#1803=DIRECTION('',(-0.25881904510252074,0,0.9659258262890683));
#1804=VECTOR('',#1803,0.0006933203237890135);
#1805=LINE('',#1802,#1804);
#1806=EDGE_CURVE('',#159,#157,#1805,.T.);
#1807=CARTESIAN_POINT('',(0.0011599475091245716,-0.0032335783637895037,0.0006696960066389072));
#1808=DIRECTION('',(-0.8493849684870415,-0.19509032201612828,-0.49039264020161527));
#1809=VECTOR('',#1808,0.001365632254112898);
#1810=LINE('',#1807,#1809);
#1811=EDGE_CURVE('',#157,#181,#1810,.T.);
#1812=CARTESIAN_POINT('',(4.2862637970157364e-19,-0.0035,0));
#1813=DIRECTION('',(0.9807852804032304,0.19509032201612828,0));
#1814=VECTOR('',#1813,0.001365632254112898);
#1815=LINE('',#1812,#1814);
#1816=EDGE_CURVE('',#181,#159,#1815,.T.);
#1817=CARTESIAN_POINT('',(0.0011599475091245716,-0.0032335783637895037,0.0006696960066389072));
#1818=DIRECTION('',(-0.7071067811865474,0,0.7071067811865477));
#1819=VECTOR('',#1818,0.0006933203237890136);
#1820=LINE('',#1817,#1819);
#1821=EDGE_CURVE('',#157,#161,#1820,.T.);
#1822=CARTESIAN_POINT('',(0.0006696960066389074,-0.0032335783637895037,0.0011599475091245716));
#1823=DIRECTION('',(-0.49039264020161505,-0.19509032201612825,-0.8493849684870417));
#1824=VECTOR('',#1823,0.0013656322541128981);
#1825=LINE('',#1822,#1824);
#1826=EDGE_CURVE('',#161,#181,#1825,.T.);
#1827=CARTESIAN_POINT('',(4.2862637970157364e-19,-0.0035,0));
#1828=DIRECTION('',(0.8493849684870415,0.19509032201612828,0.49039264020161527));
#1829=VECTOR('',#1828,0.001365632254112898);
#1830=LINE('',#1827,#1829);
#1831=EDGE_CURVE('',#181,#157,#1830,.T.);
#1832=CARTESIAN_POINT('',(0.0006696960066389074,-0.0032335783637895037,0.0011599475091245716));
#1833=DIRECTION('',(-0.9659258262890683,0,0.25881904510252074));
#1834=VECTOR('',#1833,0.0006933203237890136);
#1835=LINE('',#1832,#1834);
#1836=EDGE_CURVE('',#161,#163,#1835,.T.);
#1837=CARTESIAN_POINT('',(8.201410709321025e-20,-0.0032335783637895037,0.0013393920132778146));
#1838=DIRECTION('',(2.5381084224136123e-16,-0.19509032201612822,-0.9807852804032304));
#1839=VECTOR('',#1838,0.0013656322541128983);
#1840=LINE('',#1837,#1839);
#1841=EDGE_CURVE('',#163,#181,#1840,.T.);
#1842=CARTESIAN_POINT('',(4.2862637970157364e-19,-0.0035,0));
#1843=DIRECTION('',(0.49039264020161505,0.19509032201612825,0.8493849684870417));
#1844=VECTOR('',#1843,0.0013656322541128981);
#1845=LINE('',#1842,#1844);
#1846=EDGE_CURVE('',#181,#161,#1845,.T.);
#1847=CARTESIAN_POINT('',(8.201410709321025e-20,-0.0032335783637895037,0.0013393920132778146));
#1848=DIRECTION('',(-0.9659258262890684,0,-0.25881904510252085));
#1849=VECTOR('',#1848,0.0006933203237890133);
#1850=LINE('',#1847,#1849);
#1851=EDGE_CURVE('',#163,#165,#1850,.T.);
#1852=CARTESIAN_POINT('',(-0.000669696006638907,-0.0032335783637895037,0.0011599475091245716));
#1853=DIRECTION('',(0.49039264020161527,-0.19509032201612822,-0.8493849684870415));
#1854=VECTOR('',#1853,0.0013656322541128983);
#1855=LINE('',#1852,#1854);
#1856=EDGE_CURVE('',#165,#181,#1855,.T.);
#1857=CARTESIAN_POINT('',(4.2862637970157364e-19,-0.0035,0));
#1858=DIRECTION('',(-2.5381084224136123e-16,0.19509032201612822,0.9807852804032304));
#1859=VECTOR('',#1858,0.0013656322541128983);
#1860=LINE('',#1857,#1859);
#1861=EDGE_CURVE('',#181,#163,#1860,.T.);
#1862=CARTESIAN_POINT('',(-0.000669696006638907,-0.0032335783637895037,0.0011599475091245716));
#1863=DIRECTION('',(-0.7071067811865477,0,-0.7071067811865474));
#1864=VECTOR('',#1863,0.0006933203237890139);
#1865=LINE('',#1862,#1864);
#1866=EDGE_CURVE('',#165,#167,#1865,.T.);
#1867=CARTESIAN_POINT('',(-0.0011599475091245716,-0.0032335783637895037,0.0006696960066389072));
#1868=DIRECTION('',(0.8493849684870417,-0.1950903220161282,-0.49039264020161505));
#1869=VECTOR('',#1868,0.0013656322541128986);
#1870=LINE('',#1867,#1869);
#1871=EDGE_CURVE('',#167,#181,#1870,.T.);
#1872=CARTESIAN_POINT('',(4.2862637970157364e-19,-0.0035,0));
#1873=DIRECTION('',(-0.49039264020161527,0.19509032201612822,0.8493849684870415));
#1874=VECTOR('',#1873,0.0013656322541128983);
#1875=LINE('',#1872,#1874);
#1876=EDGE_CURVE('',#181,#165,#1875,.T.);
#1877=CARTESIAN_POINT('',(-0.0011599475091245716,-0.0032335783637895037,0.0006696960066389072));
#1878=DIRECTION('',(-0.25881904510252085,0,-0.9659258262890682));
#1879=VECTOR('',#1878,0.0006933203237890133);
#1880=LINE('',#1877,#1879);
#1881=EDGE_CURVE('',#167,#169,#1880,.T.);
#1882=CARTESIAN_POINT('',(-0.0013393920132778146,-0.0032335783637895037,1.640282141864205e-19));
#1883=DIRECTION('',(0.9807852804032304,-0.19509032201612814,-1.201115554296655e-16));
#1884=VECTOR('',#1883,0.0013656322541128988);
#1885=LINE('',#1882,#1884);
#1886=EDGE_CURVE('',#169,#181,#1885,.T.);
#1887=CARTESIAN_POINT('',(4.2862637970157364e-19,-0.0035,0));
#1888=DIRECTION('',(-0.8493849684870417,0.1950903220161282,0.49039264020161505));
#1889=VECTOR('',#1888,0.0013656322541128986);
#1890=LINE('',#1887,#1889);
#1891=EDGE_CURVE('',#181,#167,#1890,.T.);
#1892=CARTESIAN_POINT('',(-0.0013393920132778146,-0.0032335783637895037,1.640282141864205e-19));
#1893=DIRECTION('',(0.25881904510252063,0,-0.9659258262890683));
#1894=VECTOR('',#1893,0.0006933203237890139);
#1895=LINE('',#1892,#1894);
#1896=EDGE_CURVE('',#169,#171,#1895,.T.);
#1897=CARTESIAN_POINT('',(-0.0011599475091245716,-0.0032335783637895037,-0.0006696960066389074));
#1898=DIRECTION('',(0.8493849684870416,-0.19509032201612814,0.49039264020161516));
#1899=VECTOR('',#1898,0.0013656322541128988);
#1900=LINE('',#1897,#1899);
#1901=EDGE_CURVE('',#171,#181,#1900,.T.);
#1902=CARTESIAN_POINT('',(4.2862637970157364e-19,-0.0035,0));
#1903=DIRECTION('',(-0.9807852804032304,0.19509032201612814,1.201115554296655e-16));
#1904=VECTOR('',#1903,0.0013656322541128988);
#1905=LINE('',#1902,#1904);
#1906=EDGE_CURVE('',#181,#169,#1905,.T.);
#1907=CARTESIAN_POINT('',(-0.0011599475091245716,-0.0032335783637895037,-0.0006696960066389074));
#1908=DIRECTION('',(0.7071067811865476,0,-0.7071067811865476));
#1909=VECTOR('',#1908,0.0006933203237890128);
#1910=LINE('',#1907,#1909);
#1911=EDGE_CURVE('',#171,#173,#1910,.T.);
#1912=CARTESIAN_POINT('',(-0.0006696960066389079,-0.0032335783637895037,-0.0011599475091245712));
#1913=DIRECTION('',(0.49039264020161594,-0.19509032201612822,0.8493849684870413));
#1914=VECTOR('',#1913,0.0013656322541128983);
#1915=LINE('',#1912,#1914);
#1916=EDGE_CURVE('',#173,#181,#1915,.T.);
#1917=CARTESIAN_POINT('',(4.2862637970157364e-19,-0.0035,0));
#1918=DIRECTION('',(-0.8493849684870416,0.19509032201612814,-0.49039264020161516));
#1919=VECTOR('',#1918,0.0013656322541128988);
#1920=LINE('',#1917,#1919);
#1921=EDGE_CURVE('',#181,#171,#1920,.T.);
#1922=CARTESIAN_POINT('',(-0.0006696960066389079,-0.0032335783637895037,-0.0011599475091245712));
#1923=DIRECTION('',(0.9659258262890681,0,-0.2588190451025212));
#1924=VECTOR('',#1923,0.000693320323789014);
#1925=LINE('',#1922,#1924);
#1926=EDGE_CURVE('',#173,#175,#1925,.T.);
#1927=CARTESIAN_POINT('',(-2.460423212796307e-19,-0.0032335783637895037,-0.0013393920132778146));
#1928=DIRECTION('',(4.940339531006923e-16,-0.19509032201612822,0.9807852804032304));
#1929=VECTOR('',#1928,0.0013656322541128983);
#1930=LINE('',#1927,#1929);
#1931=EDGE_CURVE('',#175,#181,#1930,.T.);
#1932=CARTESIAN_POINT('',(4.2862637970157364e-19,-0.0035,0));
#1933=DIRECTION('',(-0.49039264020161594,0.19509032201612822,-0.8493849684870413));
#1934=VECTOR('',#1933,0.0013656322541128983);
#1935=LINE('',#1932,#1934);
#1936=EDGE_CURVE('',#181,#173,#1935,.T.);
#1937=CARTESIAN_POINT('',(-2.460423212796307e-19,-0.0032335783637895037,-0.0013393920132778146));
#1938=DIRECTION('',(0.9659258262890683,0,0.25881904510252063));
#1939=VECTOR('',#1938,0.0006933203237890139);
#1940=LINE('',#1937,#1939);
#1941=EDGE_CURVE('',#175,#177,#1940,.T.);
#1942=CARTESIAN_POINT('',(0.0006696960066389074,-0.0032335783637895037,-0.0011599475091245716));
#1943=DIRECTION('',(-0.49039264020161505,-0.19509032201612825,0.8493849684870417));
#1944=VECTOR('',#1943,0.0013656322541128981);
#1945=LINE('',#1942,#1944);
#1946=EDGE_CURVE('',#177,#181,#1945,.T.);
#1947=CARTESIAN_POINT('',(4.2862637970157364e-19,-0.0035,0));
#1948=DIRECTION('',(-4.940339531006923e-16,0.19509032201612822,-0.9807852804032304));
#1949=VECTOR('',#1948,0.0013656322541128983);
#1950=LINE('',#1947,#1949);
#1951=EDGE_CURVE('',#181,#175,#1950,.T.);
#1952=CARTESIAN_POINT('',(0.0006696960066389074,-0.0032335783637895037,-0.0011599475091245716));
#1953=DIRECTION('',(0.7071067811865476,0,0.7071067811865476));
#1954=VECTOR('',#1953,0.0006933203237890128);
#1955=LINE('',#1952,#1954);
#1956=EDGE_CURVE('',#177,#179,#1955,.T.);
#1957=CARTESIAN_POINT('',(0.0011599475091245712,-0.0032335783637895037,-0.0006696960066389079));
#1958=DIRECTION('',(-0.8493849684870411,-0.19509032201612828,0.49039264020161577));
#1959=VECTOR('',#1958,0.001365632254112898);
#1960=LINE('',#1957,#1959);
#1961=EDGE_CURVE('',#179,#181,#1960,.T.);
#1962=CARTESIAN_POINT('',(4.2862637970157364e-19,-0.0035,0));
#1963=DIRECTION('',(0.49039264020161505,0.19509032201612825,-0.8493849684870417));
#1964=VECTOR('',#1963,0.0013656322541128981);
#1965=LINE('',#1962,#1964);
#1966=EDGE_CURVE('',#181,#177,#1965,.T.);
#1967=CARTESIAN_POINT('',(0.0011599475091245712,-0.0032335783637895037,-0.0006696960066389079));
#1968=DIRECTION('',(0.25881904510252113,0,0.9659258262890681));
#1969=VECTOR('',#1968,0.0006933203237890142);
#1970=LINE('',#1967,#1969);
#1971=EDGE_CURVE('',#179,#159,#1970,.T.);
#1972=CARTESIAN_POINT('',(0.0013393920132778146,-0.0032335783637895037,0));
#1973=DIRECTION('',(-0.9807852804032304,-0.19509032201612828,0));
#1974=VECTOR('',#1973,0.001365632254112898);
#1975=LINE('',#1972,#1974);
#1976=EDGE_CURVE('',#159,#181,#1975,.T.);
#1977=CARTESIAN_POINT('',(4.2862637970157364e-19,-0.0035,0));
#1978=DIRECTION('',(0.8493849684870411,0.19509032201612828,-0.49039264020161577));
#1979=VECTOR('',#1978,0.001365632254112898);
#1980=LINE('',#1977,#1979);
#1981=EDGE_CURVE('',#181,#179,#1980,.T.);
#1982=CARTESIAN_POINT('',(0.0008331131741341286,0.0033223855758596696,0.000223232002212969));
#1983=DIRECTION('',(0.19482431497441235,0.9794479726972285,0.052203017863339876));
#1984=DIRECTION('',(-0.9807852804032305,0.19509032201612828,0));
#1985=AXIS2_PLACEMENT_3D('',#1982,#1983,#1984);
#1986=PLANE('',#1985);
#1987=ORIENTED_EDGE('',*,*,#186,.T.);
#1988=ORIENTED_EDGE('',*,*,#191,.T.);
#1989=ORIENTED_EDGE('',*,*,#196,.T.);
#1990=EDGE_LOOP('',(#1987,#1988,#1989));
#1991=FACE_OUTER_BOUND('',#1990,.T.);
#1992=ADVANCED_FACE('',(#1991),#1986,.T.);
#1993=CARTESIAN_POINT('',(0.0006098811719211595,0.0033223855758596696,0.0006098811719211593));
#1994=DIRECTION('',(0.14262129711107185,0.9794479726972282,0.1426212971110741));
#1995=DIRECTION('',(-0.9895639571612521,0.14409432565983843,0));
#1996=AXIS2_PLACEMENT_3D('',#1993,#1994,#1995);
#1997=PLANE('',#1996);
#1998=ORIENTED_EDGE('',*,*,#201,.T.);
#1999=ORIENTED_EDGE('',*,*,#206,.T.);
#2000=ORIENTED_EDGE('',*,*,#211,.T.);
#2001=EDGE_LOOP('',(#1998,#1999,#2000));
#2002=FACE_OUTER_BOUND('',#2001,.T.);
#2003=ADVANCED_FACE('',(#2002),#1997,.T.);
#2004=CARTESIAN_POINT('',(0.0002232320022129691,0.0033223855758596696,0.0008331131741341285));
#2005=DIRECTION('',(0.0522030178633405,0.9794479726972284,0.19482431497441216));
#2006=DIRECTION('',(-0.9985826588300257,0.05322286617570064,0));
#2007=AXIS2_PLACEMENT_3D('',#2004,#2005,#2006);
#2008=PLANE('',#2007);
#2009=ORIENTED_EDGE('',*,*,#216,.T.);
#2010=ORIENTED_EDGE('',*,*,#221,.T.);
#2011=ORIENTED_EDGE('',*,*,#226,.T.);
#2012=EDGE_LOOP('',(#2009,#2010,#2011));
#2013=FACE_OUTER_BOUND('',#2012,.T.);
#2014=ADVANCED_FACE('',(#2013),#2008,.T.);
#2015=CARTESIAN_POINT('',(-0.0002232320022129689,0.0033223855758596696,0.0008331131741341286));
#2016=DIRECTION('',(-0.052203017863340466,0.9794479726972284,0.19482431497441285));
#2017=DIRECTION('',(-0.9985826588300257,-0.05322286617570061,0));
#2018=AXIS2_PLACEMENT_3D('',#2015,#2016,#2017);
#2019=PLANE('',#2018);
#2020=ORIENTED_EDGE('',*,*,#231,.T.);
#2021=ORIENTED_EDGE('',*,*,#236,.T.);
#2022=ORIENTED_EDGE('',*,*,#241,.T.);
#2023=EDGE_LOOP('',(#2020,#2021,#2022));
#2024=FACE_OUTER_BOUND('',#2023,.T.);
#2025=ADVANCED_FACE('',(#2024),#2019,.T.);
#2026=CARTESIAN_POINT('',(-0.0006098811719211593,0.0033223855758596696,0.0006098811719211595));
#2027=DIRECTION('',(-0.14262129711107183,0.9794479726972283,0.1426212971110731));
#2028=DIRECTION('',(-0.9895639571612521,-0.14409432565983837,0));
#2029=AXIS2_PLACEMENT_3D('',#2026,#2027,#2028);
#2030=PLANE('',#2029);
#2031=ORIENTED_EDGE('',*,*,#246,.T.);
#2032=ORIENTED_EDGE('',*,*,#251,.T.);
#2033=ORIENTED_EDGE('',*,*,#256,.T.);
#2034=EDGE_LOOP('',(#2031,#2032,#2033));
#2035=FACE_OUTER_BOUND('',#2034,.T.);
#2036=ADVANCED_FACE('',(#2035),#2030,.T.);
#2037=CARTESIAN_POINT('',(-0.0008331131741341286,0.0033223855758596696,0.00022323200221296906));
#2038=DIRECTION('',(-0.19482431497441235,0.9794479726972284,0.05220301786333989));
#2039=DIRECTION('',(-0.9807852804032305,-0.1950903220161283,0));
#2040=AXIS2_PLACEMENT_3D('',#2037,#2038,#2039);
#2041=PLANE('',#2040);
#2042=ORIENTED_EDGE('',*,*,#261,.T.);
#2043=ORIENTED_EDGE('',*,*,#266,.T.);
#2044=ORIENTED_EDGE('',*,*,#271,.T.);
#2045=EDGE_LOOP('',(#2042,#2043,#2044));
#2046=FACE_OUTER_BOUND('',#2045,.T.);
#2047=ADVANCED_FACE('',(#2046),#2041,.T.);
#2048=CARTESIAN_POINT('',(-0.0008331131741341285,0.0033223855758596696,-0.000223232002212969));
#2049=DIRECTION('',(-0.19482431497441235,0.9794479726972284,-0.05220301786333985));
#2050=DIRECTION('',(-0.9807852804032305,-0.1950903220161283,0));
#2051=AXIS2_PLACEMENT_3D('',#2048,#2049,#2050);
#2052=PLANE('',#2051);
#2053=ORIENTED_EDGE('',*,*,#276,.T.);
#2054=ORIENTED_EDGE('',*,*,#281,.T.);
#2055=ORIENTED_EDGE('',*,*,#286,.T.);
#2056=EDGE_LOOP('',(#2053,#2054,#2055));
#2057=FACE_OUTER_BOUND('',#2056,.T.);
#2058=ADVANCED_FACE('',(#2057),#2052,.T.);
#2059=CARTESIAN_POINT('',(-0.0006098811719211597,0.0033223855758596696,-0.0006098811719211593));
#2060=DIRECTION('',(-0.14262129711107185,0.9794479726972284,-0.14262129711107244));
#2061=DIRECTION('',(-0.9895639571612522,-0.1440943256598384,0));
#2062=AXIS2_PLACEMENT_3D('',#2059,#2060,#2061);
#2063=PLANE('',#2062);
#2064=ORIENTED_EDGE('',*,*,#291,.T.);
#2065=ORIENTED_EDGE('',*,*,#296,.T.);
#2066=ORIENTED_EDGE('',*,*,#301,.T.);
#2067=EDGE_LOOP('',(#2064,#2065,#2066));
#2068=FACE_OUTER_BOUND('',#2067,.T.);
#2069=ADVANCED_FACE('',(#2068),#2063,.T.);
#2070=CARTESIAN_POINT('',(-0.00022323200221296928,0.0033223855758596696,-0.0008331131741341284));
#2071=DIRECTION('',(-0.05220301786334059,0.9794479726972282,-0.19482431497441297));
#2072=DIRECTION('',(-0.9985826588300257,-0.053222866175700746,0));
#2073=AXIS2_PLACEMENT_3D('',#2070,#2071,#2072);
#2074=PLANE('',#2073);
#2075=ORIENTED_EDGE('',*,*,#306,.T.);
#2076=ORIENTED_EDGE('',*,*,#311,.T.);
#2077=ORIENTED_EDGE('',*,*,#316,.T.);
#2078=EDGE_LOOP('',(#2075,#2076,#2077));
#2079=FACE_OUTER_BOUND('',#2078,.T.);
#2080=ADVANCED_FACE('',(#2079),#2074,.T.);
#2081=CARTESIAN_POINT('',(0.000223232002212969,0.0033223855758596696,-0.0008331131741341285));
#2082=DIRECTION('',(0.05220301786334048,0.9794479726972283,-0.19482431497441297));
#2083=DIRECTION('',(-0.9985826588300257,0.05322286617570063,0));
#2084=AXIS2_PLACEMENT_3D('',#2081,#2082,#2083);
#2085=PLANE('',#2084);
#2086=ORIENTED_EDGE('',*,*,#321,.T.);
#2087=ORIENTED_EDGE('',*,*,#326,.T.);
#2088=ORIENTED_EDGE('',*,*,#331,.T.);
#2089=EDGE_LOOP('',(#2086,#2087,#2088));
#2090=FACE_OUTER_BOUND('',#2089,.T.);
#2091=ADVANCED_FACE('',(#2090),#2085,.T.);
#2092=CARTESIAN_POINT('',(0.0006098811719211593,0.0033223855758596696,-0.0006098811719211597));
#2093=DIRECTION('',(0.14262129711107185,0.9794479726972284,-0.14262129711107244));
#2094=DIRECTION('',(-0.9895639571612522,0.1440943256598384,0));
#2095=AXIS2_PLACEMENT_3D('',#2092,#2093,#2094);
#2096=PLANE('',#2095);
#2097=ORIENTED_EDGE('',*,*,#336,.T.);
#2098=ORIENTED_EDGE('',*,*,#341,.T.);
#2099=ORIENTED_EDGE('',*,*,#346,.T.);
#2100=EDGE_LOOP('',(#2097,#2098,#2099));
#2101=FACE_OUTER_BOUND('',#2100,.T.);
#2102=ADVANCED_FACE('',(#2101),#2096,.T.);
#2103=CARTESIAN_POINT('',(0.0008331131741341284,0.0033223855758596696,-0.00022323200221296922));
#2104=DIRECTION('',(0.19482431497441233,0.9794479726972284,-0.05220301786333983));
#2105=DIRECTION('',(-0.9807852804032305,0.19509032201612828,0));
#2106=AXIS2_PLACEMENT_3D('',#2103,#2104,#2105);
#2107=PLANE('',#2106);
#2108=ORIENTED_EDGE('',*,*,#351,.T.);
#2109=ORIENTED_EDGE('',*,*,#356,.T.);
#2110=ORIENTED_EDGE('',*,*,#361,.T.);
#2111=EDGE_LOOP('',(#2108,#2109,#2110));
#2112=FACE_OUTER_BOUND('',#2111,.T.);
#2113=ADVANCED_FACE('',(#2112),#2107,.T.);
#2114=CARTESIAN_POINT('',(0.0017793791953726458,0.00285422604897121,0.00047678321842884125));
#2115=DIRECTION('',(0.5495147900173072,0.8224070014098185,0.1472420442140954));
#2116=DIRECTION('',(-0.8314696123025453,0.5555702330196021,0));
#2117=AXIS2_PLACEMENT_3D('',#2114,#2115,#2116);
#2118=PLANE('',#2117);
#2119=ORIENTED_EDGE('',*,*,#366,.T.);
#2120=ORIENTED_EDGE('',*,*,#371,.T.);
#2121=ORIENTED_EDGE('',*,*,#376,.T.);
#2122=ORIENTED_EDGE('',*,*,#381,.T.);
#2123=EDGE_LOOP('',(#2119,#2120,#2121,#2122));
#2124=FACE_OUTER_BOUND('',#2123,.T.);
#2125=ADVANCED_FACE('',(#2124),#2118,.T.);
#2126=CARTESIAN_POINT('',(0.0013025959769438044,0.00285422604897121,0.0013025959769438042));
#2127=DIRECTION('',(0.4022727458032118,0.8224070014098185,0.4022727458032116));
#2128=DIRECTION('',(-0.8982950841395877,0.4393926965831944,0));
#2129=AXIS2_PLACEMENT_3D('',#2126,#2127,#2128);
#2130=PLANE('',#2129);
#2131=ORIENTED_EDGE('',*,*,#386,.T.);
#2132=ORIENTED_EDGE('',*,*,#391,.T.);
#2133=ORIENTED_EDGE('',*,*,#396,.T.);
#2134=ORIENTED_EDGE('',*,*,#401,.T.);
#2135=EDGE_LOOP('',(#2131,#2132,#2133,#2134));
#2136=FACE_OUTER_BOUND('',#2135,.T.);
#2137=ADVANCED_FACE('',(#2136),#2130,.T.);
#2138=CARTESIAN_POINT('',(0.00047678321842884147,0.00285422604897121,0.0017793791953726453));
#2139=DIRECTION('',(0.1472420442140955,0.8224070014098182,0.5495147900173076));
#2140=DIRECTION('',(-0.98434800957049,0.1762356265191989,0));
#2141=AXIS2_PLACEMENT_3D('',#2138,#2139,#2140);
#2142=PLANE('',#2141);
#2143=ORIENTED_EDGE('',*,*,#406,.T.);
#2144=ORIENTED_EDGE('',*,*,#411,.T.);
#2145=ORIENTED_EDGE('',*,*,#416,.T.);
#2146=ORIENTED_EDGE('',*,*,#421,.T.);
#2147=EDGE_LOOP('',(#2143,#2144,#2145,#2146));
#2148=FACE_OUTER_BOUND('',#2147,.T.);
#2149=ADVANCED_FACE('',(#2148),#2142,.T.);
#2150=CARTESIAN_POINT('',(-0.000476783218428841,0.00285422604897121,0.0017793791953726458));
#2151=DIRECTION('',(-0.14724204421409542,0.8224070014098183,0.5495147900173075));
#2152=DIRECTION('',(-0.98434800957049,-0.17623562651919877,0));
#2153=AXIS2_PLACEMENT_3D('',#2150,#2151,#2152);
#2154=PLANE('',#2153);
#2155=ORIENTED_EDGE('',*,*,#426,.T.);
#2156=ORIENTED_EDGE('',*,*,#431,.T.);
#2157=ORIENTED_EDGE('',*,*,#436,.T.);
#2158=ORIENTED_EDGE('',*,*,#441,.T.);
#2159=EDGE_LOOP('',(#2155,#2156,#2157,#2158));
#2160=FACE_OUTER_BOUND('',#2159,.T.);
#2161=ADVANCED_FACE('',(#2160),#2154,.T.);
#2162=CARTESIAN_POINT('',(-0.0013025959769438042,0.00285422604897121,0.0013025959769438044));
#2163=DIRECTION('',(-0.4022727458032116,0.8224070014098183,0.402272745803212));
#2164=DIRECTION('',(-0.8982950841395877,-0.4393926965831943,0));
#2165=AXIS2_PLACEMENT_3D('',#2162,#2163,#2164);
#2166=PLANE('',#2165);
#2167=ORIENTED_EDGE('',*,*,#446,.T.);
#2168=ORIENTED_EDGE('',*,*,#451,.T.);
#2169=ORIENTED_EDGE('',*,*,#456,.T.);
#2170=ORIENTED_EDGE('',*,*,#461,.T.);
#2171=EDGE_LOOP('',(#2167,#2168,#2169,#2170));
#2172=FACE_OUTER_BOUND('',#2171,.T.);
#2173=ADVANCED_FACE('',(#2172),#2166,.T.);
#2174=CARTESIAN_POINT('',(-0.0017793791953726458,0.00285422604897121,0.00047678321842884136));
#2175=DIRECTION('',(-0.5495147900173071,0.8224070014098185,0.1472420442140954));
#2176=DIRECTION('',(-0.8314696123025455,-0.555570233019602,0));
#2177=AXIS2_PLACEMENT_3D('',#2174,#2175,#2176);
#2178=PLANE('',#2177);
#2179=ORIENTED_EDGE('',*,*,#466,.T.);
#2180=ORIENTED_EDGE('',*,*,#471,.T.);
#2181=ORIENTED_EDGE('',*,*,#476,.T.);
#2182=ORIENTED_EDGE('',*,*,#481,.T.);
#2183=EDGE_LOOP('',(#2179,#2180,#2181,#2182));
#2184=FACE_OUTER_BOUND('',#2183,.T.);
#2185=ADVANCED_FACE('',(#2184),#2178,.T.);
#2186=CARTESIAN_POINT('',(-0.0017793791953726456,0.00285422604897121,-0.0004767832184288413));
#2187=DIRECTION('',(-0.5495147900173074,0.8224070014098182,-0.1472420442140957));
#2188=DIRECTION('',(-0.8314696123025452,-0.5555702330196024,0));
#2189=AXIS2_PLACEMENT_3D('',#2186,#2187,#2188);
#2190=PLANE('',#2189);
#2191=ORIENTED_EDGE('',*,*,#486,.T.);
#2192=ORIENTED_EDGE('',*,*,#491,.T.);
#2193=ORIENTED_EDGE('',*,*,#496,.T.);
#2194=ORIENTED_EDGE('',*,*,#501,.T.);
#2195=EDGE_LOOP('',(#2191,#2192,#2193,#2194));
#2196=FACE_OUTER_BOUND('',#2195,.T.);
#2197=ADVANCED_FACE('',(#2196),#2190,.T.);
#2198=CARTESIAN_POINT('',(-0.0013025959769438046,0.00285422604897121,-0.001302595976943804));
#2199=DIRECTION('',(-0.4022727458032118,0.8224070014098185,-0.4022727458032116));
#2200=DIRECTION('',(-0.8982950841395877,-0.4393926965831944,0));
#2201=AXIS2_PLACEMENT_3D('',#2198,#2199,#2200);
#2202=PLANE('',#2201);
#2203=ORIENTED_EDGE('',*,*,#506,.T.);
#2204=ORIENTED_EDGE('',*,*,#511,.T.);
#2205=ORIENTED_EDGE('',*,*,#516,.T.);
#2206=ORIENTED_EDGE('',*,*,#521,.T.);
#2207=EDGE_LOOP('',(#2203,#2204,#2205,#2206));
#2208=FACE_OUTER_BOUND('',#2207,.T.);
#2209=ADVANCED_FACE('',(#2208),#2202,.T.);
#2210=CARTESIAN_POINT('',(-0.0004767832184288419,0.00285422604897121,-0.0017793791953726453));
#2211=DIRECTION('',(-0.14724204421409562,0.8224070014098184,-0.5495147900173073));
#2212=DIRECTION('',(-0.98434800957049,-0.176235626519199,0));
#2213=AXIS2_PLACEMENT_3D('',#2210,#2211,#2212);
#2214=PLANE('',#2213);
#2215=ORIENTED_EDGE('',*,*,#526,.T.);
#2216=ORIENTED_EDGE('',*,*,#531,.T.);
#2217=ORIENTED_EDGE('',*,*,#536,.T.);
#2218=ORIENTED_EDGE('',*,*,#541,.T.);
#2219=EDGE_LOOP('',(#2215,#2216,#2217,#2218));
#2220=FACE_OUTER_BOUND('',#2219,.T.);
#2221=ADVANCED_FACE('',(#2220),#2214,.T.);
#2222=CARTESIAN_POINT('',(0.00047678321842884125,0.00285422604897121,-0.0017793791953726456));
#2223=DIRECTION('',(0.1472420442140955,0.8224070014098185,-0.5495147900173073));
#2224=DIRECTION('',(-0.9843480095704901,0.17623562651919883,0));
#2225=AXIS2_PLACEMENT_3D('',#2222,#2223,#2224);
#2226=PLANE('',#2225);
#2227=ORIENTED_EDGE('',*,*,#546,.T.);
#2228=ORIENTED_EDGE('',*,*,#551,.T.);
#2229=ORIENTED_EDGE('',*,*,#556,.T.);
#2230=ORIENTED_EDGE('',*,*,#561,.T.);
#2231=EDGE_LOOP('',(#2227,#2228,#2229,#2230));
#2232=FACE_OUTER_BOUND('',#2231,.T.);
#2233=ADVANCED_FACE('',(#2232),#2226,.T.);
#2234=CARTESIAN_POINT('',(0.001302595976943804,0.00285422604897121,-0.0013025959769438046));
#2235=DIRECTION('',(0.4022727458032117,0.8224070014098184,-0.4022727458032119));
#2236=DIRECTION('',(-0.8982950841395877,0.43939269658319435,0));
#2237=AXIS2_PLACEMENT_3D('',#2234,#2235,#2236);
#2238=PLANE('',#2237);
#2239=ORIENTED_EDGE('',*,*,#566,.T.);
#2240=ORIENTED_EDGE('',*,*,#571,.T.);
#2241=ORIENTED_EDGE('',*,*,#576,.T.);
#2242=ORIENTED_EDGE('',*,*,#581,.T.);
#2243=EDGE_LOOP('',(#2239,#2240,#2241,#2242));
#2244=FACE_OUTER_BOUND('',#2243,.T.);
#2245=ADVANCED_FACE('',(#2244),#2238,.T.);
#2246=CARTESIAN_POINT('',(0.0017793791953726453,0.00285422604897121,-0.0004767832184288417));
#2247=DIRECTION('',(0.5495147900173072,0.8224070014098185,-0.14724204421409556));
#2248=DIRECTION('',(-0.8314696123025453,0.5555702330196021,0));
#2249=AXIS2_PLACEMENT_3D('',#2246,#2247,#2248);
#2250=PLANE('',#2249);
#2251=ORIENTED_EDGE('',*,*,#586,.T.);
#2252=ORIENTED_EDGE('',*,*,#591,.T.);
#2253=ORIENTED_EDGE('',*,*,#596,.T.);
#2254=ORIENTED_EDGE('',*,*,#601,.T.);
#2255=EDGE_LOOP('',(#2251,#2252,#2253,#2254));
#2256=FACE_OUTER_BOUND('',#2255,.T.);
#2257=ADVANCED_FACE('',(#2256),#2250,.T.);
#2258=CARTESIAN_POINT('',(0.0026630291577617827,0.0019071328737153656,0.0007135565122428024));
#2259=DIRECTION('',(0.8115719005318806,0.5422750070709683,0.21746003534730876));
#2260=DIRECTION('',(-0.555570233019602,0.8314696123025455,0));
#2261=AXIS2_PLACEMENT_3D('',#2258,#2259,#2260);
#2262=PLANE('',#2261);
#2263=ORIENTED_EDGE('',*,*,#606,.T.);
#2264=ORIENTED_EDGE('',*,*,#611,.T.);
#2265=ORIENTED_EDGE('',*,*,#616,.T.);
#2266=ORIENTED_EDGE('',*,*,#621,.T.);
#2267=EDGE_LOOP('',(#2263,#2264,#2265,#2266));
#2268=FACE_OUTER_BOUND('',#2267,.T.);
#2269=ADVANCED_FACE('',(#2268),#2262,.T.);
#2270=CARTESIAN_POINT('',(0.0019494726455189801,0.0019071328737153656,0.0019494726455189797));
#2271=DIRECTION('',(0.5941118651845716,0.5422750070709683,0.5941118651845716));
#2272=DIRECTION('',(-0.6741507368929679,0.7385937881858121,0));
#2273=AXIS2_PLACEMENT_3D('',#2270,#2271,#2272);
#2274=PLANE('',#2273);
#2275=ORIENTED_EDGE('',*,*,#626,.T.);
#2276=ORIENTED_EDGE('',*,*,#631,.T.);
#2277=ORIENTED_EDGE('',*,*,#636,.T.);
#2278=ORIENTED_EDGE('',*,*,#641,.T.);
#2279=EDGE_LOOP('',(#2275,#2276,#2277,#2278));
#2280=FACE_OUTER_BOUND('',#2279,.T.);
#2281=ADVANCED_FACE('',(#2280),#2274,.T.);
#2282=CARTESIAN_POINT('',(0.0007135565122428028,0.0019071328737153656,0.002663029157761782));
#2283=DIRECTION('',(0.21746003534730873,0.5422750070709684,0.8115719005318803));
#2284=DIRECTION('',(-0.9281517053687568,0.3722021115215073,0));
#2285=AXIS2_PLACEMENT_3D('',#2282,#2283,#2284);
#2286=PLANE('',#2285);
#2287=ORIENTED_EDGE('',*,*,#646,.T.);
#2288=ORIENTED_EDGE('',*,*,#651,.T.);
#2289=ORIENTED_EDGE('',*,*,#656,.T.);
#2290=ORIENTED_EDGE('',*,*,#661,.T.);
#2291=EDGE_LOOP('',(#2287,#2288,#2289,#2290));
#2292=FACE_OUTER_BOUND('',#2291,.T.);
#2293=ADVANCED_FACE('',(#2292),#2286,.T.);
#2294=CARTESIAN_POINT('',(-0.0007135565122428022,0.0019071328737153656,0.0026630291577617827));
#2295=DIRECTION('',(-0.21746003534730882,0.5422750070709685,0.8115719005318802));
#2296=DIRECTION('',(-0.9281517053687568,-0.37220211152150734,0));
#2297=AXIS2_PLACEMENT_3D('',#2294,#2295,#2296);
#2298=PLANE('',#2297);
#2299=ORIENTED_EDGE('',*,*,#666,.T.);
#2300=ORIENTED_EDGE('',*,*,#671,.T.);
#2301=ORIENTED_EDGE('',*,*,#676,.T.);
#2302=ORIENTED_EDGE('',*,*,#681,.T.);
#2303=EDGE_LOOP('',(#2299,#2300,#2301,#2302));
#2304=FACE_OUTER_BOUND('',#2303,.T.);
#2305=ADVANCED_FACE('',(#2304),#2298,.T.);
#2306=CARTESIAN_POINT('',(-0.0019494726455189797,0.0019071328737153656,0.0019494726455189801));
#2307=DIRECTION('',(-0.5941118651845713,0.5422750070709683,0.5941118651845719));
#2308=DIRECTION('',(-0.6741507368929681,-0.738593788185812,0));
#2309=AXIS2_PLACEMENT_3D('',#2306,#2307,#2308);
#2310=PLANE('',#2309);
#2311=ORIENTED_EDGE('',*,*,#686,.T.);
#2312=ORIENTED_EDGE('',*,*,#691,.T.);
#2313=ORIENTED_EDGE('',*,*,#696,.T.);
#2314=ORIENTED_EDGE('',*,*,#701,.T.);
#2315=EDGE_LOOP('',(#2311,#2312,#2313,#2314));
#2316=FACE_OUTER_BOUND('',#2315,.T.);
#2317=ADVANCED_FACE('',(#2316),#2310,.T.);
#2318=CARTESIAN_POINT('',(-0.0026630291577617827,0.0019071328737153656,0.0007135565122428026));
#2319=DIRECTION('',(-0.8115719005318803,0.5422750070709683,0.21746003534730887));
#2320=DIRECTION('',(-0.5555702330196021,-0.8314696123025453,0));
#2321=AXIS2_PLACEMENT_3D('',#2318,#2319,#2320);
#2322=PLANE('',#2321);
#2323=ORIENTED_EDGE('',*,*,#706,.T.);
#2324=ORIENTED_EDGE('',*,*,#711,.T.);
#2325=ORIENTED_EDGE('',*,*,#716,.T.);
#2326=ORIENTED_EDGE('',*,*,#721,.T.);
#2327=EDGE_LOOP('',(#2323,#2324,#2325,#2326));
#2328=FACE_OUTER_BOUND('',#2327,.T.);
#2329=ADVANCED_FACE('',(#2328),#2322,.T.);
#2330=CARTESIAN_POINT('',(-0.0026630291577617823,0.0019071328737153656,-0.0007135565122428025));
#2331=DIRECTION('',(-0.8115719005318802,0.5422750070709687,-0.21746003534730873));
#2332=DIRECTION('',(-0.5555702330196024,-0.8314696123025451,0));
#2333=AXIS2_PLACEMENT_3D('',#2330,#2331,#2332);
#2334=PLANE('',#2333);
#2335=ORIENTED_EDGE('',*,*,#726,.T.);
#2336=ORIENTED_EDGE('',*,*,#731,.T.);
#2337=ORIENTED_EDGE('',*,*,#736,.T.);
#2338=ORIENTED_EDGE('',*,*,#741,.T.);
#2339=EDGE_LOOP('',(#2335,#2336,#2337,#2338));
#2340=FACE_OUTER_BOUND('',#2339,.T.);
#2341=ADVANCED_FACE('',(#2340),#2334,.T.);
#2342=CARTESIAN_POINT('',(-0.0019494726455189806,0.0019071328737153656,-0.00194947264551898));
#2343=DIRECTION('',(-0.5941118651845716,0.5422750070709687,-0.5941118651845714));
#2344=DIRECTION('',(-0.6741507368929681,-0.7385937881858119,0));
#2345=AXIS2_PLACEMENT_3D('',#2342,#2343,#2344);
#2346=PLANE('',#2345);
#2347=ORIENTED_EDGE('',*,*,#746,.T.);
#2348=ORIENTED_EDGE('',*,*,#751,.T.);
#2349=ORIENTED_EDGE('',*,*,#756,.T.);
#2350=ORIENTED_EDGE('',*,*,#761,.T.);
#2351=EDGE_LOOP('',(#2347,#2348,#2349,#2350));
#2352=FACE_OUTER_BOUND('',#2351,.T.);
#2353=ADVANCED_FACE('',(#2352),#2346,.T.);
#2354=CARTESIAN_POINT('',(-0.0007135565122428035,0.0019071328737153656,-0.002663029157761782));
#2355=DIRECTION('',(-0.217460035347309,0.5422750070709685,-0.8115719005318802));
#2356=DIRECTION('',(-0.9281517053687566,-0.3722021115215076,0));
#2357=AXIS2_PLACEMENT_3D('',#2354,#2355,#2356);
#2358=PLANE('',#2357);
#2359=ORIENTED_EDGE('',*,*,#766,.T.);
#2360=ORIENTED_EDGE('',*,*,#771,.T.);
#2361=ORIENTED_EDGE('',*,*,#776,.T.);
#2362=ORIENTED_EDGE('',*,*,#781,.T.);
#2363=EDGE_LOOP('',(#2359,#2360,#2361,#2362));
#2364=FACE_OUTER_BOUND('',#2363,.T.);
#2365=ADVANCED_FACE('',(#2364),#2358,.T.);
#2366=CARTESIAN_POINT('',(0.0007135565122428025,0.0019071328737153656,-0.0026630291577617823));
#2367=DIRECTION('',(0.21746003534730865,0.5422750070709685,-0.8115719005318802));
#2368=DIRECTION('',(-0.9281517053687568,0.37220211152150706,0));
#2369=AXIS2_PLACEMENT_3D('',#2366,#2367,#2368);
#2370=PLANE('',#2369);
#2371=ORIENTED_EDGE('',*,*,#786,.T.);
#2372=ORIENTED_EDGE('',*,*,#791,.T.);
#2373=ORIENTED_EDGE('',*,*,#796,.T.);
#2374=ORIENTED_EDGE('',*,*,#801,.T.);
#2375=EDGE_LOOP('',(#2371,#2372,#2373,#2374));
#2376=FACE_OUTER_BOUND('',#2375,.T.);
#2377=ADVANCED_FACE('',(#2376),#2370,.T.);
#2378=CARTESIAN_POINT('',(0.00194947264551898,0.0019071328737153656,-0.0019494726455189806));
#2379=DIRECTION('',(0.5941118651845712,0.5422750070709685,-0.5941118651845716));
#2380=DIRECTION('',(-0.6741507368929683,0.7385937881858118,0));
#2381=AXIS2_PLACEMENT_3D('',#2378,#2379,#2380);
#2382=PLANE('',#2381);
#2383=ORIENTED_EDGE('',*,*,#806,.T.);
#2384=ORIENTED_EDGE('',*,*,#811,.T.);
#2385=ORIENTED_EDGE('',*,*,#816,.T.);
#2386=ORIENTED_EDGE('',*,*,#821,.T.);
#2387=EDGE_LOOP('',(#2383,#2384,#2385,#2386));
#2388=FACE_OUTER_BOUND('',#2387,.T.);
#2389=ADVANCED_FACE('',(#2388),#2382,.T.);
#2390=CARTESIAN_POINT('',(0.002663029157761782,0.0019071328737153656,-0.0007135565122428031));
#2391=DIRECTION('',(0.8115719005318801,0.5422750070709688,-0.21746003534730893));
#2392=DIRECTION('',(-0.5555702330196025,0.8314696123025451,0));
#2393=AXIS2_PLACEMENT_3D('',#2390,#2391,#2392);
#2394=PLANE('',#2393);
#2395=ORIENTED_EDGE('',*,*,#826,.T.);
#2396=ORIENTED_EDGE('',*,*,#831,.T.);
#2397=ORIENTED_EDGE('',*,*,#836,.T.);
#2398=ORIENTED_EDGE('',*,*,#841,.T.);
#2399=EDGE_LOOP('',(#2395,#2396,#2397,#2398));
#2400=FACE_OUTER_BOUND('',#2399,.T.);
#2401=ADVANCED_FACE('',(#2400),#2394,.T.);
#2402=CARTESIAN_POINT('',(0.003141257071301117,0.0006696960066389072,0.0008416972954736878));
#2403=DIRECTION('',(0.9485758259165186,0.18868346317216966,0.2541701265140163));
#2404=DIRECTION('',(-0.19509032201612886,0.9807852804032303,0));
#2405=AXIS2_PLACEMENT_3D('',#2402,#2403,#2404);
#2406=PLANE('',#2405);
#2407=ORIENTED_EDGE('',*,*,#846,.T.);
#2408=ORIENTED_EDGE('',*,*,#851,.T.);
#2409=ORIENTED_EDGE('',*,*,#856,.T.);
#2410=ORIENTED_EDGE('',*,*,#861,.T.);
#2411=EDGE_LOOP('',(#2407,#2408,#2409,#2410));
#2412=FACE_OUTER_BOUND('',#2411,.T.);
#2413=ADVANCED_FACE('',(#2412),#2406,.T.);
#2414=CARTESIAN_POINT('',(0.0022995597758274293,0.0006696960066389072,0.002299559775827429));
#2415=DIRECTION('',(0.6944056994025024,0.1886834631721691,0.6944056994025022));
#2416=DIRECTION('',(-0.26221196911661016,0.9650103021481118,0));
#2417=AXIS2_PLACEMENT_3D('',#2414,#2415,#2416);
#2418=PLANE('',#2417);
#2419=ORIENTED_EDGE('',*,*,#866,.T.);
#2420=ORIENTED_EDGE('',*,*,#871,.T.);
#2421=ORIENTED_EDGE('',*,*,#876,.T.);
#2422=ORIENTED_EDGE('',*,*,#881,.T.);
#2423=EDGE_LOOP('',(#2419,#2420,#2421,#2422));
#2424=FACE_OUTER_BOUND('',#2423,.T.);
#2425=ADVANCED_FACE('',(#2424),#2418,.T.);
#2426=CARTESIAN_POINT('',(0.0008416972954736882,0.0006696960066389072,0.0031412570713011167));
#2427=DIRECTION('',(0.2541701265140166,0.18868346317216916,0.9485758259165186));
#2428=DIRECTION('',(1,0,0));
#2429=AXIS2_PLACEMENT_3D('',#2426,#2427,#2428);
#2430=PLANE('',#2429);
#2431=ORIENTED_EDGE('',*,*,#886,.T.);
#2432=ORIENTED_EDGE('',*,*,#891,.T.);
#2433=ORIENTED_EDGE('',*,*,#896,.T.);
#2434=ORIENTED_EDGE('',*,*,#901,.T.);
#2435=EDGE_LOOP('',(#2431,#2432,#2433,#2434));
#2436=FACE_OUTER_BOUND('',#2435,.T.);
#2437=ADVANCED_FACE('',(#2436),#2430,.T.);
#2438=CARTESIAN_POINT('',(-0.0008416972954736876,0.0006696960066389072,0.003141257071301117));
#2439=DIRECTION('',(-0.2541701265140164,0.18868346317216914,0.9485758259165187));
#2440=DIRECTION('',(1,0,0));
#2441=AXIS2_PLACEMENT_3D('',#2438,#2439,#2440);
#2442=PLANE('',#2441);
#2443=ORIENTED_EDGE('',*,*,#906,.T.);
#2444=ORIENTED_EDGE('',*,*,#911,.T.);
#2445=ORIENTED_EDGE('',*,*,#916,.T.);
#2446=ORIENTED_EDGE('',*,*,#921,.T.);
#2447=EDGE_LOOP('',(#2443,#2444,#2445,#2446));
#2448=FACE_OUTER_BOUND('',#2447,.T.);
#2449=ADVANCED_FACE('',(#2448),#2442,.T.);
#2450=CARTESIAN_POINT('',(-0.002299559775827429,0.0006696960066389072,0.0022995597758274293));
#2451=DIRECTION('',(-0.6944056994025021,0.1886834631721692,0.6944056994025023));
#2452=DIRECTION('',(-0.2622119691166104,-0.9650103021481117,0));
#2453=AXIS2_PLACEMENT_3D('',#2450,#2451,#2452);
#2454=PLANE('',#2453);
#2455=ORIENTED_EDGE('',*,*,#926,.T.);
#2456=ORIENTED_EDGE('',*,*,#931,.T.);
#2457=ORIENTED_EDGE('',*,*,#936,.T.);
#2458=ORIENTED_EDGE('',*,*,#941,.T.);
#2459=EDGE_LOOP('',(#2455,#2456,#2457,#2458));
#2460=FACE_OUTER_BOUND('',#2459,.T.);
#2461=ADVANCED_FACE('',(#2460),#2454,.T.);
#2462=CARTESIAN_POINT('',(-0.003141257071301117,0.0006696960066389072,0.000841697295473688));
#2463=DIRECTION('',(-0.9485758259165187,0.18868346317216925,0.2541701265140164));
#2464=DIRECTION('',(-0.19509032201612844,-0.9807852804032304,0));
#2465=AXIS2_PLACEMENT_3D('',#2462,#2463,#2464);
#2466=PLANE('',#2465);
#2467=ORIENTED_EDGE('',*,*,#946,.T.);
#2468=ORIENTED_EDGE('',*,*,#951,.T.);
#2469=ORIENTED_EDGE('',*,*,#956,.T.);
#2470=ORIENTED_EDGE('',*,*,#961,.T.);
#2471=EDGE_LOOP('',(#2467,#2468,#2469,#2470));
#2472=FACE_OUTER_BOUND('',#2471,.T.);
#2473=ADVANCED_FACE('',(#2472),#2466,.T.);
#2474=CARTESIAN_POINT('',(-0.0031412570713011167,0.0006696960066389072,-0.0008416972954736879));
#2475=DIRECTION('',(-0.9485758259165186,0.18868346317216947,-0.25417012651401644));
#2476=DIRECTION('',(-0.19509032201612866,-0.9807852804032303,0));
#2477=AXIS2_PLACEMENT_3D('',#2474,#2475,#2476);
#2478=PLANE('',#2477);
#2479=ORIENTED_EDGE('',*,*,#966,.T.);
#2480=ORIENTED_EDGE('',*,*,#971,.T.);
#2481=ORIENTED_EDGE('',*,*,#976,.T.);
#2482=ORIENTED_EDGE('',*,*,#981,.T.);
#2483=EDGE_LOOP('',(#2479,#2480,#2481,#2482));
#2484=FACE_OUTER_BOUND('',#2483,.T.);
#2485=ADVANCED_FACE('',(#2484),#2478,.T.);
#2486=CARTESIAN_POINT('',(-0.0022995597758274297,0.0006696960066389072,-0.002299559775827429));
#2487=DIRECTION('',(-0.6944056994025024,0.18868346317216914,-0.6944056994025023));
#2488=DIRECTION('',(-0.26221196911661016,-0.9650103021481118,0));
#2489=AXIS2_PLACEMENT_3D('',#2486,#2487,#2488);
#2490=PLANE('',#2489);
#2491=ORIENTED_EDGE('',*,*,#986,.T.);
#2492=ORIENTED_EDGE('',*,*,#991,.T.);
#2493=ORIENTED_EDGE('',*,*,#996,.T.);
#2494=ORIENTED_EDGE('',*,*,#1001,.T.);
#2495=EDGE_LOOP('',(#2491,#2492,#2493,#2494));
#2496=FACE_OUTER_BOUND('',#2495,.T.);
#2497=ADVANCED_FACE('',(#2496),#2490,.T.);
#2498=CARTESIAN_POINT('',(-0.0008416972954736891,0.0006696960066389072,-0.0031412570713011167));
#2499=DIRECTION('',(-0.2541701265140169,0.188683463172169,-0.9485758259165186));
#2500=DIRECTION('',(1,0,0));
#2501=AXIS2_PLACEMENT_3D('',#2498,#2499,#2500);
#2502=PLANE('',#2501);
#2503=ORIENTED_EDGE('',*,*,#1006,.T.);
#2504=ORIENTED_EDGE('',*,*,#1011,.T.);
#2505=ORIENTED_EDGE('',*,*,#1016,.T.);
#2506=ORIENTED_EDGE('',*,*,#1021,.T.);
#2507=EDGE_LOOP('',(#2503,#2504,#2505,#2506));
#2508=FACE_OUTER_BOUND('',#2507,.T.);
#2509=ADVANCED_FACE('',(#2508),#2502,.T.);
#2510=CARTESIAN_POINT('',(0.0008416972954736879,0.0006696960066389072,-0.0031412570713011167));
#2511=DIRECTION('',(0.2541701265140165,0.18868346317216914,-0.9485758259165186));
#2512=DIRECTION('',(1,0,0));
#2513=AXIS2_PLACEMENT_3D('',#2510,#2511,#2512);
#2514=PLANE('',#2513);
#2515=ORIENTED_EDGE('',*,*,#1026,.T.);
#2516=ORIENTED_EDGE('',*,*,#1031,.T.);
#2517=ORIENTED_EDGE('',*,*,#1036,.T.);
#2518=ORIENTED_EDGE('',*,*,#1041,.T.);
#2519=EDGE_LOOP('',(#2515,#2516,#2517,#2518));
#2520=FACE_OUTER_BOUND('',#2519,.T.);
#2521=ADVANCED_FACE('',(#2520),#2514,.T.);
#2522=CARTESIAN_POINT('',(0.002299559775827429,0.0006696960066389072,-0.0022995597758274297));
#2523=DIRECTION('',(0.6944056994025022,0.18868346317216889,-0.6944056994025024));
#2524=DIRECTION('',(-0.26221196911660993,0.9650103021481119,0));
#2525=AXIS2_PLACEMENT_3D('',#2522,#2523,#2524);
#2526=PLANE('',#2525);
#2527=ORIENTED_EDGE('',*,*,#1046,.T.);
#2528=ORIENTED_EDGE('',*,*,#1051,.T.);
#2529=ORIENTED_EDGE('',*,*,#1056,.T.);
#2530=ORIENTED_EDGE('',*,*,#1061,.T.);
#2531=EDGE_LOOP('',(#2527,#2528,#2529,#2530));
#2532=FACE_OUTER_BOUND('',#2531,.T.);
#2533=ADVANCED_FACE('',(#2532),#2526,.T.);
#2534=CARTESIAN_POINT('',(0.0031412570713011167,0.0006696960066389072,-0.0008416972954736887));
#2535=DIRECTION('',(0.9485758259165188,0.18868346317216875,-0.25417012651401677));
#2536=DIRECTION('',(-0.19509032201612792,0.9807852804032305,0));
#2537=AXIS2_PLACEMENT_3D('',#2534,#2535,#2536);
#2538=PLANE('',#2537);
#2539=ORIENTED_EDGE('',*,*,#1066,.T.);
#2540=ORIENTED_EDGE('',*,*,#1071,.T.);
#2541=ORIENTED_EDGE('',*,*,#1076,.T.);
#2542=ORIENTED_EDGE('',*,*,#1081,.T.);
#2543=EDGE_LOOP('',(#2539,#2540,#2541,#2542));
#2544=FACE_OUTER_BOUND('',#2543,.T.);
#2545=ADVANCED_FACE('',(#2544),#2538,.T.);
#2546=CARTESIAN_POINT('',(0.0031412570713011175,-0.0006696960066389069,0.0008416972954736878));
#2547=DIRECTION('',(0.9485758259165186,-0.18868346317216966,0.2541701265140164));
#2548=DIRECTION('',(0.19509032201612886,0.9807852804032303,0));
#2549=AXIS2_PLACEMENT_3D('',#2546,#2547,#2548);
#2550=PLANE('',#2549);
#2551=ORIENTED_EDGE('',*,*,#1086,.T.);
#2552=ORIENTED_EDGE('',*,*,#1091,.T.);
#2553=ORIENTED_EDGE('',*,*,#1096,.T.);
#2554=ORIENTED_EDGE('',*,*,#1101,.T.);
#2555=EDGE_LOOP('',(#2551,#2552,#2553,#2554));
#2556=FACE_OUTER_BOUND('',#2555,.T.);
#2557=ADVANCED_FACE('',(#2556),#2550,.T.);
#2558=CARTESIAN_POINT('',(0.0022995597758274293,-0.0006696960066389069,0.002299559775827429));
#2559=DIRECTION('',(0.6944056994025024,-0.1886834631721691,0.6944056994025023));
#2560=DIRECTION('',(0.26221196911661016,0.9650103021481118,0));
#2561=AXIS2_PLACEMENT_3D('',#2558,#2559,#2560);
#2562=PLANE('',#2561);
#2563=ORIENTED_EDGE('',*,*,#1106,.T.);
#2564=ORIENTED_EDGE('',*,*,#1111,.T.);
#2565=ORIENTED_EDGE('',*,*,#1116,.T.);
#2566=ORIENTED_EDGE('',*,*,#1121,.T.);
#2567=EDGE_LOOP('',(#2563,#2564,#2565,#2566));
#2568=FACE_OUTER_BOUND('',#2567,.T.);
#2569=ADVANCED_FACE('',(#2568),#2562,.T.);
#2570=CARTESIAN_POINT('',(0.0008416972954736882,-0.0006696960066389069,0.0031412570713011167));
#2571=DIRECTION('',(0.25417012651401655,-0.18868346317216914,0.9485758259165186));
#2572=DIRECTION('',(1,0,0));
#2573=AXIS2_PLACEMENT_3D('',#2570,#2571,#2572);
#2574=PLANE('',#2573);
#2575=ORIENTED_EDGE('',*,*,#1126,.T.);
#2576=ORIENTED_EDGE('',*,*,#1131,.T.);
#2577=ORIENTED_EDGE('',*,*,#1136,.T.);
#2578=ORIENTED_EDGE('',*,*,#1141,.T.);
#2579=EDGE_LOOP('',(#2575,#2576,#2577,#2578));
#2580=FACE_OUTER_BOUND('',#2579,.T.);
#2581=ADVANCED_FACE('',(#2580),#2574,.T.);
#2582=CARTESIAN_POINT('',(-0.0008416972954736876,-0.0006696960066389069,0.0031412570713011175));
#2583=DIRECTION('',(-0.2541701265140164,-0.1886834631721691,0.9485758259165187));
#2584=DIRECTION('',(1,0,0));
#2585=AXIS2_PLACEMENT_3D('',#2582,#2583,#2584);
#2586=PLANE('',#2585);
#2587=ORIENTED_EDGE('',*,*,#1146,.T.);
#2588=ORIENTED_EDGE('',*,*,#1151,.T.);
#2589=ORIENTED_EDGE('',*,*,#1156,.T.);
#2590=ORIENTED_EDGE('',*,*,#1161,.T.);
#2591=EDGE_LOOP('',(#2587,#2588,#2589,#2590));
#2592=FACE_OUTER_BOUND('',#2591,.T.);
#2593=ADVANCED_FACE('',(#2592),#2586,.T.);
#2594=CARTESIAN_POINT('',(-0.002299559775827429,-0.0006696960066389069,0.0022995597758274293));
#2595=DIRECTION('',(-0.6944056994025021,-0.1886834631721692,0.6944056994025023));
#2596=DIRECTION('',(0.2622119691166104,-0.9650103021481117,0));
#2597=AXIS2_PLACEMENT_3D('',#2594,#2595,#2596);
#2598=PLANE('',#2597);
#2599=ORIENTED_EDGE('',*,*,#1166,.T.);
#2600=ORIENTED_EDGE('',*,*,#1171,.T.);
#2601=ORIENTED_EDGE('',*,*,#1176,.T.);
#2602=ORIENTED_EDGE('',*,*,#1181,.T.);
#2603=EDGE_LOOP('',(#2599,#2600,#2601,#2602));
#2604=FACE_OUTER_BOUND('',#2603,.T.);
#2605=ADVANCED_FACE('',(#2604),#2598,.T.);
#2606=CARTESIAN_POINT('',(-0.003141257071301117,-0.0006696960066389069,0.000841697295473688));
#2607=DIRECTION('',(-0.9485758259165187,-0.18868346317216925,0.2541701265140165));
#2608=DIRECTION('',(0.19509032201612844,-0.9807852804032304,0));
#2609=AXIS2_PLACEMENT_3D('',#2606,#2607,#2608);
#2610=PLANE('',#2609);
#2611=ORIENTED_EDGE('',*,*,#1186,.T.);
#2612=ORIENTED_EDGE('',*,*,#1191,.T.);
#2613=ORIENTED_EDGE('',*,*,#1196,.T.);
#2614=ORIENTED_EDGE('',*,*,#1201,.T.);
#2615=EDGE_LOOP('',(#2611,#2612,#2613,#2614));
#2616=FACE_OUTER_BOUND('',#2615,.T.);
#2617=ADVANCED_FACE('',(#2616),#2610,.T.);
#2618=CARTESIAN_POINT('',(-0.0031412570713011167,-0.0006696960066389069,-0.0008416972954736879));
#2619=DIRECTION('',(-0.9485758259165186,-0.18868346317216947,-0.2541701265140164));
#2620=DIRECTION('',(0.19509032201612866,-0.9807852804032303,0));
#2621=AXIS2_PLACEMENT_3D('',#2618,#2619,#2620);
#2622=PLANE('',#2621);
#2623=ORIENTED_EDGE('',*,*,#1206,.T.);
#2624=ORIENTED_EDGE('',*,*,#1211,.T.);
#2625=ORIENTED_EDGE('',*,*,#1216,.T.);
#2626=ORIENTED_EDGE('',*,*,#1221,.T.);
#2627=EDGE_LOOP('',(#2623,#2624,#2625,#2626));
#2628=FACE_OUTER_BOUND('',#2627,.T.);
#2629=ADVANCED_FACE('',(#2628),#2622,.T.);
#2630=CARTESIAN_POINT('',(-0.0022995597758274297,-0.0006696960066389069,-0.002299559775827429));
#2631=DIRECTION('',(-0.6944056994025024,-0.18868346317216914,-0.6944056994025023));
#2632=DIRECTION('',(0.26221196911661016,-0.9650103021481118,0));
#2633=AXIS2_PLACEMENT_3D('',#2630,#2631,#2632);
#2634=PLANE('',#2633);
#2635=ORIENTED_EDGE('',*,*,#1226,.T.);
#2636=ORIENTED_EDGE('',*,*,#1231,.T.);
#2637=ORIENTED_EDGE('',*,*,#1236,.T.);
#2638=ORIENTED_EDGE('',*,*,#1241,.T.);
#2639=EDGE_LOOP('',(#2635,#2636,#2637,#2638));
#2640=FACE_OUTER_BOUND('',#2639,.T.);
#2641=ADVANCED_FACE('',(#2640),#2634,.T.);
#2642=CARTESIAN_POINT('',(-0.0008416972954736891,-0.0006696960066389069,-0.0031412570713011167));
#2643=DIRECTION('',(-0.2541701265140168,-0.18868346317216897,-0.9485758259165186));
#2644=DIRECTION('',(1,0,0));
#2645=AXIS2_PLACEMENT_3D('',#2642,#2643,#2644);
#2646=PLANE('',#2645);
#2647=ORIENTED_EDGE('',*,*,#1246,.T.);
#2648=ORIENTED_EDGE('',*,*,#1251,.T.);
#2649=ORIENTED_EDGE('',*,*,#1256,.T.);
#2650=ORIENTED_EDGE('',*,*,#1261,.T.);
#2651=EDGE_LOOP('',(#2647,#2648,#2649,#2650));
#2652=FACE_OUTER_BOUND('',#2651,.T.);
#2653=ADVANCED_FACE('',(#2652),#2646,.T.);
#2654=CARTESIAN_POINT('',(0.0008416972954736879,-0.0006696960066389069,-0.0031412570713011167));
#2655=DIRECTION('',(0.2541701265140165,-0.18868346317216914,-0.9485758259165186));
#2656=DIRECTION('',(1,0,0));
#2657=AXIS2_PLACEMENT_3D('',#2654,#2655,#2656);
#2658=PLANE('',#2657);
#2659=ORIENTED_EDGE('',*,*,#1266,.T.);
#2660=ORIENTED_EDGE('',*,*,#1271,.T.);
#2661=ORIENTED_EDGE('',*,*,#1276,.T.);
#2662=ORIENTED_EDGE('',*,*,#1281,.T.);
#2663=EDGE_LOOP('',(#2659,#2660,#2661,#2662));
#2664=FACE_OUTER_BOUND('',#2663,.T.);
#2665=ADVANCED_FACE('',(#2664),#2658,.T.);
#2666=CARTESIAN_POINT('',(0.002299559775827429,-0.0006696960066389069,-0.0022995597758274297));
#2667=DIRECTION('',(0.6944056994025022,-0.18868346317216889,-0.6944056994025024));
#2668=DIRECTION('',(0.26221196911660993,0.9650103021481119,0));
#2669=AXIS2_PLACEMENT_3D('',#2666,#2667,#2668);
#2670=PLANE('',#2669);
#2671=ORIENTED_EDGE('',*,*,#1286,.T.);
#2672=ORIENTED_EDGE('',*,*,#1291,.T.);
#2673=ORIENTED_EDGE('',*,*,#1296,.T.);
#2674=ORIENTED_EDGE('',*,*,#1301,.T.);
#2675=EDGE_LOOP('',(#2671,#2672,#2673,#2674));
#2676=FACE_OUTER_BOUND('',#2675,.T.);
#2677=ADVANCED_FACE('',(#2676),#2670,.T.);
#2678=CARTESIAN_POINT('',(0.0031412570713011167,-0.0006696960066389069,-0.0008416972954736887));
#2679=DIRECTION('',(0.9485758259165188,-0.18868346317216875,-0.25417012651401677));
#2680=DIRECTION('',(0.19509032201612792,0.9807852804032305,0));
#2681=AXIS2_PLACEMENT_3D('',#2678,#2679,#2680);
#2682=PLANE('',#2681);
#2683=ORIENTED_EDGE('',*,*,#1306,.T.);
#2684=ORIENTED_EDGE('',*,*,#1311,.T.);
#2685=ORIENTED_EDGE('',*,*,#1316,.T.);
#2686=ORIENTED_EDGE('',*,*,#1321,.T.);
#2687=EDGE_LOOP('',(#2683,#2684,#2685,#2686));
#2688=FACE_OUTER_BOUND('',#2687,.T.);
#2689=ADVANCED_FACE('',(#2688),#2682,.T.);
#2690=CARTESIAN_POINT('',(0.0026630291577617827,-0.001907132873715365,0.0007135565122428024));
#2691=DIRECTION('',(0.8115719005318806,-0.5422750070709681,0.21746003534730876));
#2692=DIRECTION('',(0.5555702330196017,0.8314696123025455,0));
#2693=AXIS2_PLACEMENT_3D('',#2690,#2691,#2692);
#2694=PLANE('',#2693);
#2695=ORIENTED_EDGE('',*,*,#1326,.T.);
#2696=ORIENTED_EDGE('',*,*,#1331,.T.);
#2697=ORIENTED_EDGE('',*,*,#1336,.T.);
#2698=ORIENTED_EDGE('',*,*,#1341,.T.);
#2699=EDGE_LOOP('',(#2695,#2696,#2697,#2698));
#2700=FACE_OUTER_BOUND('',#2699,.T.);
#2701=ADVANCED_FACE('',(#2700),#2694,.T.);
#2702=CARTESIAN_POINT('',(0.0019494726455189806,-0.001907132873715365,0.00194947264551898));
#2703=DIRECTION('',(0.5941118651845718,-0.5422750070709682,0.5941118651845716));
#2704=DIRECTION('',(0.6741507368929677,0.7385937881858122,0));
#2705=AXIS2_PLACEMENT_3D('',#2702,#2703,#2704);
#2706=PLANE('',#2705);
#2707=ORIENTED_EDGE('',*,*,#1346,.T.);
#2708=ORIENTED_EDGE('',*,*,#1351,.T.);
#2709=ORIENTED_EDGE('',*,*,#1356,.T.);
#2710=ORIENTED_EDGE('',*,*,#1361,.T.);
#2711=EDGE_LOOP('',(#2707,#2708,#2709,#2710));
#2712=FACE_OUTER_BOUND('',#2711,.T.);
#2713=ADVANCED_FACE('',(#2712),#2706,.T.);
#2714=CARTESIAN_POINT('',(0.0007135565122428028,-0.001907132873715365,0.0026630291577617827));
#2715=DIRECTION('',(0.21746003534730915,-0.5422750070709682,0.8115719005318803));
#2716=DIRECTION('',(0.9281517053687564,0.37220211152150795,0));
#2717=AXIS2_PLACEMENT_3D('',#2714,#2715,#2716);
#2718=PLANE('',#2717);
#2719=ORIENTED_EDGE('',*,*,#1366,.T.);
#2720=ORIENTED_EDGE('',*,*,#1371,.T.);
#2721=ORIENTED_EDGE('',*,*,#1376,.T.);
#2722=ORIENTED_EDGE('',*,*,#1381,.T.);
#2723=EDGE_LOOP('',(#2719,#2720,#2721,#2722));
#2724=FACE_OUTER_BOUND('',#2723,.T.);
#2725=ADVANCED_FACE('',(#2724),#2718,.T.);
#2726=CARTESIAN_POINT('',(-0.0007135565122428022,-0.001907132873715365,0.0026630291577617827));
#2727=DIRECTION('',(-0.2174600353473091,-0.5422750070709683,0.8115719005318806));
#2728=DIRECTION('',(0.9281517053687566,-0.3722021115215079,0));
#2729=AXIS2_PLACEMENT_3D('',#2726,#2727,#2728);
#2730=PLANE('',#2729);
#2731=ORIENTED_EDGE('',*,*,#1386,.T.);
#2732=ORIENTED_EDGE('',*,*,#1391,.T.);
#2733=ORIENTED_EDGE('',*,*,#1396,.T.);
#2734=ORIENTED_EDGE('',*,*,#1401,.T.);
#2735=EDGE_LOOP('',(#2731,#2732,#2733,#2734));
#2736=FACE_OUTER_BOUND('',#2735,.T.);
#2737=ADVANCED_FACE('',(#2736),#2730,.T.);
#2738=CARTESIAN_POINT('',(-0.0019494726455189797,-0.001907132873715365,0.0019494726455189801));
#2739=DIRECTION('',(-0.5941118651845715,-0.5422750070709682,0.5941118651845717));
#2740=DIRECTION('',(0.6741507368929679,-0.7385937881858122,0));
#2741=AXIS2_PLACEMENT_3D('',#2738,#2739,#2740);
#2742=PLANE('',#2741);
#2743=ORIENTED_EDGE('',*,*,#1406,.T.);
#2744=ORIENTED_EDGE('',*,*,#1411,.T.);
#2745=ORIENTED_EDGE('',*,*,#1416,.T.);
#2746=ORIENTED_EDGE('',*,*,#1421,.T.);
#2747=EDGE_LOOP('',(#2743,#2744,#2745,#2746));
#2748=FACE_OUTER_BOUND('',#2747,.T.);
#2749=ADVANCED_FACE('',(#2748),#2742,.T.);
#2750=CARTESIAN_POINT('',(-0.0026630291577617827,-0.001907132873715365,0.0007135565122428026));
#2751=DIRECTION('',(-0.8115719005318806,-0.542275007070968,0.21746003534730882));
#2752=DIRECTION('',(0.5555702330196017,-0.8314696123025456,0));
#2753=AXIS2_PLACEMENT_3D('',#2750,#2751,#2752);
#2754=PLANE('',#2753);
#2755=ORIENTED_EDGE('',*,*,#1426,.T.);
#2756=ORIENTED_EDGE('',*,*,#1431,.T.);
#2757=ORIENTED_EDGE('',*,*,#1436,.T.);
#2758=ORIENTED_EDGE('',*,*,#1441,.T.);
#2759=EDGE_LOOP('',(#2755,#2756,#2757,#2758));
#2760=FACE_OUTER_BOUND('',#2759,.T.);
#2761=ADVANCED_FACE('',(#2760),#2754,.T.);
#2762=CARTESIAN_POINT('',(-0.0026630291577617823,-0.001907132873715365,-0.0007135565122428025));
#2763=DIRECTION('',(-0.8115719005318806,-0.5422750070709683,-0.2174600353473088));
#2764=DIRECTION('',(0.555570233019602,-0.8314696123025455,0));
#2765=AXIS2_PLACEMENT_3D('',#2762,#2763,#2764);
#2766=PLANE('',#2765);
#2767=ORIENTED_EDGE('',*,*,#1446,.T.);
#2768=ORIENTED_EDGE('',*,*,#1451,.T.);
#2769=ORIENTED_EDGE('',*,*,#1456,.T.);
#2770=ORIENTED_EDGE('',*,*,#1461,.T.);
#2771=EDGE_LOOP('',(#2767,#2768,#2769,#2770));
#2772=FACE_OUTER_BOUND('',#2771,.T.);
#2773=ADVANCED_FACE('',(#2772),#2766,.T.);
#2774=CARTESIAN_POINT('',(-0.0019494726455189808,-0.001907132873715365,-0.0019494726455189801));
#2775=DIRECTION('',(-0.5941118651845718,-0.5422750070709683,-0.5941118651845714));
#2776=DIRECTION('',(0.6741507368929678,-0.7385937881858122,0));
#2777=AXIS2_PLACEMENT_3D('',#2774,#2775,#2776);
#2778=PLANE('',#2777);
#2779=ORIENTED_EDGE('',*,*,#1466,.T.);
#2780=ORIENTED_EDGE('',*,*,#1471,.T.);
#2781=ORIENTED_EDGE('',*,*,#1476,.T.);
#2782=ORIENTED_EDGE('',*,*,#1481,.T.);
#2783=EDGE_LOOP('',(#2779,#2780,#2781,#2782));
#2784=FACE_OUTER_BOUND('',#2783,.T.);
#2785=ADVANCED_FACE('',(#2784),#2778,.T.);
#2786=CARTESIAN_POINT('',(-0.0007135565122428035,-0.001907132873715365,-0.0026630291577617823));
#2787=DIRECTION('',(-0.2174600353473093,-0.5422750070709683,-0.8115719005318803));
#2788=DIRECTION('',(0.9281517053687565,-0.37220211152150817,0));
#2789=AXIS2_PLACEMENT_3D('',#2786,#2787,#2788);
#2790=PLANE('',#2789);
#2791=ORIENTED_EDGE('',*,*,#1486,.T.);
#2792=ORIENTED_EDGE('',*,*,#1491,.T.);
#2793=ORIENTED_EDGE('',*,*,#1496,.T.);
#2794=ORIENTED_EDGE('',*,*,#1501,.T.);
#2795=EDGE_LOOP('',(#2791,#2792,#2793,#2794));
#2796=FACE_OUTER_BOUND('',#2795,.T.);
#2797=ADVANCED_FACE('',(#2796),#2790,.T.);
#2798=CARTESIAN_POINT('',(0.0007135565122428025,-0.001907132873715365,-0.0026630291577617823));
#2799=DIRECTION('',(0.21746003534730907,-0.5422750070709682,-0.8115719005318804));
#2800=DIRECTION('',(0.9281517053687566,0.3722021115215079,0));
#2801=AXIS2_PLACEMENT_3D('',#2798,#2799,#2800);
#2802=PLANE('',#2801);
#2803=ORIENTED_EDGE('',*,*,#1506,.T.);
#2804=ORIENTED_EDGE('',*,*,#1511,.T.);
#2805=ORIENTED_EDGE('',*,*,#1516,.T.);
#2806=ORIENTED_EDGE('',*,*,#1521,.T.);
#2807=EDGE_LOOP('',(#2803,#2804,#2805,#2806));
#2808=FACE_OUTER_BOUND('',#2807,.T.);
#2809=ADVANCED_FACE('',(#2808),#2802,.T.);
#2810=CARTESIAN_POINT('',(0.0019494726455189801,-0.001907132873715365,-0.0019494726455189808));
#2811=DIRECTION('',(0.5941118651845713,-0.5422750070709687,-0.5941118651845717));
#2812=DIRECTION('',(0.6741507368929683,0.7385937881858117,0));
#2813=AXIS2_PLACEMENT_3D('',#2810,#2811,#2812);
#2814=PLANE('',#2813);
#2815=ORIENTED_EDGE('',*,*,#1526,.T.);
#2816=ORIENTED_EDGE('',*,*,#1531,.T.);
#2817=ORIENTED_EDGE('',*,*,#1536,.T.);
#2818=ORIENTED_EDGE('',*,*,#1541,.T.);
#2819=EDGE_LOOP('',(#2815,#2816,#2817,#2818));
#2820=FACE_OUTER_BOUND('',#2819,.T.);
#2821=ADVANCED_FACE('',(#2820),#2814,.T.);
#2822=CARTESIAN_POINT('',(0.0026630291577617823,-0.001907132873715365,-0.0007135565122428033));
#2823=DIRECTION('',(0.8115719005318802,-0.5422750070709685,-0.21746003534730893));
#2824=DIRECTION('',(0.5555702330196023,0.8314696123025452,0));
#2825=AXIS2_PLACEMENT_3D('',#2822,#2823,#2824);
#2826=PLANE('',#2825);
#2827=ORIENTED_EDGE('',*,*,#1546,.T.);
#2828=ORIENTED_EDGE('',*,*,#1551,.T.);
#2829=ORIENTED_EDGE('',*,*,#1556,.T.);
#2830=ORIENTED_EDGE('',*,*,#1561,.T.);
#2831=EDGE_LOOP('',(#2827,#2828,#2829,#2830));
#2832=FACE_OUTER_BOUND('',#2831,.T.);
#2833=ADVANCED_FACE('',(#2832),#2826,.T.);
#2834=CARTESIAN_POINT('',(0.0017793791953726462,-0.0028542260489712095,0.00047678321842884136));
#2835=DIRECTION('',(0.5495147900173074,-0.8224070014098183,0.1472420442140953));
#2836=DIRECTION('',(0.8314696123025452,0.5555702330196023,0));
#2837=AXIS2_PLACEMENT_3D('',#2834,#2835,#2836);
#2838=PLANE('',#2837);
#2839=ORIENTED_EDGE('',*,*,#1566,.T.);
#2840=ORIENTED_EDGE('',*,*,#1571,.T.);
#2841=ORIENTED_EDGE('',*,*,#1576,.T.);
#2842=ORIENTED_EDGE('',*,*,#1581,.T.);
#2843=EDGE_LOOP('',(#2839,#2840,#2841,#2842));
#2844=FACE_OUTER_BOUND('',#2843,.T.);
#2845=ADVANCED_FACE('',(#2844),#2838,.T.);
#2846=CARTESIAN_POINT('',(0.0013025959769438046,-0.0028542260489712095,0.0013025959769438046));
#2847=DIRECTION('',(0.4022727458032119,-0.8224070014098186,0.40227274580321165));
#2848=DIRECTION('',(0.8982950841395876,0.43939269658319435,0));
#2849=AXIS2_PLACEMENT_3D('',#2846,#2847,#2848);
#2850=PLANE('',#2849);
#2851=ORIENTED_EDGE('',*,*,#1586,.T.);
#2852=ORIENTED_EDGE('',*,*,#1591,.T.);
#2853=ORIENTED_EDGE('',*,*,#1596,.T.);
#2854=ORIENTED_EDGE('',*,*,#1601,.T.);
#2855=EDGE_LOOP('',(#2851,#2852,#2853,#2854));
#2856=FACE_OUTER_BOUND('',#2855,.T.);
#2857=ADVANCED_FACE('',(#2856),#2850,.T.);
#2858=CARTESIAN_POINT('',(0.0004767832184288416,-0.0028542260489712095,0.0017793791953726462));
#2859=DIRECTION('',(0.14724204421409565,-0.8224070014098183,0.5495147900173075));
#2860=DIRECTION('',(0.9843480095704898,0.17623562651919902,0));
#2861=AXIS2_PLACEMENT_3D('',#2858,#2859,#2860);
#2862=PLANE('',#2861);
#2863=ORIENTED_EDGE('',*,*,#1606,.T.);
#2864=ORIENTED_EDGE('',*,*,#1611,.T.);
#2865=ORIENTED_EDGE('',*,*,#1616,.T.);
#2866=ORIENTED_EDGE('',*,*,#1621,.T.);
#2867=EDGE_LOOP('',(#2863,#2864,#2865,#2866));
#2868=FACE_OUTER_BOUND('',#2867,.T.);
#2869=ADVANCED_FACE('',(#2868),#2862,.T.);
#2870=CARTESIAN_POINT('',(-0.00047678321842884114,-0.0028542260489712095,0.0017793791953726462));
#2871=DIRECTION('',(-0.1472420442140955,-0.8224070014098182,0.5495147900173076));
#2872=DIRECTION('',(0.98434800957049,-0.1762356265191989,0));
#2873=AXIS2_PLACEMENT_3D('',#2870,#2871,#2872);
#2874=PLANE('',#2873);
#2875=ORIENTED_EDGE('',*,*,#1626,.T.);
#2876=ORIENTED_EDGE('',*,*,#1631,.T.);
#2877=ORIENTED_EDGE('',*,*,#1636,.T.);
#2878=ORIENTED_EDGE('',*,*,#1641,.T.);
#2879=EDGE_LOOP('',(#2875,#2876,#2877,#2878));
#2880=FACE_OUTER_BOUND('',#2879,.T.);
#2881=ADVANCED_FACE('',(#2880),#2874,.T.);
#2882=CARTESIAN_POINT('',(-0.0013025959769438046,-0.0028542260489712095,0.0013025959769438046));
#2883=DIRECTION('',(-0.40227274580321176,-0.8224070014098184,0.40227274580321204));
#2884=DIRECTION('',(0.8982950841395877,-0.4393926965831944,0));
#2885=AXIS2_PLACEMENT_3D('',#2882,#2883,#2884);
#2886=PLANE('',#2885);
#2887=ORIENTED_EDGE('',*,*,#1646,.T.);
#2888=ORIENTED_EDGE('',*,*,#1651,.T.);
#2889=ORIENTED_EDGE('',*,*,#1656,.T.);
#2890=ORIENTED_EDGE('',*,*,#1661,.T.);
#2891=EDGE_LOOP('',(#2887,#2888,#2889,#2890));
#2892=FACE_OUTER_BOUND('',#2891,.T.);
#2893=ADVANCED_FACE('',(#2892),#2886,.T.);
#2894=CARTESIAN_POINT('',(-0.0017793791953726462,-0.0028542260489712095,0.00047678321842884147));
#2895=DIRECTION('',(-0.5495147900173073,-0.8224070014098184,0.14724204421409534));
#2896=DIRECTION('',(0.8314696123025453,-0.5555702330196022,0));
#2897=AXIS2_PLACEMENT_3D('',#2894,#2895,#2896);
#2898=PLANE('',#2897);
#2899=ORIENTED_EDGE('',*,*,#1666,.T.);
#2900=ORIENTED_EDGE('',*,*,#1671,.T.);
#2901=ORIENTED_EDGE('',*,*,#1676,.T.);
#2902=ORIENTED_EDGE('',*,*,#1681,.T.);
#2903=EDGE_LOOP('',(#2899,#2900,#2901,#2902));
#2904=FACE_OUTER_BOUND('',#2903,.T.);
#2905=ADVANCED_FACE('',(#2904),#2898,.T.);
#2906=CARTESIAN_POINT('',(-0.0017793791953726462,-0.0028542260489712095,-0.0004767832184288414));
#2907=DIRECTION('',(-0.5495147900173075,-0.8224070014098183,-0.1472420442140956));
#2908=DIRECTION('',(0.8314696123025451,-0.5555702330196024,0));
#2909=AXIS2_PLACEMENT_3D('',#2906,#2907,#2908);
#2910=PLANE('',#2909);
#2911=ORIENTED_EDGE('',*,*,#1686,.T.);
#2912=ORIENTED_EDGE('',*,*,#1691,.T.);
#2913=ORIENTED_EDGE('',*,*,#1696,.T.);
#2914=ORIENTED_EDGE('',*,*,#1701,.T.);
#2915=EDGE_LOOP('',(#2911,#2912,#2913,#2914));
#2916=FACE_OUTER_BOUND('',#2915,.T.);
#2917=ADVANCED_FACE('',(#2916),#2910,.T.);
#2918=CARTESIAN_POINT('',(-0.001302595976943805,-0.0028542260489712095,-0.0013025959769438044));
#2919=DIRECTION('',(-0.402272745803212,-0.8224070014098183,-0.402272745803212));
#2920=DIRECTION('',(0.8982950841395876,-0.4393926965831947,0));
#2921=AXIS2_PLACEMENT_3D('',#2918,#2919,#2920);
#2922=PLANE('',#2921);
#2923=ORIENTED_EDGE('',*,*,#1706,.T.);
#2924=ORIENTED_EDGE('',*,*,#1711,.T.);
#2925=ORIENTED_EDGE('',*,*,#1716,.T.);
#2926=ORIENTED_EDGE('',*,*,#1721,.T.);
#2927=EDGE_LOOP('',(#2923,#2924,#2925,#2926));
#2928=FACE_OUTER_BOUND('',#2927,.T.);
#2929=ADVANCED_FACE('',(#2928),#2922,.T.);
#2930=CARTESIAN_POINT('',(-0.000476783218428842,-0.0028542260489712095,-0.0017793791953726458));
#2931=DIRECTION('',(-0.1472420442140957,-0.8224070014098182,-0.5495147900173075));
#2932=DIRECTION('',(0.9843480095704898,-0.1762356265191991,0));
#2933=AXIS2_PLACEMENT_3D('',#2930,#2931,#2932);
#2934=PLANE('',#2933);
#2935=ORIENTED_EDGE('',*,*,#1726,.T.);
#2936=ORIENTED_EDGE('',*,*,#1731,.T.);
#2937=ORIENTED_EDGE('',*,*,#1736,.T.);
#2938=ORIENTED_EDGE('',*,*,#1741,.T.);
#2939=EDGE_LOOP('',(#2935,#2936,#2937,#2938));
#2940=FACE_OUTER_BOUND('',#2939,.T.);
#2941=ADVANCED_FACE('',(#2940),#2934,.T.);
#2942=CARTESIAN_POINT('',(0.0004767832184288413,-0.0028542260489712095,-0.0017793791953726462));
#2943=DIRECTION('',(0.14724204421409556,-0.8224070014098183,-0.5495147900173074));
#2944=DIRECTION('',(0.98434800957049,0.17623562651919894,0));
#2945=AXIS2_PLACEMENT_3D('',#2942,#2943,#2944);
#2946=PLANE('',#2945);
#2947=ORIENTED_EDGE('',*,*,#1746,.T.);
#2948=ORIENTED_EDGE('',*,*,#1751,.T.);
#2949=ORIENTED_EDGE('',*,*,#1756,.T.);
#2950=ORIENTED_EDGE('',*,*,#1761,.T.);
#2951=EDGE_LOOP('',(#2947,#2948,#2949,#2950));
#2952=FACE_OUTER_BOUND('',#2951,.T.);
#2953=ADVANCED_FACE('',(#2952),#2946,.T.);
#2954=CARTESIAN_POINT('',(0.0013025959769438044,-0.0028542260489712095,-0.001302595976943805));
#2955=DIRECTION('',(0.4022727458032119,-0.8224070014098184,-0.40227274580321193));
#2956=DIRECTION('',(0.8982950841395877,0.4393926965831945,0));
#2957=AXIS2_PLACEMENT_3D('',#2954,#2955,#2956);
#2958=PLANE('',#2957);
#2959=ORIENTED_EDGE('',*,*,#1766,.T.);
#2960=ORIENTED_EDGE('',*,*,#1771,.T.);
#2961=ORIENTED_EDGE('',*,*,#1776,.T.);
#2962=ORIENTED_EDGE('',*,*,#1781,.T.);
#2963=EDGE_LOOP('',(#2959,#2960,#2961,#2962));
#2964=FACE_OUTER_BOUND('',#2963,.T.);
#2965=ADVANCED_FACE('',(#2964),#2958,.T.);
#2966=CARTESIAN_POINT('',(0.0017793791953726458,-0.0028542260489712095,-0.0004767832184288418));
#2967=DIRECTION('',(0.5495147900173074,-0.8224070014098184,-0.14724204421409584));
#2968=DIRECTION('',(0.8314696123025452,0.5555702330196023,0));
#2969=AXIS2_PLACEMENT_3D('',#2966,#2967,#2968);
#2970=PLANE('',#2969);
#2971=ORIENTED_EDGE('',*,*,#1786,.T.);
#2972=ORIENTED_EDGE('',*,*,#1791,.T.);
#2973=ORIENTED_EDGE('',*,*,#1796,.T.);
#2974=ORIENTED_EDGE('',*,*,#1801,.T.);
#2975=EDGE_LOOP('',(#2971,#2972,#2973,#2974));
#2976=FACE_OUTER_BOUND('',#2975,.T.);
#2977=ADVANCED_FACE('',(#2976),#2970,.T.);
#2978=CARTESIAN_POINT('',(0.0008331131741341289,-0.003322385575859669,0.00022323200221296906));
#2979=DIRECTION('',(0.19482431497441238,-0.9794479726972285,0.05220301786333987));
#2980=DIRECTION('',(0.9807852804032305,0.1950903220161283,0));
#2981=AXIS2_PLACEMENT_3D('',#2978,#2979,#2980);
#2982=PLANE('',#2981);
#2983=ORIENTED_EDGE('',*,*,#1806,.T.);
#2984=ORIENTED_EDGE('',*,*,#1811,.T.);
#2985=ORIENTED_EDGE('',*,*,#1816,.T.);
#2986=EDGE_LOOP('',(#2983,#2984,#2985));
#2987=FACE_OUTER_BOUND('',#2986,.T.);
#2988=ADVANCED_FACE('',(#2987),#2982,.T.);
#2989=CARTESIAN_POINT('',(0.0006098811719211598,-0.003322385575859669,0.0006098811719211597));
#2990=DIRECTION('',(0.14262129711107188,-0.9794479726972284,0.14262129711107224));
#2991=DIRECTION('',(0.9895639571612522,0.14409432565983843,0));
#2992=AXIS2_PLACEMENT_3D('',#2989,#2990,#2991);
#2993=PLANE('',#2992);
#2994=ORIENTED_EDGE('',*,*,#1821,.T.);
#2995=ORIENTED_EDGE('',*,*,#1826,.T.);
#2996=ORIENTED_EDGE('',*,*,#1831,.T.);
#2997=EDGE_LOOP('',(#2994,#2995,#2996));
#2998=FACE_OUTER_BOUND('',#2997,.T.);
#2999=ADVANCED_FACE('',(#2998),#2993,.T.);
#3000=CARTESIAN_POINT('',(0.00022323200221296933,-0.003322385575859669,0.0008331131741341288));
#3001=DIRECTION('',(0.05220301786334046,-0.9794479726972282,0.1948243149744129));
#3002=DIRECTION('',(0.9985826588300257,0.053222866175700614,0));
#3003=AXIS2_PLACEMENT_3D('',#3000,#3001,#3002);
#3004=PLANE('',#3003);
#3005=ORIENTED_EDGE('',*,*,#1836,.T.);
#3006=ORIENTED_EDGE('',*,*,#1841,.T.);
#3007=ORIENTED_EDGE('',*,*,#1846,.T.);
#3008=EDGE_LOOP('',(#3005,#3006,#3007));
#3009=FACE_OUTER_BOUND('',#3008,.T.);
#3010=ADVANCED_FACE('',(#3009),#3004,.T.);
#3011=CARTESIAN_POINT('',(-0.00022323200221296882,-0.003322385575859669,0.0008331131741341288));
#3012=DIRECTION('',(-0.052203017863340494,-0.9794479726972284,0.19482431497441233));
#3013=DIRECTION('',(0.9985826588300257,-0.053222866175700635,0));
#3014=AXIS2_PLACEMENT_3D('',#3011,#3012,#3013);
#3015=PLANE('',#3014);
#3016=ORIENTED_EDGE('',*,*,#1851,.T.);
#3017=ORIENTED_EDGE('',*,*,#1856,.T.);
#3018=ORIENTED_EDGE('',*,*,#1861,.T.);
#3019=EDGE_LOOP('',(#3016,#3017,#3018));
#3020=FACE_OUTER_BOUND('',#3019,.T.);
#3021=ADVANCED_FACE('',(#3020),#3015,.T.);
#3022=CARTESIAN_POINT('',(-0.0006098811719211593,-0.003322385575859669,0.0006098811719211597));
#3023=DIRECTION('',(-0.14262129711107177,-0.9794479726972284,0.14262129711107213));
#3024=DIRECTION('',(0.9895639571612522,-0.14409432565983832,0));
#3025=AXIS2_PLACEMENT_3D('',#3022,#3023,#3024);
#3026=PLANE('',#3025);
#3027=ORIENTED_EDGE('',*,*,#1866,.T.);
#3028=ORIENTED_EDGE('',*,*,#1871,.T.);
#3029=ORIENTED_EDGE('',*,*,#1876,.T.);
#3030=EDGE_LOOP('',(#3027,#3028,#3029));
#3031=FACE_OUTER_BOUND('',#3030,.T.);
#3032=ADVANCED_FACE('',(#3031),#3026,.T.);
#3033=CARTESIAN_POINT('',(-0.0008331131741341286,-0.003322385575859669,0.00022323200221296914));
#3034=DIRECTION('',(-0.19482431497441224,-0.9794479726972284,0.0522030178633417));
#3035=DIRECTION('',(0.9807852804032305,-0.1950903220161282,0));
#3036=AXIS2_PLACEMENT_3D('',#3033,#3034,#3035);
#3037=PLANE('',#3036);
#3038=ORIENTED_EDGE('',*,*,#1881,.T.);
#3039=ORIENTED_EDGE('',*,*,#1886,.T.);
#3040=ORIENTED_EDGE('',*,*,#1891,.T.);
#3041=EDGE_LOOP('',(#3038,#3039,#3040));
#3042=FACE_OUTER_BOUND('',#3041,.T.);
#3043=ADVANCED_FACE('',(#3042),#3037,.T.);
#3044=CARTESIAN_POINT('',(-0.0008331131741341286,-0.003322385575859669,-0.00022323200221296906));
#3045=DIRECTION('',(-0.1948243149744122,-0.9794479726972283,-0.05220301786334164));
#3046=DIRECTION('',(0.9807852804032305,-0.19509032201612814,0));
#3047=AXIS2_PLACEMENT_3D('',#3044,#3045,#3046);
#3048=PLANE('',#3047);
#3049=ORIENTED_EDGE('',*,*,#1896,.T.);
#3050=ORIENTED_EDGE('',*,*,#1901,.T.);
#3051=ORIENTED_EDGE('',*,*,#1906,.T.);
#3052=EDGE_LOOP('',(#3049,#3050,#3051));
#3053=FACE_OUTER_BOUND('',#3052,.T.);
#3054=ADVANCED_FACE('',(#3053),#3048,.T.);
#3055=CARTESIAN_POINT('',(-0.0006098811719211597,-0.003322385575859669,-0.0006098811719211595));
#3056=DIRECTION('',(-0.14262129711107183,-0.9794479726972286,-0.1426212971110705));
#3057=DIRECTION('',(0.9895639571612522,-0.14409432565983832,0));
#3058=AXIS2_PLACEMENT_3D('',#3055,#3056,#3057);
#3059=PLANE('',#3058);
#3060=ORIENTED_EDGE('',*,*,#1911,.T.);
#3061=ORIENTED_EDGE('',*,*,#1916,.T.);
#3062=ORIENTED_EDGE('',*,*,#1921,.T.);
#3063=EDGE_LOOP('',(#3060,#3061,#3062));
#3064=FACE_OUTER_BOUND('',#3063,.T.);
#3065=ADVANCED_FACE('',(#3064),#3059,.T.);
#3066=CARTESIAN_POINT('',(-0.00022323200221296922,-0.003322385575859669,-0.0008331131741341286));
#3067=DIRECTION('',(-0.05220301786334055,-0.9794479726972283,-0.19482431497441283));
#3068=DIRECTION('',(0.9985826588300257,-0.0532228661757007,0));
#3069=AXIS2_PLACEMENT_3D('',#3066,#3067,#3068);
#3070=PLANE('',#3069);
#3071=ORIENTED_EDGE('',*,*,#1926,.T.);
#3072=ORIENTED_EDGE('',*,*,#1931,.T.);
#3073=ORIENTED_EDGE('',*,*,#1936,.T.);
#3074=EDGE_LOOP('',(#3071,#3072,#3073));
#3075=FACE_OUTER_BOUND('',#3074,.T.);
#3076=ADVANCED_FACE('',(#3075),#3070,.T.);
#3077=CARTESIAN_POINT('',(0.00022323200221296922,-0.003322385575859669,-0.0008331131741341288));
#3078=DIRECTION('',(0.05220301786334045,-0.9794479726972284,-0.1948243149744123));
#3079=DIRECTION('',(0.9985826588300257,0.053222866175700594,0));
#3080=AXIS2_PLACEMENT_3D('',#3077,#3078,#3079);
#3081=PLANE('',#3080);
#3082=ORIENTED_EDGE('',*,*,#1941,.T.);
#3083=ORIENTED_EDGE('',*,*,#1946,.T.);
#3084=ORIENTED_EDGE('',*,*,#1951,.T.);
#3085=EDGE_LOOP('',(#3082,#3083,#3084));
#3086=FACE_OUTER_BOUND('',#3085,.T.);
#3087=ADVANCED_FACE('',(#3086),#3081,.T.);
#3088=CARTESIAN_POINT('',(0.0006098811719211597,-0.003322385575859669,-0.0006098811719211598));
#3089=DIRECTION('',(0.14262129711107188,-0.9794479726972284,-0.14262129711107238));
#3090=DIRECTION('',(0.9895639571612522,0.14409432565983843,0));
#3091=AXIS2_PLACEMENT_3D('',#3088,#3089,#3090);
#3092=PLANE('',#3091);
#3093=ORIENTED_EDGE('',*,*,#1956,.T.);
#3094=ORIENTED_EDGE('',*,*,#1961,.T.);
#3095=ORIENTED_EDGE('',*,*,#1966,.T.);
#3096=EDGE_LOOP('',(#3093,#3094,#3095));
#3097=FACE_OUTER_BOUND('',#3096,.T.);
#3098=ADVANCED_FACE('',(#3097),#3092,.T.);
#3099=CARTESIAN_POINT('',(0.0008331131741341288,-0.003322385575859669,-0.00022323200221296928));
#3100=DIRECTION('',(0.19482431497441235,-0.9794479726972284,-0.052203017863339814));
#3101=DIRECTION('',(0.9807852804032305,0.1950903220161283,0));
#3102=AXIS2_PLACEMENT_3D('',#3099,#3100,#3101);
#3103=PLANE('',#3102);
#3104=ORIENTED_EDGE('',*,*,#1971,.T.);
#3105=ORIENTED_EDGE('',*,*,#1976,.T.);
#3106=ORIENTED_EDGE('',*,*,#1981,.T.);
#3107=EDGE_LOOP('',(#3104,#3105,#3106));
#3108=FACE_OUTER_BOUND('',#3107,.T.);
#3109=ADVANCED_FACE('',(#3108),#3103,.T.);
#3110=CLOSED_SHELL('',(#1992,#2003,#2014,#2025,#2036,#2047,#2058,#2069,#2080,#2091,#2102,#2113,#2125,#2137,#2149,#2161,#2173,#2185,#2197,#2209,#2221,#2233,#2245,#2257,#2269,#2281,#2293,#2305,#2317,#2329,#2341,#2353,#2365,#2377,#2389,#2401,#2413,#2425,#2437,#2449,#2461,#2473,#2485,#2497,#2509,#2521,#2533,#2545,#2557,#2569,#2581,#2593,#2605,#2617,#2629,#2641,#2653,#2665,#2677,#2689,#2701,#2713,#2725,#2737,#2749,#2761,#2773,#2785,#2797,#2809,#2821,#2833,#2845,#2857,#2869,#2881,#2893,#2905,#2917,#2929,#2941,#2953,#2965,#2977,#2988,#2999,#3010,#3021,#3032,#3043,#3054,#3065,#3076,#3087,#3098,#3109));
#3111=MANIFOLD_SOLID_BREP('',#3110);
#3112=SHAPE_REPRESENTATION('TPSL-BRG-BAL-0016',(#3111),#9);
#3113=SHAPE_DEFINITION_REPRESENTATION(#8,#3112);
ENDSEC;
END-ISO-10303-21;