;; ArchDisc Foundation slicer
;; layers 104, layerH 0.2, nozzle 0.4, filament 1.75
;; nozzle 200 °C, bed 60 °C
M82 ; absolute extrusion
G21 ; mm
G90 ; absolute
M140 S60
M104 S200
M190 S60
M109 S200
G28 ; home
G92 E0
G1 Z0.2 F300

;; LAYER 0 z=-8.841
G1 Z-8.841 F4800
G0 X0.000 Y103.923 F4800
G1 X0.000 Y103.954 E0.0010 F1800
G1 X0.000 Y104.323 E0.0133 F1800
G1 X2.071 Y104.323 E0.0822 F1800
G1 X80.000 Y104.323 E2.6741 F1800
G1 X80.000 Y104.015 E2.6844 F1800
G1 X80.000 Y103.923 E2.6874 F1800
G1 X79.326 Y103.923 E2.7098 F1800
G1 X0.000 Y103.923 E5.3482 F1800

;; LAYER 1 z=-8.641
G1 Z-8.641 F4800
G0 X0.000 Y103.177 F4800
G1 X0.000 Y103.269 E5.3513 F1800
G1 X0.000 Y104.377 E5.3881 F1800
G1 X6.212 Y104.377 E5.5947 F1800
G1 X80.000 Y104.377 E8.0490 F1800
G1 X80.000 Y103.453 E8.0797 F1800
G1 X80.000 Y103.177 E8.0889 F1800
G1 X77.978 Y103.177 E8.1561 F1800
G1 X0.000 Y103.177 E10.7497 F1800

;; LAYER 2 z=-8.441
G1 Z-8.441 F4800
G0 X0.000 Y102.430 F4800
G1 X0.000 Y102.585 E10.7548 F1800
G1 X0.000 Y104.430 E10.8162 F1800
G1 X10.353 Y104.430 E11.1605 F1800
G1 X80.000 Y104.430 E13.4770 F1800
G1 X80.000 Y102.890 E13.5282 F1800
G1 X80.000 Y102.430 E13.5435 F1800
G1 X76.630 Y102.430 E13.6556 F1800
G1 X0.000 Y102.430 E16.2043 F1800

;; LAYER 3 z=-8.241
G1 Z-8.241 F4800
G0 X0.000 Y101.684 F4800
G1 X0.000 Y101.900 E16.2115 F1800
G1 X0.000 Y104.484 E16.2975 F1800
G1 X14.494 Y104.484 E16.7795 F1800
G1 X80.000 Y104.484 E18.9583 F1800
G1 X80.000 Y102.328 E19.0300 F1800
G1 X80.000 Y101.684 E19.0514 F1800
G1 X75.282 Y101.684 E19.2083 F1800
G1 X0.000 Y101.684 E21.7122 F1800

;; LAYER 4 z=-8.041
G1 Z-8.041 F4800
G0 X0.000 Y100.937 F4800
G1 X0.000 Y101.216 E21.7215 F1800
G1 X0.000 Y104.537 E21.8320 F1800
G1 X18.635 Y104.537 E22.4518 F1800
G1 X80.000 Y104.537 E24.4928 F1800
G1 X80.000 Y101.765 E24.5850 F1800
G1 X80.000 Y100.937 E24.6125 F1800
G1 X73.934 Y100.937 E24.8143 F1800
G1 X0.000 Y100.937 E27.2733 F1800

;; LAYER 5 z=-7.841
G1 Z-7.841 F4800
G0 X0.000 Y100.191 F4800
G1 X0.000 Y100.531 E27.2846 F1800
G1 X0.000 Y104.591 E27.4197 F1800
G1 X22.776 Y104.591 E28.1772 F1800
G1 X80.000 Y104.591 E30.0805 F1800
G1 X80.000 Y101.203 E30.1932 F1800
G1 X80.000 Y100.191 E30.2268 F1800
G1 X72.586 Y100.191 E30.4734 F1800
G1 X0.000 Y100.191 E32.8876 F1800

;; LAYER 6 z=-7.641
G1 Z-7.641 F4800
G0 X0.000 Y99.445 F4800
G1 X0.000 Y99.846 E32.9010 F1800
G1 X0.000 Y104.645 E33.0606 F1800
G1 X26.917 Y104.645 E33.9558 F1800
G1 X80.000 Y104.645 E35.7214 F1800
G1 X80.000 Y100.640 E35.8546 F1800
G1 X80.000 Y99.445 E35.8943 F1800
G1 X71.238 Y99.445 E36.1858 F1800
G1 X0.000 Y99.445 E38.5551 F1800

;; LAYER 7 z=-7.441
G1 Z-7.441 F4800
G0 X0.000 Y98.698 F4800
G1 X0.000 Y99.162 E38.5706 F1800
G1 X0.000 Y104.698 E38.7547 F1800
G1 X31.058 Y104.698 E39.7877 F1800
G1 X80.000 Y104.698 E41.4155 F1800
G1 X80.000 Y100.078 E41.5692 F1800
G1 X80.000 Y98.698 E41.6151 F1800
G1 X69.890 Y98.698 E41.9513 F1800
G1 X0.000 Y98.698 E44.2759 F1800

;; LAYER 8 z=-7.241
G1 Z-7.241 F4800
G0 X0.000 Y97.952 F4800
G1 X0.000 Y98.477 E44.2934 F1800
G1 X0.000 Y104.752 E44.5021 F1800
G1 X35.199 Y104.752 E45.6728 F1800
G1 X80.000 Y104.752 E47.1629 F1800
G1 X80.000 Y99.515 E47.3370 F1800
G1 X80.000 Y97.952 E47.3890 F1800
G1 X68.542 Y97.952 E47.7701 F1800
G1 X0.000 Y97.952 E50.0499 F1800

;; LAYER 9 z=-7.041
G1 Z-7.041 F4800
G0 X0.000 Y97.205 F4800
G1 X0.000 Y97.793 E50.0694 F1800
G1 X0.000 Y104.805 E50.3026 F1800
G1 X39.340 Y104.805 E51.6111 F1800
G1 X80.000 Y104.805 E52.9634 F1800
G1 X80.000 Y98.953 E53.1581 F1800
G1 X80.000 Y97.205 E53.2162 F1800
G1 X67.194 Y97.205 E53.6422 F1800
G1 X0.000 Y97.205 E55.8770 F1800

;; LAYER 10 z=-6.841
G1 Z-6.841 F4800
G0 X0.000 Y96.459 F4800
G1 X0.000 Y97.108 E55.8986 F1800
G1 X0.000 Y104.859 E56.1564 F1800
G1 X43.482 Y104.859 E57.6026 F1800
G1 X80.000 Y104.859 E58.8172 F1800
G1 X80.000 Y98.390 E59.0324 F1800
G1 X80.000 Y96.459 E59.0966 F1800
G1 X65.846 Y96.459 E59.5674 F1800
G1 X0.000 Y96.459 E61.7574 F1800

;; LAYER 11 z=-6.641
G1 Z-6.641 F4800
G0 X0.000 Y95.713 F4800
G1 X0.000 Y96.423 E61.7811 F1800
G1 X0.000 Y104.913 E62.0634 F1800
G1 X47.623 Y104.913 E63.6473 F1800
G1 X80.000 Y104.913 E64.7242 F1800
G1 X80.000 Y97.828 E64.9599 F1800
G1 X80.000 Y95.713 E65.0302 F1800
G1 X64.498 Y95.713 E65.5458 F1800
G1 X0.000 Y95.713 E67.6910 F1800

;; LAYER 12 z=-6.441
G1 Z-6.441 F4800
G0 X0.000 Y94.966 F4800
G1 X0.000 Y95.739 E67.7167 F1800
G1 X0.000 Y104.966 E68.0236 F1800
G1 X51.764 Y104.966 E69.7453 F1800
G1 X80.000 Y104.966 E70.6844 F1800
G1 X80.000 Y97.265 E70.9406 F1800
G1 X80.000 Y94.966 E71.0170 F1800
G1 X63.150 Y94.966 E71.5775 F1800
G1 X0.000 Y94.966 E73.6779 F1800

;; LAYER 13 z=-6.241
G1 Z-6.241 F4800
G0 X0.000 Y94.220 F4800
G1 X0.000 Y95.054 E73.7056 F1800
G1 X0.000 Y105.020 E74.0371 F1800
G1 X55.905 Y105.020 E75.8965 F1800
G1 X80.000 Y105.020 E76.6979 F1800
G1 X80.000 Y96.703 E76.9745 F1800
G1 X80.000 Y94.220 E77.0571 F1800
G1 X61.802 Y94.220 E77.6624 F1800
G1 X0.000 Y94.220 E79.7179 F1800

;; LAYER 14 z=-6.041
G1 Z-6.041 F4800
G0 X0.000 Y93.473 F4800
G1 X0.000 Y94.370 E79.7477 F1800
G1 X0.000 Y105.073 E80.1037 F1800
G1 X60.046 Y105.073 E82.1008 F1800
G1 X80.000 Y105.073 E82.7645 F1800
G1 X80.000 Y96.140 E83.0616 F1800
G1 X80.000 Y93.473 E83.1503 F1800
G1 X60.454 Y93.473 E83.8005 F1800
G1 X0.000 Y93.473 E85.8111 F1800

;; LAYER 15 z=-5.841
G1 Z-5.841 F4800
G0 X0.000 Y92.727 F4800
G1 X0.000 Y93.685 E85.8430 F1800
G1 X0.000 Y105.127 E86.2236 F1800
G1 X64.187 Y105.127 E88.3584 F1800
G1 X80.000 Y105.127 E88.8844 F1800
G1 X80.000 Y95.578 E89.2020 F1800
G1 X80.000 Y92.727 E89.2968 F1800
G1 X59.106 Y92.727 E89.9918 F1800
G1 X0.000 Y92.727 E91.9576 F1800

;; LAYER 16 z=-5.641
G1 Z-5.641 F4800
G0 X0.000 Y91.981 F4800
G1 X0.000 Y93.001 E91.9915 F1800
G1 X0.000 Y105.181 E92.3967 F1800
G1 X68.328 Y105.181 E94.6693 F1800
G1 X80.000 Y105.181 E95.0575 F1800
G1 X80.000 Y95.015 E95.3956 F1800
G1 X80.000 Y91.981 E95.4965 F1800
G1 X57.757 Y91.981 E96.2363 F1800
G1 X0.000 Y91.981 E98.1573 F1800

;; LAYER 17 z=-5.441
G1 Z-5.441 F4800
G0 X0.000 Y91.234 F4800
G1 X0.000 Y92.316 E98.1933 F1800
G1 X0.000 Y105.234 E98.6230 F1800
G1 X72.469 Y105.234 E101.0333 F1800
G1 X80.000 Y105.234 E101.2838 F1800
G1 X80.000 Y94.453 E101.6423 F1800
G1 X80.000 Y91.234 E101.7494 F1800
G1 X56.409 Y91.234 E102.5340 F1800
G1 X0.000 Y91.234 E104.4102 F1800

;; LAYER 18 z=-5.241
G1 Z-5.241 F4800
G0 X0.000 Y90.488 F4800
G1 X0.000 Y91.631 E104.4483 F1800
G1 X0.000 Y105.288 E104.9025 F1800
G1 X76.610 Y105.288 E107.4505 F1800
G1 X80.000 Y105.288 E107.5633 F1800
G1 X80.000 Y93.890 E107.9424 F1800
G1 X80.000 Y90.488 E108.0555 F1800
G1 X55.061 Y90.488 E108.8850 F1800
G1 X0.000 Y90.488 E110.7163 F1800

;; LAYER 19 z=-5.041
G1 Z-5.041 F4800
G0 X0.000 Y89.741 F4800
G1 X0.000 Y90.947 E110.7564 F1800
G1 X0.000 Y105.150 E111.2288 F1800
G1 X0.000 Y105.196 E111.2304 F1800
G1 X0.224 Y105.196 E111.2378 F1800
G1 X80.000 Y105.196 E113.8912 F1800
G1 X80.000 Y93.328 E114.2859 F1800
G1 X80.000 Y89.741 E114.4052 F1800
G1 X53.713 Y89.741 E115.2795 F1800
G1 X0.000 Y89.741 E117.0660 F1800

;; LAYER 20 z=-4.841
G1 Z-4.841 F4800
G0 X0.000 Y88.995 F4800
G1 X0.000 Y90.262 E117.1082 F1800
G1 X0.000 Y104.152 E117.5701 F1800
G1 X0.000 Y104.450 E117.5800 F1800
G1 X1.461 Y104.450 E117.6286 F1800
G1 X80.000 Y104.450 E120.2409 F1800
G1 X80.000 Y92.766 E120.6295 F1800
G1 X80.000 Y88.995 E120.7549 F1800
G1 X52.365 Y88.995 E121.6740 F1800
G1 X0.000 Y88.995 E123.4157 F1800

;; LAYER 21 z=-4.641
G1 Z-4.641 F4800
G0 X0.000 Y88.248 F4800
G1 X0.000 Y89.578 E123.4599 F1800
G1 X0.000 Y103.153 E123.9114 F1800
G1 X0.000 Y103.703 E123.9297 F1800
G1 X2.697 Y103.703 E124.0194 F1800
G1 X80.000 Y103.703 E126.5905 F1800
G1 X80.000 Y92.203 E126.9730 F1800
G1 X80.000 Y88.248 E127.1046 F1800
G1 X51.017 Y88.248 E128.0685 F1800
G1 X0.000 Y88.248 E129.7654 F1800

;; LAYER 22 z=-4.441
G1 Z-4.441 F4800
G0 X0.000 Y87.502 F4800
G1 X0.000 Y88.893 E129.8116 F1800
G1 X0.000 Y102.154 E130.2527 F1800
G1 X0.000 Y102.957 E130.2794 F1800
G1 X3.934 Y102.957 E130.4102 F1800
G1 X80.000 Y102.957 E132.9402 F1800
G1 X80.000 Y91.641 E133.3166 F1800
G1 X80.000 Y87.502 E133.4542 F1800
G1 X49.669 Y87.502 E134.4631 F1800
G1 X0.000 Y87.502 E136.1151 F1800

;; LAYER 23 z=-4.241
G1 Z-4.241 F4800
G0 X0.000 Y86.756 F4800
G1 X0.000 Y88.208 E136.1634 F1800
G1 X0.000 Y101.155 E136.5940 F1800
G1 X0.000 Y102.210 E136.6291 F1800
G1 X5.170 Y102.210 E136.8010 F1800
G1 X80.000 Y102.210 E139.2899 F1800
G1 X80.000 Y91.078 E139.6602 F1800
G1 X80.000 Y86.756 E139.8039 F1800
G1 X48.321 Y86.756 E140.8576 F1800
G1 X0.000 Y86.756 E142.4647 F1800

;; LAYER 24 z=-4.041
G1 Z-4.041 F4800
G0 X0.000 Y86.009 F4800
G1 X0.000 Y87.524 E142.5151 F1800
G1 X0.000 Y100.156 E142.9353 F1800
G1 X0.000 Y101.464 E142.9788 F1800
G1 X6.406 Y101.464 E143.1918 F1800
G1 X80.000 Y101.464 E145.6396 F1800
G1 X80.000 Y90.516 E146.0037 F1800
G1 X80.000 Y86.009 E146.1536 F1800
G1 X46.973 Y86.009 E147.2521 F1800
G1 X0.000 Y86.009 E148.8144 F1800

;; LAYER 25 z=-3.841
G1 Z-3.841 F4800
G0 X0.000 Y85.263 F4800
G1 X0.000 Y86.839 E148.8668 F1800
G1 X0.000 Y99.158 E149.2766 F1800
G1 X0.000 Y100.718 E149.3284 F1800
G1 X7.643 Y100.718 E149.5826 F1800
G1 X80.000 Y100.718 E151.9893 F1800
G1 X80.000 Y89.953 E152.3473 F1800
G1 X80.000 Y85.263 E152.5033 F1800
G1 X45.625 Y85.263 E153.6466 F1800
G1 X0.000 Y85.263 E155.1641 F1800

;; LAYER 26 z=-3.641
G1 Z-3.641 F4800
G0 X0.000 Y84.516 F4800
G1 X0.000 Y86.155 E155.2186 F1800
G1 X0.000 Y98.159 E155.6178 F1800
G1 X0.000 Y99.971 E155.6781 F1800
G1 X8.879 Y99.971 E155.9734 F1800
G1 X80.000 Y99.971 E158.3389 F1800
G1 X80.000 Y89.391 E158.6908 F1800
G1 X80.000 Y84.516 E158.8530 F1800
G1 X44.277 Y84.516 E160.0411 F1800
G1 X0.000 Y84.516 E161.5138 F1800

;; LAYER 27 z=-3.441
G1 Z-3.441 F4800
G0 X0.000 Y83.770 F4800
G1 X0.000 Y85.470 E161.5703 F1800
G1 X0.000 Y97.160 E161.9591 F1800
G1 X0.000 Y99.225 E162.0278 F1800
G1 X10.115 Y99.225 E162.3642 F1800
G1 X80.000 Y99.225 E164.6886 F1800
G1 X80.000 Y88.828 E165.0344 F1800
G1 X80.000 Y83.770 E165.2026 F1800
G1 X42.929 Y83.770 E166.4356 F1800
G1 X0.000 Y83.770 E167.8635 F1800

;; LAYER 28 z=-3.241
G1 Z-3.241 F4800
G0 X0.000 Y83.024 F4800
G1 X0.000 Y84.785 E167.9221 F1800
G1 X0.000 Y96.161 E168.3004 F1800
G1 X0.000 Y98.478 E168.3775 F1800
G1 X11.352 Y98.478 E168.7551 F1800
G1 X80.000 Y98.478 E171.0383 F1800
G1 X80.000 Y88.266 E171.3780 F1800
G1 X80.000 Y83.024 E171.5523 F1800
G1 X41.581 Y83.024 E172.8301 F1800
G1 X0.000 Y83.024 E174.2131 F1800

;; LAYER 29 z=-3.041
G1 Z-3.041 F4800
G0 X0.000 Y82.277 F4800
G1 X0.000 Y84.101 E174.2738 F1800
G1 X0.000 Y95.162 E174.6417 F1800
G1 X0.000 Y97.732 E174.7272 F1800
G1 X12.588 Y97.732 E175.1459 F1800
G1 X80.000 Y97.732 E177.3880 F1800
G1 X80.000 Y87.703 E177.7215 F1800
G1 X80.000 Y82.277 E177.9020 F1800
G1 X40.233 Y82.277 E179.2247 F1800
G1 X0.000 Y82.277 E180.5628 F1800

;; LAYER 30 z=-2.841
G1 Z-2.841 F4800
G0 X0.000 Y81.531 F4800
G1 X0.000 Y83.416 E180.6255 F1800
G1 X0.000 Y94.164 E180.9830 F1800
G1 X0.000 Y96.986 E181.0768 F1800
G1 X13.825 Y96.986 E181.5367 F1800
G1 X80.000 Y96.986 E183.7377 F1800
G1 X80.000 Y87.141 E184.0651 F1800
G1 X80.000 Y81.531 E184.2517 F1800
G1 X38.885 Y81.531 E185.6192 F1800
G1 X0.000 Y81.531 E186.9125 F1800

;; LAYER 31 z=-2.641
G1 Z-2.641 F4800
G0 X0.000 Y80.784 F4800
G1 X0.000 Y82.732 E186.9773 F1800
G1 X0.000 Y93.165 E187.3243 F1800
G1 X0.000 Y96.239 E187.4265 F1800
G1 X15.061 Y96.239 E187.9275 F1800
G1 X80.000 Y96.239 E190.0873 F1800
G1 X80.000 Y86.578 E190.4087 F1800
G1 X80.000 Y80.784 E190.6014 F1800
G1 X37.537 Y80.784 E192.0137 F1800
G1 X0.000 Y80.784 E193.2622 F1800

;; LAYER 32 z=-2.441
G1 Z-2.441 F4800
G0 X0.000 Y80.038 F4800
G1 X0.000 Y82.047 E193.3290 F1800
G1 X0.000 Y92.166 E193.6656 F1800
G1 X0.000 Y95.493 E193.7762 F1800
G1 X16.297 Y95.493 E194.3183 F1800
G1 X80.000 Y95.493 E196.4370 F1800
G1 X80.000 Y86.016 E196.7522 F1800
G1 X80.000 Y80.038 E196.9510 F1800
G1 X36.189 Y80.038 E198.4082 F1800
G1 X0.000 Y80.038 E199.6119 F1800

;; LAYER 33 z=-2.241
G1 Z-2.241 F4800
G0 X0.000 Y79.292 F4800
G1 X0.000 Y81.362 E199.6807 F1800
G1 X0.000 Y91.167 E200.0068 F1800
G1 X0.000 Y94.746 E200.1259 F1800
G1 X17.534 Y94.746 E200.7091 F1800
G1 X80.000 Y94.746 E202.7867 F1800
G1 X80.000 Y85.453 E203.0958 F1800
G1 X80.000 Y79.292 E203.3007 F1800
G1 X34.841 Y79.292 E204.8027 F1800
G1 X0.000 Y79.292 E205.9615 F1800

;; LAYER 34 z=-2.041
G1 Z-2.041 F4800
G0 X0.000 Y78.545 F4800
G1 X0.000 Y80.678 E206.0325 F1800
G1 X0.000 Y90.168 E206.3481 F1800
G1 X0.000 Y94.000 E206.4756 F1800
G1 X18.770 Y94.000 E207.0999 F1800
G1 X80.000 Y94.000 E209.1364 F1800
G1 X80.000 Y84.891 E209.4393 F1800
G1 X80.000 Y78.545 E209.6504 F1800
G1 X33.493 Y78.545 E211.1972 F1800
G1 X0.000 Y78.545 E212.3112 F1800

;; LAYER 35 z=-1.841
G1 Z-1.841 F4800
G0 X0.000 Y77.799 F4800
G1 X0.000 Y79.993 E212.3842 F1800
G1 X0.000 Y89.170 E212.6894 F1800
G1 X0.000 Y93.254 E212.8252 F1800
G1 X20.007 Y93.254 E213.4907 F1800
G1 X80.000 Y93.254 E215.4861 F1800
G1 X80.000 Y84.328 E215.7829 F1800
G1 X80.000 Y77.799 E216.0001 F1800
G1 X32.145 Y77.799 E217.5918 F1800
G1 X0.000 Y77.799 E218.6609 F1800

;; LAYER 36 z=-1.641
G1 Z-1.641 F4800
G0 X0.000 Y77.052 F4800
G1 X0.000 Y79.309 E218.7359 F1800
G1 X0.000 Y88.171 E219.0307 F1800
G1 X0.000 Y92.507 E219.1749 F1800
G1 X21.243 Y92.507 E219.8815 F1800
G1 X80.000 Y92.507 E221.8357 F1800
G1 X80.000 Y83.766 E222.1265 F1800
G1 X80.000 Y77.052 E222.3498 F1800
G1 X30.797 Y77.052 E223.9863 F1800
G1 X0.000 Y77.052 E225.0106 F1800

;; LAYER 37 z=-1.441
G1 Z-1.441 F4800
G0 X0.000 Y76.306 F4800
G1 X0.000 Y78.624 E225.0877 F1800
G1 X0.000 Y87.172 E225.3720 F1800
G1 X0.000 Y91.761 E225.5246 F1800
G1 X22.479 Y91.761 E226.2723 F1800
G1 X80.000 Y91.761 E228.1854 F1800
G1 X80.000 Y83.203 E228.4700 F1800
G1 X80.000 Y76.306 E228.6994 F1800
G1 X29.449 Y76.306 E230.3808 F1800
G1 X0.000 Y76.306 E231.3603 F1800

;; LAYER 38 z=-1.241
G1 Z-1.241 F4800
G0 X0.000 Y75.559 F4800
G1 X0.000 Y77.940 E231.4394 F1800
G1 X0.000 Y86.173 E231.7133 F1800
G1 X0.000 Y91.014 E231.8743 F1800
G1 X23.716 Y91.014 E232.6631 F1800
G1 X80.000 Y91.014 E234.5351 F1800
G1 X80.000 Y82.641 E234.8136 F1800
G1 X80.000 Y75.559 E235.0491 F1800
G1 X28.101 Y75.559 E236.7753 F1800
G1 X0.000 Y75.559 E237.7099 F1800

;; LAYER 39 z=-1.041
G1 Z-1.041 F4800
G0 X0.000 Y74.813 F4800
G1 X0.000 Y77.255 E237.7912 F1800
G1 X0.000 Y85.174 E238.0546 F1800
G1 X0.000 Y90.268 E238.2240 F1800
G1 X24.952 Y90.268 E239.0539 F1800
G1 X80.000 Y90.268 E240.8848 F1800
G1 X80.000 Y82.079 E241.1572 F1800
G1 X80.000 Y74.813 E241.3988 F1800
G1 X26.753 Y74.813 E243.1698 F1800
G1 X0.000 Y74.813 E244.0596 F1800

;; LAYER 40 z=-0.841
G1 Z-0.841 F4800
G0 X0.000 Y74.067 F4800
G1 X0.000 Y76.570 E244.1429 F1800
G1 X0.000 Y84.176 E244.3958 F1800
G1 X0.000 Y89.521 E244.5736 F1800
G1 X26.188 Y89.521 E245.4447 F1800
G1 X80.000 Y89.521 E247.2345 F1800
G1 X80.000 Y81.516 E247.5007 F1800
G1 X80.000 Y74.067 E247.7485 F1800
G1 X25.405 Y74.067 E249.5643 F1800
G1 X0.000 Y74.067 E250.4093 F1800

;; LAYER 41 z=-0.641
G1 Z-0.641 F4800
G0 X0.000 Y73.320 F4800
G1 X0.000 Y75.886 E250.4946 F1800
G1 X0.000 Y83.177 E250.7371 F1800
G1 X0.000 Y88.775 E250.9233 F1800
G1 X27.425 Y88.775 E251.8355 F1800
G1 X80.000 Y88.775 E253.5841 F1800
G1 X80.000 Y80.954 E253.8443 F1800
G1 X80.000 Y73.320 E254.0982 F1800
G1 X24.057 Y73.320 E255.9588 F1800
G1 X0.000 Y73.320 E256.7590 F1800

;; LAYER 42 z=-0.441
G1 Z-0.441 F4800
G0 X0.000 Y72.574 F4800
G1 X0.000 Y75.201 E256.8464 F1800
G1 X0.000 Y82.178 E257.0784 F1800
G1 X0.000 Y88.029 E257.2730 F1800
G1 X28.661 Y88.029 E258.2263 F1800
G1 X80.000 Y88.029 E259.9338 F1800
G1 X80.000 Y80.391 E260.1878 F1800
G1 X80.000 Y72.574 E260.4478 F1800
G1 X22.709 Y72.574 E262.3534 F1800
G1 X0.000 Y72.574 E263.1087 F1800

;; LAYER 43 z=-0.241
G1 Z-0.241 F4800
G0 X0.000 Y71.827 F4800
G1 X0.000 Y74.517 E263.1981 F1800
G1 X0.000 Y81.179 E263.4197 F1800
G1 X0.000 Y87.282 E263.6227 F1800
G1 X29.898 Y87.282 E264.6171 F1800
G1 X80.000 Y87.282 E266.2835 F1800
G1 X80.000 Y79.829 E266.5314 F1800
G1 X80.000 Y71.827 E266.7975 F1800
G1 X21.361 Y71.827 E268.7479 F1800
G1 X0.000 Y71.827 E269.4583 F1800

;; LAYER 44 z=-0.041
G1 Z-0.041 F4800
G0 X0.000 Y71.081 F4800
G1 X0.000 Y73.832 E269.5498 F1800
G1 X0.000 Y80.180 E269.7610 F1800
G1 X0.000 Y86.536 E269.9724 F1800
G1 X31.134 Y86.536 E271.0079 F1800
G1 X80.000 Y86.536 E272.6332 F1800
G1 X80.000 Y79.266 E272.8750 F1800
G1 X80.000 Y71.081 E273.1472 F1800
G1 X20.013 Y71.081 E275.1424 F1800
G1 X0.000 Y71.081 E275.8080 F1800

;; LAYER 45 z=0.159
G1 Z0.159 F4800
G0 X0.000 Y3.259 F4800
G1 X0.000 Y60.000 E277.6952 F1800
G1 X75.655 Y60.000 E280.2115 F1800
G1 X80.000 Y60.000 E280.3560 F1800
G1 X80.000 Y57.614 E280.4354 F1800
G1 X80.000 Y0.000 E282.3517 F1800
G1 X76.819 Y0.000 E282.4574 F1800
G1 X0.000 Y0.000 E285.0125 F1800
G1 X0.000 Y0.239 E285.0204 F1800
G1 X0.000 Y0.398 E285.0257 F1800
G1 X0.000 Y2.227 E285.0865 F1800
G1 X0.000 Y2.386 E285.0918 F1800
G1 X0.000 Y3.259 E285.1209 F1800
G0 X6.586 Y6.586 F4800
G1 X6.984 Y6.281 E285.1375 F1800
G1 X7.000 Y6.268 E285.1382 F1800
G1 X7.463 Y6.076 E285.1549 F1800
G1 X7.482 Y6.068 E285.1556 F1800
G1 X7.979 Y6.003 E285.1723 F1800
G1 X8.000 Y6.000 E285.1730 F1800
G1 X8.497 Y6.065 E285.1896 F1800
G1 X8.518 Y6.068 E285.1903 F1800
G1 X8.981 Y6.260 E285.2070 F1800
G1 X9.000 Y6.268 E285.2077 F1800
G1 X9.398 Y6.573 E285.2244 F1800
G1 X9.414 Y6.586 E285.2250 F1800
G1 X9.719 Y6.984 E285.2417 F1800
G1 X9.732 Y7.000 E285.2424 F1800
G1 X9.924 Y7.463 E285.2591 F1800
G1 X9.932 Y7.482 E285.2598 F1800
G1 X9.997 Y7.979 E285.2765 F1800
G1 X10.000 Y8.000 E285.2771 F1800
G1 X9.935 Y8.497 E285.2938 F1800
G1 X9.932 Y8.518 E285.2945 F1800
G1 X9.740 Y8.981 E285.3112 F1800
G1 X9.732 Y9.000 E285.3119 F1800
G1 X9.427 Y9.398 E285.3285 F1800
G1 X9.414 Y9.414 E285.3292 F1800
G1 X9.016 Y9.719 E285.3459 F1800
G1 X9.000 Y9.732 E285.3466 F1800
G1 X8.537 Y9.924 E285.3633 F1800
G1 X8.518 Y9.932 E285.3640 F1800
G1 X8.021 Y9.997 E285.3806 F1800
G1 X8.000 Y10.000 E285.3813 F1800
G1 X7.503 Y9.935 E285.3980 F1800
G1 X7.482 Y9.932 E285.3987 F1800
G1 X7.019 Y9.740 E285.4154 F1800
G1 X7.000 Y9.732 E285.4161 F1800
G1 X6.602 Y9.427 E285.4327 F1800
G1 X6.586 Y9.414 E285.4334 F1800
G1 X6.281 Y9.016 E285.4501 F1800
G1 X6.268 Y9.000 E285.4508 F1800
G1 X6.076 Y8.537 E285.4675 F1800
G1 X6.068 Y8.518 E285.4682 F1800
G1 X6.003 Y8.021 E285.4848 F1800
G1 X6.000 Y8.000 E285.4855 F1800
G1 X6.065 Y7.503 E285.5022 F1800
G1 X6.068 Y7.482 E285.5029 F1800
G1 X6.260 Y7.019 E285.5196 F1800
G1 X6.268 Y7.000 E285.5203 F1800
G1 X6.573 Y6.602 E285.5369 F1800
G1 X6.586 Y6.586 E285.5376 F1800
G0 X70.586 Y6.586 F4800
G1 X70.984 Y6.281 E285.5543 F1800
G1 X71.000 Y6.268 E285.5550 F1800
G1 X71.463 Y6.076 E285.5717 F1800
G1 X71.482 Y6.068 E285.5724 F1800
G1 X71.979 Y6.003 E285.5890 F1800
G1 X72.000 Y6.000 E285.5897 F1800
G1 X72.497 Y6.065 E285.6064 F1800
G1 X72.518 Y6.068 E285.6071 F1800
G1 X72.981 Y6.260 E285.6238 F1800
G1 X73.000 Y6.268 E285.6244 F1800
G1 X73.398 Y6.573 E285.6411 F1800
G1 X73.414 Y6.586 E285.6418 F1800
G1 X73.719 Y6.984 E285.6585 F1800
G1 X73.732 Y7.000 E285.6592 F1800
G1 X73.924 Y7.463 E285.6759 F1800
G1 X73.932 Y7.482 E285.6765 F1800
G1 X73.997 Y7.979 E285.6932 F1800
G1 X74.000 Y8.000 E285.6939 F1800
G1 X73.935 Y8.497 E285.7106 F1800
G1 X73.932 Y8.518 E285.7113 F1800
G1 X73.740 Y8.981 E285.7279 F1800
G1 X73.732 Y9.000 E285.7286 F1800
G1 X73.427 Y9.398 E285.7453 F1800
G1 X73.414 Y9.414 E285.7460 F1800
G1 X73.016 Y9.719 E285.7627 F1800
G1 X73.000 Y9.732 E285.7634 F1800
G1 X72.537 Y9.924 E285.7800 F1800
G1 X72.518 Y9.932 E285.7807 F1800
G1 X72.021 Y9.997 E285.7974 F1800
G1 X72.000 Y10.000 E285.7981 F1800
G1 X71.503 Y9.935 E285.8148 F1800
G1 X71.482 Y9.932 E285.8155 F1800
G1 X71.019 Y9.740 E285.8321 F1800
G1 X71.000 Y9.732 E285.8328 F1800
G1 X70.602 Y9.427 E285.8495 F1800
G1 X70.586 Y9.414 E285.8502 F1800
G1 X70.281 Y9.016 E285.8669 F1800
G1 X70.268 Y9.000 E285.8676 F1800
G1 X70.076 Y8.537 E285.8842 F1800
G1 X70.068 Y8.518 E285.8849 F1800
G1 X70.003 Y8.021 E285.9016 F1800
G1 X70.000 Y8.000 E285.9023 F1800
G1 X70.065 Y7.503 E285.9190 F1800
G1 X70.068 Y7.482 E285.9197 F1800
G1 X70.260 Y7.019 E285.9363 F1800
G1 X70.268 Y7.000 E285.9370 F1800
G1 X70.573 Y6.602 E285.9537 F1800
G1 X70.586 Y6.586 E285.9544 F1800
G0 X70.268 Y51.000 F4800
G1 X70.573 Y50.602 E285.9711 F1800
G1 X70.586 Y50.586 E285.9718 F1800
G1 X70.984 Y50.281 E285.9884 F1800
G1 X71.000 Y50.268 E285.9891 F1800
G1 X71.463 Y50.076 E286.0058 F1800
G1 X71.482 Y50.068 E286.0065 F1800
G1 X71.979 Y50.003 E286.0232 F1800
G1 X72.000 Y50.000 E286.0238 F1800
G1 X72.497 Y50.065 E286.0405 F1800
G1 X72.518 Y50.068 E286.0412 F1800
G1 X72.981 Y50.260 E286.0579 F1800
G1 X73.000 Y50.268 E286.0586 F1800
G1 X73.398 Y50.573 E286.0753 F1800
G1 X73.414 Y50.586 E286.0759 F1800
G1 X73.719 Y50.984 E286.0926 F1800
G1 X73.732 Y51.000 E286.0933 F1800
G1 X73.924 Y51.463 E286.1100 F1800
G1 X73.932 Y51.482 E286.1107 F1800
G1 X73.997 Y51.979 E286.1273 F1800
G1 X74.000 Y52.000 E286.1280 F1800
G1 X73.935 Y52.497 E286.1447 F1800
G1 X73.932 Y52.518 E286.1454 F1800
G1 X73.740 Y52.981 E286.1621 F1800
G1 X73.732 Y53.000 E286.1628 F1800
G1 X73.427 Y53.398 E286.1794 F1800
G1 X73.414 Y53.414 E286.1801 F1800
G1 X73.016 Y53.719 E286.1968 F1800
G1 X73.000 Y53.732 E286.1975 F1800
G1 X72.537 Y53.924 E286.2142 F1800
G1 X72.518 Y53.932 E286.2149 F1800
G1 X72.021 Y53.997 E286.2315 F1800
G1 X72.000 Y54.000 E286.2322 F1800
G1 X71.503 Y53.935 E286.2489 F1800
G1 X71.482 Y53.932 E286.2496 F1800
G1 X71.019 Y53.740 E286.2663 F1800
G1 X71.000 Y53.732 E286.2670 F1800
G1 X70.602 Y53.427 E286.2836 F1800
G1 X70.586 Y53.414 E286.2843 F1800
G1 X70.281 Y53.016 E286.3010 F1800
G1 X70.268 Y53.000 E286.3017 F1800
G1 X70.076 Y52.537 E286.3184 F1800
G1 X70.068 Y52.518 E286.3191 F1800
G1 X70.003 Y52.021 E286.3357 F1800
G1 X70.000 Y52.000 E286.3364 F1800
G1 X70.065 Y51.503 E286.3531 F1800
G1 X70.068 Y51.482 E286.3538 F1800
G1 X70.260 Y51.019 E286.3705 F1800
G1 X70.268 Y51.000 E286.3712 F1800
G0 X6.068 Y51.482 F4800
G1 X6.260 Y51.019 E286.3878 F1800
G1 X6.268 Y51.000 E286.3885 F1800
G1 X6.573 Y50.602 E286.4052 F1800
G1 X6.586 Y50.586 E286.4059 F1800
G1 X6.984 Y50.281 E286.4226 F1800
G1 X7.000 Y50.268 E286.4233 F1800
G1 X7.463 Y50.076 E286.4399 F1800
G1 X7.482 Y50.068 E286.4406 F1800
G1 X7.979 Y50.003 E286.4573 F1800
G1 X8.000 Y50.000 E286.4580 F1800
G1 X8.497 Y50.065 E286.4747 F1800
G1 X8.518 Y50.068 E286.4753 F1800
G1 X8.981 Y50.260 E286.4920 F1800
G1 X9.000 Y50.268 E286.4927 F1800
G1 X9.398 Y50.573 E286.5094 F1800
G1 X9.414 Y50.586 E286.5101 F1800
G1 X9.719 Y50.984 E286.5268 F1800
G1 X9.732 Y51.000 E286.5274 F1800
G1 X9.924 Y51.463 E286.5441 F1800
G1 X9.932 Y51.482 E286.5448 F1800
G1 X9.997 Y51.979 E286.5615 F1800
G1 X10.000 Y52.000 E286.5622 F1800
G1 X9.935 Y52.497 E286.5788 F1800
G1 X9.932 Y52.518 E286.5795 F1800
G1 X9.740 Y52.981 E286.5962 F1800
G1 X9.732 Y53.000 E286.5969 F1800
G1 X9.427 Y53.398 E286.6136 F1800
G1 X9.414 Y53.414 E286.6143 F1800
G1 X9.016 Y53.719 E286.6309 F1800
G1 X9.000 Y53.732 E286.6316 F1800
G1 X8.537 Y53.924 E286.6483 F1800
G1 X8.518 Y53.932 E286.6490 F1800
G1 X8.021 Y53.997 E286.6657 F1800
G1 X8.000 Y54.000 E286.6664 F1800
G1 X7.503 Y53.935 E286.6830 F1800
G1 X7.482 Y53.932 E286.6837 F1800
G1 X7.019 Y53.740 E286.7004 F1800
G1 X7.000 Y53.732 E286.7011 F1800
G1 X6.602 Y53.427 E286.7178 F1800
G1 X6.586 Y53.414 E286.7185 F1800
G1 X6.281 Y53.016 E286.7351 F1800
G1 X6.268 Y53.000 E286.7358 F1800
G1 X6.076 Y52.537 E286.7525 F1800
G1 X6.068 Y52.518 E286.7532 F1800
G1 X6.003 Y52.021 E286.7699 F1800
G1 X6.000 Y52.000 E286.7706 F1800
G1 X6.065 Y51.503 E286.7872 F1800
G1 X6.068 Y51.482 E286.7879 F1800
G0 X0.000 Y70.335 F4800
G1 X0.000 Y73.147 E286.8815 F1800
G1 X0.000 Y79.182 E287.0822 F1800
G1 X0.000 Y85.789 E287.3019 F1800
G1 X32.370 Y85.789 E288.3786 F1800
G1 X80.000 Y85.789 E289.9628 F1800
G1 X80.000 Y78.704 E290.1984 F1800
G1 X80.000 Y70.335 E290.4768 F1800
G1 X18.665 Y70.335 E292.5168 F1800
G1 X0.000 Y70.335 E293.1376 F1800

;; LAYER 46 z=0.359
G1 Z0.359 F4800
G0 X0.000 Y7.357 F4800
G1 X0.000 Y60.000 E294.8885 F1800
G1 X70.191 Y60.000 E297.2231 F1800
G1 X80.000 Y60.000 E297.5493 F1800
G1 X80.000 Y54.614 E297.7285 F1800
G1 X80.000 Y0.000 E299.5449 F1800
G1 X72.819 Y0.000 E299.7838 F1800
G1 X0.000 Y0.000 E302.2057 F1800
G1 X0.000 Y0.539 E302.2237 F1800
G1 X0.000 Y0.898 E302.2356 F1800
G1 X0.000 Y5.027 E302.3729 F1800
G1 X0.000 Y5.386 E302.3849 F1800
G1 X0.000 Y7.357 E302.4504 F1800
G0 X6.586 Y6.586 F4800
G1 X6.963 Y6.296 E302.4662 F1800
G1 X7.000 Y6.268 E302.4678 F1800
G1 X7.439 Y6.086 E302.4836 F1800
G1 X7.482 Y6.068 E302.4852 F1800
G1 X7.954 Y6.006 E302.5010 F1800
G1 X8.000 Y6.000 E302.5025 F1800
G1 X8.471 Y6.062 E302.5183 F1800
G1 X8.518 Y6.068 E302.5199 F1800
G1 X8.957 Y6.250 E302.5357 F1800
G1 X9.000 Y6.268 E302.5373 F1800
G1 X9.377 Y6.557 E302.5531 F1800
G1 X9.414 Y6.586 E302.5546 F1800
G1 X9.704 Y6.963 E302.5704 F1800
G1 X9.732 Y7.000 E302.5720 F1800
G1 X9.914 Y7.439 E302.5878 F1800
G1 X9.932 Y7.482 E302.5894 F1800
G1 X9.994 Y7.954 E302.6052 F1800
G1 X10.000 Y8.000 E302.6067 F1800
G1 X9.938 Y8.471 E302.6225 F1800
G1 X9.932 Y8.518 E302.6241 F1800
G1 X9.750 Y8.957 E302.6399 F1800
G1 X9.732 Y9.000 E302.6415 F1800
G1 X9.443 Y9.377 E302.6573 F1800
G1 X9.414 Y9.414 E302.6588 F1800
G1 X9.037 Y9.704 E302.6746 F1800
G1 X9.000 Y9.732 E302.6762 F1800
G1 X8.561 Y9.914 E302.6920 F1800
G1 X8.518 Y9.932 E302.6936 F1800
G1 X8.046 Y9.994 E302.7094 F1800
G1 X8.000 Y10.000 E302.7109 F1800
G1 X7.529 Y9.938 E302.7267 F1800
G1 X7.482 Y9.932 E302.7283 F1800
G1 X7.043 Y9.750 E302.7441 F1800
G1 X7.000 Y9.732 E302.7456 F1800
G1 X6.623 Y9.443 E302.7615 F1800
G1 X6.586 Y9.414 E302.7630 F1800
G1 X6.296 Y9.037 E302.7788 F1800
G1 X6.268 Y9.000 E302.7804 F1800
G1 X6.086 Y8.561 E302.7962 F1800
G1 X6.068 Y8.518 E302.7977 F1800
G1 X6.006 Y8.046 E302.8136 F1800
G1 X6.000 Y8.000 E302.8151 F1800
G1 X6.062 Y7.529 E302.8309 F1800
G1 X6.068 Y7.482 E302.8325 F1800
G1 X6.250 Y7.043 E302.8483 F1800
G1 X6.268 Y7.000 E302.8498 F1800
G1 X6.557 Y6.623 E302.8656 F1800
G1 X6.586 Y6.586 E302.8672 F1800
G0 X70.586 Y6.586 F4800
G1 X70.963 Y6.296 E302.8830 F1800
G1 X71.000 Y6.268 E302.8846 F1800
G1 X71.439 Y6.086 E302.9004 F1800
G1 X71.482 Y6.068 E302.9019 F1800
G1 X71.954 Y6.006 E302.9177 F1800
G1 X72.000 Y6.000 E302.9193 F1800
G1 X72.471 Y6.062 E302.9351 F1800
G1 X72.518 Y6.068 E302.9367 F1800
G1 X72.957 Y6.250 E302.9525 F1800
G1 X73.000 Y6.268 E302.9540 F1800
G1 X73.377 Y6.557 E302.9698 F1800
G1 X73.414 Y6.586 E302.9714 F1800
G1 X73.704 Y6.963 E302.9872 F1800
G1 X73.732 Y7.000 E302.9888 F1800
G1 X73.914 Y7.439 E303.0046 F1800
G1 X73.932 Y7.482 E303.0061 F1800
G1 X73.994 Y7.954 E303.0219 F1800
G1 X74.000 Y8.000 E303.0235 F1800
G1 X73.938 Y8.471 E303.0393 F1800
G1 X73.932 Y8.518 E303.0409 F1800
G1 X73.750 Y8.957 E303.0567 F1800
G1 X73.732 Y9.000 E303.0582 F1800
G1 X73.443 Y9.377 E303.0740 F1800
G1 X73.414 Y9.414 E303.0756 F1800
G1 X73.037 Y9.704 E303.0914 F1800
G1 X73.000 Y9.732 E303.0930 F1800
G1 X72.561 Y9.914 E303.1088 F1800
G1 X72.518 Y9.932 E303.1103 F1800
G1 X72.046 Y9.994 E303.1261 F1800
G1 X72.000 Y10.000 E303.1277 F1800
G1 X71.529 Y9.938 E303.1435 F1800
G1 X71.482 Y9.932 E303.1450 F1800
G1 X71.043 Y9.750 E303.1609 F1800
G1 X71.000 Y9.732 E303.1624 F1800
G1 X70.623 Y9.443 E303.1782 F1800
G1 X70.586 Y9.414 E303.1798 F1800
G1 X70.296 Y9.037 E303.1956 F1800
G1 X70.268 Y9.000 E303.1971 F1800
G1 X70.086 Y8.561 E303.2130 F1800
G1 X70.068 Y8.518 E303.2145 F1800
G1 X70.006 Y8.046 E303.2303 F1800
G1 X70.000 Y8.000 E303.2319 F1800
G1 X70.062 Y7.529 E303.2477 F1800
G1 X70.068 Y7.482 E303.2492 F1800
G1 X70.250 Y7.043 E303.2650 F1800
G1 X70.268 Y7.000 E303.2666 F1800
G1 X70.557 Y6.623 E303.2824 F1800
G1 X70.586 Y6.586 E303.2840 F1800
G0 X70.268 Y51.000 F4800
G1 X70.557 Y50.623 E303.2998 F1800
G1 X70.586 Y50.586 E303.3013 F1800
G1 X70.963 Y50.296 E303.3171 F1800
G1 X71.000 Y50.268 E303.3187 F1800
G1 X71.439 Y50.086 E303.3345 F1800
G1 X71.482 Y50.068 E303.3361 F1800
G1 X71.954 Y50.006 E303.3519 F1800
G1 X72.000 Y50.000 E303.3534 F1800
G1 X72.471 Y50.062 E303.3692 F1800
G1 X72.518 Y50.068 E303.3708 F1800
G1 X72.957 Y50.250 E303.3866 F1800
G1 X73.000 Y50.268 E303.3882 F1800
G1 X73.377 Y50.557 E303.4040 F1800
G1 X73.414 Y50.586 E303.4055 F1800
G1 X73.704 Y50.963 E303.4213 F1800
G1 X73.732 Y51.000 E303.4229 F1800
G1 X73.914 Y51.439 E303.4387 F1800
G1 X73.932 Y51.482 E303.4403 F1800
G1 X73.994 Y51.954 E303.4561 F1800
G1 X74.000 Y52.000 E303.4576 F1800
G1 X73.938 Y52.471 E303.4734 F1800
G1 X73.932 Y52.518 E303.4750 F1800
G1 X73.750 Y52.957 E303.4908 F1800
G1 X73.732 Y53.000 E303.4924 F1800
G1 X73.443 Y53.377 E303.5082 F1800
G1 X73.414 Y53.414 E303.5097 F1800
G1 X73.037 Y53.704 E303.5255 F1800
G1 X73.000 Y53.732 E303.5271 F1800
G1 X72.561 Y53.914 E303.5429 F1800
G1 X72.518 Y53.932 E303.5445 F1800
G1 X72.046 Y53.994 E303.5603 F1800
G1 X72.000 Y54.000 E303.5618 F1800
G1 X71.529 Y53.938 E303.5776 F1800
G1 X71.482 Y53.932 E303.5792 F1800
G1 X71.043 Y53.750 E303.5950 F1800
G1 X71.000 Y53.732 E303.5965 F1800
G1 X70.623 Y53.443 E303.6124 F1800
G1 X70.586 Y53.414 E303.6139 F1800
G1 X70.296 Y53.037 E303.6297 F1800
G1 X70.268 Y53.000 E303.6313 F1800
G1 X70.086 Y52.561 E303.6471 F1800
G1 X70.068 Y52.518 E303.6486 F1800
G1 X70.006 Y52.046 E303.6644 F1800
G1 X70.000 Y52.000 E303.6660 F1800
G1 X70.062 Y51.529 E303.6818 F1800
G1 X70.068 Y51.482 E303.6834 F1800
G1 X70.250 Y51.043 E303.6992 F1800
G1 X70.268 Y51.000 E303.7007 F1800
G0 X6.068 Y51.482 F4800
G1 X6.250 Y51.043 E303.7165 F1800
G1 X6.268 Y51.000 E303.7181 F1800
G1 X6.557 Y50.623 E303.7339 F1800
G1 X6.586 Y50.586 E303.7355 F1800
G1 X6.963 Y50.296 E303.7513 F1800
G1 X7.000 Y50.268 E303.7528 F1800
G1 X7.439 Y50.086 E303.7686 F1800
G1 X7.482 Y50.068 E303.7702 F1800
G1 X7.954 Y50.006 E303.7860 F1800
G1 X8.000 Y50.000 E303.7876 F1800
G1 X8.471 Y50.062 E303.8034 F1800
G1 X8.518 Y50.068 E303.8049 F1800
G1 X8.957 Y50.250 E303.8207 F1800
G1 X9.000 Y50.268 E303.8223 F1800
G1 X9.377 Y50.557 E303.8381 F1800
G1 X9.414 Y50.586 E303.8397 F1800
G1 X9.704 Y50.963 E303.8555 F1800
G1 X9.732 Y51.000 E303.8570 F1800
G1 X9.914 Y51.439 E303.8728 F1800
G1 X9.932 Y51.482 E303.8744 F1800
G1 X9.994 Y51.954 E303.8902 F1800
G1 X10.000 Y52.000 E303.8918 F1800
G1 X9.938 Y52.471 E303.9076 F1800
G1 X9.932 Y52.518 E303.9091 F1800
G1 X9.750 Y52.957 E303.9249 F1800
G1 X9.732 Y53.000 E303.9265 F1800
G1 X9.443 Y53.377 E303.9423 F1800
G1 X9.414 Y53.414 E303.9439 F1800
G1 X9.037 Y53.704 E303.9597 F1800
G1 X9.000 Y53.732 E303.9612 F1800
G1 X8.561 Y53.914 E303.9770 F1800
G1 X8.518 Y53.932 E303.9786 F1800
G1 X8.046 Y53.994 E303.9944 F1800
G1 X8.000 Y54.000 E303.9959 F1800
G1 X7.529 Y53.938 E304.0118 F1800
G1 X7.482 Y53.932 E304.0133 F1800
G1 X7.043 Y53.750 E304.0291 F1800
G1 X7.000 Y53.732 E304.0307 F1800
G1 X6.623 Y53.443 E304.0465 F1800
G1 X6.586 Y53.414 E304.0480 F1800
G1 X6.296 Y53.037 E304.0639 F1800
G1 X6.268 Y53.000 E304.0654 F1800
G1 X6.086 Y52.561 E304.0812 F1800
G1 X6.068 Y52.518 E304.0828 F1800
G1 X6.006 Y52.046 E304.0986 F1800
G1 X6.000 Y52.000 E304.1001 F1800
G1 X6.062 Y51.529 E304.1159 F1800
G1 X6.068 Y51.482 E304.1175 F1800
G0 X0.000 Y69.588 F4800
G1 X0.000 Y72.463 E304.2131 F1800
G1 X0.000 Y78.183 E304.4034 F1800
G1 X0.000 Y85.043 E304.6315 F1800
G1 X33.607 Y85.043 E305.7493 F1800
G1 X80.000 Y85.043 E307.2923 F1800
G1 X80.000 Y78.141 E307.5219 F1800
G1 X80.000 Y69.588 E307.8064 F1800
G1 X17.317 Y69.588 E309.8912 F1800
G1 X0.000 Y69.588 E310.4672 F1800

;; LAYER 47 z=0.559
G1 Z0.559 F4800
G0 X0.000 Y11.455 F4800
G1 X0.000 Y60.000 E312.0818 F1800
G1 X64.727 Y60.000 E314.2346 F1800
G1 X80.000 Y60.000 E314.7426 F1800
G1 X80.000 Y51.614 E315.0215 F1800
G1 X80.000 Y0.000 E316.7382 F1800
G1 X68.819 Y0.000 E317.1101 F1800
G1 X0.000 Y0.000 E319.3990 F1800
G1 X0.000 Y0.839 E319.4269 F1800
G1 X0.000 Y1.398 E319.4455 F1800
G1 X0.000 Y7.827 E319.6593 F1800
G1 X0.000 Y8.386 E319.6779 F1800
G1 X0.000 Y11.455 E319.7800 F1800
G0 X6.586 Y6.586 F4800
G1 X6.942 Y6.312 E319.7950 F1800
G1 X7.000 Y6.268 E319.7974 F1800
G1 X7.415 Y6.096 E319.8123 F1800
G1 X7.482 Y6.068 E319.8148 F1800
G1 X7.928 Y6.010 E319.8297 F1800
G1 X8.000 Y6.000 E319.8321 F1800
G1 X8.445 Y6.059 E319.8471 F1800
G1 X8.518 Y6.068 E319.8495 F1800
G1 X8.933 Y6.240 E319.8644 F1800
G1 X9.000 Y6.268 E319.8668 F1800
G1 X9.356 Y6.541 E319.8818 F1800
G1 X9.414 Y6.586 E319.8842 F1800
G1 X9.688 Y6.942 E319.8992 F1800
G1 X9.732 Y7.000 E319.9016 F1800
G1 X9.904 Y7.415 E319.9165 F1800
G1 X9.932 Y7.482 E319.9189 F1800
G1 X9.990 Y7.928 E319.9339 F1800
G1 X10.000 Y8.000 E319.9363 F1800
G1 X9.941 Y8.445 E319.9512 F1800
G1 X9.932 Y8.518 E319.9537 F1800
G1 X9.760 Y8.933 E319.9686 F1800
G1 X9.732 Y9.000 E319.9710 F1800
G1 X9.459 Y9.356 E319.9860 F1800
G1 X9.414 Y9.414 E319.9884 F1800
G1 X9.058 Y9.688 E320.0033 F1800
G1 X9.000 Y9.732 E320.0058 F1800
G1 X8.585 Y9.904 E320.0207 F1800
G1 X8.518 Y9.932 E320.0231 F1800
G1 X8.072 Y9.990 E320.0381 F1800
G1 X8.000 Y10.000 E320.0405 F1800
G1 X7.555 Y9.941 E320.0554 F1800
G1 X7.482 Y9.932 E320.0579 F1800
G1 X7.067 Y9.760 E320.0728 F1800
G1 X7.000 Y9.732 E320.0752 F1800
G1 X6.644 Y9.459 E320.0902 F1800
G1 X6.586 Y9.414 E320.0926 F1800
G1 X6.312 Y9.058 E320.1075 F1800
G1 X6.268 Y9.000 E320.1100 F1800
G1 X6.096 Y8.585 E320.1249 F1800
G1 X6.068 Y8.518 E320.1273 F1800
G1 X6.010 Y8.072 E320.1423 F1800
G1 X6.000 Y8.000 E320.1447 F1800
G1 X6.059 Y7.555 E320.1596 F1800
G1 X6.068 Y7.482 E320.1621 F1800
G1 X6.240 Y7.067 E320.1770 F1800
G1 X6.268 Y7.000 E320.1794 F1800
G1 X6.541 Y6.644 E320.1944 F1800
G1 X6.586 Y6.586 E320.1968 F1800
G0 X70.586 Y6.586 F4800
G1 X70.942 Y6.312 E320.2117 F1800
G1 X71.000 Y6.268 E320.2142 F1800
G1 X71.415 Y6.096 E320.2291 F1800
G1 X71.482 Y6.068 E320.2315 F1800
G1 X71.928 Y6.010 E320.2465 F1800
G1 X72.000 Y6.000 E320.2489 F1800
G1 X72.445 Y6.059 E320.2638 F1800
G1 X72.518 Y6.068 E320.2663 F1800
G1 X72.933 Y6.240 E320.2812 F1800
G1 X73.000 Y6.268 E320.2836 F1800
G1 X73.356 Y6.541 E320.2986 F1800
G1 X73.414 Y6.586 E320.3010 F1800
G1 X73.688 Y6.942 E320.3159 F1800
G1 X73.732 Y7.000 E320.3183 F1800
G1 X73.904 Y7.415 E320.3333 F1800
G1 X73.932 Y7.482 E320.3357 F1800
G1 X73.990 Y7.928 E320.3506 F1800
G1 X74.000 Y8.000 E320.3531 F1800
G1 X73.941 Y8.445 E320.3680 F1800
G1 X73.932 Y8.518 E320.3704 F1800
G1 X73.760 Y8.933 E320.3854 F1800
G1 X73.732 Y9.000 E320.3878 F1800
G1 X73.459 Y9.356 E320.4027 F1800
G1 X73.414 Y9.414 E320.4052 F1800
G1 X73.058 Y9.688 E320.4201 F1800
G1 X73.000 Y9.732 E320.4225 F1800
G1 X72.585 Y9.904 E320.4375 F1800
G1 X72.518 Y9.932 E320.4399 F1800
G1 X72.072 Y9.990 E320.4548 F1800
G1 X72.000 Y10.000 E320.4573 F1800
G1 X71.555 Y9.941 E320.4722 F1800
G1 X71.482 Y9.932 E320.4746 F1800
G1 X71.067 Y9.760 E320.4896 F1800
G1 X71.000 Y9.732 E320.4920 F1800
G1 X70.644 Y9.459 E320.5069 F1800
G1 X70.586 Y9.414 E320.5094 F1800
G1 X70.312 Y9.058 E320.5243 F1800
G1 X70.268 Y9.000 E320.5267 F1800
G1 X70.096 Y8.585 E320.5417 F1800
G1 X70.068 Y8.518 E320.5441 F1800
G1 X70.010 Y8.072 E320.5590 F1800
G1 X70.000 Y8.000 E320.5615 F1800
G1 X70.059 Y7.555 E320.5764 F1800
G1 X70.068 Y7.482 E320.5788 F1800
G1 X70.240 Y7.067 E320.5938 F1800
G1 X70.268 Y7.000 E320.5962 F1800
G1 X70.541 Y6.644 E320.6111 F1800
G1 X70.586 Y6.586 E320.6136 F1800
G0 X70.268 Y51.000 F4800
G1 X70.541 Y50.644 E320.6285 F1800
G1 X70.586 Y50.586 E320.6309 F1800
G1 X70.942 Y50.312 E320.6459 F1800
G1 X71.000 Y50.268 E320.6483 F1800
G1 X71.415 Y50.096 E320.6632 F1800
G1 X71.482 Y50.068 E320.6657 F1800
G1 X71.928 Y50.010 E320.6806 F1800
G1 X72.000 Y50.000 E320.6830 F1800
G1 X72.445 Y50.059 E320.6980 F1800
G1 X72.518 Y50.068 E320.7004 F1800
G1 X72.933 Y50.240 E320.7153 F1800
G1 X73.000 Y50.268 E320.7177 F1800
G1 X73.356 Y50.541 E320.7327 F1800
G1 X73.414 Y50.586 E320.7351 F1800
G1 X73.688 Y50.942 E320.7501 F1800
G1 X73.732 Y51.000 E320.7525 F1800
G1 X73.904 Y51.415 E320.7674 F1800
G1 X73.932 Y51.482 E320.7698 F1800
G1 X73.990 Y51.928 E320.7848 F1800
G1 X74.000 Y52.000 E320.7872 F1800
G1 X73.941 Y52.445 E320.8021 F1800
G1 X73.932 Y52.518 E320.8046 F1800
G1 X73.760 Y52.933 E320.8195 F1800
G1 X73.732 Y53.000 E320.8219 F1800
G1 X73.459 Y53.356 E320.8369 F1800
G1 X73.414 Y53.414 E320.8393 F1800
G1 X73.058 Y53.688 E320.8542 F1800
G1 X73.000 Y53.732 E320.8567 F1800
G1 X72.585 Y53.904 E320.8716 F1800
G1 X72.518 Y53.932 E320.8740 F1800
G1 X72.072 Y53.990 E320.8890 F1800
G1 X72.000 Y54.000 E320.8914 F1800
G1 X71.555 Y53.941 E320.9063 F1800
G1 X71.482 Y53.932 E320.9088 F1800
G1 X71.067 Y53.760 E320.9237 F1800
G1 X71.000 Y53.732 E320.9261 F1800
G1 X70.644 Y53.459 E320.9411 F1800
G1 X70.586 Y53.414 E320.9435 F1800
G1 X70.312 Y53.058 E320.9584 F1800
G1 X70.268 Y53.000 E320.9609 F1800
G1 X70.096 Y52.585 E320.9758 F1800
G1 X70.068 Y52.518 E320.9782 F1800
G1 X70.010 Y52.072 E320.9932 F1800
G1 X70.000 Y52.000 E320.9956 F1800
G1 X70.059 Y51.555 E321.0105 F1800
G1 X70.068 Y51.482 E321.0130 F1800
G1 X70.240 Y51.067 E321.0279 F1800
G1 X70.268 Y51.000 E321.0303 F1800
G0 X6.068 Y51.482 F4800
G1 X6.240 Y51.067 E321.0453 F1800
G1 X6.268 Y51.000 E321.0477 F1800
G1 X6.541 Y50.644 E321.0626 F1800
G1 X6.586 Y50.586 E321.0651 F1800
G1 X6.942 Y50.312 E321.0800 F1800
G1 X7.000 Y50.268 E321.0824 F1800
G1 X7.415 Y50.096 E321.0974 F1800
G1 X7.482 Y50.068 E321.0998 F1800
G1 X7.928 Y50.010 E321.1147 F1800
G1 X8.000 Y50.000 E321.1171 F1800
G1 X8.445 Y50.059 E321.1321 F1800
G1 X8.518 Y50.068 E321.1345 F1800
G1 X8.933 Y50.240 E321.1495 F1800
G1 X9.000 Y50.268 E321.1519 F1800
G1 X9.356 Y50.541 E321.1668 F1800
G1 X9.414 Y50.586 E321.1692 F1800
G1 X9.688 Y50.942 E321.1842 F1800
G1 X9.732 Y51.000 E321.1866 F1800
G1 X9.904 Y51.415 E321.2015 F1800
G1 X9.932 Y51.482 E321.2040 F1800
G1 X9.990 Y51.928 E321.2189 F1800
G1 X10.000 Y52.000 E321.2213 F1800
G1 X9.941 Y52.445 E321.2363 F1800
G1 X9.932 Y52.518 E321.2387 F1800
G1 X9.760 Y52.933 E321.2536 F1800
G1 X9.732 Y53.000 E321.2561 F1800
G1 X9.459 Y53.356 E321.2710 F1800
G1 X9.414 Y53.414 E321.2734 F1800
G1 X9.058 Y53.688 E321.2884 F1800
G1 X9.000 Y53.732 E321.2908 F1800
G1 X8.585 Y53.904 E321.3057 F1800
G1 X8.518 Y53.932 E321.3082 F1800
G1 X8.072 Y53.990 E321.3231 F1800
G1 X8.000 Y54.000 E321.3255 F1800
G1 X7.555 Y53.941 E321.3405 F1800
G1 X7.482 Y53.932 E321.3429 F1800
G1 X7.067 Y53.760 E321.3578 F1800
G1 X7.000 Y53.732 E321.3603 F1800
G1 X6.644 Y53.459 E321.3752 F1800
G1 X6.586 Y53.414 E321.3776 F1800
G1 X6.312 Y53.058 E321.3926 F1800
G1 X6.268 Y53.000 E321.3950 F1800
G1 X6.096 Y52.585 E321.4099 F1800
G1 X6.068 Y52.518 E321.4124 F1800
G1 X6.010 Y52.072 E321.4273 F1800
G1 X6.000 Y52.000 E321.4297 F1800
G1 X6.059 Y51.555 E321.4447 F1800
G1 X6.068 Y51.482 E321.4471 F1800
G0 X0.000 Y68.842 F4800
G1 X0.000 Y71.778 E321.5448 F1800
G1 X0.000 Y77.184 E321.7246 F1800
G1 X0.000 Y84.297 E321.9611 F1800
G1 X34.843 Y84.297 E323.1200 F1800
G1 X80.000 Y84.297 E324.6219 F1800
G1 X80.000 Y77.579 E324.8454 F1800
G1 X80.000 Y68.842 E325.1360 F1800
G1 X15.968 Y68.842 E327.2657 F1800
G1 X0.000 Y68.842 E327.7968 F1800

;; LAYER 48 z=0.759
G1 Z0.759 F4800
G0 X0.000 Y15.553 F4800
G1 X0.000 Y60.000 E329.2751 F1800
G1 X59.262 Y60.000 E331.2462 F1800
G1 X80.000 Y60.000 E331.9359 F1800
G1 X80.000 Y48.614 E332.3146 F1800
G1 X80.000 Y0.000 E333.9315 F1800
G1 X64.819 Y0.000 E334.4364 F1800
G1 X0.000 Y0.000 E336.5923 F1800
G1 X0.000 Y1.139 E336.6302 F1800
G1 X0.000 Y1.898 E336.6554 F1800
G1 X0.000 Y10.627 E336.9458 F1800
G1 X0.000 Y11.386 E336.9710 F1800
G1 X0.000 Y15.553 E337.1096 F1800
G0 X6.586 Y6.586 F4800
G1 X6.921 Y6.328 E337.1237 F1800
G1 X7.000 Y6.268 E337.1270 F1800
G1 X7.391 Y6.106 E337.1410 F1800
G1 X7.482 Y6.068 E337.1443 F1800
G1 X7.902 Y6.013 E337.1584 F1800
G1 X8.000 Y6.000 E337.1617 F1800
G1 X8.419 Y6.055 E337.1758 F1800
G1 X8.518 Y6.068 E337.1791 F1800
G1 X8.908 Y6.230 E337.1931 F1800
G1 X9.000 Y6.268 E337.1964 F1800
G1 X9.336 Y6.525 E337.2105 F1800
G1 X9.414 Y6.586 E337.2138 F1800
G1 X9.672 Y6.921 E337.2279 F1800
G1 X9.732 Y7.000 E337.2312 F1800
G1 X9.894 Y7.391 E337.2452 F1800
G1 X9.932 Y7.482 E337.2485 F1800
G1 X9.987 Y7.902 E337.2626 F1800
G1 X10.000 Y8.000 E337.2659 F1800
G1 X9.945 Y8.419 E337.2800 F1800
G1 X9.932 Y8.518 E337.2833 F1800
G1 X9.770 Y8.908 E337.2973 F1800
G1 X9.732 Y9.000 E337.3006 F1800
G1 X9.475 Y9.336 E337.3147 F1800
G1 X9.414 Y9.414 E337.3180 F1800
G1 X9.079 Y9.672 E337.3321 F1800
G1 X9.000 Y9.732 E337.3354 F1800
G1 X8.609 Y9.894 E337.3494 F1800
G1 X8.518 Y9.932 E337.3527 F1800
G1 X8.098 Y9.987 E337.3668 F1800
G1 X8.000 Y10.000 E337.3701 F1800
G1 X7.581 Y9.945 E337.3842 F1800
G1 X7.482 Y9.932 E337.3875 F1800
G1 X7.092 Y9.770 E337.4015 F1800
G1 X7.000 Y9.732 E337.4048 F1800
G1 X6.664 Y9.475 E337.4189 F1800
G1 X6.586 Y9.414 E337.4222 F1800
G1 X6.328 Y9.079 E337.4363 F1800
G1 X6.268 Y9.000 E337.4395 F1800
G1 X6.106 Y8.609 E337.4536 F1800
G1 X6.068 Y8.518 E337.4569 F1800
G1 X6.013 Y8.098 E337.4710 F1800
G1 X6.000 Y8.000 E337.4743 F1800
G1 X6.055 Y7.581 E337.4883 F1800
G1 X6.068 Y7.482 E337.4916 F1800
G1 X6.230 Y7.092 E337.5057 F1800
G1 X6.268 Y7.000 E337.5090 F1800
G1 X6.525 Y6.664 E337.5231 F1800
G1 X6.586 Y6.586 E337.5264 F1800
G0 X70.586 Y6.586 F4800
G1 X70.921 Y6.328 E337.5404 F1800
G1 X71.000 Y6.268 E337.5437 F1800
G1 X71.391 Y6.106 E337.5578 F1800
G1 X71.482 Y6.068 E337.5611 F1800
G1 X71.902 Y6.013 E337.5752 F1800
G1 X72.000 Y6.000 E337.5785 F1800
G1 X72.419 Y6.055 E337.5925 F1800
G1 X72.518 Y6.068 E337.5958 F1800
G1 X72.908 Y6.230 E337.6099 F1800
G1 X73.000 Y6.268 E337.6132 F1800
G1 X73.336 Y6.525 E337.6273 F1800
G1 X73.414 Y6.586 E337.6306 F1800
G1 X73.672 Y6.921 E337.6446 F1800
G1 X73.732 Y7.000 E337.6479 F1800
G1 X73.894 Y7.391 E337.6620 F1800
G1 X73.932 Y7.482 E337.6653 F1800
G1 X73.987 Y7.902 E337.6794 F1800
G1 X74.000 Y8.000 E337.6827 F1800
G1 X73.945 Y8.419 E337.6967 F1800
G1 X73.932 Y8.518 E337.7000 F1800
G1 X73.770 Y8.908 E337.7141 F1800
G1 X73.732 Y9.000 E337.7174 F1800
G1 X73.475 Y9.336 E337.7315 F1800
G1 X73.414 Y9.414 E337.7348 F1800
G1 X73.079 Y9.672 E337.7488 F1800
G1 X73.000 Y9.732 E337.7521 F1800
G1 X72.609 Y9.894 E337.7662 F1800
G1 X72.518 Y9.932 E337.7695 F1800
G1 X72.098 Y9.987 E337.7836 F1800
G1 X72.000 Y10.000 E337.7869 F1800
G1 X71.581 Y9.945 E337.8009 F1800
G1 X71.482 Y9.932 E337.8042 F1800
G1 X71.092 Y9.770 E337.8183 F1800
G1 X71.000 Y9.732 E337.8216 F1800
G1 X70.664 Y9.475 E337.8357 F1800
G1 X70.586 Y9.414 E337.8389 F1800
G1 X70.328 Y9.079 E337.8530 F1800
G1 X70.268 Y9.000 E337.8563 F1800
G1 X70.106 Y8.609 E337.8704 F1800
G1 X70.068 Y8.518 E337.8737 F1800
G1 X70.013 Y8.098 E337.8877 F1800
G1 X70.000 Y8.000 E337.8910 F1800
G1 X70.055 Y7.581 E337.9051 F1800
G1 X70.068 Y7.482 E337.9084 F1800
G1 X70.230 Y7.092 E337.9225 F1800
G1 X70.268 Y7.000 E337.9258 F1800
G1 X70.525 Y6.664 E337.9398 F1800
G1 X70.586 Y6.586 E337.9431 F1800
G0 X70.268 Y51.000 F4800
G1 X70.525 Y50.664 E337.9572 F1800
G1 X70.586 Y50.586 E337.9605 F1800
G1 X70.921 Y50.328 E337.9746 F1800
G1 X71.000 Y50.268 E337.9779 F1800
G1 X71.391 Y50.106 E337.9919 F1800
G1 X71.482 Y50.068 E337.9952 F1800
G1 X71.902 Y50.013 E338.0093 F1800
G1 X72.000 Y50.000 E338.0126 F1800
G1 X72.419 Y50.055 E338.0267 F1800
G1 X72.518 Y50.068 E338.0300 F1800
G1 X72.908 Y50.230 E338.0440 F1800
G1 X73.000 Y50.268 E338.0473 F1800
G1 X73.336 Y50.525 E338.0614 F1800
G1 X73.414 Y50.586 E338.0647 F1800
G1 X73.672 Y50.921 E338.0788 F1800
G1 X73.732 Y51.000 E338.0821 F1800
G1 X73.894 Y51.391 E338.0961 F1800
G1 X73.932 Y51.482 E338.0994 F1800
G1 X73.987 Y51.902 E338.1135 F1800
G1 X74.000 Y52.000 E338.1168 F1800
G1 X73.945 Y52.419 E338.1309 F1800
G1 X73.932 Y52.518 E338.1342 F1800
G1 X73.770 Y52.908 E338.1482 F1800
G1 X73.732 Y53.000 E338.1515 F1800
G1 X73.475 Y53.336 E338.1656 F1800
G1 X73.414 Y53.414 E338.1689 F1800
G1 X73.079 Y53.672 E338.1830 F1800
G1 X73.000 Y53.732 E338.1863 F1800
G1 X72.609 Y53.894 E338.2003 F1800
G1 X72.518 Y53.932 E338.2036 F1800
G1 X72.098 Y53.987 E338.2177 F1800
G1 X72.000 Y54.000 E338.2210 F1800
G1 X71.581 Y53.945 E338.2351 F1800
G1 X71.482 Y53.932 E338.2383 F1800
G1 X71.092 Y53.770 E338.2524 F1800
G1 X71.000 Y53.732 E338.2557 F1800
G1 X70.664 Y53.475 E338.2698 F1800
G1 X70.586 Y53.414 E338.2731 F1800
G1 X70.328 Y53.079 E338.2872 F1800
G1 X70.268 Y53.000 E338.2904 F1800
G1 X70.106 Y52.609 E338.3045 F1800
G1 X70.068 Y52.518 E338.3078 F1800
G1 X70.013 Y52.098 E338.3219 F1800
G1 X70.000 Y52.000 E338.3252 F1800
G1 X70.055 Y51.581 E338.3392 F1800
G1 X70.068 Y51.482 E338.3425 F1800
G1 X70.230 Y51.092 E338.3566 F1800
G1 X70.268 Y51.000 E338.3599 F1800
G0 X6.068 Y51.482 F4800
G1 X6.230 Y51.092 E338.3740 F1800
G1 X6.268 Y51.000 E338.3773 F1800
G1 X6.525 Y50.664 E338.3913 F1800
G1 X6.586 Y50.586 E338.3946 F1800
G1 X6.921 Y50.328 E338.4087 F1800
G1 X7.000 Y50.268 E338.4120 F1800
G1 X7.391 Y50.106 E338.4261 F1800
G1 X7.482 Y50.068 E338.4294 F1800
G1 X7.902 Y50.013 E338.4434 F1800
G1 X8.000 Y50.000 E338.4467 F1800
G1 X8.419 Y50.055 E338.4608 F1800
G1 X8.518 Y50.068 E338.4641 F1800
G1 X8.908 Y50.230 E338.4782 F1800
G1 X9.000 Y50.268 E338.4815 F1800
G1 X9.336 Y50.525 E338.4955 F1800
G1 X9.414 Y50.586 E338.4988 F1800
G1 X9.672 Y50.921 E338.5129 F1800
G1 X9.732 Y51.000 E338.5162 F1800
G1 X9.894 Y51.391 E338.5303 F1800
G1 X9.932 Y51.482 E338.5336 F1800
G1 X9.987 Y51.902 E338.5476 F1800
G1 X10.000 Y52.000 E338.5509 F1800
G1 X9.945 Y52.419 E338.5650 F1800
G1 X9.932 Y52.518 E338.5683 F1800
G1 X9.770 Y52.908 E338.5824 F1800
G1 X9.732 Y53.000 E338.5857 F1800
G1 X9.475 Y53.336 E338.5997 F1800
G1 X9.414 Y53.414 E338.6030 F1800
G1 X9.079 Y53.672 E338.6171 F1800
G1 X9.000 Y53.732 E338.6204 F1800
G1 X8.609 Y53.894 E338.6345 F1800
G1 X8.518 Y53.932 E338.6378 F1800
G1 X8.098 Y53.987 E338.6518 F1800
G1 X8.000 Y54.000 E338.6551 F1800
G1 X7.581 Y53.945 E338.6692 F1800
G1 X7.482 Y53.932 E338.6725 F1800
G1 X7.092 Y53.770 E338.6866 F1800
G1 X7.000 Y53.732 E338.6898 F1800
G1 X6.664 Y53.475 E338.7039 F1800
G1 X6.586 Y53.414 E338.7072 F1800
G1 X6.328 Y53.079 E338.7213 F1800
G1 X6.268 Y53.000 E338.7246 F1800
G1 X6.106 Y52.609 E338.7386 F1800
G1 X6.068 Y52.518 E338.7419 F1800
G1 X6.013 Y52.098 E338.7560 F1800
G1 X6.000 Y52.000 E338.7593 F1800
G1 X6.055 Y51.581 E338.7734 F1800
G1 X6.068 Y51.482 E338.7767 F1800
G0 X0.000 Y68.095 F4800
G1 X0.000 Y71.094 E338.8764 F1800
G1 X0.000 Y76.185 E339.0457 F1800
G1 X0.000 Y83.550 E339.2907 F1800
G1 X36.080 Y83.550 E340.4907 F1800
G1 X80.000 Y83.550 E341.9515 F1800
G1 X80.000 Y77.016 E342.1688 F1800
G1 X80.000 Y68.095 E342.4655 F1800
G1 X14.620 Y68.095 E344.6401 F1800
G1 X0.000 Y68.095 E345.1264 F1800

;; LAYER 49 z=0.959
G1 Z0.959 F4800
G0 X0.000 Y19.651 F4800
G1 X0.000 Y60.000 E346.4684 F1800
G1 X53.798 Y60.000 E348.2577 F1800
G1 X80.000 Y60.000 E349.1292 F1800
G1 X80.000 Y45.614 E349.6076 F1800
G1 X80.000 Y0.000 E351.1248 F1800
G1 X60.819 Y0.000 E351.7627 F1800
G1 X0.000 Y0.000 E353.7856 F1800
G1 X0.000 Y1.439 E353.8334 F1800
G1 X0.000 Y2.398 E353.8653 F1800
G1 X0.000 Y13.427 E354.2322 F1800
G1 X0.000 Y14.386 E354.2641 F1800
G1 X0.000 Y19.651 E354.4392 F1800
G0 X6.586 Y6.586 F4800
G1 X6.901 Y6.344 E354.4524 F1800
G1 X7.000 Y6.268 E354.4566 F1800
G1 X7.367 Y6.116 E354.4698 F1800
G1 X7.482 Y6.068 E354.4739 F1800
G1 X7.876 Y6.016 E354.4871 F1800
G1 X8.000 Y6.000 E354.4913 F1800
G1 X8.394 Y6.052 E354.5045 F1800
G1 X8.518 Y6.068 E354.5087 F1800
G1 X8.884 Y6.220 E354.5219 F1800
G1 X9.000 Y6.268 E354.5260 F1800
G1 X9.315 Y6.510 E354.5392 F1800
G1 X9.414 Y6.586 E354.5434 F1800
G1 X9.656 Y6.901 E354.5566 F1800
G1 X9.732 Y7.000 E354.5607 F1800
G1 X9.884 Y7.367 E354.5739 F1800
G1 X9.932 Y7.482 E354.5781 F1800
G1 X9.984 Y7.876 E354.5913 F1800
G1 X10.000 Y8.000 E354.5955 F1800
G1 X9.948 Y8.394 E354.6087 F1800
G1 X9.932 Y8.518 E354.6128 F1800
G1 X9.780 Y8.884 E354.6260 F1800
G1 X9.732 Y9.000 E354.6302 F1800
G1 X9.490 Y9.315 E354.6434 F1800
G1 X9.414 Y9.414 E354.6476 F1800
G1 X9.099 Y9.656 E354.6608 F1800
G1 X9.000 Y9.732 E354.6649 F1800
G1 X8.633 Y9.884 E354.6781 F1800
G1 X8.518 Y9.932 E354.6823 F1800
G1 X8.124 Y9.984 E354.6955 F1800
G1 X8.000 Y10.000 E354.6997 F1800
G1 X7.606 Y9.948 E354.7129 F1800
G1 X7.482 Y9.932 E354.7170 F1800
G1 X7.116 Y9.780 E354.7302 F1800
G1 X7.000 Y9.732 E354.7344 F1800
G1 X6.685 Y9.490 E354.7476 F1800
G1 X6.586 Y9.414 E354.7518 F1800
G1 X6.344 Y9.099 E354.7650 F1800
G1 X6.268 Y9.000 E354.7691 F1800
G1 X6.116 Y8.633 E354.7823 F1800
G1 X6.068 Y8.518 E354.7865 F1800
G1 X6.016 Y8.124 E354.7997 F1800
G1 X6.000 Y8.000 E354.8039 F1800
G1 X6.052 Y7.606 E354.8171 F1800
G1 X6.068 Y7.482 E354.8212 F1800
G1 X6.220 Y7.116 E354.8344 F1800
G1 X6.268 Y7.000 E354.8386 F1800
G1 X6.510 Y6.685 E354.8518 F1800
G1 X6.586 Y6.586 E354.8560 F1800
G0 X70.586 Y6.586 F4800
G1 X70.901 Y6.344 E354.8692 F1800
G1 X71.000 Y6.268 E354.8733 F1800
G1 X71.367 Y6.116 E354.8865 F1800
G1 X71.482 Y6.068 E354.8907 F1800
G1 X71.876 Y6.016 E354.9039 F1800
G1 X72.000 Y6.000 E354.9081 F1800
G1 X72.394 Y6.052 E354.9213 F1800
G1 X72.518 Y6.068 E354.9254 F1800
G1 X72.884 Y6.220 E354.9386 F1800
G1 X73.000 Y6.268 E354.9428 F1800
G1 X73.315 Y6.510 E354.9560 F1800
G1 X73.414 Y6.586 E354.9601 F1800
G1 X73.656 Y6.901 E354.9734 F1800
G1 X73.732 Y7.000 E354.9775 F1800
G1 X73.884 Y7.367 E354.9907 F1800
G1 X73.932 Y7.482 E354.9949 F1800
G1 X73.984 Y7.876 E355.0081 F1800
G1 X74.000 Y8.000 E355.0122 F1800
G1 X73.948 Y8.394 E355.0254 F1800
G1 X73.932 Y8.518 E355.0296 F1800
G1 X73.780 Y8.884 E355.0428 F1800
G1 X73.732 Y9.000 E355.0470 F1800
G1 X73.490 Y9.315 E355.0602 F1800
G1 X73.414 Y9.414 E355.0643 F1800
G1 X73.099 Y9.656 E355.0775 F1800
G1 X73.000 Y9.732 E355.0817 F1800
G1 X72.633 Y9.884 E355.0949 F1800
G1 X72.518 Y9.932 E355.0991 F1800
G1 X72.124 Y9.984 E355.1123 F1800
G1 X72.000 Y10.000 E355.1164 F1800
G1 X71.606 Y9.948 E355.1296 F1800
G1 X71.482 Y9.932 E355.1338 F1800
G1 X71.116 Y9.780 E355.1470 F1800
G1 X71.000 Y9.732 E355.1512 F1800
G1 X70.685 Y9.490 E355.1644 F1800
G1 X70.586 Y9.414 E355.1685 F1800
G1 X70.344 Y9.099 E355.1817 F1800
G1 X70.268 Y9.000 E355.1859 F1800
G1 X70.116 Y8.633 E355.1991 F1800
G1 X70.068 Y8.518 E355.2033 F1800
G1 X70.016 Y8.124 E355.2165 F1800
G1 X70.000 Y8.000 E355.2206 F1800
G1 X70.052 Y7.606 E355.2338 F1800
G1 X70.068 Y7.482 E355.2380 F1800
G1 X70.220 Y7.116 E355.2512 F1800
G1 X70.268 Y7.000 E355.2554 F1800
G1 X70.510 Y6.685 E355.2686 F1800
G1 X70.586 Y6.586 E355.2727 F1800
G0 X70.268 Y51.000 F4800
G1 X70.510 Y50.685 E355.2859 F1800
G1 X70.586 Y50.586 E355.2901 F1800
G1 X70.901 Y50.344 E355.3033 F1800
G1 X71.000 Y50.268 E355.3075 F1800
G1 X71.367 Y50.116 E355.3207 F1800
G1 X71.482 Y50.068 E355.3248 F1800
G1 X71.876 Y50.016 E355.3380 F1800
G1 X72.000 Y50.000 E355.3422 F1800
G1 X72.394 Y50.052 E355.3554 F1800
G1 X72.518 Y50.068 E355.3596 F1800
G1 X72.884 Y50.220 E355.3728 F1800
G1 X73.000 Y50.268 E355.3769 F1800
G1 X73.315 Y50.510 E355.3901 F1800
G1 X73.414 Y50.586 E355.3943 F1800
G1 X73.656 Y50.901 E355.4075 F1800
G1 X73.732 Y51.000 E355.4116 F1800
G1 X73.884 Y51.367 E355.4248 F1800
G1 X73.932 Y51.482 E355.4290 F1800
G1 X73.984 Y51.876 E355.4422 F1800
G1 X74.000 Y52.000 E355.4464 F1800
G1 X73.948 Y52.394 E355.4596 F1800
G1 X73.932 Y52.518 E355.4637 F1800
G1 X73.780 Y52.884 E355.4769 F1800
G1 X73.732 Y53.000 E355.4811 F1800
G1 X73.490 Y53.315 E355.4943 F1800
G1 X73.414 Y53.414 E355.4985 F1800
G1 X73.099 Y53.656 E355.5117 F1800
G1 X73.000 Y53.732 E355.5158 F1800
G1 X72.633 Y53.884 E355.5290 F1800
G1 X72.518 Y53.932 E355.5332 F1800
G1 X72.124 Y53.984 E355.5464 F1800
G1 X72.000 Y54.000 E355.5506 F1800
G1 X71.606 Y53.948 E355.5638 F1800
G1 X71.482 Y53.932 E355.5679 F1800
G1 X71.116 Y53.780 E355.5811 F1800
G1 X71.000 Y53.732 E355.5853 F1800
G1 X70.685 Y53.490 E355.5985 F1800
G1 X70.586 Y53.414 E355.6027 F1800
G1 X70.344 Y53.099 E355.6159 F1800
G1 X70.268 Y53.000 E355.6200 F1800
G1 X70.116 Y52.633 E355.6332 F1800
G1 X70.068 Y52.518 E355.6374 F1800
G1 X70.016 Y52.124 E355.6506 F1800
G1 X70.000 Y52.000 E355.6548 F1800
G1 X70.052 Y51.606 E355.6680 F1800
G1 X70.068 Y51.482 E355.6721 F1800
G1 X70.220 Y51.116 E355.6853 F1800
G1 X70.268 Y51.000 E355.6895 F1800
G0 X6.068 Y51.482 F4800
G1 X6.220 Y51.116 E355.7027 F1800
G1 X6.268 Y51.000 E355.7069 F1800
G1 X6.510 Y50.685 E355.7201 F1800
G1 X6.586 Y50.586 E355.7242 F1800
G1 X6.901 Y50.344 E355.7374 F1800
G1 X7.000 Y50.268 E355.7416 F1800
G1 X7.367 Y50.116 E355.7548 F1800
G1 X7.482 Y50.068 E355.7590 F1800
G1 X7.876 Y50.016 E355.7722 F1800
G1 X8.000 Y50.000 E355.7763 F1800
G1 X8.394 Y50.052 E355.7895 F1800
G1 X8.518 Y50.068 E355.7937 F1800
G1 X8.884 Y50.220 E355.8069 F1800
G1 X9.000 Y50.268 E355.8110 F1800
G1 X9.315 Y50.510 E355.8242 F1800
G1 X9.414 Y50.586 E355.8284 F1800
G1 X9.656 Y50.901 E355.8416 F1800
G1 X9.732 Y51.000 E355.8458 F1800
G1 X9.884 Y51.367 E355.8590 F1800
G1 X9.932 Y51.482 E355.8631 F1800
G1 X9.984 Y51.876 E355.8763 F1800
G1 X10.000 Y52.000 E355.8805 F1800
G1 X9.948 Y52.394 E355.8937 F1800
G1 X9.932 Y52.518 E355.8979 F1800
G1 X9.780 Y52.884 E355.9111 F1800
G1 X9.732 Y53.000 E355.9152 F1800
G1 X9.490 Y53.315 E355.9284 F1800
G1 X9.414 Y53.414 E355.9326 F1800
G1 X9.099 Y53.656 E355.9458 F1800
G1 X9.000 Y53.732 E355.9500 F1800
G1 X8.633 Y53.884 E355.9632 F1800
G1 X8.518 Y53.932 E355.9673 F1800
G1 X8.124 Y53.984 E355.9805 F1800
G1 X8.000 Y54.000 E355.9847 F1800
G1 X7.606 Y53.948 E355.9979 F1800
G1 X7.482 Y53.932 E356.0021 F1800
G1 X7.116 Y53.780 E356.0153 F1800
G1 X7.000 Y53.732 E356.0194 F1800
G1 X6.685 Y53.490 E356.0326 F1800
G1 X6.586 Y53.414 E356.0368 F1800
G1 X6.344 Y53.099 E356.0500 F1800
G1 X6.268 Y53.000 E356.0542 F1800
G1 X6.116 Y52.633 E356.0674 F1800
G1 X6.068 Y52.518 E356.0715 F1800
G1 X6.016 Y52.124 E356.0847 F1800
G1 X6.000 Y52.000 E356.0889 F1800
G1 X6.052 Y51.606 E356.1021 F1800
G1 X6.068 Y51.482 E356.1063 F1800
G0 X0.000 Y67.349 F4800
G1 X0.000 Y70.409 E356.2080 F1800
G1 X0.000 Y75.186 E356.3669 F1800
G1 X0.000 Y82.804 E356.6203 F1800
G1 X37.316 Y82.804 E357.8614 F1800
G1 X80.000 Y82.804 E359.2811 F1800
G1 X80.000 Y76.454 E359.4923 F1800
G1 X80.000 Y67.349 E359.7951 F1800
G1 X13.272 Y67.349 E362.0145 F1800
G1 X0.000 Y67.349 E362.4559 F1800

;; LAYER 50 z=1.159
G1 Z1.159 F4800
G0 X0.000 Y23.749 F4800
G1 X0.000 Y60.000 E363.6616 F1800
G1 X48.334 Y60.000 E365.2692 F1800
G1 X80.000 Y60.000 E366.3225 F1800
G1 X80.000 Y42.614 E366.9007 F1800
G1 X80.000 Y0.000 E368.3181 F1800
G1 X56.819 Y0.000 E369.0891 F1800
G1 X0.000 Y0.000 E370.9789 F1800
G1 X0.000 Y1.739 E371.0367 F1800
G1 X0.000 Y2.898 E371.0752 F1800
G1 X0.000 Y16.227 E371.5186 F1800
G1 X0.000 Y17.386 E371.5571 F1800
G1 X0.000 Y23.749 E371.7688 F1800
G0 X6.586 Y6.586 F4800
G1 X6.880 Y6.360 E371.7811 F1800
G1 X7.000 Y6.268 E371.7861 F1800
G1 X7.343 Y6.126 E371.7985 F1800
G1 X7.482 Y6.068 E371.8035 F1800
G1 X7.850 Y6.020 E371.8158 F1800
G1 X8.000 Y6.000 E371.8209 F1800
G1 X8.368 Y6.048 E371.8332 F1800
G1 X8.518 Y6.068 E371.8382 F1800
G1 X8.860 Y6.210 E371.8506 F1800
G1 X9.000 Y6.268 E371.8556 F1800
G1 X9.294 Y6.494 E371.8679 F1800
G1 X9.414 Y6.586 E371.8730 F1800
G1 X9.640 Y6.880 E371.8853 F1800
G1 X9.732 Y7.000 E371.8903 F1800
G1 X9.874 Y7.343 E371.9027 F1800
G1 X9.932 Y7.482 E371.9077 F1800
G1 X9.980 Y7.850 E371.9200 F1800
G1 X10.000 Y8.000 E371.9251 F1800
G1 X9.952 Y8.368 E371.9374 F1800
G1 X9.932 Y8.518 E371.9424 F1800
G1 X9.790 Y8.860 E371.9548 F1800
G1 X9.732 Y9.000 E371.9598 F1800
G1 X9.506 Y9.294 E371.9721 F1800
G1 X9.414 Y9.414 E371.9772 F1800
G1 X9.120 Y9.640 E371.9895 F1800
G1 X9.000 Y9.732 E371.9945 F1800
G1 X8.657 Y9.874 E372.0069 F1800
G1 X8.518 Y9.932 E372.0119 F1800
G1 X8.150 Y9.980 E372.0242 F1800
G1 X8.000 Y10.000 E372.0293 F1800
G1 X7.632 Y9.952 E372.0416 F1800
G1 X7.482 Y9.932 E372.0466 F1800
G1 X7.140 Y9.790 E372.0590 F1800
G1 X7.000 Y9.732 E372.0640 F1800
G1 X6.706 Y9.506 E372.0763 F1800
G1 X6.586 Y9.414 E372.0814 F1800
G1 X6.360 Y9.120 E372.0937 F1800
G1 X6.268 Y9.000 E372.0987 F1800
G1 X6.126 Y8.657 E372.1110 F1800
G1 X6.068 Y8.518 E372.1161 F1800
G1 X6.020 Y8.150 E372.1284 F1800
G1 X6.000 Y8.000 E372.1334 F1800
G1 X6.048 Y7.632 E372.1458 F1800
G1 X6.068 Y7.482 E372.1508 F1800
G1 X6.210 Y7.140 E372.1631 F1800
G1 X6.268 Y7.000 E372.1682 F1800
G1 X6.494 Y6.706 E372.1805 F1800
G1 X6.586 Y6.586 E372.1855 F1800
G0 X70.586 Y6.586 F4800
G1 X70.880 Y6.360 E372.1979 F1800
G1 X71.000 Y6.268 E372.2029 F1800
G1 X71.343 Y6.126 E372.2152 F1800
G1 X71.482 Y6.068 E372.2203 F1800
G1 X71.850 Y6.020 E372.2326 F1800
G1 X72.000 Y6.000 E372.2376 F1800
G1 X72.368 Y6.048 E372.2500 F1800
G1 X72.518 Y6.068 E372.2550 F1800
G1 X72.860 Y6.210 E372.2673 F1800
G1 X73.000 Y6.268 E372.2724 F1800
G1 X73.294 Y6.494 E372.2847 F1800
G1 X73.414 Y6.586 E372.2897 F1800
G1 X73.640 Y6.880 E372.3021 F1800
G1 X73.732 Y7.000 E372.3071 F1800
G1 X73.874 Y7.343 E372.3194 F1800
G1 X73.932 Y7.482 E372.3245 F1800
G1 X73.980 Y7.850 E372.3368 F1800
G1 X74.000 Y8.000 E372.3418 F1800
G1 X73.952 Y8.368 E372.3542 F1800
G1 X73.932 Y8.518 E372.3592 F1800
G1 X73.790 Y8.860 E372.3715 F1800
G1 X73.732 Y9.000 E372.3766 F1800
G1 X73.506 Y9.294 E372.3889 F1800
G1 X73.414 Y9.414 E372.3939 F1800
G1 X73.120 Y9.640 E372.4063 F1800
G1 X73.000 Y9.732 E372.4113 F1800
G1 X72.657 Y9.874 E372.4236 F1800
G1 X72.518 Y9.932 E372.4287 F1800
G1 X72.150 Y9.980 E372.4410 F1800
G1 X72.000 Y10.000 E372.4460 F1800
G1 X71.632 Y9.952 E372.4584 F1800
G1 X71.482 Y9.932 E372.4634 F1800
G1 X71.140 Y9.790 E372.4757 F1800
G1 X71.000 Y9.732 E372.4808 F1800
G1 X70.706 Y9.506 E372.4931 F1800
G1 X70.586 Y9.414 E372.4981 F1800
G1 X70.360 Y9.120 E372.5105 F1800
G1 X70.268 Y9.000 E372.5155 F1800
G1 X70.126 Y8.657 E372.5278 F1800
G1 X70.068 Y8.518 E372.5328 F1800
G1 X70.020 Y8.150 E372.5452 F1800
G1 X70.000 Y8.000 E372.5502 F1800
G1 X70.048 Y7.632 E372.5625 F1800
G1 X70.068 Y7.482 E372.5676 F1800
G1 X70.210 Y7.140 E372.5799 F1800
G1 X70.268 Y7.000 E372.5849 F1800
G1 X70.494 Y6.706 E372.5973 F1800
G1 X70.586 Y6.586 E372.6023 F1800
G0 X70.268 Y51.000 F4800
G1 X70.494 Y50.706 E372.6146 F1800
G1 X70.586 Y50.586 E372.6197 F1800
G1 X70.880 Y50.360 E372.6320 F1800
G1 X71.000 Y50.268 E372.6370 F1800
G1 X71.343 Y50.126 E372.6494 F1800
G1 X71.482 Y50.068 E372.6544 F1800
G1 X71.850 Y50.020 E372.6667 F1800
G1 X72.000 Y50.000 E372.6718 F1800
G1 X72.368 Y50.048 E372.6841 F1800
G1 X72.518 Y50.068 E372.6891 F1800
G1 X72.860 Y50.210 E372.7015 F1800
G1 X73.000 Y50.268 E372.7065 F1800
G1 X73.294 Y50.494 E372.7188 F1800
G1 X73.414 Y50.586 E372.7239 F1800
G1 X73.640 Y50.880 E372.7362 F1800
G1 X73.732 Y51.000 E372.7412 F1800
G1 X73.874 Y51.343 E372.7536 F1800
G1 X73.932 Y51.482 E372.7586 F1800
G1 X73.980 Y51.850 E372.7709 F1800
G1 X74.000 Y52.000 E372.7760 F1800
G1 X73.952 Y52.368 E372.7883 F1800
G1 X73.932 Y52.518 E372.7933 F1800
G1 X73.790 Y52.860 E372.8057 F1800
G1 X73.732 Y53.000 E372.8107 F1800
G1 X73.506 Y53.294 E372.8230 F1800
G1 X73.414 Y53.414 E372.8281 F1800
G1 X73.120 Y53.640 E372.8404 F1800
G1 X73.000 Y53.732 E372.8454 F1800
G1 X72.657 Y53.874 E372.8578 F1800
G1 X72.518 Y53.932 E372.8628 F1800
G1 X72.150 Y53.980 E372.8751 F1800
G1 X72.000 Y54.000 E372.8802 F1800
G1 X71.632 Y53.952 E372.8925 F1800
G1 X71.482 Y53.932 E372.8975 F1800
G1 X71.140 Y53.790 E372.9099 F1800
G1 X71.000 Y53.732 E372.9149 F1800
G1 X70.706 Y53.506 E372.9272 F1800
G1 X70.586 Y53.414 E372.9322 F1800
G1 X70.360 Y53.120 E372.9446 F1800
G1 X70.268 Y53.000 E372.9496 F1800
G1 X70.126 Y52.657 E372.9619 F1800
G1 X70.068 Y52.518 E372.9670 F1800
G1 X70.020 Y52.150 E372.9793 F1800
G1 X70.000 Y52.000 E372.9843 F1800
G1 X70.048 Y51.632 E372.9967 F1800
G1 X70.068 Y51.482 E373.0017 F1800
G1 X70.210 Y51.140 E373.0140 F1800
G1 X70.268 Y51.000 E373.0191 F1800
G0 X6.068 Y51.482 F4800
G1 X6.210 Y51.140 E373.0314 F1800
G1 X6.268 Y51.000 E373.0364 F1800
G1 X6.494 Y50.706 E373.0488 F1800
G1 X6.586 Y50.586 E373.0538 F1800
G1 X6.880 Y50.360 E373.0661 F1800
G1 X7.000 Y50.268 E373.0712 F1800
G1 X7.343 Y50.126 E373.0835 F1800
G1 X7.482 Y50.068 E373.0885 F1800
G1 X7.850 Y50.020 E373.1009 F1800
G1 X8.000 Y50.000 E373.1059 F1800
G1 X8.368 Y50.048 E373.1182 F1800
G1 X8.518 Y50.068 E373.1233 F1800
G1 X8.860 Y50.210 E373.1356 F1800
G1 X9.000 Y50.268 E373.1406 F1800
G1 X9.294 Y50.494 E373.1530 F1800
G1 X9.414 Y50.586 E373.1580 F1800
G1 X9.640 Y50.880 E373.1703 F1800
G1 X9.732 Y51.000 E373.1754 F1800
G1 X9.874 Y51.343 E373.1877 F1800
G1 X9.932 Y51.482 E373.1927 F1800
G1 X9.980 Y51.850 E373.2051 F1800
G1 X10.000 Y52.000 E373.2101 F1800
G1 X9.952 Y52.368 E373.2224 F1800
G1 X9.932 Y52.518 E373.2275 F1800
G1 X9.790 Y52.860 E373.2398 F1800
G1 X9.732 Y53.000 E373.2448 F1800
G1 X9.506 Y53.294 E373.2572 F1800
G1 X9.414 Y53.414 E373.2622 F1800
G1 X9.120 Y53.640 E373.2745 F1800
G1 X9.000 Y53.732 E373.2796 F1800
G1 X8.657 Y53.874 E373.2919 F1800
G1 X8.518 Y53.932 E373.2969 F1800
G1 X8.150 Y53.980 E373.3093 F1800
G1 X8.000 Y54.000 E373.3143 F1800
G1 X7.632 Y53.952 E373.3266 F1800
G1 X7.482 Y53.932 E373.3317 F1800
G1 X7.140 Y53.790 E373.3440 F1800
G1 X7.000 Y53.732 E373.3490 F1800
G1 X6.706 Y53.506 E373.3613 F1800
G1 X6.586 Y53.414 E373.3664 F1800
G1 X6.360 Y53.120 E373.3787 F1800
G1 X6.268 Y53.000 E373.3837 F1800
G1 X6.126 Y52.657 E373.3961 F1800
G1 X6.068 Y52.518 E373.4011 F1800
G1 X6.020 Y52.150 E373.4134 F1800
G1 X6.000 Y52.000 E373.4185 F1800
G1 X6.048 Y51.632 E373.4308 F1800
G1 X6.068 Y51.482 E373.4358 F1800
G0 X0.000 Y66.603 F4800
G1 X0.000 Y69.724 E373.5397 F1800
G1 X0.000 Y74.188 E373.6881 F1800
G1 X0.000 Y82.057 E373.9499 F1800
G1 X38.552 Y82.057 E375.2321 F1800
G1 X80.000 Y82.057 E376.6107 F1800
G1 X80.000 Y75.891 E376.8158 F1800
G1 X80.000 Y66.603 E377.1247 F1800
G1 X11.924 Y66.603 E379.3889 F1800
G1 X0.000 Y66.603 E379.7855 F1800

;; LAYER 51 z=1.359
G1 Z1.359 F4800
G0 X0.000 Y27.847 F4800
G1 X0.000 Y60.000 E380.8549 F1800
G1 X42.870 Y60.000 E382.2808 F1800
G1 X80.000 Y60.000 E383.5157 F1800
G1 X80.000 Y39.614 E384.1938 F1800
G1 X80.000 Y0.000 E385.5113 F1800
G1 X52.819 Y0.000 E386.4154 F1800
G1 X0.000 Y0.000 E388.1722 F1800
G1 X0.000 Y2.039 E388.2400 F1800
G1 X0.000 Y3.398 E388.2852 F1800
G1 X0.000 Y19.027 E388.8050 F1800
G1 X0.000 Y20.386 E388.8502 F1800
G1 X0.000 Y27.847 E389.0984 F1800
G0 X6.586 Y6.586 F4800
G1 X6.859 Y6.376 E389.1098 F1800
G1 X7.000 Y6.268 E389.1157 F1800
G1 X7.318 Y6.136 E389.1272 F1800
G1 X7.482 Y6.068 E389.1331 F1800
G1 X7.824 Y6.023 E389.1446 F1800
G1 X8.000 Y6.000 E389.1505 F1800
G1 X8.342 Y6.045 E389.1619 F1800
G1 X8.518 Y6.068 E389.1678 F1800
G1 X8.836 Y6.200 E389.1793 F1800
G1 X9.000 Y6.268 E389.1852 F1800
G1 X9.273 Y6.478 E389.1967 F1800
G1 X9.414 Y6.586 E389.2026 F1800
G1 X9.624 Y6.859 E389.2140 F1800
G1 X9.732 Y7.000 E389.2199 F1800
G1 X9.864 Y7.318 E389.2314 F1800
G1 X9.932 Y7.482 E389.2373 F1800
G1 X9.977 Y7.824 E389.2487 F1800
G1 X10.000 Y8.000 E389.2546 F1800
G1 X9.955 Y8.342 E389.2661 F1800
G1 X9.932 Y8.518 E389.2720 F1800
G1 X9.800 Y8.836 E389.2835 F1800
G1 X9.732 Y9.000 E389.2894 F1800
G1 X9.522 Y9.273 E389.3008 F1800
G1 X9.414 Y9.414 E389.3067 F1800
G1 X9.141 Y9.624 E389.3182 F1800
G1 X9.000 Y9.732 E389.3241 F1800
G1 X8.682 Y9.864 E389.3356 F1800
G1 X8.518 Y9.932 E389.3415 F1800
G1 X8.176 Y9.977 E389.3529 F1800
G1 X8.000 Y10.000 E389.3588 F1800
G1 X7.658 Y9.955 E389.3703 F1800
G1 X7.482 Y9.932 E389.3762 F1800
G1 X7.164 Y9.800 E389.3877 F1800
G1 X7.000 Y9.732 E389.3936 F1800
G1 X6.727 Y9.522 E389.4050 F1800
G1 X6.586 Y9.414 E389.4109 F1800
G1 X6.376 Y9.141 E389.4224 F1800
G1 X6.268 Y9.000 E389.4283 F1800
G1 X6.136 Y8.682 E389.4398 F1800
G1 X6.068 Y8.518 E389.4457 F1800
G1 X6.023 Y8.176 E389.4571 F1800
G1 X6.000 Y8.000 E389.4630 F1800
G1 X6.045 Y7.658 E389.4745 F1800
G1 X6.068 Y7.482 E389.4804 F1800
G1 X6.200 Y7.164 E389.4919 F1800
G1 X6.268 Y7.000 E389.4978 F1800
G1 X6.478 Y6.727 E389.5092 F1800
G1 X6.586 Y6.586 E389.5151 F1800
G0 X70.586 Y6.586 F4800
G1 X70.859 Y6.376 E389.5266 F1800
G1 X71.000 Y6.268 E389.5325 F1800
G1 X71.318 Y6.136 E389.5440 F1800
G1 X71.482 Y6.068 E389.5499 F1800
G1 X71.824 Y6.023 E389.5613 F1800
G1 X72.000 Y6.000 E389.5672 F1800
G1 X72.342 Y6.045 E389.5787 F1800
G1 X72.518 Y6.068 E389.5846 F1800
G1 X72.836 Y6.200 E389.5961 F1800
G1 X73.000 Y6.268 E389.6020 F1800
G1 X73.273 Y6.478 E389.6134 F1800
G1 X73.414 Y6.586 E389.6193 F1800
G1 X73.624 Y6.859 E389.6308 F1800
G1 X73.732 Y7.000 E389.6367 F1800
G1 X73.864 Y7.318 E389.6481 F1800
G1 X73.932 Y7.482 E389.6540 F1800
G1 X73.977 Y7.824 E389.6655 F1800
G1 X74.000 Y8.000 E389.6714 F1800
G1 X73.955 Y8.342 E389.6829 F1800
G1 X73.932 Y8.518 E389.6888 F1800
G1 X73.800 Y8.836 E389.7002 F1800
G1 X73.732 Y9.000 E389.7061 F1800
G1 X73.522 Y9.273 E389.7176 F1800
G1 X73.414 Y9.414 E389.7235 F1800
G1 X73.141 Y9.624 E389.7350 F1800
G1 X73.000 Y9.732 E389.7409 F1800
G1 X72.682 Y9.864 E389.7523 F1800
G1 X72.518 Y9.932 E389.7582 F1800
G1 X72.176 Y9.977 E389.7697 F1800
G1 X72.000 Y10.000 E389.7756 F1800
G1 X71.658 Y9.955 E389.7871 F1800
G1 X71.482 Y9.932 E389.7930 F1800
G1 X71.164 Y9.800 E389.8044 F1800
G1 X71.000 Y9.732 E389.8103 F1800
G1 X70.727 Y9.522 E389.8218 F1800
G1 X70.586 Y9.414 E389.8277 F1800
G1 X70.376 Y9.141 E389.8392 F1800
G1 X70.268 Y9.000 E389.8451 F1800
G1 X70.136 Y8.682 E389.8565 F1800
G1 X70.068 Y8.518 E389.8624 F1800
G1 X70.023 Y8.176 E389.8739 F1800
G1 X70.000 Y8.000 E389.8798 F1800
G1 X70.045 Y7.658 E389.8913 F1800
G1 X70.068 Y7.482 E389.8972 F1800
G1 X70.200 Y7.164 E389.9086 F1800
G1 X70.268 Y7.000 E389.9145 F1800
G1 X70.478 Y6.727 E389.9260 F1800
G1 X70.586 Y6.586 E389.9319 F1800
G0 X70.268 Y51.000 F4800
G1 X70.478 Y50.727 E389.9434 F1800
G1 X70.586 Y50.586 E389.9493 F1800
G1 X70.859 Y50.376 E389.9607 F1800
G1 X71.000 Y50.268 E389.9666 F1800
G1 X71.318 Y50.136 E389.9781 F1800
G1 X71.482 Y50.068 E389.9840 F1800
G1 X71.824 Y50.023 E389.9955 F1800
G1 X72.000 Y50.000 E390.0014 F1800
G1 X72.342 Y50.045 E390.0128 F1800
G1 X72.518 Y50.068 E390.0187 F1800
G1 X72.836 Y50.200 E390.0302 F1800
G1 X73.000 Y50.268 E390.0361 F1800
G1 X73.273 Y50.478 E390.0475 F1800
G1 X73.414 Y50.586 E390.0534 F1800
G1 X73.624 Y50.859 E390.0649 F1800
G1 X73.732 Y51.000 E390.0708 F1800
G1 X73.864 Y51.318 E390.0823 F1800
G1 X73.932 Y51.482 E390.0882 F1800
G1 X73.977 Y51.824 E390.0996 F1800
G1 X74.000 Y52.000 E390.1055 F1800
G1 X73.955 Y52.342 E390.1170 F1800
G1 X73.932 Y52.518 E390.1229 F1800
G1 X73.800 Y52.836 E390.1344 F1800
G1 X73.732 Y53.000 E390.1403 F1800
G1 X73.522 Y53.273 E390.1517 F1800
G1 X73.414 Y53.414 E390.1576 F1800
G1 X73.141 Y53.624 E390.1691 F1800
G1 X73.000 Y53.732 E390.1750 F1800
G1 X72.682 Y53.864 E390.1865 F1800
G1 X72.518 Y53.932 E390.1924 F1800
G1 X72.176 Y53.977 E390.2038 F1800
G1 X72.000 Y54.000 E390.2097 F1800
G1 X71.658 Y53.955 E390.2212 F1800
G1 X71.482 Y53.932 E390.2271 F1800
G1 X71.164 Y53.800 E390.2386 F1800
G1 X71.000 Y53.732 E390.2445 F1800
G1 X70.727 Y53.522 E390.2559 F1800
G1 X70.586 Y53.414 E390.2618 F1800
G1 X70.376 Y53.141 E390.2733 F1800
G1 X70.268 Y53.000 E390.2792 F1800
G1 X70.136 Y52.682 E390.2907 F1800
G1 X70.068 Y52.518 E390.2966 F1800
G1 X70.023 Y52.176 E390.3080 F1800
G1 X70.000 Y52.000 E390.3139 F1800
G1 X70.045 Y51.658 E390.3254 F1800
G1 X70.068 Y51.482 E390.3313 F1800
G1 X70.200 Y51.164 E390.3428 F1800
G1 X70.268 Y51.000 E390.3487 F1800
G0 X6.068 Y51.482 F4800
G1 X6.200 Y51.164 E390.3601 F1800
G1 X6.268 Y51.000 E390.3660 F1800
G1 X6.478 Y50.727 E390.3775 F1800
G1 X6.586 Y50.586 E390.3834 F1800
G1 X6.859 Y50.376 E390.3949 F1800
G1 X7.000 Y50.268 E390.4008 F1800
G1 X7.318 Y50.136 E390.4122 F1800
G1 X7.482 Y50.068 E390.4181 F1800
G1 X7.824 Y50.023 E390.4296 F1800
G1 X8.000 Y50.000 E390.4355 F1800
G1 X8.342 Y50.045 E390.4470 F1800
G1 X8.518 Y50.068 E390.4529 F1800
G1 X8.836 Y50.200 E390.4643 F1800
G1 X9.000 Y50.268 E390.4702 F1800
G1 X9.273 Y50.478 E390.4817 F1800
G1 X9.414 Y50.586 E390.4876 F1800
G1 X9.624 Y50.859 E390.4990 F1800
G1 X9.732 Y51.000 E390.5049 F1800
G1 X9.864 Y51.318 E390.5164 F1800
G1 X9.932 Y51.482 E390.5223 F1800
G1 X9.977 Y51.824 E390.5338 F1800
G1 X10.000 Y52.000 E390.5397 F1800
G1 X9.955 Y52.342 E390.5511 F1800
G1 X9.932 Y52.518 E390.5570 F1800
G1 X9.800 Y52.836 E390.5685 F1800
G1 X9.732 Y53.000 E390.5744 F1800
G1 X9.522 Y53.273 E390.5859 F1800
G1 X9.414 Y53.414 E390.5918 F1800
G1 X9.141 Y53.624 E390.6032 F1800
G1 X9.000 Y53.732 E390.6091 F1800
G1 X8.682 Y53.864 E390.6206 F1800
G1 X8.518 Y53.932 E390.6265 F1800
G1 X8.176 Y53.977 E390.6380 F1800
G1 X8.000 Y54.000 E390.6439 F1800
G1 X7.658 Y53.955 E390.6553 F1800
G1 X7.482 Y53.932 E390.6612 F1800
G1 X7.164 Y53.800 E390.6727 F1800
G1 X7.000 Y53.732 E390.6786 F1800
G1 X6.727 Y53.522 E390.6901 F1800
G1 X6.586 Y53.414 E390.6960 F1800
G1 X6.376 Y53.141 E390.7074 F1800
G1 X6.268 Y53.000 E390.7133 F1800
G1 X6.136 Y52.682 E390.7248 F1800
G1 X6.068 Y52.518 E390.7307 F1800
G1 X6.023 Y52.176 E390.7422 F1800
G1 X6.000 Y52.000 E390.7481 F1800
G1 X6.045 Y51.658 E390.7595 F1800
G1 X6.068 Y51.482 E390.7654 F1800
G0 X0.000 Y65.856 F4800
G1 X0.000 Y69.040 E390.8713 F1800
G1 X0.000 Y73.189 E391.0093 F1800
G1 X0.000 Y81.311 E391.2795 F1800
G1 X39.789 Y81.311 E392.6028 F1800
G1 X80.000 Y81.311 E393.9403 F1800
G1 X80.000 Y75.329 E394.1392 F1800
G1 X80.000 Y65.856 E394.4543 F1800
G1 X10.576 Y65.856 E396.7633 F1800
G1 X0.000 Y65.856 E397.1151 F1800

;; LAYER 52 z=1.559
G1 Z1.559 F4800
G0 X0.000 Y31.945 F4800
G1 X0.000 Y60.000 E398.0482 F1800
G1 X37.406 Y60.000 E399.2923 F1800
G1 X80.000 Y60.000 E400.7090 F1800
G1 X80.000 Y36.614 E401.4868 F1800
G1 X80.000 Y0.000 E402.7046 F1800
G1 X48.819 Y0.000 E403.7417 F1800
G1 X0.000 Y0.000 E405.3654 F1800
G1 X0.000 Y2.339 E405.4432 F1800
G1 X0.000 Y3.898 E405.4951 F1800
G1 X0.000 Y21.827 E406.0914 F1800
G1 X0.000 Y23.386 E406.1432 F1800
G1 X0.000 Y31.945 E406.4279 F1800
G0 X6.586 Y6.586 F4800
G1 X6.839 Y6.392 E406.4385 F1800
G1 X7.000 Y6.268 E406.4453 F1800
G1 X7.294 Y6.146 E406.4559 F1800
G1 X7.482 Y6.068 E406.4627 F1800
G1 X7.798 Y6.027 E406.4733 F1800
G1 X8.000 Y6.000 E406.4800 F1800
G1 X8.316 Y6.042 E406.4906 F1800
G1 X8.518 Y6.068 E406.4974 F1800
G1 X8.812 Y6.190 E406.5080 F1800
G1 X9.000 Y6.268 E406.5148 F1800
G1 X9.253 Y6.462 E406.5254 F1800
G1 X9.414 Y6.586 E406.5321 F1800
G1 X9.608 Y6.839 E406.5427 F1800
G1 X9.732 Y7.000 E406.5495 F1800
G1 X9.854 Y7.294 E406.5601 F1800
G1 X9.932 Y7.482 E406.5669 F1800
G1 X9.973 Y7.798 E406.5775 F1800
G1 X10.000 Y8.000 E406.5842 F1800
G1 X9.958 Y8.316 E406.5948 F1800
G1 X9.932 Y8.518 E406.6016 F1800
G1 X9.810 Y8.812 E406.6122 F1800
G1 X9.732 Y9.000 E406.6190 F1800
G1 X9.538 Y9.253 E406.6296 F1800
G1 X9.414 Y9.414 E406.6363 F1800
G1 X9.161 Y9.608 E406.6469 F1800
G1 X9.000 Y9.732 E406.6537 F1800
G1 X8.706 Y9.854 E406.6643 F1800
G1 X8.518 Y9.932 E406.6711 F1800
G1 X8.202 Y9.973 E406.6817 F1800
G1 X8.000 Y10.000 E406.6884 F1800
G1 X7.684 Y9.958 E406.6990 F1800
G1 X7.482 Y9.932 E406.7058 F1800
G1 X7.188 Y9.810 E406.7164 F1800
G1 X7.000 Y9.732 E406.7232 F1800
G1 X6.747 Y9.538 E406.7338 F1800
G1 X6.586 Y9.414 E406.7405 F1800
G1 X6.392 Y9.161 E406.7511 F1800
G1 X6.268 Y9.000 E406.7579 F1800
G1 X6.146 Y8.706 E406.7685 F1800
G1 X6.068 Y8.518 E406.7752 F1800
G1 X6.027 Y8.202 E406.7858 F1800
G1 X6.000 Y8.000 E406.7926 F1800
G1 X6.042 Y7.684 E406.8032 F1800
G1 X6.068 Y7.482 E406.8100 F1800
G1 X6.190 Y7.188 E406.8206 F1800
G1 X6.268 Y7.000 E406.8273 F1800
G1 X6.462 Y6.747 E406.8379 F1800
G1 X6.586 Y6.586 E406.8447 F1800
G0 X70.586 Y6.586 F4800
G1 X70.839 Y6.392 E406.8553 F1800
G1 X71.000 Y6.268 E406.8621 F1800
G1 X71.294 Y6.146 E406.8727 F1800
G1 X71.482 Y6.068 E406.8794 F1800
G1 X71.798 Y6.027 E406.8900 F1800
G1 X72.000 Y6.000 E406.8968 F1800
G1 X72.316 Y6.042 E406.9074 F1800
G1 X72.518 Y6.068 E406.9142 F1800
G1 X72.812 Y6.190 E406.9248 F1800
G1 X73.000 Y6.268 E406.9315 F1800
G1 X73.253 Y6.462 E406.9421 F1800
G1 X73.414 Y6.586 E406.9489 F1800
G1 X73.608 Y6.839 E406.9595 F1800
G1 X73.732 Y7.000 E406.9663 F1800
G1 X73.854 Y7.294 E406.9769 F1800
G1 X73.932 Y7.482 E406.9836 F1800
G1 X73.973 Y7.798 E406.9942 F1800
G1 X74.000 Y8.000 E407.0010 F1800
G1 X73.958 Y8.316 E407.0116 F1800
G1 X73.932 Y8.518 E407.0184 F1800
G1 X73.810 Y8.812 E407.0290 F1800
G1 X73.732 Y9.000 E407.0357 F1800
G1 X73.538 Y9.253 E407.0463 F1800
G1 X73.414 Y9.414 E407.0531 F1800
G1 X73.161 Y9.608 E407.0637 F1800
G1 X73.000 Y9.732 E407.0705 F1800
G1 X72.706 Y9.854 E407.0811 F1800
G1 X72.518 Y9.932 E407.0878 F1800
G1 X72.202 Y9.973 E407.0984 F1800
G1 X72.000 Y10.000 E407.1052 F1800
G1 X71.684 Y9.958 E407.1158 F1800
G1 X71.482 Y9.932 E407.1226 F1800
G1 X71.188 Y9.810 E407.1332 F1800
G1 X71.000 Y9.732 E407.1399 F1800
G1 X70.747 Y9.538 E407.1505 F1800
G1 X70.586 Y9.414 E407.1573 F1800
G1 X70.392 Y9.161 E407.1679 F1800
G1 X70.268 Y9.000 E407.1747 F1800
G1 X70.146 Y8.706 E407.1852 F1800
G1 X70.068 Y8.518 E407.1920 F1800
G1 X70.027 Y8.202 E407.2026 F1800
G1 X70.000 Y8.000 E407.2094 F1800
G1 X70.042 Y7.684 E407.2200 F1800
G1 X70.068 Y7.482 E407.2267 F1800
G1 X70.190 Y7.188 E407.2373 F1800
G1 X70.268 Y7.000 E407.2441 F1800
G1 X70.462 Y6.747 E407.2547 F1800
G1 X70.586 Y6.586 E407.2615 F1800
G0 X70.268 Y51.000 F4800
G1 X70.462 Y50.747 E407.2721 F1800
G1 X70.586 Y50.586 E407.2788 F1800
G1 X70.839 Y50.392 E407.2894 F1800
G1 X71.000 Y50.268 E407.2962 F1800
G1 X71.294 Y50.146 E407.3068 F1800
G1 X71.482 Y50.068 E407.3136 F1800
G1 X71.798 Y50.027 E407.3242 F1800
G1 X72.000 Y50.000 E407.3309 F1800
G1 X72.316 Y50.042 E407.3415 F1800
G1 X72.518 Y50.068 E407.3483 F1800
G1 X72.812 Y50.190 E407.3589 F1800
G1 X73.000 Y50.268 E407.3657 F1800
G1 X73.253 Y50.462 E407.3763 F1800
G1 X73.414 Y50.586 E407.3830 F1800
G1 X73.608 Y50.839 E407.3936 F1800
G1 X73.732 Y51.000 E407.4004 F1800
G1 X73.854 Y51.294 E407.4110 F1800
G1 X73.932 Y51.482 E407.4178 F1800
G1 X73.973 Y51.798 E407.4284 F1800
G1 X74.000 Y52.000 E407.4351 F1800
G1 X73.958 Y52.316 E407.4457 F1800
G1 X73.932 Y52.518 E407.4525 F1800
G1 X73.810 Y52.812 E407.4631 F1800
G1 X73.732 Y53.000 E407.4699 F1800
G1 X73.538 Y53.253 E407.4805 F1800
G1 X73.414 Y53.414 E407.4872 F1800
G1 X73.161 Y53.608 E407.4978 F1800
G1 X73.000 Y53.732 E407.5046 F1800
G1 X72.706 Y53.854 E407.5152 F1800
G1 X72.518 Y53.932 E407.5220 F1800
G1 X72.202 Y53.973 E407.5326 F1800
G1 X72.000 Y54.000 E407.5393 F1800
G1 X71.684 Y53.958 E407.5499 F1800
G1 X71.482 Y53.932 E407.5567 F1800
G1 X71.188 Y53.810 E407.5673 F1800
G1 X71.000 Y53.732 E407.5741 F1800
G1 X70.747 Y53.538 E407.5846 F1800
G1 X70.586 Y53.414 E407.5914 F1800
G1 X70.392 Y53.161 E407.6020 F1800
G1 X70.268 Y53.000 E407.6088 F1800
G1 X70.146 Y52.706 E407.6194 F1800
G1 X70.068 Y52.518 E407.6261 F1800
G1 X70.027 Y52.202 E407.6367 F1800
G1 X70.000 Y52.000 E407.6435 F1800
G1 X70.042 Y51.684 E407.6541 F1800
G1 X70.068 Y51.482 E407.6609 F1800
G1 X70.190 Y51.188 E407.6715 F1800
G1 X70.268 Y51.000 E407.6782 F1800
G0 X6.068 Y51.482 F4800
G1 X6.190 Y51.188 E407.6888 F1800
G1 X6.268 Y51.000 E407.6956 F1800
G1 X6.462 Y50.747 E407.7062 F1800
G1 X6.586 Y50.586 E407.7130 F1800
G1 X6.839 Y50.392 E407.7236 F1800
G1 X7.000 Y50.268 E407.7303 F1800
G1 X7.294 Y50.146 E407.7409 F1800
G1 X7.482 Y50.068 E407.7477 F1800
G1 X7.798 Y50.027 E407.7583 F1800
G1 X8.000 Y50.000 E407.7651 F1800
G1 X8.316 Y50.042 E407.7757 F1800
G1 X8.518 Y50.068 E407.7824 F1800
G1 X8.812 Y50.190 E407.7930 F1800
G1 X9.000 Y50.268 E407.7998 F1800
G1 X9.253 Y50.462 E407.8104 F1800
G1 X9.414 Y50.586 E407.8172 F1800
G1 X9.608 Y50.839 E407.8278 F1800
G1 X9.732 Y51.000 E407.8345 F1800
G1 X9.854 Y51.294 E407.8451 F1800
G1 X9.932 Y51.482 E407.8519 F1800
G1 X9.973 Y51.798 E407.8625 F1800
G1 X10.000 Y52.000 E407.8693 F1800
G1 X9.958 Y52.316 E407.8799 F1800
G1 X9.932 Y52.518 E407.8866 F1800
G1 X9.810 Y52.812 E407.8972 F1800
G1 X9.732 Y53.000 E407.9040 F1800
G1 X9.538 Y53.253 E407.9146 F1800
G1 X9.414 Y53.414 E407.9214 F1800
G1 X9.161 Y53.608 E407.9320 F1800
G1 X9.000 Y53.732 E407.9387 F1800
G1 X8.706 Y53.854 E407.9493 F1800
G1 X8.518 Y53.932 E407.9561 F1800
G1 X8.202 Y53.973 E407.9667 F1800
G1 X8.000 Y54.000 E407.9735 F1800
G1 X7.684 Y53.958 E407.9841 F1800
G1 X7.482 Y53.932 E407.9908 F1800
G1 X7.188 Y53.810 E408.0014 F1800
G1 X7.000 Y53.732 E408.0082 F1800
G1 X6.747 Y53.538 E408.0188 F1800
G1 X6.586 Y53.414 E408.0255 F1800
G1 X6.392 Y53.161 E408.0361 F1800
G1 X6.268 Y53.000 E408.0429 F1800
G1 X6.146 Y52.706 E408.0535 F1800
G1 X6.068 Y52.518 E408.0603 F1800
G1 X6.027 Y52.202 E408.0709 F1800
G1 X6.000 Y52.000 E408.0776 F1800
G1 X6.042 Y51.684 E408.0882 F1800
G1 X6.068 Y51.482 E408.0950 F1800
G0 X0.000 Y65.110 F4800
G1 X0.000 Y68.355 E408.2030 F1800
G1 X0.000 Y72.190 E408.3305 F1800
G1 X0.000 Y80.565 E408.6090 F1800
G1 X41.025 Y80.565 E409.9735 F1800
G1 X80.000 Y80.565 E411.2699 F1800
G1 X80.000 Y74.766 E411.4627 F1800
G1 X80.000 Y65.110 E411.7839 F1800
G1 X9.228 Y65.110 E414.1378 F1800
G1 X0.000 Y65.110 E414.4447 F1800

;; LAYER 53 z=1.759
G1 Z1.759 F4800
G0 X0.000 Y36.044 F4800
G1 X0.000 Y60.000 E415.2415 F1800
G1 X31.942 Y60.000 E416.3039 F1800
G1 X80.000 Y60.000 E417.9023 F1800
G1 X80.000 Y33.614 E418.7799 F1800
G1 X80.000 Y0.000 E419.8979 F1800
G1 X44.819 Y0.000 E421.0680 F1800
G1 X0.000 Y0.000 E422.5587 F1800
G1 X0.000 Y2.639 E422.6465 F1800
G1 X0.000 Y4.398 E422.7050 F1800
G1 X0.000 Y24.627 E423.3778 F1800
G1 X0.000 Y26.386 E423.4363 F1800
G1 X0.000 Y36.044 E423.7575 F1800
G0 X6.586 Y6.586 F4800
G1 X6.818 Y6.408 E423.7673 F1800
G1 X7.000 Y6.268 E423.7749 F1800
G1 X7.270 Y6.156 E423.7846 F1800
G1 X7.482 Y6.068 E423.7923 F1800
G1 X7.772 Y6.030 E423.8020 F1800
G1 X8.000 Y6.000 E423.8096 F1800
G1 X8.290 Y6.038 E423.8194 F1800
G1 X8.518 Y6.068 E423.8270 F1800
G1 X8.788 Y6.180 E423.8367 F1800
G1 X9.000 Y6.268 E423.8444 F1800
G1 X9.232 Y6.446 E423.8541 F1800
G1 X9.414 Y6.586 E423.8617 F1800
G1 X9.592 Y6.818 E423.8714 F1800
G1 X9.732 Y7.000 E423.8791 F1800
G1 X9.844 Y7.270 E423.8888 F1800
G1 X9.932 Y7.482 E423.8965 F1800
G1 X9.970 Y7.772 E423.9062 F1800
G1 X10.000 Y8.000 E423.9138 F1800
G1 X9.962 Y8.290 E423.9235 F1800
G1 X9.932 Y8.518 E423.9312 F1800
G1 X9.820 Y8.788 E423.9409 F1800
G1 X9.732 Y9.000 E423.9485 F1800
G1 X9.554 Y9.232 E423.9583 F1800
G1 X9.414 Y9.414 E423.9659 F1800
G1 X9.182 Y9.592 E423.9756 F1800
G1 X9.000 Y9.732 E423.9833 F1800
G1 X8.730 Y9.844 E423.9930 F1800
G1 X8.518 Y9.932 E424.0006 F1800
G1 X8.228 Y9.970 E424.0104 F1800
G1 X8.000 Y10.000 E424.0180 F1800
G1 X7.710 Y9.962 E424.0277 F1800
G1 X7.482 Y9.932 E424.0354 F1800
G1 X7.212 Y9.820 E424.0451 F1800
G1 X7.000 Y9.732 E424.0527 F1800
G1 X6.768 Y9.554 E424.0625 F1800
G1 X6.586 Y9.414 E424.0701 F1800
G1 X6.408 Y9.182 E424.0798 F1800
G1 X6.268 Y9.000 E424.0875 F1800
G1 X6.156 Y8.730 E424.0972 F1800
G1 X6.068 Y8.518 E424.1048 F1800
G1 X6.030 Y8.228 E424.1146 F1800
G1 X6.000 Y8.000 E424.1222 F1800
G1 X6.038 Y7.710 E424.1319 F1800
G1 X6.068 Y7.482 E424.1396 F1800
G1 X6.180 Y7.212 E424.1493 F1800
G1 X6.268 Y7.000 E424.1569 F1800
G1 X6.446 Y6.768 E424.1667 F1800
G1 X6.586 Y6.586 E424.1743 F1800
G0 X70.586 Y6.586 F4800
G1 X70.818 Y6.408 E424.1840 F1800
G1 X71.000 Y6.268 E424.1917 F1800
G1 X71.270 Y6.156 E424.2014 F1800
G1 X71.482 Y6.068 E424.2090 F1800
G1 X71.772 Y6.030 E424.2188 F1800
G1 X72.000 Y6.000 E424.2264 F1800
G1 X72.290 Y6.038 E424.2361 F1800
G1 X72.518 Y6.068 E424.2438 F1800
G1 X72.788 Y6.180 E424.2535 F1800
G1 X73.000 Y6.268 E424.2611 F1800
G1 X73.232 Y6.446 E424.2708 F1800
G1 X73.414 Y6.586 E424.2785 F1800
G1 X73.592 Y6.818 E424.2882 F1800
G1 X73.732 Y7.000 E424.2959 F1800
G1 X73.844 Y7.270 E424.3056 F1800
G1 X73.932 Y7.482 E424.3132 F1800
G1 X73.970 Y7.772 E424.3229 F1800
G1 X74.000 Y8.000 E424.3306 F1800
G1 X73.962 Y8.290 E424.3403 F1800
G1 X73.932 Y8.518 E424.3479 F1800
G1 X73.820 Y8.788 E424.3577 F1800
G1 X73.732 Y9.000 E424.3653 F1800
G1 X73.554 Y9.232 E424.3750 F1800
G1 X73.414 Y9.414 E424.3827 F1800
G1 X73.182 Y9.592 E424.3924 F1800
G1 X73.000 Y9.732 E424.4000 F1800
G1 X72.730 Y9.844 E424.4098 F1800
G1 X72.518 Y9.932 E424.4174 F1800
G1 X72.228 Y9.970 E424.4271 F1800
G1 X72.000 Y10.000 E424.4348 F1800
G1 X71.710 Y9.962 E424.4445 F1800
G1 X71.482 Y9.932 E424.4521 F1800
G1 X71.212 Y9.820 E424.4619 F1800
G1 X71.000 Y9.732 E424.4695 F1800
G1 X70.768 Y9.554 E424.4792 F1800
G1 X70.586 Y9.414 E424.4869 F1800
G1 X70.408 Y9.182 E424.4966 F1800
G1 X70.268 Y9.000 E424.5042 F1800
G1 X70.156 Y8.730 E424.5140 F1800
G1 X70.068 Y8.518 E424.5216 F1800
G1 X70.030 Y8.228 E424.5313 F1800
G1 X70.000 Y8.000 E424.5390 F1800
G1 X70.038 Y7.710 E424.5487 F1800
G1 X70.068 Y7.482 E424.5563 F1800
G1 X70.180 Y7.212 E424.5661 F1800
G1 X70.268 Y7.000 E424.5737 F1800
G1 X70.446 Y6.768 E424.5834 F1800
G1 X70.586 Y6.586 E424.5911 F1800
G0 X70.268 Y51.000 F4800
G1 X70.446 Y50.768 E424.6008 F1800
G1 X70.586 Y50.586 E424.6084 F1800
G1 X70.818 Y50.408 E424.6182 F1800
G1 X71.000 Y50.268 E424.6258 F1800
G1 X71.270 Y50.156 E424.6355 F1800
G1 X71.482 Y50.068 E424.6432 F1800
G1 X71.772 Y50.030 E424.6529 F1800
G1 X72.000 Y50.000 E424.6605 F1800
G1 X72.290 Y50.038 E424.6703 F1800
G1 X72.518 Y50.068 E424.6779 F1800
G1 X72.788 Y50.180 E424.6876 F1800
G1 X73.000 Y50.268 E424.6953 F1800
G1 X73.232 Y50.446 E424.7050 F1800
G1 X73.414 Y50.586 E424.7126 F1800
G1 X73.592 Y50.818 E424.7223 F1800
G1 X73.732 Y51.000 E424.7300 F1800
G1 X73.844 Y51.270 E424.7397 F1800
G1 X73.932 Y51.482 E424.7473 F1800
G1 X73.970 Y51.772 E424.7571 F1800
G1 X74.000 Y52.000 E424.7647 F1800
G1 X73.962 Y52.290 E424.7744 F1800
G1 X73.932 Y52.518 E424.7821 F1800
G1 X73.820 Y52.788 E424.7918 F1800
G1 X73.732 Y53.000 E424.7994 F1800
G1 X73.554 Y53.232 E424.8092 F1800
G1 X73.414 Y53.414 E424.8168 F1800
G1 X73.182 Y53.592 E424.8265 F1800
G1 X73.000 Y53.732 E424.8342 F1800
G1 X72.730 Y53.844 E424.8439 F1800
G1 X72.518 Y53.932 E424.8515 F1800
G1 X72.228 Y53.970 E424.8613 F1800
G1 X72.000 Y54.000 E424.8689 F1800
G1 X71.710 Y53.962 E424.8786 F1800
G1 X71.482 Y53.932 E424.8863 F1800
G1 X71.212 Y53.820 E424.8960 F1800
G1 X71.000 Y53.732 E424.9036 F1800
G1 X70.768 Y53.554 E424.9134 F1800
G1 X70.586 Y53.414 E424.9210 F1800
G1 X70.408 Y53.182 E424.9307 F1800
G1 X70.268 Y53.000 E424.9384 F1800
G1 X70.156 Y52.730 E424.9481 F1800
G1 X70.068 Y52.518 E424.9557 F1800
G1 X70.030 Y52.228 E424.9655 F1800
G1 X70.000 Y52.000 E424.9731 F1800
G1 X70.038 Y51.710 E424.9828 F1800
G1 X70.068 Y51.482 E424.9905 F1800
G1 X70.180 Y51.212 E425.0002 F1800
G1 X70.268 Y51.000 E425.0078 F1800
G0 X6.068 Y51.482 F4800
G1 X6.180 Y51.212 E425.0176 F1800
G1 X6.268 Y51.000 E425.0252 F1800
G1 X6.446 Y50.768 E425.0349 F1800
G1 X6.586 Y50.586 E425.0426 F1800
G1 X6.818 Y50.408 E425.0523 F1800
G1 X7.000 Y50.268 E425.0599 F1800
G1 X7.270 Y50.156 E425.0697 F1800
G1 X7.482 Y50.068 E425.0773 F1800
G1 X7.772 Y50.030 E425.0870 F1800
G1 X8.000 Y50.000 E425.0947 F1800
G1 X8.290 Y50.038 E425.1044 F1800
G1 X8.518 Y50.068 E425.1120 F1800
G1 X8.788 Y50.180 E425.1217 F1800
G1 X9.000 Y50.268 E425.1294 F1800
G1 X9.232 Y50.446 E425.1391 F1800
G1 X9.414 Y50.586 E425.1468 F1800
G1 X9.592 Y50.818 E425.1565 F1800
G1 X9.732 Y51.000 E425.1641 F1800
G1 X9.844 Y51.270 E425.1738 F1800
G1 X9.932 Y51.482 E425.1815 F1800
G1 X9.970 Y51.772 E425.1912 F1800
G1 X10.000 Y52.000 E425.1988 F1800
G1 X9.962 Y52.290 E425.2086 F1800
G1 X9.932 Y52.518 E425.2162 F1800
G1 X9.820 Y52.788 E425.2259 F1800
G1 X9.732 Y53.000 E425.2336 F1800
G1 X9.554 Y53.232 E425.2433 F1800
G1 X9.414 Y53.414 E425.2509 F1800
G1 X9.182 Y53.592 E425.2607 F1800
G1 X9.000 Y53.732 E425.2683 F1800
G1 X8.730 Y53.844 E425.2780 F1800
G1 X8.518 Y53.932 E425.2857 F1800
G1 X8.228 Y53.970 E425.2954 F1800
G1 X8.000 Y54.000 E425.3030 F1800
G1 X7.710 Y53.962 E425.3128 F1800
G1 X7.482 Y53.932 E425.3204 F1800
G1 X7.212 Y53.820 E425.3301 F1800
G1 X7.000 Y53.732 E425.3378 F1800
G1 X6.768 Y53.554 E425.3475 F1800
G1 X6.586 Y53.414 E425.3551 F1800
G1 X6.408 Y53.182 E425.3649 F1800
G1 X6.268 Y53.000 E425.3725 F1800
G1 X6.156 Y52.730 E425.3822 F1800
G1 X6.068 Y52.518 E425.3899 F1800
G1 X6.030 Y52.228 E425.3996 F1800
G1 X6.000 Y52.000 E425.4072 F1800
G1 X6.038 Y51.710 E425.4170 F1800
G1 X6.068 Y51.482 E425.4246 F1800
G0 X0.000 Y64.363 F4800
G1 X0.000 Y67.671 E425.5346 F1800
G1 X0.000 Y71.191 E425.6517 F1800
G1 X0.000 Y79.818 E425.9386 F1800
G1 X42.261 Y79.818 E427.3442 F1800
G1 X80.000 Y79.818 E428.5994 F1800
G1 X80.000 Y74.204 E428.7862 F1800
G1 X80.000 Y64.363 E429.1135 F1800
G1 X7.880 Y64.363 E431.5122 F1800
G1 X0.000 Y64.363 E431.7743 F1800

;; LAYER 54 z=1.959
G1 Z1.959 F4800
G0 X0.000 Y40.142 F4800
G1 X0.000 Y60.000 E432.4348 F1800
G1 X26.478 Y60.000 E433.3154 F1800
G1 X80.000 Y60.000 E435.0956 F1800
G1 X80.000 Y30.614 E436.0730 F1800
G1 X80.000 Y0.000 E437.0912 F1800
G1 X40.819 Y0.000 E438.3943 F1800
G1 X0.000 Y0.000 E439.7520 F1800
G1 X0.000 Y2.939 E439.8497 F1800
G1 X0.000 Y4.898 E439.9149 F1800
G1 X0.000 Y27.427 E440.6642 F1800
G1 X0.000 Y29.386 E440.7294 F1800
G1 X0.000 Y40.142 E441.0871 F1800
G0 X6.586 Y6.586 F4800
G1 X6.797 Y6.424 E441.0960 F1800
G1 X7.000 Y6.268 E441.1045 F1800
G1 X7.246 Y6.166 E441.1133 F1800
G1 X7.482 Y6.068 E441.1218 F1800
G1 X7.746 Y6.033 E441.1307 F1800
G1 X8.000 Y6.000 E441.1392 F1800
G1 X8.264 Y6.035 E441.1481 F1800
G1 X8.518 Y6.068 E441.1566 F1800
G1 X8.764 Y6.170 E441.1654 F1800
G1 X9.000 Y6.268 E441.1739 F1800
G1 X9.211 Y6.430 E441.1828 F1800
G1 X9.414 Y6.586 E441.1913 F1800
G1 X9.576 Y6.797 E441.2002 F1800
G1 X9.732 Y7.000 E441.2087 F1800
G1 X9.834 Y7.246 E441.2175 F1800
G1 X9.932 Y7.482 E441.2260 F1800
G1 X9.967 Y7.746 E441.2349 F1800
G1 X10.000 Y8.000 E441.2434 F1800
G1 X9.965 Y8.264 E441.2523 F1800
G1 X9.932 Y8.518 E441.2608 F1800
G1 X9.830 Y8.764 E441.2696 F1800
G1 X9.732 Y9.000 E441.2781 F1800
G1 X9.570 Y9.211 E441.2870 F1800
G1 X9.414 Y9.414 E441.2955 F1800
G1 X9.203 Y9.576 E441.3044 F1800
G1 X9.000 Y9.732 E441.3129 F1800
G1 X8.754 Y9.834 E441.3217 F1800
G1 X8.518 Y9.932 E441.3302 F1800
G1 X8.254 Y9.967 E441.3391 F1800
G1 X8.000 Y10.000 E441.3476 F1800
G1 X7.736 Y9.965 E441.3565 F1800
G1 X7.482 Y9.932 E441.3650 F1800
G1 X7.236 Y9.830 E441.3738 F1800
G1 X7.000 Y9.732 E441.3823 F1800
G1 X6.789 Y9.570 E441.3912 F1800
G1 X6.586 Y9.414 E441.3997 F1800
G1 X6.424 Y9.203 E441.4085 F1800
G1 X6.268 Y9.000 E441.4171 F1800
G1 X6.166 Y8.754 E441.4259 F1800
G1 X6.068 Y8.518 E441.4344 F1800
G1 X6.033 Y8.254 E441.4433 F1800
G1 X6.000 Y8.000 E441.4518 F1800
G1 X6.035 Y7.736 E441.4606 F1800
G1 X6.068 Y7.482 E441.4691 F1800
G1 X6.170 Y7.236 E441.4780 F1800
G1 X6.268 Y7.000 E441.4865 F1800
G1 X6.430 Y6.789 E441.4954 F1800
G1 X6.586 Y6.586 E441.5039 F1800
G0 X70.586 Y6.586 F4800
G1 X70.797 Y6.424 E441.5127 F1800
G1 X71.000 Y6.268 E441.5212 F1800
G1 X71.246 Y6.166 E441.5301 F1800
G1 X71.482 Y6.068 E441.5386 F1800
G1 X71.746 Y6.033 E441.5475 F1800
G1 X72.000 Y6.000 E441.5560 F1800
G1 X72.264 Y6.035 E441.5648 F1800
G1 X72.518 Y6.068 E441.5733 F1800
G1 X72.764 Y6.170 E441.5822 F1800
G1 X73.000 Y6.268 E441.5907 F1800
G1 X73.211 Y6.430 E441.5996 F1800
G1 X73.414 Y6.586 E441.6081 F1800
G1 X73.576 Y6.797 E441.6169 F1800
G1 X73.732 Y7.000 E441.6254 F1800
G1 X73.834 Y7.246 E441.6343 F1800
G1 X73.932 Y7.482 E441.6428 F1800
G1 X73.967 Y7.746 E441.6517 F1800
G1 X74.000 Y8.000 E441.6602 F1800
G1 X73.965 Y8.264 E441.6690 F1800
G1 X73.932 Y8.518 E441.6775 F1800
G1 X73.830 Y8.764 E441.6864 F1800
G1 X73.732 Y9.000 E441.6949 F1800
G1 X73.570 Y9.211 E441.7038 F1800
G1 X73.414 Y9.414 E441.7123 F1800
G1 X73.203 Y9.576 E441.7211 F1800
G1 X73.000 Y9.732 E441.7296 F1800
G1 X72.754 Y9.834 E441.7385 F1800
G1 X72.518 Y9.932 E441.7470 F1800
G1 X72.254 Y9.967 E441.7559 F1800
G1 X72.000 Y10.000 E441.7644 F1800
G1 X71.736 Y9.965 E441.7732 F1800
G1 X71.482 Y9.932 E441.7817 F1800
G1 X71.236 Y9.830 E441.7906 F1800
G1 X71.000 Y9.732 E441.7991 F1800
G1 X70.789 Y9.570 E441.8079 F1800
G1 X70.586 Y9.414 E441.8165 F1800
G1 X70.424 Y9.203 E441.8253 F1800
G1 X70.268 Y9.000 E441.8338 F1800
G1 X70.166 Y8.754 E441.8427 F1800
G1 X70.068 Y8.518 E441.8512 F1800
G1 X70.033 Y8.254 E441.8600 F1800
G1 X70.000 Y8.000 E441.8685 F1800
G1 X70.035 Y7.736 E441.8774 F1800
G1 X70.068 Y7.482 E441.8859 F1800
G1 X70.170 Y7.236 E441.8948 F1800
G1 X70.268 Y7.000 E441.9033 F1800
G1 X70.430 Y6.789 E441.9121 F1800
G1 X70.586 Y6.586 E441.9206 F1800
G0 X70.268 Y51.000 F4800
G1 X70.430 Y50.789 E441.9295 F1800
G1 X70.586 Y50.586 E441.9380 F1800
G1 X70.797 Y50.424 E441.9469 F1800
G1 X71.000 Y50.268 E441.9554 F1800
G1 X71.246 Y50.166 E441.9642 F1800
G1 X71.482 Y50.068 E441.9727 F1800
G1 X71.746 Y50.033 E441.9816 F1800
G1 X72.000 Y50.000 E441.9901 F1800
G1 X72.264 Y50.035 E441.9990 F1800
G1 X72.518 Y50.068 E442.0075 F1800
G1 X72.764 Y50.170 E442.0163 F1800
G1 X73.000 Y50.268 E442.0248 F1800
G1 X73.211 Y50.430 E442.0337 F1800
G1 X73.414 Y50.586 E442.0422 F1800
G1 X73.576 Y50.797 E442.0511 F1800
G1 X73.732 Y51.000 E442.0596 F1800
G1 X73.834 Y51.246 E442.0684 F1800
G1 X73.932 Y51.482 E442.0769 F1800
G1 X73.967 Y51.746 E442.0858 F1800
G1 X74.000 Y52.000 E442.0943 F1800
G1 X73.965 Y52.264 E442.1032 F1800
G1 X73.932 Y52.518 E442.1117 F1800
G1 X73.830 Y52.764 E442.1205 F1800
G1 X73.732 Y53.000 E442.1290 F1800
G1 X73.570 Y53.211 E442.1379 F1800
G1 X73.414 Y53.414 E442.1464 F1800
G1 X73.203 Y53.576 E442.1553 F1800
G1 X73.000 Y53.732 E442.1638 F1800
G1 X72.754 Y53.834 E442.1726 F1800
G1 X72.518 Y53.932 E442.1811 F1800
G1 X72.254 Y53.967 E442.1900 F1800
G1 X72.000 Y54.000 E442.1985 F1800
G1 X71.736 Y53.965 E442.2074 F1800
G1 X71.482 Y53.932 E442.2159 F1800
G1 X71.236 Y53.830 E442.2247 F1800
G1 X71.000 Y53.732 E442.2332 F1800
G1 X70.789 Y53.570 E442.2421 F1800
G1 X70.586 Y53.414 E442.2506 F1800
G1 X70.424 Y53.203 E442.2594 F1800
G1 X70.268 Y53.000 E442.2680 F1800
G1 X70.166 Y52.754 E442.2768 F1800
G1 X70.068 Y52.518 E442.2853 F1800
G1 X70.033 Y52.254 E442.2942 F1800
G1 X70.000 Y52.000 E442.3027 F1800
G1 X70.035 Y51.736 E442.3115 F1800
G1 X70.068 Y51.482 E442.3200 F1800
G1 X70.170 Y51.236 E442.3289 F1800
G1 X70.268 Y51.000 E442.3374 F1800
G0 X6.068 Y51.482 F4800
G1 X6.170 Y51.236 E442.3463 F1800
G1 X6.268 Y51.000 E442.3548 F1800
G1 X6.430 Y50.789 E442.3636 F1800
G1 X6.586 Y50.586 E442.3721 F1800
G1 X6.797 Y50.424 E442.3810 F1800
G1 X7.000 Y50.268 E442.3895 F1800
G1 X7.246 Y50.166 E442.3984 F1800
G1 X7.482 Y50.068 E442.4069 F1800
G1 X7.746 Y50.033 E442.4157 F1800
G1 X8.000 Y50.000 E442.4242 F1800
G1 X8.264 Y50.035 E442.4331 F1800
G1 X8.518 Y50.068 E442.4416 F1800
G1 X8.764 Y50.170 E442.4505 F1800
G1 X9.000 Y50.268 E442.4590 F1800
G1 X9.211 Y50.430 E442.4678 F1800
G1 X9.414 Y50.586 E442.4763 F1800
G1 X9.576 Y50.797 E442.4852 F1800
G1 X9.732 Y51.000 E442.4937 F1800
G1 X9.834 Y51.246 E442.5026 F1800
G1 X9.932 Y51.482 E442.5111 F1800
G1 X9.967 Y51.746 E442.5199 F1800
G1 X10.000 Y52.000 E442.5284 F1800
G1 X9.965 Y52.264 E442.5373 F1800
G1 X9.932 Y52.518 E442.5458 F1800
G1 X9.830 Y52.764 E442.5547 F1800
G1 X9.732 Y53.000 E442.5632 F1800
G1 X9.570 Y53.211 E442.5720 F1800
G1 X9.414 Y53.414 E442.5805 F1800
G1 X9.203 Y53.576 E442.5894 F1800
G1 X9.000 Y53.732 E442.5979 F1800
G1 X8.754 Y53.834 E442.6068 F1800
G1 X8.518 Y53.932 E442.6153 F1800
G1 X8.254 Y53.967 E442.6241 F1800
G1 X8.000 Y54.000 E442.6326 F1800
G1 X7.736 Y53.965 E442.6415 F1800
G1 X7.482 Y53.932 E442.6500 F1800
G1 X7.236 Y53.830 E442.6588 F1800
G1 X7.000 Y53.732 E442.6674 F1800
G1 X6.789 Y53.570 E442.6762 F1800
G1 X6.586 Y53.414 E442.6847 F1800
G1 X6.424 Y53.203 E442.6936 F1800
G1 X6.268 Y53.000 E442.7021 F1800
G1 X6.166 Y52.754 E442.7109 F1800
G1 X6.068 Y52.518 E442.7194 F1800
G1 X6.033 Y52.254 E442.7283 F1800
G1 X6.000 Y52.000 E442.7368 F1800
G1 X6.035 Y51.736 E442.7457 F1800
G1 X6.068 Y51.482 E442.7542 F1800
G0 X0.000 Y63.617 F4800
G1 X0.000 Y66.986 E442.8662 F1800
G1 X0.000 Y70.192 E442.9729 F1800
G1 X0.000 Y79.072 E443.2682 F1800
G1 X43.498 Y79.072 E444.7150 F1800
G1 X80.000 Y79.072 E445.9290 F1800
G1 X80.000 Y73.641 E446.1096 F1800
G1 X80.000 Y63.617 E446.4430 F1800
G1 X6.532 Y63.617 E448.8866 F1800
G1 X0.000 Y63.617 E449.1039 F1800

;; LAYER 55 z=2.159
G1 Z2.159 F4800
G0 X0.000 Y44.240 F4800
G1 X0.000 Y60.000 E449.6280 F1800
G1 X21.014 Y60.000 E450.3270 F1800
G1 X80.000 Y60.000 E452.2889 F1800
G1 X80.000 Y27.614 E453.3660 F1800
G1 X80.000 Y0.000 E454.2845 F1800
G1 X36.819 Y0.000 E455.7207 F1800
G1 X0.000 Y0.000 E456.9453 F1800
G1 X0.000 Y3.239 E457.0530 F1800
G1 X0.000 Y5.398 E457.1248 F1800
G1 X0.000 Y30.227 E457.9506 F1800
G1 X0.000 Y32.386 E458.0224 F1800
G1 X0.000 Y44.240 E458.4167 F1800
G0 X6.586 Y6.586 F4800
G1 X6.776 Y6.440 E458.4247 F1800
G1 X7.000 Y6.268 E458.4341 F1800
G1 X7.222 Y6.176 E458.4421 F1800
G1 X7.482 Y6.068 E458.4514 F1800
G1 X7.721 Y6.037 E458.4594 F1800
G1 X8.000 Y6.000 E458.4688 F1800
G1 X8.238 Y6.031 E458.4768 F1800
G1 X8.518 Y6.068 E458.4862 F1800
G1 X8.740 Y6.160 E458.4941 F1800
G1 X9.000 Y6.268 E458.5035 F1800
G1 X9.191 Y6.414 E458.5115 F1800
G1 X9.414 Y6.586 E458.5209 F1800
G1 X9.560 Y6.776 E458.5289 F1800
G1 X9.732 Y7.000 E458.5383 F1800
G1 X9.824 Y7.222 E458.5462 F1800
G1 X9.932 Y7.482 E458.5556 F1800
G1 X9.963 Y7.721 E458.5636 F1800
G1 X10.000 Y8.000 E458.5730 F1800
G1 X9.969 Y8.238 E458.5810 F1800
G1 X9.932 Y8.518 E458.5903 F1800
G1 X9.840 Y8.740 E458.5983 F1800
G1 X9.732 Y9.000 E458.6077 F1800
G1 X9.586 Y9.191 E458.6157 F1800
G1 X9.414 Y9.414 E458.6251 F1800
G1 X9.224 Y9.560 E458.6331 F1800
G1 X9.000 Y9.732 E458.6424 F1800
G1 X8.778 Y9.824 E458.6504 F1800
G1 X8.518 Y9.932 E458.6598 F1800
G1 X8.279 Y9.963 E458.6678 F1800
G1 X8.000 Y10.000 E458.6772 F1800
G1 X7.762 Y9.969 E458.6852 F1800
G1 X7.482 Y9.932 E458.6945 F1800
G1 X7.260 Y9.840 E458.7025 F1800
G1 X7.000 Y9.732 E458.7119 F1800
G1 X6.809 Y9.586 E458.7199 F1800
G1 X6.586 Y9.414 E458.7293 F1800
G1 X6.440 Y9.224 E458.7373 F1800
G1 X6.268 Y9.000 E458.7466 F1800
G1 X6.176 Y8.778 E458.7546 F1800
G1 X6.068 Y8.518 E458.7640 F1800
G1 X6.037 Y8.279 E458.7720 F1800
G1 X6.000 Y8.000 E458.7814 F1800
G1 X6.031 Y7.762 E458.7894 F1800
G1 X6.068 Y7.482 E458.7987 F1800
G1 X6.160 Y7.260 E458.8067 F1800
G1 X6.268 Y7.000 E458.8161 F1800
G1 X6.414 Y6.809 E458.8241 F1800
G1 X6.586 Y6.586 E458.8335 F1800
G0 X70.586 Y6.586 F4800
G1 X70.776 Y6.440 E458.8415 F1800
G1 X71.000 Y6.268 E458.8508 F1800
G1 X71.222 Y6.176 E458.8588 F1800
G1 X71.482 Y6.068 E458.8682 F1800
G1 X71.721 Y6.037 E458.8762 F1800
G1 X72.000 Y6.000 E458.8856 F1800
G1 X72.238 Y6.031 E458.8936 F1800
G1 X72.518 Y6.068 E458.9029 F1800
G1 X72.740 Y6.160 E458.9109 F1800
G1 X73.000 Y6.268 E458.9203 F1800
G1 X73.191 Y6.414 E458.9283 F1800
G1 X73.414 Y6.586 E458.9377 F1800
G1 X73.560 Y6.776 E458.9456 F1800
G1 X73.732 Y7.000 E458.9550 F1800
G1 X73.824 Y7.222 E458.9630 F1800
G1 X73.932 Y7.482 E458.9724 F1800
G1 X73.963 Y7.721 E458.9804 F1800
G1 X74.000 Y8.000 E458.9898 F1800
G1 X73.969 Y8.238 E458.9977 F1800
G1 X73.932 Y8.518 E459.0071 F1800
G1 X73.840 Y8.740 E459.0151 F1800
G1 X73.732 Y9.000 E459.0245 F1800
G1 X73.586 Y9.191 E459.0325 F1800
G1 X73.414 Y9.414 E459.0418 F1800
G1 X73.224 Y9.560 E459.0498 F1800
G1 X73.000 Y9.732 E459.0592 F1800
G1 X72.778 Y9.824 E459.0672 F1800
G1 X72.518 Y9.932 E459.0766 F1800
G1 X72.279 Y9.963 E459.0846 F1800
G1 X72.000 Y10.000 E459.0939 F1800
G1 X71.762 Y9.969 E459.1019 F1800
G1 X71.482 Y9.932 E459.1113 F1800
G1 X71.260 Y9.840 E459.1193 F1800
G1 X71.000 Y9.732 E459.1287 F1800
G1 X70.809 Y9.586 E459.1367 F1800
G1 X70.586 Y9.414 E459.1460 F1800
G1 X70.440 Y9.224 E459.1540 F1800
G1 X70.268 Y9.000 E459.1634 F1800
G1 X70.176 Y8.778 E459.1714 F1800
G1 X70.068 Y8.518 E459.1808 F1800
G1 X70.037 Y8.279 E459.1888 F1800
G1 X70.000 Y8.000 E459.1981 F1800
G1 X70.031 Y7.762 E459.2061 F1800
G1 X70.068 Y7.482 E459.2155 F1800
G1 X70.160 Y7.260 E459.2235 F1800
G1 X70.268 Y7.000 E459.2329 F1800
G1 X70.414 Y6.809 E459.2409 F1800
G1 X70.586 Y6.586 E459.2502 F1800
G0 X70.268 Y51.000 F4800
G1 X70.414 Y50.809 E459.2582 F1800
G1 X70.586 Y50.586 E459.2676 F1800
G1 X70.776 Y50.440 E459.2756 F1800
G1 X71.000 Y50.268 E459.2850 F1800
G1 X71.222 Y50.176 E459.2930 F1800
G1 X71.482 Y50.068 E459.3023 F1800
G1 X71.721 Y50.037 E459.3103 F1800
G1 X72.000 Y50.000 E459.3197 F1800
G1 X72.238 Y50.031 E459.3277 F1800
G1 X72.518 Y50.068 E459.3371 F1800
G1 X72.740 Y50.160 E459.3450 F1800
G1 X73.000 Y50.268 E459.3544 F1800
G1 X73.191 Y50.414 E459.3624 F1800
G1 X73.414 Y50.586 E459.3718 F1800
G1 X73.560 Y50.776 E459.3798 F1800
G1 X73.732 Y51.000 E459.3892 F1800
G1 X73.824 Y51.222 E459.3971 F1800
G1 X73.932 Y51.482 E459.4065 F1800
G1 X73.963 Y51.721 E459.4145 F1800
G1 X74.000 Y52.000 E459.4239 F1800
G1 X73.969 Y52.238 E459.4319 F1800
G1 X73.932 Y52.518 E459.4412 F1800
G1 X73.840 Y52.740 E459.4492 F1800
G1 X73.732 Y53.000 E459.4586 F1800
G1 X73.586 Y53.191 E459.4666 F1800
G1 X73.414 Y53.414 E459.4760 F1800
G1 X73.224 Y53.560 E459.4840 F1800
G1 X73.000 Y53.732 E459.4933 F1800
G1 X72.778 Y53.824 E459.5013 F1800
G1 X72.518 Y53.932 E459.5107 F1800
G1 X72.279 Y53.963 E459.5187 F1800
G1 X72.000 Y54.000 E459.5281 F1800
G1 X71.762 Y53.969 E459.5361 F1800
G1 X71.482 Y53.932 E459.5454 F1800
G1 X71.260 Y53.840 E459.5534 F1800
G1 X71.000 Y53.732 E459.5628 F1800
G1 X70.809 Y53.586 E459.5708 F1800
G1 X70.586 Y53.414 E459.5802 F1800
G1 X70.440 Y53.224 E459.5882 F1800
G1 X70.268 Y53.000 E459.5975 F1800
G1 X70.176 Y52.778 E459.6055 F1800
G1 X70.068 Y52.518 E459.6149 F1800
G1 X70.037 Y52.279 E459.6229 F1800
G1 X70.000 Y52.000 E459.6323 F1800
G1 X70.031 Y51.762 E459.6403 F1800
G1 X70.068 Y51.482 E459.6496 F1800
G1 X70.160 Y51.260 E459.6576 F1800
G1 X70.268 Y51.000 E459.6670 F1800
G0 X6.068 Y51.482 F4800
G1 X6.160 Y51.260 E459.6750 F1800
G1 X6.268 Y51.000 E459.6844 F1800
G1 X6.414 Y50.809 E459.6924 F1800
G1 X6.586 Y50.586 E459.7017 F1800
G1 X6.776 Y50.440 E459.7097 F1800
G1 X7.000 Y50.268 E459.7191 F1800
G1 X7.222 Y50.176 E459.7271 F1800
G1 X7.482 Y50.068 E459.7365 F1800
G1 X7.721 Y50.037 E459.7444 F1800
G1 X8.000 Y50.000 E459.7538 F1800
G1 X8.238 Y50.031 E459.7618 F1800
G1 X8.518 Y50.068 E459.7712 F1800
G1 X8.740 Y50.160 E459.7792 F1800
G1 X9.000 Y50.268 E459.7886 F1800
G1 X9.191 Y50.414 E459.7965 F1800
G1 X9.414 Y50.586 E459.8059 F1800
G1 X9.560 Y50.776 E459.8139 F1800
G1 X9.732 Y51.000 E459.8233 F1800
G1 X9.824 Y51.222 E459.8313 F1800
G1 X9.932 Y51.482 E459.8406 F1800
G1 X9.963 Y51.721 E459.8486 F1800
G1 X10.000 Y52.000 E459.8580 F1800
G1 X9.969 Y52.238 E459.8660 F1800
G1 X9.932 Y52.518 E459.8754 F1800
G1 X9.840 Y52.740 E459.8834 F1800
G1 X9.732 Y53.000 E459.8927 F1800
G1 X9.586 Y53.191 E459.9007 F1800
G1 X9.414 Y53.414 E459.9101 F1800
G1 X9.224 Y53.560 E459.9181 F1800
G1 X9.000 Y53.732 E459.9275 F1800
G1 X8.778 Y53.824 E459.9355 F1800
G1 X8.518 Y53.932 E459.9448 F1800
G1 X8.279 Y53.963 E459.9528 F1800
G1 X8.000 Y54.000 E459.9622 F1800
G1 X7.762 Y53.969 E459.9702 F1800
G1 X7.482 Y53.932 E459.9796 F1800
G1 X7.260 Y53.840 E459.9876 F1800
G1 X7.000 Y53.732 E459.9969 F1800
G1 X6.809 Y53.586 E460.0049 F1800
G1 X6.586 Y53.414 E460.0143 F1800
G1 X6.440 Y53.224 E460.0223 F1800
G1 X6.268 Y53.000 E460.0317 F1800
G1 X6.176 Y52.778 E460.0397 F1800
G1 X6.068 Y52.518 E460.0490 F1800
G1 X6.037 Y52.279 E460.0570 F1800
G1 X6.000 Y52.000 E460.0664 F1800
G1 X6.031 Y51.762 E460.0744 F1800
G1 X6.068 Y51.482 E460.0838 F1800
G0 X0.000 Y62.871 F4800
G1 X0.000 Y66.301 E460.1979 F1800
G1 X0.000 Y69.194 E460.2941 F1800
G1 X0.000 Y78.325 E460.5978 F1800
G1 X44.734 Y78.325 E462.0857 F1800
G1 X80.000 Y78.325 E463.2586 F1800
G1 X80.000 Y73.079 E463.4331 F1800
G1 X80.000 Y62.871 E463.7726 F1800
G1 X5.184 Y62.871 E466.2610 F1800
G1 X0.000 Y62.871 E466.4334 F1800

;; LAYER 56 z=2.359
G1 Z2.359 F4800
G0 X0.000 Y48.338 F4800
G1 X0.000 Y60.000 E466.8213 F1800
G1 X15.550 Y60.000 E467.3385 F1800
G1 X80.000 Y60.000 E469.4821 F1800
G1 X80.000 Y24.614 E470.6591 F1800
G1 X80.000 Y0.000 E471.4777 F1800
G1 X32.819 Y0.000 E473.0470 F1800
G1 X0.000 Y0.000 E474.1386 F1800
G1 X0.000 Y3.539 E474.2563 F1800
G1 X0.000 Y5.898 E474.3347 F1800
G1 X0.000 Y33.027 E475.2370 F1800
G1 X0.000 Y35.386 E475.3155 F1800
G1 X0.000 Y48.338 E475.7463 F1800
G0 X6.586 Y6.586 F4800
G1 X6.756 Y6.455 E475.7534 F1800
G1 X7.000 Y6.268 E475.7636 F1800
G1 X7.198 Y6.186 E475.7708 F1800
G1 X7.482 Y6.068 E475.7810 F1800
G1 X7.695 Y6.040 E475.7881 F1800
G1 X8.000 Y6.000 E475.7984 F1800
G1 X8.212 Y6.028 E475.8055 F1800
G1 X8.518 Y6.068 E475.8157 F1800
G1 X8.716 Y6.150 E475.8229 F1800
G1 X9.000 Y6.268 E475.8331 F1800
G1 X9.170 Y6.398 E475.8402 F1800
G1 X9.414 Y6.586 E475.8505 F1800
G1 X9.545 Y6.756 E475.8576 F1800
G1 X9.732 Y7.000 E475.8678 F1800
G1 X9.814 Y7.198 E475.8750 F1800
G1 X9.932 Y7.482 E475.8852 F1800
G1 X9.960 Y7.695 E475.8923 F1800
G1 X10.000 Y8.000 E475.9026 F1800
G1 X9.972 Y8.212 E475.9097 F1800
G1 X9.932 Y8.518 E475.9199 F1800
G1 X9.850 Y8.716 E475.9271 F1800
G1 X9.732 Y9.000 E475.9373 F1800
G1 X9.602 Y9.170 E475.9444 F1800
G1 X9.414 Y9.414 E475.9547 F1800
G1 X9.244 Y9.545 E475.9618 F1800
G1 X9.000 Y9.732 E475.9720 F1800
G1 X8.802 Y9.814 E475.9792 F1800
G1 X8.518 Y9.932 E475.9894 F1800
G1 X8.305 Y9.960 E475.9965 F1800
G1 X8.000 Y10.000 E476.0068 F1800
G1 X7.788 Y9.972 E476.0139 F1800
G1 X7.482 Y9.932 E476.0241 F1800
G1 X7.284 Y9.850 E476.0312 F1800
G1 X7.000 Y9.732 E476.0415 F1800
G1 X6.830 Y9.602 E476.0486 F1800
G1 X6.586 Y9.414 E476.0589 F1800
G1 X6.455 Y9.244 E476.0660 F1800
G1 X6.268 Y9.000 E476.0762 F1800
G1 X6.186 Y8.802 E476.0833 F1800
G1 X6.068 Y8.518 E476.0936 F1800
G1 X6.040 Y8.305 E476.1007 F1800
G1 X6.000 Y8.000 E476.1110 F1800
G1 X6.028 Y7.788 E476.1181 F1800
G1 X6.068 Y7.482 E476.1283 F1800
G1 X6.150 Y7.284 E476.1354 F1800
G1 X6.268 Y7.000 E476.1457 F1800
G1 X6.398 Y6.830 E476.1528 F1800
G1 X6.586 Y6.586 E476.1630 F1800
G0 X70.586 Y6.586 F4800
G1 X70.756 Y6.455 E476.1702 F1800
G1 X71.000 Y6.268 E476.1804 F1800
G1 X71.198 Y6.186 E476.1875 F1800
G1 X71.482 Y6.068 E476.1978 F1800
G1 X71.695 Y6.040 E476.2049 F1800
G1 X72.000 Y6.000 E476.2151 F1800
G1 X72.212 Y6.028 E476.2223 F1800
G1 X72.518 Y6.068 E476.2325 F1800
G1 X72.716 Y6.150 E476.2396 F1800
G1 X73.000 Y6.268 E476.2499 F1800
G1 X73.170 Y6.398 E476.2570 F1800
G1 X73.414 Y6.586 E476.2672 F1800
G1 X73.545 Y6.756 E476.2744 F1800
G1 X73.732 Y7.000 E476.2846 F1800
G1 X73.814 Y7.198 E476.2917 F1800
G1 X73.932 Y7.482 E476.3020 F1800
G1 X73.960 Y7.695 E476.3091 F1800
G1 X74.000 Y8.000 E476.3193 F1800
G1 X73.972 Y8.212 E476.3265 F1800
G1 X73.932 Y8.518 E476.3367 F1800
G1 X73.850 Y8.716 E476.3438 F1800
G1 X73.732 Y9.000 E476.3541 F1800
G1 X73.602 Y9.170 E476.3612 F1800
G1 X73.414 Y9.414 E476.3714 F1800
G1 X73.244 Y9.545 E476.3786 F1800
G1 X73.000 Y9.732 E476.3888 F1800
G1 X72.802 Y9.814 E476.3959 F1800
G1 X72.518 Y9.932 E476.4062 F1800
G1 X72.305 Y9.960 E476.4133 F1800
G1 X72.000 Y10.000 E476.4235 F1800
G1 X71.788 Y9.972 E476.4307 F1800
G1 X71.482 Y9.932 E476.4409 F1800
G1 X71.284 Y9.850 E476.4480 F1800
G1 X71.000 Y9.732 E476.4583 F1800
G1 X70.830 Y9.602 E476.4654 F1800
G1 X70.586 Y9.414 E476.4756 F1800
G1 X70.455 Y9.244 E476.4827 F1800
G1 X70.268 Y9.000 E476.4930 F1800
G1 X70.186 Y8.802 E476.5001 F1800
G1 X70.068 Y8.518 E476.5104 F1800
G1 X70.040 Y8.305 E476.5175 F1800
G1 X70.000 Y8.000 E476.5277 F1800
G1 X70.028 Y7.788 E476.5348 F1800
G1 X70.068 Y7.482 E476.5451 F1800
G1 X70.150 Y7.284 E476.5522 F1800
G1 X70.268 Y7.000 E476.5624 F1800
G1 X70.398 Y6.830 E476.5696 F1800
G1 X70.586 Y6.586 E476.5798 F1800
G0 X70.268 Y51.000 F4800
G1 X70.398 Y50.830 E476.5869 F1800
G1 X70.586 Y50.586 E476.5972 F1800
G1 X70.756 Y50.455 E476.6043 F1800
G1 X71.000 Y50.268 E476.6145 F1800
G1 X71.198 Y50.186 E476.6217 F1800
G1 X71.482 Y50.068 E476.6319 F1800
G1 X71.695 Y50.040 E476.6390 F1800
G1 X72.000 Y50.000 E476.6493 F1800
G1 X72.212 Y50.028 E476.6564 F1800
G1 X72.518 Y50.068 E476.6666 F1800
G1 X72.716 Y50.150 E476.6738 F1800
G1 X73.000 Y50.268 E476.6840 F1800
G1 X73.170 Y50.398 E476.6911 F1800
G1 X73.414 Y50.586 E476.7014 F1800
G1 X73.545 Y50.756 E476.7085 F1800
G1 X73.732 Y51.000 E476.7187 F1800
G1 X73.814 Y51.198 E476.7259 F1800
G1 X73.932 Y51.482 E476.7361 F1800
G1 X73.960 Y51.695 E476.7432 F1800
G1 X74.000 Y52.000 E476.7535 F1800
G1 X73.972 Y52.212 E476.7606 F1800
G1 X73.932 Y52.518 E476.7708 F1800
G1 X73.850 Y52.716 E476.7780 F1800
G1 X73.732 Y53.000 E476.7882 F1800
G1 X73.602 Y53.170 E476.7953 F1800
G1 X73.414 Y53.414 E476.8056 F1800
G1 X73.244 Y53.545 E476.8127 F1800
G1 X73.000 Y53.732 E476.8229 F1800
G1 X72.802 Y53.814 E476.8301 F1800
G1 X72.518 Y53.932 E476.8403 F1800
G1 X72.305 Y53.960 E476.8474 F1800
G1 X72.000 Y54.000 E476.8577 F1800
G1 X71.788 Y53.972 E476.8648 F1800
G1 X71.482 Y53.932 E476.8750 F1800
G1 X71.284 Y53.850 E476.8821 F1800
G1 X71.000 Y53.732 E476.8924 F1800
G1 X70.830 Y53.602 E476.8995 F1800
G1 X70.586 Y53.414 E476.9098 F1800
G1 X70.455 Y53.244 E476.9169 F1800
G1 X70.268 Y53.000 E476.9271 F1800
G1 X70.186 Y52.802 E476.9342 F1800
G1 X70.068 Y52.518 E476.9445 F1800
G1 X70.040 Y52.305 E476.9516 F1800
G1 X70.000 Y52.000 E476.9619 F1800
G1 X70.028 Y51.788 E476.9690 F1800
G1 X70.068 Y51.482 E476.9792 F1800
G1 X70.150 Y51.284 E476.9863 F1800
G1 X70.268 Y51.000 E476.9966 F1800
G0 X6.068 Y51.482 F4800
G1 X6.150 Y51.284 E477.0037 F1800
G1 X6.268 Y51.000 E477.0139 F1800
G1 X6.398 Y50.830 E477.0211 F1800
G1 X6.586 Y50.586 E477.0313 F1800
G1 X6.756 Y50.455 E477.0384 F1800
G1 X7.000 Y50.268 E477.0487 F1800
G1 X7.198 Y50.186 E477.0558 F1800
G1 X7.482 Y50.068 E477.0660 F1800
G1 X7.695 Y50.040 E477.0732 F1800
G1 X8.000 Y50.000 E477.0834 F1800
G1 X8.212 Y50.028 E477.0905 F1800
G1 X8.518 Y50.068 E477.1008 F1800
G1 X8.716 Y50.150 E477.1079 F1800
G1 X9.000 Y50.268 E477.1181 F1800
G1 X9.170 Y50.398 E477.1253 F1800
G1 X9.414 Y50.586 E477.1355 F1800
G1 X9.545 Y50.756 E477.1426 F1800
G1 X9.732 Y51.000 E477.1529 F1800
G1 X9.814 Y51.198 E477.1600 F1800
G1 X9.932 Y51.482 E477.1702 F1800
G1 X9.960 Y51.695 E477.1774 F1800
G1 X10.000 Y52.000 E477.1876 F1800
G1 X9.972 Y52.212 E477.1947 F1800
G1 X9.932 Y52.518 E477.2050 F1800
G1 X9.850 Y52.716 E477.2121 F1800
G1 X9.732 Y53.000 E477.2223 F1800
G1 X9.602 Y53.170 E477.2295 F1800
G1 X9.414 Y53.414 E477.2397 F1800
G1 X9.244 Y53.545 E477.2468 F1800
G1 X9.000 Y53.732 E477.2571 F1800
G1 X8.802 Y53.814 E477.2642 F1800
G1 X8.518 Y53.932 E477.2744 F1800
G1 X8.305 Y53.960 E477.2815 F1800
G1 X8.000 Y54.000 E477.2918 F1800
G1 X7.788 Y53.972 E477.2989 F1800
G1 X7.482 Y53.932 E477.3092 F1800
G1 X7.284 Y53.850 E477.3163 F1800
G1 X7.000 Y53.732 E477.3265 F1800
G1 X6.830 Y53.602 E477.3336 F1800
G1 X6.586 Y53.414 E477.3439 F1800
G1 X6.455 Y53.244 E477.3510 F1800
G1 X6.268 Y53.000 E477.3613 F1800
G1 X6.186 Y52.802 E477.3684 F1800
G1 X6.068 Y52.518 E477.3786 F1800
G1 X6.040 Y52.305 E477.3857 F1800
G1 X6.000 Y52.000 E477.3960 F1800
G1 X6.028 Y51.788 E477.4031 F1800
G1 X6.068 Y51.482 E477.4133 F1800
G0 X0.000 Y62.124 F4800
G1 X0.000 Y65.617 E477.5295 F1800
G1 X0.000 Y68.195 E477.6153 F1800
G1 X0.000 Y77.579 E477.9274 F1800
G1 X45.971 Y77.579 E479.4564 F1800
G1 X80.000 Y77.579 E480.5882 F1800
G1 X80.000 Y72.516 E480.7566 F1800
G1 X80.000 Y62.124 E481.1022 F1800
G1 X3.836 Y62.124 E483.6354 F1800
G1 X0.000 Y62.124 E483.7630 F1800

;; LAYER 57 z=2.559
G1 Z2.559 F4800
G0 X0.000 Y52.436 F4800
G1 X0.000 Y60.000 E484.0146 F1800
G1 X10.086 Y60.000 E484.3501 F1800
G1 X80.000 Y60.000 E486.6754 F1800
G1 X80.000 Y21.614 E487.9521 F1800
G1 X80.000 Y0.000 E488.6710 F1800
G1 X28.819 Y0.000 E490.3733 F1800
G1 X0.000 Y0.000 E491.3318 F1800
G1 X0.000 Y3.839 E491.4595 F1800
G1 X0.000 Y6.398 E491.5446 F1800
G1 X0.000 Y35.827 E492.5234 F1800
G1 X0.000 Y38.386 E492.6086 F1800
G1 X0.000 Y52.436 E493.0759 F1800
G0 X6.586 Y6.586 F4800
G1 X6.735 Y6.471 E493.0821 F1800
G1 X7.000 Y6.268 E493.0932 F1800
G1 X7.174 Y6.196 E493.0995 F1800
G1 X7.482 Y6.068 E493.1106 F1800
G1 X7.669 Y6.044 E493.1169 F1800
G1 X8.000 Y6.000 E493.1280 F1800
G1 X8.186 Y6.025 E493.1342 F1800
G1 X8.518 Y6.068 E493.1453 F1800
G1 X8.691 Y6.140 E493.1516 F1800
G1 X9.000 Y6.268 E493.1627 F1800
G1 X9.149 Y6.382 E493.1689 F1800
G1 X9.414 Y6.586 E493.1801 F1800
G1 X9.529 Y6.735 E493.1863 F1800
G1 X9.732 Y7.000 E493.1974 F1800
G1 X9.804 Y7.174 E493.2037 F1800
G1 X9.932 Y7.482 E493.2148 F1800
G1 X9.956 Y7.669 E493.2210 F1800
G1 X10.000 Y8.000 E493.2322 F1800
G1 X9.975 Y8.186 E493.2384 F1800
G1 X9.932 Y8.518 E493.2495 F1800
G1 X9.860 Y8.691 E493.2558 F1800
G1 X9.732 Y9.000 E493.2669 F1800
G1 X9.618 Y9.149 E493.2731 F1800
G1 X9.414 Y9.414 E493.2842 F1800
G1 X9.265 Y9.529 E493.2905 F1800
G1 X9.000 Y9.732 E493.3016 F1800
G1 X8.826 Y9.804 E493.3079 F1800
G1 X8.518 Y9.932 E493.3190 F1800
G1 X8.331 Y9.956 E493.3252 F1800
G1 X8.000 Y10.000 E493.3363 F1800
G1 X7.814 Y9.975 E493.3426 F1800
G1 X7.482 Y9.932 E493.3537 F1800
G1 X7.309 Y9.860 E493.3600 F1800
G1 X7.000 Y9.732 E493.3711 F1800
G1 X6.851 Y9.618 E493.3773 F1800
G1 X6.586 Y9.414 E493.3884 F1800
G1 X6.471 Y9.265 E493.3947 F1800
G1 X6.268 Y9.000 E493.4058 F1800
G1 X6.196 Y8.826 E493.4121 F1800
G1 X6.068 Y8.518 E493.4232 F1800
G1 X6.044 Y8.331 E493.4294 F1800
G1 X6.000 Y8.000 E493.4405 F1800
G1 X6.025 Y7.814 E493.4468 F1800
G1 X6.068 Y7.482 E493.4579 F1800
G1 X6.140 Y7.309 E493.4642 F1800
G1 X6.268 Y7.000 E493.4753 F1800
G1 X6.382 Y6.851 E493.4815 F1800
G1 X6.586 Y6.586 E493.4926 F1800
G0 X70.586 Y6.586 F4800
G1 X70.735 Y6.471 E493.4989 F1800
G1 X71.000 Y6.268 E493.5100 F1800
G1 X71.174 Y6.196 E493.5163 F1800
G1 X71.482 Y6.068 E493.5274 F1800
G1 X71.669 Y6.044 E493.5336 F1800
G1 X72.000 Y6.000 E493.5447 F1800
G1 X72.186 Y6.025 E493.5510 F1800
G1 X72.518 Y6.068 E493.5621 F1800
G1 X72.691 Y6.140 E493.5683 F1800
G1 X73.000 Y6.268 E493.5795 F1800
G1 X73.149 Y6.382 E493.5857 F1800
G1 X73.414 Y6.586 E493.5968 F1800
G1 X73.529 Y6.735 E493.6031 F1800
G1 X73.732 Y7.000 E493.6142 F1800
G1 X73.804 Y7.174 E493.6204 F1800
G1 X73.932 Y7.482 E493.6316 F1800
G1 X73.956 Y7.669 E493.6378 F1800
G1 X74.000 Y8.000 E493.6489 F1800
G1 X73.975 Y8.186 E493.6552 F1800
G1 X73.932 Y8.518 E493.6663 F1800
G1 X73.860 Y8.691 E493.6725 F1800
G1 X73.732 Y9.000 E493.6836 F1800
G1 X73.618 Y9.149 E493.6899 F1800
G1 X73.414 Y9.414 E493.7010 F1800
G1 X73.265 Y9.529 E493.7073 F1800
G1 X73.000 Y9.732 E493.7184 F1800
G1 X72.826 Y9.804 E493.7246 F1800
G1 X72.518 Y9.932 E493.7357 F1800
G1 X72.331 Y9.956 E493.7420 F1800
G1 X72.000 Y10.000 E493.7531 F1800
G1 X71.814 Y9.975 E493.7594 F1800
G1 X71.482 Y9.932 E493.7705 F1800
G1 X71.309 Y9.860 E493.7767 F1800
G1 X71.000 Y9.732 E493.7878 F1800
G1 X70.851 Y9.618 E493.7941 F1800
G1 X70.586 Y9.414 E493.8052 F1800
G1 X70.471 Y9.265 E493.8115 F1800
G1 X70.268 Y9.000 E493.8226 F1800
G1 X70.196 Y8.826 E493.8288 F1800
G1 X70.068 Y8.518 E493.8399 F1800
G1 X70.044 Y8.331 E493.8462 F1800
G1 X70.000 Y8.000 E493.8573 F1800
G1 X70.025 Y7.814 E493.8636 F1800
G1 X70.068 Y7.482 E493.8747 F1800
G1 X70.140 Y7.309 E493.8809 F1800
G1 X70.268 Y7.000 E493.8920 F1800
G1 X70.382 Y6.851 E493.8983 F1800
G1 X70.586 Y6.586 E493.9094 F1800
G0 X70.268 Y51.000 F4800
G1 X70.382 Y50.851 E493.9157 F1800
G1 X70.586 Y50.586 E493.9268 F1800
G1 X70.735 Y50.471 E493.9330 F1800
G1 X71.000 Y50.268 E493.9441 F1800
G1 X71.174 Y50.196 E493.9504 F1800
G1 X71.482 Y50.068 E493.9615 F1800
G1 X71.669 Y50.044 E493.9677 F1800
G1 X72.000 Y50.000 E493.9789 F1800
G1 X72.186 Y50.025 E493.9851 F1800
G1 X72.518 Y50.068 E493.9962 F1800
G1 X72.691 Y50.140 E494.0025 F1800
G1 X73.000 Y50.268 E494.0136 F1800
G1 X73.149 Y50.382 E494.0198 F1800
G1 X73.414 Y50.586 E494.0310 F1800
G1 X73.529 Y50.735 E494.0372 F1800
G1 X73.732 Y51.000 E494.0483 F1800
G1 X73.804 Y51.174 E494.0546 F1800
G1 X73.932 Y51.482 E494.0657 F1800
G1 X73.956 Y51.669 E494.0719 F1800
G1 X74.000 Y52.000 E494.0831 F1800
G1 X73.975 Y52.186 E494.0893 F1800
G1 X73.932 Y52.518 E494.1004 F1800
G1 X73.860 Y52.691 E494.1067 F1800
G1 X73.732 Y53.000 E494.1178 F1800
G1 X73.618 Y53.149 E494.1240 F1800
G1 X73.414 Y53.414 E494.1351 F1800
G1 X73.265 Y53.529 E494.1414 F1800
G1 X73.000 Y53.732 E494.1525 F1800
G1 X72.826 Y53.804 E494.1588 F1800
G1 X72.518 Y53.932 E494.1699 F1800
G1 X72.331 Y53.956 E494.1761 F1800
G1 X72.000 Y54.000 E494.1872 F1800
G1 X71.814 Y53.975 E494.1935 F1800
G1 X71.482 Y53.932 E494.2046 F1800
G1 X71.309 Y53.860 E494.2109 F1800
G1 X71.000 Y53.732 E494.2220 F1800
G1 X70.851 Y53.618 E494.2282 F1800
G1 X70.586 Y53.414 E494.2393 F1800
G1 X70.471 Y53.265 E494.2456 F1800
G1 X70.268 Y53.000 E494.2567 F1800
G1 X70.196 Y52.826 E494.2630 F1800
G1 X70.068 Y52.518 E494.2741 F1800
G1 X70.044 Y52.331 E494.2803 F1800
G1 X70.000 Y52.000 E494.2914 F1800
G1 X70.025 Y51.814 E494.2977 F1800
G1 X70.068 Y51.482 E494.3088 F1800
G1 X70.140 Y51.309 E494.3151 F1800
G1 X70.268 Y51.000 E494.3262 F1800
G0 X6.068 Y51.482 F4800
G1 X6.140 Y51.309 E494.3324 F1800
G1 X6.268 Y51.000 E494.3435 F1800
G1 X6.382 Y50.851 E494.3498 F1800
G1 X6.586 Y50.586 E494.3609 F1800
G1 X6.735 Y50.471 E494.3672 F1800
G1 X7.000 Y50.268 E494.3783 F1800
G1 X7.174 Y50.196 E494.3845 F1800
G1 X7.482 Y50.068 E494.3956 F1800
G1 X7.669 Y50.044 E494.4019 F1800
G1 X8.000 Y50.000 E494.4130 F1800
G1 X8.186 Y50.025 E494.4192 F1800
G1 X8.518 Y50.068 E494.4304 F1800
G1 X8.691 Y50.140 E494.4366 F1800
G1 X9.000 Y50.268 E494.4477 F1800
G1 X9.149 Y50.382 E494.4540 F1800
G1 X9.414 Y50.586 E494.4651 F1800
G1 X9.529 Y50.735 E494.4713 F1800
G1 X9.732 Y51.000 E494.4825 F1800
G1 X9.804 Y51.174 E494.4887 F1800
G1 X9.932 Y51.482 E494.4998 F1800
G1 X9.956 Y51.669 E494.5061 F1800
G1 X10.000 Y52.000 E494.5172 F1800
G1 X9.975 Y52.186 E494.5234 F1800
G1 X9.932 Y52.518 E494.5345 F1800
G1 X9.860 Y52.691 E494.5408 F1800
G1 X9.732 Y53.000 E494.5519 F1800
G1 X9.618 Y53.149 E494.5582 F1800
G1 X9.414 Y53.414 E494.5693 F1800
G1 X9.265 Y53.529 E494.5755 F1800
G1 X9.000 Y53.732 E494.5866 F1800
G1 X8.826 Y53.804 E494.5929 F1800
G1 X8.518 Y53.932 E494.6040 F1800
G1 X8.331 Y53.956 E494.6103 F1800
G1 X8.000 Y54.000 E494.6214 F1800
G1 X7.814 Y53.975 E494.6276 F1800
G1 X7.482 Y53.932 E494.6387 F1800
G1 X7.309 Y53.860 E494.6450 F1800
G1 X7.000 Y53.732 E494.6561 F1800
G1 X6.851 Y53.618 E494.6624 F1800
G1 X6.586 Y53.414 E494.6735 F1800
G1 X6.471 Y53.265 E494.6797 F1800
G1 X6.268 Y53.000 E494.6908 F1800
G1 X6.196 Y52.826 E494.6971 F1800
G1 X6.068 Y52.518 E494.7082 F1800
G1 X6.044 Y52.331 E494.7145 F1800
G1 X6.000 Y52.000 E494.7256 F1800
G1 X6.025 Y51.814 E494.7318 F1800
G1 X6.068 Y51.482 E494.7429 F1800
G0 X0.000 Y61.378 F4800
G1 X0.000 Y64.932 E494.8612 F1800
G1 X0.000 Y67.196 E494.9365 F1800
G1 X0.000 Y76.833 E495.2570 F1800
G1 X47.207 Y76.833 E496.8271 F1800
G1 X80.000 Y76.833 E497.9178 F1800
G1 X80.000 Y71.954 E498.0800 F1800
G1 X80.000 Y61.378 E498.4318 F1800
G1 X2.488 Y61.378 E501.0099 F1800
G1 X0.000 Y61.378 E501.0926 F1800

;; LAYER 58 z=2.759
G1 Z2.759 F4800
G0 X0.000 Y56.534 F4800
G1 X0.000 Y60.000 E501.2079 F1800
G1 X4.621 Y60.000 E501.3616 F1800
G1 X80.000 Y60.000 E503.8687 F1800
G1 X80.000 Y18.614 E505.2452 F1800
G1 X80.000 Y0.000 E505.8643 F1800
G1 X24.819 Y0.000 E507.6996 F1800
G1 X0.000 Y0.000 E508.5251 F1800
G1 X0.000 Y4.139 E508.6628 F1800
G1 X0.000 Y6.898 E508.7545 F1800
G1 X0.000 Y38.627 E509.8099 F1800
G1 X0.000 Y41.386 E509.9016 F1800
G1 X0.000 Y56.534 E510.4054 F1800
G0 X6.586 Y6.586 F4800
G1 X6.714 Y6.487 E510.4108 F1800
G1 X7.000 Y6.268 E510.4228 F1800
G1 X7.150 Y6.206 E510.4282 F1800
G1 X7.482 Y6.068 E510.4402 F1800
G1 X7.643 Y6.047 E510.4456 F1800
G1 X8.000 Y6.000 E510.4575 F1800
G1 X8.161 Y6.021 E510.4629 F1800
G1 X8.518 Y6.068 E510.4749 F1800
G1 X8.667 Y6.130 E510.4803 F1800
G1 X9.000 Y6.268 E510.4923 F1800
G1 X9.129 Y6.367 E510.4977 F1800
G1 X9.414 Y6.586 E510.5096 F1800
G1 X9.513 Y6.714 E510.5150 F1800
G1 X9.732 Y7.000 E510.5270 F1800
G1 X9.794 Y7.150 E510.5324 F1800
G1 X9.932 Y7.482 E510.5444 F1800
G1 X9.953 Y7.643 E510.5498 F1800
G1 X10.000 Y8.000 E510.5617 F1800
G1 X9.979 Y8.161 E510.5671 F1800
G1 X9.932 Y8.518 E510.5791 F1800
G1 X9.870 Y8.667 E510.5845 F1800
G1 X9.732 Y9.000 E510.5965 F1800
G1 X9.633 Y9.129 E510.6019 F1800
G1 X9.414 Y9.414 E510.6138 F1800
G1 X9.286 Y9.513 E510.6192 F1800
G1 X9.000 Y9.732 E510.6312 F1800
G1 X8.850 Y9.794 E510.6366 F1800
G1 X8.518 Y9.932 E510.6486 F1800
G1 X8.357 Y9.953 E510.6540 F1800
G1 X8.000 Y10.000 E510.6659 F1800
G1 X7.839 Y9.979 E510.6713 F1800
G1 X7.482 Y9.932 E510.6833 F1800
G1 X7.333 Y9.870 E510.6887 F1800
G1 X7.000 Y9.732 E510.7007 F1800
G1 X6.871 Y9.633 E510.7060 F1800
G1 X6.586 Y9.414 E510.7180 F1800
G1 X6.487 Y9.286 E510.7234 F1800
G1 X6.268 Y9.000 E510.7354 F1800
G1 X6.206 Y8.850 E510.7408 F1800
G1 X6.068 Y8.518 E510.7528 F1800
G1 X6.047 Y8.357 E510.7581 F1800
G1 X6.000 Y8.000 E510.7701 F1800
G1 X6.021 Y7.839 E510.7755 F1800
G1 X6.068 Y7.482 E510.7875 F1800
G1 X6.130 Y7.333 E510.7929 F1800
G1 X6.268 Y7.000 E510.8049 F1800
G1 X6.367 Y6.871 E510.8102 F1800
G1 X6.586 Y6.586 E510.8222 F1800
G0 X70.586 Y6.586 F4800
G1 X70.714 Y6.487 E510.8276 F1800
G1 X71.000 Y6.268 E510.8396 F1800
G1 X71.150 Y6.206 E510.8450 F1800
G1 X71.482 Y6.068 E510.8569 F1800
G1 X71.643 Y6.047 E510.8623 F1800
G1 X72.000 Y6.000 E510.8743 F1800
G1 X72.161 Y6.021 E510.8797 F1800
G1 X72.518 Y6.068 E510.8917 F1800
G1 X72.667 Y6.130 E510.8971 F1800
G1 X73.000 Y6.268 E510.9090 F1800
G1 X73.129 Y6.367 E510.9144 F1800
G1 X73.414 Y6.586 E510.9264 F1800
G1 X73.513 Y6.714 E510.9318 F1800
G1 X73.732 Y7.000 E510.9438 F1800
G1 X73.794 Y7.150 E510.9492 F1800
G1 X73.932 Y7.482 E510.9611 F1800
G1 X73.953 Y7.643 E510.9665 F1800
G1 X74.000 Y8.000 E510.9785 F1800
G1 X73.979 Y8.161 E510.9839 F1800
G1 X73.932 Y8.518 E510.9959 F1800
G1 X73.870 Y8.667 E511.0013 F1800
G1 X73.732 Y9.000 E511.0132 F1800
G1 X73.633 Y9.129 E511.0186 F1800
G1 X73.414 Y9.414 E511.0306 F1800
G1 X73.286 Y9.513 E511.0360 F1800
G1 X73.000 Y9.732 E511.0480 F1800
G1 X72.850 Y9.794 E511.0534 F1800
G1 X72.518 Y9.932 E511.0653 F1800
G1 X72.357 Y9.953 E511.0707 F1800
G1 X72.000 Y10.000 E511.0827 F1800
G1 X71.839 Y9.979 E511.0881 F1800
G1 X71.482 Y9.932 E511.1001 F1800
G1 X71.333 Y9.870 E511.1054 F1800
G1 X71.000 Y9.732 E511.1174 F1800
G1 X70.871 Y9.633 E511.1228 F1800
G1 X70.586 Y9.414 E511.1348 F1800
G1 X70.487 Y9.286 E511.1402 F1800
G1 X70.268 Y9.000 E511.1522 F1800
G1 X70.206 Y8.850 E511.1575 F1800
G1 X70.068 Y8.518 E511.1695 F1800
G1 X70.047 Y8.357 E511.1749 F1800
G1 X70.000 Y8.000 E511.1869 F1800
G1 X70.021 Y7.839 E511.1923 F1800
G1 X70.068 Y7.482 E511.2043 F1800
G1 X70.130 Y7.333 E511.2096 F1800
G1 X70.268 Y7.000 E511.2216 F1800
G1 X70.367 Y6.871 E511.2270 F1800
G1 X70.586 Y6.586 E511.2390 F1800
G0 X70.268 Y51.000 F4800
G1 X70.367 Y50.871 E511.2444 F1800
G1 X70.586 Y50.586 E511.2563 F1800
G1 X70.714 Y50.487 E511.2617 F1800
G1 X71.000 Y50.268 E511.2737 F1800
G1 X71.150 Y50.206 E511.2791 F1800
G1 X71.482 Y50.068 E511.2911 F1800
G1 X71.643 Y50.047 E511.2965 F1800
G1 X72.000 Y50.000 E511.3084 F1800
G1 X72.161 Y50.021 E511.3138 F1800
G1 X72.518 Y50.068 E511.3258 F1800
G1 X72.667 Y50.130 E511.3312 F1800
G1 X73.000 Y50.268 E511.3432 F1800
G1 X73.129 Y50.367 E511.3486 F1800
G1 X73.414 Y50.586 E511.3605 F1800
G1 X73.513 Y50.714 E511.3659 F1800
G1 X73.732 Y51.000 E511.3779 F1800
G1 X73.794 Y51.150 E511.3833 F1800
G1 X73.932 Y51.482 E511.3953 F1800
G1 X73.953 Y51.643 E511.4007 F1800
G1 X74.000 Y52.000 E511.4126 F1800
G1 X73.979 Y52.161 E511.4180 F1800
G1 X73.932 Y52.518 E511.4300 F1800
G1 X73.870 Y52.667 E511.4354 F1800
G1 X73.732 Y53.000 E511.4474 F1800
G1 X73.633 Y53.129 E511.4528 F1800
G1 X73.414 Y53.414 E511.4647 F1800
G1 X73.286 Y53.513 E511.4701 F1800
G1 X73.000 Y53.732 E511.4821 F1800
G1 X72.850 Y53.794 E511.4875 F1800
G1 X72.518 Y53.932 E511.4995 F1800
G1 X72.357 Y53.953 E511.5048 F1800
G1 X72.000 Y54.000 E511.5168 F1800
G1 X71.839 Y53.979 E511.5222 F1800
G1 X71.482 Y53.932 E511.5342 F1800
G1 X71.333 Y53.870 E511.5396 F1800
G1 X71.000 Y53.732 E511.5516 F1800
G1 X70.871 Y53.633 E511.5569 F1800
G1 X70.586 Y53.414 E511.5689 F1800
G1 X70.487 Y53.286 E511.5743 F1800
G1 X70.268 Y53.000 E511.5863 F1800
G1 X70.206 Y52.850 E511.5917 F1800
G1 X70.068 Y52.518 E511.6037 F1800
G1 X70.047 Y52.357 E511.6090 F1800
G1 X70.000 Y52.000 E511.6210 F1800
G1 X70.021 Y51.839 E511.6264 F1800
G1 X70.068 Y51.482 E511.6384 F1800
G1 X70.130 Y51.333 E511.6438 F1800
G1 X70.268 Y51.000 E511.6557 F1800
G0 X6.068 Y51.482 F4800
G1 X6.130 Y51.333 E511.6611 F1800
G1 X6.268 Y51.000 E511.6731 F1800
G1 X6.367 Y50.871 E511.6785 F1800
G1 X6.586 Y50.586 E511.6905 F1800
G1 X6.714 Y50.487 E511.6959 F1800
G1 X7.000 Y50.268 E511.7078 F1800
G1 X7.150 Y50.206 E511.7132 F1800
G1 X7.482 Y50.068 E511.7252 F1800
G1 X7.643 Y50.047 E511.7306 F1800
G1 X8.000 Y50.000 E511.7426 F1800
G1 X8.161 Y50.021 E511.7480 F1800
G1 X8.518 Y50.068 E511.7599 F1800
G1 X8.667 Y50.130 E511.7653 F1800
G1 X9.000 Y50.268 E511.7773 F1800
G1 X9.129 Y50.367 E511.7827 F1800
G1 X9.414 Y50.586 E511.7947 F1800
G1 X9.513 Y50.714 E511.8001 F1800
G1 X9.732 Y51.000 E511.8120 F1800
G1 X9.794 Y51.150 E511.8174 F1800
G1 X9.932 Y51.482 E511.8294 F1800
G1 X9.953 Y51.643 E511.8348 F1800
G1 X10.000 Y52.000 E511.8468 F1800
G1 X9.979 Y52.161 E511.8522 F1800
G1 X9.932 Y52.518 E511.8641 F1800
G1 X9.870 Y52.667 E511.8695 F1800
G1 X9.732 Y53.000 E511.8815 F1800
G1 X9.633 Y53.129 E511.8869 F1800
G1 X9.414 Y53.414 E511.8989 F1800
G1 X9.286 Y53.513 E511.9043 F1800
G1 X9.000 Y53.732 E511.9162 F1800
G1 X8.850 Y53.794 E511.9216 F1800
G1 X8.518 Y53.932 E511.9336 F1800
G1 X8.357 Y53.953 E511.9390 F1800
G1 X8.000 Y54.000 E511.9510 F1800
G1 X7.839 Y53.979 E511.9563 F1800
G1 X7.482 Y53.932 E511.9683 F1800
G1 X7.333 Y53.870 E511.9737 F1800
G1 X7.000 Y53.732 E511.9857 F1800
G1 X6.871 Y53.633 E511.9911 F1800
G1 X6.586 Y53.414 E512.0031 F1800
G1 X6.487 Y53.286 E512.0084 F1800
G1 X6.268 Y53.000 E512.0204 F1800
G1 X6.206 Y52.850 E512.0258 F1800
G1 X6.068 Y52.518 E512.0378 F1800
G1 X6.047 Y52.357 E512.0432 F1800
G1 X6.000 Y52.000 E512.0552 F1800
G1 X6.021 Y51.839 E512.0605 F1800
G1 X6.068 Y51.482 E512.0725 F1800
G0 X0.000 Y60.631 F4800
G1 X0.000 Y64.248 E512.1928 F1800
G1 X0.000 Y66.197 E512.2576 F1800
G1 X0.000 Y76.086 E512.5865 F1800
G1 X48.443 Y76.086 E514.1978 F1800
G1 X80.000 Y76.086 E515.2474 F1800
G1 X80.000 Y71.391 E515.4035 F1800
G1 X80.000 Y60.631 E515.7614 F1800
G1 X1.140 Y60.631 E518.3843 F1800
G1 X0.000 Y60.631 E518.4222 F1800

;; LAYER 59 z=2.959
G1 Z2.959 F4800
G0 X20.819 Y0.000 F4800
G1 X0.000 Y0.000 E519.1146 F1800
G1 X0.000 Y4.439 E519.2623 F1800
G1 X0.000 Y7.398 E519.3607 F1800
G1 X0.000 Y41.427 E520.4925 F1800
G1 X0.000 Y44.386 E520.5909 F1800
G1 X0.000 Y60.000 E521.1102 F1800
G1 X0.000 Y63.563 E521.2288 F1800
G1 X0.000 Y65.198 E521.2832 F1800
G1 X0.000 Y75.340 E521.6204 F1800
G1 X49.680 Y75.340 E523.2728 F1800
G1 X80.000 Y75.340 E524.2813 F1800
G1 X80.000 Y70.829 E524.4313 F1800
G1 X80.000 Y59.981 E524.7921 F1800
G1 X80.000 Y59.885 E524.7953 F1800
G1 X80.000 Y58.561 E524.8393 F1800
G1 X80.000 Y58.446 E524.8431 F1800
G1 X80.000 Y58.273 E524.8489 F1800
G1 X80.000 Y15.614 E526.2677 F1800
G1 X80.000 Y0.000 E526.7871 F1800
G1 X20.819 Y0.000 E528.7554 F1800
G0 X6.586 Y6.586 F4800
G1 X6.694 Y6.503 E528.7600 F1800
G1 X7.000 Y6.268 E528.7728 F1800
G1 X7.126 Y6.216 E528.7773 F1800
G1 X7.482 Y6.068 E528.7902 F1800
G1 X7.617 Y6.050 E528.7947 F1800
G1 X8.000 Y6.000 E528.8075 F1800
G1 X8.135 Y6.018 E528.8120 F1800
G1 X8.518 Y6.068 E528.8249 F1800
G1 X8.643 Y6.120 E528.8294 F1800
G1 X9.000 Y6.268 E528.8423 F1800
G1 X9.108 Y6.351 E528.8468 F1800
G1 X9.414 Y6.586 E528.8596 F1800
G1 X9.497 Y6.694 E528.8641 F1800
G1 X9.732 Y7.000 E528.8770 F1800
G1 X9.784 Y7.126 E528.8815 F1800
G1 X9.932 Y7.482 E528.8944 F1800
G1 X9.950 Y7.617 E528.8989 F1800
G1 X10.000 Y8.000 E528.9117 F1800
G1 X9.982 Y8.135 E528.9162 F1800
G1 X9.932 Y8.518 E528.9291 F1800
G1 X9.880 Y8.643 E528.9336 F1800
G1 X9.732 Y9.000 E528.9465 F1800
G1 X9.649 Y9.108 E528.9510 F1800
G1 X9.414 Y9.414 E528.9638 F1800
G1 X9.306 Y9.497 E528.9683 F1800
G1 X9.000 Y9.732 E528.9812 F1800
G1 X8.874 Y9.784 E528.9857 F1800
G1 X8.518 Y9.932 E528.9985 F1800
G1 X8.383 Y9.950 E529.0031 F1800
G1 X8.000 Y10.000 E529.0159 F1800
G1 X7.865 Y9.982 E529.0204 F1800
G1 X7.482 Y9.932 E529.0333 F1800
G1 X7.357 Y9.880 E529.0378 F1800
G1 X7.000 Y9.732 E529.0506 F1800
G1 X6.892 Y9.649 E529.0552 F1800
G1 X6.586 Y9.414 E529.0680 F1800
G1 X6.503 Y9.306 E529.0725 F1800
G1 X6.268 Y9.000 E529.0854 F1800
G1 X6.216 Y8.874 E529.0899 F1800
G1 X6.068 Y8.518 E529.1027 F1800
G1 X6.050 Y8.383 E529.1073 F1800
G1 X6.000 Y8.000 E529.1201 F1800
G1 X6.018 Y7.865 E529.1246 F1800
G1 X6.068 Y7.482 E529.1375 F1800
G1 X6.120 Y7.357 E529.1420 F1800
G1 X6.268 Y7.000 E529.1548 F1800
G1 X6.351 Y6.892 E529.1594 F1800
G1 X6.586 Y6.586 E529.1722 F1800
G0 X70.586 Y6.586 F4800
G1 X70.694 Y6.503 E529.1767 F1800
G1 X71.000 Y6.268 E529.1896 F1800
G1 X71.126 Y6.216 E529.1941 F1800
G1 X71.482 Y6.068 E529.2069 F1800
G1 X71.617 Y6.050 E529.2115 F1800
G1 X72.000 Y6.000 E529.2243 F1800
G1 X72.135 Y6.018 E529.2288 F1800
G1 X72.518 Y6.068 E529.2417 F1800
G1 X72.643 Y6.120 E529.2462 F1800
G1 X73.000 Y6.268 E529.2590 F1800
G1 X73.108 Y6.351 E529.2635 F1800
G1 X73.414 Y6.586 E529.2764 F1800
G1 X73.497 Y6.694 E529.2809 F1800
G1 X73.732 Y7.000 E529.2938 F1800
G1 X73.784 Y7.126 E529.2983 F1800
G1 X73.932 Y7.482 E529.3111 F1800
G1 X73.950 Y7.617 E529.3156 F1800
G1 X74.000 Y8.000 E529.3285 F1800
G1 X73.982 Y8.135 E529.3330 F1800
G1 X73.932 Y8.518 E529.3459 F1800
G1 X73.880 Y8.643 E529.3504 F1800
G1 X73.732 Y9.000 E529.3632 F1800
G1 X73.649 Y9.108 E529.3677 F1800
G1 X73.414 Y9.414 E529.3806 F1800
G1 X73.306 Y9.497 E529.3851 F1800
G1 X73.000 Y9.732 E529.3979 F1800
G1 X72.874 Y9.784 E529.4025 F1800
G1 X72.518 Y9.932 E529.4153 F1800
G1 X72.383 Y9.950 E529.4198 F1800
G1 X72.000 Y10.000 E529.4327 F1800
G1 X71.865 Y9.982 E529.4372 F1800
G1 X71.482 Y9.932 E529.4500 F1800
G1 X71.357 Y9.880 E529.4546 F1800
G1 X71.000 Y9.732 E529.4674 F1800
G1 X70.892 Y9.649 E529.4719 F1800
G1 X70.586 Y9.414 E529.4848 F1800
G1 X70.503 Y9.306 E529.4893 F1800
G1 X70.268 Y9.000 E529.5021 F1800
G1 X70.216 Y8.874 E529.5067 F1800
G1 X70.068 Y8.518 E529.5195 F1800
G1 X70.050 Y8.383 E529.5240 F1800
G1 X70.000 Y8.000 E529.5369 F1800
G1 X70.018 Y7.865 E529.5414 F1800
G1 X70.068 Y7.482 E529.5542 F1800
G1 X70.120 Y7.357 E529.5588 F1800
G1 X70.268 Y7.000 E529.5716 F1800
G1 X70.351 Y6.892 E529.5761 F1800
G1 X70.586 Y6.586 E529.5890 F1800
G0 X70.268 Y51.000 F4800
G1 X70.351 Y50.892 E529.5935 F1800
G1 X70.586 Y50.586 E529.6063 F1800
G1 X70.694 Y50.503 E529.6109 F1800
G1 X71.000 Y50.268 E529.6237 F1800
G1 X71.126 Y50.216 E529.6282 F1800
G1 X71.482 Y50.068 E529.6411 F1800
G1 X71.617 Y50.050 E529.6456 F1800
G1 X72.000 Y50.000 E529.6584 F1800
G1 X72.135 Y50.018 E529.6629 F1800
G1 X72.518 Y50.068 E529.6758 F1800
G1 X72.643 Y50.120 E529.6803 F1800
G1 X73.000 Y50.268 E529.6932 F1800
G1 X73.108 Y50.351 E529.6977 F1800
G1 X73.414 Y50.586 E529.7105 F1800
G1 X73.497 Y50.694 E529.7150 F1800
G1 X73.732 Y51.000 E529.7279 F1800
G1 X73.784 Y51.126 E529.7324 F1800
G1 X73.932 Y51.482 E529.7453 F1800
G1 X73.950 Y51.617 E529.7498 F1800
G1 X74.000 Y52.000 E529.7626 F1800
G1 X73.982 Y52.135 E529.7671 F1800
G1 X73.932 Y52.518 E529.7800 F1800
G1 X73.880 Y52.643 E529.7845 F1800
G1 X73.732 Y53.000 E529.7974 F1800
G1 X73.649 Y53.108 E529.8019 F1800
G1 X73.414 Y53.414 E529.8147 F1800
G1 X73.306 Y53.497 E529.8192 F1800
G1 X73.000 Y53.732 E529.8321 F1800
G1 X72.874 Y53.784 E529.8366 F1800
G1 X72.518 Y53.932 E529.8494 F1800
G1 X72.383 Y53.950 E529.8540 F1800
G1 X72.000 Y54.000 E529.8668 F1800
G1 X71.865 Y53.982 E529.8713 F1800
G1 X71.482 Y53.932 E529.8842 F1800
G1 X71.357 Y53.880 E529.8887 F1800
G1 X71.000 Y53.732 E529.9015 F1800
G1 X70.892 Y53.649 E529.9061 F1800
G1 X70.586 Y53.414 E529.9189 F1800
G1 X70.503 Y53.306 E529.9234 F1800
G1 X70.268 Y53.000 E529.9363 F1800
G1 X70.216 Y52.874 E529.9408 F1800
G1 X70.068 Y52.518 E529.9536 F1800
G1 X70.050 Y52.383 E529.9582 F1800
G1 X70.000 Y52.000 E529.9710 F1800
G1 X70.018 Y51.865 E529.9755 F1800
G1 X70.068 Y51.482 E529.9884 F1800
G1 X70.120 Y51.357 E529.9929 F1800
G1 X70.268 Y51.000 E530.0057 F1800
G0 X6.068 Y51.482 F4800
G1 X6.120 Y51.357 E530.0103 F1800
G1 X6.268 Y51.000 E530.0231 F1800
G1 X6.351 Y50.892 E530.0276 F1800
G1 X6.586 Y50.586 E530.0405 F1800
G1 X6.694 Y50.503 E530.0450 F1800
G1 X7.000 Y50.268 E530.0578 F1800
G1 X7.126 Y50.216 E530.0623 F1800
G1 X7.482 Y50.068 E530.0752 F1800
G1 X7.617 Y50.050 E530.0797 F1800
G1 X8.000 Y50.000 E530.0926 F1800
G1 X8.135 Y50.018 E530.0971 F1800
G1 X8.518 Y50.068 E530.1099 F1800
G1 X8.643 Y50.120 E530.1144 F1800
G1 X9.000 Y50.268 E530.1273 F1800
G1 X9.108 Y50.351 E530.1318 F1800
G1 X9.414 Y50.586 E530.1447 F1800
G1 X9.497 Y50.694 E530.1492 F1800
G1 X9.732 Y51.000 E530.1620 F1800
G1 X9.784 Y51.126 E530.1665 F1800
G1 X9.932 Y51.482 E530.1794 F1800
G1 X9.950 Y51.617 E530.1839 F1800
G1 X10.000 Y52.000 E530.1968 F1800
G1 X9.982 Y52.135 E530.2013 F1800
G1 X9.932 Y52.518 E530.2141 F1800
G1 X9.880 Y52.643 E530.2186 F1800
G1 X9.732 Y53.000 E530.2315 F1800
G1 X9.649 Y53.108 E530.2360 F1800
G1 X9.414 Y53.414 E530.2488 F1800
G1 X9.306 Y53.497 E530.2534 F1800
G1 X9.000 Y53.732 E530.2662 F1800
G1 X8.874 Y53.784 E530.2707 F1800
G1 X8.518 Y53.932 E530.2836 F1800
G1 X8.383 Y53.950 E530.2881 F1800
G1 X8.000 Y54.000 E530.3009 F1800
G1 X7.865 Y53.982 E530.3055 F1800
G1 X7.482 Y53.932 E530.3183 F1800
G1 X7.357 Y53.880 E530.3228 F1800
G1 X7.000 Y53.732 E530.3357 F1800
G1 X6.892 Y53.649 E530.3402 F1800
G1 X6.586 Y53.414 E530.3530 F1800
G1 X6.503 Y53.306 E530.3576 F1800
G1 X6.268 Y53.000 E530.3704 F1800
G1 X6.216 Y52.874 E530.3749 F1800
G1 X6.068 Y52.518 E530.3878 F1800
G1 X6.050 Y52.383 E530.3923 F1800
G1 X6.000 Y52.000 E530.4051 F1800
G1 X6.018 Y51.865 E530.4097 F1800
G1 X6.068 Y51.482 E530.4225 F1800

;; LAYER 60 z=3.159
G1 Z3.159 F4800
G0 X16.819 Y0.000 F4800
G1 X0.000 Y0.000 E530.9819 F1800
G1 X0.000 Y4.739 E531.1395 F1800
G1 X0.000 Y7.898 E531.2446 F1800
G1 X0.000 Y44.227 E532.4529 F1800
G1 X0.000 Y47.386 E532.5580 F1800
G1 X0.000 Y60.000 E532.9775 F1800
G1 X0.000 Y62.879 E533.0733 F1800
G1 X0.000 Y64.200 E533.1172 F1800
G1 X0.000 Y74.593 E533.4629 F1800
G1 X50.916 Y74.593 E535.1564 F1800
G1 X80.000 Y74.593 E536.1237 F1800
G1 X80.000 Y70.267 E536.2676 F1800
G1 X80.000 Y59.861 E536.6137 F1800
G1 X80.000 Y59.138 E536.6377 F1800
G1 X80.000 Y49.231 E536.9673 F1800
G1 X80.000 Y48.369 E536.9959 F1800
G1 X80.000 Y47.077 E537.0389 F1800
G1 X80.000 Y12.614 E538.1851 F1800
G1 X80.000 Y0.000 E538.6047 F1800
G1 X16.819 Y0.000 E540.7061 F1800
G0 X6.586 Y6.586 F4800
G1 X6.673 Y6.519 E540.7097 F1800
G1 X7.000 Y6.268 E540.7235 F1800
G1 X7.101 Y6.226 E540.7271 F1800
G1 X7.482 Y6.068 E540.7408 F1800
G1 X7.591 Y6.054 E540.7445 F1800
G1 X8.000 Y6.000 E540.7582 F1800
G1 X8.109 Y6.014 E540.7618 F1800
G1 X8.518 Y6.068 E540.7755 F1800
G1 X8.619 Y6.110 E540.7792 F1800
G1 X9.000 Y6.268 E540.7929 F1800
G1 X9.087 Y6.335 E540.7966 F1800
G1 X9.414 Y6.586 E540.8103 F1800
G1 X9.481 Y6.673 E540.8139 F1800
G1 X9.732 Y7.000 E540.8276 F1800
G1 X9.774 Y7.101 E540.8313 F1800
G1 X9.932 Y7.482 E540.8450 F1800
G1 X9.946 Y7.591 E540.8487 F1800
G1 X10.000 Y8.000 E540.8624 F1800
G1 X9.986 Y8.109 E540.8660 F1800
G1 X9.932 Y8.518 E540.8797 F1800
G1 X9.890 Y8.619 E540.8834 F1800
G1 X9.732 Y9.000 E540.8971 F1800
G1 X9.665 Y9.087 E540.9008 F1800
G1 X9.414 Y9.414 E540.9145 F1800
G1 X9.327 Y9.481 E540.9181 F1800
G1 X9.000 Y9.732 E540.9318 F1800
G1 X8.899 Y9.774 E540.9355 F1800
G1 X8.518 Y9.932 E540.9492 F1800
G1 X8.409 Y9.946 E540.9529 F1800
G1 X8.000 Y10.000 E540.9666 F1800
G1 X7.891 Y9.986 E540.9702 F1800
G1 X7.482 Y9.932 E540.9839 F1800
G1 X7.381 Y9.890 E540.9876 F1800
G1 X7.000 Y9.732 E541.0013 F1800
G1 X6.913 Y9.665 E541.0049 F1800
G1 X6.586 Y9.414 E541.0187 F1800
G1 X6.519 Y9.327 E541.0223 F1800
G1 X6.268 Y9.000 E541.0360 F1800
G1 X6.226 Y8.899 E541.0397 F1800
G1 X6.068 Y8.518 E541.0534 F1800
G1 X6.054 Y8.409 E541.0570 F1800
G1 X6.000 Y8.000 E541.0708 F1800
G1 X6.014 Y7.891 E541.0744 F1800
G1 X6.068 Y7.482 E541.0881 F1800
G1 X6.110 Y7.381 E541.0918 F1800
G1 X6.268 Y7.000 E541.1055 F1800
G1 X6.335 Y6.913 E541.1091 F1800
G1 X6.586 Y6.586 E541.1229 F1800
G0 X70.586 Y6.586 F4800
G1 X70.673 Y6.519 E541.1265 F1800
G1 X71.000 Y6.268 E541.1402 F1800
G1 X71.101 Y6.226 E541.1439 F1800
G1 X71.482 Y6.068 E541.1576 F1800
G1 X71.591 Y6.054 E541.1612 F1800
G1 X72.000 Y6.000 E541.1750 F1800
G1 X72.109 Y6.014 E541.1786 F1800
G1 X72.518 Y6.068 E541.1923 F1800
G1 X72.619 Y6.110 E541.1960 F1800
G1 X73.000 Y6.268 E541.2097 F1800
G1 X73.087 Y6.335 E541.2133 F1800
G1 X73.414 Y6.586 E541.2270 F1800
G1 X73.481 Y6.673 E541.2307 F1800
G1 X73.732 Y7.000 E541.2444 F1800
G1 X73.774 Y7.101 E541.2481 F1800
G1 X73.932 Y7.482 E541.2618 F1800
G1 X73.946 Y7.591 E541.2654 F1800
G1 X74.000 Y8.000 E541.2791 F1800
G1 X73.986 Y8.109 E541.2828 F1800
G1 X73.932 Y8.518 E541.2965 F1800
G1 X73.890 Y8.619 E541.3002 F1800
G1 X73.732 Y9.000 E541.3139 F1800
G1 X73.665 Y9.087 E541.3175 F1800
G1 X73.414 Y9.414 E541.3312 F1800
G1 X73.327 Y9.481 E541.3349 F1800
G1 X73.000 Y9.732 E541.3486 F1800
G1 X72.899 Y9.774 E541.3523 F1800
G1 X72.518 Y9.932 E541.3660 F1800
G1 X72.409 Y9.946 E541.3696 F1800
G1 X72.000 Y10.000 E541.3833 F1800
G1 X71.891 Y9.986 E541.3870 F1800
G1 X71.482 Y9.932 E541.4007 F1800
G1 X71.381 Y9.890 E541.4044 F1800
G1 X71.000 Y9.732 E541.4181 F1800
G1 X70.913 Y9.665 E541.4217 F1800
G1 X70.586 Y9.414 E541.4354 F1800
G1 X70.519 Y9.327 E541.4391 F1800
G1 X70.268 Y9.000 E541.4528 F1800
G1 X70.226 Y8.899 E541.4564 F1800
G1 X70.068 Y8.518 E541.4702 F1800
G1 X70.054 Y8.409 E541.4738 F1800
G1 X70.000 Y8.000 E541.4875 F1800
G1 X70.014 Y7.891 E541.4912 F1800
G1 X70.068 Y7.482 E541.5049 F1800
G1 X70.110 Y7.381 E541.5085 F1800
G1 X70.268 Y7.000 E541.5223 F1800
G1 X70.335 Y6.913 E541.5259 F1800
G1 X70.586 Y6.586 E541.5396 F1800
G0 X70.268 Y51.000 F4800
G1 X70.335 Y50.913 E541.5433 F1800
G1 X70.586 Y50.586 E541.5570 F1800
G1 X70.673 Y50.519 E541.5606 F1800
G1 X71.000 Y50.268 E541.5744 F1800
G1 X71.101 Y50.226 E541.5780 F1800
G1 X71.482 Y50.068 E541.5917 F1800
G1 X71.591 Y50.054 E541.5954 F1800
G1 X72.000 Y50.000 E541.6091 F1800
G1 X72.109 Y50.014 E541.6127 F1800
G1 X72.518 Y50.068 E541.6264 F1800
G1 X72.619 Y50.110 E541.6301 F1800
G1 X73.000 Y50.268 E541.6438 F1800
G1 X73.087 Y50.335 E541.6475 F1800
G1 X73.414 Y50.586 E541.6612 F1800
G1 X73.481 Y50.673 E541.6648 F1800
G1 X73.732 Y51.000 E541.6785 F1800
G1 X73.774 Y51.101 E541.6822 F1800
G1 X73.932 Y51.482 E541.6959 F1800
G1 X73.946 Y51.591 E541.6996 F1800
G1 X74.000 Y52.000 E541.7133 F1800
G1 X73.986 Y52.109 E541.7169 F1800
G1 X73.932 Y52.518 E541.7306 F1800
G1 X73.890 Y52.619 E541.7343 F1800
G1 X73.732 Y53.000 E541.7480 F1800
G1 X73.665 Y53.087 E541.7517 F1800
G1 X73.414 Y53.414 E541.7654 F1800
G1 X73.327 Y53.481 E541.7690 F1800
G1 X73.000 Y53.732 E541.7827 F1800
G1 X72.899 Y53.774 E541.7864 F1800
G1 X72.518 Y53.932 E541.8001 F1800
G1 X72.409 Y53.946 E541.8038 F1800
G1 X72.000 Y54.000 E541.8175 F1800
G1 X71.891 Y53.986 E541.8211 F1800
G1 X71.482 Y53.932 E541.8348 F1800
G1 X71.381 Y53.890 E541.8385 F1800
G1 X71.000 Y53.732 E541.8522 F1800
G1 X70.913 Y53.665 E541.8558 F1800
G1 X70.586 Y53.414 E541.8696 F1800
G1 X70.519 Y53.327 E541.8732 F1800
G1 X70.268 Y53.000 E541.8869 F1800
G1 X70.226 Y52.899 E541.8906 F1800
G1 X70.068 Y52.518 E541.9043 F1800
G1 X70.054 Y52.409 E541.9079 F1800
G1 X70.000 Y52.000 E541.9217 F1800
G1 X70.014 Y51.891 E541.9253 F1800
G1 X70.068 Y51.482 E541.9390 F1800
G1 X70.110 Y51.381 E541.9427 F1800
G1 X70.268 Y51.000 E541.9564 F1800
G0 X6.068 Y51.482 F4800
G1 X6.110 Y51.381 E541.9600 F1800
G1 X6.268 Y51.000 E541.9738 F1800
G1 X6.335 Y50.913 E541.9774 F1800
G1 X6.586 Y50.586 E541.9911 F1800
G1 X6.673 Y50.519 E541.9948 F1800
G1 X7.000 Y50.268 E542.0085 F1800
G1 X7.101 Y50.226 E542.0121 F1800
G1 X7.482 Y50.068 E542.0258 F1800
G1 X7.591 Y50.054 E542.0295 F1800
G1 X8.000 Y50.000 E542.0432 F1800
G1 X8.109 Y50.014 E542.0469 F1800
G1 X8.518 Y50.068 E542.0606 F1800
G1 X8.619 Y50.110 E542.0642 F1800
G1 X9.000 Y50.268 E542.0779 F1800
G1 X9.087 Y50.335 E542.0816 F1800
G1 X9.414 Y50.586 E542.0953 F1800
G1 X9.481 Y50.673 E542.0990 F1800
G1 X9.732 Y51.000 E542.1127 F1800
G1 X9.774 Y51.101 E542.1163 F1800
G1 X9.932 Y51.482 E542.1300 F1800
G1 X9.946 Y51.591 E542.1337 F1800
G1 X10.000 Y52.000 E542.1474 F1800
G1 X9.986 Y52.109 E542.1511 F1800
G1 X9.932 Y52.518 E542.1648 F1800
G1 X9.890 Y52.619 E542.1684 F1800
G1 X9.732 Y53.000 E542.1821 F1800
G1 X9.665 Y53.087 E542.1858 F1800
G1 X9.414 Y53.414 E542.1995 F1800
G1 X9.327 Y53.481 E542.2032 F1800
G1 X9.000 Y53.732 E542.2169 F1800
G1 X8.899 Y53.774 E542.2205 F1800
G1 X8.518 Y53.932 E542.2342 F1800
G1 X8.409 Y53.946 E542.2379 F1800
G1 X8.000 Y54.000 E542.2516 F1800
G1 X7.891 Y53.986 E542.2552 F1800
G1 X7.482 Y53.932 E542.2690 F1800
G1 X7.381 Y53.890 E542.2726 F1800
G1 X7.000 Y53.732 E542.2863 F1800
G1 X6.913 Y53.665 E542.2900 F1800
G1 X6.586 Y53.414 E542.3037 F1800
G1 X6.519 Y53.327 E542.3073 F1800
G1 X6.268 Y53.000 E542.3211 F1800
G1 X6.226 Y52.899 E542.3247 F1800
G1 X6.068 Y52.518 E542.3384 F1800
G1 X6.054 Y52.409 E542.3421 F1800
G1 X6.000 Y52.000 E542.3558 F1800
G1 X6.014 Y51.891 E542.3594 F1800
G1 X6.068 Y51.482 E542.3732 F1800

;; LAYER 61 z=3.359
G1 Z3.359 F4800
G0 X12.819 Y0.000 F4800
G1 X0.000 Y0.000 E542.7995 F1800
G1 X0.000 Y5.039 E542.9671 F1800
G1 X0.000 Y8.398 E543.0788 F1800
G1 X0.000 Y47.027 E544.3636 F1800
G1 X0.000 Y50.386 E544.4754 F1800
G1 X0.000 Y60.000 E544.7951 F1800
G1 X0.000 Y62.194 E544.8681 F1800
G1 X0.000 Y63.201 E544.9016 F1800
G1 X0.000 Y73.847 E545.2557 F1800
G1 X52.153 Y73.847 E546.9903 F1800
G1 X80.000 Y73.847 E547.9165 F1800
G1 X80.000 Y69.704 E548.0543 F1800
G1 X80.000 Y59.741 E548.3856 F1800
G1 X80.000 Y58.392 E548.4305 F1800
G1 X80.000 Y39.901 E549.0455 F1800
G1 X80.000 Y38.293 E549.0990 F1800
G1 X80.000 Y35.881 E549.1792 F1800
G1 X80.000 Y9.614 E550.0529 F1800
G1 X80.000 Y0.000 E550.3726 F1800
G1 X12.819 Y0.000 E552.6071 F1800
G0 X6.586 Y6.586 F4800
G1 X6.652 Y6.535 E552.6099 F1800
G1 X7.000 Y6.268 E552.6245 F1800
G1 X7.077 Y6.236 E552.6272 F1800
G1 X7.482 Y6.068 E552.6418 F1800
G1 X7.565 Y6.057 E552.6446 F1800
G1 X8.000 Y6.000 E552.6592 F1800
G1 X8.083 Y6.011 E552.6620 F1800
G1 X8.518 Y6.068 E552.6766 F1800
G1 X8.595 Y6.100 E552.6793 F1800
G1 X9.000 Y6.268 E552.6939 F1800
G1 X9.066 Y6.319 E552.6967 F1800
G1 X9.414 Y6.586 E552.7113 F1800
G1 X9.465 Y6.652 E552.7141 F1800
G1 X9.732 Y7.000 E552.7286 F1800
G1 X9.764 Y7.077 E552.7314 F1800
G1 X9.932 Y7.482 E552.7460 F1800
G1 X9.943 Y7.565 E552.7488 F1800
G1 X10.000 Y8.000 E552.7634 F1800
G1 X9.989 Y8.083 E552.7662 F1800
G1 X9.932 Y8.518 E552.7807 F1800
G1 X9.900 Y8.595 E552.7835 F1800
G1 X9.732 Y9.000 E552.7981 F1800
G1 X9.681 Y9.066 E552.8009 F1800
G1 X9.414 Y9.414 E552.8155 F1800
G1 X9.348 Y9.465 E552.8183 F1800
G1 X9.000 Y9.732 E552.8328 F1800
G1 X8.923 Y9.764 E552.8356 F1800
G1 X8.518 Y9.932 E552.8502 F1800
G1 X8.435 Y9.943 E552.8530 F1800
G1 X8.000 Y10.000 E552.8676 F1800
G1 X7.917 Y9.989 E552.8704 F1800
G1 X7.482 Y9.932 E552.8849 F1800
G1 X7.405 Y9.900 E552.8877 F1800
G1 X7.000 Y9.732 E552.9023 F1800
G1 X6.934 Y9.681 E552.9051 F1800
G1 X6.586 Y9.414 E552.9197 F1800
G1 X6.535 Y9.348 E552.9224 F1800
G1 X6.268 Y9.000 E552.9370 F1800
G1 X6.236 Y8.923 E552.9398 F1800
G1 X6.068 Y8.518 E552.9544 F1800
G1 X6.057 Y8.435 E552.9572 F1800
G1 X6.000 Y8.000 E552.9718 F1800
G1 X6.011 Y7.917 E552.9745 F1800
G1 X6.068 Y7.482 E552.9891 F1800
G1 X6.100 Y7.405 E552.9919 F1800
G1 X6.268 Y7.000 E553.0065 F1800
G1 X6.319 Y6.934 E553.0093 F1800
G1 X6.586 Y6.586 E553.0239 F1800
G0 X70.586 Y6.586 F4800
G1 X70.652 Y6.535 E553.0266 F1800
G1 X71.000 Y6.268 E553.0412 F1800
G1 X71.077 Y6.236 E553.0440 F1800
G1 X71.482 Y6.068 E553.0586 F1800
G1 X71.565 Y6.057 E553.0614 F1800
G1 X72.000 Y6.000 E553.0760 F1800
G1 X72.083 Y6.011 E553.0787 F1800
G1 X72.518 Y6.068 E553.0933 F1800
G1 X72.595 Y6.100 E553.0961 F1800
G1 X73.000 Y6.268 E553.1107 F1800
G1 X73.066 Y6.319 E553.1135 F1800
G1 X73.414 Y6.586 E553.1280 F1800
G1 X73.465 Y6.652 E553.1308 F1800
G1 X73.732 Y7.000 E553.1454 F1800
G1 X73.764 Y7.077 E553.1482 F1800
G1 X73.932 Y7.482 E553.1628 F1800
G1 X73.943 Y7.565 E553.1656 F1800
G1 X74.000 Y8.000 E553.1801 F1800
G1 X73.989 Y8.083 E553.1829 F1800
G1 X73.932 Y8.518 E553.1975 F1800
G1 X73.900 Y8.595 E553.2003 F1800
G1 X73.732 Y9.000 E553.2149 F1800
G1 X73.681 Y9.066 E553.2177 F1800
G1 X73.414 Y9.414 E553.2322 F1800
G1 X73.348 Y9.465 E553.2350 F1800
G1 X73.000 Y9.732 E553.2496 F1800
G1 X72.923 Y9.764 E553.2524 F1800
G1 X72.518 Y9.932 E553.2670 F1800
G1 X72.435 Y9.943 E553.2698 F1800
G1 X72.000 Y10.000 E553.2843 F1800
G1 X71.917 Y9.989 E553.2871 F1800
G1 X71.482 Y9.932 E553.3017 F1800
G1 X71.405 Y9.900 E553.3045 F1800
G1 X71.000 Y9.732 E553.3191 F1800
G1 X70.934 Y9.681 E553.3218 F1800
G1 X70.586 Y9.414 E553.3364 F1800
G1 X70.535 Y9.348 E553.3392 F1800
G1 X70.268 Y9.000 E553.3538 F1800
G1 X70.236 Y8.923 E553.3566 F1800
G1 X70.068 Y8.518 E553.3712 F1800
G1 X70.057 Y8.435 E553.3739 F1800
G1 X70.000 Y8.000 E553.3885 F1800
G1 X70.011 Y7.917 E553.3913 F1800
G1 X70.068 Y7.482 E553.4059 F1800
G1 X70.100 Y7.405 E553.4087 F1800
G1 X70.268 Y7.000 E553.4233 F1800
G1 X70.319 Y6.934 E553.4260 F1800
G1 X70.586 Y6.586 E553.4406 F1800
G0 X70.268 Y51.000 F4800
G1 X70.319 Y50.934 E553.4434 F1800
G1 X70.586 Y50.586 E553.4580 F1800
G1 X70.652 Y50.535 E553.4608 F1800
G1 X71.000 Y50.268 E553.4754 F1800
G1 X71.077 Y50.236 E553.4781 F1800
G1 X71.482 Y50.068 E553.4927 F1800
G1 X71.565 Y50.057 E553.4955 F1800
G1 X72.000 Y50.000 E553.5101 F1800
G1 X72.083 Y50.011 E553.5129 F1800
G1 X72.518 Y50.068 E553.5275 F1800
G1 X72.595 Y50.100 E553.5302 F1800
G1 X73.000 Y50.268 E553.5448 F1800
G1 X73.066 Y50.319 E553.5476 F1800
G1 X73.414 Y50.586 E553.5622 F1800
G1 X73.465 Y50.652 E553.5650 F1800
G1 X73.732 Y51.000 E553.5795 F1800
G1 X73.764 Y51.077 E553.5823 F1800
G1 X73.932 Y51.482 E553.5969 F1800
G1 X73.943 Y51.565 E553.5997 F1800
G1 X74.000 Y52.000 E553.6143 F1800
G1 X73.989 Y52.083 E553.6171 F1800
G1 X73.932 Y52.518 E553.6316 F1800
G1 X73.900 Y52.595 E553.6344 F1800
G1 X73.732 Y53.000 E553.6490 F1800
G1 X73.681 Y53.066 E553.6518 F1800
G1 X73.414 Y53.414 E553.6664 F1800
G1 X73.348 Y53.465 E553.6692 F1800
G1 X73.000 Y53.732 E553.6837 F1800
G1 X72.923 Y53.764 E553.6865 F1800
G1 X72.518 Y53.932 E553.7011 F1800
G1 X72.435 Y53.943 E553.7039 F1800
G1 X72.000 Y54.000 E553.7185 F1800
G1 X71.917 Y53.989 E553.7213 F1800
G1 X71.482 Y53.932 E553.7358 F1800
G1 X71.405 Y53.900 E553.7386 F1800
G1 X71.000 Y53.732 E553.7532 F1800
G1 X70.934 Y53.681 E553.7560 F1800
G1 X70.586 Y53.414 E553.7706 F1800
G1 X70.535 Y53.348 E553.7733 F1800
G1 X70.268 Y53.000 E553.7879 F1800
G1 X70.236 Y52.923 E553.7907 F1800
G1 X70.068 Y52.518 E553.8053 F1800
G1 X70.057 Y52.435 E553.8081 F1800
G1 X70.000 Y52.000 E553.8227 F1800
G1 X70.011 Y51.917 E553.8254 F1800
G1 X70.068 Y51.482 E553.8400 F1800
G1 X70.100 Y51.405 E553.8428 F1800
G1 X70.268 Y51.000 E553.8574 F1800
G0 X6.068 Y51.482 F4800
G1 X6.100 Y51.405 E553.8602 F1800
G1 X6.268 Y51.000 E553.8748 F1800
G1 X6.319 Y50.934 E553.8775 F1800
G1 X6.586 Y50.586 E553.8921 F1800
G1 X6.652 Y50.535 E553.8949 F1800
G1 X7.000 Y50.268 E553.9095 F1800
G1 X7.077 Y50.236 E553.9123 F1800
G1 X7.482 Y50.068 E553.9269 F1800
G1 X7.565 Y50.057 E553.9296 F1800
G1 X8.000 Y50.000 E553.9442 F1800
G1 X8.083 Y50.011 E553.9470 F1800
G1 X8.518 Y50.068 E553.9616 F1800
G1 X8.595 Y50.100 E553.9644 F1800
G1 X9.000 Y50.268 E553.9789 F1800
G1 X9.066 Y50.319 E553.9817 F1800
G1 X9.414 Y50.586 E553.9963 F1800
G1 X9.465 Y50.652 E553.9991 F1800
G1 X9.732 Y51.000 E554.0137 F1800
G1 X9.764 Y51.077 E554.0165 F1800
G1 X9.932 Y51.482 E554.0310 F1800
G1 X9.943 Y51.565 E554.0338 F1800
G1 X10.000 Y52.000 E554.0484 F1800
G1 X9.989 Y52.083 E554.0512 F1800
G1 X9.932 Y52.518 E554.0658 F1800
G1 X9.900 Y52.595 E554.0686 F1800
G1 X9.732 Y53.000 E554.0831 F1800
G1 X9.681 Y53.066 E554.0859 F1800
G1 X9.414 Y53.414 E554.1005 F1800
G1 X9.348 Y53.465 E554.1033 F1800
G1 X9.000 Y53.732 E554.1179 F1800
G1 X8.923 Y53.764 E554.1207 F1800
G1 X8.518 Y53.932 E554.1352 F1800
G1 X8.435 Y53.943 E554.1380 F1800
G1 X8.000 Y54.000 E554.1526 F1800
G1 X7.917 Y53.989 E554.1554 F1800
G1 X7.482 Y53.932 E554.1700 F1800
G1 X7.405 Y53.900 E554.1727 F1800
G1 X7.000 Y53.732 E554.1873 F1800
G1 X6.934 Y53.681 E554.1901 F1800
G1 X6.586 Y53.414 E554.2047 F1800
G1 X6.535 Y53.348 E554.2075 F1800
G1 X6.268 Y53.000 E554.2221 F1800
G1 X6.236 Y52.923 E554.2248 F1800
G1 X6.068 Y52.518 E554.2394 F1800
G1 X6.057 Y52.435 E554.2422 F1800
G1 X6.000 Y52.000 E554.2568 F1800
G1 X6.011 Y51.917 E554.2596 F1800
G1 X6.068 Y51.482 E554.2742 F1800

;; LAYER 62 z=3.559
G1 Z3.559 F4800
G0 X8.819 Y0.000 F4800
G1 X0.000 Y0.000 E554.5675 F1800
G1 X0.000 Y5.339 E554.7450 F1800
G1 X0.000 Y8.898 E554.8634 F1800
G1 X0.000 Y49.827 E556.2247 F1800
G1 X0.000 Y53.386 E556.3431 F1800
G1 X0.000 Y60.000 E556.5631 F1800
G1 X0.000 Y61.509 E556.6133 F1800
G1 X0.000 Y62.202 E556.6363 F1800
G1 X0.000 Y73.100 E556.9988 F1800
G1 X53.389 Y73.100 E558.7745 F1800
G1 X80.000 Y73.100 E559.6596 F1800
G1 X80.000 Y69.142 E559.7913 F1800
G1 X80.000 Y59.621 E560.1079 F1800
G1 X80.000 Y57.646 E560.1737 F1800
G1 X80.000 Y30.571 E561.0742 F1800
G1 X80.000 Y28.216 E561.1525 F1800
G1 X80.000 Y24.685 E561.2699 F1800
G1 X80.000 Y6.614 E561.8710 F1800
G1 X80.000 Y0.000 E562.0910 F1800
G1 X8.819 Y0.000 E564.4584 F1800
G0 X6.586 Y6.586 F4800
G1 X6.631 Y6.551 E564.4604 F1800
G1 X7.000 Y6.268 E564.4758 F1800
G1 X7.053 Y6.246 E564.4777 F1800
G1 X7.482 Y6.068 E564.4932 F1800
G1 X7.539 Y6.061 E564.4951 F1800
G1 X8.000 Y6.000 E564.5105 F1800
G1 X8.057 Y6.008 E564.5125 F1800
G1 X8.518 Y6.068 E564.5279 F1800
G1 X8.571 Y6.090 E564.5298 F1800
G1 X9.000 Y6.268 E564.5453 F1800
G1 X9.046 Y6.303 E564.5472 F1800
G1 X9.414 Y6.586 E564.5626 F1800
G1 X9.449 Y6.631 E564.5645 F1800
G1 X9.732 Y7.000 E564.5800 F1800
G1 X9.754 Y7.053 E564.5819 F1800
G1 X9.932 Y7.482 E564.5974 F1800
G1 X9.939 Y7.539 E564.5993 F1800
G1 X10.000 Y8.000 E564.6147 F1800
G1 X9.992 Y8.057 E564.6166 F1800
G1 X9.932 Y8.518 E564.6321 F1800
G1 X9.910 Y8.571 E564.6340 F1800
G1 X9.732 Y9.000 E564.6495 F1800
G1 X9.697 Y9.046 E564.6514 F1800
G1 X9.414 Y9.414 E564.6668 F1800
G1 X9.369 Y9.449 E564.6687 F1800
G1 X9.000 Y9.732 E564.6842 F1800
G1 X8.947 Y9.754 E564.6861 F1800
G1 X8.518 Y9.932 E564.7016 F1800
G1 X8.461 Y9.939 E564.7035 F1800
G1 X8.000 Y10.000 E564.7189 F1800
G1 X7.943 Y9.992 E564.7208 F1800
G1 X7.482 Y9.932 E564.7363 F1800
G1 X7.429 Y9.910 E564.7382 F1800
G1 X7.000 Y9.732 E564.7537 F1800
G1 X6.954 Y9.697 E564.7556 F1800
G1 X6.586 Y9.414 E564.7710 F1800
G1 X6.551 Y9.369 E564.7729 F1800
G1 X6.268 Y9.000 E564.7884 F1800
G1 X6.246 Y8.947 E564.7903 F1800
G1 X6.068 Y8.518 E564.8057 F1800
G1 X6.061 Y8.461 E564.8077 F1800
G1 X6.000 Y8.000 E564.8231 F1800
G1 X6.008 Y7.943 E564.8250 F1800
G1 X6.068 Y7.482 E564.8405 F1800
G1 X6.090 Y7.429 E564.8424 F1800
G1 X6.268 Y7.000 E564.8578 F1800
G1 X6.303 Y6.954 E564.8598 F1800
G1 X6.586 Y6.586 E564.8752 F1800
G0 X70.586 Y6.586 F4800
G1 X70.631 Y6.551 E564.8771 F1800
G1 X71.000 Y6.268 E564.8926 F1800
G1 X71.053 Y6.246 E564.8945 F1800
G1 X71.482 Y6.068 E564.9099 F1800
G1 X71.539 Y6.061 E564.9119 F1800
G1 X72.000 Y6.000 E564.9273 F1800
G1 X72.057 Y6.008 E564.9292 F1800
G1 X72.518 Y6.068 E564.9447 F1800
G1 X72.571 Y6.090 E564.9466 F1800
G1 X73.000 Y6.268 E564.9620 F1800
G1 X73.046 Y6.303 E564.9639 F1800
G1 X73.414 Y6.586 E564.9794 F1800
G1 X73.449 Y6.631 E564.9813 F1800
G1 X73.732 Y7.000 E564.9968 F1800
G1 X73.754 Y7.053 E564.9987 F1800
G1 X73.932 Y7.482 E565.0141 F1800
G1 X73.939 Y7.539 E565.0160 F1800
G1 X74.000 Y8.000 E565.0315 F1800
G1 X73.992 Y8.057 E565.0334 F1800
G1 X73.932 Y8.518 E565.0489 F1800
G1 X73.910 Y8.571 E565.0508 F1800
G1 X73.732 Y9.000 E565.0662 F1800
G1 X73.697 Y9.046 E565.0681 F1800
G1 X73.414 Y9.414 E565.0836 F1800
G1 X73.369 Y9.449 E565.0855 F1800
G1 X73.000 Y9.732 E565.1010 F1800
G1 X72.947 Y9.754 E565.1029 F1800
G1 X72.518 Y9.932 E565.1183 F1800
G1 X72.461 Y9.939 E565.1202 F1800
G1 X72.000 Y10.000 E565.1357 F1800
G1 X71.943 Y9.992 E565.1376 F1800
G1 X71.482 Y9.932 E565.1531 F1800
G1 X71.429 Y9.910 E565.1550 F1800
G1 X71.000 Y9.732 E565.1704 F1800
G1 X70.954 Y9.697 E565.1723 F1800
G1 X70.586 Y9.414 E565.1878 F1800
G1 X70.551 Y9.369 E565.1897 F1800
G1 X70.268 Y9.000 E565.2051 F1800
G1 X70.246 Y8.947 E565.2071 F1800
G1 X70.068 Y8.518 E565.2225 F1800
G1 X70.061 Y8.461 E565.2244 F1800
G1 X70.000 Y8.000 E565.2399 F1800
G1 X70.008 Y7.943 E565.2418 F1800
G1 X70.068 Y7.482 E565.2572 F1800
G1 X70.090 Y7.429 E565.2592 F1800
G1 X70.268 Y7.000 E565.2746 F1800
G1 X70.303 Y6.954 E565.2765 F1800
G1 X70.586 Y6.586 E565.2920 F1800
G0 X70.268 Y51.000 F4800
G1 X70.303 Y50.954 E565.2939 F1800
G1 X70.586 Y50.586 E565.3093 F1800
G1 X70.631 Y50.551 E565.3113 F1800
G1 X71.000 Y50.268 E565.3267 F1800
G1 X71.053 Y50.246 E565.3286 F1800
G1 X71.482 Y50.068 E565.3441 F1800
G1 X71.539 Y50.061 E565.3460 F1800
G1 X72.000 Y50.000 E565.3614 F1800
G1 X72.057 Y50.008 E565.3634 F1800
G1 X72.518 Y50.068 E565.3788 F1800
G1 X72.571 Y50.090 E565.3807 F1800
G1 X73.000 Y50.268 E565.3962 F1800
G1 X73.046 Y50.303 E565.3981 F1800
G1 X73.414 Y50.586 E565.4135 F1800
G1 X73.449 Y50.631 E565.4154 F1800
G1 X73.732 Y51.000 E565.4309 F1800
G1 X73.754 Y51.053 E565.4328 F1800
G1 X73.932 Y51.482 E565.4483 F1800
G1 X73.939 Y51.539 E565.4502 F1800
G1 X74.000 Y52.000 E565.4656 F1800
G1 X73.992 Y52.057 E565.4675 F1800
G1 X73.932 Y52.518 E565.4830 F1800
G1 X73.910 Y52.571 E565.4849 F1800
G1 X73.732 Y53.000 E565.5004 F1800
G1 X73.697 Y53.046 E565.5023 F1800
G1 X73.414 Y53.414 E565.5177 F1800
G1 X73.369 Y53.449 E565.5196 F1800
G1 X73.000 Y53.732 E565.5351 F1800
G1 X72.947 Y53.754 E565.5370 F1800
G1 X72.518 Y53.932 E565.5525 F1800
G1 X72.461 Y53.939 E565.5544 F1800
G1 X72.000 Y54.000 E565.5698 F1800
G1 X71.943 Y53.992 E565.5717 F1800
G1 X71.482 Y53.932 E565.5872 F1800
G1 X71.429 Y53.910 E565.5891 F1800
G1 X71.000 Y53.732 E565.6045 F1800
G1 X70.954 Y53.697 E565.6065 F1800
G1 X70.586 Y53.414 E565.6219 F1800
G1 X70.551 Y53.369 E565.6238 F1800
G1 X70.268 Y53.000 E565.6393 F1800
G1 X70.246 Y52.947 E565.6412 F1800
G1 X70.068 Y52.518 E565.6566 F1800
G1 X70.061 Y52.461 E565.6586 F1800
G1 X70.000 Y52.000 E565.6740 F1800
G1 X70.008 Y51.943 E565.6759 F1800
G1 X70.068 Y51.482 E565.6914 F1800
G1 X70.090 Y51.429 E565.6933 F1800
G1 X70.268 Y51.000 E565.7087 F1800
G0 X6.068 Y51.482 F4800
G1 X6.090 Y51.429 E565.7107 F1800
G1 X6.268 Y51.000 E565.7261 F1800
G1 X6.303 Y50.954 E565.7280 F1800
G1 X6.586 Y50.586 E565.7435 F1800
G1 X6.631 Y50.551 E565.7454 F1800
G1 X7.000 Y50.268 E565.7608 F1800
G1 X7.053 Y50.246 E565.7628 F1800
G1 X7.482 Y50.068 E565.7782 F1800
G1 X7.539 Y50.061 E565.7801 F1800
G1 X8.000 Y50.000 E565.7956 F1800
G1 X8.057 Y50.008 E565.7975 F1800
G1 X8.518 Y50.068 E565.8129 F1800
G1 X8.571 Y50.090 E565.8148 F1800
G1 X9.000 Y50.268 E565.8303 F1800
G1 X9.046 Y50.303 E565.8322 F1800
G1 X9.414 Y50.586 E565.8477 F1800
G1 X9.449 Y50.631 E565.8496 F1800
G1 X9.732 Y51.000 E565.8650 F1800
G1 X9.754 Y51.053 E565.8669 F1800
G1 X9.932 Y51.482 E565.8824 F1800
G1 X9.939 Y51.539 E565.8843 F1800
G1 X10.000 Y52.000 E565.8998 F1800
G1 X9.992 Y52.057 E565.9017 F1800
G1 X9.932 Y52.518 E565.9171 F1800
G1 X9.910 Y52.571 E565.9190 F1800
G1 X9.732 Y53.000 E565.9345 F1800
G1 X9.697 Y53.046 E565.9364 F1800
G1 X9.414 Y53.414 E565.9519 F1800
G1 X9.369 Y53.449 E565.9538 F1800
G1 X9.000 Y53.732 E565.9692 F1800
G1 X8.947 Y53.754 E565.9711 F1800
G1 X8.518 Y53.932 E565.9866 F1800
G1 X8.461 Y53.939 E565.9885 F1800
G1 X8.000 Y54.000 E566.0040 F1800
G1 X7.943 Y53.992 E566.0059 F1800
G1 X7.482 Y53.932 E566.0213 F1800
G1 X7.429 Y53.910 E566.0232 F1800
G1 X7.000 Y53.732 E566.0387 F1800
G1 X6.954 Y53.697 E566.0406 F1800
G1 X6.586 Y53.414 E566.0560 F1800
G1 X6.551 Y53.369 E566.0580 F1800
G1 X6.268 Y53.000 E566.0734 F1800
G1 X6.246 Y52.947 E566.0753 F1800
G1 X6.068 Y52.518 E566.0908 F1800
G1 X6.061 Y52.461 E566.0927 F1800
G1 X6.000 Y52.000 E566.1081 F1800
G1 X6.008 Y51.943 E566.1101 F1800
G1 X6.068 Y51.482 E566.1255 F1800

;; LAYER 63 z=3.759
G1 Z3.759 F4800
G0 X4.819 Y0.000 F4800
G1 X0.000 Y0.000 E566.2858 F1800
G1 X0.000 Y5.639 E566.4733 F1800
G1 X0.000 Y9.398 E566.5984 F1800
G1 X0.000 Y52.627 E568.0362 F1800
G1 X0.000 Y56.386 E568.1612 F1800
G1 X0.000 Y60.000 E568.2814 F1800
G1 X0.000 Y60.825 E568.3088 F1800
G1 X0.000 Y61.203 E568.3214 F1800
G1 X0.000 Y72.354 E568.6923 F1800
G1 X54.625 Y72.354 E570.5091 F1800
G1 X80.000 Y72.354 E571.3531 F1800
G1 X80.000 Y68.579 E571.4787 F1800
G1 X80.000 Y59.501 E571.7806 F1800
G1 X80.000 Y56.899 E571.8671 F1800
G1 X80.000 Y21.241 E573.0531 F1800
G1 X80.000 Y18.140 E573.1563 F1800
G1 X80.000 Y13.489 E573.3110 F1800
G1 X80.000 Y3.614 E573.6394 F1800
G1 X80.000 Y0.000 E573.7596 F1800
G1 X4.819 Y0.000 E576.2601 F1800
G0 X6.586 Y6.586 F4800
G1 X6.611 Y6.567 E576.2612 F1800
G1 X7.000 Y6.268 E576.2775 F1800
G1 X7.029 Y6.256 E576.2786 F1800
G1 X7.482 Y6.068 E576.2949 F1800
G1 X7.514 Y6.064 E576.2959 F1800
G1 X8.000 Y6.000 E576.3122 F1800
G1 X8.031 Y6.004 E576.3133 F1800
G1 X8.518 Y6.068 E576.3296 F1800
G1 X8.547 Y6.080 E576.3306 F1800
G1 X9.000 Y6.268 E576.3470 F1800
G1 X9.025 Y6.287 E576.3480 F1800
G1 X9.414 Y6.586 E576.3643 F1800
G1 X9.433 Y6.611 E576.3654 F1800
G1 X9.732 Y7.000 E576.3817 F1800
G1 X9.744 Y7.029 E576.3827 F1800
G1 X9.932 Y7.482 E576.3991 F1800
G1 X9.936 Y7.514 E576.4001 F1800
G1 X10.000 Y8.000 E576.4164 F1800
G1 X9.996 Y8.031 E576.4175 F1800
G1 X9.932 Y8.518 E576.4338 F1800
G1 X9.920 Y8.547 E576.4348 F1800
G1 X9.732 Y9.000 E576.4512 F1800
G1 X9.713 Y9.025 E576.4522 F1800
G1 X9.414 Y9.414 E576.4685 F1800
G1 X9.389 Y9.433 E576.4696 F1800
G1 X9.000 Y9.732 E576.4859 F1800
G1 X8.971 Y9.744 E576.4869 F1800
G1 X8.518 Y9.932 E576.5033 F1800
G1 X8.486 Y9.936 E576.5043 F1800
G1 X8.000 Y10.000 E576.5206 F1800
G1 X7.969 Y9.996 E576.5217 F1800
G1 X7.482 Y9.932 E576.5380 F1800
G1 X7.453 Y9.920 E576.5390 F1800
G1 X7.000 Y9.732 E576.5554 F1800
G1 X6.975 Y9.713 E576.5564 F1800
G1 X6.586 Y9.414 E576.5727 F1800
G1 X6.567 Y9.389 E576.5738 F1800
G1 X6.268 Y9.000 E576.5901 F1800
G1 X6.256 Y8.971 E576.5911 F1800
G1 X6.068 Y8.518 E576.6074 F1800
G1 X6.064 Y8.486 E576.6085 F1800
G1 X6.000 Y8.000 E576.6248 F1800
G1 X6.004 Y7.969 E576.6259 F1800
G1 X6.068 Y7.482 E576.6422 F1800
G1 X6.080 Y7.453 E576.6432 F1800
G1 X6.268 Y7.000 E576.6595 F1800
G1 X6.287 Y6.975 E576.6606 F1800
G1 X6.586 Y6.586 E576.6769 F1800
G0 X70.586 Y6.586 F4800
G1 X70.611 Y6.567 E576.6780 F1800
G1 X71.000 Y6.268 E576.6943 F1800
G1 X71.029 Y6.256 E576.6953 F1800
G1 X71.482 Y6.068 E576.7116 F1800
G1 X71.514 Y6.064 E576.7127 F1800
G1 X72.000 Y6.000 E576.7290 F1800
G1 X72.031 Y6.004 E576.7300 F1800
G1 X72.518 Y6.068 E576.7464 F1800
G1 X72.547 Y6.080 E576.7474 F1800
G1 X73.000 Y6.268 E576.7637 F1800
G1 X73.025 Y6.287 E576.7648 F1800
G1 X73.414 Y6.586 E576.7811 F1800
G1 X73.433 Y6.611 E576.7821 F1800
G1 X73.732 Y7.000 E576.7985 F1800
G1 X73.744 Y7.029 E576.7995 F1800
G1 X73.932 Y7.482 E576.8158 F1800
G1 X73.936 Y7.514 E576.8169 F1800
G1 X74.000 Y8.000 E576.8332 F1800
G1 X73.996 Y8.031 E576.8342 F1800
G1 X73.932 Y8.518 E576.8506 F1800
G1 X73.920 Y8.547 E576.8516 F1800
G1 X73.732 Y9.000 E576.8679 F1800
G1 X73.713 Y9.025 E576.8690 F1800
G1 X73.414 Y9.414 E576.8853 F1800
G1 X73.389 Y9.433 E576.8863 F1800
G1 X73.000 Y9.732 E576.9027 F1800
G1 X72.971 Y9.744 E576.9037 F1800
G1 X72.518 Y9.932 E576.9200 F1800
G1 X72.486 Y9.936 E576.9211 F1800
G1 X72.000 Y10.000 E576.9374 F1800
G1 X71.969 Y9.996 E576.9384 F1800
G1 X71.482 Y9.932 E576.9548 F1800
G1 X71.453 Y9.920 E576.9558 F1800
G1 X71.000 Y9.732 E576.9721 F1800
G1 X70.975 Y9.713 E576.9732 F1800
G1 X70.586 Y9.414 E576.9895 F1800
G1 X70.567 Y9.389 E576.9905 F1800
G1 X70.268 Y9.000 E577.0068 F1800
G1 X70.256 Y8.971 E577.0079 F1800
G1 X70.068 Y8.518 E577.0242 F1800
G1 X70.064 Y8.486 E577.0253 F1800
G1 X70.000 Y8.000 E577.0416 F1800
G1 X70.004 Y7.969 E577.0426 F1800
G1 X70.068 Y7.482 E577.0589 F1800
G1 X70.080 Y7.453 E577.0600 F1800
G1 X70.268 Y7.000 E577.0763 F1800
G1 X70.287 Y6.975 E577.0774 F1800
G1 X70.586 Y6.586 E577.0937 F1800
G0 X70.268 Y51.000 F4800
G1 X70.287 Y50.975 E577.0947 F1800
G1 X70.586 Y50.586 E577.1110 F1800
G1 X70.611 Y50.567 E577.1121 F1800
G1 X71.000 Y50.268 E577.1284 F1800
G1 X71.029 Y50.256 E577.1295 F1800
G1 X71.482 Y50.068 E577.1458 F1800
G1 X71.514 Y50.064 E577.1468 F1800
G1 X72.000 Y50.000 E577.1631 F1800
G1 X72.031 Y50.004 E577.1642 F1800
G1 X72.518 Y50.068 E577.1805 F1800
G1 X72.547 Y50.080 E577.1815 F1800
G1 X73.000 Y50.268 E577.1979 F1800
G1 X73.025 Y50.287 E577.1989 F1800
G1 X73.414 Y50.586 E577.2152 F1800
G1 X73.433 Y50.611 E577.2163 F1800
G1 X73.732 Y51.000 E577.2326 F1800
G1 X73.744 Y51.029 E577.2336 F1800
G1 X73.932 Y51.482 E577.2500 F1800
G1 X73.936 Y51.514 E577.2510 F1800
G1 X74.000 Y52.000 E577.2673 F1800
G1 X73.996 Y52.031 E577.2684 F1800
G1 X73.932 Y52.518 E577.2847 F1800
G1 X73.920 Y52.547 E577.2857 F1800
G1 X73.732 Y53.000 E577.3021 F1800
G1 X73.713 Y53.025 E577.3031 F1800
G1 X73.414 Y53.414 E577.3194 F1800
G1 X73.389 Y53.433 E577.3205 F1800
G1 X73.000 Y53.732 E577.3368 F1800
G1 X72.971 Y53.744 E577.3378 F1800
G1 X72.518 Y53.932 E577.3542 F1800
G1 X72.486 Y53.936 E577.3552 F1800
G1 X72.000 Y54.000 E577.3715 F1800
G1 X71.969 Y53.996 E577.3726 F1800
G1 X71.482 Y53.932 E577.3889 F1800
G1 X71.453 Y53.920 E577.3899 F1800
G1 X71.000 Y53.732 E577.4062 F1800
G1 X70.975 Y53.713 E577.4073 F1800
G1 X70.586 Y53.414 E577.4236 F1800
G1 X70.567 Y53.389 E577.4247 F1800
G1 X70.268 Y53.000 E577.4410 F1800
G1 X70.256 Y52.971 E577.4420 F1800
G1 X70.068 Y52.518 E577.4583 F1800
G1 X70.064 Y52.486 E577.4594 F1800
G1 X70.000 Y52.000 E577.4757 F1800
G1 X70.004 Y51.969 E577.4768 F1800
G1 X70.068 Y51.482 E577.4931 F1800
G1 X70.080 Y51.453 E577.4941 F1800
G1 X70.268 Y51.000 E577.5104 F1800
G0 X6.068 Y51.482 F4800
G1 X6.080 Y51.453 E577.5115 F1800
G1 X6.268 Y51.000 E577.5278 F1800
G1 X6.287 Y50.975 E577.5289 F1800
G1 X6.586 Y50.586 E577.5452 F1800
G1 X6.611 Y50.567 E577.5462 F1800
G1 X7.000 Y50.268 E577.5625 F1800
G1 X7.029 Y50.256 E577.5636 F1800
G1 X7.482 Y50.068 E577.5799 F1800
G1 X7.514 Y50.064 E577.5809 F1800
G1 X8.000 Y50.000 E577.5973 F1800
G1 X8.031 Y50.004 E577.5983 F1800
G1 X8.518 Y50.068 E577.6146 F1800
G1 X8.547 Y50.080 E577.6157 F1800
G1 X9.000 Y50.268 E577.6320 F1800
G1 X9.025 Y50.287 E577.6330 F1800
G1 X9.414 Y50.586 E577.6494 F1800
G1 X9.433 Y50.611 E577.6504 F1800
G1 X9.732 Y51.000 E577.6667 F1800
G1 X9.744 Y51.029 E577.6678 F1800
G1 X9.932 Y51.482 E577.6841 F1800
G1 X9.936 Y51.514 E577.6851 F1800
G1 X10.000 Y52.000 E577.7015 F1800
G1 X9.996 Y52.031 E577.7025 F1800
G1 X9.932 Y52.518 E577.7188 F1800
G1 X9.920 Y52.547 E577.7199 F1800
G1 X9.732 Y53.000 E577.7362 F1800
G1 X9.713 Y53.025 E577.7372 F1800
G1 X9.414 Y53.414 E577.7536 F1800
G1 X9.389 Y53.433 E577.7546 F1800
G1 X9.000 Y53.732 E577.7709 F1800
G1 X8.971 Y53.744 E577.7720 F1800
G1 X8.518 Y53.932 E577.7883 F1800
G1 X8.486 Y53.936 E577.7893 F1800
G1 X8.000 Y54.000 E577.8057 F1800
G1 X7.969 Y53.996 E577.8067 F1800
G1 X7.482 Y53.932 E577.8230 F1800
G1 X7.453 Y53.920 E577.8241 F1800
G1 X7.000 Y53.732 E577.8404 F1800
G1 X6.975 Y53.713 E577.8414 F1800
G1 X6.586 Y53.414 E577.8577 F1800
G1 X6.567 Y53.389 E577.8588 F1800
G1 X6.268 Y53.000 E577.8751 F1800
G1 X6.256 Y52.971 E577.8762 F1800
G1 X6.068 Y52.518 E577.8925 F1800
G1 X6.064 Y52.486 E577.8935 F1800
G1 X6.000 Y52.000 E577.9098 F1800
G1 X6.004 Y51.969 E577.9109 F1800
G1 X6.068 Y51.482 E577.9272 F1800

;; LAYER 64 z=3.959
G1 Z3.959 F4800
G0 X0.819 Y0.000 F4800
G1 X0.000 Y0.000 E577.9544 F1800
G1 X0.000 Y5.939 E578.1520 F1800
G1 X0.000 Y9.898 E578.2836 F1800
G1 X0.000 Y55.427 E579.7979 F1800
G1 X0.000 Y59.386 E579.9296 F1800
G1 X0.000 Y60.000 E579.9501 F1800
G1 X0.000 Y60.140 E579.9547 F1800
G1 X0.000 Y60.205 E579.9569 F1800
G1 X0.000 Y71.608 E580.3361 F1800
G1 X55.862 Y71.608 E582.1941 F1800
G1 X80.000 Y71.608 E582.9969 F1800
G1 X80.000 Y68.017 E583.1164 F1800
G1 X80.000 Y59.381 E583.4036 F1800
G1 X80.000 Y56.153 E583.5110 F1800
G1 X80.000 Y11.910 E584.9825 F1800
G1 X80.000 Y8.063 E585.1104 F1800
G1 X80.000 Y2.293 E585.3024 F1800
G1 X80.000 Y0.614 E585.3582 F1800
G1 X80.000 Y0.000 E585.3786 F1800
G1 X0.819 Y0.000 E588.0122 F1800
G0 X6.586 Y6.586 F4800
G1 X6.590 Y6.583 E588.0124 F1800
G1 X7.000 Y6.268 E588.0296 F1800
G1 X7.005 Y6.266 E588.0297 F1800
G1 X7.482 Y6.068 E588.0469 F1800
G1 X7.488 Y6.067 E588.0471 F1800
G1 X8.000 Y6.000 E588.0643 F1800
G1 X8.005 Y6.001 E588.0645 F1800
G1 X8.518 Y6.068 E588.0817 F1800
G1 X8.523 Y6.070 E588.0818 F1800
G1 X9.000 Y6.268 E588.0990 F1800
G1 X9.004 Y6.271 E588.0992 F1800
G1 X9.414 Y6.586 E588.1164 F1800
G1 X9.417 Y6.590 E588.1166 F1800
G1 X9.732 Y7.000 E588.1337 F1800
G1 X9.734 Y7.005 E588.1339 F1800
G1 X9.932 Y7.482 E588.1511 F1800
G1 X9.933 Y7.488 E588.1513 F1800
G1 X10.000 Y8.000 E588.1685 F1800
G1 X9.999 Y8.005 E588.1687 F1800
G1 X9.932 Y8.518 E588.1858 F1800
G1 X9.930 Y8.523 E588.1860 F1800
G1 X9.732 Y9.000 E588.2032 F1800
G1 X9.729 Y9.004 E588.2034 F1800
G1 X9.414 Y9.414 E588.2206 F1800
G1 X9.410 Y9.417 E588.2208 F1800
G1 X9.000 Y9.732 E588.2379 F1800
G1 X8.995 Y9.734 E588.2381 F1800
G1 X8.518 Y9.932 E588.2553 F1800
G1 X8.512 Y9.933 E588.2555 F1800
G1 X8.000 Y10.000 E588.2727 F1800
G1 X7.995 Y9.999 E588.2728 F1800
G1 X7.482 Y9.932 E588.2900 F1800
G1 X7.477 Y9.930 E588.2902 F1800
G1 X7.000 Y9.732 E588.3074 F1800
G1 X6.996 Y9.729 E588.3076 F1800
G1 X6.586 Y9.414 E588.3248 F1800
G1 X6.583 Y9.410 E588.3249 F1800
G1 X6.268 Y9.000 E588.3421 F1800
G1 X6.266 Y8.995 E588.3423 F1800
G1 X6.068 Y8.518 E588.3595 F1800
G1 X6.067 Y8.512 E588.3597 F1800
G1 X6.000 Y8.000 E588.3769 F1800
G1 X6.001 Y7.995 E588.3770 F1800
G1 X6.068 Y7.482 E588.3942 F1800
G1 X6.070 Y7.477 E588.3944 F1800
G1 X6.268 Y7.000 E588.4116 F1800
G1 X6.271 Y6.996 E588.4118 F1800
G1 X6.586 Y6.586 E588.4290 F1800
G0 X70.586 Y6.586 F4800
G1 X70.590 Y6.583 E588.4291 F1800
G1 X71.000 Y6.268 E588.4463 F1800
G1 X71.005 Y6.266 E588.4465 F1800
G1 X71.482 Y6.068 E588.4637 F1800
G1 X71.488 Y6.067 E588.4639 F1800
G1 X72.000 Y6.000 E588.4811 F1800
G1 X72.005 Y6.001 E588.4812 F1800
G1 X72.518 Y6.068 E588.4984 F1800
G1 X72.523 Y6.070 E588.4986 F1800
G1 X73.000 Y6.268 E588.5158 F1800
G1 X73.004 Y6.271 E588.5160 F1800
G1 X73.414 Y6.586 E588.5331 F1800
G1 X73.417 Y6.590 E588.5333 F1800
G1 X73.732 Y7.000 E588.5505 F1800
G1 X73.734 Y7.005 E588.5507 F1800
G1 X73.932 Y7.482 E588.5679 F1800
G1 X73.933 Y7.488 E588.5681 F1800
G1 X74.000 Y8.000 E588.5852 F1800
G1 X73.999 Y8.005 E588.5854 F1800
G1 X73.932 Y8.518 E588.6026 F1800
G1 X73.930 Y8.523 E588.6028 F1800
G1 X73.732 Y9.000 E588.6200 F1800
G1 X73.729 Y9.004 E588.6202 F1800
G1 X73.414 Y9.414 E588.6373 F1800
G1 X73.410 Y9.417 E588.6375 F1800
G1 X73.000 Y9.732 E588.6547 F1800
G1 X72.995 Y9.734 E588.6549 F1800
G1 X72.518 Y9.932 E588.6721 F1800
G1 X72.512 Y9.933 E588.6722 F1800
G1 X72.000 Y10.000 E588.6894 F1800
G1 X71.995 Y9.999 E588.6896 F1800
G1 X71.482 Y9.932 E588.7068 F1800
G1 X71.477 Y9.930 E588.7070 F1800
G1 X71.000 Y9.732 E588.7242 F1800
G1 X70.996 Y9.729 E588.7243 F1800
G1 X70.586 Y9.414 E588.7415 F1800
G1 X70.583 Y9.410 E588.7417 F1800
G1 X70.268 Y9.000 E588.7589 F1800
G1 X70.266 Y8.995 E588.7591 F1800
G1 X70.068 Y8.518 E588.7763 F1800
G1 X70.067 Y8.512 E588.7764 F1800
G1 X70.000 Y8.000 E588.7936 F1800
G1 X70.001 Y7.995 E588.7938 F1800
G1 X70.068 Y7.482 E588.8110 F1800
G1 X70.070 Y7.477 E588.8112 F1800
G1 X70.268 Y7.000 E588.8284 F1800
G1 X70.271 Y6.996 E588.8285 F1800
G1 X70.586 Y6.586 E588.8457 F1800
G0 X70.268 Y51.000 F4800
G1 X70.271 Y50.996 E588.8459 F1800
G1 X70.586 Y50.586 E588.8631 F1800
G1 X70.590 Y50.583 E588.8633 F1800
G1 X71.000 Y50.268 E588.8805 F1800
G1 X71.005 Y50.266 E588.8806 F1800
G1 X71.482 Y50.068 E588.8978 F1800
G1 X71.488 Y50.067 E588.8980 F1800
G1 X72.000 Y50.000 E588.9152 F1800
G1 X72.005 Y50.001 E588.9154 F1800
G1 X72.518 Y50.068 E588.9325 F1800
G1 X72.523 Y50.070 E588.9327 F1800
G1 X73.000 Y50.268 E588.9499 F1800
G1 X73.004 Y50.271 E588.9501 F1800
G1 X73.414 Y50.586 E588.9673 F1800
G1 X73.417 Y50.590 E588.9675 F1800
G1 X73.732 Y51.000 E588.9846 F1800
G1 X73.734 Y51.005 E588.9848 F1800
G1 X73.932 Y51.482 E589.0020 F1800
G1 X73.933 Y51.488 E589.0022 F1800
G1 X74.000 Y52.000 E589.0194 F1800
G1 X73.999 Y52.005 E589.0196 F1800
G1 X73.932 Y52.518 E589.0367 F1800
G1 X73.930 Y52.523 E589.0369 F1800
G1 X73.732 Y53.000 E589.0541 F1800
G1 X73.729 Y53.004 E589.0543 F1800
G1 X73.414 Y53.414 E589.0715 F1800
G1 X73.410 Y53.417 E589.0716 F1800
G1 X73.000 Y53.732 E589.0888 F1800
G1 X72.995 Y53.734 E589.0890 F1800
G1 X72.518 Y53.932 E589.1062 F1800
G1 X72.512 Y53.933 E589.1064 F1800
G1 X72.000 Y54.000 E589.1236 F1800
G1 X71.995 Y53.999 E589.1237 F1800
G1 X71.482 Y53.932 E589.1409 F1800
G1 X71.477 Y53.930 E589.1411 F1800
G1 X71.000 Y53.732 E589.1583 F1800
G1 X70.996 Y53.729 E589.1585 F1800
G1 X70.586 Y53.414 E589.1757 F1800
G1 X70.583 Y53.410 E589.1758 F1800
G1 X70.268 Y53.000 E589.1930 F1800
G1 X70.266 Y52.995 E589.1932 F1800
G1 X70.068 Y52.518 E589.2104 F1800
G1 X70.067 Y52.512 E589.2106 F1800
G1 X70.000 Y52.000 E589.2278 F1800
G1 X70.001 Y51.995 E589.2279 F1800
G1 X70.068 Y51.482 E589.2451 F1800
G1 X70.070 Y51.477 E589.2453 F1800
G1 X70.268 Y51.000 E589.2625 F1800
G0 X6.068 Y51.482 F4800
G1 X6.070 Y51.477 E589.2627 F1800
G1 X6.268 Y51.000 E589.2799 F1800
G1 X6.271 Y50.996 E589.2800 F1800
G1 X6.586 Y50.586 E589.2972 F1800
G1 X6.590 Y50.583 E589.2974 F1800
G1 X7.000 Y50.268 E589.3146 F1800
G1 X7.005 Y50.266 E589.3148 F1800
G1 X7.482 Y50.068 E589.3320 F1800
G1 X7.488 Y50.067 E589.3321 F1800
G1 X8.000 Y50.000 E589.3493 F1800
G1 X8.005 Y50.001 E589.3495 F1800
G1 X8.518 Y50.068 E589.3667 F1800
G1 X8.523 Y50.070 E589.3669 F1800
G1 X9.000 Y50.268 E589.3840 F1800
G1 X9.004 Y50.271 E589.3842 F1800
G1 X9.414 Y50.586 E589.4014 F1800
G1 X9.417 Y50.590 E589.4016 F1800
G1 X9.732 Y51.000 E589.4188 F1800
G1 X9.734 Y51.005 E589.4190 F1800
G1 X9.932 Y51.482 E589.4361 F1800
G1 X9.933 Y51.488 E589.4363 F1800
G1 X10.000 Y52.000 E589.4535 F1800
G1 X9.999 Y52.005 E589.4537 F1800
G1 X9.932 Y52.518 E589.4709 F1800
G1 X9.930 Y52.523 E589.4711 F1800
G1 X9.732 Y53.000 E589.4882 F1800
G1 X9.729 Y53.004 E589.4884 F1800
G1 X9.414 Y53.414 E589.5056 F1800
G1 X9.410 Y53.417 E589.5058 F1800
G1 X9.000 Y53.732 E589.5230 F1800
G1 X8.995 Y53.734 E589.5231 F1800
G1 X8.518 Y53.932 E589.5403 F1800
G1 X8.512 Y53.933 E589.5405 F1800
G1 X8.000 Y54.000 E589.5577 F1800
G1 X7.995 Y53.999 E589.5579 F1800
G1 X7.482 Y53.932 E589.5751 F1800
G1 X7.477 Y53.930 E589.5752 F1800
G1 X7.000 Y53.732 E589.5924 F1800
G1 X6.996 Y53.729 E589.5926 F1800
G1 X6.586 Y53.414 E589.6098 F1800
G1 X6.583 Y53.410 E589.6100 F1800
G1 X6.268 Y53.000 E589.6272 F1800
G1 X6.266 Y52.995 E589.6273 F1800
G1 X6.068 Y52.518 E589.6445 F1800
G1 X6.067 Y52.512 E589.6447 F1800
G1 X6.000 Y52.000 E589.6619 F1800
G1 X6.001 Y51.995 E589.6621 F1800
G1 X6.068 Y51.482 E589.6793 F1800

;; LAYER 65 z=4.159
G1 Z4.159 F4800
G0 X0.000 Y56.043 F4800
G1 X0.000 Y59.878 E589.8068 F1800
G1 X0.000 Y70.861 E590.1721 F1800
G1 X57.098 Y70.861 E592.0712 F1800
G1 X80.000 Y70.861 E592.8329 F1800
G1 X80.000 Y67.454 E592.9463 F1800
G1 X80.000 Y59.261 E593.2188 F1800
G1 X80.000 Y56.043 E593.3258 F1800
G1 X76.707 Y56.043 E593.4353 F1800
G1 X0.000 Y56.043 E595.9866 F1800
G0 X0.000 Y10.000 F4800
G1 X0.000 Y6.080 E596.1170 F1800
G1 X0.000 Y6.000 E596.1197 F1800
G1 X78.410 Y6.000 E598.7276 F1800
G1 X80.000 Y6.000 E598.7805 F1800
G1 X80.000 Y9.920 E598.9109 F1800
G1 X80.000 Y10.000 E598.9135 F1800
G1 X1.590 Y10.000 E601.5214 F1800
G1 X0.000 Y10.000 E601.5743 F1800

;; LAYER 66 z=4.359
G1 Z4.359 F4800
G0 X0.000 Y56.096 F4800
G1 X0.000 Y59.724 E601.6950 F1800
G1 X0.000 Y70.115 E602.0406 F1800
G1 X58.334 Y70.115 E603.9808 F1800
G1 X80.000 Y70.115 E604.7014 F1800
G1 X80.000 Y66.892 E604.8086 F1800
G1 X80.000 Y59.141 E605.0664 F1800
G1 X80.000 Y56.096 E605.1677 F1800
G1 X72.566 Y56.096 E605.4149 F1800
G1 X0.000 Y56.096 E607.8285 F1800
G0 X0.000 Y10.000 F4800
G1 X0.000 Y6.180 E607.9555 F1800
G1 X0.000 Y6.000 E607.9615 F1800
G1 X76.410 Y6.000 E610.5029 F1800
G1 X80.000 Y6.000 E610.6223 F1800
G1 X80.000 Y9.820 E610.7494 F1800
G1 X80.000 Y10.000 E610.7554 F1800
G1 X3.590 Y10.000 E613.2967 F1800
G1 X0.000 Y10.000 E613.4162 F1800

;; LAYER 67 z=4.559
G1 Z4.559 F4800
G0 X0.000 Y56.150 F4800
G1 X0.000 Y59.571 E613.5300 F1800
G1 X0.000 Y69.368 E613.8558 F1800
G1 X59.571 Y69.368 E615.8372 F1800
G1 X80.000 Y69.368 E616.5166 F1800
G1 X80.000 Y66.329 E616.6177 F1800
G1 X80.000 Y59.020 E616.8608 F1800
G1 X80.000 Y56.150 E616.9563 F1800
G1 X68.425 Y56.150 E617.3413 F1800
G1 X0.000 Y56.150 E619.6171 F1800
G0 X0.000 Y10.000 F4800
G1 X0.000 Y6.280 E619.7408 F1800
G1 X0.000 Y6.000 E619.7501 F1800
G1 X74.410 Y6.000 E622.2250 F1800
G1 X80.000 Y6.000 E622.4109 F1800
G1 X80.000 Y9.720 E622.5347 F1800
G1 X80.000 Y10.000 E622.5440 F1800
G1 X5.590 Y10.000 E625.0189 F1800
G1 X0.000 Y10.000 E625.2048 F1800

;; LAYER 68 z=4.759
G1 Z4.759 F4800
G0 X0.000 Y56.203 F4800
G1 X0.000 Y59.418 E625.3117 F1800
G1 X0.000 Y68.622 E625.6178 F1800
G1 X60.807 Y68.622 E627.6403 F1800
G1 X80.000 Y68.622 E628.2787 F1800
G1 X80.000 Y65.767 E628.3736 F1800
G1 X80.000 Y58.900 E628.6020 F1800
G1 X80.000 Y56.203 E628.6917 F1800
G1 X64.284 Y56.203 E629.2144 F1800
G1 X0.000 Y56.203 E631.3525 F1800
G0 X0.000 Y10.000 F4800
G1 X0.000 Y6.380 E631.4729 F1800
G1 X0.000 Y6.000 E631.4855 F1800
G1 X72.410 Y6.000 E633.8939 F1800
G1 X80.000 Y6.000 E634.1464 F1800
G1 X80.000 Y9.620 E634.2668 F1800
G1 X80.000 Y10.000 E634.2794 F1800
G1 X7.590 Y10.000 E636.6878 F1800
G1 X0.000 Y10.000 E636.9402 F1800

;; LAYER 69 z=4.959
G1 Z4.959 F4800
G0 X0.000 Y56.257 F4800
G1 X0.000 Y59.264 E637.0402 F1800
G1 X0.000 Y67.876 E637.3266 F1800
G1 X62.044 Y67.876 E639.3902 F1800
G1 X80.000 Y67.876 E639.9875 F1800
G1 X80.000 Y65.204 E640.0763 F1800
G1 X80.000 Y58.780 E640.2900 F1800
G1 X80.000 Y56.257 E640.3739 F1800
G1 X60.142 Y56.257 E641.0344 F1800
G1 X0.000 Y56.257 E643.0347 F1800
G0 X0.000 Y10.000 F4800
G1 X0.000 Y6.480 E643.1518 F1800
G1 X0.000 Y6.000 E643.1677 F1800
G1 X70.410 Y6.000 E645.5096 F1800
G1 X80.000 Y6.000 E645.8286 F1800
G1 X80.000 Y9.520 E645.9456 F1800
G1 X80.000 Y10.000 E645.9616 F1800
G1 X9.590 Y10.000 E648.3034 F1800
G1 X0.000 Y10.000 E648.6224 F1800

;; LAYER 70 z=5.159
G1 Z5.159 F4800
G0 X0.000 Y56.311 F4800
G1 X0.000 Y59.111 E648.7155 F1800
G1 X0.000 Y67.129 E648.9822 F1800
G1 X63.280 Y67.129 E651.0869 F1800
G1 X80.000 Y67.129 E651.6430 F1800
G1 X80.000 Y64.642 E651.7258 F1800
G1 X80.000 Y58.660 E651.9247 F1800
G1 X80.000 Y56.311 E652.0029 F1800
G1 X56.001 Y56.311 E652.8011 F1800
G1 X0.000 Y56.311 E654.6637 F1800
G0 X0.000 Y10.000 F4800
G1 X0.000 Y6.580 E654.7775 F1800
G1 X0.000 Y6.000 E654.7967 F1800
G1 X68.410 Y6.000 E657.0720 F1800
G1 X80.000 Y6.000 E657.4575 F1800
G1 X80.000 Y9.420 E657.5713 F1800
G1 X80.000 Y10.000 E657.5906 F1800
G1 X11.590 Y10.000 E659.8659 F1800
G1 X0.000 Y10.000 E660.2514 F1800

;; LAYER 71 z=5.359
G1 Z5.359 F4800
G0 X0.000 Y56.364 F4800
G1 X0.000 Y58.957 E660.3376 F1800
G1 X0.000 Y66.383 E660.5846 F1800
G1 X64.516 Y66.383 E662.7304 F1800
G1 X80.000 Y66.383 E663.2454 F1800
G1 X80.000 Y64.079 E663.3220 F1800
G1 X80.000 Y58.540 E663.5063 F1800
G1 X80.000 Y56.364 E663.5786 F1800
G1 X51.860 Y56.364 E664.5146 F1800
G1 X0.000 Y56.364 E666.2395 F1800
G0 X0.000 Y10.000 F4800
G1 X0.000 Y6.680 E666.3499 F1800
G1 X0.000 Y6.000 E666.3725 F1800
G1 X66.410 Y6.000 E668.5813 F1800
G1 X80.000 Y6.000 E669.0333 F1800
G1 X80.000 Y9.320 E669.1437 F1800
G1 X80.000 Y10.000 E669.1663 F1800
G1 X13.590 Y10.000 E671.3751 F1800
G1 X0.000 Y10.000 E671.8272 F1800

;; LAYER 72 z=5.559
G1 Z5.559 F4800
G0 X0.000 Y56.418 F4800
G1 X0.000 Y58.804 E671.9065 F1800
G1 X0.000 Y65.636 E672.1338 F1800
G1 X65.753 Y65.636 E674.3207 F1800
G1 X80.000 Y65.636 E674.7946 F1800
G1 X80.000 Y63.517 E674.8651 F1800
G1 X80.000 Y58.420 E675.0346 F1800
G1 X80.000 Y56.418 E675.1012 F1800
G1 X47.719 Y56.418 E676.1749 F1800
G1 X0.000 Y56.418 E677.7620 F1800
G0 X0.000 Y10.000 F4800
G1 X0.000 Y6.780 E677.8691 F1800
G1 X0.000 Y6.000 E677.8950 F1800
G1 X64.410 Y6.000 E680.0373 F1800
G1 X80.000 Y6.000 E680.5559 F1800
G1 X80.000 Y9.220 E680.6630 F1800
G1 X80.000 Y10.000 E680.6889 F1800
G1 X15.590 Y10.000 E682.8312 F1800
G1 X0.000 Y10.000 E683.3497 F1800

;; LAYER 73 z=5.759
G1 Z5.759 F4800
G0 X0.000 Y56.471 F4800
G1 X0.000 Y58.650 E683.4222 F1800
G1 X0.000 Y64.890 E683.6297 F1800
G1 X66.989 Y64.890 E685.8578 F1800
G1 X80.000 Y64.890 E686.2905 F1800
G1 X80.000 Y62.954 E686.3549 F1800
G1 X80.000 Y58.300 E686.5097 F1800
G1 X80.000 Y56.471 E686.5705 F1800
G1 X43.578 Y56.471 E687.7819 F1800
G1 X0.000 Y56.471 E689.2313 F1800
G0 X0.000 Y10.000 F4800
G1 X0.000 Y6.880 E689.3351 F1800
G1 X0.000 Y6.000 E689.3644 F1800
G1 X62.410 Y6.000 E691.4401 F1800
G1 X80.000 Y6.000 E692.0252 F1800
G1 X80.000 Y9.120 E692.1290 F1800
G1 X80.000 Y10.000 E692.1582 F1800
G1 X17.590 Y10.000 E694.2340 F1800
G1 X0.000 Y10.000 E694.8190 F1800

;; LAYER 74 z=5.959
G1 Z5.959 F4800
G0 X0.000 Y56.525 F4800
G1 X0.000 Y58.497 E694.8846 F1800
G1 X0.000 Y64.144 E695.0724 F1800
G1 X68.226 Y64.144 E697.3416 F1800
G1 X80.000 Y64.144 E697.7332 F1800
G1 X80.000 Y62.392 E697.7915 F1800
G1 X80.000 Y58.179 E697.9316 F1800
G1 X80.000 Y56.525 E697.9866 F1800
G1 X39.437 Y56.525 E699.3358 F1800
G1 X0.000 Y56.525 E700.6475 F1800
G0 X0.000 Y10.000 F4800
G1 X0.000 Y6.980 E700.7479 F1800
G1 X0.000 Y6.000 E700.7805 F1800
G1 X60.410 Y6.000 E702.7897 F1800
G1 X80.000 Y6.000 E703.4413 F1800
G1 X80.000 Y9.020 E703.5418 F1800
G1 X80.000 Y10.000 E703.5743 F1800
G1 X19.590 Y10.000 E705.5836 F1800
G1 X0.000 Y10.000 E706.2352 F1800

;; LAYER 75 z=6.159
G1 Z6.159 F4800
G0 X0.000 Y56.579 F4800
G1 X0.000 Y58.343 E706.2939 F1800
G1 X0.000 Y63.397 E706.4619 F1800
G1 X69.462 Y63.397 E708.7723 F1800
G1 X80.000 Y63.397 E709.1228 F1800
G1 X80.000 Y61.829 E709.1749 F1800
G1 X80.000 Y58.059 E709.3003 F1800
G1 X80.000 Y56.579 E709.3495 F1800
G1 X35.296 Y56.579 E710.8364 F1800
G1 X0.000 Y56.579 E712.0104 F1800
G0 X0.000 Y10.000 F4800
G1 X0.000 Y7.080 E712.1075 F1800
G1 X0.000 Y6.000 E712.1434 F1800
G1 X58.410 Y6.000 E714.0861 F1800
G1 X80.000 Y6.000 E714.8042 F1800
G1 X80.000 Y8.920 E714.9013 F1800
G1 X80.000 Y10.000 E714.9372 F1800
G1 X21.590 Y10.000 E716.8800 F1800
G1 X0.000 Y10.000 E717.5981 F1800

;; LAYER 76 z=6.359
G1 Z6.359 F4800
G0 X0.000 Y56.632 F4800
G1 X0.000 Y58.190 E717.6499 F1800
G1 X0.000 Y62.651 E717.7982 F1800
G1 X70.698 Y62.651 E720.1497 F1800
G1 X80.000 Y62.651 E720.4590 F1800
G1 X80.000 Y61.267 E720.5051 F1800
G1 X80.000 Y57.939 E720.6158 F1800
G1 X80.000 Y56.632 E720.6592 F1800
G1 X31.155 Y56.632 E722.2838 F1800
G1 X0.000 Y56.632 E723.3200 F1800
G0 X0.000 Y10.000 F4800
G1 X0.000 Y7.180 E723.4138 F1800
G1 X0.000 Y6.000 E723.4531 F1800
G1 X56.410 Y6.000 E725.3293 F1800
G1 X80.000 Y6.000 E726.1139 F1800
G1 X80.000 Y8.820 E726.2077 F1800
G1 X80.000 Y10.000 E726.2469 F1800
G1 X23.590 Y10.000 E728.1231 F1800
G1 X0.000 Y10.000 E728.9077 F1800

;; LAYER 77 z=6.559
G1 Z6.559 F4800
G0 X0.000 Y56.686 F4800
G1 X0.000 Y58.036 E728.9527 F1800
G1 X0.000 Y61.904 E729.0813 F1800
G1 X71.935 Y61.904 E731.4739 F1800
G1 X80.000 Y61.904 E731.7421 F1800
G1 X80.000 Y60.704 E731.7820 F1800
G1 X80.000 Y57.819 E731.8780 F1800
G1 X80.000 Y56.686 E731.9157 F1800
G1 X27.014 Y56.686 E733.6780 F1800
G1 X0.000 Y56.686 E734.5765 F1800
G0 X0.000 Y10.000 F4800
G1 X0.000 Y7.280 E734.6670 F1800
G1 X0.000 Y6.000 E734.7095 F1800
G1 X54.410 Y6.000 E736.5192 F1800
G1 X80.000 Y6.000 E737.3704 F1800
G1 X80.000 Y8.720 E737.4608 F1800
G1 X80.000 Y10.000 E737.5034 F1800
G1 X25.590 Y10.000 E739.3131 F1800
G1 X0.000 Y10.000 E740.1642 F1800

;; LAYER 78 z=6.759
G1 Z6.759 F4800
G0 X0.000 Y56.739 F4800
G1 X0.000 Y57.883 E740.2022 F1800
G1 X0.000 Y61.158 E740.3112 F1800
G1 X73.171 Y61.158 E742.7449 F1800
G1 X80.000 Y61.158 E742.9720 F1800
G1 X80.000 Y60.142 E743.0058 F1800
G1 X80.000 Y57.699 E743.0870 F1800
G1 X80.000 Y56.739 E743.1189 F1800
G1 X22.872 Y56.739 E745.0190 F1800
G1 X0.000 Y56.739 E745.7798 F1800
G0 X0.000 Y10.000 F4800
G1 X0.000 Y7.380 E745.8669 F1800
G1 X0.000 Y6.000 E745.9128 F1800
G1 X52.410 Y6.000 E747.6559 F1800
G1 X80.000 Y6.000 E748.5736 F1800
G1 X80.000 Y8.620 E748.6608 F1800
G1 X80.000 Y10.000 E748.7067 F1800
G1 X27.590 Y10.000 E750.4498 F1800
G1 X0.000 Y10.000 E751.3675 F1800

;; LAYER 79 z=6.959
G1 Z6.959 F4800
G0 X0.000 Y56.793 F4800
G1 X0.000 Y57.729 E751.3986 F1800
G1 X0.000 Y60.411 E751.4878 F1800
G1 X74.407 Y60.411 E753.9626 F1800
G1 X80.000 Y60.411 E754.1486 F1800
G1 X80.000 Y59.580 E754.1763 F1800
G1 X80.000 Y57.579 E754.2428 F1800
G1 X80.000 Y56.793 E754.2690 F1800
G1 X18.731 Y56.793 E756.3068 F1800
G1 X0.000 Y56.793 E756.9298 F1800
G0 X0.000 Y10.000 F4800
G1 X0.000 Y7.480 E757.0136 F1800
G1 X0.000 Y6.000 E757.0628 F1800
G1 X50.410 Y6.000 E758.7395 F1800
G1 X80.000 Y6.000 E759.7236 F1800
G1 X80.000 Y8.520 E759.8075 F1800
G1 X80.000 Y10.000 E759.8567 F1800
G1 X29.590 Y10.000 E761.5333 F1800
G1 X0.000 Y10.000 E762.5175 F1800

;; LAYER 80 z=7.159
G1 Z7.159 F4800
G0 X0.000 Y56.846 F4800
G1 X0.000 Y57.576 E762.5418 F1800
G1 X0.000 Y59.665 E762.6112 F1800
G1 X75.644 Y59.665 E765.1272 F1800
G1 X80.000 Y59.665 E765.2721 F1800
G1 X80.000 Y59.017 E765.2936 F1800
G1 X80.000 Y57.459 E765.3454 F1800
G1 X80.000 Y56.846 E765.3658 F1800
G1 X14.590 Y56.846 E767.5413 F1800
G1 X0.000 Y56.846 E768.0266 F1800
G0 X0.000 Y10.000 F4800
G1 X0.000 Y7.580 E768.1071 F1800
G1 X0.000 Y6.000 E768.1597 F1800
G1 X48.410 Y6.000 E769.7698 F1800
G1 X80.000 Y6.000 E770.8205 F1800
G1 X80.000 Y8.420 E770.9010 F1800
G1 X80.000 Y10.000 E770.9535 F1800
G1 X31.590 Y10.000 E772.5636 F1800
G1 X0.000 Y10.000 E773.6143 F1800

;; LAYER 81 z=7.359
G1 Z7.359 F4800
G0 X0.000 Y56.900 F4800
G1 X0.000 Y57.423 E773.6317 F1800
G1 X0.000 Y58.919 E773.6815 F1800
G1 X76.880 Y58.919 E776.2385 F1800
G1 X80.000 Y58.919 E776.3423 F1800
G1 X80.000 Y58.455 E776.3577 F1800
G1 X80.000 Y57.338 E776.3948 F1800
G1 X80.000 Y56.900 E776.4094 F1800
G1 X10.449 Y56.900 E778.7227 F1800
G1 X0.000 Y56.900 E779.0702 F1800
G0 X0.000 Y10.000 F4800
G1 X0.000 Y7.680 E779.1474 F1800
G1 X0.000 Y6.000 E779.2033 F1800
G1 X46.410 Y6.000 E780.7468 F1800
G1 X80.000 Y6.000 E781.8641 F1800
G1 X80.000 Y8.320 E781.9412 F1800
G1 X80.000 Y10.000 E781.9971 F1800
G1 X33.590 Y10.000 E783.5407 F1800
G1 X0.000 Y10.000 E784.6579 F1800

;; LAYER 82 z=7.559
G1 Z7.559 F4800
G0 X0.000 Y56.954 F4800
G1 X0.000 Y57.269 E784.6684 F1800
G1 X0.000 Y58.172 E784.6985 F1800
G1 X78.117 Y58.172 E787.2966 F1800
G1 X80.000 Y58.172 E787.3593 F1800
G1 X80.000 Y57.892 E787.3686 F1800
G1 X80.000 Y57.218 E787.3910 F1800
G1 X80.000 Y56.954 E787.3998 F1800
G1 X6.308 Y56.954 E789.8508 F1800
G1 X0.000 Y56.954 E790.0606 F1800
G0 X0.000 Y10.000 F4800
G1 X0.000 Y7.780 E790.1345 F1800
G1 X0.000 Y6.000 E790.1936 F1800
G1 X44.410 Y6.000 E791.6707 F1800
G1 X80.000 Y6.000 E792.8545 F1800
G1 X80.000 Y8.220 E792.9283 F1800
G1 X80.000 Y10.000 E792.9875 F1800
G1 X35.590 Y10.000 E794.4646 F1800
G1 X0.000 Y10.000 E795.6483 F1800

;; LAYER 83 z=7.759
G1 Z7.759 F4800
G0 X0.000 Y57.007 F4800
G1 X0.000 Y57.116 E795.6519 F1800
G1 X0.000 Y57.426 E795.6622 F1800
G1 X79.353 Y57.426 E798.3015 F1800
G1 X80.000 Y57.426 E798.3230 F1800
G1 X80.000 Y57.330 E798.3262 F1800
G1 X80.000 Y57.098 E798.3339 F1800
G1 X80.000 Y57.007 E798.3370 F1800
G1 X2.167 Y57.007 E800.9257 F1800
G1 X0.000 Y57.007 E800.9978 F1800
G0 X0.000 Y10.000 F4800
G1 X0.000 Y7.880 E801.0683 F1800
G1 X0.000 Y6.000 E801.1308 F1800
G1 X42.410 Y6.000 E802.5414 F1800
G1 X80.000 Y6.000 E803.7916 F1800
G1 X80.000 Y8.120 E803.8622 F1800
G1 X80.000 Y10.000 E803.9247 F1800
G1 X37.590 Y10.000 E805.3352 F1800
G1 X0.000 Y10.000 E806.5855 F1800

;; LAYER 84 z=7.959
G1 Z7.959 F4800
G0 X0.000 Y10.000 F4800
G1 X0.000 Y7.980 E806.6527 F1800
G1 X0.000 Y6.000 E806.7185 F1800
G1 X40.410 Y6.000 E808.0625 F1800
G1 X80.000 Y6.000 E809.3793 F1800
G1 X80.000 Y8.020 E809.4465 F1800
G1 X80.000 Y10.000 E809.5124 F1800
G1 X39.590 Y10.000 E810.8564 F1800
G1 X0.000 Y10.000 E812.1732 F1800

;; LAYER 85 z=8.159
G1 Z8.159 F4800
G0 X0.000 Y10.000 F4800
G1 X0.000 Y8.080 E812.2371 F1800
G1 X0.000 Y6.000 E812.3062 F1800
G1 X38.410 Y6.000 E813.5837 F1800
G1 X80.000 Y6.000 E814.9670 F1800
G1 X80.000 Y7.920 E815.0309 F1800
G1 X80.000 Y10.000 E815.1001 F1800
G1 X41.590 Y10.000 E816.3776 F1800
G1 X0.000 Y10.000 E817.7609 F1800

;; LAYER 86 z=8.359
G1 Z8.359 F4800
G0 X0.000 Y10.000 F4800
G1 X0.000 Y8.180 E817.8214 F1800
G1 X0.000 Y6.000 E817.8939 F1800
G1 X36.410 Y6.000 E819.1049 F1800
G1 X80.000 Y6.000 E820.5547 F1800
G1 X80.000 Y7.820 E820.6153 F1800
G1 X80.000 Y10.000 E820.6878 F1800
G1 X43.590 Y10.000 E821.8988 F1800
G1 X0.000 Y10.000 E823.3486 F1800

;; LAYER 87 z=8.559
G1 Z8.559 F4800
G0 X0.000 Y10.000 F4800
G1 X0.000 Y8.280 E823.4058 F1800
G1 X0.000 Y6.000 E823.4816 F1800
G1 X34.410 Y6.000 E824.6261 F1800
G1 X80.000 Y6.000 E826.1424 F1800
G1 X80.000 Y7.720 E826.1997 F1800
G1 X80.000 Y10.000 E826.2755 F1800
G1 X45.590 Y10.000 E827.4199 F1800
G1 X0.000 Y10.000 E828.9363 F1800

;; LAYER 88 z=8.759
G1 Z8.759 F4800
G0 X0.000 Y10.000 F4800
G1 X0.000 Y8.380 E828.9902 F1800
G1 X0.000 Y6.000 E829.0693 F1800
G1 X32.410 Y6.000 E830.1473 F1800
G1 X80.000 Y6.000 E831.7301 F1800
G1 X80.000 Y7.620 E831.7840 F1800
G1 X80.000 Y10.000 E831.8632 F1800
G1 X47.590 Y10.000 E832.9411 F1800
G1 X0.000 Y10.000 E834.5240 F1800

;; LAYER 89 z=8.959
G1 Z8.959 F4800
G0 X0.000 Y10.000 F4800
G1 X0.000 Y8.480 E834.5746 F1800
G1 X0.000 Y6.000 E834.6570 F1800
G1 X30.410 Y6.000 E835.6685 F1800
G1 X80.000 Y6.000 E837.3178 F1800
G1 X80.000 Y7.520 E837.3684 F1800
G1 X80.000 Y10.000 E837.4509 F1800
G1 X49.590 Y10.000 E838.4623 F1800
G1 X0.000 Y10.000 E840.1117 F1800

;; LAYER 90 z=9.159
G1 Z9.159 F4800
G0 X0.000 Y10.000 F4800
G1 X0.000 Y8.580 E840.1589 F1800
G1 X0.000 Y6.000 E840.2447 F1800
G1 X28.410 Y6.000 E841.1896 F1800
G1 X80.000 Y6.000 E842.9055 F1800
G1 X80.000 Y7.420 E842.9528 F1800
G1 X80.000 Y10.000 E843.0386 F1800
G1 X51.590 Y10.000 E843.9835 F1800
G1 X0.000 Y10.000 E845.6994 F1800

;; LAYER 91 z=9.359
G1 Z9.359 F4800
G0 X0.000 Y10.000 F4800
G1 X0.000 Y8.680 E845.7433 F1800
G1 X0.000 Y6.000 E845.8324 F1800
G1 X26.410 Y6.000 E846.7108 F1800
G1 X80.000 Y6.000 E848.4932 F1800
G1 X80.000 Y7.320 E848.5372 F1800
G1 X80.000 Y10.000 E848.6263 F1800
G1 X53.590 Y10.000 E849.5047 F1800
G1 X0.000 Y10.000 E851.2871 F1800

;; LAYER 92 z=9.559
G1 Z9.559 F4800
G0 X0.000 Y10.000 F4800
G1 X0.000 Y8.780 E851.3277 F1800
G1 X0.000 Y6.000 E851.4201 F1800
G1 X24.410 Y6.000 E852.2320 F1800
G1 X80.000 Y6.000 E854.0810 F1800
G1 X80.000 Y7.220 E854.1215 F1800
G1 X80.000 Y10.000 E854.2140 F1800
G1 X55.590 Y10.000 E855.0259 F1800
G1 X0.000 Y10.000 E856.8748 F1800

;; LAYER 93 z=9.759
G1 Z9.759 F4800
G0 X0.000 Y10.000 F4800
G1 X0.000 Y8.880 E856.9121 F1800
G1 X0.000 Y6.000 E857.0078 F1800
G1 X22.410 Y6.000 E857.7532 F1800
G1 X80.000 Y6.000 E859.6687 F1800
G1 X80.000 Y7.120 E859.7059 F1800
G1 X80.000 Y10.000 E859.8017 F1800
G1 X57.590 Y10.000 E860.5470 F1800
G1 X0.000 Y10.000 E862.4625 F1800

;; LAYER 94 z=9.959
G1 Z9.959 F4800
G0 X0.000 Y10.000 F4800
G1 X0.000 Y8.980 E862.4964 F1800
G1 X0.000 Y6.000 E862.5955 F1800
G1 X20.410 Y6.000 E863.2744 F1800
G1 X80.000 Y6.000 E865.2564 F1800
G1 X80.000 Y7.020 E865.2903 F1800
G1 X80.000 Y10.000 E865.3894 F1800
G1 X59.590 Y10.000 E866.0682 F1800
G1 X0.000 Y10.000 E868.0502 F1800

;; LAYER 95 z=10.159
G1 Z10.159 F4800
G0 X0.000 Y10.000 F4800
G1 X0.000 Y9.080 E868.0808 F1800
G1 X0.000 Y6.000 E868.1832 F1800
G1 X18.410 Y6.000 E868.7956 F1800
G1 X80.000 Y6.000 E870.8441 F1800
G1 X80.000 Y6.920 E870.8747 F1800
G1 X80.000 Y10.000 E870.9771 F1800
G1 X61.590 Y10.000 E871.5894 F1800
G1 X0.000 Y10.000 E873.6379 F1800

;; LAYER 96 z=10.359
G1 Z10.359 F4800
G0 X0.000 Y10.000 F4800
G1 X0.000 Y9.180 E873.6652 F1800
G1 X0.000 Y6.000 E873.7710 F1800
G1 X16.410 Y6.000 E874.3167 F1800
G1 X80.000 Y6.000 E876.4318 F1800
G1 X80.000 Y6.820 E876.4591 F1800
G1 X80.000 Y10.000 E876.5648 F1800
G1 X63.590 Y10.000 E877.1106 F1800
G1 X0.000 Y10.000 E879.2256 F1800

;; LAYER 97 z=10.559
G1 Z10.559 F4800
G0 X0.000 Y10.000 F4800
G1 X0.000 Y9.280 E879.2496 F1800
G1 X0.000 Y6.000 E879.3587 F1800
G1 X14.410 Y6.000 E879.8379 F1800
G1 X80.000 Y6.000 E882.0195 F1800
G1 X80.000 Y6.720 E882.0434 F1800
G1 X80.000 Y10.000 E882.1525 F1800
G1 X65.590 Y10.000 E882.6318 F1800
G1 X0.000 Y10.000 E884.8133 F1800

;; LAYER 98 z=10.759
G1 Z10.759 F4800
G0 X0.000 Y10.000 F4800
G1 X0.000 Y9.380 E884.8340 F1800
G1 X0.000 Y6.000 E884.9464 F1800
G1 X12.410 Y6.000 E885.3591 F1800
G1 X80.000 Y6.000 E887.6072 F1800
G1 X80.000 Y6.620 E887.6278 F1800
G1 X80.000 Y10.000 E887.7402 F1800
G1 X67.590 Y10.000 E888.1530 F1800
G1 X0.000 Y10.000 E890.4010 F1800

;; LAYER 99 z=10.959
G1 Z10.959 F4800
G0 X0.000 Y10.000 F4800
G1 X0.000 Y9.480 E890.4183 F1800
G1 X0.000 Y6.000 E890.5341 F1800
G1 X10.410 Y6.000 E890.8803 F1800
G1 X80.000 Y6.000 E893.1949 F1800
G1 X80.000 Y6.520 E893.2122 F1800
G1 X80.000 Y10.000 E893.3279 F1800
G1 X69.590 Y10.000 E893.6741 F1800
G1 X0.000 Y10.000 E895.9887 F1800

;; LAYER 100 z=11.159
G1 Z11.159 F4800
G0 X0.000 Y10.000 F4800
G1 X0.000 Y9.580 E896.0027 F1800
G1 X0.000 Y6.000 E896.1218 F1800
G1 X8.410 Y6.000 E896.4015 F1800
G1 X80.000 Y6.000 E898.7826 F1800
G1 X80.000 Y6.420 E898.7966 F1800
G1 X80.000 Y10.000 E898.9156 F1800
G1 X71.590 Y10.000 E899.1953 F1800
G1 X0.000 Y10.000 E901.5764 F1800

;; LAYER 101 z=11.359
G1 Z11.359 F4800
G0 X0.000 Y10.000 F4800
G1 X0.000 Y9.680 E901.5871 F1800
G1 X0.000 Y6.000 E901.7095 F1800
G1 X6.410 Y6.000 E901.9226 F1800
G1 X80.000 Y6.000 E904.3703 F1800
G1 X80.000 Y6.320 E904.3809 F1800
G1 X80.000 Y10.000 E904.5033 F1800
G1 X73.590 Y10.000 E904.7165 F1800
G1 X0.000 Y10.000 E907.1641 F1800

;; LAYER 102 z=11.559
G1 Z11.559 F4800
G0 X0.000 Y10.000 F4800
G1 X0.000 Y9.780 E907.1715 F1800
G1 X0.000 Y6.000 E907.2972 F1800
G1 X4.410 Y6.000 E907.4438 F1800
G1 X80.000 Y6.000 E909.9580 F1800
G1 X80.000 Y6.220 E909.9653 F1800
G1 X80.000 Y10.000 E910.0910 F1800
G1 X75.590 Y10.000 E910.2377 F1800
G1 X0.000 Y10.000 E912.7518 F1800

;; LAYER 103 z=11.759
G1 Z11.759 F4800
G0 X0.000 Y10.000 F4800
G1 X0.000 Y9.880 E912.7558 F1800
G1 X0.000 Y6.000 E912.8849 F1800
G1 X2.410 Y6.000 E912.9650 F1800
G1 X80.000 Y6.000 E915.5457 F1800
G1 X80.000 Y6.120 E915.5497 F1800
G1 X80.000 Y10.000 E915.6787 F1800
G1 X77.590 Y10.000 E915.7589 F1800
G1 X0.000 Y10.000 E918.3395 F1800

;; END
G1 Z16.759 F4800
M104 S0
M140 S0
G28 X0