Depth,PartID,Name,Category,Subsystem,Material,Class,Mass_kg,Unit_Cost_USD
0,TYV6-BLK-CST-0001,"Cylinder Block (Aluminum, Open-Deck V6 60°)",BLK,CST,"Aluminum 6061-T6",Class 3,77.276,618.21
0,TYV6-BLK-LNR-0001,"Cylinder Liner 1-A",BLK,LNR,"Cast Iron",Class 3,0.365,1.82
0,TYV6-BLK-LNR-0002,"Cylinder Liner 2-A",BLK,LNR,"Cast Iron",Class 3,0.365,1.82
0,TYV6-BLK-LNR-0003,"Cylinder Liner 3-A",BLK,LNR,"Cast Iron",Class 3,0.365,1.82
0,TYV6-BLK-LNR-0004,"Cylinder Liner 1-B",BLK,LNR,"Cast Iron",Class 3,0.365,1.82
0,TYV6-BLK-LNR-0005,"Cylinder Liner 2-B",BLK,LNR,"Cast Iron",Class 3,0.365,1.82
0,TYV6-BLK-LNR-0006,"Cylinder Liner 3-B",BLK,LNR,"Cast Iron",Class 3,0.365,1.82
0,TYV6-BLK-MBC-0001,"Main Bearing Cap 1 (Cross-Bolted)",BLK,MBC,"Steel AISI 4340",Class 3,1.766,10.6
0,TYV6-BLK-MBC-0002,"Main Bearing Cap 2 (Cross-Bolted)",BLK,MBC,"Steel AISI 4340",Class 3,1.766,10.6
0,TYV6-BLK-MBC-0003,"Main Bearing Cap 3 (Cross-Bolted)",BLK,MBC,"Steel AISI 4340",Class 3,1.766,10.6
0,TYV6-BLK-MBC-0004,"Main Bearing Cap 4 (Cross-Bolted)",BLK,MBC,"Steel AISI 4340",Class 3,1.766,10.6
0,TYV6-BLK-DCK-0001,"Block Top Deck Plate (Bore deck)",BLK,DCK,"Aluminum 6061-T6",Class 3,3.021,24.17
0,TYV6-HEAD-CST-0001,"Cylinder Head A (DOHC 24-V Atkinson)",HEAD,CST,"Aluminum 6061-T6",Class 3,14.04,112.32
0,TYV6-HEAD-GSK-0001,"Head Gasket Bank A (MLS)",HEAD,GSK,"Stainless Steel 316",Class 3,0.48,5.76
0,TYV6-HEAD-COV-0001,"Valve Cover Bank A",HEAD,COV,"Aluminum 6061-T6",Class 3,1.4,11.2
0,TYV6-HEAD-CST-0002,"Cylinder Head B (DOHC 24-V Atkinson)",HEAD,CST,"Aluminum 6061-T6",Class 3,14.04,112.32
0,TYV6-HEAD-GSK-0002,"Head Gasket Bank B (MLS)",HEAD,GSK,"Stainless Steel 316",Class 3,0.48,5.76
0,TYV6-HEAD-COV-0002,"Valve Cover Bank B",HEAD,COV,"Aluminum 6061-T6",Class 3,1.4,11.2
0,TYV6-CRNK-SFT-0001,"Crankshaft (Forged 4140 Steel, 6-throw)",CRNK,SFT,"Steel AISI 4340",Class 3,11.027,66.16
0,TYV6-CRNK-CWT-0001,"Crankshaft Counterweight 1",CRNK,CWT,"Steel AISI 4340",Class 3,2.194,13.17
0,TYV6-CRNK-CWT-0002,"Crankshaft Counterweight 2",CRNK,CWT,"Steel AISI 4340",Class 3,2.194,13.17
0,TYV6-CRNK-CWT-0003,"Crankshaft Counterweight 3",CRNK,CWT,"Steel AISI 4340",Class 3,2.194,13.17
0,TYV6-CRNK-CWT-0004,"Crankshaft Counterweight 4",CRNK,CWT,"Steel AISI 4340",Class 3,2.194,13.17
0,TYV6-CRNK-CWT-0005,"Crankshaft Counterweight 5",CRNK,CWT,"Steel AISI 4340",Class 3,2.194,13.17
0,TYV6-CRNK-CWT-0006,"Crankshaft Counterweight 6",CRNK,CWT,"Steel AISI 4340",Class 3,2.194,13.17
0,TYV6-CRNK-CWT-0007,"Crankshaft Counterweight 7",CRNK,CWT,"Steel AISI 4340",Class 3,2.194,13.17
0,TYV6-CRNK-CWT-0008,"Crankshaft Counterweight 8",CRNK,CWT,"Steel AISI 4340",Class 3,2.194,13.17
0,TYV6-BRG-MBU-0001,"Main Bearing Upper Half 1",BRG,MBU,"Copper C11000",Class 3,0.106,1.69
0,TYV6-BRG-MBL-0001,"Main Bearing Lower Half 1",BRG,MBL,"Copper C11000",Class 3,0.106,1.69
0,TYV6-BRG-MBU-0002,"Main Bearing Upper Half 2",BRG,MBU,"Copper C11000",Class 3,0.106,1.69
0,TYV6-BRG-MBL-0002,"Main Bearing Lower Half 2",BRG,MBL,"Copper C11000",Class 3,0.106,1.69
0,TYV6-BRG-MBU-0003,"Main Bearing Upper Half 3",BRG,MBU,"Copper C11000",Class 3,0.106,1.69
0,TYV6-BRG-MBL-0003,"Main Bearing Lower Half 3",BRG,MBL,"Copper C11000",Class 3,0.106,1.69
0,TYV6-BRG-MBU-0004,"Main Bearing Upper Half 4",BRG,MBU,"Copper C11000",Class 3,0.106,1.69
0,TYV6-BRG-MBL-0004,"Main Bearing Lower Half 4",BRG,MBL,"Copper C11000",Class 3,0.106,1.69
0,TYV6-BRG-THR-0001,"Thrust Bearing Washer 1",BRG,THR,"Copper C11000",Class 3,0.059,0.94
0,TYV6-BRG-THR-0002,"Thrust Bearing Washer 2",BRG,THR,"Copper C11000",Class 3,0.059,0.94
0,TYV6-CRNK-PUL-0001,"Crankshaft Front Damper Pulley (TVD)",CRNK,PUL,"Steel AISI 4340",Class 3,3.921,23.52
0,TYV6-CRNK-REL-0001,"Crank Position Reluctor Ring (36-1 tooth)",CRNK,REL,"Steel AISI 1020",Class 3,0.152,0.76
0,TYV6-CRNK-FLX-0001,"Flexplate (interfaces to hybrid power-split)",CRNK,FLX,"Steel AISI 4340",Class 3,3.861,23.16
0,TYV6-ROD-BDY-0001,"Connecting Rod 1-A",ROD,BDY,"Steel AISI 4340",Class 3,0.453,2.72
0,TYV6-ROD-CAP-0001,"Rod Big-End Cap 1-A",ROD,CAP,"Steel AISI 4340",Class 3,0.088,0.53
0,TYV6-BRG-ROD-0001,"Rod Bearing Half 1-A Up",BRG,ROD,"Copper C11000",Class 3,0.087,1.39
0,TYV6-BRG-ROD-0002,"Rod Bearing Half 1-A Lo",BRG,ROD,"Copper C11000",Class 3,0.087,1.39
0,TYV6-ROD-PIN-0001,"Wrist Pin 1-A",ROD,PIN,"Steel AISI 4340",Class 3,0.208,1.25
0,TYV6-BRG-BUS-0001,"Small-End Bushing 1-A",BRG,BUS,"Copper C11000",Class 3,0.018,0.28
0,TYV6-ROD-BDY-0002,"Connecting Rod 2-A",ROD,BDY,"Steel AISI 4340",Class 3,0.453,2.72
0,TYV6-ROD-CAP-0002,"Rod Big-End Cap 2-A",ROD,CAP,"Steel AISI 4340",Class 3,0.088,0.53
0,TYV6-BRG-ROD-0003,"Rod Bearing Half 2-A Up",BRG,ROD,"Copper C11000",Class 3,0.087,1.39
0,TYV6-BRG-ROD-0004,"Rod Bearing Half 2-A Lo",BRG,ROD,"Copper C11000",Class 3,0.087,1.39
0,TYV6-ROD-PIN-0002,"Wrist Pin 2-A",ROD,PIN,"Steel AISI 4340",Class 3,0.208,1.25
0,TYV6-BRG-BUS-0002,"Small-End Bushing 2-A",BRG,BUS,"Copper C11000",Class 3,0.018,0.28
0,TYV6-ROD-BDY-0003,"Connecting Rod 3-A",ROD,BDY,"Steel AISI 4340",Class 3,0.453,2.72
0,TYV6-ROD-CAP-0003,"Rod Big-End Cap 3-A",ROD,CAP,"Steel AISI 4340",Class 3,0.088,0.53
0,TYV6-BRG-ROD-0005,"Rod Bearing Half 3-A Up",BRG,ROD,"Copper C11000",Class 3,0.087,1.39
0,TYV6-BRG-ROD-0006,"Rod Bearing Half 3-A Lo",BRG,ROD,"Copper C11000",Class 3,0.087,1.39
0,TYV6-ROD-PIN-0003,"Wrist Pin 3-A",ROD,PIN,"Steel AISI 4340",Class 3,0.208,1.25
0,TYV6-BRG-BUS-0003,"Small-End Bushing 3-A",BRG,BUS,"Copper C11000",Class 3,0.018,0.28
0,TYV6-ROD-BDY-0004,"Connecting Rod 1-B",ROD,BDY,"Steel AISI 4340",Class 3,0.453,2.72
0,TYV6-ROD-CAP-0004,"Rod Big-End Cap 1-B",ROD,CAP,"Steel AISI 4340",Class 3,0.088,0.53
0,TYV6-BRG-ROD-0007,"Rod Bearing Half 1-B Up",BRG,ROD,"Copper C11000",Class 3,0.087,1.39
0,TYV6-BRG-ROD-0008,"Rod Bearing Half 1-B Lo",BRG,ROD,"Copper C11000",Class 3,0.087,1.39
0,TYV6-ROD-PIN-0004,"Wrist Pin 1-B",ROD,PIN,"Steel AISI 4340",Class 3,0.208,1.25
0,TYV6-BRG-BUS-0004,"Small-End Bushing 1-B",BRG,BUS,"Copper C11000",Class 3,0.018,0.28
0,TYV6-ROD-BDY-0005,"Connecting Rod 2-B",ROD,BDY,"Steel AISI 4340",Class 3,0.453,2.72
0,TYV6-ROD-CAP-0005,"Rod Big-End Cap 2-B",ROD,CAP,"Steel AISI 4340",Class 3,0.088,0.53
0,TYV6-BRG-ROD-0009,"Rod Bearing Half 2-B Up",BRG,ROD,"Copper C11000",Class 3,0.087,1.39
0,TYV6-BRG-ROD-0010,"Rod Bearing Half 2-B Lo",BRG,ROD,"Copper C11000",Class 3,0.087,1.39
0,TYV6-ROD-PIN-0005,"Wrist Pin 2-B",ROD,PIN,"Steel AISI 4340",Class 3,0.208,1.25
0,TYV6-BRG-BUS-0005,"Small-End Bushing 2-B",BRG,BUS,"Copper C11000",Class 3,0.018,0.28
0,TYV6-ROD-BDY-0006,"Connecting Rod 3-B",ROD,BDY,"Steel AISI 4340",Class 3,0.453,2.72
0,TYV6-ROD-CAP-0006,"Rod Big-End Cap 3-B",ROD,CAP,"Steel AISI 4340",Class 3,0.088,0.53
0,TYV6-BRG-ROD-0011,"Rod Bearing Half 3-B Up",BRG,ROD,"Copper C11000",Class 3,0.087,1.39
0,TYV6-BRG-ROD-0012,"Rod Bearing Half 3-B Lo",BRG,ROD,"Copper C11000",Class 3,0.087,1.39
0,TYV6-ROD-PIN-0006,"Wrist Pin 3-B",ROD,PIN,"Steel AISI 4340",Class 3,0.208,1.25
0,TYV6-BRG-BUS-0006,"Small-End Bushing 3-B",BRG,BUS,"Copper C11000",Class 3,0.018,0.28
0,TYV6-PIST-BDY-0001,"Piston 1-A (forged AlSi)",PIST,BDY,"Aluminum 6061-T6",Class 3,1.068,8.54
0,TYV6-PIST-RG1-0001,"Top Compression Ring 1-A",PIST,RG1,"Cast Iron",Class 3,0,0
0,TYV6-PIST-RG2-0001,"Second Compression Ring 1-A",PIST,RG2,"Cast Iron",Class 3,0,0
0,TYV6-PIST-RGO-0001,"Oil Control Ring 1-A pc1",PIST,RGO,"Cast Iron",Class 3,0,0
0,TYV6-PIST-RGO-0002,"Oil Control Ring 1-A pc2",PIST,RGO,"Cast Iron",Class 3,0,0
0,TYV6-PIST-RGO-0003,"Oil Control Ring 1-A pc3",PIST,RGO,"Cast Iron",Class 3,0,0
0,TYV6-PIST-CLP-0001,"Wrist-Pin Circlip 1-A 1",PIST,CLP,"Steel AISI 4340",Class 3,0,0
0,TYV6-PIST-CLP-0002,"Wrist-Pin Circlip 1-A 2",PIST,CLP,"Steel AISI 4340",Class 3,0,0
0,TYV6-PIST-BDY-0002,"Piston 2-A (forged AlSi)",PIST,BDY,"Aluminum 6061-T6",Class 3,1.068,8.54
0,TYV6-PIST-RG1-0002,"Top Compression Ring 2-A",PIST,RG1,"Cast Iron",Class 3,0,0
0,TYV6-PIST-RG2-0002,"Second Compression Ring 2-A",PIST,RG2,"Cast Iron",Class 3,0,0
0,TYV6-PIST-RGO-0004,"Oil Control Ring 2-A pc1",PIST,RGO,"Cast Iron",Class 3,0,0
0,TYV6-PIST-RGO-0005,"Oil Control Ring 2-A pc2",PIST,RGO,"Cast Iron",Class 3,0,0
0,TYV6-PIST-RGO-0006,"Oil Control Ring 2-A pc3",PIST,RGO,"Cast Iron",Class 3,0,0
0,TYV6-PIST-CLP-0003,"Wrist-Pin Circlip 2-A 1",PIST,CLP,"Steel AISI 4340",Class 3,0,0
0,TYV6-PIST-CLP-0004,"Wrist-Pin Circlip 2-A 2",PIST,CLP,"Steel AISI 4340",Class 3,0,0
0,TYV6-PIST-BDY-0003,"Piston 3-A (forged AlSi)",PIST,BDY,"Aluminum 6061-T6",Class 3,1.068,8.54
0,TYV6-PIST-RG1-0003,"Top Compression Ring 3-A",PIST,RG1,"Cast Iron",Class 3,0,0
0,TYV6-PIST-RG2-0003,"Second Compression Ring 3-A",PIST,RG2,"Cast Iron",Class 3,0,0
0,TYV6-PIST-RGO-0007,"Oil Control Ring 3-A pc1",PIST,RGO,"Cast Iron",Class 3,0,0
0,TYV6-PIST-RGO-0008,"Oil Control Ring 3-A pc2",PIST,RGO,"Cast Iron",Class 3,0,0
0,TYV6-PIST-RGO-0009,"Oil Control Ring 3-A pc3",PIST,RGO,"Cast Iron",Class 3,0,0
0,TYV6-PIST-CLP-0005,"Wrist-Pin Circlip 3-A 1",PIST,CLP,"Steel AISI 4340",Class 3,0,0
0,TYV6-PIST-CLP-0006,"Wrist-Pin Circlip 3-A 2",PIST,CLP,"Steel AISI 4340",Class 3,0,0
0,TYV6-PIST-BDY-0004,"Piston 1-B (forged AlSi)",PIST,BDY,"Aluminum 6061-T6",Class 3,1.068,8.54
0,TYV6-PIST-RG1-0004,"Top Compression Ring 1-B",PIST,RG1,"Cast Iron",Class 3,0,0
0,TYV6-PIST-RG2-0004,"Second Compression Ring 1-B",PIST,RG2,"Cast Iron",Class 3,0,0
0,TYV6-PIST-RGO-0010,"Oil Control Ring 1-B pc1",PIST,RGO,"Cast Iron",Class 3,0,0
0,TYV6-PIST-RGO-0011,"Oil Control Ring 1-B pc2",PIST,RGO,"Cast Iron",Class 3,0,0
0,TYV6-PIST-RGO-0012,"Oil Control Ring 1-B pc3",PIST,RGO,"Cast Iron",Class 3,0,0
0,TYV6-PIST-CLP-0007,"Wrist-Pin Circlip 1-B 1",PIST,CLP,"Steel AISI 4340",Class 3,0,0
0,TYV6-PIST-CLP-0008,"Wrist-Pin Circlip 1-B 2",PIST,CLP,"Steel AISI 4340",Class 3,0,0
0,TYV6-PIST-BDY-0005,"Piston 2-B (forged AlSi)",PIST,BDY,"Aluminum 6061-T6",Class 3,1.068,8.54
0,TYV6-PIST-RG1-0005,"Top Compression Ring 2-B",PIST,RG1,"Cast Iron",Class 3,0,0
0,TYV6-PIST-RG2-0005,"Second Compression Ring 2-B",PIST,RG2,"Cast Iron",Class 3,0,0
0,TYV6-PIST-RGO-0013,"Oil Control Ring 2-B pc1",PIST,RGO,"Cast Iron",Class 3,0,0
0,TYV6-PIST-RGO-0014,"Oil Control Ring 2-B pc2",PIST,RGO,"Cast Iron",Class 3,0,0
0,TYV6-PIST-RGO-0015,"Oil Control Ring 2-B pc3",PIST,RGO,"Cast Iron",Class 3,0,0
0,TYV6-PIST-CLP-0009,"Wrist-Pin Circlip 2-B 1",PIST,CLP,"Steel AISI 4340",Class 3,0,0
0,TYV6-PIST-CLP-0010,"Wrist-Pin Circlip 2-B 2",PIST,CLP,"Steel AISI 4340",Class 3,0,0
0,TYV6-PIST-BDY-0006,"Piston 3-B (forged AlSi)",PIST,BDY,"Aluminum 6061-T6",Class 3,1.068,8.54
0,TYV6-PIST-RG1-0006,"Top Compression Ring 3-B",PIST,RG1,"Cast Iron",Class 3,0,0
0,TYV6-PIST-RG2-0006,"Second Compression Ring 3-B",PIST,RG2,"Cast Iron",Class 3,0,0
0,TYV6-PIST-RGO-0016,"Oil Control Ring 3-B pc1",PIST,RGO,"Cast Iron",Class 3,0,0
0,TYV6-PIST-RGO-0017,"Oil Control Ring 3-B pc2",PIST,RGO,"Cast Iron",Class 3,0,0
0,TYV6-PIST-RGO-0018,"Oil Control Ring 3-B pc3",PIST,RGO,"Cast Iron",Class 3,0,0
0,TYV6-PIST-CLP-0011,"Wrist-Pin Circlip 3-B 1",PIST,CLP,"Steel AISI 4340",Class 3,0,0
0,TYV6-PIST-CLP-0012,"Wrist-Pin Circlip 3-B 2",PIST,CLP,"Steel AISI 4340",Class 3,0,0
0,TYV6-CAM-IN-0001,"Camshaft A-IN (assembled, hollow)",CAM,IN,"Steel AISI 4340",Class 3,3.95,23.7
0,TYV6-CAM-LBE-0001,"Camshaft A-IN Lobe 1",CAM,LBE,"Steel AISI 4340",Class 3,0.18,1.08
0,TYV6-CAM-LBE-0002,"Camshaft A-IN Lobe 2",CAM,LBE,"Steel AISI 4340",Class 3,0.18,1.08
0,TYV6-CAM-LBE-0003,"Camshaft A-IN Lobe 3",CAM,LBE,"Steel AISI 4340",Class 3,0.18,1.08
0,TYV6-CAM-LBE-0004,"Camshaft A-IN Lobe 4",CAM,LBE,"Steel AISI 4340",Class 3,0.18,1.08
0,TYV6-CAM-LBE-0005,"Camshaft A-IN Lobe 5",CAM,LBE,"Steel AISI 4340",Class 3,0.18,1.08
0,TYV6-CAM-LBE-0006,"Camshaft A-IN Lobe 6",CAM,LBE,"Steel AISI 4340",Class 3,0.18,1.08
0,TYV6-BRG-CAM-0001,"Camshaft A-IN Bearing 1",BRG,CAM,"Copper C11000",Class 3,0.081,1.29
0,TYV6-BRG-CAM-0002,"Camshaft A-IN Bearing 2",BRG,CAM,"Copper C11000",Class 3,0.081,1.29
0,TYV6-BRG-CAM-0003,"Camshaft A-IN Bearing 3",BRG,CAM,"Copper C11000",Class 3,0.081,1.29
0,TYV6-BRG-CAM-0004,"Camshaft A-IN Bearing 4",BRG,CAM,"Copper C11000",Class 3,0.081,1.29
0,TYV6-BRG-CAM-0005,"Camshaft A-IN Bearing 5",BRG,CAM,"Copper C11000",Class 3,0.081,1.29
0,TYV6-CAM-EX-0001,"Camshaft A-EX (assembled, hollow)",CAM,EX,"Steel AISI 4340",Class 3,3.95,23.7
0,TYV6-CAM-LBE-0007,"Camshaft A-EX Lobe 1",CAM,LBE,"Steel AISI 4340",Class 3,0.18,1.08
0,TYV6-CAM-LBE-0008,"Camshaft A-EX Lobe 2",CAM,LBE,"Steel AISI 4340",Class 3,0.18,1.08
0,TYV6-CAM-LBE-0009,"Camshaft A-EX Lobe 3",CAM,LBE,"Steel AISI 4340",Class 3,0.18,1.08
0,TYV6-CAM-LBE-0010,"Camshaft A-EX Lobe 4",CAM,LBE,"Steel AISI 4340",Class 3,0.18,1.08
0,TYV6-CAM-LBE-0011,"Camshaft A-EX Lobe 5",CAM,LBE,"Steel AISI 4340",Class 3,0.18,1.08
0,TYV6-CAM-LBE-0012,"Camshaft A-EX Lobe 6",CAM,LBE,"Steel AISI 4340",Class 3,0.18,1.08
0,TYV6-BRG-CAM-0006,"Camshaft A-EX Bearing 1",BRG,CAM,"Copper C11000",Class 3,0.081,1.29
0,TYV6-BRG-CAM-0007,"Camshaft A-EX Bearing 2",BRG,CAM,"Copper C11000",Class 3,0.081,1.29
0,TYV6-BRG-CAM-0008,"Camshaft A-EX Bearing 3",BRG,CAM,"Copper C11000",Class 3,0.081,1.29
0,TYV6-BRG-CAM-0009,"Camshaft A-EX Bearing 4",BRG,CAM,"Copper C11000",Class 3,0.081,1.29
0,TYV6-BRG-CAM-0010,"Camshaft A-EX Bearing 5",BRG,CAM,"Copper C11000",Class 3,0.081,1.29
0,TYV6-CAM-IN-0002,"Camshaft B-IN (assembled, hollow)",CAM,IN,"Steel AISI 4340",Class 3,3.95,23.7
0,TYV6-CAM-LBE-0013,"Camshaft B-IN Lobe 1",CAM,LBE,"Steel AISI 4340",Class 3,0.18,1.08
0,TYV6-CAM-LBE-0014,"Camshaft B-IN Lobe 2",CAM,LBE,"Steel AISI 4340",Class 3,0.18,1.08
0,TYV6-CAM-LBE-0015,"Camshaft B-IN Lobe 3",CAM,LBE,"Steel AISI 4340",Class 3,0.18,1.08
0,TYV6-CAM-LBE-0016,"Camshaft B-IN Lobe 4",CAM,LBE,"Steel AISI 4340",Class 3,0.18,1.08
0,TYV6-CAM-LBE-0017,"Camshaft B-IN Lobe 5",CAM,LBE,"Steel AISI 4340",Class 3,0.18,1.08
0,TYV6-CAM-LBE-0018,"Camshaft B-IN Lobe 6",CAM,LBE,"Steel AISI 4340",Class 3,0.18,1.08
0,TYV6-BRG-CAM-0011,"Camshaft B-IN Bearing 1",BRG,CAM,"Copper C11000",Class 3,0.081,1.29
0,TYV6-BRG-CAM-0012,"Camshaft B-IN Bearing 2",BRG,CAM,"Copper C11000",Class 3,0.081,1.29
0,TYV6-BRG-CAM-0013,"Camshaft B-IN Bearing 3",BRG,CAM,"Copper C11000",Class 3,0.081,1.29
0,TYV6-BRG-CAM-0014,"Camshaft B-IN Bearing 4",BRG,CAM,"Copper C11000",Class 3,0.081,1.29
0,TYV6-BRG-CAM-0015,"Camshaft B-IN Bearing 5",BRG,CAM,"Copper C11000",Class 3,0.081,1.29
0,TYV6-CAM-EX-0002,"Camshaft B-EX (assembled, hollow)",CAM,EX,"Steel AISI 4340",Class 3,3.95,23.7
0,TYV6-CAM-LBE-0019,"Camshaft B-EX Lobe 1",CAM,LBE,"Steel AISI 4340",Class 3,0.18,1.08
0,TYV6-CAM-LBE-0020,"Camshaft B-EX Lobe 2",CAM,LBE,"Steel AISI 4340",Class 3,0.18,1.08
0,TYV6-CAM-LBE-0021,"Camshaft B-EX Lobe 3",CAM,LBE,"Steel AISI 4340",Class 3,0.18,1.08
0,TYV6-CAM-LBE-0022,"Camshaft B-EX Lobe 4",CAM,LBE,"Steel AISI 4340",Class 3,0.18,1.08
0,TYV6-CAM-LBE-0023,"Camshaft B-EX Lobe 5",CAM,LBE,"Steel AISI 4340",Class 3,0.18,1.08
0,TYV6-CAM-LBE-0024,"Camshaft B-EX Lobe 6",CAM,LBE,"Steel AISI 4340",Class 3,0.18,1.08
0,TYV6-BRG-CAM-0016,"Camshaft B-EX Bearing 1",BRG,CAM,"Copper C11000",Class 3,0.081,1.29
0,TYV6-BRG-CAM-0017,"Camshaft B-EX Bearing 2",BRG,CAM,"Copper C11000",Class 3,0.081,1.29
0,TYV6-BRG-CAM-0018,"Camshaft B-EX Bearing 3",BRG,CAM,"Copper C11000",Class 3,0.081,1.29
0,TYV6-BRG-CAM-0019,"Camshaft B-EX Bearing 4",BRG,CAM,"Copper C11000",Class 3,0.081,1.29
0,TYV6-BRG-CAM-0020,"Camshaft B-EX Bearing 5",BRG,CAM,"Copper C11000",Class 3,0.081,1.29
0,TYV6-VLV-IN-0001,"Valve 1-A-IN-1",VLV,IN,"Stainless Steel 316",Class 3,0.714,8.57
0,TYV6-VTR-SPR-0001,"Valve Spring Valve 1-A-IN-1",VTR,SPR,"Steel AISI 4340",Class 3,0.043,0.26
0,TYV6-VTR-RET-0001,"Valve Retainer Valve 1-A-IN-1",VTR,RET,"Steel AISI 4340",Class 3,0.032,0.19
0,TYV6-VTR-LFT-0001,"Hydraulic Lifter Valve 1-A-IN-1",VTR,LFT,"Steel AISI 4340",Class 3,0.154,0.92
0,TYV6-VTR-SET-0001,"Valve Seat Insert Valve 1-A-IN-1",VTR,SET,"Inconel 718",Class 3,0,0
0,TYV6-VTR-STM-0001,"Valve Stem Seal Valve 1-A-IN-1",VTR,STM,"Nylon 6/6",Class 3,0.003,0.02
0,TYV6-VTR-GUD-0001,"Valve Guide Valve 1-A-IN-1",VTR,GUD,"Cast Iron",Class 3,0.022,0.11
0,TYV6-VLV-IN-0002,"Valve 1-A-IN-2",VLV,IN,"Stainless Steel 316",Class 3,0.714,8.57
0,TYV6-VTR-SPR-0002,"Valve Spring Valve 1-A-IN-2",VTR,SPR,"Steel AISI 4340",Class 3,0.043,0.26
0,TYV6-VTR-RET-0002,"Valve Retainer Valve 1-A-IN-2",VTR,RET,"Steel AISI 4340",Class 3,0.032,0.19
0,TYV6-VTR-LFT-0002,"Hydraulic Lifter Valve 1-A-IN-2",VTR,LFT,"Steel AISI 4340",Class 3,0.154,0.92
0,TYV6-VTR-SET-0002,"Valve Seat Insert Valve 1-A-IN-2",VTR,SET,"Inconel 718",Class 3,0,0
0,TYV6-VTR-STM-0002,"Valve Stem Seal Valve 1-A-IN-2",VTR,STM,"Nylon 6/6",Class 3,0.003,0.02
0,TYV6-VTR-GUD-0002,"Valve Guide Valve 1-A-IN-2",VTR,GUD,"Cast Iron",Class 3,0.022,0.11
0,TYV6-VLV-EX-0001,"Valve 1-A-EX-1",VLV,EX,"Inconel 718",Class 3,0.731,69.46
0,TYV6-VTR-SPR-0003,"Valve Spring Valve 1-A-EX-1",VTR,SPR,"Steel AISI 4340",Class 3,0.043,0.26
0,TYV6-VTR-RET-0003,"Valve Retainer Valve 1-A-EX-1",VTR,RET,"Steel AISI 4340",Class 3,0.032,0.19
0,TYV6-VTR-LFT-0003,"Hydraulic Lifter Valve 1-A-EX-1",VTR,LFT,"Steel AISI 4340",Class 3,0.154,0.92
0,TYV6-VTR-SET-0003,"Valve Seat Insert Valve 1-A-EX-1",VTR,SET,"Inconel 718",Class 3,0,0
0,TYV6-VTR-STM-0003,"Valve Stem Seal Valve 1-A-EX-1",VTR,STM,"Nylon 6/6",Class 3,0.003,0.02
0,TYV6-VTR-GUD-0003,"Valve Guide Valve 1-A-EX-1",VTR,GUD,"Cast Iron",Class 3,0.022,0.11
0,TYV6-VLV-EX-0002,"Valve 1-A-EX-2",VLV,EX,"Inconel 718",Class 3,0.731,69.46
0,TYV6-VTR-SPR-0004,"Valve Spring Valve 1-A-EX-2",VTR,SPR,"Steel AISI 4340",Class 3,0.043,0.26
0,TYV6-VTR-RET-0004,"Valve Retainer Valve 1-A-EX-2",VTR,RET,"Steel AISI 4340",Class 3,0.032,0.19
0,TYV6-VTR-LFT-0004,"Hydraulic Lifter Valve 1-A-EX-2",VTR,LFT,"Steel AISI 4340",Class 3,0.154,0.92
0,TYV6-VTR-SET-0004,"Valve Seat Insert Valve 1-A-EX-2",VTR,SET,"Inconel 718",Class 3,0,0
0,TYV6-VTR-STM-0004,"Valve Stem Seal Valve 1-A-EX-2",VTR,STM,"Nylon 6/6",Class 3,0.003,0.02
0,TYV6-VTR-GUD-0004,"Valve Guide Valve 1-A-EX-2",VTR,GUD,"Cast Iron",Class 3,0.022,0.11
0,TYV6-VLV-IN-0003,"Valve 2-A-IN-1",VLV,IN,"Stainless Steel 316",Class 3,0.714,8.57
0,TYV6-VTR-SPR-0005,"Valve Spring Valve 2-A-IN-1",VTR,SPR,"Steel AISI 4340",Class 3,0.043,0.26
0,TYV6-VTR-RET-0005,"Valve Retainer Valve 2-A-IN-1",VTR,RET,"Steel AISI 4340",Class 3,0.032,0.19
0,TYV6-VTR-LFT-0005,"Hydraulic Lifter Valve 2-A-IN-1",VTR,LFT,"Steel AISI 4340",Class 3,0.154,0.92
0,TYV6-VTR-SET-0005,"Valve Seat Insert Valve 2-A-IN-1",VTR,SET,"Inconel 718",Class 3,0,0
0,TYV6-VTR-STM-0005,"Valve Stem Seal Valve 2-A-IN-1",VTR,STM,"Nylon 6/6",Class 3,0.003,0.02
0,TYV6-VTR-GUD-0005,"Valve Guide Valve 2-A-IN-1",VTR,GUD,"Cast Iron",Class 3,0.022,0.11
0,TYV6-VLV-IN-0004,"Valve 2-A-IN-2",VLV,IN,"Stainless Steel 316",Class 3,0.714,8.57
0,TYV6-VTR-SPR-0006,"Valve Spring Valve 2-A-IN-2",VTR,SPR,"Steel AISI 4340",Class 3,0.043,0.26
0,TYV6-VTR-RET-0006,"Valve Retainer Valve 2-A-IN-2",VTR,RET,"Steel AISI 4340",Class 3,0.032,0.19
0,TYV6-VTR-LFT-0006,"Hydraulic Lifter Valve 2-A-IN-2",VTR,LFT,"Steel AISI 4340",Class 3,0.154,0.92
0,TYV6-VTR-SET-0006,"Valve Seat Insert Valve 2-A-IN-2",VTR,SET,"Inconel 718",Class 3,0,0
0,TYV6-VTR-STM-0006,"Valve Stem Seal Valve 2-A-IN-2",VTR,STM,"Nylon 6/6",Class 3,0.003,0.02
0,TYV6-VTR-GUD-0006,"Valve Guide Valve 2-A-IN-2",VTR,GUD,"Cast Iron",Class 3,0.022,0.11
0,TYV6-VLV-EX-0003,"Valve 2-A-EX-1",VLV,EX,"Inconel 718",Class 3,0.731,69.46
0,TYV6-VTR-SPR-0007,"Valve Spring Valve 2-A-EX-1",VTR,SPR,"Steel AISI 4340",Class 3,0.043,0.26
0,TYV6-VTR-RET-0007,"Valve Retainer Valve 2-A-EX-1",VTR,RET,"Steel AISI 4340",Class 3,0.032,0.19
0,TYV6-VTR-LFT-0007,"Hydraulic Lifter Valve 2-A-EX-1",VTR,LFT,"Steel AISI 4340",Class 3,0.154,0.92
0,TYV6-VTR-SET-0007,"Valve Seat Insert Valve 2-A-EX-1",VTR,SET,"Inconel 718",Class 3,0,0
0,TYV6-VTR-STM-0007,"Valve Stem Seal Valve 2-A-EX-1",VTR,STM,"Nylon 6/6",Class 3,0.003,0.02
0,TYV6-VTR-GUD-0007,"Valve Guide Valve 2-A-EX-1",VTR,GUD,"Cast Iron",Class 3,0.022,0.11
0,TYV6-VLV-EX-0004,"Valve 2-A-EX-2",VLV,EX,"Inconel 718",Class 3,0.731,69.46
0,TYV6-VTR-SPR-0008,"Valve Spring Valve 2-A-EX-2",VTR,SPR,"Steel AISI 4340",Class 3,0.043,0.26
0,TYV6-VTR-RET-0008,"Valve Retainer Valve 2-A-EX-2",VTR,RET,"Steel AISI 4340",Class 3,0.032,0.19
0,TYV6-VTR-LFT-0008,"Hydraulic Lifter Valve 2-A-EX-2",VTR,LFT,"Steel AISI 4340",Class 3,0.154,0.92
0,TYV6-VTR-SET-0008,"Valve Seat Insert Valve 2-A-EX-2",VTR,SET,"Inconel 718",Class 3,0,0
0,TYV6-VTR-STM-0008,"Valve Stem Seal Valve 2-A-EX-2",VTR,STM,"Nylon 6/6",Class 3,0.003,0.02
0,TYV6-VTR-GUD-0008,"Valve Guide Valve 2-A-EX-2",VTR,GUD,"Cast Iron",Class 3,0.022,0.11
0,TYV6-VLV-IN-0005,"Valve 3-A-IN-1",VLV,IN,"Stainless Steel 316",Class 3,0.714,8.57
0,TYV6-VTR-SPR-0009,"Valve Spring Valve 3-A-IN-1",VTR,SPR,"Steel AISI 4340",Class 3,0.043,0.26
0,TYV6-VTR-RET-0009,"Valve Retainer Valve 3-A-IN-1",VTR,RET,"Steel AISI 4340",Class 3,0.032,0.19
0,TYV6-VTR-LFT-0009,"Hydraulic Lifter Valve 3-A-IN-1",VTR,LFT,"Steel AISI 4340",Class 3,0.154,0.92
0,TYV6-VTR-SET-0009,"Valve Seat Insert Valve 3-A-IN-1",VTR,SET,"Inconel 718",Class 3,0,0
0,TYV6-VTR-STM-0009,"Valve Stem Seal Valve 3-A-IN-1",VTR,STM,"Nylon 6/6",Class 3,0.003,0.02
0,TYV6-VTR-GUD-0009,"Valve Guide Valve 3-A-IN-1",VTR,GUD,"Cast Iron",Class 3,0.022,0.11
0,TYV6-VLV-IN-0006,"Valve 3-A-IN-2",VLV,IN,"Stainless Steel 316",Class 3,0.714,8.57
0,TYV6-VTR-SPR-0010,"Valve Spring Valve 3-A-IN-2",VTR,SPR,"Steel AISI 4340",Class 3,0.043,0.26
0,TYV6-VTR-RET-0010,"Valve Retainer Valve 3-A-IN-2",VTR,RET,"Steel AISI 4340",Class 3,0.032,0.19
0,TYV6-VTR-LFT-0010,"Hydraulic Lifter Valve 3-A-IN-2",VTR,LFT,"Steel AISI 4340",Class 3,0.154,0.92
0,TYV6-VTR-SET-0010,"Valve Seat Insert Valve 3-A-IN-2",VTR,SET,"Inconel 718",Class 3,0,0
0,TYV6-VTR-STM-0010,"Valve Stem Seal Valve 3-A-IN-2",VTR,STM,"Nylon 6/6",Class 3,0.003,0.02
0,TYV6-VTR-GUD-0010,"Valve Guide Valve 3-A-IN-2",VTR,GUD,"Cast Iron",Class 3,0.022,0.11
0,TYV6-VLV-EX-0005,"Valve 3-A-EX-1",VLV,EX,"Inconel 718",Class 3,0.731,69.46
0,TYV6-VTR-SPR-0011,"Valve Spring Valve 3-A-EX-1",VTR,SPR,"Steel AISI 4340",Class 3,0.043,0.26
0,TYV6-VTR-RET-0011,"Valve Retainer Valve 3-A-EX-1",VTR,RET,"Steel AISI 4340",Class 3,0.032,0.19
0,TYV6-VTR-LFT-0011,"Hydraulic Lifter Valve 3-A-EX-1",VTR,LFT,"Steel AISI 4340",Class 3,0.154,0.92
0,TYV6-VTR-SET-0011,"Valve Seat Insert Valve 3-A-EX-1",VTR,SET,"Inconel 718",Class 3,0,0
0,TYV6-VTR-STM-0011,"Valve Stem Seal Valve 3-A-EX-1",VTR,STM,"Nylon 6/6",Class 3,0.003,0.02
0,TYV6-VTR-GUD-0011,"Valve Guide Valve 3-A-EX-1",VTR,GUD,"Cast Iron",Class 3,0.022,0.11
0,TYV6-VLV-EX-0006,"Valve 3-A-EX-2",VLV,EX,"Inconel 718",Class 3,0.731,69.46
0,TYV6-VTR-SPR-0012,"Valve Spring Valve 3-A-EX-2",VTR,SPR,"Steel AISI 4340",Class 3,0.043,0.26
0,TYV6-VTR-RET-0012,"Valve Retainer Valve 3-A-EX-2",VTR,RET,"Steel AISI 4340",Class 3,0.032,0.19
0,TYV6-VTR-LFT-0012,"Hydraulic Lifter Valve 3-A-EX-2",VTR,LFT,"Steel AISI 4340",Class 3,0.154,0.92
0,TYV6-VTR-SET-0012,"Valve Seat Insert Valve 3-A-EX-2",VTR,SET,"Inconel 718",Class 3,0,0
0,TYV6-VTR-STM-0012,"Valve Stem Seal Valve 3-A-EX-2",VTR,STM,"Nylon 6/6",Class 3,0.003,0.02
0,TYV6-VTR-GUD-0012,"Valve Guide Valve 3-A-EX-2",VTR,GUD,"Cast Iron",Class 3,0.022,0.11
0,TYV6-VLV-IN-0007,"Valve 1-B-IN-1",VLV,IN,"Stainless Steel 316",Class 3,0.714,8.57
0,TYV6-VTR-SPR-0013,"Valve Spring Valve 1-B-IN-1",VTR,SPR,"Steel AISI 4340",Class 3,0.043,0.26
0,TYV6-VTR-RET-0013,"Valve Retainer Valve 1-B-IN-1",VTR,RET,"Steel AISI 4340",Class 3,0.032,0.19
0,TYV6-VTR-LFT-0013,"Hydraulic Lifter Valve 1-B-IN-1",VTR,LFT,"Steel AISI 4340",Class 3,0.154,0.92
0,TYV6-VTR-SET-0013,"Valve Seat Insert Valve 1-B-IN-1",VTR,SET,"Inconel 718",Class 3,0,0
0,TYV6-VTR-STM-0013,"Valve Stem Seal Valve 1-B-IN-1",VTR,STM,"Nylon 6/6",Class 3,0.003,0.02
0,TYV6-VTR-GUD-0013,"Valve Guide Valve 1-B-IN-1",VTR,GUD,"Cast Iron",Class 3,0.022,0.11
0,TYV6-VLV-IN-0008,"Valve 1-B-IN-2",VLV,IN,"Stainless Steel 316",Class 3,0.714,8.57
0,TYV6-VTR-SPR-0014,"Valve Spring Valve 1-B-IN-2",VTR,SPR,"Steel AISI 4340",Class 3,0.043,0.26
0,TYV6-VTR-RET-0014,"Valve Retainer Valve 1-B-IN-2",VTR,RET,"Steel AISI 4340",Class 3,0.032,0.19
0,TYV6-VTR-LFT-0014,"Hydraulic Lifter Valve 1-B-IN-2",VTR,LFT,"Steel AISI 4340",Class 3,0.154,0.92
0,TYV6-VTR-SET-0014,"Valve Seat Insert Valve 1-B-IN-2",VTR,SET,"Inconel 718",Class 3,0,0
0,TYV6-VTR-STM-0014,"Valve Stem Seal Valve 1-B-IN-2",VTR,STM,"Nylon 6/6",Class 3,0.003,0.02
0,TYV6-VTR-GUD-0014,"Valve Guide Valve 1-B-IN-2",VTR,GUD,"Cast Iron",Class 3,0.022,0.11
0,TYV6-VLV-EX-0007,"Valve 1-B-EX-1",VLV,EX,"Inconel 718",Class 3,0.731,69.46
0,TYV6-VTR-SPR-0015,"Valve Spring Valve 1-B-EX-1",VTR,SPR,"Steel AISI 4340",Class 3,0.043,0.26
0,TYV6-VTR-RET-0015,"Valve Retainer Valve 1-B-EX-1",VTR,RET,"Steel AISI 4340",Class 3,0.032,0.19
0,TYV6-VTR-LFT-0015,"Hydraulic Lifter Valve 1-B-EX-1",VTR,LFT,"Steel AISI 4340",Class 3,0.154,0.92
0,TYV6-VTR-SET-0015,"Valve Seat Insert Valve 1-B-EX-1",VTR,SET,"Inconel 718",Class 3,0,0
0,TYV6-VTR-STM-0015,"Valve Stem Seal Valve 1-B-EX-1",VTR,STM,"Nylon 6/6",Class 3,0.003,0.02
0,TYV6-VTR-GUD-0015,"Valve Guide Valve 1-B-EX-1",VTR,GUD,"Cast Iron",Class 3,0.022,0.11
0,TYV6-VLV-EX-0008,"Valve 1-B-EX-2",VLV,EX,"Inconel 718",Class 3,0.731,69.46
0,TYV6-VTR-SPR-0016,"Valve Spring Valve 1-B-EX-2",VTR,SPR,"Steel AISI 4340",Class 3,0.043,0.26
0,TYV6-VTR-RET-0016,"Valve Retainer Valve 1-B-EX-2",VTR,RET,"Steel AISI 4340",Class 3,0.032,0.19
0,TYV6-VTR-LFT-0016,"Hydraulic Lifter Valve 1-B-EX-2",VTR,LFT,"Steel AISI 4340",Class 3,0.154,0.92
0,TYV6-VTR-SET-0016,"Valve Seat Insert Valve 1-B-EX-2",VTR,SET,"Inconel 718",Class 3,0,0
0,TYV6-VTR-STM-0016,"Valve Stem Seal Valve 1-B-EX-2",VTR,STM,"Nylon 6/6",Class 3,0.003,0.02
0,TYV6-VTR-GUD-0016,"Valve Guide Valve 1-B-EX-2",VTR,GUD,"Cast Iron",Class 3,0.022,0.11
0,TYV6-VLV-IN-0009,"Valve 2-B-IN-1",VLV,IN,"Stainless Steel 316",Class 3,0.714,8.57
0,TYV6-VTR-SPR-0017,"Valve Spring Valve 2-B-IN-1",VTR,SPR,"Steel AISI 4340",Class 3,0.043,0.26
0,TYV6-VTR-RET-0017,"Valve Retainer Valve 2-B-IN-1",VTR,RET,"Steel AISI 4340",Class 3,0.032,0.19
0,TYV6-VTR-LFT-0017,"Hydraulic Lifter Valve 2-B-IN-1",VTR,LFT,"Steel AISI 4340",Class 3,0.154,0.92
0,TYV6-VTR-SET-0017,"Valve Seat Insert Valve 2-B-IN-1",VTR,SET,"Inconel 718",Class 3,0,0
0,TYV6-VTR-STM-0017,"Valve Stem Seal Valve 2-B-IN-1",VTR,STM,"Nylon 6/6",Class 3,0.003,0.02
0,TYV6-VTR-GUD-0017,"Valve Guide Valve 2-B-IN-1",VTR,GUD,"Cast Iron",Class 3,0.022,0.11
0,TYV6-VLV-IN-0010,"Valve 2-B-IN-2",VLV,IN,"Stainless Steel 316",Class 3,0.714,8.57
0,TYV6-VTR-SPR-0018,"Valve Spring Valve 2-B-IN-2",VTR,SPR,"Steel AISI 4340",Class 3,0.043,0.26
0,TYV6-VTR-RET-0018,"Valve Retainer Valve 2-B-IN-2",VTR,RET,"Steel AISI 4340",Class 3,0.032,0.19
0,TYV6-VTR-LFT-0018,"Hydraulic Lifter Valve 2-B-IN-2",VTR,LFT,"Steel AISI 4340",Class 3,0.154,0.92
0,TYV6-VTR-SET-0018,"Valve Seat Insert Valve 2-B-IN-2",VTR,SET,"Inconel 718",Class 3,0,0
0,TYV6-VTR-STM-0018,"Valve Stem Seal Valve 2-B-IN-2",VTR,STM,"Nylon 6/6",Class 3,0.003,0.02
0,TYV6-VTR-GUD-0018,"Valve Guide Valve 2-B-IN-2",VTR,GUD,"Cast Iron",Class 3,0.022,0.11
0,TYV6-VLV-EX-0009,"Valve 2-B-EX-1",VLV,EX,"Inconel 718",Class 3,0.731,69.46
0,TYV6-VTR-SPR-0019,"Valve Spring Valve 2-B-EX-1",VTR,SPR,"Steel AISI 4340",Class 3,0.043,0.26
0,TYV6-VTR-RET-0019,"Valve Retainer Valve 2-B-EX-1",VTR,RET,"Steel AISI 4340",Class 3,0.032,0.19
0,TYV6-VTR-LFT-0019,"Hydraulic Lifter Valve 2-B-EX-1",VTR,LFT,"Steel AISI 4340",Class 3,0.154,0.92
0,TYV6-VTR-SET-0019,"Valve Seat Insert Valve 2-B-EX-1",VTR,SET,"Inconel 718",Class 3,0,0
0,TYV6-VTR-STM-0019,"Valve Stem Seal Valve 2-B-EX-1",VTR,STM,"Nylon 6/6",Class 3,0.003,0.02
0,TYV6-VTR-GUD-0019,"Valve Guide Valve 2-B-EX-1",VTR,GUD,"Cast Iron",Class 3,0.022,0.11
0,TYV6-VLV-EX-0010,"Valve 2-B-EX-2",VLV,EX,"Inconel 718",Class 3,0.731,69.46
0,TYV6-VTR-SPR-0020,"Valve Spring Valve 2-B-EX-2",VTR,SPR,"Steel AISI 4340",Class 3,0.043,0.26
0,TYV6-VTR-RET-0020,"Valve Retainer Valve 2-B-EX-2",VTR,RET,"Steel AISI 4340",Class 3,0.032,0.19
0,TYV6-VTR-LFT-0020,"Hydraulic Lifter Valve 2-B-EX-2",VTR,LFT,"Steel AISI 4340",Class 3,0.154,0.92
0,TYV6-VTR-SET-0020,"Valve Seat Insert Valve 2-B-EX-2",VTR,SET,"Inconel 718",Class 3,0,0
0,TYV6-VTR-STM-0020,"Valve Stem Seal Valve 2-B-EX-2",VTR,STM,"Nylon 6/6",Class 3,0.003,0.02
0,TYV6-VTR-GUD-0020,"Valve Guide Valve 2-B-EX-2",VTR,GUD,"Cast Iron",Class 3,0.022,0.11
0,TYV6-VLV-IN-0011,"Valve 3-B-IN-1",VLV,IN,"Stainless Steel 316",Class 3,0.714,8.57
0,TYV6-VTR-SPR-0021,"Valve Spring Valve 3-B-IN-1",VTR,SPR,"Steel AISI 4340",Class 3,0.043,0.26
0,TYV6-VTR-RET-0021,"Valve Retainer Valve 3-B-IN-1",VTR,RET,"Steel AISI 4340",Class 3,0.032,0.19
0,TYV6-VTR-LFT-0021,"Hydraulic Lifter Valve 3-B-IN-1",VTR,LFT,"Steel AISI 4340",Class 3,0.154,0.92
0,TYV6-VTR-SET-0021,"Valve Seat Insert Valve 3-B-IN-1",VTR,SET,"Inconel 718",Class 3,0,0
0,TYV6-VTR-STM-0021,"Valve Stem Seal Valve 3-B-IN-1",VTR,STM,"Nylon 6/6",Class 3,0.003,0.02
0,TYV6-VTR-GUD-0021,"Valve Guide Valve 3-B-IN-1",VTR,GUD,"Cast Iron",Class 3,0.022,0.11
0,TYV6-VLV-IN-0012,"Valve 3-B-IN-2",VLV,IN,"Stainless Steel 316",Class 3,0.714,8.57
0,TYV6-VTR-SPR-0022,"Valve Spring Valve 3-B-IN-2",VTR,SPR,"Steel AISI 4340",Class 3,0.043,0.26
0,TYV6-VTR-RET-0022,"Valve Retainer Valve 3-B-IN-2",VTR,RET,"Steel AISI 4340",Class 3,0.032,0.19
0,TYV6-VTR-LFT-0022,"Hydraulic Lifter Valve 3-B-IN-2",VTR,LFT,"Steel AISI 4340",Class 3,0.154,0.92
0,TYV6-VTR-SET-0022,"Valve Seat Insert Valve 3-B-IN-2",VTR,SET,"Inconel 718",Class 3,0,0
0,TYV6-VTR-STM-0022,"Valve Stem Seal Valve 3-B-IN-2",VTR,STM,"Nylon 6/6",Class 3,0.003,0.02
0,TYV6-VTR-GUD-0022,"Valve Guide Valve 3-B-IN-2",VTR,GUD,"Cast Iron",Class 3,0.022,0.11
0,TYV6-VLV-EX-0011,"Valve 3-B-EX-1",VLV,EX,"Inconel 718",Class 3,0.731,69.46
0,TYV6-VTR-SPR-0023,"Valve Spring Valve 3-B-EX-1",VTR,SPR,"Steel AISI 4340",Class 3,0.043,0.26
0,TYV6-VTR-RET-0023,"Valve Retainer Valve 3-B-EX-1",VTR,RET,"Steel AISI 4340",Class 3,0.032,0.19
0,TYV6-VTR-LFT-0023,"Hydraulic Lifter Valve 3-B-EX-1",VTR,LFT,"Steel AISI 4340",Class 3,0.154,0.92
0,TYV6-VTR-SET-0023,"Valve Seat Insert Valve 3-B-EX-1",VTR,SET,"Inconel 718",Class 3,0,0
0,TYV6-VTR-STM-0023,"Valve Stem Seal Valve 3-B-EX-1",VTR,STM,"Nylon 6/6",Class 3,0.003,0.02
0,TYV6-VTR-GUD-0023,"Valve Guide Valve 3-B-EX-1",VTR,GUD,"Cast Iron",Class 3,0.022,0.11
0,TYV6-VLV-EX-0012,"Valve 3-B-EX-2",VLV,EX,"Inconel 718",Class 3,0.731,69.46
0,TYV6-VTR-SPR-0024,"Valve Spring Valve 3-B-EX-2",VTR,SPR,"Steel AISI 4340",Class 3,0.043,0.26
0,TYV6-VTR-RET-0024,"Valve Retainer Valve 3-B-EX-2",VTR,RET,"Steel AISI 4340",Class 3,0.032,0.19
0,TYV6-VTR-LFT-0024,"Hydraulic Lifter Valve 3-B-EX-2",VTR,LFT,"Steel AISI 4340",Class 3,0.154,0.92
0,TYV6-VTR-SET-0024,"Valve Seat Insert Valve 3-B-EX-2",VTR,SET,"Inconel 718",Class 3,0,0
0,TYV6-VTR-STM-0024,"Valve Stem Seal Valve 3-B-EX-2",VTR,STM,"Nylon 6/6",Class 3,0.003,0.02
0,TYV6-VTR-GUD-0024,"Valve Guide Valve 3-B-EX-2",VTR,GUD,"Cast Iron",Class 3,0.022,0.11
0,TYV6-VVT-IE-0001,"VVT Phaser A-IN-iE",VVT,IE,"Aluminum 6061-T6",Class 3,0.405,3.24
0,TYV6-VVT-MTR-0001,"VVT-iE Motor Bank A",VVT,MTR,"Aluminum 6061-T6",Class 3,0.302,2.42
0,TYV6-VVT-GER-0001,"VVT-iE Reduction Gear Bank A",VVT,GER,"Steel AISI 4340",Class 3,0.425,2.55
0,TYV6-VVT-HYD-0001,"VVT Phaser A-EX",VVT,HYD,"Aluminum 6061-T6",Class 3,0.405,3.24
0,TYV6-VVT-IE-0002,"VVT Phaser B-IN-iE",VVT,IE,"Aluminum 6061-T6",Class 3,0.405,3.24
0,TYV6-VVT-MTR-0002,"VVT-iE Motor Bank B",VVT,MTR,"Aluminum 6061-T6",Class 3,0.302,2.42
0,TYV6-VVT-GER-0002,"VVT-iE Reduction Gear Bank B",VVT,GER,"Steel AISI 4340",Class 3,0.425,2.55
0,TYV6-VVT-HYD-0002,"VVT Phaser B-EX",VVT,HYD,"Aluminum 6061-T6",Class 3,0.405,3.24
0,TYV6-TIM-CHN-0001,"Primary Timing Chain (silent, 1/4-inch pitch)",TIM,CHN,"Steel AISI 4340",Class 3,0,0
0,TYV6-TIM-CHN-0002,"Secondary Timing Chain Bank A",TIM,CHN,"Steel AISI 4340",Class 3,0,0
0,TYV6-TIM-CHN-0003,"Secondary Timing Chain Bank B",TIM,CHN,"Steel AISI 4340",Class 3,0,0
0,TYV6-TIM-SPR-0001,"Crank Drive Sprocket",TIM,SPR,"Steel AISI 4340",Class 3,0.265,1.59
0,TYV6-TIM-SPR-0002,"Cam Sprocket A-IN",TIM,SPR,"Steel AISI 4340",Class 3,0.265,1.59
0,TYV6-TIM-SPR-0003,"Cam Sprocket A-EX",TIM,SPR,"Steel AISI 4340",Class 3,0.265,1.59
0,TYV6-TIM-SPR-0004,"Cam Sprocket B-IN",TIM,SPR,"Steel AISI 4340",Class 3,0.265,1.59
0,TYV6-TIM-SPR-0005,"Cam Sprocket B-EX",TIM,SPR,"Steel AISI 4340",Class 3,0.265,1.59
0,TYV6-TIM-SPR-0006,"Oil Pump Drive Sprocket",TIM,SPR,"Steel AISI 4340",Class 3,0.265,1.59
0,TYV6-TIM-TNS-0001,"Chain Tensioner 1 (hydraulic)",TIM,TNS,"Steel AISI 4340",Class 3,0.467,2.8
0,TYV6-TIM-TNS-0002,"Chain Tensioner 2 (hydraulic)",TIM,TNS,"Steel AISI 4340",Class 3,0.467,2.8
0,TYV6-TIM-TNS-0003,"Chain Tensioner 3 (hydraulic)",TIM,TNS,"Steel AISI 4340",Class 3,0.467,2.8
0,TYV6-TIM-GDE-0001,"Chain Guide 1",TIM,GDE,"Nylon 6/6",Class 3,0.097,0.49
0,TYV6-TIM-GDE-0002,"Chain Guide 2",TIM,GDE,"Nylon 6/6",Class 3,0.097,0.49
0,TYV6-TIM-GDE-0003,"Chain Guide 3",TIM,GDE,"Nylon 6/6",Class 3,0.097,0.49
0,TYV6-TIM-GDE-0004,"Chain Guide 4",TIM,GDE,"Nylon 6/6",Class 3,0.097,0.49
0,TYV6-TIM-GDE-0005,"Chain Guide 5",TIM,GDE,"Nylon 6/6",Class 3,0.097,0.49
0,TYV6-TIM-GDE-0006,"Chain Guide 6",TIM,GDE,"Nylon 6/6",Class 3,0.097,0.49
0,TYV6-OIL-PMP-0001,"Variable-Flow Oil Pump (Gerotor + Solenoid Control)",OIL,PMP,"Aluminum 6061-T6",Class 3,1.024,8.19
0,TYV6-OIL-FLT-0001,"Oil Filter Housing (Cartridge-style)",OIL,FLT,"Aluminum 6061-T6",Class 3,1.536,12.29
0,TYV6-OIL-ELM-0001,"Oil Filter Element (cellulose + synthetic)",OIL,ELM,"Nylon 6/6",Class 3,0.763,3.82
0,TYV6-OIL-COL-0001,"Oil Cooler (Water-Cooled Stacked-Plate)",OIL,COL,"Aluminum 6061-T6",Class 3,0.259,2.07
0,TYV6-OIL-PKP-0001,"Oil Pickup Tube + Screen",OIL,PKP,"Stainless Steel 316",Class 3,0.529,6.35
0,TYV6-OIL-JET-0001,"Piston Cooling Jet 1",OIL,JET,"Stainless Steel 316",Class 3,0.015,0.18
0,TYV6-OIL-JET-0002,"Piston Cooling Jet 2",OIL,JET,"Stainless Steel 316",Class 3,0.015,0.18
0,TYV6-OIL-JET-0003,"Piston Cooling Jet 3",OIL,JET,"Stainless Steel 316",Class 3,0.015,0.18
0,TYV6-OIL-JET-0004,"Piston Cooling Jet 4",OIL,JET,"Stainless Steel 316",Class 3,0.015,0.18
0,TYV6-OIL-JET-0005,"Piston Cooling Jet 5",OIL,JET,"Stainless Steel 316",Class 3,0.015,0.18
0,TYV6-OIL-JET-0006,"Piston Cooling Jet 6",OIL,JET,"Stainless Steel 316",Class 3,0.015,0.18
0,TYV6-SNS-OIP-0001,"Oil Pressure Sensor",SNS,OIP,"Stainless Steel 316",Class 3,0.106,1.27
0,TYV6-SNS-OIT-0001,"Oil Temperature Sensor",SNS,OIT,"Stainless Steel 316",Class 3,0.038,0.46
0,TYV6-COOL-PMP-0001,"Water Pump (Electric, 250 W BLDC)",COOL,PMP,"Aluminum 6061-T6",Class 3,2.427,19.42
0,TYV6-COOL-THR-0001,"Electronic Thermostat (Variable Open Temp)",COOL,THR,"Aluminum 6061-T6",Class 3,0.298,2.38
0,TYV6-COOL-XOV-0001,"Coolant Crossover Manifold",COOL,XOV,"Aluminum 6061-T6",Class 3,0.239,1.91
0,TYV6-SNS-ECT-0001,"Engine Coolant Temp Sensor 1",SNS,ECT,"Stainless Steel 316",Class 3,0.038,0.46
0,TYV6-SNS-ECT-0002,"Engine Coolant Temp Sensor 2",SNS,ECT,"Stainless Steel 316",Class 3,0.038,0.46
0,TYV6-COOL-HOS-0001,"Coolant Hose 1",COOL,HOS,"Nylon 6/6",Class 3,0.217,1.09
0,TYV6-COOL-HOS-0002,"Coolant Hose 2",COOL,HOS,"Nylon 6/6",Class 3,0.217,1.09
0,TYV6-COOL-HOS-0003,"Coolant Hose 3",COOL,HOS,"Nylon 6/6",Class 3,0.217,1.09
0,TYV6-COOL-HOS-0004,"Coolant Hose 4",COOL,HOS,"Nylon 6/6",Class 3,0.217,1.09
0,TYV6-COOL-HOS-0005,"Coolant Hose 5",COOL,HOS,"Nylon 6/6",Class 3,0.217,1.09
0,TYV6-COOL-HOS-0006,"Coolant Hose 6",COOL,HOS,"Nylon 6/6",Class 3,0.217,1.09
0,TYV6-COOL-HOS-0007,"Coolant Hose 7",COOL,HOS,"Nylon 6/6",Class 3,0.217,1.09
0,TYV6-COOL-HOS-0008,"Coolant Hose 8",COOL,HOS,"Nylon 6/6",Class 3,0.217,1.09
0,TYV6-COOL-DRN-0001,"Coolant Drain Plug 1",COOL,DRN,"Steel AISI 4340",Class 3,0.018,0.11
0,TYV6-COOL-DRN-0002,"Coolant Drain Plug 2",COOL,DRN,"Steel AISI 4340",Class 3,0.018,0.11
0,TYV6-INT-MAN-0001,"Intake Manifold (Composite, Variable-Length Runners)",INT,MAN,"Nylon 6/6",Class 3,4.86,24.3
0,TYV6-INT-THR-0001,"Electronic Throttle Body (70 mm)",INT,THR,"Aluminum 6061-T6",Class 3,0.809,6.47
0,TYV6-INT-RUN-0001,"Intake Runner 1",INT,RUN,"Nylon 6/6",Class 3,0.097,0.48
0,TYV6-INT-RUN-0002,"Intake Runner 2",INT,RUN,"Nylon 6/6",Class 3,0.097,0.48
0,TYV6-INT-RUN-0003,"Intake Runner 3",INT,RUN,"Nylon 6/6",Class 3,0.097,0.48
0,TYV6-INT-RUN-0004,"Intake Runner 4",INT,RUN,"Nylon 6/6",Class 3,0.097,0.48
0,TYV6-INT-RUN-0005,"Intake Runner 5",INT,RUN,"Nylon 6/6",Class 3,0.097,0.48
0,TYV6-INT-RUN-0006,"Intake Runner 6",INT,RUN,"Nylon 6/6",Class 3,0.097,0.48
0,TYV6-INT-ACR-0001,"Variable Runner Control Actuator",INT,ACR,"Aluminum 6061-T6",Class 3,0.109,0.87
0,TYV6-INT-BOX-0001,"Air Cleaner Housing",INT,BOX,"Nylon 6/6",Class 3,3.037,15.19
0,TYV6-INT-FLT-0001,"Air Filter Element (Pleated)",INT,FLT,"Nylon 6/6",Class 3,1.555,7.78
0,TYV6-SNS-MAF-0001,"Mass Air Flow Sensor (Hot-Wire)",SNS,MAF,"Aluminum 6061-T6",Class 3,0.207,1.65
0,TYV6-SNS-IAT-0001,"Intake Air Temp Sensor",SNS,IAT,"Stainless Steel 316",Class 3,0.012,0.14
0,TYV6-SNS-MAP-0001,"Manifold Absolute Pressure (MAP) Sensor",SNS,MAP,"Stainless Steel 316",Class 3,0.088,1.06
0,TYV6-EXH-MAN-0001,"Exhaust Manifold Bank A",EXH,MAN,"Stainless Steel 316",Class 3,4.096,49.15
0,TYV6-EMIS-TWC-0001,"Close-Coupled 3-Way Catalyst Bank A",EMIS,TWC,"CMC SiC/SiC",Class 3,3.023,7557.73
0,TYV6-EXH-MAN-0002,"Exhaust Manifold Bank B",EXH,MAN,"Stainless Steel 316",Class 3,4.096,49.15
0,TYV6-EMIS-TWC-0002,"Close-Coupled 3-Way Catalyst Bank B",EMIS,TWC,"CMC SiC/SiC",Class 3,3.023,7557.73
0,TYV6-SNS-O2W-0001,"Wide-Band O2 Sensor 1 (UEGO, pre-cat)",SNS,O2W,"Inconel 718",Class 3,0.1,9.53
0,TYV6-SNS-O2W-0002,"Wide-Band O2 Sensor 2 (UEGO, pre-cat)",SNS,O2W,"Inconel 718",Class 3,0.1,9.53
0,TYV6-SNS-O2W-0003,"Wide-Band O2 Sensor 3 (UEGO, post-cat)",SNS,O2W,"Inconel 718",Class 3,0.1,9.53
0,TYV6-SNS-O2W-0004,"Wide-Band O2 Sensor 4 (UEGO, post-cat)",SNS,O2W,"Inconel 718",Class 3,0.1,9.53
0,TYV6-EMIS-UFC-0001,"Underfloor Combined NOx-Trap + 3-Way Catalyst",EMIS,UFC,"CMC SiC/SiC",Class 3,7.464,18661.06
0,TYV6-EMIS-GPF-0001,"Gasoline Particulate Filter (GPF, Coated Wall-Flow)",EMIS,GPF,"CMC SiC/SiC",Class 3,6.569,16421.73
0,TYV6-SNS-DPF-0001,"GPF Differential Pressure Sensor",SNS,DPF,"Stainless Steel 316",Class 3,0.106,1.27
0,TYV6-SNS-EGT-0001,"EGT Sensor 1 (pre-CC)",SNS,EGT,"Inconel 718",Class 3,0.063,5.98
0,TYV6-SNS-EGT-0002,"EGT Sensor 2 (post-CC)",SNS,EGT,"Inconel 718",Class 3,0.063,5.98
0,TYV6-SNS-EGT-0003,"EGT Sensor 3 (post-GPF)",SNS,EGT,"Inconel 718",Class 3,0.063,5.98
0,TYV6-EXH-PIP-0001,"Exhaust Pipe Segment 1",EXH,PIP,"Stainless Steel 316",Class 3,1.166,13.99
0,TYV6-EXH-PIP-0002,"Exhaust Pipe Segment 2",EXH,PIP,"Stainless Steel 316",Class 3,1.166,13.99
0,TYV6-EXH-PIP-0003,"Exhaust Pipe Segment 3",EXH,PIP,"Stainless Steel 316",Class 3,1.166,13.99
0,TYV6-EXH-PIP-0004,"Exhaust Pipe Segment 4",EXH,PIP,"Stainless Steel 316",Class 3,1.166,13.99
0,TYV6-EXH-MUF-0001,"Muffler (2-Stage with Active Valve)",EXH,MUF,"Stainless Steel 316",Class 3,9.896,118.75
0,TYV6-EXH-TIP-0001,"Tailpipe Tip 1 (Polished Stainless)",EXH,TIP,"Stainless Steel 316",Class 3,0.656,7.87
0,TYV6-EXH-TIP-0002,"Tailpipe Tip 2 (Polished Stainless)",EXH,TIP,"Stainless Steel 316",Class 3,0.656,7.87
0,TYV6-EXH-HNG-0001,"Exhaust Hanger 1 (Rubber Isolated)",EXH,HNG,"Nylon 6/6",Class 3,0.016,0.08
0,TYV6-EXH-HNG-0002,"Exhaust Hanger 2 (Rubber Isolated)",EXH,HNG,"Nylon 6/6",Class 3,0.016,0.08
0,TYV6-EXH-HNG-0003,"Exhaust Hanger 3 (Rubber Isolated)",EXH,HNG,"Nylon 6/6",Class 3,0.016,0.08
0,TYV6-EXH-HNG-0004,"Exhaust Hanger 4 (Rubber Isolated)",EXH,HNG,"Nylon 6/6",Class 3,0.016,0.08
0,TYV6-EXH-HNG-0005,"Exhaust Hanger 5 (Rubber Isolated)",EXH,HNG,"Nylon 6/6",Class 3,0.016,0.08
0,TYV6-EXH-HNG-0006,"Exhaust Hanger 6 (Rubber Isolated)",EXH,HNG,"Nylon 6/6",Class 3,0.016,0.08
0,TYV6-EMIS-EGC-0001,"EGR Cooler (Water-Cooled Stacked-Plate)",EMIS,EGC,"Stainless Steel 316",Class 3,0.768,9.22
0,TYV6-EMIS-EGV-0001,"EGR Control Valve (Electronic)",EMIS,EGV,"Stainless Steel 316",Class 3,1.342,16.1
0,TYV6-EMIS-EPI-0001,"EGR Pipe 1",EMIS,EPI,"Stainless Steel 316",Class 3,0.422,5.07
0,TYV6-EMIS-EPI-0002,"EGR Pipe 2",EMIS,EPI,"Stainless Steel 316",Class 3,0.422,5.07
0,TYV6-EMIS-EPI-0003,"EGR Pipe 3",EMIS,EPI,"Stainless Steel 316",Class 3,0.422,5.07
0,TYV6-SNS-EGT-0004,"EGR Gas Temperature Sensor",SNS,EGT,"Stainless Steel 316",Class 3,0.038,0.46
0,TYV6-FUEL-DI-0001,"D-4S DI Injector 1",FUEL,DI,"Stainless Steel 316",Class 3,0.322,3.86
0,TYV6-FUEL-DI-0002,"D-4S DI Injector 2",FUEL,DI,"Stainless Steel 316",Class 3,0.322,3.86
0,TYV6-FUEL-DI-0003,"D-4S DI Injector 3",FUEL,DI,"Stainless Steel 316",Class 3,0.322,3.86
0,TYV6-FUEL-DI-0004,"D-4S DI Injector 4",FUEL,DI,"Stainless Steel 316",Class 3,0.322,3.86
0,TYV6-FUEL-DI-0005,"D-4S DI Injector 5",FUEL,DI,"Stainless Steel 316",Class 3,0.322,3.86
0,TYV6-FUEL-DI-0006,"D-4S DI Injector 6",FUEL,DI,"Stainless Steel 316",Class 3,0.322,3.86
0,TYV6-FUEL-PI-0001,"D-4S Port Injector 1",FUEL,PI,"Stainless Steel 316",Class 3,0.149,1.79
0,TYV6-FUEL-PI-0002,"D-4S Port Injector 2",FUEL,PI,"Stainless Steel 316",Class 3,0.149,1.79
0,TYV6-FUEL-PI-0003,"D-4S Port Injector 3",FUEL,PI,"Stainless Steel 316",Class 3,0.149,1.79
0,TYV6-FUEL-PI-0004,"D-4S Port Injector 4",FUEL,PI,"Stainless Steel 316",Class 3,0.149,1.79
0,TYV6-FUEL-PI-0005,"D-4S Port Injector 5",FUEL,PI,"Stainless Steel 316",Class 3,0.149,1.79
0,TYV6-FUEL-PI-0006,"D-4S Port Injector 6",FUEL,PI,"Stainless Steel 316",Class 3,0.149,1.79
0,TYV6-FUEL-RDI-0001,"Fuel Rail DI (200 bar)",FUEL,RDI,"Stainless Steel 316",Class 3,1.448,17.37
0,TYV6-FUEL-RPI-0001,"Fuel Rail PI (4 bar)",FUEL,RPI,"Stainless Steel 316",Class 3,1.448,17.37
0,TYV6-FUEL-HPP-0001,"High-Pressure Fuel Pump (Cam-Driven, 250 bar Capable)",FUEL,HPP,"Stainless Steel 316",Class 3,3.18,38.16
0,TYV6-FUEL-LPP-0001,"Low-Pressure Fuel Pump (In-Tank, BLDC)",FUEL,LPP,"Aluminum 6061-T6",Class 3,0.604,4.83
0,TYV6-SNS-FPS-0001,"Fuel Pressure Sensor DI (200 bar)",SNS,FPS,"Stainless Steel 316",Class 3,0.061,0.73
0,TYV6-SNS-FPS-0002,"Fuel Pressure Sensor PI",SNS,FPS,"Stainless Steel 316",Class 3,0.061,0.73
0,TYV6-SNS-FTS-0001,"Fuel Temperature Sensor",SNS,FTS,"Stainless Steel 316",Class 3,0.031,0.37
0,TYV6-IGN-PLG-0001,"Spark Plug 1 (Iridium-Pt 14 mm thread)",IGN,PLG,"Stainless Steel 316",Class 3,0.094,1.13
0,TYV6-IGN-COL-0001,"Ignition Coil 1 (Smart COP)",IGN,COL,"ABS Plastic",Class 3,0.162,0.81
0,TYV6-IGN-PLG-0002,"Spark Plug 2 (Iridium-Pt 14 mm thread)",IGN,PLG,"Stainless Steel 316",Class 3,0.094,1.13
0,TYV6-IGN-COL-0002,"Ignition Coil 2 (Smart COP)",IGN,COL,"ABS Plastic",Class 3,0.162,0.81
0,TYV6-IGN-PLG-0003,"Spark Plug 3 (Iridium-Pt 14 mm thread)",IGN,PLG,"Stainless Steel 316",Class 3,0.094,1.13
0,TYV6-IGN-COL-0003,"Ignition Coil 3 (Smart COP)",IGN,COL,"ABS Plastic",Class 3,0.162,0.81
0,TYV6-IGN-PLG-0004,"Spark Plug 4 (Iridium-Pt 14 mm thread)",IGN,PLG,"Stainless Steel 316",Class 3,0.094,1.13
0,TYV6-IGN-COL-0004,"Ignition Coil 4 (Smart COP)",IGN,COL,"ABS Plastic",Class 3,0.162,0.81
0,TYV6-IGN-PLG-0005,"Spark Plug 5 (Iridium-Pt 14 mm thread)",IGN,PLG,"Stainless Steel 316",Class 3,0.094,1.13
0,TYV6-IGN-COL-0005,"Ignition Coil 5 (Smart COP)",IGN,COL,"ABS Plastic",Class 3,0.162,0.81
0,TYV6-IGN-PLG-0006,"Spark Plug 6 (Iridium-Pt 14 mm thread)",IGN,PLG,"Stainless Steel 316",Class 3,0.094,1.13
0,TYV6-IGN-COL-0006,"Ignition Coil 6 (Smart COP)",IGN,COL,"ABS Plastic",Class 3,0.162,0.81
0,TYV6-SNS-KNK-0001,"Knock Sensor Bank A",SNS,KNK,"Stainless Steel 316",Class 3,0.071,0.85
0,TYV6-SNS-KNK-0002,"Knock Sensor Bank B",SNS,KNK,"Stainless Steel 316",Class 3,0.071,0.85
0,TYV6-SNS-CKP-0001,"Crank Position Sensor (Hall, 36-1)",SNS,CKP,"Stainless Steel 316",Class 3,0.061,0.73
0,TYV6-SNS-CMP-0001,"Cam Position Sensor 1",SNS,CMP,"Stainless Steel 316",Class 3,0.061,0.73
0,TYV6-SNS-CMP-0002,"Cam Position Sensor 2",SNS,CMP,"Stainless Steel 316",Class 3,0.061,0.73
0,TYV6-SNS-CMP-0003,"Cam Position Sensor 3",SNS,CMP,"Stainless Steel 316",Class 3,0.061,0.73
0,TYV6-SNS-CMP-0004,"Cam Position Sensor 4",SNS,CMP,"Stainless Steel 316",Class 3,0.061,0.73
0,TYV6-HYB-CAR-0001,"Planetary Carrier (Power-Split Input from ICE)",HYB,CAR,"Steel AISI 4340",Class 3,6.273,37.64
0,TYV6-HYB-PLT-0001,"Planet Gear 1",HYB,PLT,"Steel AISI 4340",Class 3,0.457,2.74
0,TYV6-HYB-PLT-0002,"Planet Gear 2",HYB,PLT,"Steel AISI 4340",Class 3,0.457,2.74
0,TYV6-HYB-PLT-0003,"Planet Gear 3",HYB,PLT,"Steel AISI 4340",Class 3,0.457,2.74
0,TYV6-HYB-PLT-0004,"Planet Gear 4",HYB,PLT,"Steel AISI 4340",Class 3,0.457,2.74
0,TYV6-HYB-SUN-0001,"Sun Gear (drives MG1)",HYB,SUN,"Steel AISI 4340",Class 3,0.658,3.95
0,TYV6-HYB-RNG-0001,"Ring Gear (drives MG2 + Final Drive)",HYB,RNG,"Steel AISI 4340",Class 3,0.844,5.06
0,TYV6-HYB-M1S-0001,"MG1 Stator (Distributed-Winding, 30 kW)",HYB,M1S,"Copper C11000",Class 3,10.953,175.26
0,TYV6-HYB-M1R-0001,"MG1 Rotor (IPM Permanent Magnet, NdFeB)",HYB,M1R,"Steel AISI 1020",Class 3,4.315,21.58
0,TYV6-HYB-M2S-0001,"MG2 Stator (80 kW cont, 180 kW peak)",HYB,M2S,"Copper C11000",Class 3,31.26,500.15
0,TYV6-HYB-M2R-0001,"MG2 Rotor (IPM Permanent Magnet)",HYB,M2R,"Steel AISI 1020",Class 3,12.237,61.19
0,TYV6-HYB-CSE-0001,"Power-Split Transmission Case (Aluminum)",HYB,CSE,"Aluminum 6061-T6",Class 3,8.906,71.25
0,TYV6-HYB-RES-0001,"Resolver MG1 (Position Feedback)",HYB,RES,"Aluminum 6061-T6",Class 3,0.04,0.32
0,TYV6-HYB-RES-0002,"Resolver MG2 (Position Feedback)",HYB,RES,"Aluminum 6061-T6",Class 3,0.04,0.32
0,TYV6-HYB-INV-0001,"PCU Inverter (SiC MOSFET, dual-channel for MG1 + MG2)",HYB,INV,"Aluminum 6061-T6",Class 3,12.15,97.2
0,TYV6-HYB-DCC-0001,"DC-DC Converter (HV → 12V, 2.5 kW)",HYB,DCC,"Aluminum 6061-T6",Class 3,4.86,38.88
0,TYV6-HYB-A12-0001,"12V Auxiliary Battery (AGM)",HYB,A12,"ABS Plastic",Class 3,7.776,38.88
0,TYV6-HVB-ENC-0001,"HV Battery Pack Enclosure (Aluminum, IP67)",HVB,ENC,"Aluminum 6061-T6",Class 3,7.29,58.32
0,TYV6-HVB-CEL-0001,"HV Battery Cell 1",HVB,CEL,"Steel AISI 1020",Class 3,0.065,0.32
0,TYV6-HVB-CEL-0002,"HV Battery Cell 2",HVB,CEL,"Steel AISI 1020",Class 3,0.065,0.32
0,TYV6-HVB-CEL-0003,"HV Battery Cell 3",HVB,CEL,"Steel AISI 1020",Class 3,0.065,0.32
0,TYV6-HVB-CEL-0004,"HV Battery Cell 4",HVB,CEL,"Steel AISI 1020",Class 3,0.065,0.32
0,TYV6-HVB-CEL-0005,"HV Battery Cell 5",HVB,CEL,"Steel AISI 1020",Class 3,0.065,0.32
0,TYV6-HVB-CEL-0006,"HV Battery Cell 6",HVB,CEL,"Steel AISI 1020",Class 3,0.065,0.32
0,TYV6-HVB-CEL-0007,"HV Battery Cell 7",HVB,CEL,"Steel AISI 1020",Class 3,0.065,0.32
0,TYV6-HVB-CEL-0008,"HV Battery Cell 8",HVB,CEL,"Steel AISI 1020",Class 3,0.065,0.32
0,TYV6-HVB-CEL-0009,"HV Battery Cell 9",HVB,CEL,"Steel AISI 1020",Class 3,0.065,0.32
0,TYV6-HVB-CEL-0010,"HV Battery Cell 10",HVB,CEL,"Steel AISI 1020",Class 3,0.065,0.32
0,TYV6-HVB-CEL-0011,"HV Battery Cell 11",HVB,CEL,"Steel AISI 1020",Class 3,0.065,0.32
0,TYV6-HVB-CEL-0012,"HV Battery Cell 12",HVB,CEL,"Steel AISI 1020",Class 3,0.065,0.32
0,TYV6-HVB-CEL-0013,"HV Battery Cell 13",HVB,CEL,"Steel AISI 1020",Class 3,0.065,0.32
0,TYV6-HVB-CEL-0014,"HV Battery Cell 14",HVB,CEL,"Steel AISI 1020",Class 3,0.065,0.32
0,TYV6-HVB-CEL-0015,"HV Battery Cell 15",HVB,CEL,"Steel AISI 1020",Class 3,0.065,0.32
0,TYV6-HVB-CEL-0016,"HV Battery Cell 16",HVB,CEL,"Steel AISI 1020",Class 3,0.065,0.32
0,TYV6-HVB-CEL-0017,"HV Battery Cell 17",HVB,CEL,"Steel AISI 1020",Class 3,0.065,0.32
0,TYV6-HVB-CEL-0018,"HV Battery Cell 18",HVB,CEL,"Steel AISI 1020",Class 3,0.065,0.32
0,TYV6-HVB-CEL-0019,"HV Battery Cell 19",HVB,CEL,"Steel AISI 1020",Class 3,0.065,0.32
0,TYV6-HVB-CEL-0020,"HV Battery Cell 20",HVB,CEL,"Steel AISI 1020",Class 3,0.065,0.32
0,TYV6-HVB-CEL-0021,"HV Battery Cell 21",HVB,CEL,"Steel AISI 1020",Class 3,0.065,0.32
0,TYV6-HVB-CEL-0022,"HV Battery Cell 22",HVB,CEL,"Steel AISI 1020",Class 3,0.065,0.32
0,TYV6-HVB-CEL-0023,"HV Battery Cell 23",HVB,CEL,"Steel AISI 1020",Class 3,0.065,0.32
0,TYV6-HVB-CEL-0024,"HV Battery Cell 24",HVB,CEL,"Steel AISI 1020",Class 3,0.065,0.32
0,TYV6-HVB-CEL-0025,"HV Battery Cell 25",HVB,CEL,"Steel AISI 1020",Class 3,0.065,0.32
0,TYV6-HVB-CEL-0026,"HV Battery Cell 26",HVB,CEL,"Steel AISI 1020",Class 3,0.065,0.32
0,TYV6-HVB-CEL-0027,"HV Battery Cell 27",HVB,CEL,"Steel AISI 1020",Class 3,0.065,0.32
0,TYV6-HVB-CEL-0028,"HV Battery Cell 28",HVB,CEL,"Steel AISI 1020",Class 3,0.065,0.32
0,TYV6-HVB-CEL-0029,"HV Battery Cell 29",HVB,CEL,"Steel AISI 1020",Class 3,0.065,0.32
0,TYV6-HVB-CEL-0030,"HV Battery Cell 30",HVB,CEL,"Steel AISI 1020",Class 3,0.065,0.32
0,TYV6-HVB-CEL-0031,"HV Battery Cell 31",HVB,CEL,"Steel AISI 1020",Class 3,0.065,0.32
0,TYV6-HVB-CEL-0032,"HV Battery Cell 32",HVB,CEL,"Steel AISI 1020",Class 3,0.065,0.32
0,TYV6-HVB-CEL-0033,"HV Battery Cell 33",HVB,CEL,"Steel AISI 1020",Class 3,0.065,0.32
0,TYV6-HVB-CEL-0034,"HV Battery Cell 34",HVB,CEL,"Steel AISI 1020",Class 3,0.065,0.32
0,TYV6-HVB-CEL-0035,"HV Battery Cell 35",HVB,CEL,"Steel AISI 1020",Class 3,0.065,0.32
0,TYV6-HVB-CEL-0036,"HV Battery Cell 36",HVB,CEL,"Steel AISI 1020",Class 3,0.065,0.32
0,TYV6-HVB-CEL-0037,"HV Battery Cell 37",HVB,CEL,"Steel AISI 1020",Class 3,0.065,0.32
0,TYV6-HVB-CEL-0038,"HV Battery Cell 38",HVB,CEL,"Steel AISI 1020",Class 3,0.065,0.32
0,TYV6-HVB-CEL-0039,"HV Battery Cell 39",HVB,CEL,"Steel AISI 1020",Class 3,0.065,0.32
0,TYV6-HVB-CEL-0040,"HV Battery Cell 40",HVB,CEL,"Steel AISI 1020",Class 3,0.065,0.32
0,TYV6-HVB-CEL-0041,"HV Battery Cell 41",HVB,CEL,"Steel AISI 1020",Class 3,0.065,0.32
0,TYV6-HVB-CEL-0042,"HV Battery Cell 42",HVB,CEL,"Steel AISI 1020",Class 3,0.065,0.32
0,TYV6-HVB-CEL-0043,"HV Battery Cell 43",HVB,CEL,"Steel AISI 1020",Class 3,0.065,0.32
0,TYV6-HVB-CEL-0044,"HV Battery Cell 44",HVB,CEL,"Steel AISI 1020",Class 3,0.065,0.32
0,TYV6-HVB-CEL-0045,"HV Battery Cell 45",HVB,CEL,"Steel AISI 1020",Class 3,0.065,0.32
0,TYV6-HVB-CEL-0046,"HV Battery Cell 46",HVB,CEL,"Steel AISI 1020",Class 3,0.065,0.32
0,TYV6-HVB-CEL-0047,"HV Battery Cell 47",HVB,CEL,"Steel AISI 1020",Class 3,0.065,0.32
0,TYV6-HVB-CEL-0048,"HV Battery Cell 48",HVB,CEL,"Steel AISI 1020",Class 3,0.065,0.32
0,TYV6-HVB-CEL-0049,"HV Battery Cell 49",HVB,CEL,"Steel AISI 1020",Class 3,0.065,0.32
0,TYV6-HVB-CEL-0050,"HV Battery Cell 50",HVB,CEL,"Steel AISI 1020",Class 3,0.065,0.32
0,TYV6-HVB-CEL-0051,"HV Battery Cell 51",HVB,CEL,"Steel AISI 1020",Class 3,0.065,0.32
0,TYV6-HVB-CEL-0052,"HV Battery Cell 52",HVB,CEL,"Steel AISI 1020",Class 3,0.065,0.32
0,TYV6-HVB-CEL-0053,"HV Battery Cell 53",HVB,CEL,"Steel AISI 1020",Class 3,0.065,0.32
0,TYV6-HVB-CEL-0054,"HV Battery Cell 54",HVB,CEL,"Steel AISI 1020",Class 3,0.065,0.32
0,TYV6-HVB-CEL-0055,"HV Battery Cell 55",HVB,CEL,"Steel AISI 1020",Class 3,0.065,0.32
0,TYV6-HVB-CEL-0056,"HV Battery Cell 56",HVB,CEL,"Steel AISI 1020",Class 3,0.065,0.32
0,TYV6-HVB-CEL-0057,"HV Battery Cell 57",HVB,CEL,"Steel AISI 1020",Class 3,0.065,0.32
0,TYV6-HVB-CEL-0058,"HV Battery Cell 58",HVB,CEL,"Steel AISI 1020",Class 3,0.065,0.32
0,TYV6-HVB-CEL-0059,"HV Battery Cell 59",HVB,CEL,"Steel AISI 1020",Class 3,0.065,0.32
0,TYV6-HVB-CEL-0060,"HV Battery Cell 60",HVB,CEL,"Steel AISI 1020",Class 3,0.065,0.32
0,TYV6-HVB-CEL-0061,"HV Battery Cell 61",HVB,CEL,"Steel AISI 1020",Class 3,0.065,0.32
0,TYV6-HVB-CEL-0062,"HV Battery Cell 62",HVB,CEL,"Steel AISI 1020",Class 3,0.065,0.32
0,TYV6-HVB-CEL-0063,"HV Battery Cell 63",HVB,CEL,"Steel AISI 1020",Class 3,0.065,0.32
0,TYV6-HVB-CEL-0064,"HV Battery Cell 64",HVB,CEL,"Steel AISI 1020",Class 3,0.065,0.32
0,TYV6-HVB-CEL-0065,"HV Battery Cell 65",HVB,CEL,"Steel AISI 1020",Class 3,0.065,0.32
0,TYV6-HVB-CEL-0066,"HV Battery Cell 66",HVB,CEL,"Steel AISI 1020",Class 3,0.065,0.32
0,TYV6-HVB-CEL-0067,"HV Battery Cell 67",HVB,CEL,"Steel AISI 1020",Class 3,0.065,0.32
0,TYV6-HVB-CEL-0068,"HV Battery Cell 68",HVB,CEL,"Steel AISI 1020",Class 3,0.065,0.32
0,TYV6-HVB-CEL-0069,"HV Battery Cell 69",HVB,CEL,"Steel AISI 1020",Class 3,0.065,0.32
0,TYV6-HVB-CEL-0070,"HV Battery Cell 70",HVB,CEL,"Steel AISI 1020",Class 3,0.065,0.32
0,TYV6-HVB-CEL-0071,"HV Battery Cell 71",HVB,CEL,"Steel AISI 1020",Class 3,0.065,0.32
0,TYV6-HVB-CEL-0072,"HV Battery Cell 72",HVB,CEL,"Steel AISI 1020",Class 3,0.065,0.32
0,TYV6-HVB-CEL-0073,"HV Battery Cell 73",HVB,CEL,"Steel AISI 1020",Class 3,0.065,0.32
0,TYV6-HVB-CEL-0074,"HV Battery Cell 74",HVB,CEL,"Steel AISI 1020",Class 3,0.065,0.32
0,TYV6-HVB-CEL-0075,"HV Battery Cell 75",HVB,CEL,"Steel AISI 1020",Class 3,0.065,0.32
0,TYV6-HVB-CEL-0076,"HV Battery Cell 76",HVB,CEL,"Steel AISI 1020",Class 3,0.065,0.32
0,TYV6-HVB-CEL-0077,"HV Battery Cell 77",HVB,CEL,"Steel AISI 1020",Class 3,0.065,0.32
0,TYV6-HVB-CEL-0078,"HV Battery Cell 78",HVB,CEL,"Steel AISI 1020",Class 3,0.065,0.32
0,TYV6-HVB-CEL-0079,"HV Battery Cell 79",HVB,CEL,"Steel AISI 1020",Class 3,0.065,0.32
0,TYV6-HVB-CEL-0080,"HV Battery Cell 80",HVB,CEL,"Steel AISI 1020",Class 3,0.065,0.32
0,TYV6-HVB-CEL-0081,"HV Battery Cell 81",HVB,CEL,"Steel AISI 1020",Class 3,0.065,0.32
0,TYV6-HVB-CEL-0082,"HV Battery Cell 82",HVB,CEL,"Steel AISI 1020",Class 3,0.065,0.32
0,TYV6-HVB-CEL-0083,"HV Battery Cell 83",HVB,CEL,"Steel AISI 1020",Class 3,0.065,0.32
0,TYV6-HVB-CEL-0084,"HV Battery Cell 84",HVB,CEL,"Steel AISI 1020",Class 3,0.065,0.32
0,TYV6-HVB-CEL-0085,"HV Battery Cell 85",HVB,CEL,"Steel AISI 1020",Class 3,0.065,0.32
0,TYV6-HVB-CEL-0086,"HV Battery Cell 86",HVB,CEL,"Steel AISI 1020",Class 3,0.065,0.32
0,TYV6-HVB-CEL-0087,"HV Battery Cell 87",HVB,CEL,"Steel AISI 1020",Class 3,0.065,0.32
0,TYV6-HVB-CEL-0088,"HV Battery Cell 88",HVB,CEL,"Steel AISI 1020",Class 3,0.065,0.32
0,TYV6-HVB-CEL-0089,"HV Battery Cell 89",HVB,CEL,"Steel AISI 1020",Class 3,0.065,0.32
0,TYV6-HVB-CEL-0090,"HV Battery Cell 90",HVB,CEL,"Steel AISI 1020",Class 3,0.065,0.32
0,TYV6-HVB-CEL-0091,"HV Battery Cell 91",HVB,CEL,"Steel AISI 1020",Class 3,0.065,0.32
0,TYV6-HVB-CEL-0092,"HV Battery Cell 92",HVB,CEL,"Steel AISI 1020",Class 3,0.065,0.32
0,TYV6-HVB-CEL-0093,"HV Battery Cell 93",HVB,CEL,"Steel AISI 1020",Class 3,0.065,0.32
0,TYV6-HVB-CEL-0094,"HV Battery Cell 94",HVB,CEL,"Steel AISI 1020",Class 3,0.065,0.32
0,TYV6-HVB-CEL-0095,"HV Battery Cell 95",HVB,CEL,"Steel AISI 1020",Class 3,0.065,0.32
0,TYV6-HVB-CEL-0096,"HV Battery Cell 96",HVB,CEL,"Steel AISI 1020",Class 3,0.065,0.32
0,TYV6-HVB-CEL-0097,"HV Battery Cell 97",HVB,CEL,"Steel AISI 1020",Class 3,0.065,0.32
0,TYV6-HVB-CEL-0098,"HV Battery Cell 98",HVB,CEL,"Steel AISI 1020",Class 3,0.065,0.32
0,TYV6-HVB-CEL-0099,"HV Battery Cell 99",HVB,CEL,"Steel AISI 1020",Class 3,0.065,0.32
0,TYV6-HVB-CEL-0100,"HV Battery Cell 100",HVB,CEL,"Steel AISI 1020",Class 3,0.065,0.32
0,TYV6-HVB-CEL-0101,"HV Battery Cell 101",HVB,CEL,"Steel AISI 1020",Class 3,0.065,0.32
0,TYV6-HVB-CEL-0102,"HV Battery Cell 102",HVB,CEL,"Steel AISI 1020",Class 3,0.065,0.32
0,TYV6-HVB-CEL-0103,"HV Battery Cell 103",HVB,CEL,"Steel AISI 1020",Class 3,0.065,0.32
0,TYV6-HVB-CEL-0104,"HV Battery Cell 104",HVB,CEL,"Steel AISI 1020",Class 3,0.065,0.32
0,TYV6-HVB-CEL-0105,"HV Battery Cell 105",HVB,CEL,"Steel AISI 1020",Class 3,0.065,0.32
0,TYV6-HVB-CEL-0106,"HV Battery Cell 106",HVB,CEL,"Steel AISI 1020",Class 3,0.065,0.32
0,TYV6-HVB-CEL-0107,"HV Battery Cell 107",HVB,CEL,"Steel AISI 1020",Class 3,0.065,0.32
0,TYV6-HVB-CEL-0108,"HV Battery Cell 108",HVB,CEL,"Steel AISI 1020",Class 3,0.065,0.32
0,TYV6-HVB-CEL-0109,"HV Battery Cell 109",HVB,CEL,"Steel AISI 1020",Class 3,0.065,0.32
0,TYV6-HVB-CEL-0110,"HV Battery Cell 110",HVB,CEL,"Steel AISI 1020",Class 3,0.065,0.32
0,TYV6-HVB-CEL-0111,"HV Battery Cell 111",HVB,CEL,"Steel AISI 1020",Class 3,0.065,0.32
0,TYV6-HVB-CEL-0112,"HV Battery Cell 112",HVB,CEL,"Steel AISI 1020",Class 3,0.065,0.32
0,TYV6-HVB-CEL-0113,"HV Battery Cell 113",HVB,CEL,"Steel AISI 1020",Class 3,0.065,0.32
0,TYV6-HVB-CEL-0114,"HV Battery Cell 114",HVB,CEL,"Steel AISI 1020",Class 3,0.065,0.32
0,TYV6-HVB-CEL-0115,"HV Battery Cell 115",HVB,CEL,"Steel AISI 1020",Class 3,0.065,0.32
0,TYV6-HVB-CEL-0116,"HV Battery Cell 116",HVB,CEL,"Steel AISI 1020",Class 3,0.065,0.32
0,TYV6-HVB-CEL-0117,"HV Battery Cell 117",HVB,CEL,"Steel AISI 1020",Class 3,0.065,0.32
0,TYV6-HVB-CEL-0118,"HV Battery Cell 118",HVB,CEL,"Steel AISI 1020",Class 3,0.065,0.32
0,TYV6-HVB-CEL-0119,"HV Battery Cell 119",HVB,CEL,"Steel AISI 1020",Class 3,0.065,0.32
0,TYV6-HVB-CEL-0120,"HV Battery Cell 120",HVB,CEL,"Steel AISI 1020",Class 3,0.065,0.32
0,TYV6-HVB-CEL-0121,"HV Battery Cell 121",HVB,CEL,"Steel AISI 1020",Class 3,0.065,0.32
0,TYV6-HVB-CEL-0122,"HV Battery Cell 122",HVB,CEL,"Steel AISI 1020",Class 3,0.065,0.32
0,TYV6-HVB-CEL-0123,"HV Battery Cell 123",HVB,CEL,"Steel AISI 1020",Class 3,0.065,0.32
0,TYV6-HVB-CEL-0124,"HV Battery Cell 124",HVB,CEL,"Steel AISI 1020",Class 3,0.065,0.32
0,TYV6-HVB-CEL-0125,"HV Battery Cell 125",HVB,CEL,"Steel AISI 1020",Class 3,0.065,0.32
0,TYV6-HVB-CEL-0126,"HV Battery Cell 126",HVB,CEL,"Steel AISI 1020",Class 3,0.065,0.32
0,TYV6-HVB-CEL-0127,"HV Battery Cell 127",HVB,CEL,"Steel AISI 1020",Class 3,0.065,0.32
0,TYV6-HVB-CEL-0128,"HV Battery Cell 128",HVB,CEL,"Steel AISI 1020",Class 3,0.065,0.32
0,TYV6-HVB-CEL-0129,"HV Battery Cell 129",HVB,CEL,"Steel AISI 1020",Class 3,0.065,0.32
0,TYV6-HVB-CEL-0130,"HV Battery Cell 130",HVB,CEL,"Steel AISI 1020",Class 3,0.065,0.32
0,TYV6-HVB-CEL-0131,"HV Battery Cell 131",HVB,CEL,"Steel AISI 1020",Class 3,0.065,0.32
0,TYV6-HVB-CEL-0132,"HV Battery Cell 132",HVB,CEL,"Steel AISI 1020",Class 3,0.065,0.32
0,TYV6-HVB-CEL-0133,"HV Battery Cell 133",HVB,CEL,"Steel AISI 1020",Class 3,0.065,0.32
0,TYV6-HVB-CEL-0134,"HV Battery Cell 134",HVB,CEL,"Steel AISI 1020",Class 3,0.065,0.32
0,TYV6-HVB-CEL-0135,"HV Battery Cell 135",HVB,CEL,"Steel AISI 1020",Class 3,0.065,0.32
0,TYV6-HVB-CEL-0136,"HV Battery Cell 136",HVB,CEL,"Steel AISI 1020",Class 3,0.065,0.32
0,TYV6-HVB-CEL-0137,"HV Battery Cell 137",HVB,CEL,"Steel AISI 1020",Class 3,0.065,0.32
0,TYV6-HVB-CEL-0138,"HV Battery Cell 138",HVB,CEL,"Steel AISI 1020",Class 3,0.065,0.32
0,TYV6-HVB-CEL-0139,"HV Battery Cell 139",HVB,CEL,"Steel AISI 1020",Class 3,0.065,0.32
0,TYV6-HVB-CEL-0140,"HV Battery Cell 140",HVB,CEL,"Steel AISI 1020",Class 3,0.065,0.32
0,TYV6-HVB-CEL-0141,"HV Battery Cell 141",HVB,CEL,"Steel AISI 1020",Class 3,0.065,0.32
0,TYV6-HVB-CEL-0142,"HV Battery Cell 142",HVB,CEL,"Steel AISI 1020",Class 3,0.065,0.32
0,TYV6-HVB-CEL-0143,"HV Battery Cell 143",HVB,CEL,"Steel AISI 1020",Class 3,0.065,0.32
0,TYV6-HVB-CEL-0144,"HV Battery Cell 144",HVB,CEL,"Steel AISI 1020",Class 3,0.065,0.32
0,TYV6-HVB-CEL-0145,"HV Battery Cell 145",HVB,CEL,"Steel AISI 1020",Class 3,0.065,0.32
0,TYV6-HVB-CEL-0146,"HV Battery Cell 146",HVB,CEL,"Steel AISI 1020",Class 3,0.065,0.32
0,TYV6-HVB-CEL-0147,"HV Battery Cell 147",HVB,CEL,"Steel AISI 1020",Class 3,0.065,0.32
0,TYV6-HVB-CEL-0148,"HV Battery Cell 148",HVB,CEL,"Steel AISI 1020",Class 3,0.065,0.32
0,TYV6-HVB-CEL-0149,"HV Battery Cell 149",HVB,CEL,"Steel AISI 1020",Class 3,0.065,0.32
0,TYV6-HVB-CEL-0150,"HV Battery Cell 150",HVB,CEL,"Steel AISI 1020",Class 3,0.065,0.32
0,TYV6-HVB-CEL-0151,"HV Battery Cell 151",HVB,CEL,"Steel AISI 1020",Class 3,0.065,0.32
0,TYV6-HVB-CEL-0152,"HV Battery Cell 152",HVB,CEL,"Steel AISI 1020",Class 3,0.065,0.32
0,TYV6-HVB-CEL-0153,"HV Battery Cell 153",HVB,CEL,"Steel AISI 1020",Class 3,0.065,0.32
0,TYV6-HVB-CEL-0154,"HV Battery Cell 154",HVB,CEL,"Steel AISI 1020",Class 3,0.065,0.32
0,TYV6-HVB-CEL-0155,"HV Battery Cell 155",HVB,CEL,"Steel AISI 1020",Class 3,0.065,0.32
0,TYV6-HVB-CEL-0156,"HV Battery Cell 156",HVB,CEL,"Steel AISI 1020",Class 3,0.065,0.32
0,TYV6-HVB-CEL-0157,"HV Battery Cell 157",HVB,CEL,"Steel AISI 1020",Class 3,0.065,0.32
0,TYV6-HVB-CEL-0158,"HV Battery Cell 158",HVB,CEL,"Steel AISI 1020",Class 3,0.065,0.32
0,TYV6-HVB-CEL-0159,"HV Battery Cell 159",HVB,CEL,"Steel AISI 1020",Class 3,0.065,0.32
0,TYV6-HVB-CEL-0160,"HV Battery Cell 160",HVB,CEL,"Steel AISI 1020",Class 3,0.065,0.32
0,TYV6-HVB-CEL-0161,"HV Battery Cell 161",HVB,CEL,"Steel AISI 1020",Class 3,0.065,0.32
0,TYV6-HVB-CEL-0162,"HV Battery Cell 162",HVB,CEL,"Steel AISI 1020",Class 3,0.065,0.32
0,TYV6-HVB-CEL-0163,"HV Battery Cell 163",HVB,CEL,"Steel AISI 1020",Class 3,0.065,0.32
0,TYV6-HVB-CEL-0164,"HV Battery Cell 164",HVB,CEL,"Steel AISI 1020",Class 3,0.065,0.32
0,TYV6-HVB-CEL-0165,"HV Battery Cell 165",HVB,CEL,"Steel AISI 1020",Class 3,0.065,0.32
0,TYV6-HVB-CEL-0166,"HV Battery Cell 166",HVB,CEL,"Steel AISI 1020",Class 3,0.065,0.32
0,TYV6-HVB-CEL-0167,"HV Battery Cell 167",HVB,CEL,"Steel AISI 1020",Class 3,0.065,0.32
0,TYV6-HVB-CEL-0168,"HV Battery Cell 168",HVB,CEL,"Steel AISI 1020",Class 3,0.065,0.32
0,TYV6-HVB-CEL-0169,"HV Battery Cell 169",HVB,CEL,"Steel AISI 1020",Class 3,0.065,0.32
0,TYV6-HVB-CEL-0170,"HV Battery Cell 170",HVB,CEL,"Steel AISI 1020",Class 3,0.065,0.32
0,TYV6-HVB-CEL-0171,"HV Battery Cell 171",HVB,CEL,"Steel AISI 1020",Class 3,0.065,0.32
0,TYV6-HVB-CEL-0172,"HV Battery Cell 172",HVB,CEL,"Steel AISI 1020",Class 3,0.065,0.32
0,TYV6-HVB-CEL-0173,"HV Battery Cell 173",HVB,CEL,"Steel AISI 1020",Class 3,0.065,0.32
0,TYV6-HVB-CEL-0174,"HV Battery Cell 174",HVB,CEL,"Steel AISI 1020",Class 3,0.065,0.32
0,TYV6-HVB-CEL-0175,"HV Battery Cell 175",HVB,CEL,"Steel AISI 1020",Class 3,0.065,0.32
0,TYV6-HVB-CEL-0176,"HV Battery Cell 176",HVB,CEL,"Steel AISI 1020",Class 3,0.065,0.32
0,TYV6-HVB-CEL-0177,"HV Battery Cell 177",HVB,CEL,"Steel AISI 1020",Class 3,0.065,0.32
0,TYV6-HVB-CEL-0178,"HV Battery Cell 178",HVB,CEL,"Steel AISI 1020",Class 3,0.065,0.32
0,TYV6-HVB-CEL-0179,"HV Battery Cell 179",HVB,CEL,"Steel AISI 1020",Class 3,0.065,0.32
0,TYV6-HVB-CEL-0180,"HV Battery Cell 180",HVB,CEL,"Steel AISI 1020",Class 3,0.065,0.32
0,TYV6-HVB-CEL-0181,"HV Battery Cell 181",HVB,CEL,"Steel AISI 1020",Class 3,0.065,0.32
0,TYV6-HVB-CEL-0182,"HV Battery Cell 182",HVB,CEL,"Steel AISI 1020",Class 3,0.065,0.32
0,TYV6-HVB-CEL-0183,"HV Battery Cell 183",HVB,CEL,"Steel AISI 1020",Class 3,0.065,0.32
0,TYV6-HVB-CEL-0184,"HV Battery Cell 184",HVB,CEL,"Steel AISI 1020",Class 3,0.065,0.32
0,TYV6-HVB-CEL-0185,"HV Battery Cell 185",HVB,CEL,"Steel AISI 1020",Class 3,0.065,0.32
0,TYV6-HVB-CEL-0186,"HV Battery Cell 186",HVB,CEL,"Steel AISI 1020",Class 3,0.065,0.32
0,TYV6-HVB-CEL-0187,"HV Battery Cell 187",HVB,CEL,"Steel AISI 1020",Class 3,0.065,0.32
0,TYV6-HVB-CEL-0188,"HV Battery Cell 188",HVB,CEL,"Steel AISI 1020",Class 3,0.065,0.32
0,TYV6-HVB-CEL-0189,"HV Battery Cell 189",HVB,CEL,"Steel AISI 1020",Class 3,0.065,0.32
0,TYV6-HVB-CEL-0190,"HV Battery Cell 190",HVB,CEL,"Steel AISI 1020",Class 3,0.065,0.32
0,TYV6-HVB-CEL-0191,"HV Battery Cell 191",HVB,CEL,"Steel AISI 1020",Class 3,0.065,0.32
0,TYV6-HVB-CEL-0192,"HV Battery Cell 192",HVB,CEL,"Steel AISI 1020",Class 3,0.065,0.32
0,TYV6-HVB-CEL-0193,"HV Battery Cell 193",HVB,CEL,"Steel AISI 1020",Class 3,0.065,0.32
0,TYV6-HVB-CEL-0194,"HV Battery Cell 194",HVB,CEL,"Steel AISI 1020",Class 3,0.065,0.32
0,TYV6-HVB-CEL-0195,"HV Battery Cell 195",HVB,CEL,"Steel AISI 1020",Class 3,0.065,0.32
0,TYV6-HVB-CEL-0196,"HV Battery Cell 196",HVB,CEL,"Steel AISI 1020",Class 3,0.065,0.32
0,TYV6-HVB-CEL-0197,"HV Battery Cell 197",HVB,CEL,"Steel AISI 1020",Class 3,0.065,0.32
0,TYV6-HVB-CEL-0198,"HV Battery Cell 198",HVB,CEL,"Steel AISI 1020",Class 3,0.065,0.32
0,TYV6-HVB-CEL-0199,"HV Battery Cell 199",HVB,CEL,"Steel AISI 1020",Class 3,0.065,0.32
0,TYV6-HVB-CEL-0200,"HV Battery Cell 200",HVB,CEL,"Steel AISI 1020",Class 3,0.065,0.32
0,TYV6-HVB-CEL-0201,"HV Battery Cell 201",HVB,CEL,"Steel AISI 1020",Class 3,0.065,0.32
0,TYV6-HVB-CEL-0202,"HV Battery Cell 202",HVB,CEL,"Steel AISI 1020",Class 3,0.065,0.32
0,TYV6-HVB-CEL-0203,"HV Battery Cell 203",HVB,CEL,"Steel AISI 1020",Class 3,0.065,0.32
0,TYV6-HVB-CEL-0204,"HV Battery Cell 204",HVB,CEL,"Steel AISI 1020",Class 3,0.065,0.32
0,TYV6-HVB-CEL-0205,"HV Battery Cell 205",HVB,CEL,"Steel AISI 1020",Class 3,0.065,0.32
0,TYV6-HVB-CEL-0206,"HV Battery Cell 206",HVB,CEL,"Steel AISI 1020",Class 3,0.065,0.32
0,TYV6-HVB-CEL-0207,"HV Battery Cell 207",HVB,CEL,"Steel AISI 1020",Class 3,0.065,0.32
0,TYV6-HVB-CEL-0208,"HV Battery Cell 208",HVB,CEL,"Steel AISI 1020",Class 3,0.065,0.32
0,TYV6-HVB-CEL-0209,"HV Battery Cell 209",HVB,CEL,"Steel AISI 1020",Class 3,0.065,0.32
0,TYV6-HVB-CEL-0210,"HV Battery Cell 210",HVB,CEL,"Steel AISI 1020",Class 3,0.065,0.32
0,TYV6-HVB-CEL-0211,"HV Battery Cell 211",HVB,CEL,"Steel AISI 1020",Class 3,0.065,0.32
0,TYV6-HVB-CEL-0212,"HV Battery Cell 212",HVB,CEL,"Steel AISI 1020",Class 3,0.065,0.32
0,TYV6-HVB-CEL-0213,"HV Battery Cell 213",HVB,CEL,"Steel AISI 1020",Class 3,0.065,0.32
0,TYV6-HVB-CEL-0214,"HV Battery Cell 214",HVB,CEL,"Steel AISI 1020",Class 3,0.065,0.32
0,TYV6-HVB-CEL-0215,"HV Battery Cell 215",HVB,CEL,"Steel AISI 1020",Class 3,0.065,0.32
0,TYV6-HVB-CEL-0216,"HV Battery Cell 216",HVB,CEL,"Steel AISI 1020",Class 3,0.065,0.32
0,TYV6-HVB-CEL-0217,"HV Battery Cell 217",HVB,CEL,"Steel AISI 1020",Class 3,0.065,0.32
0,TYV6-HVB-CEL-0218,"HV Battery Cell 218",HVB,CEL,"Steel AISI 1020",Class 3,0.065,0.32
0,TYV6-HVB-CEL-0219,"HV Battery Cell 219",HVB,CEL,"Steel AISI 1020",Class 3,0.065,0.32
0,TYV6-HVB-CEL-0220,"HV Battery Cell 220",HVB,CEL,"Steel AISI 1020",Class 3,0.065,0.32
0,TYV6-HVB-CEL-0221,"HV Battery Cell 221",HVB,CEL,"Steel AISI 1020",Class 3,0.065,0.32
0,TYV6-HVB-CEL-0222,"HV Battery Cell 222",HVB,CEL,"Steel AISI 1020",Class 3,0.065,0.32
0,TYV6-HVB-CEL-0223,"HV Battery Cell 223",HVB,CEL,"Steel AISI 1020",Class 3,0.065,0.32
0,TYV6-HVB-CEL-0224,"HV Battery Cell 224",HVB,CEL,"Steel AISI 1020",Class 3,0.065,0.32
0,TYV6-HVB-CEL-0225,"HV Battery Cell 225",HVB,CEL,"Steel AISI 1020",Class 3,0.065,0.32
0,TYV6-HVB-CEL-0226,"HV Battery Cell 226",HVB,CEL,"Steel AISI 1020",Class 3,0.065,0.32
0,TYV6-HVB-CEL-0227,"HV Battery Cell 227",HVB,CEL,"Steel AISI 1020",Class 3,0.065,0.32
0,TYV6-HVB-CEL-0228,"HV Battery Cell 228",HVB,CEL,"Steel AISI 1020",Class 3,0.065,0.32
0,TYV6-HVB-CEL-0229,"HV Battery Cell 229",HVB,CEL,"Steel AISI 1020",Class 3,0.065,0.32
0,TYV6-HVB-CEL-0230,"HV Battery Cell 230",HVB,CEL,"Steel AISI 1020",Class 3,0.065,0.32
0,TYV6-HVB-CEL-0231,"HV Battery Cell 231",HVB,CEL,"Steel AISI 1020",Class 3,0.065,0.32
0,TYV6-HVB-CEL-0232,"HV Battery Cell 232",HVB,CEL,"Steel AISI 1020",Class 3,0.065,0.32
0,TYV6-HVB-CEL-0233,"HV Battery Cell 233",HVB,CEL,"Steel AISI 1020",Class 3,0.065,0.32
0,TYV6-HVB-CEL-0234,"HV Battery Cell 234",HVB,CEL,"Steel AISI 1020",Class 3,0.065,0.32
0,TYV6-HVB-CEL-0235,"HV Battery Cell 235",HVB,CEL,"Steel AISI 1020",Class 3,0.065,0.32
0,TYV6-HVB-CEL-0236,"HV Battery Cell 236",HVB,CEL,"Steel AISI 1020",Class 3,0.065,0.32
0,TYV6-HVB-CEL-0237,"HV Battery Cell 237",HVB,CEL,"Steel AISI 1020",Class 3,0.065,0.32
0,TYV6-HVB-CEL-0238,"HV Battery Cell 238",HVB,CEL,"Steel AISI 1020",Class 3,0.065,0.32
0,TYV6-HVB-CEL-0239,"HV Battery Cell 239",HVB,CEL,"Steel AISI 1020",Class 3,0.065,0.32
0,TYV6-HVB-CEL-0240,"HV Battery Cell 240",HVB,CEL,"Steel AISI 1020",Class 3,0.065,0.32
0,TYV6-HVB-CEL-0241,"HV Battery Cell 241",HVB,CEL,"Steel AISI 1020",Class 3,0.065,0.32
0,TYV6-HVB-CEL-0242,"HV Battery Cell 242",HVB,CEL,"Steel AISI 1020",Class 3,0.065,0.32
0,TYV6-HVB-CEL-0243,"HV Battery Cell 243",HVB,CEL,"Steel AISI 1020",Class 3,0.065,0.32
0,TYV6-HVB-CEL-0244,"HV Battery Cell 244",HVB,CEL,"Steel AISI 1020",Class 3,0.065,0.32
0,TYV6-HVB-CEL-0245,"HV Battery Cell 245",HVB,CEL,"Steel AISI 1020",Class 3,0.065,0.32
0,TYV6-HVB-CEL-0246,"HV Battery Cell 246",HVB,CEL,"Steel AISI 1020",Class 3,0.065,0.32
0,TYV6-HVB-CEL-0247,"HV Battery Cell 247",HVB,CEL,"Steel AISI 1020",Class 3,0.065,0.32
0,TYV6-HVB-CEL-0248,"HV Battery Cell 248",HVB,CEL,"Steel AISI 1020",Class 3,0.065,0.32
0,TYV6-HVB-CEL-0249,"HV Battery Cell 249",HVB,CEL,"Steel AISI 1020",Class 3,0.065,0.32
0,TYV6-HVB-CEL-0250,"HV Battery Cell 250",HVB,CEL,"Steel AISI 1020",Class 3,0.065,0.32
0,TYV6-HVB-CEL-0251,"HV Battery Cell 251",HVB,CEL,"Steel AISI 1020",Class 3,0.065,0.32
0,TYV6-HVB-CEL-0252,"HV Battery Cell 252",HVB,CEL,"Steel AISI 1020",Class 3,0.065,0.32
0,TYV6-HVB-CEL-0253,"HV Battery Cell 253",HVB,CEL,"Steel AISI 1020",Class 3,0.065,0.32
0,TYV6-HVB-CEL-0254,"HV Battery Cell 254",HVB,CEL,"Steel AISI 1020",Class 3,0.065,0.32
0,TYV6-HVB-CEL-0255,"HV Battery Cell 255",HVB,CEL,"Steel AISI 1020",Class 3,0.065,0.32
0,TYV6-HVB-CEL-0256,"HV Battery Cell 256",HVB,CEL,"Steel AISI 1020",Class 3,0.065,0.32
0,TYV6-HVB-CEL-0257,"HV Battery Cell 257",HVB,CEL,"Steel AISI 1020",Class 3,0.065,0.32
0,TYV6-HVB-CEL-0258,"HV Battery Cell 258",HVB,CEL,"Steel AISI 1020",Class 3,0.065,0.32
0,TYV6-HVB-CEL-0259,"HV Battery Cell 259",HVB,CEL,"Steel AISI 1020",Class 3,0.065,0.32
0,TYV6-HVB-CEL-0260,"HV Battery Cell 260",HVB,CEL,"Steel AISI 1020",Class 3,0.065,0.32
0,TYV6-HVB-CEL-0261,"HV Battery Cell 261",HVB,CEL,"Steel AISI 1020",Class 3,0.065,0.32
0,TYV6-HVB-CEL-0262,"HV Battery Cell 262",HVB,CEL,"Steel AISI 1020",Class 3,0.065,0.32
0,TYV6-HVB-CEL-0263,"HV Battery Cell 263",HVB,CEL,"Steel AISI 1020",Class 3,0.065,0.32
0,TYV6-HVB-CEL-0264,"HV Battery Cell 264",HVB,CEL,"Steel AISI 1020",Class 3,0.065,0.32
0,TYV6-HVB-CEL-0265,"HV Battery Cell 265",HVB,CEL,"Steel AISI 1020",Class 3,0.065,0.32
0,TYV6-HVB-CEL-0266,"HV Battery Cell 266",HVB,CEL,"Steel AISI 1020",Class 3,0.065,0.32
0,TYV6-HVB-CEL-0267,"HV Battery Cell 267",HVB,CEL,"Steel AISI 1020",Class 3,0.065,0.32
0,TYV6-HVB-CEL-0268,"HV Battery Cell 268",HVB,CEL,"Steel AISI 1020",Class 3,0.065,0.32
0,TYV6-HVB-CEL-0269,"HV Battery Cell 269",HVB,CEL,"Steel AISI 1020",Class 3,0.065,0.32
0,TYV6-HVB-CEL-0270,"HV Battery Cell 270",HVB,CEL,"Steel AISI 1020",Class 3,0.065,0.32
0,TYV6-HVB-CEL-0271,"HV Battery Cell 271",HVB,CEL,"Steel AISI 1020",Class 3,0.065,0.32
0,TYV6-HVB-CEL-0272,"HV Battery Cell 272",HVB,CEL,"Steel AISI 1020",Class 3,0.065,0.32
0,TYV6-HVB-CEL-0273,"HV Battery Cell 273",HVB,CEL,"Steel AISI 1020",Class 3,0.065,0.32
0,TYV6-HVB-CEL-0274,"HV Battery Cell 274",HVB,CEL,"Steel AISI 1020",Class 3,0.065,0.32
0,TYV6-HVB-CEL-0275,"HV Battery Cell 275",HVB,CEL,"Steel AISI 1020",Class 3,0.065,0.32
0,TYV6-HVB-CEL-0276,"HV Battery Cell 276",HVB,CEL,"Steel AISI 1020",Class 3,0.065,0.32
0,TYV6-HVB-CEL-0277,"HV Battery Cell 277",HVB,CEL,"Steel AISI 1020",Class 3,0.065,0.32
0,TYV6-HVB-CEL-0278,"HV Battery Cell 278",HVB,CEL,"Steel AISI 1020",Class 3,0.065,0.32
0,TYV6-HVB-CEL-0279,"HV Battery Cell 279",HVB,CEL,"Steel AISI 1020",Class 3,0.065,0.32
0,TYV6-HVB-CEL-0280,"HV Battery Cell 280",HVB,CEL,"Steel AISI 1020",Class 3,0.065,0.32
0,TYV6-HVB-CEL-0281,"HV Battery Cell 281",HVB,CEL,"Steel AISI 1020",Class 3,0.065,0.32
0,TYV6-HVB-CEL-0282,"HV Battery Cell 282",HVB,CEL,"Steel AISI 1020",Class 3,0.065,0.32
0,TYV6-HVB-CEL-0283,"HV Battery Cell 283",HVB,CEL,"Steel AISI 1020",Class 3,0.065,0.32
0,TYV6-HVB-CEL-0284,"HV Battery Cell 284",HVB,CEL,"Steel AISI 1020",Class 3,0.065,0.32
0,TYV6-HVB-CEL-0285,"HV Battery Cell 285",HVB,CEL,"Steel AISI 1020",Class 3,0.065,0.32
0,TYV6-HVB-CEL-0286,"HV Battery Cell 286",HVB,CEL,"Steel AISI 1020",Class 3,0.065,0.32
0,TYV6-HVB-CEL-0287,"HV Battery Cell 287",HVB,CEL,"Steel AISI 1020",Class 3,0.065,0.32
0,TYV6-HVB-CEL-0288,"HV Battery Cell 288",HVB,CEL,"Steel AISI 1020",Class 3,0.065,0.32
0,TYV6-HVB-CEL-0289,"HV Battery Cell 289",HVB,CEL,"Steel AISI 1020",Class 3,0.065,0.32
0,TYV6-HVB-CEL-0290,"HV Battery Cell 290",HVB,CEL,"Steel AISI 1020",Class 3,0.065,0.32
0,TYV6-HVB-CEL-0291,"HV Battery Cell 291",HVB,CEL,"Steel AISI 1020",Class 3,0.065,0.32
0,TYV6-HVB-CEL-0292,"HV Battery Cell 292",HVB,CEL,"Steel AISI 1020",Class 3,0.065,0.32
0,TYV6-HVB-CEL-0293,"HV Battery Cell 293",HVB,CEL,"Steel AISI 1020",Class 3,0.065,0.32
0,TYV6-HVB-CEL-0294,"HV Battery Cell 294",HVB,CEL,"Steel AISI 1020",Class 3,0.065,0.32
0,TYV6-HVB-CEL-0295,"HV Battery Cell 295",HVB,CEL,"Steel AISI 1020",Class 3,0.065,0.32
0,TYV6-HVB-CEL-0296,"HV Battery Cell 296",HVB,CEL,"Steel AISI 1020",Class 3,0.065,0.32
0,TYV6-HVB-CEL-0297,"HV Battery Cell 297",HVB,CEL,"Steel AISI 1020",Class 3,0.065,0.32
0,TYV6-HVB-CEL-0298,"HV Battery Cell 298",HVB,CEL,"Steel AISI 1020",Class 3,0.065,0.32
0,TYV6-HVB-CEL-0299,"HV Battery Cell 299",HVB,CEL,"Steel AISI 1020",Class 3,0.065,0.32
0,TYV6-HVB-CEL-0300,"HV Battery Cell 300",HVB,CEL,"Steel AISI 1020",Class 3,0.065,0.32
0,TYV6-HVB-CEL-0301,"HV Battery Cell 301",HVB,CEL,"Steel AISI 1020",Class 3,0.065,0.32
0,TYV6-HVB-CEL-0302,"HV Battery Cell 302",HVB,CEL,"Steel AISI 1020",Class 3,0.065,0.32
0,TYV6-HVB-CEL-0303,"HV Battery Cell 303",HVB,CEL,"Steel AISI 1020",Class 3,0.065,0.32
0,TYV6-HVB-CEL-0304,"HV Battery Cell 304",HVB,CEL,"Steel AISI 1020",Class 3,0.065,0.32
0,TYV6-HVB-CEL-0305,"HV Battery Cell 305",HVB,CEL,"Steel AISI 1020",Class 3,0.065,0.32
0,TYV6-HVB-CEL-0306,"HV Battery Cell 306",HVB,CEL,"Steel AISI 1020",Class 3,0.065,0.32
0,TYV6-HVB-CEL-0307,"HV Battery Cell 307",HVB,CEL,"Steel AISI 1020",Class 3,0.065,0.32
0,TYV6-HVB-CEL-0308,"HV Battery Cell 308",HVB,CEL,"Steel AISI 1020",Class 3,0.065,0.32
0,TYV6-HVB-CEL-0309,"HV Battery Cell 309",HVB,CEL,"Steel AISI 1020",Class 3,0.065,0.32
0,TYV6-HVB-CEL-0310,"HV Battery Cell 310",HVB,CEL,"Steel AISI 1020",Class 3,0.065,0.32
0,TYV6-HVB-CEL-0311,"HV Battery Cell 311",HVB,CEL,"Steel AISI 1020",Class 3,0.065,0.32
0,TYV6-HVB-CEL-0312,"HV Battery Cell 312",HVB,CEL,"Steel AISI 1020",Class 3,0.065,0.32
0,TYV6-HVB-CEL-0313,"HV Battery Cell 313",HVB,CEL,"Steel AISI 1020",Class 3,0.065,0.32
0,TYV6-HVB-CEL-0314,"HV Battery Cell 314",HVB,CEL,"Steel AISI 1020",Class 3,0.065,0.32
0,TYV6-HVB-CEL-0315,"HV Battery Cell 315",HVB,CEL,"Steel AISI 1020",Class 3,0.065,0.32
0,TYV6-HVB-CEL-0316,"HV Battery Cell 316",HVB,CEL,"Steel AISI 1020",Class 3,0.065,0.32
0,TYV6-HVB-CEL-0317,"HV Battery Cell 317",HVB,CEL,"Steel AISI 1020",Class 3,0.065,0.32
0,TYV6-HVB-CEL-0318,"HV Battery Cell 318",HVB,CEL,"Steel AISI 1020",Class 3,0.065,0.32
0,TYV6-HVB-CEL-0319,"HV Battery Cell 319",HVB,CEL,"Steel AISI 1020",Class 3,0.065,0.32
0,TYV6-HVB-CEL-0320,"HV Battery Cell 320",HVB,CEL,"Steel AISI 1020",Class 3,0.065,0.32
0,TYV6-HVB-CEL-0321,"HV Battery Cell 321",HVB,CEL,"Steel AISI 1020",Class 3,0.065,0.32
0,TYV6-HVB-CEL-0322,"HV Battery Cell 322",HVB,CEL,"Steel AISI 1020",Class 3,0.065,0.32
0,TYV6-HVB-CEL-0323,"HV Battery Cell 323",HVB,CEL,"Steel AISI 1020",Class 3,0.065,0.32
0,TYV6-HVB-CEL-0324,"HV Battery Cell 324",HVB,CEL,"Steel AISI 1020",Class 3,0.065,0.32
0,TYV6-HVB-CEL-0325,"HV Battery Cell 325",HVB,CEL,"Steel AISI 1020",Class 3,0.065,0.32
0,TYV6-HVB-CEL-0326,"HV Battery Cell 326",HVB,CEL,"Steel AISI 1020",Class 3,0.065,0.32
0,TYV6-HVB-CEL-0327,"HV Battery Cell 327",HVB,CEL,"Steel AISI 1020",Class 3,0.065,0.32
0,TYV6-HVB-CEL-0328,"HV Battery Cell 328",HVB,CEL,"Steel AISI 1020",Class 3,0.065,0.32
0,TYV6-HVB-CEL-0329,"HV Battery Cell 329",HVB,CEL,"Steel AISI 1020",Class 3,0.065,0.32
0,TYV6-HVB-CEL-0330,"HV Battery Cell 330",HVB,CEL,"Steel AISI 1020",Class 3,0.065,0.32
0,TYV6-HVB-CEL-0331,"HV Battery Cell 331",HVB,CEL,"Steel AISI 1020",Class 3,0.065,0.32
0,TYV6-HVB-CEL-0332,"HV Battery Cell 332",HVB,CEL,"Steel AISI 1020",Class 3,0.065,0.32
0,TYV6-HVB-CEL-0333,"HV Battery Cell 333",HVB,CEL,"Steel AISI 1020",Class 3,0.065,0.32
0,TYV6-HVB-CEL-0334,"HV Battery Cell 334",HVB,CEL,"Steel AISI 1020",Class 3,0.065,0.32
0,TYV6-HVB-CEL-0335,"HV Battery Cell 335",HVB,CEL,"Steel AISI 1020",Class 3,0.065,0.32
0,TYV6-HVB-CEL-0336,"HV Battery Cell 336",HVB,CEL,"Steel AISI 1020",Class 3,0.065,0.32
0,TYV6-HVB-CEL-0337,"HV Battery Cell 337",HVB,CEL,"Steel AISI 1020",Class 3,0.065,0.32
0,TYV6-HVB-CEL-0338,"HV Battery Cell 338",HVB,CEL,"Steel AISI 1020",Class 3,0.065,0.32
0,TYV6-HVB-CEL-0339,"HV Battery Cell 339",HVB,CEL,"Steel AISI 1020",Class 3,0.065,0.32
0,TYV6-HVB-CEL-0340,"HV Battery Cell 340",HVB,CEL,"Steel AISI 1020",Class 3,0.065,0.32
0,TYV6-HVB-CEL-0341,"HV Battery Cell 341",HVB,CEL,"Steel AISI 1020",Class 3,0.065,0.32
0,TYV6-HVB-CEL-0342,"HV Battery Cell 342",HVB,CEL,"Steel AISI 1020",Class 3,0.065,0.32
0,TYV6-HVB-CEL-0343,"HV Battery Cell 343",HVB,CEL,"Steel AISI 1020",Class 3,0.065,0.32
0,TYV6-HVB-CEL-0344,"HV Battery Cell 344",HVB,CEL,"Steel AISI 1020",Class 3,0.065,0.32
0,TYV6-HVB-CEL-0345,"HV Battery Cell 345",HVB,CEL,"Steel AISI 1020",Class 3,0.065,0.32
0,TYV6-HVB-CEL-0346,"HV Battery Cell 346",HVB,CEL,"Steel AISI 1020",Class 3,0.065,0.32
0,TYV6-HVB-CEL-0347,"HV Battery Cell 347",HVB,CEL,"Steel AISI 1020",Class 3,0.065,0.32
0,TYV6-HVB-CEL-0348,"HV Battery Cell 348",HVB,CEL,"Steel AISI 1020",Class 3,0.065,0.32
0,TYV6-HVB-CEL-0349,"HV Battery Cell 349",HVB,CEL,"Steel AISI 1020",Class 3,0.065,0.32
0,TYV6-HVB-CEL-0350,"HV Battery Cell 350",HVB,CEL,"Steel AISI 1020",Class 3,0.065,0.32
0,TYV6-HVB-CEL-0351,"HV Battery Cell 351",HVB,CEL,"Steel AISI 1020",Class 3,0.065,0.32
0,TYV6-HVB-CEL-0352,"HV Battery Cell 352",HVB,CEL,"Steel AISI 1020",Class 3,0.065,0.32
0,TYV6-HVB-CEL-0353,"HV Battery Cell 353",HVB,CEL,"Steel AISI 1020",Class 3,0.065,0.32
0,TYV6-HVB-CEL-0354,"HV Battery Cell 354",HVB,CEL,"Steel AISI 1020",Class 3,0.065,0.32
0,TYV6-HVB-CEL-0355,"HV Battery Cell 355",HVB,CEL,"Steel AISI 1020",Class 3,0.065,0.32
0,TYV6-HVB-CEL-0356,"HV Battery Cell 356",HVB,CEL,"Steel AISI 1020",Class 3,0.065,0.32
0,TYV6-HVB-CEL-0357,"HV Battery Cell 357",HVB,CEL,"Steel AISI 1020",Class 3,0.065,0.32
0,TYV6-HVB-CEL-0358,"HV Battery Cell 358",HVB,CEL,"Steel AISI 1020",Class 3,0.065,0.32
0,TYV6-HVB-CEL-0359,"HV Battery Cell 359",HVB,CEL,"Steel AISI 1020",Class 3,0.065,0.32
0,TYV6-HVB-CEL-0360,"HV Battery Cell 360",HVB,CEL,"Steel AISI 1020",Class 3,0.065,0.32
0,TYV6-HVB-MOD-0001,"Battery Module 1",HVB,MOD,"Aluminum 6061-T6",Class 3,5.184,41.47
0,TYV6-HVB-MOD-0002,"Battery Module 2",HVB,MOD,"Aluminum 6061-T6",Class 3,5.184,41.47
0,TYV6-HVB-MOD-0003,"Battery Module 3",HVB,MOD,"Aluminum 6061-T6",Class 3,5.184,41.47
0,TYV6-HVB-MOD-0004,"Battery Module 4",HVB,MOD,"Aluminum 6061-T6",Class 3,5.184,41.47
0,TYV6-HVB-MOD-0005,"Battery Module 5",HVB,MOD,"Aluminum 6061-T6",Class 3,5.184,41.47
0,TYV6-HVB-MOD-0006,"Battery Module 6",HVB,MOD,"Aluminum 6061-T6",Class 3,5.184,41.47
0,TYV6-HVB-BMS-0001,"Battery Management System (BMS) PCB",HVB,BMS,"ABS Plastic",Class 3,0.486,2.43
0,TYV6-HVB-CON-0001,"HV Pack Contactor 1",HVB,CON,"Aluminum 6061-T6",Class 3,0.194,1.56
0,TYV6-HVB-CON-0002,"HV Pack Contactor 2",HVB,CON,"Aluminum 6061-T6",Class 3,0.194,1.56
0,TYV6-HVB-CON-0003,"HV Pack Contactor 3",HVB,CON,"Aluminum 6061-T6",Class 3,0.194,1.56
0,TYV6-HVB-CBL-0001,"HV Power Cable 1 (Orange Jacket)",HVB,CBL,"Copper C11000",Class 3,1.576,25.22
0,TYV6-HVB-CBL-0002,"HV Power Cable 2 (Orange Jacket)",HVB,CBL,"Copper C11000",Class 3,1.576,25.22
0,TYV6-HVB-CBL-0003,"HV Power Cable 3 (Orange Jacket)",HVB,CBL,"Copper C11000",Class 3,1.576,25.22
0,TYV6-HVB-CBL-0004,"HV Power Cable 4 (Orange Jacket)",HVB,CBL,"Copper C11000",Class 3,1.576,25.22
0,TYV6-HVB-CBL-0005,"HV Power Cable 5 (Orange Jacket)",HVB,CBL,"Copper C11000",Class 3,1.576,25.22
0,TYV6-HVB-CBL-0006,"HV Power Cable 6 (Orange Jacket)",HVB,CBL,"Copper C11000",Class 3,1.576,25.22
0,TYV6-HVB-CMU-0001,"Cell Monitoring Unit 1",HVB,CMU,"ABS Plastic",Class 3,0.004,0.02
0,TYV6-HVB-CMU-0002,"Cell Monitoring Unit 2",HVB,CMU,"ABS Plastic",Class 3,0.004,0.02
0,TYV6-HVB-CMU-0003,"Cell Monitoring Unit 3",HVB,CMU,"ABS Plastic",Class 3,0.004,0.02
0,TYV6-HVB-CMU-0004,"Cell Monitoring Unit 4",HVB,CMU,"ABS Plastic",Class 3,0.004,0.02
0,TYV6-HVB-CMU-0005,"Cell Monitoring Unit 5",HVB,CMU,"ABS Plastic",Class 3,0.004,0.02
0,TYV6-HVB-CMU-0006,"Cell Monitoring Unit 6",HVB,CMU,"ABS Plastic",Class 3,0.004,0.02
0,TYV6-SNS-WSS-0001,"Driveline Speed Sensor 1",SNS,WSS,"Stainless Steel 316",Class 3,0.106,1.27
0,TYV6-SNS-WSS-0002,"Driveline Speed Sensor 2",SNS,WSS,"Stainless Steel 316",Class 3,0.106,1.27
0,TYV6-SNS-BPS-0001,"Brake Pedal Position Sensor (Regen-Brake Blending)",SNS,BPS,"Aluminum 6061-T6",Class 3,0.083,0.66
0,TYV6-SNS-APS-0001,"Accelerator Pedal Position Sensor 1",SNS,APS,"Aluminum 6061-T6",Class 3,0.059,0.47
0,TYV6-SNS-APS-0002,"Accelerator Pedal Position Sensor 2",SNS,APS,"Aluminum 6061-T6",Class 3,0.059,0.47
0,TYV6-SNS-AMB-0001,"Ambient Temperature & Humidity Sensor",SNS,AMB,"Stainless Steel 316",Class 3,0.071,0.85
0,TYV6-SNS-OBD-0001,"OBD-II Diagnostic Port",SNS,OBD,"ABS Plastic",Class 3,0.061,0.3
0,TYV6-ECU-PCM-0001,"Powertrain Control Module (PCM, AURIX TC399 dual-core)",ECU,PCM,"Aluminum 6061-T6",Class 3,2.041,16.33
0,TYV6-ECU-HCU-0001,"Hybrid Control Unit (HCU)",ECU,HCU,"Aluminum 6061-T6",Class 3,2.041,16.33
0,TYV6-ECU-BMC-0001,"Battery Management Controller (BMC)",ECU,BMC,"Aluminum 6061-T6",Class 3,0.851,6.8
0,TYV6-ECU-TCM-0001,"Transmission Control Module (eCVT logic)",ECU,TCM,"Aluminum 6061-T6",Class 3,0.851,6.8
0,TYV6-ECU-GW-0001,"Vehicle CAN Gateway / Diagnostic Master",ECU,GW,"Aluminum 6061-T6",Class 3,0.405,3.24
0,TYV6-ELEC-HRN-0001,"Engine Harness Segment 1",ELEC,HRN,"Copper C11000",Class 3,1.438,23.01
0,TYV6-ELEC-HRN-0002,"Engine Harness Segment 2",ELEC,HRN,"Copper C11000",Class 3,1.438,23.01
0,TYV6-ELEC-HRN-0003,"Engine Harness Segment 3",ELEC,HRN,"Copper C11000",Class 3,1.438,23.01
0,TYV6-ELEC-HRN-0004,"Engine Harness Segment 4",ELEC,HRN,"Copper C11000",Class 3,1.438,23.01
0,TYV6-ELEC-HRN-0005,"Engine Harness Segment 5",ELEC,HRN,"Copper C11000",Class 3,1.438,23.01
0,TYV6-ELEC-HRN-0006,"Engine Harness Segment 6",ELEC,HRN,"Copper C11000",Class 3,1.438,23.01
0,TYV6-ELEC-HRN-0007,"Engine Harness Segment 7",ELEC,HRN,"Copper C11000",Class 3,1.438,23.01
0,TYV6-ELEC-HRN-0008,"Engine Harness Segment 8",ELEC,HRN,"Copper C11000",Class 3,1.438,23.01
0,TYV6-ELEC-HRN-0009,"Engine Harness Segment 9",ELEC,HRN,"Copper C11000",Class 3,1.438,23.01
0,TYV6-ELEC-HRN-0010,"Engine Harness Segment 10",ELEC,HRN,"Copper C11000",Class 3,1.438,23.01
0,TYV6-ELEC-HRN-0011,"Engine Harness Segment 11",ELEC,HRN,"Copper C11000",Class 3,1.438,23.01
0,TYV6-ELEC-HRN-0012,"Engine Harness Segment 12",ELEC,HRN,"Copper C11000",Class 3,1.438,23.01
0,TYV6-ELEC-HRN-0013,"Engine Harness Segment 13",ELEC,HRN,"Copper C11000",Class 3,1.438,23.01
0,TYV6-ELEC-HRN-0014,"Engine Harness Segment 14",ELEC,HRN,"Copper C11000",Class 3,1.438,23.01
0,TYV6-ELEC-HRN-0015,"Engine Harness Segment 15",ELEC,HRN,"Copper C11000",Class 3,1.438,23.01
0,TYV6-ELEC-HRN-0016,"Engine Harness Segment 16",ELEC,HRN,"Copper C11000",Class 3,1.438,23.01
0,TYV6-ELEC-PHS-0001,"MG Phase Cable 1 (Orange HV Shielded)",ELEC,PHS,"Copper C11000",Class 3,1.123,17.97
0,TYV6-ELEC-PHS-0002,"MG Phase Cable 2 (Orange HV Shielded)",ELEC,PHS,"Copper C11000",Class 3,1.123,17.97
0,TYV6-ELEC-PHS-0003,"MG Phase Cable 3 (Orange HV Shielded)",ELEC,PHS,"Copper C11000",Class 3,1.123,17.97
0,TYV6-ELEC-PHS-0004,"MG Phase Cable 4 (Orange HV Shielded)",ELEC,PHS,"Copper C11000",Class 3,1.123,17.97
0,TYV6-ELEC-PHS-0005,"MG Phase Cable 5 (Orange HV Shielded)",ELEC,PHS,"Copper C11000",Class 3,1.123,17.97
0,TYV6-ELEC-PHS-0006,"MG Phase Cable 6 (Orange HV Shielded)",ELEC,PHS,"Copper C11000",Class 3,1.123,17.97
0,TYV6-ELEC-CNN-0001,"Electrical Connector 1",ELEC,CNN,"ABS Plastic",Class 3,0.023,0.12
0,TYV6-ELEC-CNN-0002,"Electrical Connector 2",ELEC,CNN,"ABS Plastic",Class 3,0.023,0.12
0,TYV6-ELEC-CNN-0003,"Electrical Connector 3",ELEC,CNN,"ABS Plastic",Class 3,0.023,0.12
0,TYV6-ELEC-CNN-0004,"Electrical Connector 4",ELEC,CNN,"ABS Plastic",Class 3,0.023,0.12
0,TYV6-ELEC-CNN-0005,"Electrical Connector 5",ELEC,CNN,"ABS Plastic",Class 3,0.023,0.12
0,TYV6-ELEC-CNN-0006,"Electrical Connector 6",ELEC,CNN,"ABS Plastic",Class 3,0.023,0.12
0,TYV6-ELEC-CNN-0007,"Electrical Connector 7",ELEC,CNN,"ABS Plastic",Class 3,0.023,0.12
0,TYV6-ELEC-CNN-0008,"Electrical Connector 8",ELEC,CNN,"ABS Plastic",Class 3,0.023,0.12
0,TYV6-ELEC-CNN-0009,"Electrical Connector 9",ELEC,CNN,"ABS Plastic",Class 3,0.023,0.12
0,TYV6-ELEC-CNN-0010,"Electrical Connector 10",ELEC,CNN,"ABS Plastic",Class 3,0.023,0.12
0,TYV6-ELEC-CNN-0011,"Electrical Connector 11",ELEC,CNN,"ABS Plastic",Class 3,0.023,0.12
0,TYV6-ELEC-CNN-0012,"Electrical Connector 12",ELEC,CNN,"ABS Plastic",Class 3,0.023,0.12
0,TYV6-ELEC-CNN-0013,"Electrical Connector 13",ELEC,CNN,"ABS Plastic",Class 3,0.023,0.12
0,TYV6-ELEC-CNN-0014,"Electrical Connector 14",ELEC,CNN,"ABS Plastic",Class 3,0.023,0.12
0,TYV6-ELEC-CNN-0015,"Electrical Connector 15",ELEC,CNN,"ABS Plastic",Class 3,0.023,0.12
0,TYV6-ELEC-CNN-0016,"Electrical Connector 16",ELEC,CNN,"ABS Plastic",Class 3,0.023,0.12
0,TYV6-ELEC-CNN-0017,"Electrical Connector 17",ELEC,CNN,"ABS Plastic",Class 3,0.023,0.12
0,TYV6-ELEC-CNN-0018,"Electrical Connector 18",ELEC,CNN,"ABS Plastic",Class 3,0.023,0.12
0,TYV6-ELEC-CNN-0019,"Electrical Connector 19",ELEC,CNN,"ABS Plastic",Class 3,0.023,0.12
0,TYV6-ELEC-CNN-0020,"Electrical Connector 20",ELEC,CNN,"ABS Plastic",Class 3,0.023,0.12
0,TYV6-ELEC-CNN-0021,"Electrical Connector 21",ELEC,CNN,"ABS Plastic",Class 3,0.023,0.12
0,TYV6-ELEC-CNN-0022,"Electrical Connector 22",ELEC,CNN,"ABS Plastic",Class 3,0.023,0.12
0,TYV6-ELEC-CNN-0023,"Electrical Connector 23",ELEC,CNN,"ABS Plastic",Class 3,0.023,0.12
0,TYV6-ELEC-CNN-0024,"Electrical Connector 24",ELEC,CNN,"ABS Plastic",Class 3,0.023,0.12
0,TYV6-ELEC-CNN-0025,"Electrical Connector 25",ELEC,CNN,"ABS Plastic",Class 3,0.023,0.12
0,TYV6-ELEC-CNN-0026,"Electrical Connector 26",ELEC,CNN,"ABS Plastic",Class 3,0.023,0.12
0,TYV6-ELEC-CNN-0027,"Electrical Connector 27",ELEC,CNN,"ABS Plastic",Class 3,0.023,0.12
0,TYV6-ELEC-CNN-0028,"Electrical Connector 28",ELEC,CNN,"ABS Plastic",Class 3,0.023,0.12
0,TYV6-ELEC-CNN-0029,"Electrical Connector 29",ELEC,CNN,"ABS Plastic",Class 3,0.023,0.12
0,TYV6-ELEC-CNN-0030,"Electrical Connector 30",ELEC,CNN,"ABS Plastic",Class 3,0.023,0.12
0,TYV6-ELEC-CNN-0031,"Electrical Connector 31",ELEC,CNN,"ABS Plastic",Class 3,0.023,0.12
0,TYV6-ELEC-CNN-0032,"Electrical Connector 32",ELEC,CNN,"ABS Plastic",Class 3,0.023,0.12
0,TYV6-ELEC-CNN-0033,"Electrical Connector 33",ELEC,CNN,"ABS Plastic",Class 3,0.023,0.12
0,TYV6-ELEC-CNN-0034,"Electrical Connector 34",ELEC,CNN,"ABS Plastic",Class 3,0.023,0.12
0,TYV6-ELEC-CNN-0035,"Electrical Connector 35",ELEC,CNN,"ABS Plastic",Class 3,0.023,0.12
0,TYV6-ELEC-CNN-0036,"Electrical Connector 36",ELEC,CNN,"ABS Plastic",Class 3,0.023,0.12
0,TYV6-ELEC-CNN-0037,"Electrical Connector 37",ELEC,CNN,"ABS Plastic",Class 3,0.023,0.12
0,TYV6-ELEC-CNN-0038,"Electrical Connector 38",ELEC,CNN,"ABS Plastic",Class 3,0.023,0.12
0,TYV6-ELEC-CNN-0039,"Electrical Connector 39",ELEC,CNN,"ABS Plastic",Class 3,0.023,0.12
0,TYV6-ELEC-CNN-0040,"Electrical Connector 40",ELEC,CNN,"ABS Plastic",Class 3,0.023,0.12
0,TYV6-ELEC-CNN-0041,"Electrical Connector 41",ELEC,CNN,"ABS Plastic",Class 3,0.023,0.12
0,TYV6-ELEC-CNN-0042,"Electrical Connector 42",ELEC,CNN,"ABS Plastic",Class 3,0.023,0.12
0,TYV6-ELEC-CNN-0043,"Electrical Connector 43",ELEC,CNN,"ABS Plastic",Class 3,0.023,0.12
0,TYV6-ELEC-CNN-0044,"Electrical Connector 44",ELEC,CNN,"ABS Plastic",Class 3,0.023,0.12
0,TYV6-ELEC-CNN-0045,"Electrical Connector 45",ELEC,CNN,"ABS Plastic",Class 3,0.023,0.12
0,TYV6-ELEC-CNN-0046,"Electrical Connector 46",ELEC,CNN,"ABS Plastic",Class 3,0.023,0.12
0,TYV6-ELEC-CNN-0047,"Electrical Connector 47",ELEC,CNN,"ABS Plastic",Class 3,0.023,0.12
0,TYV6-ELEC-CNN-0048,"Electrical Connector 48",ELEC,CNN,"ABS Plastic",Class 3,0.023,0.12
0,TYV6-ELEC-CNN-0049,"Electrical Connector 49",ELEC,CNN,"ABS Plastic",Class 3,0.023,0.12
0,TYV6-ELEC-CNN-0050,"Electrical Connector 50",ELEC,CNN,"ABS Plastic",Class 3,0.023,0.12
0,TYV6-ELEC-CNN-0051,"Electrical Connector 51",ELEC,CNN,"ABS Plastic",Class 3,0.023,0.12
0,TYV6-ELEC-CNN-0052,"Electrical Connector 52",ELEC,CNN,"ABS Plastic",Class 3,0.023,0.12
0,TYV6-ELEC-CNN-0053,"Electrical Connector 53",ELEC,CNN,"ABS Plastic",Class 3,0.023,0.12
0,TYV6-ELEC-CNN-0054,"Electrical Connector 54",ELEC,CNN,"ABS Plastic",Class 3,0.023,0.12
0,TYV6-ELEC-CNN-0055,"Electrical Connector 55",ELEC,CNN,"ABS Plastic",Class 3,0.023,0.12
0,TYV6-ELEC-CNN-0056,"Electrical Connector 56",ELEC,CNN,"ABS Plastic",Class 3,0.023,0.12
0,TYV6-ELEC-CNN-0057,"Electrical Connector 57",ELEC,CNN,"ABS Plastic",Class 3,0.023,0.12
0,TYV6-ELEC-CNN-0058,"Electrical Connector 58",ELEC,CNN,"ABS Plastic",Class 3,0.023,0.12
0,TYV6-ELEC-CNN-0059,"Electrical Connector 59",ELEC,CNN,"ABS Plastic",Class 3,0.023,0.12
0,TYV6-ELEC-CNN-0060,"Electrical Connector 60",ELEC,CNN,"ABS Plastic",Class 3,0.023,0.12
0,TYV6-ELEC-CNN-0061,"Electrical Connector 61",ELEC,CNN,"ABS Plastic",Class 3,0.023,0.12
0,TYV6-ELEC-CNN-0062,"Electrical Connector 62",ELEC,CNN,"ABS Plastic",Class 3,0.023,0.12
0,TYV6-ELEC-CNN-0063,"Electrical Connector 63",ELEC,CNN,"ABS Plastic",Class 3,0.023,0.12
0,TYV6-ELEC-CNN-0064,"Electrical Connector 64",ELEC,CNN,"ABS Plastic",Class 3,0.023,0.12
0,TYV6-ELEC-CNN-0065,"Electrical Connector 65",ELEC,CNN,"ABS Plastic",Class 3,0.023,0.12
0,TYV6-ELEC-CNN-0066,"Electrical Connector 66",ELEC,CNN,"ABS Plastic",Class 3,0.023,0.12
0,TYV6-ELEC-CNN-0067,"Electrical Connector 67",ELEC,CNN,"ABS Plastic",Class 3,0.023,0.12
0,TYV6-ELEC-CNN-0068,"Electrical Connector 68",ELEC,CNN,"ABS Plastic",Class 3,0.023,0.12
0,TYV6-ELEC-CNN-0069,"Electrical Connector 69",ELEC,CNN,"ABS Plastic",Class 3,0.023,0.12
0,TYV6-ELEC-CNN-0070,"Electrical Connector 70",ELEC,CNN,"ABS Plastic",Class 3,0.023,0.12
0,TYV6-ELEC-CNN-0071,"Electrical Connector 71",ELEC,CNN,"ABS Plastic",Class 3,0.023,0.12
0,TYV6-ELEC-CNN-0072,"Electrical Connector 72",ELEC,CNN,"ABS Plastic",Class 3,0.023,0.12
0,TYV6-ELEC-CNN-0073,"Electrical Connector 73",ELEC,CNN,"ABS Plastic",Class 3,0.023,0.12
0,TYV6-ELEC-CNN-0074,"Electrical Connector 74",ELEC,CNN,"ABS Plastic",Class 3,0.023,0.12
0,TYV6-ELEC-CNN-0075,"Electrical Connector 75",ELEC,CNN,"ABS Plastic",Class 3,0.023,0.12
0,TYV6-ELEC-CNN-0076,"Electrical Connector 76",ELEC,CNN,"ABS Plastic",Class 3,0.023,0.12
0,TYV6-ELEC-CNN-0077,"Electrical Connector 77",ELEC,CNN,"ABS Plastic",Class 3,0.023,0.12
0,TYV6-ELEC-CNN-0078,"Electrical Connector 78",ELEC,CNN,"ABS Plastic",Class 3,0.023,0.12
0,TYV6-ELEC-CNN-0079,"Electrical Connector 79",ELEC,CNN,"ABS Plastic",Class 3,0.023,0.12
0,TYV6-ELEC-CNN-0080,"Electrical Connector 80",ELEC,CNN,"ABS Plastic",Class 3,0.023,0.12
0,TYV6-ELEC-CNN-0081,"Electrical Connector 81",ELEC,CNN,"ABS Plastic",Class 3,0.023,0.12
0,TYV6-ELEC-CNN-0082,"Electrical Connector 82",ELEC,CNN,"ABS Plastic",Class 3,0.023,0.12
0,TYV6-ELEC-CNN-0083,"Electrical Connector 83",ELEC,CNN,"ABS Plastic",Class 3,0.023,0.12
0,TYV6-ELEC-CNN-0084,"Electrical Connector 84",ELEC,CNN,"ABS Plastic",Class 3,0.023,0.12
0,TYV6-ELEC-CNN-0085,"Electrical Connector 85",ELEC,CNN,"ABS Plastic",Class 3,0.023,0.12
0,TYV6-ELEC-CNN-0086,"Electrical Connector 86",ELEC,CNN,"ABS Plastic",Class 3,0.023,0.12
0,TYV6-ELEC-CNN-0087,"Electrical Connector 87",ELEC,CNN,"ABS Plastic",Class 3,0.023,0.12
0,TYV6-ELEC-CNN-0088,"Electrical Connector 88",ELEC,CNN,"ABS Plastic",Class 3,0.023,0.12
0,TYV6-ELEC-CNN-0089,"Electrical Connector 89",ELEC,CNN,"ABS Plastic",Class 3,0.023,0.12
0,TYV6-ELEC-CNN-0090,"Electrical Connector 90",ELEC,CNN,"ABS Plastic",Class 3,0.023,0.12
0,TYV6-ELEC-CNN-0091,"Electrical Connector 91",ELEC,CNN,"ABS Plastic",Class 3,0.023,0.12
0,TYV6-ELEC-CNN-0092,"Electrical Connector 92",ELEC,CNN,"ABS Plastic",Class 3,0.023,0.12
0,TYV6-ELEC-CNN-0093,"Electrical Connector 93",ELEC,CNN,"ABS Plastic",Class 3,0.023,0.12
0,TYV6-ELEC-CNN-0094,"Electrical Connector 94",ELEC,CNN,"ABS Plastic",Class 3,0.023,0.12
0,TYV6-ELEC-CNN-0095,"Electrical Connector 95",ELEC,CNN,"ABS Plastic",Class 3,0.023,0.12
0,TYV6-ELEC-CNN-0096,"Electrical Connector 96",ELEC,CNN,"ABS Plastic",Class 3,0.023,0.12
0,TYV6-ELEC-CNN-0097,"Electrical Connector 97",ELEC,CNN,"ABS Plastic",Class 3,0.023,0.12
0,TYV6-ELEC-CNN-0098,"Electrical Connector 98",ELEC,CNN,"ABS Plastic",Class 3,0.023,0.12
0,TYV6-ELEC-CNN-0099,"Electrical Connector 99",ELEC,CNN,"ABS Plastic",Class 3,0.023,0.12
0,TYV6-ELEC-CNN-0100,"Electrical Connector 100",ELEC,CNN,"ABS Plastic",Class 3,0.023,0.12
0,TYV6-ELEC-CNN-0101,"Electrical Connector 101",ELEC,CNN,"ABS Plastic",Class 3,0.023,0.12
0,TYV6-ELEC-CNN-0102,"Electrical Connector 102",ELEC,CNN,"ABS Plastic",Class 3,0.023,0.12
0,TYV6-ELEC-CNN-0103,"Electrical Connector 103",ELEC,CNN,"ABS Plastic",Class 3,0.023,0.12
0,TYV6-ELEC-CNN-0104,"Electrical Connector 104",ELEC,CNN,"ABS Plastic",Class 3,0.023,0.12
0,TYV6-ELEC-CNN-0105,"Electrical Connector 105",ELEC,CNN,"ABS Plastic",Class 3,0.023,0.12
0,TYV6-ELEC-CNN-0106,"Electrical Connector 106",ELEC,CNN,"ABS Plastic",Class 3,0.023,0.12
0,TYV6-ELEC-CNN-0107,"Electrical Connector 107",ELEC,CNN,"ABS Plastic",Class 3,0.023,0.12
0,TYV6-ELEC-CNN-0108,"Electrical Connector 108",ELEC,CNN,"ABS Plastic",Class 3,0.023,0.12
0,TYV6-ELEC-CNN-0109,"Electrical Connector 109",ELEC,CNN,"ABS Plastic",Class 3,0.023,0.12
0,TYV6-ELEC-CNN-0110,"Electrical Connector 110",ELEC,CNN,"ABS Plastic",Class 3,0.023,0.12
0,TYV6-ELEC-CNN-0111,"Electrical Connector 111",ELEC,CNN,"ABS Plastic",Class 3,0.023,0.12
0,TYV6-ELEC-CNN-0112,"Electrical Connector 112",ELEC,CNN,"ABS Plastic",Class 3,0.023,0.12
0,TYV6-ELEC-CNN-0113,"Electrical Connector 113",ELEC,CNN,"ABS Plastic",Class 3,0.023,0.12
0,TYV6-ELEC-CNN-0114,"Electrical Connector 114",ELEC,CNN,"ABS Plastic",Class 3,0.023,0.12
0,TYV6-ELEC-CNN-0115,"Electrical Connector 115",ELEC,CNN,"ABS Plastic",Class 3,0.023,0.12
0,TYV6-ELEC-CNN-0116,"Electrical Connector 116",ELEC,CNN,"ABS Plastic",Class 3,0.023,0.12
0,TYV6-ELEC-CNN-0117,"Electrical Connector 117",ELEC,CNN,"ABS Plastic",Class 3,0.023,0.12
0,TYV6-ELEC-CNN-0118,"Electrical Connector 118",ELEC,CNN,"ABS Plastic",Class 3,0.023,0.12
0,TYV6-ELEC-CNN-0119,"Electrical Connector 119",ELEC,CNN,"ABS Plastic",Class 3,0.023,0.12
0,TYV6-ELEC-CNN-0120,"Electrical Connector 120",ELEC,CNN,"ABS Plastic",Class 3,0.023,0.12
0,TYV6-ELEC-RLY-0001,"Relay 1",ELEC,RLY,"ABS Plastic",Class 3,0.02,0.1
0,TYV6-ELEC-RLY-0002,"Relay 2",ELEC,RLY,"ABS Plastic",Class 3,0.02,0.1
0,TYV6-ELEC-RLY-0003,"Relay 3",ELEC,RLY,"ABS Plastic",Class 3,0.02,0.1
0,TYV6-ELEC-RLY-0004,"Relay 4",ELEC,RLY,"ABS Plastic",Class 3,0.02,0.1
0,TYV6-ELEC-RLY-0005,"Relay 5",ELEC,RLY,"ABS Plastic",Class 3,0.02,0.1
0,TYV6-ELEC-RLY-0006,"Relay 6",ELEC,RLY,"ABS Plastic",Class 3,0.02,0.1
0,TYV6-ELEC-RLY-0007,"Relay 7",ELEC,RLY,"ABS Plastic",Class 3,0.02,0.1
0,TYV6-ELEC-RLY-0008,"Relay 8",ELEC,RLY,"ABS Plastic",Class 3,0.02,0.1
0,TYV6-ELEC-FUS-0001,"Fuse 1",ELEC,FUS,"ABS Plastic",Class 3,0.02,0.1
0,TYV6-ELEC-FUS-0002,"Fuse 2",ELEC,FUS,"ABS Plastic",Class 3,0.02,0.1
0,TYV6-ELEC-FUS-0003,"Fuse 3",ELEC,FUS,"ABS Plastic",Class 3,0.02,0.1
0,TYV6-ELEC-FUS-0004,"Fuse 4",ELEC,FUS,"ABS Plastic",Class 3,0.02,0.1
0,TYV6-ELEC-FUS-0005,"Fuse 5",ELEC,FUS,"ABS Plastic",Class 3,0.02,0.1
0,TYV6-ELEC-FUS-0006,"Fuse 6",ELEC,FUS,"ABS Plastic",Class 3,0.02,0.1
0,TYV6-ELEC-FUS-0007,"Fuse 7",ELEC,FUS,"ABS Plastic",Class 3,0.02,0.1
0,TYV6-ELEC-FUS-0008,"Fuse 8",ELEC,FUS,"ABS Plastic",Class 3,0.02,0.1
0,TYV6-ELEC-FUS-0009,"Fuse 1",ELEC,FUS,"ABS Plastic",Class 3,0.02,0.1
0,TYV6-ELEC-FUS-0010,"Fuse 2",ELEC,FUS,"ABS Plastic",Class 3,0.02,0.1
0,TYV6-ELEC-FUS-0011,"Fuse 3",ELEC,FUS,"ABS Plastic",Class 3,0.02,0.1
0,TYV6-ELEC-FUS-0012,"Fuse 4",ELEC,FUS,"ABS Plastic",Class 3,0.02,0.1
0,TYV6-ELEC-GND-0001,"Engine Ground Strap 1",ELEC,GND,"Copper C11000",Class 3,0.095,1.52
0,TYV6-ELEC-GND-0002,"Engine Ground Strap 2",ELEC,GND,"Copper C11000",Class 3,0.095,1.52
0,TYV6-ELEC-GND-0003,"Engine Ground Strap 3",ELEC,GND,"Copper C11000",Class 3,0.095,1.52
0,TYV6-ELEC-GND-0004,"Engine Ground Strap 4",ELEC,GND,"Copper C11000",Class 3,0.095,1.52
0,TYV6-ELEC-GND-0005,"Engine Ground Strap 5",ELEC,GND,"Copper C11000",Class 3,0.095,1.52
0,TYV6-ELEC-GND-0006,"Engine Ground Strap 6",ELEC,GND,"Copper C11000",Class 3,0.095,1.52
0,TYV6-ELEC-GND-0007,"Engine Ground Strap 7",ELEC,GND,"Copper C11000",Class 3,0.095,1.52
0,TYV6-ELEC-GND-0008,"Engine Ground Strap 8",ELEC,GND,"Copper C11000",Class 3,0.095,1.52
0,TYV6-MNT-ENG-0001,"Front-Right Engine Mount (Hydraulic)",MNT,ENG,"Nylon 6/6",Class 3,0.805,4.03
0,TYV6-MNT-ENG-0002,"Front-Left Engine Mount (Hydraulic)",MNT,ENG,"Nylon 6/6",Class 3,0.805,4.03
0,TYV6-MNT-ENG-0003,"Rear Engine Torque Strut Mount",MNT,ENG,"Nylon 6/6",Class 3,0.805,4.03
0,TYV6-MNT-SBF-0001,"Subframe Bushing 1",MNT,SBF,"Nylon 6/6",Class 3,0,0
0,TYV6-MNT-SBF-0002,"Subframe Bushing 2",MNT,SBF,"Nylon 6/6",Class 3,0,0
0,TYV6-MNT-SBF-0003,"Subframe Bushing 3",MNT,SBF,"Nylon 6/6",Class 3,0,0
0,TYV6-MNT-SBF-0004,"Subframe Bushing 4",MNT,SBF,"Nylon 6/6",Class 3,0,0
0,TYV6-BLK-FCV-0001,"Front Timing Cover (Cast Aluminum)",BLK,FCV,"Aluminum 6061-T6",Class 3,5.832,46.66
0,TYV6-BLK-SEL-0001,"Crankshaft Front Oil Seal (PTFE)",BLK,SEL,"Nylon 6/6",Class 3,0,0
0,TYV6-BLK-SEL-0002,"Crankshaft Rear Main Oil Seal",BLK,SEL,"Nylon 6/6",Class 3,0,0
0,TYV6-OIL-SMP-0001,"Oil Pan / Sump (Cast Aluminum, 7 L capacity)",OIL,SMP,"Aluminum 6061-T6",Class 3,5.468,43.74
0,TYV6-OIL-DRN-0001,"Oil Pan Drain Plug (Magnetic)",OIL,DRN,"Steel AISI 4340",Class 3,0.087,0.52
0,TYV6-OIL-DIP-0001,"Oil Dipstick + Tube",OIL,DIP,"Steel AISI 4340",Class 3,0.222,1.33
0,TYV6-SNS-OLS-0001,"Oil Level Sensor (Capacitive)",SNS,OLS,"Aluminum 6061-T6",Class 3,0.095,0.76
0,TYV6-OIL-WIN-0001,"Windage Tray (Stamped Steel)",OIL,WIN,"Steel AISI 1020",Class 3,1.62,8.1
0,TYV6-OIL-PCV-0001,"PCV Valve (Crankcase Ventilation)",OIL,PCV,"Aluminum 6061-T6",Class 3,0.048,0.38
0,TYV6-FAS-HBT-0001,"Head Bolt 1 (M11 TTY, Torque-to-Yield)",FAS,HBT,"Steel AISI 4340",Class 3,0.078,0.47
0,TYV6-FAS-HBT-0002,"Head Bolt 2 (M11 TTY, Torque-to-Yield)",FAS,HBT,"Steel AISI 4340",Class 3,0.078,0.47
0,TYV6-FAS-HBT-0003,"Head Bolt 3 (M11 TTY, Torque-to-Yield)",FAS,HBT,"Steel AISI 4340",Class 3,0.078,0.47
0,TYV6-FAS-HBT-0004,"Head Bolt 4 (M11 TTY, Torque-to-Yield)",FAS,HBT,"Steel AISI 4340",Class 3,0.078,0.47
0,TYV6-FAS-HBT-0005,"Head Bolt 5 (M11 TTY, Torque-to-Yield)",FAS,HBT,"Steel AISI 4340",Class 3,0.078,0.47
0,TYV6-FAS-HBT-0006,"Head Bolt 6 (M11 TTY, Torque-to-Yield)",FAS,HBT,"Steel AISI 4340",Class 3,0.078,0.47
0,TYV6-FAS-HBT-0007,"Head Bolt 7 (M11 TTY, Torque-to-Yield)",FAS,HBT,"Steel AISI 4340",Class 3,0.078,0.47
0,TYV6-FAS-HBT-0008,"Head Bolt 8 (M11 TTY, Torque-to-Yield)",FAS,HBT,"Steel AISI 4340",Class 3,0.078,0.47
0,TYV6-FAS-HBT-0009,"Head Bolt 9 (M11 TTY, Torque-to-Yield)",FAS,HBT,"Steel AISI 4340",Class 3,0.078,0.47
0,TYV6-FAS-HBT-0010,"Head Bolt 10 (M11 TTY, Torque-to-Yield)",FAS,HBT,"Steel AISI 4340",Class 3,0.078,0.47
0,TYV6-FAS-HBT-0011,"Head Bolt 11 (M11 TTY, Torque-to-Yield)",FAS,HBT,"Steel AISI 4340",Class 3,0.078,0.47
0,TYV6-FAS-HBT-0012,"Head Bolt 12 (M11 TTY, Torque-to-Yield)",FAS,HBT,"Steel AISI 4340",Class 3,0.078,0.47
0,TYV6-FAS-HBT-0013,"Head Bolt 13 (M11 TTY, Torque-to-Yield)",FAS,HBT,"Steel AISI 4340",Class 3,0.078,0.47
0,TYV6-FAS-HBT-0014,"Head Bolt 14 (M11 TTY, Torque-to-Yield)",FAS,HBT,"Steel AISI 4340",Class 3,0.078,0.47
0,TYV6-FAS-HBT-0015,"Head Bolt 15 (M11 TTY, Torque-to-Yield)",FAS,HBT,"Steel AISI 4340",Class 3,0.078,0.47
0,TYV6-FAS-HBT-0016,"Head Bolt 16 (M11 TTY, Torque-to-Yield)",FAS,HBT,"Steel AISI 4340",Class 3,0.078,0.47
0,TYV6-FAS-HBT-0017,"Head Bolt 17 (M11 TTY, Torque-to-Yield)",FAS,HBT,"Steel AISI 4340",Class 3,0.078,0.47
0,TYV6-FAS-HBT-0018,"Head Bolt 18 (M11 TTY, Torque-to-Yield)",FAS,HBT,"Steel AISI 4340",Class 3,0.078,0.47
0,TYV6-FAS-HBT-0019,"Head Bolt 19 (M11 TTY, Torque-to-Yield)",FAS,HBT,"Steel AISI 4340",Class 3,0.078,0.47
0,TYV6-FAS-HBT-0020,"Head Bolt 20 (M11 TTY, Torque-to-Yield)",FAS,HBT,"Steel AISI 4340",Class 3,0.078,0.47
0,TYV6-FAS-HBT-0021,"Head Bolt 21 (M11 TTY, Torque-to-Yield)",FAS,HBT,"Steel AISI 4340",Class 3,0.078,0.47
0,TYV6-FAS-HBT-0022,"Head Bolt 22 (M11 TTY, Torque-to-Yield)",FAS,HBT,"Steel AISI 4340",Class 3,0.078,0.47
0,TYV6-FAS-HBT-0023,"Head Bolt 23 (M11 TTY, Torque-to-Yield)",FAS,HBT,"Steel AISI 4340",Class 3,0.078,0.47
0,TYV6-FAS-HBT-0024,"Head Bolt 24 (M11 TTY, Torque-to-Yield)",FAS,HBT,"Steel AISI 4340",Class 3,0.078,0.47
0,TYV6-FAS-MBB-0001,"Main Bearing Cap Bolt 1",FAS,MBB,"Steel AISI 4340",Class 3,0.048,0.29
0,TYV6-FAS-MBB-0002,"Main Bearing Cap Bolt 2",FAS,MBB,"Steel AISI 4340",Class 3,0.048,0.29
0,TYV6-FAS-MBB-0003,"Main Bearing Cap Bolt 3",FAS,MBB,"Steel AISI 4340",Class 3,0.048,0.29
0,TYV6-FAS-MBB-0004,"Main Bearing Cap Bolt 4",FAS,MBB,"Steel AISI 4340",Class 3,0.048,0.29
0,TYV6-FAS-MBB-0005,"Main Bearing Cap Bolt 5",FAS,MBB,"Steel AISI 4340",Class 3,0.048,0.29
0,TYV6-FAS-MBB-0006,"Main Bearing Cap Bolt 6",FAS,MBB,"Steel AISI 4340",Class 3,0.048,0.29
0,TYV6-FAS-MBB-0007,"Main Bearing Cap Bolt 7",FAS,MBB,"Steel AISI 4340",Class 3,0.048,0.29
0,TYV6-FAS-MBB-0008,"Main Bearing Cap Bolt 8",FAS,MBB,"Steel AISI 4340",Class 3,0.048,0.29
0,TYV6-FAS-MBB-0009,"Main Bearing Cap Bolt 9",FAS,MBB,"Steel AISI 4340",Class 3,0.048,0.29
0,TYV6-FAS-MBB-0010,"Main Bearing Cap Bolt 10",FAS,MBB,"Steel AISI 4340",Class 3,0.048,0.29
0,TYV6-FAS-MBB-0011,"Main Bearing Cap Bolt 11",FAS,MBB,"Steel AISI 4340",Class 3,0.048,0.29
0,TYV6-FAS-MBB-0012,"Main Bearing Cap Bolt 12",FAS,MBB,"Steel AISI 4340",Class 3,0.048,0.29
0,TYV6-FAS-MBB-0013,"Main Bearing Cap Bolt 13",FAS,MBB,"Steel AISI 4340",Class 3,0.048,0.29
0,TYV6-FAS-MBB-0014,"Main Bearing Cap Bolt 14",FAS,MBB,"Steel AISI 4340",Class 3,0.048,0.29
0,TYV6-FAS-MBB-0015,"Main Bearing Cap Bolt 15",FAS,MBB,"Steel AISI 4340",Class 3,0.048,0.29
0,TYV6-FAS-MBB-0016,"Main Bearing Cap Bolt 16",FAS,MBB,"Steel AISI 4340",Class 3,0.048,0.29
0,TYV6-FAS-MBB-0017,"Main Bearing Cap Bolt 17",FAS,MBB,"Steel AISI 4340",Class 3,0.048,0.29
0,TYV6-FAS-MBB-0018,"Main Bearing Cap Bolt 18",FAS,MBB,"Steel AISI 4340",Class 3,0.048,0.29
0,TYV6-FAS-MBB-0019,"Main Bearing Cap Bolt 19",FAS,MBB,"Steel AISI 4340",Class 3,0.048,0.29
0,TYV6-FAS-MBB-0020,"Main Bearing Cap Bolt 20",FAS,MBB,"Steel AISI 4340",Class 3,0.048,0.29
0,TYV6-FAS-MBB-0021,"Main Bearing Cap Bolt 21",FAS,MBB,"Steel AISI 4340",Class 3,0.048,0.29
0,TYV6-FAS-MBB-0022,"Main Bearing Cap Bolt 22",FAS,MBB,"Steel AISI 4340",Class 3,0.048,0.29
0,TYV6-FAS-MBB-0023,"Main Bearing Cap Bolt 23",FAS,MBB,"Steel AISI 4340",Class 3,0.048,0.29
0,TYV6-FAS-MBB-0024,"Main Bearing Cap Bolt 24",FAS,MBB,"Steel AISI 4340",Class 3,0.048,0.29
0,TYV6-FAS-RDB-0001,"Connecting Rod Cap Bolt 1 (Hi-Strength)",FAS,RDB,"Steel AISI 4340",Class 3,0.023,0.14
0,TYV6-FAS-RDB-0002,"Connecting Rod Cap Bolt 2 (Hi-Strength)",FAS,RDB,"Steel AISI 4340",Class 3,0.023,0.14
0,TYV6-FAS-RDB-0003,"Connecting Rod Cap Bolt 3 (Hi-Strength)",FAS,RDB,"Steel AISI 4340",Class 3,0.023,0.14
0,TYV6-FAS-RDB-0004,"Connecting Rod Cap Bolt 4 (Hi-Strength)",FAS,RDB,"Steel AISI 4340",Class 3,0.023,0.14
0,TYV6-FAS-RDB-0005,"Connecting Rod Cap Bolt 5 (Hi-Strength)",FAS,RDB,"Steel AISI 4340",Class 3,0.023,0.14
0,TYV6-FAS-RDB-0006,"Connecting Rod Cap Bolt 6 (Hi-Strength)",FAS,RDB,"Steel AISI 4340",Class 3,0.023,0.14
0,TYV6-FAS-RDB-0007,"Connecting Rod Cap Bolt 7 (Hi-Strength)",FAS,RDB,"Steel AISI 4340",Class 3,0.023,0.14
0,TYV6-FAS-RDB-0008,"Connecting Rod Cap Bolt 8 (Hi-Strength)",FAS,RDB,"Steel AISI 4340",Class 3,0.023,0.14
0,TYV6-FAS-RDB-0009,"Connecting Rod Cap Bolt 9 (Hi-Strength)",FAS,RDB,"Steel AISI 4340",Class 3,0.023,0.14
0,TYV6-FAS-RDB-0010,"Connecting Rod Cap Bolt 10 (Hi-Strength)",FAS,RDB,"Steel AISI 4340",Class 3,0.023,0.14
0,TYV6-FAS-RDB-0011,"Connecting Rod Cap Bolt 11 (Hi-Strength)",FAS,RDB,"Steel AISI 4340",Class 3,0.023,0.14
0,TYV6-FAS-RDB-0012,"Connecting Rod Cap Bolt 12 (Hi-Strength)",FAS,RDB,"Steel AISI 4340",Class 3,0.023,0.14
0,TYV6-FAS-CBB-0001,"Cam Bearing Cap Bolt 1",FAS,CBB,"Steel AISI 4340",Class 3,0.012,0.07
0,TYV6-FAS-CBB-0002,"Cam Bearing Cap Bolt 2",FAS,CBB,"Steel AISI 4340",Class 3,0.012,0.07
0,TYV6-FAS-CBB-0003,"Cam Bearing Cap Bolt 3",FAS,CBB,"Steel AISI 4340",Class 3,0.012,0.07
0,TYV6-FAS-CBB-0004,"Cam Bearing Cap Bolt 4",FAS,CBB,"Steel AISI 4340",Class 3,0.012,0.07
0,TYV6-FAS-CBB-0005,"Cam Bearing Cap Bolt 5",FAS,CBB,"Steel AISI 4340",Class 3,0.012,0.07
0,TYV6-FAS-CBB-0006,"Cam Bearing Cap Bolt 6",FAS,CBB,"Steel AISI 4340",Class 3,0.012,0.07
0,TYV6-FAS-CBB-0007,"Cam Bearing Cap Bolt 7",FAS,CBB,"Steel AISI 4340",Class 3,0.012,0.07
0,TYV6-FAS-CBB-0008,"Cam Bearing Cap Bolt 8",FAS,CBB,"Steel AISI 4340",Class 3,0.012,0.07
0,TYV6-FAS-CBB-0009,"Cam Bearing Cap Bolt 9",FAS,CBB,"Steel AISI 4340",Class 3,0.012,0.07
0,TYV6-FAS-CBB-0010,"Cam Bearing Cap Bolt 10",FAS,CBB,"Steel AISI 4340",Class 3,0.012,0.07
0,TYV6-FAS-CBB-0011,"Cam Bearing Cap Bolt 11",FAS,CBB,"Steel AISI 4340",Class 3,0.012,0.07
0,TYV6-FAS-CBB-0012,"Cam Bearing Cap Bolt 12",FAS,CBB,"Steel AISI 4340",Class 3,0.012,0.07
0,TYV6-FAS-CBB-0013,"Cam Bearing Cap Bolt 13",FAS,CBB,"Steel AISI 4340",Class 3,0.012,0.07
0,TYV6-FAS-CBB-0014,"Cam Bearing Cap Bolt 14",FAS,CBB,"Steel AISI 4340",Class 3,0.012,0.07
0,TYV6-FAS-CBB-0015,"Cam Bearing Cap Bolt 15",FAS,CBB,"Steel AISI 4340",Class 3,0.012,0.07
0,TYV6-FAS-CBB-0016,"Cam Bearing Cap Bolt 16",FAS,CBB,"Steel AISI 4340",Class 3,0.012,0.07
0,TYV6-FAS-CBB-0017,"Cam Bearing Cap Bolt 17",FAS,CBB,"Steel AISI 4340",Class 3,0.012,0.07
0,TYV6-FAS-CBB-0018,"Cam Bearing Cap Bolt 18",FAS,CBB,"Steel AISI 4340",Class 3,0.012,0.07
0,TYV6-FAS-CBB-0019,"Cam Bearing Cap Bolt 19",FAS,CBB,"Steel AISI 4340",Class 3,0.012,0.07
0,TYV6-FAS-CBB-0020,"Cam Bearing Cap Bolt 20",FAS,CBB,"Steel AISI 4340",Class 3,0.012,0.07
0,TYV6-FAS-CBB-0021,"Cam Bearing Cap Bolt 21",FAS,CBB,"Steel AISI 4340",Class 3,0.012,0.07
0,TYV6-FAS-CBB-0022,"Cam Bearing Cap Bolt 22",FAS,CBB,"Steel AISI 4340",Class 3,0.012,0.07
0,TYV6-FAS-CBB-0023,"Cam Bearing Cap Bolt 23",FAS,CBB,"Steel AISI 4340",Class 3,0.012,0.07
0,TYV6-FAS-CBB-0024,"Cam Bearing Cap Bolt 24",FAS,CBB,"Steel AISI 4340",Class 3,0.012,0.07
0,TYV6-FAS-CBB-0025,"Cam Bearing Cap Bolt 25",FAS,CBB,"Steel AISI 4340",Class 3,0.012,0.07
0,TYV6-FAS-CBB-0026,"Cam Bearing Cap Bolt 26",FAS,CBB,"Steel AISI 4340",Class 3,0.012,0.07
0,TYV6-FAS-CBB-0027,"Cam Bearing Cap Bolt 27",FAS,CBB,"Steel AISI 4340",Class 3,0.012,0.07
0,TYV6-FAS-CBB-0028,"Cam Bearing Cap Bolt 28",FAS,CBB,"Steel AISI 4340",Class 3,0.012,0.07
0,TYV6-FAS-CBB-0029,"Cam Bearing Cap Bolt 29",FAS,CBB,"Steel AISI 4340",Class 3,0.012,0.07
0,TYV6-FAS-CBB-0030,"Cam Bearing Cap Bolt 30",FAS,CBB,"Steel AISI 4340",Class 3,0.012,0.07
0,TYV6-FAS-CBB-0031,"Cam Bearing Cap Bolt 31",FAS,CBB,"Steel AISI 4340",Class 3,0.012,0.07
0,TYV6-FAS-CBB-0032,"Cam Bearing Cap Bolt 32",FAS,CBB,"Steel AISI 4340",Class 3,0.012,0.07
0,TYV6-FAS-CBB-0033,"Cam Bearing Cap Bolt 33",FAS,CBB,"Steel AISI 4340",Class 3,0.012,0.07
0,TYV6-FAS-CBB-0034,"Cam Bearing Cap Bolt 34",FAS,CBB,"Steel AISI 4340",Class 3,0.012,0.07
0,TYV6-FAS-CBB-0035,"Cam Bearing Cap Bolt 35",FAS,CBB,"Steel AISI 4340",Class 3,0.012,0.07
0,TYV6-FAS-CBB-0036,"Cam Bearing Cap Bolt 36",FAS,CBB,"Steel AISI 4340",Class 3,0.012,0.07
0,TYV6-FAS-CBB-0037,"Cam Bearing Cap Bolt 37",FAS,CBB,"Steel AISI 4340",Class 3,0.012,0.07
0,TYV6-FAS-CBB-0038,"Cam Bearing Cap Bolt 38",FAS,CBB,"Steel AISI 4340",Class 3,0.012,0.07
0,TYV6-FAS-CBB-0039,"Cam Bearing Cap Bolt 39",FAS,CBB,"Steel AISI 4340",Class 3,0.012,0.07
0,TYV6-FAS-CBB-0040,"Cam Bearing Cap Bolt 40",FAS,CBB,"Steel AISI 4340",Class 3,0.012,0.07
0,TYV6-FAS-CBB-0041,"Cam Bearing Cap Bolt 41",FAS,CBB,"Steel AISI 4340",Class 3,0.012,0.07
0,TYV6-FAS-CBB-0042,"Cam Bearing Cap Bolt 42",FAS,CBB,"Steel AISI 4340",Class 3,0.012,0.07
0,TYV6-FAS-CBB-0043,"Cam Bearing Cap Bolt 43",FAS,CBB,"Steel AISI 4340",Class 3,0.012,0.07
0,TYV6-FAS-CBB-0044,"Cam Bearing Cap Bolt 44",FAS,CBB,"Steel AISI 4340",Class 3,0.012,0.07
0,TYV6-FAS-CBB-0045,"Cam Bearing Cap Bolt 45",FAS,CBB,"Steel AISI 4340",Class 3,0.012,0.07
0,TYV6-FAS-CBB-0046,"Cam Bearing Cap Bolt 46",FAS,CBB,"Steel AISI 4340",Class 3,0.012,0.07
0,TYV6-FAS-CBB-0047,"Cam Bearing Cap Bolt 47",FAS,CBB,"Steel AISI 4340",Class 3,0.012,0.07
0,TYV6-FAS-CBB-0048,"Cam Bearing Cap Bolt 48",FAS,CBB,"Steel AISI 4340",Class 3,0.012,0.07
0,TYV6-FAS-CBB-0049,"Cam Bearing Cap Bolt 49",FAS,CBB,"Steel AISI 4340",Class 3,0.012,0.07
0,TYV6-FAS-CBB-0050,"Cam Bearing Cap Bolt 50",FAS,CBB,"Steel AISI 4340",Class 3,0.012,0.07
0,TYV6-FAS-CBB-0051,"Cam Bearing Cap Bolt 51",FAS,CBB,"Steel AISI 4340",Class 3,0.012,0.07
0,TYV6-FAS-CBB-0052,"Cam Bearing Cap Bolt 52",FAS,CBB,"Steel AISI 4340",Class 3,0.012,0.07
0,TYV6-FAS-CBB-0053,"Cam Bearing Cap Bolt 53",FAS,CBB,"Steel AISI 4340",Class 3,0.012,0.07
0,TYV6-FAS-CBB-0054,"Cam Bearing Cap Bolt 54",FAS,CBB,"Steel AISI 4340",Class 3,0.012,0.07
0,TYV6-FAS-CBB-0055,"Cam Bearing Cap Bolt 55",FAS,CBB,"Steel AISI 4340",Class 3,0.012,0.07
0,TYV6-FAS-CBB-0056,"Cam Bearing Cap Bolt 56",FAS,CBB,"Steel AISI 4340",Class 3,0.012,0.07
0,TYV6-FAS-CBB-0057,"Cam Bearing Cap Bolt 57",FAS,CBB,"Steel AISI 4340",Class 3,0.012,0.07
0,TYV6-FAS-CBB-0058,"Cam Bearing Cap Bolt 58",FAS,CBB,"Steel AISI 4340",Class 3,0.012,0.07
0,TYV6-FAS-CBB-0059,"Cam Bearing Cap Bolt 59",FAS,CBB,"Steel AISI 4340",Class 3,0.012,0.07
0,TYV6-FAS-CBB-0060,"Cam Bearing Cap Bolt 60",FAS,CBB,"Steel AISI 4340",Class 3,0.012,0.07
0,TYV6-FAS-CBB-0061,"Cam Bearing Cap Bolt 61",FAS,CBB,"Steel AISI 4340",Class 3,0.012,0.07
0,TYV6-FAS-CBB-0062,"Cam Bearing Cap Bolt 62",FAS,CBB,"Steel AISI 4340",Class 3,0.012,0.07
0,TYV6-FAS-CBB-0063,"Cam Bearing Cap Bolt 63",FAS,CBB,"Steel AISI 4340",Class 3,0.012,0.07
0,TYV6-FAS-CBB-0064,"Cam Bearing Cap Bolt 64",FAS,CBB,"Steel AISI 4340",Class 3,0.012,0.07
0,TYV6-FAS-CBB-0065,"Cam Bearing Cap Bolt 65",FAS,CBB,"Steel AISI 4340",Class 3,0.012,0.07
0,TYV6-FAS-CBB-0066,"Cam Bearing Cap Bolt 66",FAS,CBB,"Steel AISI 4340",Class 3,0.012,0.07
0,TYV6-FAS-CBB-0067,"Cam Bearing Cap Bolt 67",FAS,CBB,"Steel AISI 4340",Class 3,0.012,0.07
0,TYV6-FAS-CBB-0068,"Cam Bearing Cap Bolt 68",FAS,CBB,"Steel AISI 4340",Class 3,0.012,0.07
0,TYV6-FAS-CBB-0069,"Cam Bearing Cap Bolt 69",FAS,CBB,"Steel AISI 4340",Class 3,0.012,0.07
0,TYV6-FAS-CBB-0070,"Cam Bearing Cap Bolt 70",FAS,CBB,"Steel AISI 4340",Class 3,0.012,0.07
0,TYV6-FAS-CBB-0071,"Cam Bearing Cap Bolt 71",FAS,CBB,"Steel AISI 4340",Class 3,0.012,0.07
0,TYV6-FAS-CBB-0072,"Cam Bearing Cap Bolt 72",FAS,CBB,"Steel AISI 4340",Class 3,0.012,0.07
0,TYV6-FAS-CBB-0073,"Cam Bearing Cap Bolt 73",FAS,CBB,"Steel AISI 4340",Class 3,0.012,0.07
0,TYV6-FAS-CBB-0074,"Cam Bearing Cap Bolt 74",FAS,CBB,"Steel AISI 4340",Class 3,0.012,0.07
0,TYV6-FAS-CBB-0075,"Cam Bearing Cap Bolt 75",FAS,CBB,"Steel AISI 4340",Class 3,0.012,0.07
0,TYV6-FAS-CBB-0076,"Cam Bearing Cap Bolt 76",FAS,CBB,"Steel AISI 4340",Class 3,0.012,0.07
0,TYV6-FAS-CBB-0077,"Cam Bearing Cap Bolt 77",FAS,CBB,"Steel AISI 4340",Class 3,0.012,0.07
0,TYV6-FAS-CBB-0078,"Cam Bearing Cap Bolt 78",FAS,CBB,"Steel AISI 4340",Class 3,0.012,0.07
0,TYV6-FAS-CBB-0079,"Cam Bearing Cap Bolt 79",FAS,CBB,"Steel AISI 4340",Class 3,0.012,0.07
0,TYV6-FAS-CBB-0080,"Cam Bearing Cap Bolt 80",FAS,CBB,"Steel AISI 4340",Class 3,0.012,0.07
0,TYV6-FAS-VCB-0001,"Valve Cover Bolt 1",FAS,VCB,"Steel AISI 4340",Class 3,0.006,0.04
0,TYV6-FAS-VCB-0002,"Valve Cover Bolt 2",FAS,VCB,"Steel AISI 4340",Class 3,0.006,0.04
0,TYV6-FAS-VCB-0003,"Valve Cover Bolt 3",FAS,VCB,"Steel AISI 4340",Class 3,0.006,0.04
0,TYV6-FAS-VCB-0004,"Valve Cover Bolt 4",FAS,VCB,"Steel AISI 4340",Class 3,0.006,0.04
0,TYV6-FAS-VCB-0005,"Valve Cover Bolt 5",FAS,VCB,"Steel AISI 4340",Class 3,0.006,0.04
0,TYV6-FAS-VCB-0006,"Valve Cover Bolt 6",FAS,VCB,"Steel AISI 4340",Class 3,0.006,0.04
0,TYV6-FAS-VCB-0007,"Valve Cover Bolt 7",FAS,VCB,"Steel AISI 4340",Class 3,0.006,0.04
0,TYV6-FAS-VCB-0008,"Valve Cover Bolt 8",FAS,VCB,"Steel AISI 4340",Class 3,0.006,0.04
0,TYV6-FAS-VCB-0009,"Valve Cover Bolt 9",FAS,VCB,"Steel AISI 4340",Class 3,0.006,0.04
0,TYV6-FAS-VCB-0010,"Valve Cover Bolt 10",FAS,VCB,"Steel AISI 4340",Class 3,0.006,0.04
0,TYV6-FAS-VCB-0011,"Valve Cover Bolt 11",FAS,VCB,"Steel AISI 4340",Class 3,0.006,0.04
0,TYV6-FAS-VCB-0012,"Valve Cover Bolt 12",FAS,VCB,"Steel AISI 4340",Class 3,0.006,0.04
0,TYV6-FAS-VCB-0013,"Valve Cover Bolt 13",FAS,VCB,"Steel AISI 4340",Class 3,0.006,0.04
0,TYV6-FAS-VCB-0014,"Valve Cover Bolt 14",FAS,VCB,"Steel AISI 4340",Class 3,0.006,0.04
0,TYV6-FAS-VCB-0015,"Valve Cover Bolt 15",FAS,VCB,"Steel AISI 4340",Class 3,0.006,0.04
0,TYV6-FAS-VCB-0016,"Valve Cover Bolt 16",FAS,VCB,"Steel AISI 4340",Class 3,0.006,0.04
0,TYV6-FAS-VCB-0017,"Valve Cover Bolt 17",FAS,VCB,"Steel AISI 4340",Class 3,0.006,0.04
0,TYV6-FAS-VCB-0018,"Valve Cover Bolt 18",FAS,VCB,"Steel AISI 4340",Class 3,0.006,0.04
0,TYV6-FAS-VCB-0019,"Valve Cover Bolt 19",FAS,VCB,"Steel AISI 4340",Class 3,0.006,0.04
0,TYV6-FAS-VCB-0020,"Valve Cover Bolt 20",FAS,VCB,"Steel AISI 4340",Class 3,0.006,0.04
0,TYV6-FAS-VCB-0021,"Valve Cover Bolt 21",FAS,VCB,"Steel AISI 4340",Class 3,0.006,0.04
0,TYV6-FAS-VCB-0022,"Valve Cover Bolt 22",FAS,VCB,"Steel AISI 4340",Class 3,0.006,0.04
0,TYV6-FAS-VCB-0023,"Valve Cover Bolt 23",FAS,VCB,"Steel AISI 4340",Class 3,0.006,0.04
0,TYV6-FAS-VCB-0024,"Valve Cover Bolt 24",FAS,VCB,"Steel AISI 4340",Class 3,0.006,0.04
0,TYV6-FAS-VCB-0025,"Valve Cover Bolt 25",FAS,VCB,"Steel AISI 4340",Class 3,0.006,0.04
0,TYV6-FAS-VCB-0026,"Valve Cover Bolt 26",FAS,VCB,"Steel AISI 4340",Class 3,0.006,0.04
0,TYV6-FAS-VCB-0027,"Valve Cover Bolt 27",FAS,VCB,"Steel AISI 4340",Class 3,0.006,0.04
0,TYV6-FAS-VCB-0028,"Valve Cover Bolt 28",FAS,VCB,"Steel AISI 4340",Class 3,0.006,0.04
0,TYV6-FAS-VCB-0029,"Valve Cover Bolt 29",FAS,VCB,"Steel AISI 4340",Class 3,0.006,0.04
0,TYV6-FAS-VCB-0030,"Valve Cover Bolt 30",FAS,VCB,"Steel AISI 4340",Class 3,0.006,0.04
0,TYV6-FAS-VCB-0031,"Valve Cover Bolt 31",FAS,VCB,"Steel AISI 4340",Class 3,0.006,0.04
0,TYV6-FAS-VCB-0032,"Valve Cover Bolt 32",FAS,VCB,"Steel AISI 4340",Class 3,0.006,0.04
0,TYV6-FAS-OPB-0001,"Oil Pan Bolt 1",FAS,OPB,"Steel AISI 4340",Class 3,0.005,0.03
0,TYV6-FAS-OPB-0002,"Oil Pan Bolt 2",FAS,OPB,"Steel AISI 4340",Class 3,0.005,0.03
0,TYV6-FAS-OPB-0003,"Oil Pan Bolt 3",FAS,OPB,"Steel AISI 4340",Class 3,0.005,0.03
0,TYV6-FAS-OPB-0004,"Oil Pan Bolt 4",FAS,OPB,"Steel AISI 4340",Class 3,0.005,0.03
0,TYV6-FAS-OPB-0005,"Oil Pan Bolt 5",FAS,OPB,"Steel AISI 4340",Class 3,0.005,0.03
0,TYV6-FAS-OPB-0006,"Oil Pan Bolt 6",FAS,OPB,"Steel AISI 4340",Class 3,0.005,0.03
0,TYV6-FAS-OPB-0007,"Oil Pan Bolt 7",FAS,OPB,"Steel AISI 4340",Class 3,0.005,0.03
0,TYV6-FAS-OPB-0008,"Oil Pan Bolt 8",FAS,OPB,"Steel AISI 4340",Class 3,0.005,0.03
0,TYV6-FAS-OPB-0009,"Oil Pan Bolt 9",FAS,OPB,"Steel AISI 4340",Class 3,0.005,0.03
0,TYV6-FAS-OPB-0010,"Oil Pan Bolt 10",FAS,OPB,"Steel AISI 4340",Class 3,0.005,0.03
0,TYV6-FAS-OPB-0011,"Oil Pan Bolt 11",FAS,OPB,"Steel AISI 4340",Class 3,0.005,0.03
0,TYV6-FAS-OPB-0012,"Oil Pan Bolt 12",FAS,OPB,"Steel AISI 4340",Class 3,0.005,0.03
0,TYV6-FAS-OPB-0013,"Oil Pan Bolt 13",FAS,OPB,"Steel AISI 4340",Class 3,0.005,0.03
0,TYV6-FAS-OPB-0014,"Oil Pan Bolt 14",FAS,OPB,"Steel AISI 4340",Class 3,0.005,0.03
0,TYV6-FAS-OPB-0015,"Oil Pan Bolt 15",FAS,OPB,"Steel AISI 4340",Class 3,0.005,0.03
0,TYV6-FAS-OPB-0016,"Oil Pan Bolt 16",FAS,OPB,"Steel AISI 4340",Class 3,0.005,0.03
0,TYV6-FAS-OPB-0017,"Oil Pan Bolt 17",FAS,OPB,"Steel AISI 4340",Class 3,0.005,0.03
0,TYV6-FAS-OPB-0018,"Oil Pan Bolt 18",FAS,OPB,"Steel AISI 4340",Class 3,0.005,0.03
0,TYV6-FAS-OPB-0019,"Oil Pan Bolt 19",FAS,OPB,"Steel AISI 4340",Class 3,0.005,0.03
0,TYV6-FAS-OPB-0020,"Oil Pan Bolt 20",FAS,OPB,"Steel AISI 4340",Class 3,0.005,0.03
0,TYV6-FAS-OPB-0021,"Oil Pan Bolt 21",FAS,OPB,"Steel AISI 4340",Class 3,0.005,0.03
0,TYV6-FAS-OPB-0022,"Oil Pan Bolt 22",FAS,OPB,"Steel AISI 4340",Class 3,0.005,0.03
0,TYV6-FAS-OPB-0023,"Oil Pan Bolt 23",FAS,OPB,"Steel AISI 4340",Class 3,0.005,0.03
0,TYV6-FAS-OPB-0024,"Oil Pan Bolt 24",FAS,OPB,"Steel AISI 4340",Class 3,0.005,0.03
0,TYV6-FAS-IMB-0001,"Intake Manifold Bolt 1",FAS,IMB,"Steel AISI 4340",Class 3,0.008,0.05
0,TYV6-FAS-IMB-0002,"Intake Manifold Bolt 2",FAS,IMB,"Steel AISI 4340",Class 3,0.008,0.05
0,TYV6-FAS-IMB-0003,"Intake Manifold Bolt 3",FAS,IMB,"Steel AISI 4340",Class 3,0.008,0.05
0,TYV6-FAS-IMB-0004,"Intake Manifold Bolt 4",FAS,IMB,"Steel AISI 4340",Class 3,0.008,0.05
0,TYV6-FAS-IMB-0005,"Intake Manifold Bolt 5",FAS,IMB,"Steel AISI 4340",Class 3,0.008,0.05
0,TYV6-FAS-IMB-0006,"Intake Manifold Bolt 6",FAS,IMB,"Steel AISI 4340",Class 3,0.008,0.05
0,TYV6-FAS-IMB-0007,"Intake Manifold Bolt 7",FAS,IMB,"Steel AISI 4340",Class 3,0.008,0.05
0,TYV6-FAS-IMB-0008,"Intake Manifold Bolt 8",FAS,IMB,"Steel AISI 4340",Class 3,0.008,0.05
0,TYV6-FAS-IMB-0009,"Intake Manifold Bolt 9",FAS,IMB,"Steel AISI 4340",Class 3,0.008,0.05
0,TYV6-FAS-IMB-0010,"Intake Manifold Bolt 10",FAS,IMB,"Steel AISI 4340",Class 3,0.008,0.05
0,TYV6-FAS-IMB-0011,"Intake Manifold Bolt 11",FAS,IMB,"Steel AISI 4340",Class 3,0.008,0.05
0,TYV6-FAS-IMB-0012,"Intake Manifold Bolt 12",FAS,IMB,"Steel AISI 4340",Class 3,0.008,0.05
0,TYV6-FAS-EMS-0001,"Exhaust Manifold Stud 1 (Inconel)",FAS,EMS,"Inconel 718",Class 3,0.018,1.68
0,TYV6-FAS-EMS-0002,"Exhaust Manifold Stud 2 (Inconel)",FAS,EMS,"Inconel 718",Class 3,0.018,1.68
0,TYV6-FAS-EMS-0003,"Exhaust Manifold Stud 3 (Inconel)",FAS,EMS,"Inconel 718",Class 3,0.018,1.68
0,TYV6-FAS-EMS-0004,"Exhaust Manifold Stud 4 (Inconel)",FAS,EMS,"Inconel 718",Class 3,0.018,1.68
0,TYV6-FAS-EMS-0005,"Exhaust Manifold Stud 5 (Inconel)",FAS,EMS,"Inconel 718",Class 3,0.018,1.68
0,TYV6-FAS-EMS-0006,"Exhaust Manifold Stud 6 (Inconel)",FAS,EMS,"Inconel 718",Class 3,0.018,1.68
0,TYV6-FAS-EMS-0007,"Exhaust Manifold Stud 7 (Inconel)",FAS,EMS,"Inconel 718",Class 3,0.018,1.68
0,TYV6-FAS-EMS-0008,"Exhaust Manifold Stud 8 (Inconel)",FAS,EMS,"Inconel 718",Class 3,0.018,1.68
0,TYV6-FAS-EMS-0009,"Exhaust Manifold Stud 9 (Inconel)",FAS,EMS,"Inconel 718",Class 3,0.018,1.68
0,TYV6-FAS-EMS-0010,"Exhaust Manifold Stud 10 (Inconel)",FAS,EMS,"Inconel 718",Class 3,0.018,1.68
0,TYV6-FAS-EMS-0011,"Exhaust Manifold Stud 11 (Inconel)",FAS,EMS,"Inconel 718",Class 3,0.018,1.68
0,TYV6-FAS-EMS-0012,"Exhaust Manifold Stud 12 (Inconel)",FAS,EMS,"Inconel 718",Class 3,0.018,1.68
0,TYV6-FAS-M6-0001,"M6 Cap Screw 1",FAS,M6,"Steel AISI 4340",Class 3,0.004,0.03
0,TYV6-FAS-M6-0002,"M6 Cap Screw 2",FAS,M6,"Steel AISI 4340",Class 3,0.004,0.03
0,TYV6-FAS-M6-0003,"M6 Cap Screw 3",FAS,M6,"Steel AISI 4340",Class 3,0.004,0.03
0,TYV6-FAS-M6-0004,"M6 Cap Screw 4",FAS,M6,"Steel AISI 4340",Class 3,0.004,0.03
0,TYV6-FAS-M6-0005,"M6 Cap Screw 5",FAS,M6,"Steel AISI 4340",Class 3,0.004,0.03
0,TYV6-FAS-M6-0006,"M6 Cap Screw 6",FAS,M6,"Steel AISI 4340",Class 3,0.004,0.03
0,TYV6-FAS-M6-0007,"M6 Cap Screw 7",FAS,M6,"Steel AISI 4340",Class 3,0.004,0.03
0,TYV6-FAS-M6-0008,"M6 Cap Screw 8",FAS,M6,"Steel AISI 4340",Class 3,0.004,0.03
0,TYV6-FAS-M6-0009,"M6 Cap Screw 9",FAS,M6,"Steel AISI 4340",Class 3,0.004,0.03
0,TYV6-FAS-M6-0010,"M6 Cap Screw 10",FAS,M6,"Steel AISI 4340",Class 3,0.004,0.03
0,TYV6-FAS-M6-0011,"M6 Cap Screw 11",FAS,M6,"Steel AISI 4340",Class 3,0.004,0.03
0,TYV6-FAS-M6-0012,"M6 Cap Screw 12",FAS,M6,"Steel AISI 4340",Class 3,0.004,0.03
0,TYV6-FAS-M6-0013,"M6 Cap Screw 13",FAS,M6,"Steel AISI 4340",Class 3,0.004,0.03
0,TYV6-FAS-M6-0014,"M6 Cap Screw 14",FAS,M6,"Steel AISI 4340",Class 3,0.004,0.03
0,TYV6-FAS-M6-0015,"M6 Cap Screw 15",FAS,M6,"Steel AISI 4340",Class 3,0.004,0.03
0,TYV6-FAS-M6-0016,"M6 Cap Screw 16",FAS,M6,"Steel AISI 4340",Class 3,0.004,0.03
0,TYV6-FAS-M6-0017,"M6 Cap Screw 17",FAS,M6,"Steel AISI 4340",Class 3,0.004,0.03
0,TYV6-FAS-M6-0018,"M6 Cap Screw 18",FAS,M6,"Steel AISI 4340",Class 3,0.004,0.03
0,TYV6-FAS-M6-0019,"M6 Cap Screw 19",FAS,M6,"Steel AISI 4340",Class 3,0.004,0.03
0,TYV6-FAS-M6-0020,"M6 Cap Screw 20",FAS,M6,"Steel AISI 4340",Class 3,0.004,0.03
0,TYV6-FAS-M6-0021,"M6 Cap Screw 21",FAS,M6,"Steel AISI 4340",Class 3,0.004,0.03
0,TYV6-FAS-M6-0022,"M6 Cap Screw 22",FAS,M6,"Steel AISI 4340",Class 3,0.004,0.03
0,TYV6-FAS-M6-0023,"M6 Cap Screw 23",FAS,M6,"Steel AISI 4340",Class 3,0.004,0.03
0,TYV6-FAS-M6-0024,"M6 Cap Screw 24",FAS,M6,"Steel AISI 4340",Class 3,0.004,0.03
0,TYV6-FAS-M6-0025,"M6 Cap Screw 25",FAS,M6,"Steel AISI 4340",Class 3,0.004,0.03
0,TYV6-FAS-M6-0026,"M6 Cap Screw 26",FAS,M6,"Steel AISI 4340",Class 3,0.004,0.03
0,TYV6-FAS-M6-0027,"M6 Cap Screw 27",FAS,M6,"Steel AISI 4340",Class 3,0.004,0.03
0,TYV6-FAS-M6-0028,"M6 Cap Screw 28",FAS,M6,"Steel AISI 4340",Class 3,0.004,0.03
0,TYV6-FAS-M6-0029,"M6 Cap Screw 29",FAS,M6,"Steel AISI 4340",Class 3,0.004,0.03
0,TYV6-FAS-M6-0030,"M6 Cap Screw 30",FAS,M6,"Steel AISI 4340",Class 3,0.004,0.03
0,TYV6-FAS-M6-0031,"M6 Cap Screw 31",FAS,M6,"Steel AISI 4340",Class 3,0.004,0.03
0,TYV6-FAS-M6-0032,"M6 Cap Screw 32",FAS,M6,"Steel AISI 4340",Class 3,0.004,0.03
0,TYV6-FAS-M6-0033,"M6 Cap Screw 33",FAS,M6,"Steel AISI 4340",Class 3,0.004,0.03
0,TYV6-FAS-M6-0034,"M6 Cap Screw 34",FAS,M6,"Steel AISI 4340",Class 3,0.004,0.03
0,TYV6-FAS-M6-0035,"M6 Cap Screw 35",FAS,M6,"Steel AISI 4340",Class 3,0.004,0.03
0,TYV6-FAS-M6-0036,"M6 Cap Screw 36",FAS,M6,"Steel AISI 4340",Class 3,0.004,0.03
0,TYV6-FAS-M6-0037,"M6 Cap Screw 37",FAS,M6,"Steel AISI 4340",Class 3,0.004,0.03
0,TYV6-FAS-M6-0038,"M6 Cap Screw 38",FAS,M6,"Steel AISI 4340",Class 3,0.004,0.03
0,TYV6-FAS-M6-0039,"M6 Cap Screw 39",FAS,M6,"Steel AISI 4340",Class 3,0.004,0.03
0,TYV6-FAS-M6-0040,"M6 Cap Screw 40",FAS,M6,"Steel AISI 4340",Class 3,0.004,0.03
0,TYV6-FAS-M6-0041,"M6 Cap Screw 41",FAS,M6,"Steel AISI 4340",Class 3,0.004,0.03
0,TYV6-FAS-M6-0042,"M6 Cap Screw 42",FAS,M6,"Steel AISI 4340",Class 3,0.004,0.03
0,TYV6-FAS-M6-0043,"M6 Cap Screw 43",FAS,M6,"Steel AISI 4340",Class 3,0.004,0.03
0,TYV6-FAS-M6-0044,"M6 Cap Screw 44",FAS,M6,"Steel AISI 4340",Class 3,0.004,0.03
0,TYV6-FAS-M6-0045,"M6 Cap Screw 45",FAS,M6,"Steel AISI 4340",Class 3,0.004,0.03
0,TYV6-FAS-M6-0046,"M6 Cap Screw 46",FAS,M6,"Steel AISI 4340",Class 3,0.004,0.03
0,TYV6-FAS-M6-0047,"M6 Cap Screw 47",FAS,M6,"Steel AISI 4340",Class 3,0.004,0.03
0,TYV6-FAS-M6-0048,"M6 Cap Screw 48",FAS,M6,"Steel AISI 4340",Class 3,0.004,0.03
0,TYV6-FAS-M6-0049,"M6 Cap Screw 49",FAS,M6,"Steel AISI 4340",Class 3,0.004,0.03
0,TYV6-FAS-M6-0050,"M6 Cap Screw 50",FAS,M6,"Steel AISI 4340",Class 3,0.004,0.03
0,TYV6-FAS-M6-0051,"M6 Cap Screw 51",FAS,M6,"Steel AISI 4340",Class 3,0.004,0.03
0,TYV6-FAS-M6-0052,"M6 Cap Screw 52",FAS,M6,"Steel AISI 4340",Class 3,0.004,0.03
0,TYV6-FAS-M6-0053,"M6 Cap Screw 53",FAS,M6,"Steel AISI 4340",Class 3,0.004,0.03
0,TYV6-FAS-M6-0054,"M6 Cap Screw 54",FAS,M6,"Steel AISI 4340",Class 3,0.004,0.03
0,TYV6-FAS-M6-0055,"M6 Cap Screw 55",FAS,M6,"Steel AISI 4340",Class 3,0.004,0.03
0,TYV6-FAS-M6-0056,"M6 Cap Screw 56",FAS,M6,"Steel AISI 4340",Class 3,0.004,0.03
0,TYV6-FAS-M6-0057,"M6 Cap Screw 57",FAS,M6,"Steel AISI 4340",Class 3,0.004,0.03
0,TYV6-FAS-M6-0058,"M6 Cap Screw 58",FAS,M6,"Steel AISI 4340",Class 3,0.004,0.03
0,TYV6-FAS-M6-0059,"M6 Cap Screw 59",FAS,M6,"Steel AISI 4340",Class 3,0.004,0.03
0,TYV6-FAS-M6-0060,"M6 Cap Screw 60",FAS,M6,"Steel AISI 4340",Class 3,0.004,0.03
0,TYV6-FAS-WSH-0001,"M6 Washer 1",FAS,WSH,"Steel AISI 4340",Class 3,0,0
0,TYV6-FAS-WSH-0002,"M6 Washer 2",FAS,WSH,"Steel AISI 4340",Class 3,0,0
0,TYV6-FAS-WSH-0003,"M6 Washer 3",FAS,WSH,"Steel AISI 4340",Class 3,0,0
0,TYV6-FAS-WSH-0004,"M6 Washer 4",FAS,WSH,"Steel AISI 4340",Class 3,0,0
0,TYV6-FAS-WSH-0005,"M6 Washer 5",FAS,WSH,"Steel AISI 4340",Class 3,0,0
0,TYV6-FAS-WSH-0006,"M6 Washer 6",FAS,WSH,"Steel AISI 4340",Class 3,0,0
0,TYV6-FAS-WSH-0007,"M6 Washer 7",FAS,WSH,"Steel AISI 4340",Class 3,0,0
0,TYV6-FAS-WSH-0008,"M6 Washer 8",FAS,WSH,"Steel AISI 4340",Class 3,0,0
0,TYV6-FAS-WSH-0009,"M6 Washer 9",FAS,WSH,"Steel AISI 4340",Class 3,0,0
0,TYV6-FAS-WSH-0010,"M6 Washer 10",FAS,WSH,"Steel AISI 4340",Class 3,0,0
0,TYV6-FAS-WSH-0011,"M6 Washer 11",FAS,WSH,"Steel AISI 4340",Class 3,0,0
0,TYV6-FAS-WSH-0012,"M6 Washer 12",FAS,WSH,"Steel AISI 4340",Class 3,0,0
0,TYV6-FAS-WSH-0013,"M6 Washer 13",FAS,WSH,"Steel AISI 4340",Class 3,0,0
0,TYV6-FAS-WSH-0014,"M6 Washer 14",FAS,WSH,"Steel AISI 4340",Class 3,0,0
0,TYV6-FAS-WSH-0015,"M6 Washer 15",FAS,WSH,"Steel AISI 4340",Class 3,0,0
0,TYV6-FAS-WSH-0016,"M6 Washer 16",FAS,WSH,"Steel AISI 4340",Class 3,0,0
0,TYV6-FAS-WSH-0017,"M6 Washer 17",FAS,WSH,"Steel AISI 4340",Class 3,0,0
0,TYV6-FAS-WSH-0018,"M6 Washer 18",FAS,WSH,"Steel AISI 4340",Class 3,0,0
0,TYV6-FAS-WSH-0019,"M6 Washer 19",FAS,WSH,"Steel AISI 4340",Class 3,0,0
0,TYV6-FAS-WSH-0020,"M6 Washer 20",FAS,WSH,"Steel AISI 4340",Class 3,0,0
0,TYV6-FAS-WSH-0021,"M6 Washer 21",FAS,WSH,"Steel AISI 4340",Class 3,0,0
0,TYV6-FAS-WSH-0022,"M6 Washer 22",FAS,WSH,"Steel AISI 4340",Class 3,0,0
0,TYV6-FAS-WSH-0023,"M6 Washer 23",FAS,WSH,"Steel AISI 4340",Class 3,0,0
0,TYV6-FAS-WSH-0024,"M6 Washer 24",FAS,WSH,"Steel AISI 4340",Class 3,0,0
0,TYV6-FAS-WSH-0025,"M6 Washer 25",FAS,WSH,"Steel AISI 4340",Class 3,0,0
0,TYV6-FAS-WSH-0026,"M6 Washer 26",FAS,WSH,"Steel AISI 4340",Class 3,0,0
0,TYV6-FAS-WSH-0027,"M6 Washer 27",FAS,WSH,"Steel AISI 4340",Class 3,0,0
0,TYV6-FAS-WSH-0028,"M6 Washer 28",FAS,WSH,"Steel AISI 4340",Class 3,0,0
0,TYV6-FAS-WSH-0029,"M6 Washer 29",FAS,WSH,"Steel AISI 4340",Class 3,0,0
0,TYV6-FAS-WSH-0030,"M6 Washer 30",FAS,WSH,"Steel AISI 4340",Class 3,0,0
0,TYV6-FAS-WSH-0031,"M6 Washer 31",FAS,WSH,"Steel AISI 4340",Class 3,0,0
0,TYV6-FAS-WSH-0032,"M6 Washer 32",FAS,WSH,"Steel AISI 4340",Class 3,0,0
0,TYV6-FAS-WSH-0033,"M6 Washer 33",FAS,WSH,"Steel AISI 4340",Class 3,0,0
0,TYV6-FAS-WSH-0034,"M6 Washer 34",FAS,WSH,"Steel AISI 4340",Class 3,0,0
0,TYV6-FAS-WSH-0035,"M6 Washer 35",FAS,WSH,"Steel AISI 4340",Class 3,0,0
0,TYV6-FAS-WSH-0036,"M6 Washer 36",FAS,WSH,"Steel AISI 4340",Class 3,0,0
0,TYV6-FAS-WSH-0037,"M6 Washer 37",FAS,WSH,"Steel AISI 4340",Class 3,0,0
0,TYV6-FAS-WSH-0038,"M6 Washer 38",FAS,WSH,"Steel AISI 4340",Class 3,0,0
0,TYV6-FAS-WSH-0039,"M6 Washer 39",FAS,WSH,"Steel AISI 4340",Class 3,0,0
0,TYV6-FAS-WSH-0040,"M6 Washer 40",FAS,WSH,"Steel AISI 4340",Class 3,0,0
0,TYV6-FAS-WSH-0041,"M6 Washer 41",FAS,WSH,"Steel AISI 4340",Class 3,0,0
0,TYV6-FAS-WSH-0042,"M6 Washer 42",FAS,WSH,"Steel AISI 4340",Class 3,0,0
0,TYV6-FAS-WSH-0043,"M6 Washer 43",FAS,WSH,"Steel AISI 4340",Class 3,0,0
0,TYV6-FAS-WSH-0044,"M6 Washer 44",FAS,WSH,"Steel AISI 4340",Class 3,0,0
0,TYV6-FAS-WSH-0045,"M6 Washer 45",FAS,WSH,"Steel AISI 4340",Class 3,0,0
0,TYV6-FAS-WSH-0046,"M6 Washer 46",FAS,WSH,"Steel AISI 4340",Class 3,0,0
0,TYV6-FAS-WSH-0047,"M6 Washer 47",FAS,WSH,"Steel AISI 4340",Class 3,0,0
0,TYV6-FAS-WSH-0048,"M6 Washer 48",FAS,WSH,"Steel AISI 4340",Class 3,0,0
0,TYV6-FAS-WSH-0049,"M6 Washer 49",FAS,WSH,"Steel AISI 4340",Class 3,0,0
0,TYV6-FAS-WSH-0050,"M6 Washer 50",FAS,WSH,"Steel AISI 4340",Class 3,0,0
0,TYV6-FAS-WSH-0051,"M6 Washer 51",FAS,WSH,"Steel AISI 4340",Class 3,0,0
0,TYV6-FAS-WSH-0052,"M6 Washer 52",FAS,WSH,"Steel AISI 4340",Class 3,0,0
0,TYV6-FAS-WSH-0053,"M6 Washer 53",FAS,WSH,"Steel AISI 4340",Class 3,0,0
0,TYV6-FAS-WSH-0054,"M6 Washer 54",FAS,WSH,"Steel AISI 4340",Class 3,0,0
0,TYV6-FAS-WSH-0055,"M6 Washer 55",FAS,WSH,"Steel AISI 4340",Class 3,0,0
0,TYV6-FAS-WSH-0056,"M6 Washer 56",FAS,WSH,"Steel AISI 4340",Class 3,0,0
0,TYV6-FAS-WSH-0057,"M6 Washer 57",FAS,WSH,"Steel AISI 4340",Class 3,0,0
0,TYV6-FAS-WSH-0058,"M6 Washer 58",FAS,WSH,"Steel AISI 4340",Class 3,0,0
0,TYV6-FAS-WSH-0059,"M6 Washer 59",FAS,WSH,"Steel AISI 4340",Class 3,0,0
0,TYV6-FAS-WSH-0060,"M6 Washer 60",FAS,WSH,"Steel AISI 4340",Class 3,0,0
0,TYV6-FAS-LCK-0001,"Lock Nut 1",FAS,LCK,"Steel AISI 4340",Class 3,0.003,0.02
0,TYV6-FAS-LCK-0002,"Lock Nut 2",FAS,LCK,"Steel AISI 4340",Class 3,0.003,0.02
0,TYV6-FAS-LCK-0003,"Lock Nut 3",FAS,LCK,"Steel AISI 4340",Class 3,0.003,0.02
0,TYV6-FAS-LCK-0004,"Lock Nut 4",FAS,LCK,"Steel AISI 4340",Class 3,0.003,0.02
0,TYV6-FAS-LCK-0005,"Lock Nut 5",FAS,LCK,"Steel AISI 4340",Class 3,0.003,0.02
0,TYV6-FAS-LCK-0006,"Lock Nut 6",FAS,LCK,"Steel AISI 4340",Class 3,0.003,0.02
0,TYV6-FAS-LCK-0007,"Lock Nut 7",FAS,LCK,"Steel AISI 4340",Class 3,0.003,0.02
0,TYV6-FAS-LCK-0008,"Lock Nut 8",FAS,LCK,"Steel AISI 4340",Class 3,0.003,0.02
0,TYV6-FAS-LCK-0009,"Lock Nut 9",FAS,LCK,"Steel AISI 4340",Class 3,0.003,0.02
0,TYV6-FAS-LCK-0010,"Lock Nut 10",FAS,LCK,"Steel AISI 4340",Class 3,0.003,0.02
0,TYV6-FAS-LCK-0011,"Lock Nut 11",FAS,LCK,"Steel AISI 4340",Class 3,0.003,0.02
0,TYV6-FAS-LCK-0012,"Lock Nut 12",FAS,LCK,"Steel AISI 4340",Class 3,0.003,0.02
0,TYV6-FAS-LCK-0013,"Lock Nut 13",FAS,LCK,"Steel AISI 4340",Class 3,0.003,0.02
0,TYV6-FAS-LCK-0014,"Lock Nut 14",FAS,LCK,"Steel AISI 4340",Class 3,0.003,0.02
0,TYV6-FAS-LCK-0015,"Lock Nut 15",FAS,LCK,"Steel AISI 4340",Class 3,0.003,0.02
0,TYV6-FAS-LCK-0016,"Lock Nut 16",FAS,LCK,"Steel AISI 4340",Class 3,0.003,0.02
0,TYV6-FAS-LCK-0017,"Lock Nut 17",FAS,LCK,"Steel AISI 4340",Class 3,0.003,0.02
0,TYV6-FAS-LCK-0018,"Lock Nut 18",FAS,LCK,"Steel AISI 4340",Class 3,0.003,0.02
0,TYV6-FAS-LCK-0019,"Lock Nut 19",FAS,LCK,"Steel AISI 4340",Class 3,0.003,0.02
0,TYV6-FAS-LCK-0020,"Lock Nut 20",FAS,LCK,"Steel AISI 4340",Class 3,0.003,0.02
0,TYV6-FAS-LCK-0021,"Lock Nut 21",FAS,LCK,"Steel AISI 4340",Class 3,0.003,0.02
0,TYV6-FAS-LCK-0022,"Lock Nut 22",FAS,LCK,"Steel AISI 4340",Class 3,0.003,0.02
0,TYV6-FAS-LCK-0023,"Lock Nut 23",FAS,LCK,"Steel AISI 4340",Class 3,0.003,0.02
0,TYV6-FAS-LCK-0024,"Lock Nut 24",FAS,LCK,"Steel AISI 4340",Class 3,0.003,0.02
0,TYV6-FAS-DWL-0001,"Dowel Pin 1",FAS,DWL,"Steel AISI 4340",Class 3,0.004,0.03
0,TYV6-FAS-DWL-0002,"Dowel Pin 2",FAS,DWL,"Steel AISI 4340",Class 3,0.004,0.03
0,TYV6-FAS-DWL-0003,"Dowel Pin 3",FAS,DWL,"Steel AISI 4340",Class 3,0.004,0.03
0,TYV6-FAS-DWL-0004,"Dowel Pin 4",FAS,DWL,"Steel AISI 4340",Class 3,0.004,0.03
0,TYV6-FAS-DWL-0005,"Dowel Pin 5",FAS,DWL,"Steel AISI 4340",Class 3,0.004,0.03
0,TYV6-FAS-DWL-0006,"Dowel Pin 6",FAS,DWL,"Steel AISI 4340",Class 3,0.004,0.03
0,TYV6-FAS-DWL-0007,"Dowel Pin 7",FAS,DWL,"Steel AISI 4340",Class 3,0.004,0.03
0,TYV6-FAS-DWL-0008,"Dowel Pin 8",FAS,DWL,"Steel AISI 4340",Class 3,0.004,0.03
0,TYV6-FAS-DWL-0009,"Dowel Pin 9",FAS,DWL,"Steel AISI 4340",Class 3,0.004,0.03
0,TYV6-FAS-DWL-0010,"Dowel Pin 10",FAS,DWL,"Steel AISI 4340",Class 3,0.004,0.03
0,TYV6-FAS-DWL-0011,"Dowel Pin 11",FAS,DWL,"Steel AISI 4340",Class 3,0.004,0.03
0,TYV6-FAS-DWL-0012,"Dowel Pin 12",FAS,DWL,"Steel AISI 4340",Class 3,0.004,0.03
0,TYV6-FAS-DWL-0013,"Dowel Pin 13",FAS,DWL,"Steel AISI 4340",Class 3,0.004,0.03
0,TYV6-FAS-DWL-0014,"Dowel Pin 14",FAS,DWL,"Steel AISI 4340",Class 3,0.004,0.03
0,TYV6-FAS-DWL-0015,"Dowel Pin 15",FAS,DWL,"Steel AISI 4340",Class 3,0.004,0.03
0,TYV6-FAS-DWL-0016,"Dowel Pin 16",FAS,DWL,"Steel AISI 4340",Class 3,0.004,0.03