Item,Name,Category,Subsystem,Material,Class,Qty,Unit_Mass_kg,Unit_Cost_USD,Ext_Mass_kg,Ext_Cost_USD,Supplier,Lead_Weeks,Sample_PartID
1042,"Fuse 1",ELEC,FUS,"ABS Plastic",Class 3,2,0.02,0.1,0.04,0.2,"TBD",4,TYV6-ELEC-FUS-0001
1043,"Fuse 2",ELEC,FUS,"ABS Plastic",Class 3,2,0.02,0.1,0.04,0.2,"TBD",4,TYV6-ELEC-FUS-0002
1044,"Fuse 3",ELEC,FUS,"ABS Plastic",Class 3,2,0.02,0.1,0.04,0.2,"TBD",4,TYV6-ELEC-FUS-0003
1045,"Fuse 4",ELEC,FUS,"ABS Plastic",Class 3,2,0.02,0.1,0.04,0.2,"TBD",4,TYV6-ELEC-FUS-0004
1,"Cylinder Block (Aluminum, Open-Deck V6 60°)",BLK,CST,"Aluminum 6061-T6",Class 3,1,77.276,618.21,77.276,618.21,"Alcoa",4,TYV6-BLK-CST-0001
2,"Cylinder Liner 1-A",BLK,LNR,"Cast Iron",Class 3,1,0.365,1.82,0.365,1.82,"TBD",4,TYV6-BLK-LNR-0001
3,"Cylinder Liner 2-A",BLK,LNR,"Cast Iron",Class 3,1,0.365,1.82,0.365,1.82,"TBD",4,TYV6-BLK-LNR-0002
4,"Cylinder Liner 3-A",BLK,LNR,"Cast Iron",Class 3,1,0.365,1.82,0.365,1.82,"TBD",4,TYV6-BLK-LNR-0003
5,"Cylinder Liner 1-B",BLK,LNR,"Cast Iron",Class 3,1,0.365,1.82,0.365,1.82,"TBD",4,TYV6-BLK-LNR-0004
6,"Cylinder Liner 2-B",BLK,LNR,"Cast Iron",Class 3,1,0.365,1.82,0.365,1.82,"TBD",4,TYV6-BLK-LNR-0005
7,"Cylinder Liner 3-B",BLK,LNR,"Cast Iron",Class 3,1,0.365,1.82,0.365,1.82,"TBD",4,TYV6-BLK-LNR-0006
8,"Main Bearing Cap 1 (Cross-Bolted)",BLK,MBC,"Steel AISI 4340",Class 3,1,1.766,10.6,1.766,10.6,"Carpenter Technology",4,TYV6-BLK-MBC-0001
9,"Main Bearing Cap 2 (Cross-Bolted)",BLK,MBC,"Steel AISI 4340",Class 3,1,1.766,10.6,1.766,10.6,"Carpenter Technology",4,TYV6-BLK-MBC-0002
10,"Main Bearing Cap 3 (Cross-Bolted)",BLK,MBC,"Steel AISI 4340",Class 3,1,1.766,10.6,1.766,10.6,"Carpenter Technology",4,TYV6-BLK-MBC-0003
11,"Main Bearing Cap 4 (Cross-Bolted)",BLK,MBC,"Steel AISI 4340",Class 3,1,1.766,10.6,1.766,10.6,"Carpenter Technology",4,TYV6-BLK-MBC-0004
12,"Block Top Deck Plate (Bore deck)",BLK,DCK,"Aluminum 6061-T6",Class 3,1,3.021,24.17,3.021,24.17,"Alcoa",4,TYV6-BLK-DCK-0001
13,"Cylinder Head A (DOHC 24-V Atkinson)",HEAD,CST,"Aluminum 6061-T6",Class 3,1,14.04,112.32,14.04,112.32,"Alcoa",4,TYV6-HEAD-CST-0001
14,"Head Gasket Bank A (MLS)",HEAD,GSK,"Stainless Steel 316",Class 3,1,0.48,5.76,0.48,5.76,"Carpenter Technology",4,TYV6-HEAD-GSK-0001
15,"Valve Cover Bank A",HEAD,COV,"Aluminum 6061-T6",Class 3,1,1.4,11.2,1.4,11.2,"Alcoa",4,TYV6-HEAD-COV-0001
16,"Cylinder Head B (DOHC 24-V Atkinson)",HEAD,CST,"Aluminum 6061-T6",Class 3,1,14.04,112.32,14.04,112.32,"Alcoa",4,TYV6-HEAD-CST-0002
17,"Head Gasket Bank B (MLS)",HEAD,GSK,"Stainless Steel 316",Class 3,1,0.48,5.76,0.48,5.76,"Carpenter Technology",4,TYV6-HEAD-GSK-0002
18,"Valve Cover Bank B",HEAD,COV,"Aluminum 6061-T6",Class 3,1,1.4,11.2,1.4,11.2,"Alcoa",4,TYV6-HEAD-COV-0002
19,"Crankshaft (Forged 4140 Steel, 6-throw)",CRNK,SFT,"Steel AISI 4340",Class 3,1,11.027,66.16,11.027,66.16,"Carpenter Technology",4,TYV6-CRNK-SFT-0001
20,"Crankshaft Counterweight 1",CRNK,CWT,"Steel AISI 4340",Class 3,1,2.194,13.17,2.194,13.17,"Carpenter Technology",4,TYV6-CRNK-CWT-0001
21,"Crankshaft Counterweight 2",CRNK,CWT,"Steel AISI 4340",Class 3,1,2.194,13.17,2.194,13.17,"Carpenter Technology",4,TYV6-CRNK-CWT-0002
22,"Crankshaft Counterweight 3",CRNK,CWT,"Steel AISI 4340",Class 3,1,2.194,13.17,2.194,13.17,"Carpenter Technology",4,TYV6-CRNK-CWT-0003
23,"Crankshaft Counterweight 4",CRNK,CWT,"Steel AISI 4340",Class 3,1,2.194,13.17,2.194,13.17,"Carpenter Technology",4,TYV6-CRNK-CWT-0004
24,"Crankshaft Counterweight 5",CRNK,CWT,"Steel AISI 4340",Class 3,1,2.194,13.17,2.194,13.17,"Carpenter Technology",4,TYV6-CRNK-CWT-0005
25,"Crankshaft Counterweight 6",CRNK,CWT,"Steel AISI 4340",Class 3,1,2.194,13.17,2.194,13.17,"Carpenter Technology",4,TYV6-CRNK-CWT-0006
26,"Crankshaft Counterweight 7",CRNK,CWT,"Steel AISI 4340",Class 3,1,2.194,13.17,2.194,13.17,"Carpenter Technology",4,TYV6-CRNK-CWT-0007
27,"Crankshaft Counterweight 8",CRNK,CWT,"Steel AISI 4340",Class 3,1,2.194,13.17,2.194,13.17,"Carpenter Technology",4,TYV6-CRNK-CWT-0008
28,"Main Bearing Upper Half 1",BRG,MBU,"Copper C11000",Class 3,1,0.106,1.69,0.106,1.69,"Mueller Industries",4,TYV6-BRG-MBU-0001
29,"Main Bearing Lower Half 1",BRG,MBL,"Copper C11000",Class 3,1,0.106,1.69,0.106,1.69,"Mueller Industries",4,TYV6-BRG-MBL-0001
30,"Main Bearing Upper Half 2",BRG,MBU,"Copper C11000",Class 3,1,0.106,1.69,0.106,1.69,"Mueller Industries",4,TYV6-BRG-MBU-0002
31,"Main Bearing Lower Half 2",BRG,MBL,"Copper C11000",Class 3,1,0.106,1.69,0.106,1.69,"Mueller Industries",4,TYV6-BRG-MBL-0002
32,"Main Bearing Upper Half 3",BRG,MBU,"Copper C11000",Class 3,1,0.106,1.69,0.106,1.69,"Mueller Industries",4,TYV6-BRG-MBU-0003
33,"Main Bearing Lower Half 3",BRG,MBL,"Copper C11000",Class 3,1,0.106,1.69,0.106,1.69,"Mueller Industries",4,TYV6-BRG-MBL-0003
34,"Main Bearing Upper Half 4",BRG,MBU,"Copper C11000",Class 3,1,0.106,1.69,0.106,1.69,"Mueller Industries",4,TYV6-BRG-MBU-0004
35,"Main Bearing Lower Half 4",BRG,MBL,"Copper C11000",Class 3,1,0.106,1.69,0.106,1.69,"Mueller Industries",4,TYV6-BRG-MBL-0004
36,"Thrust Bearing Washer 1",BRG,THR,"Copper C11000",Class 3,1,0.059,0.94,0.059,0.94,"Mueller Industries",4,TYV6-BRG-THR-0001
37,"Thrust Bearing Washer 2",BRG,THR,"Copper C11000",Class 3,1,0.059,0.94,0.059,0.94,"Mueller Industries",4,TYV6-BRG-THR-0002
38,"Crankshaft Front Damper Pulley (TVD)",CRNK,PUL,"Steel AISI 4340",Class 3,1,3.921,23.52,3.921,23.52,"Carpenter Technology",4,TYV6-CRNK-PUL-0001
39,"Crank Position Reluctor Ring (36-1 tooth)",CRNK,REL,"Steel AISI 1020",Class 3,1,0.152,0.76,0.152,0.76,"TBD",4,TYV6-CRNK-REL-0001
40,"Flexplate (interfaces to hybrid power-split)",CRNK,FLX,"Steel AISI 4340",Class 3,1,3.861,23.16,3.861,23.16,"Carpenter Technology",4,TYV6-CRNK-FLX-0001
41,"Connecting Rod 1-A",ROD,BDY,"Steel AISI 4340",Class 3,1,0.453,2.72,0.453,2.72,"Carpenter Technology",4,TYV6-ROD-BDY-0001
42,"Rod Big-End Cap 1-A",ROD,CAP,"Steel AISI 4340",Class 3,1,0.088,0.53,0.088,0.53,"Carpenter Technology",4,TYV6-ROD-CAP-0001
43,"Rod Bearing Half 1-A Up",BRG,ROD,"Copper C11000",Class 3,1,0.087,1.39,0.087,1.39,"Mueller Industries",4,TYV6-BRG-ROD-0001
44,"Rod Bearing Half 1-A Lo",BRG,ROD,"Copper C11000",Class 3,1,0.087,1.39,0.087,1.39,"Mueller Industries",4,TYV6-BRG-ROD-0002
45,"Wrist Pin 1-A",ROD,PIN,"Steel AISI 4340",Class 3,1,0.208,1.25,0.208,1.25,"Carpenter Technology",2,TYV6-ROD-PIN-0001
46,"Small-End Bushing 1-A",BRG,BUS,"Copper C11000",Class 3,1,0.018,0.28,0.018,0.28,"Mueller Industries",4,TYV6-BRG-BUS-0001
47,"Connecting Rod 2-A",ROD,BDY,"Steel AISI 4340",Class 3,1,0.453,2.72,0.453,2.72,"Carpenter Technology",4,TYV6-ROD-BDY-0002
48,"Rod Big-End Cap 2-A",ROD,CAP,"Steel AISI 4340",Class 3,1,0.088,0.53,0.088,0.53,"Carpenter Technology",4,TYV6-ROD-CAP-0002
49,"Rod Bearing Half 2-A Up",BRG,ROD,"Copper C11000",Class 3,1,0.087,1.39,0.087,1.39,"Mueller Industries",4,TYV6-BRG-ROD-0003
50,"Rod Bearing Half 2-A Lo",BRG,ROD,"Copper C11000",Class 3,1,0.087,1.39,0.087,1.39,"Mueller Industries",4,TYV6-BRG-ROD-0004
51,"Wrist Pin 2-A",ROD,PIN,"Steel AISI 4340",Class 3,1,0.208,1.25,0.208,1.25,"Carpenter Technology",2,TYV6-ROD-PIN-0002
52,"Small-End Bushing 2-A",BRG,BUS,"Copper C11000",Class 3,1,0.018,0.28,0.018,0.28,"Mueller Industries",4,TYV6-BRG-BUS-0002
53,"Connecting Rod 3-A",ROD,BDY,"Steel AISI 4340",Class 3,1,0.453,2.72,0.453,2.72,"Carpenter Technology",4,TYV6-ROD-BDY-0003
54,"Rod Big-End Cap 3-A",ROD,CAP,"Steel AISI 4340",Class 3,1,0.088,0.53,0.088,0.53,"Carpenter Technology",4,TYV6-ROD-CAP-0003
55,"Rod Bearing Half 3-A Up",BRG,ROD,"Copper C11000",Class 3,1,0.087,1.39,0.087,1.39,"Mueller Industries",4,TYV6-BRG-ROD-0005
56,"Rod Bearing Half 3-A Lo",BRG,ROD,"Copper C11000",Class 3,1,0.087,1.39,0.087,1.39,"Mueller Industries",4,TYV6-BRG-ROD-0006
57,"Wrist Pin 3-A",ROD,PIN,"Steel AISI 4340",Class 3,1,0.208,1.25,0.208,1.25,"Carpenter Technology",2,TYV6-ROD-PIN-0003
58,"Small-End Bushing 3-A",BRG,BUS,"Copper C11000",Class 3,1,0.018,0.28,0.018,0.28,"Mueller Industries",4,TYV6-BRG-BUS-0003
59,"Connecting Rod 1-B",ROD,BDY,"Steel AISI 4340",Class 3,1,0.453,2.72,0.453,2.72,"Carpenter Technology",4,TYV6-ROD-BDY-0004
60,"Rod Big-End Cap 1-B",ROD,CAP,"Steel AISI 4340",Class 3,1,0.088,0.53,0.088,0.53,"Carpenter Technology",4,TYV6-ROD-CAP-0004
61,"Rod Bearing Half 1-B Up",BRG,ROD,"Copper C11000",Class 3,1,0.087,1.39,0.087,1.39,"Mueller Industries",4,TYV6-BRG-ROD-0007
62,"Rod Bearing Half 1-B Lo",BRG,ROD,"Copper C11000",Class 3,1,0.087,1.39,0.087,1.39,"Mueller Industries",4,TYV6-BRG-ROD-0008
63,"Wrist Pin 1-B",ROD,PIN,"Steel AISI 4340",Class 3,1,0.208,1.25,0.208,1.25,"Carpenter Technology",2,TYV6-ROD-PIN-0004
64,"Small-End Bushing 1-B",BRG,BUS,"Copper C11000",Class 3,1,0.018,0.28,0.018,0.28,"Mueller Industries",4,TYV6-BRG-BUS-0004
65,"Connecting Rod 2-B",ROD,BDY,"Steel AISI 4340",Class 3,1,0.453,2.72,0.453,2.72,"Carpenter Technology",4,TYV6-ROD-BDY-0005
66,"Rod Big-End Cap 2-B",ROD,CAP,"Steel AISI 4340",Class 3,1,0.088,0.53,0.088,0.53,"Carpenter Technology",4,TYV6-ROD-CAP-0005
67,"Rod Bearing Half 2-B Up",BRG,ROD,"Copper C11000",Class 3,1,0.087,1.39,0.087,1.39,"Mueller Industries",4,TYV6-BRG-ROD-0009
68,"Rod Bearing Half 2-B Lo",BRG,ROD,"Copper C11000",Class 3,1,0.087,1.39,0.087,1.39,"Mueller Industries",4,TYV6-BRG-ROD-0010
69,"Wrist Pin 2-B",ROD,PIN,"Steel AISI 4340",Class 3,1,0.208,1.25,0.208,1.25,"Carpenter Technology",2,TYV6-ROD-PIN-0005
70,"Small-End Bushing 2-B",BRG,BUS,"Copper C11000",Class 3,1,0.018,0.28,0.018,0.28,"Mueller Industries",4,TYV6-BRG-BUS-0005
71,"Connecting Rod 3-B",ROD,BDY,"Steel AISI 4340",Class 3,1,0.453,2.72,0.453,2.72,"Carpenter Technology",4,TYV6-ROD-BDY-0006
72,"Rod Big-End Cap 3-B",ROD,CAP,"Steel AISI 4340",Class 3,1,0.088,0.53,0.088,0.53,"Carpenter Technology",4,TYV6-ROD-CAP-0006
73,"Rod Bearing Half 3-B Up",BRG,ROD,"Copper C11000",Class 3,1,0.087,1.39,0.087,1.39,"Mueller Industries",4,TYV6-BRG-ROD-0011
74,"Rod Bearing Half 3-B Lo",BRG,ROD,"Copper C11000",Class 3,1,0.087,1.39,0.087,1.39,"Mueller Industries",4,TYV6-BRG-ROD-0012
75,"Wrist Pin 3-B",ROD,PIN,"Steel AISI 4340",Class 3,1,0.208,1.25,0.208,1.25,"Carpenter Technology",2,TYV6-ROD-PIN-0006
76,"Small-End Bushing 3-B",BRG,BUS,"Copper C11000",Class 3,1,0.018,0.28,0.018,0.28,"Mueller Industries",4,TYV6-BRG-BUS-0006
77,"Piston 1-A (forged AlSi)",PIST,BDY,"Aluminum 6061-T6",Class 3,1,1.068,8.54,1.068,8.54,"Alcoa",4,TYV6-PIST-BDY-0001
78,"Top Compression Ring 1-A",PIST,RG1,"Cast Iron",Class 3,1,0,0,0,0,"TBD",4,TYV6-PIST-RG1-0001
79,"Second Compression Ring 1-A",PIST,RG2,"Cast Iron",Class 3,1,0,0,0,0,"TBD",4,TYV6-PIST-RG2-0001
80,"Oil Control Ring 1-A pc1",PIST,RGO,"Cast Iron",Class 3,1,0,0,0,0,"TBD",4,TYV6-PIST-RGO-0001
81,"Oil Control Ring 1-A pc2",PIST,RGO,"Cast Iron",Class 3,1,0,0,0,0,"TBD",4,TYV6-PIST-RGO-0002
82,"Oil Control Ring 1-A pc3",PIST,RGO,"Cast Iron",Class 3,1,0,0,0,0,"TBD",4,TYV6-PIST-RGO-0003
83,"Wrist-Pin Circlip 1-A 1",PIST,CLP,"Steel AISI 4340",Class 3,1,0,0,0,0,"Carpenter Technology",4,TYV6-PIST-CLP-0001
84,"Wrist-Pin Circlip 1-A 2",PIST,CLP,"Steel AISI 4340",Class 3,1,0,0,0,0,"Carpenter Technology",4,TYV6-PIST-CLP-0002
85,"Piston 2-A (forged AlSi)",PIST,BDY,"Aluminum 6061-T6",Class 3,1,1.068,8.54,1.068,8.54,"Alcoa",4,TYV6-PIST-BDY-0002
86,"Top Compression Ring 2-A",PIST,RG1,"Cast Iron",Class 3,1,0,0,0,0,"TBD",4,TYV6-PIST-RG1-0002
87,"Second Compression Ring 2-A",PIST,RG2,"Cast Iron",Class 3,1,0,0,0,0,"TBD",4,TYV6-PIST-RG2-0002
88,"Oil Control Ring 2-A pc1",PIST,RGO,"Cast Iron",Class 3,1,0,0,0,0,"TBD",4,TYV6-PIST-RGO-0004
89,"Oil Control Ring 2-A pc2",PIST,RGO,"Cast Iron",Class 3,1,0,0,0,0,"TBD",4,TYV6-PIST-RGO-0005
90,"Oil Control Ring 2-A pc3",PIST,RGO,"Cast Iron",Class 3,1,0,0,0,0,"TBD",4,TYV6-PIST-RGO-0006
91,"Wrist-Pin Circlip 2-A 1",PIST,CLP,"Steel AISI 4340",Class 3,1,0,0,0,0,"Carpenter Technology",4,TYV6-PIST-CLP-0003
92,"Wrist-Pin Circlip 2-A 2",PIST,CLP,"Steel AISI 4340",Class 3,1,0,0,0,0,"Carpenter Technology",4,TYV6-PIST-CLP-0004
93,"Piston 3-A (forged AlSi)",PIST,BDY,"Aluminum 6061-T6",Class 3,1,1.068,8.54,1.068,8.54,"Alcoa",4,TYV6-PIST-BDY-0003
94,"Top Compression Ring 3-A",PIST,RG1,"Cast Iron",Class 3,1,0,0,0,0,"TBD",4,TYV6-PIST-RG1-0003
95,"Second Compression Ring 3-A",PIST,RG2,"Cast Iron",Class 3,1,0,0,0,0,"TBD",4,TYV6-PIST-RG2-0003
96,"Oil Control Ring 3-A pc1",PIST,RGO,"Cast Iron",Class 3,1,0,0,0,0,"TBD",4,TYV6-PIST-RGO-0007
97,"Oil Control Ring 3-A pc2",PIST,RGO,"Cast Iron",Class 3,1,0,0,0,0,"TBD",4,TYV6-PIST-RGO-0008
98,"Oil Control Ring 3-A pc3",PIST,RGO,"Cast Iron",Class 3,1,0,0,0,0,"TBD",4,TYV6-PIST-RGO-0009
99,"Wrist-Pin Circlip 3-A 1",PIST,CLP,"Steel AISI 4340",Class 3,1,0,0,0,0,"Carpenter Technology",4,TYV6-PIST-CLP-0005
100,"Wrist-Pin Circlip 3-A 2",PIST,CLP,"Steel AISI 4340",Class 3,1,0,0,0,0,"Carpenter Technology",4,TYV6-PIST-CLP-0006
101,"Piston 1-B (forged AlSi)",PIST,BDY,"Aluminum 6061-T6",Class 3,1,1.068,8.54,1.068,8.54,"Alcoa",4,TYV6-PIST-BDY-0004
102,"Top Compression Ring 1-B",PIST,RG1,"Cast Iron",Class 3,1,0,0,0,0,"TBD",4,TYV6-PIST-RG1-0004
103,"Second Compression Ring 1-B",PIST,RG2,"Cast Iron",Class 3,1,0,0,0,0,"TBD",4,TYV6-PIST-RG2-0004
104,"Oil Control Ring 1-B pc1",PIST,RGO,"Cast Iron",Class 3,1,0,0,0,0,"TBD",4,TYV6-PIST-RGO-0010
105,"Oil Control Ring 1-B pc2",PIST,RGO,"Cast Iron",Class 3,1,0,0,0,0,"TBD",4,TYV6-PIST-RGO-0011
106,"Oil Control Ring 1-B pc3",PIST,RGO,"Cast Iron",Class 3,1,0,0,0,0,"TBD",4,TYV6-PIST-RGO-0012
107,"Wrist-Pin Circlip 1-B 1",PIST,CLP,"Steel AISI 4340",Class 3,1,0,0,0,0,"Carpenter Technology",4,TYV6-PIST-CLP-0007
108,"Wrist-Pin Circlip 1-B 2",PIST,CLP,"Steel AISI 4340",Class 3,1,0,0,0,0,"Carpenter Technology",4,TYV6-PIST-CLP-0008
109,"Piston 2-B (forged AlSi)",PIST,BDY,"Aluminum 6061-T6",Class 3,1,1.068,8.54,1.068,8.54,"Alcoa",4,TYV6-PIST-BDY-0005
110,"Top Compression Ring 2-B",PIST,RG1,"Cast Iron",Class 3,1,0,0,0,0,"TBD",4,TYV6-PIST-RG1-0005
111,"Second Compression Ring 2-B",PIST,RG2,"Cast Iron",Class 3,1,0,0,0,0,"TBD",4,TYV6-PIST-RG2-0005
112,"Oil Control Ring 2-B pc1",PIST,RGO,"Cast Iron",Class 3,1,0,0,0,0,"TBD",4,TYV6-PIST-RGO-0013
113,"Oil Control Ring 2-B pc2",PIST,RGO,"Cast Iron",Class 3,1,0,0,0,0,"TBD",4,TYV6-PIST-RGO-0014
114,"Oil Control Ring 2-B pc3",PIST,RGO,"Cast Iron",Class 3,1,0,0,0,0,"TBD",4,TYV6-PIST-RGO-0015
115,"Wrist-Pin Circlip 2-B 1",PIST,CLP,"Steel AISI 4340",Class 3,1,0,0,0,0,"Carpenter Technology",4,TYV6-PIST-CLP-0009
116,"Wrist-Pin Circlip 2-B 2",PIST,CLP,"Steel AISI 4340",Class 3,1,0,0,0,0,"Carpenter Technology",4,TYV6-PIST-CLP-0010
117,"Piston 3-B (forged AlSi)",PIST,BDY,"Aluminum 6061-T6",Class 3,1,1.068,8.54,1.068,8.54,"Alcoa",4,TYV6-PIST-BDY-0006
118,"Top Compression Ring 3-B",PIST,RG1,"Cast Iron",Class 3,1,0,0,0,0,"TBD",4,TYV6-PIST-RG1-0006
119,"Second Compression Ring 3-B",PIST,RG2,"Cast Iron",Class 3,1,0,0,0,0,"TBD",4,TYV6-PIST-RG2-0006
120,"Oil Control Ring 3-B pc1",PIST,RGO,"Cast Iron",Class 3,1,0,0,0,0,"TBD",4,TYV6-PIST-RGO-0016
121,"Oil Control Ring 3-B pc2",PIST,RGO,"Cast Iron",Class 3,1,0,0,0,0,"TBD",4,TYV6-PIST-RGO-0017
122,"Oil Control Ring 3-B pc3",PIST,RGO,"Cast Iron",Class 3,1,0,0,0,0,"TBD",4,TYV6-PIST-RGO-0018
123,"Wrist-Pin Circlip 3-B 1",PIST,CLP,"Steel AISI 4340",Class 3,1,0,0,0,0,"Carpenter Technology",4,TYV6-PIST-CLP-0011
124,"Wrist-Pin Circlip 3-B 2",PIST,CLP,"Steel AISI 4340",Class 3,1,0,0,0,0,"Carpenter Technology",4,TYV6-PIST-CLP-0012
125,"Camshaft A-IN (assembled, hollow)",CAM,IN,"Steel AISI 4340",Class 3,1,3.95,23.7,3.95,23.7,"Carpenter Technology",4,TYV6-CAM-IN-0001
126,"Camshaft A-IN Lobe 1",CAM,LBE,"Steel AISI 4340",Class 3,1,0.18,1.08,0.18,1.08,"Carpenter Technology",4,TYV6-CAM-LBE-0001
127,"Camshaft A-IN Lobe 2",CAM,LBE,"Steel AISI 4340",Class 3,1,0.18,1.08,0.18,1.08,"Carpenter Technology",4,TYV6-CAM-LBE-0002
128,"Camshaft A-IN Lobe 3",CAM,LBE,"Steel AISI 4340",Class 3,1,0.18,1.08,0.18,1.08,"Carpenter Technology",4,TYV6-CAM-LBE-0003
129,"Camshaft A-IN Lobe 4",CAM,LBE,"Steel AISI 4340",Class 3,1,0.18,1.08,0.18,1.08,"Carpenter Technology",4,TYV6-CAM-LBE-0004
130,"Camshaft A-IN Lobe 5",CAM,LBE,"Steel AISI 4340",Class 3,1,0.18,1.08,0.18,1.08,"Carpenter Technology",4,TYV6-CAM-LBE-0005
131,"Camshaft A-IN Lobe 6",CAM,LBE,"Steel AISI 4340",Class 3,1,0.18,1.08,0.18,1.08,"Carpenter Technology",4,TYV6-CAM-LBE-0006
132,"Camshaft A-IN Bearing 1",BRG,CAM,"Copper C11000",Class 3,1,0.081,1.29,0.081,1.29,"Mueller Industries",4,TYV6-BRG-CAM-0001
133,"Camshaft A-IN Bearing 2",BRG,CAM,"Copper C11000",Class 3,1,0.081,1.29,0.081,1.29,"Mueller Industries",4,TYV6-BRG-CAM-0002
134,"Camshaft A-IN Bearing 3",BRG,CAM,"Copper C11000",Class 3,1,0.081,1.29,0.081,1.29,"Mueller Industries",4,TYV6-BRG-CAM-0003
135,"Camshaft A-IN Bearing 4",BRG,CAM,"Copper C11000",Class 3,1,0.081,1.29,0.081,1.29,"Mueller Industries",4,TYV6-BRG-CAM-0004
136,"Camshaft A-IN Bearing 5",BRG,CAM,"Copper C11000",Class 3,1,0.081,1.29,0.081,1.29,"Mueller Industries",4,TYV6-BRG-CAM-0005
137,"Camshaft A-EX (assembled, hollow)",CAM,EX,"Steel AISI 4340",Class 3,1,3.95,23.7,3.95,23.7,"Carpenter Technology",4,TYV6-CAM-EX-0001
138,"Camshaft A-EX Lobe 1",CAM,LBE,"Steel AISI 4340",Class 3,1,0.18,1.08,0.18,1.08,"Carpenter Technology",4,TYV6-CAM-LBE-0007
139,"Camshaft A-EX Lobe 2",CAM,LBE,"Steel AISI 4340",Class 3,1,0.18,1.08,0.18,1.08,"Carpenter Technology",4,TYV6-CAM-LBE-0008
140,"Camshaft A-EX Lobe 3",CAM,LBE,"Steel AISI 4340",Class 3,1,0.18,1.08,0.18,1.08,"Carpenter Technology",4,TYV6-CAM-LBE-0009
141,"Camshaft A-EX Lobe 4",CAM,LBE,"Steel AISI 4340",Class 3,1,0.18,1.08,0.18,1.08,"Carpenter Technology",4,TYV6-CAM-LBE-0010
142,"Camshaft A-EX Lobe 5",CAM,LBE,"Steel AISI 4340",Class 3,1,0.18,1.08,0.18,1.08,"Carpenter Technology",4,TYV6-CAM-LBE-0011
143,"Camshaft A-EX Lobe 6",CAM,LBE,"Steel AISI 4340",Class 3,1,0.18,1.08,0.18,1.08,"Carpenter Technology",4,TYV6-CAM-LBE-0012
144,"Camshaft A-EX Bearing 1",BRG,CAM,"Copper C11000",Class 3,1,0.081,1.29,0.081,1.29,"Mueller Industries",4,TYV6-BRG-CAM-0006
145,"Camshaft A-EX Bearing 2",BRG,CAM,"Copper C11000",Class 3,1,0.081,1.29,0.081,1.29,"Mueller Industries",4,TYV6-BRG-CAM-0007
146,"Camshaft A-EX Bearing 3",BRG,CAM,"Copper C11000",Class 3,1,0.081,1.29,0.081,1.29,"Mueller Industries",4,TYV6-BRG-CAM-0008
147,"Camshaft A-EX Bearing 4",BRG,CAM,"Copper C11000",Class 3,1,0.081,1.29,0.081,1.29,"Mueller Industries",4,TYV6-BRG-CAM-0009
148,"Camshaft A-EX Bearing 5",BRG,CAM,"Copper C11000",Class 3,1,0.081,1.29,0.081,1.29,"Mueller Industries",4,TYV6-BRG-CAM-0010
149,"Camshaft B-IN (assembled, hollow)",CAM,IN,"Steel AISI 4340",Class 3,1,3.95,23.7,3.95,23.7,"Carpenter Technology",4,TYV6-CAM-IN-0002
150,"Camshaft B-IN Lobe 1",CAM,LBE,"Steel AISI 4340",Class 3,1,0.18,1.08,0.18,1.08,"Carpenter Technology",4,TYV6-CAM-LBE-0013
151,"Camshaft B-IN Lobe 2",CAM,LBE,"Steel AISI 4340",Class 3,1,0.18,1.08,0.18,1.08,"Carpenter Technology",4,TYV6-CAM-LBE-0014
152,"Camshaft B-IN Lobe 3",CAM,LBE,"Steel AISI 4340",Class 3,1,0.18,1.08,0.18,1.08,"Carpenter Technology",4,TYV6-CAM-LBE-0015
153,"Camshaft B-IN Lobe 4",CAM,LBE,"Steel AISI 4340",Class 3,1,0.18,1.08,0.18,1.08,"Carpenter Technology",4,TYV6-CAM-LBE-0016
154,"Camshaft B-IN Lobe 5",CAM,LBE,"Steel AISI 4340",Class 3,1,0.18,1.08,0.18,1.08,"Carpenter Technology",4,TYV6-CAM-LBE-0017
155,"Camshaft B-IN Lobe 6",CAM,LBE,"Steel AISI 4340",Class 3,1,0.18,1.08,0.18,1.08,"Carpenter Technology",4,TYV6-CAM-LBE-0018
156,"Camshaft B-IN Bearing 1",BRG,CAM,"Copper C11000",Class 3,1,0.081,1.29,0.081,1.29,"Mueller Industries",4,TYV6-BRG-CAM-0011
157,"Camshaft B-IN Bearing 2",BRG,CAM,"Copper C11000",Class 3,1,0.081,1.29,0.081,1.29,"Mueller Industries",4,TYV6-BRG-CAM-0012
158,"Camshaft B-IN Bearing 3",BRG,CAM,"Copper C11000",Class 3,1,0.081,1.29,0.081,1.29,"Mueller Industries",4,TYV6-BRG-CAM-0013
159,"Camshaft B-IN Bearing 4",BRG,CAM,"Copper C11000",Class 3,1,0.081,1.29,0.081,1.29,"Mueller Industries",4,TYV6-BRG-CAM-0014
160,"Camshaft B-IN Bearing 5",BRG,CAM,"Copper C11000",Class 3,1,0.081,1.29,0.081,1.29,"Mueller Industries",4,TYV6-BRG-CAM-0015
161,"Camshaft B-EX (assembled, hollow)",CAM,EX,"Steel AISI 4340",Class 3,1,3.95,23.7,3.95,23.7,"Carpenter Technology",4,TYV6-CAM-EX-0002
162,"Camshaft B-EX Lobe 1",CAM,LBE,"Steel AISI 4340",Class 3,1,0.18,1.08,0.18,1.08,"Carpenter Technology",4,TYV6-CAM-LBE-0019
163,"Camshaft B-EX Lobe 2",CAM,LBE,"Steel AISI 4340",Class 3,1,0.18,1.08,0.18,1.08,"Carpenter Technology",4,TYV6-CAM-LBE-0020
164,"Camshaft B-EX Lobe 3",CAM,LBE,"Steel AISI 4340",Class 3,1,0.18,1.08,0.18,1.08,"Carpenter Technology",4,TYV6-CAM-LBE-0021
165,"Camshaft B-EX Lobe 4",CAM,LBE,"Steel AISI 4340",Class 3,1,0.18,1.08,0.18,1.08,"Carpenter Technology",4,TYV6-CAM-LBE-0022
166,"Camshaft B-EX Lobe 5",CAM,LBE,"Steel AISI 4340",Class 3,1,0.18,1.08,0.18,1.08,"Carpenter Technology",4,TYV6-CAM-LBE-0023
167,"Camshaft B-EX Lobe 6",CAM,LBE,"Steel AISI 4340",Class 3,1,0.18,1.08,0.18,1.08,"Carpenter Technology",4,TYV6-CAM-LBE-0024
168,"Camshaft B-EX Bearing 1",BRG,CAM,"Copper C11000",Class 3,1,0.081,1.29,0.081,1.29,"Mueller Industries",4,TYV6-BRG-CAM-0016
169,"Camshaft B-EX Bearing 2",BRG,CAM,"Copper C11000",Class 3,1,0.081,1.29,0.081,1.29,"Mueller Industries",4,TYV6-BRG-CAM-0017
170,"Camshaft B-EX Bearing 3",BRG,CAM,"Copper C11000",Class 3,1,0.081,1.29,0.081,1.29,"Mueller Industries",4,TYV6-BRG-CAM-0018
171,"Camshaft B-EX Bearing 4",BRG,CAM,"Copper C11000",Class 3,1,0.081,1.29,0.081,1.29,"Mueller Industries",4,TYV6-BRG-CAM-0019
172,"Camshaft B-EX Bearing 5",BRG,CAM,"Copper C11000",Class 3,1,0.081,1.29,0.081,1.29,"Mueller Industries",4,TYV6-BRG-CAM-0020
173,"Valve 1-A-IN-1",VLV,IN,"Stainless Steel 316",Class 3,1,0.714,8.57,0.714,8.57,"Carpenter Technology",4,TYV6-VLV-IN-0001
174,"Valve Spring Valve 1-A-IN-1",VTR,SPR,"Steel AISI 4340",Class 3,1,0.043,0.26,0.043,0.26,"Carpenter Technology",4,TYV6-VTR-SPR-0001
175,"Valve Retainer Valve 1-A-IN-1",VTR,RET,"Steel AISI 4340",Class 3,1,0.032,0.19,0.032,0.19,"Carpenter Technology",4,TYV6-VTR-RET-0001
176,"Hydraulic Lifter Valve 1-A-IN-1",VTR,LFT,"Steel AISI 4340",Class 3,1,0.154,0.92,0.154,0.92,"Carpenter Technology",4,TYV6-VTR-LFT-0001
177,"Valve Seat Insert Valve 1-A-IN-1",VTR,SET,"Inconel 718",Class 3,1,0,0,0,0,"Special Metals (PCC)",4,TYV6-VTR-SET-0001
178,"Valve Stem Seal Valve 1-A-IN-1",VTR,STM,"Nylon 6/6",Class 3,1,0.003,0.02,0.003,0.02,"TBD",4,TYV6-VTR-STM-0001
179,"Valve Guide Valve 1-A-IN-1",VTR,GUD,"Cast Iron",Class 3,1,0.022,0.11,0.022,0.11,"TBD",4,TYV6-VTR-GUD-0001
180,"Valve 1-A-IN-2",VLV,IN,"Stainless Steel 316",Class 3,1,0.714,8.57,0.714,8.57,"Carpenter Technology",4,TYV6-VLV-IN-0002
181,"Valve Spring Valve 1-A-IN-2",VTR,SPR,"Steel AISI 4340",Class 3,1,0.043,0.26,0.043,0.26,"Carpenter Technology",4,TYV6-VTR-SPR-0002
182,"Valve Retainer Valve 1-A-IN-2",VTR,RET,"Steel AISI 4340",Class 3,1,0.032,0.19,0.032,0.19,"Carpenter Technology",4,TYV6-VTR-RET-0002
183,"Hydraulic Lifter Valve 1-A-IN-2",VTR,LFT,"Steel AISI 4340",Class 3,1,0.154,0.92,0.154,0.92,"Carpenter Technology",4,TYV6-VTR-LFT-0002
184,"Valve Seat Insert Valve 1-A-IN-2",VTR,SET,"Inconel 718",Class 3,1,0,0,0,0,"Special Metals (PCC)",4,TYV6-VTR-SET-0002
185,"Valve Stem Seal Valve 1-A-IN-2",VTR,STM,"Nylon 6/6",Class 3,1,0.003,0.02,0.003,0.02,"TBD",4,TYV6-VTR-STM-0002
186,"Valve Guide Valve 1-A-IN-2",VTR,GUD,"Cast Iron",Class 3,1,0.022,0.11,0.022,0.11,"TBD",4,TYV6-VTR-GUD-0002
187,"Valve 1-A-EX-1",VLV,EX,"Inconel 718",Class 3,1,0.731,69.46,0.731,69.46,"Special Metals (PCC)",4,TYV6-VLV-EX-0001
188,"Valve Spring Valve 1-A-EX-1",VTR,SPR,"Steel AISI 4340",Class 3,1,0.043,0.26,0.043,0.26,"Carpenter Technology",4,TYV6-VTR-SPR-0003
189,"Valve Retainer Valve 1-A-EX-1",VTR,RET,"Steel AISI 4340",Class 3,1,0.032,0.19,0.032,0.19,"Carpenter Technology",4,TYV6-VTR-RET-0003
190,"Hydraulic Lifter Valve 1-A-EX-1",VTR,LFT,"Steel AISI 4340",Class 3,1,0.154,0.92,0.154,0.92,"Carpenter Technology",4,TYV6-VTR-LFT-0003
191,"Valve Seat Insert Valve 1-A-EX-1",VTR,SET,"Inconel 718",Class 3,1,0,0,0,0,"Special Metals (PCC)",4,TYV6-VTR-SET-0003
192,"Valve Stem Seal Valve 1-A-EX-1",VTR,STM,"Nylon 6/6",Class 3,1,0.003,0.02,0.003,0.02,"TBD",4,TYV6-VTR-STM-0003
193,"Valve Guide Valve 1-A-EX-1",VTR,GUD,"Cast Iron",Class 3,1,0.022,0.11,0.022,0.11,"TBD",4,TYV6-VTR-GUD-0003
194,"Valve 1-A-EX-2",VLV,EX,"Inconel 718",Class 3,1,0.731,69.46,0.731,69.46,"Special Metals (PCC)",4,TYV6-VLV-EX-0002
195,"Valve Spring Valve 1-A-EX-2",VTR,SPR,"Steel AISI 4340",Class 3,1,0.043,0.26,0.043,0.26,"Carpenter Technology",4,TYV6-VTR-SPR-0004
196,"Valve Retainer Valve 1-A-EX-2",VTR,RET,"Steel AISI 4340",Class 3,1,0.032,0.19,0.032,0.19,"Carpenter Technology",4,TYV6-VTR-RET-0004
197,"Hydraulic Lifter Valve 1-A-EX-2",VTR,LFT,"Steel AISI 4340",Class 3,1,0.154,0.92,0.154,0.92,"Carpenter Technology",4,TYV6-VTR-LFT-0004
198,"Valve Seat Insert Valve 1-A-EX-2",VTR,SET,"Inconel 718",Class 3,1,0,0,0,0,"Special Metals (PCC)",4,TYV6-VTR-SET-0004
199,"Valve Stem Seal Valve 1-A-EX-2",VTR,STM,"Nylon 6/6",Class 3,1,0.003,0.02,0.003,0.02,"TBD",4,TYV6-VTR-STM-0004
200,"Valve Guide Valve 1-A-EX-2",VTR,GUD,"Cast Iron",Class 3,1,0.022,0.11,0.022,0.11,"TBD",4,TYV6-VTR-GUD-0004
201,"Valve 2-A-IN-1",VLV,IN,"Stainless Steel 316",Class 3,1,0.714,8.57,0.714,8.57,"Carpenter Technology",4,TYV6-VLV-IN-0003
202,"Valve Spring Valve 2-A-IN-1",VTR,SPR,"Steel AISI 4340",Class 3,1,0.043,0.26,0.043,0.26,"Carpenter Technology",4,TYV6-VTR-SPR-0005
203,"Valve Retainer Valve 2-A-IN-1",VTR,RET,"Steel AISI 4340",Class 3,1,0.032,0.19,0.032,0.19,"Carpenter Technology",4,TYV6-VTR-RET-0005
204,"Hydraulic Lifter Valve 2-A-IN-1",VTR,LFT,"Steel AISI 4340",Class 3,1,0.154,0.92,0.154,0.92,"Carpenter Technology",4,TYV6-VTR-LFT-0005
205,"Valve Seat Insert Valve 2-A-IN-1",VTR,SET,"Inconel 718",Class 3,1,0,0,0,0,"Special Metals (PCC)",4,TYV6-VTR-SET-0005
206,"Valve Stem Seal Valve 2-A-IN-1",VTR,STM,"Nylon 6/6",Class 3,1,0.003,0.02,0.003,0.02,"TBD",4,TYV6-VTR-STM-0005
207,"Valve Guide Valve 2-A-IN-1",VTR,GUD,"Cast Iron",Class 3,1,0.022,0.11,0.022,0.11,"TBD",4,TYV6-VTR-GUD-0005
208,"Valve 2-A-IN-2",VLV,IN,"Stainless Steel 316",Class 3,1,0.714,8.57,0.714,8.57,"Carpenter Technology",4,TYV6-VLV-IN-0004
209,"Valve Spring Valve 2-A-IN-2",VTR,SPR,"Steel AISI 4340",Class 3,1,0.043,0.26,0.043,0.26,"Carpenter Technology",4,TYV6-VTR-SPR-0006
210,"Valve Retainer Valve 2-A-IN-2",VTR,RET,"Steel AISI 4340",Class 3,1,0.032,0.19,0.032,0.19,"Carpenter Technology",4,TYV6-VTR-RET-0006
211,"Hydraulic Lifter Valve 2-A-IN-2",VTR,LFT,"Steel AISI 4340",Class 3,1,0.154,0.92,0.154,0.92,"Carpenter Technology",4,TYV6-VTR-LFT-0006
212,"Valve Seat Insert Valve 2-A-IN-2",VTR,SET,"Inconel 718",Class 3,1,0,0,0,0,"Special Metals (PCC)",4,TYV6-VTR-SET-0006
213,"Valve Stem Seal Valve 2-A-IN-2",VTR,STM,"Nylon 6/6",Class 3,1,0.003,0.02,0.003,0.02,"TBD",4,TYV6-VTR-STM-0006
214,"Valve Guide Valve 2-A-IN-2",VTR,GUD,"Cast Iron",Class 3,1,0.022,0.11,0.022,0.11,"TBD",4,TYV6-VTR-GUD-0006
215,"Valve 2-A-EX-1",VLV,EX,"Inconel 718",Class 3,1,0.731,69.46,0.731,69.46,"Special Metals (PCC)",4,TYV6-VLV-EX-0003
216,"Valve Spring Valve 2-A-EX-1",VTR,SPR,"Steel AISI 4340",Class 3,1,0.043,0.26,0.043,0.26,"Carpenter Technology",4,TYV6-VTR-SPR-0007
217,"Valve Retainer Valve 2-A-EX-1",VTR,RET,"Steel AISI 4340",Class 3,1,0.032,0.19,0.032,0.19,"Carpenter Technology",4,TYV6-VTR-RET-0007
218,"Hydraulic Lifter Valve 2-A-EX-1",VTR,LFT,"Steel AISI 4340",Class 3,1,0.154,0.92,0.154,0.92,"Carpenter Technology",4,TYV6-VTR-LFT-0007
219,"Valve Seat Insert Valve 2-A-EX-1",VTR,SET,"Inconel 718",Class 3,1,0,0,0,0,"Special Metals (PCC)",4,TYV6-VTR-SET-0007
220,"Valve Stem Seal Valve 2-A-EX-1",VTR,STM,"Nylon 6/6",Class 3,1,0.003,0.02,0.003,0.02,"TBD",4,TYV6-VTR-STM-0007
221,"Valve Guide Valve 2-A-EX-1",VTR,GUD,"Cast Iron",Class 3,1,0.022,0.11,0.022,0.11,"TBD",4,TYV6-VTR-GUD-0007
222,"Valve 2-A-EX-2",VLV,EX,"Inconel 718",Class 3,1,0.731,69.46,0.731,69.46,"Special Metals (PCC)",4,TYV6-VLV-EX-0004
223,"Valve Spring Valve 2-A-EX-2",VTR,SPR,"Steel AISI 4340",Class 3,1,0.043,0.26,0.043,0.26,"Carpenter Technology",4,TYV6-VTR-SPR-0008
224,"Valve Retainer Valve 2-A-EX-2",VTR,RET,"Steel AISI 4340",Class 3,1,0.032,0.19,0.032,0.19,"Carpenter Technology",4,TYV6-VTR-RET-0008
225,"Hydraulic Lifter Valve 2-A-EX-2",VTR,LFT,"Steel AISI 4340",Class 3,1,0.154,0.92,0.154,0.92,"Carpenter Technology",4,TYV6-VTR-LFT-0008
226,"Valve Seat Insert Valve 2-A-EX-2",VTR,SET,"Inconel 718",Class 3,1,0,0,0,0,"Special Metals (PCC)",4,TYV6-VTR-SET-0008
227,"Valve Stem Seal Valve 2-A-EX-2",VTR,STM,"Nylon 6/6",Class 3,1,0.003,0.02,0.003,0.02,"TBD",4,TYV6-VTR-STM-0008
228,"Valve Guide Valve 2-A-EX-2",VTR,GUD,"Cast Iron",Class 3,1,0.022,0.11,0.022,0.11,"TBD",4,TYV6-VTR-GUD-0008
229,"Valve 3-A-IN-1",VLV,IN,"Stainless Steel 316",Class 3,1,0.714,8.57,0.714,8.57,"Carpenter Technology",4,TYV6-VLV-IN-0005
230,"Valve Spring Valve 3-A-IN-1",VTR,SPR,"Steel AISI 4340",Class 3,1,0.043,0.26,0.043,0.26,"Carpenter Technology",4,TYV6-VTR-SPR-0009
231,"Valve Retainer Valve 3-A-IN-1",VTR,RET,"Steel AISI 4340",Class 3,1,0.032,0.19,0.032,0.19,"Carpenter Technology",4,TYV6-VTR-RET-0009
232,"Hydraulic Lifter Valve 3-A-IN-1",VTR,LFT,"Steel AISI 4340",Class 3,1,0.154,0.92,0.154,0.92,"Carpenter Technology",4,TYV6-VTR-LFT-0009
233,"Valve Seat Insert Valve 3-A-IN-1",VTR,SET,"Inconel 718",Class 3,1,0,0,0,0,"Special Metals (PCC)",4,TYV6-VTR-SET-0009
234,"Valve Stem Seal Valve 3-A-IN-1",VTR,STM,"Nylon 6/6",Class 3,1,0.003,0.02,0.003,0.02,"TBD",4,TYV6-VTR-STM-0009
235,"Valve Guide Valve 3-A-IN-1",VTR,GUD,"Cast Iron",Class 3,1,0.022,0.11,0.022,0.11,"TBD",4,TYV6-VTR-GUD-0009
236,"Valve 3-A-IN-2",VLV,IN,"Stainless Steel 316",Class 3,1,0.714,8.57,0.714,8.57,"Carpenter Technology",4,TYV6-VLV-IN-0006
237,"Valve Spring Valve 3-A-IN-2",VTR,SPR,"Steel AISI 4340",Class 3,1,0.043,0.26,0.043,0.26,"Carpenter Technology",4,TYV6-VTR-SPR-0010
238,"Valve Retainer Valve 3-A-IN-2",VTR,RET,"Steel AISI 4340",Class 3,1,0.032,0.19,0.032,0.19,"Carpenter Technology",4,TYV6-VTR-RET-0010
239,"Hydraulic Lifter Valve 3-A-IN-2",VTR,LFT,"Steel AISI 4340",Class 3,1,0.154,0.92,0.154,0.92,"Carpenter Technology",4,TYV6-VTR-LFT-0010
240,"Valve Seat Insert Valve 3-A-IN-2",VTR,SET,"Inconel 718",Class 3,1,0,0,0,0,"Special Metals (PCC)",4,TYV6-VTR-SET-0010
241,"Valve Stem Seal Valve 3-A-IN-2",VTR,STM,"Nylon 6/6",Class 3,1,0.003,0.02,0.003,0.02,"TBD",4,TYV6-VTR-STM-0010
242,"Valve Guide Valve 3-A-IN-2",VTR,GUD,"Cast Iron",Class 3,1,0.022,0.11,0.022,0.11,"TBD",4,TYV6-VTR-GUD-0010
243,"Valve 3-A-EX-1",VLV,EX,"Inconel 718",Class 3,1,0.731,69.46,0.731,69.46,"Special Metals (PCC)",4,TYV6-VLV-EX-0005
244,"Valve Spring Valve 3-A-EX-1",VTR,SPR,"Steel AISI 4340",Class 3,1,0.043,0.26,0.043,0.26,"Carpenter Technology",4,TYV6-VTR-SPR-0011
245,"Valve Retainer Valve 3-A-EX-1",VTR,RET,"Steel AISI 4340",Class 3,1,0.032,0.19,0.032,0.19,"Carpenter Technology",4,TYV6-VTR-RET-0011
246,"Hydraulic Lifter Valve 3-A-EX-1",VTR,LFT,"Steel AISI 4340",Class 3,1,0.154,0.92,0.154,0.92,"Carpenter Technology",4,TYV6-VTR-LFT-0011
247,"Valve Seat Insert Valve 3-A-EX-1",VTR,SET,"Inconel 718",Class 3,1,0,0,0,0,"Special Metals (PCC)",4,TYV6-VTR-SET-0011
248,"Valve Stem Seal Valve 3-A-EX-1",VTR,STM,"Nylon 6/6",Class 3,1,0.003,0.02,0.003,0.02,"TBD",4,TYV6-VTR-STM-0011
249,"Valve Guide Valve 3-A-EX-1",VTR,GUD,"Cast Iron",Class 3,1,0.022,0.11,0.022,0.11,"TBD",4,TYV6-VTR-GUD-0011
250,"Valve 3-A-EX-2",VLV,EX,"Inconel 718",Class 3,1,0.731,69.46,0.731,69.46,"Special Metals (PCC)",4,TYV6-VLV-EX-0006
251,"Valve Spring Valve 3-A-EX-2",VTR,SPR,"Steel AISI 4340",Class 3,1,0.043,0.26,0.043,0.26,"Carpenter Technology",4,TYV6-VTR-SPR-0012
252,"Valve Retainer Valve 3-A-EX-2",VTR,RET,"Steel AISI 4340",Class 3,1,0.032,0.19,0.032,0.19,"Carpenter Technology",4,TYV6-VTR-RET-0012
253,"Hydraulic Lifter Valve 3-A-EX-2",VTR,LFT,"Steel AISI 4340",Class 3,1,0.154,0.92,0.154,0.92,"Carpenter Technology",4,TYV6-VTR-LFT-0012
254,"Valve Seat Insert Valve 3-A-EX-2",VTR,SET,"Inconel 718",Class 3,1,0,0,0,0,"Special Metals (PCC)",4,TYV6-VTR-SET-0012
255,"Valve Stem Seal Valve 3-A-EX-2",VTR,STM,"Nylon 6/6",Class 3,1,0.003,0.02,0.003,0.02,"TBD",4,TYV6-VTR-STM-0012
256,"Valve Guide Valve 3-A-EX-2",VTR,GUD,"Cast Iron",Class 3,1,0.022,0.11,0.022,0.11,"TBD",4,TYV6-VTR-GUD-0012
257,"Valve 1-B-IN-1",VLV,IN,"Stainless Steel 316",Class 3,1,0.714,8.57,0.714,8.57,"Carpenter Technology",4,TYV6-VLV-IN-0007
258,"Valve Spring Valve 1-B-IN-1",VTR,SPR,"Steel AISI 4340",Class 3,1,0.043,0.26,0.043,0.26,"Carpenter Technology",4,TYV6-VTR-SPR-0013
259,"Valve Retainer Valve 1-B-IN-1",VTR,RET,"Steel AISI 4340",Class 3,1,0.032,0.19,0.032,0.19,"Carpenter Technology",4,TYV6-VTR-RET-0013
260,"Hydraulic Lifter Valve 1-B-IN-1",VTR,LFT,"Steel AISI 4340",Class 3,1,0.154,0.92,0.154,0.92,"Carpenter Technology",4,TYV6-VTR-LFT-0013
261,"Valve Seat Insert Valve 1-B-IN-1",VTR,SET,"Inconel 718",Class 3,1,0,0,0,0,"Special Metals (PCC)",4,TYV6-VTR-SET-0013
262,"Valve Stem Seal Valve 1-B-IN-1",VTR,STM,"Nylon 6/6",Class 3,1,0.003,0.02,0.003,0.02,"TBD",4,TYV6-VTR-STM-0013
263,"Valve Guide Valve 1-B-IN-1",VTR,GUD,"Cast Iron",Class 3,1,0.022,0.11,0.022,0.11,"TBD",4,TYV6-VTR-GUD-0013
264,"Valve 1-B-IN-2",VLV,IN,"Stainless Steel 316",Class 3,1,0.714,8.57,0.714,8.57,"Carpenter Technology",4,TYV6-VLV-IN-0008
265,"Valve Spring Valve 1-B-IN-2",VTR,SPR,"Steel AISI 4340",Class 3,1,0.043,0.26,0.043,0.26,"Carpenter Technology",4,TYV6-VTR-SPR-0014
266,"Valve Retainer Valve 1-B-IN-2",VTR,RET,"Steel AISI 4340",Class 3,1,0.032,0.19,0.032,0.19,"Carpenter Technology",4,TYV6-VTR-RET-0014
267,"Hydraulic Lifter Valve 1-B-IN-2",VTR,LFT,"Steel AISI 4340",Class 3,1,0.154,0.92,0.154,0.92,"Carpenter Technology",4,TYV6-VTR-LFT-0014
268,"Valve Seat Insert Valve 1-B-IN-2",VTR,SET,"Inconel 718",Class 3,1,0,0,0,0,"Special Metals (PCC)",4,TYV6-VTR-SET-0014
269,"Valve Stem Seal Valve 1-B-IN-2",VTR,STM,"Nylon 6/6",Class 3,1,0.003,0.02,0.003,0.02,"TBD",4,TYV6-VTR-STM-0014
270,"Valve Guide Valve 1-B-IN-2",VTR,GUD,"Cast Iron",Class 3,1,0.022,0.11,0.022,0.11,"TBD",4,TYV6-VTR-GUD-0014
271,"Valve 1-B-EX-1",VLV,EX,"Inconel 718",Class 3,1,0.731,69.46,0.731,69.46,"Special Metals (PCC)",4,TYV6-VLV-EX-0007
272,"Valve Spring Valve 1-B-EX-1",VTR,SPR,"Steel AISI 4340",Class 3,1,0.043,0.26,0.043,0.26,"Carpenter Technology",4,TYV6-VTR-SPR-0015
273,"Valve Retainer Valve 1-B-EX-1",VTR,RET,"Steel AISI 4340",Class 3,1,0.032,0.19,0.032,0.19,"Carpenter Technology",4,TYV6-VTR-RET-0015
274,"Hydraulic Lifter Valve 1-B-EX-1",VTR,LFT,"Steel AISI 4340",Class 3,1,0.154,0.92,0.154,0.92,"Carpenter Technology",4,TYV6-VTR-LFT-0015
275,"Valve Seat Insert Valve 1-B-EX-1",VTR,SET,"Inconel 718",Class 3,1,0,0,0,0,"Special Metals (PCC)",4,TYV6-VTR-SET-0015
276,"Valve Stem Seal Valve 1-B-EX-1",VTR,STM,"Nylon 6/6",Class 3,1,0.003,0.02,0.003,0.02,"TBD",4,TYV6-VTR-STM-0015
277,"Valve Guide Valve 1-B-EX-1",VTR,GUD,"Cast Iron",Class 3,1,0.022,0.11,0.022,0.11,"TBD",4,TYV6-VTR-GUD-0015
278,"Valve 1-B-EX-2",VLV,EX,"Inconel 718",Class 3,1,0.731,69.46,0.731,69.46,"Special Metals (PCC)",4,TYV6-VLV-EX-0008
279,"Valve Spring Valve 1-B-EX-2",VTR,SPR,"Steel AISI 4340",Class 3,1,0.043,0.26,0.043,0.26,"Carpenter Technology",4,TYV6-VTR-SPR-0016
280,"Valve Retainer Valve 1-B-EX-2",VTR,RET,"Steel AISI 4340",Class 3,1,0.032,0.19,0.032,0.19,"Carpenter Technology",4,TYV6-VTR-RET-0016
281,"Hydraulic Lifter Valve 1-B-EX-2",VTR,LFT,"Steel AISI 4340",Class 3,1,0.154,0.92,0.154,0.92,"Carpenter Technology",4,TYV6-VTR-LFT-0016
282,"Valve Seat Insert Valve 1-B-EX-2",VTR,SET,"Inconel 718",Class 3,1,0,0,0,0,"Special Metals (PCC)",4,TYV6-VTR-SET-0016
283,"Valve Stem Seal Valve 1-B-EX-2",VTR,STM,"Nylon 6/6",Class 3,1,0.003,0.02,0.003,0.02,"TBD",4,TYV6-VTR-STM-0016
284,"Valve Guide Valve 1-B-EX-2",VTR,GUD,"Cast Iron",Class 3,1,0.022,0.11,0.022,0.11,"TBD",4,TYV6-VTR-GUD-0016
285,"Valve 2-B-IN-1",VLV,IN,"Stainless Steel 316",Class 3,1,0.714,8.57,0.714,8.57,"Carpenter Technology",4,TYV6-VLV-IN-0009
286,"Valve Spring Valve 2-B-IN-1",VTR,SPR,"Steel AISI 4340",Class 3,1,0.043,0.26,0.043,0.26,"Carpenter Technology",4,TYV6-VTR-SPR-0017
287,"Valve Retainer Valve 2-B-IN-1",VTR,RET,"Steel AISI 4340",Class 3,1,0.032,0.19,0.032,0.19,"Carpenter Technology",4,TYV6-VTR-RET-0017
288,"Hydraulic Lifter Valve 2-B-IN-1",VTR,LFT,"Steel AISI 4340",Class 3,1,0.154,0.92,0.154,0.92,"Carpenter Technology",4,TYV6-VTR-LFT-0017
289,"Valve Seat Insert Valve 2-B-IN-1",VTR,SET,"Inconel 718",Class 3,1,0,0,0,0,"Special Metals (PCC)",4,TYV6-VTR-SET-0017
290,"Valve Stem Seal Valve 2-B-IN-1",VTR,STM,"Nylon 6/6",Class 3,1,0.003,0.02,0.003,0.02,"TBD",4,TYV6-VTR-STM-0017
291,"Valve Guide Valve 2-B-IN-1",VTR,GUD,"Cast Iron",Class 3,1,0.022,0.11,0.022,0.11,"TBD",4,TYV6-VTR-GUD-0017
292,"Valve 2-B-IN-2",VLV,IN,"Stainless Steel 316",Class 3,1,0.714,8.57,0.714,8.57,"Carpenter Technology",4,TYV6-VLV-IN-0010
293,"Valve Spring Valve 2-B-IN-2",VTR,SPR,"Steel AISI 4340",Class 3,1,0.043,0.26,0.043,0.26,"Carpenter Technology",4,TYV6-VTR-SPR-0018
294,"Valve Retainer Valve 2-B-IN-2",VTR,RET,"Steel AISI 4340",Class 3,1,0.032,0.19,0.032,0.19,"Carpenter Technology",4,TYV6-VTR-RET-0018
295,"Hydraulic Lifter Valve 2-B-IN-2",VTR,LFT,"Steel AISI 4340",Class 3,1,0.154,0.92,0.154,0.92,"Carpenter Technology",4,TYV6-VTR-LFT-0018
296,"Valve Seat Insert Valve 2-B-IN-2",VTR,SET,"Inconel 718",Class 3,1,0,0,0,0,"Special Metals (PCC)",4,TYV6-VTR-SET-0018
297,"Valve Stem Seal Valve 2-B-IN-2",VTR,STM,"Nylon 6/6",Class 3,1,0.003,0.02,0.003,0.02,"TBD",4,TYV6-VTR-STM-0018
298,"Valve Guide Valve 2-B-IN-2",VTR,GUD,"Cast Iron",Class 3,1,0.022,0.11,0.022,0.11,"TBD",4,TYV6-VTR-GUD-0018
299,"Valve 2-B-EX-1",VLV,EX,"Inconel 718",Class 3,1,0.731,69.46,0.731,69.46,"Special Metals (PCC)",4,TYV6-VLV-EX-0009
300,"Valve Spring Valve 2-B-EX-1",VTR,SPR,"Steel AISI 4340",Class 3,1,0.043,0.26,0.043,0.26,"Carpenter Technology",4,TYV6-VTR-SPR-0019
301,"Valve Retainer Valve 2-B-EX-1",VTR,RET,"Steel AISI 4340",Class 3,1,0.032,0.19,0.032,0.19,"Carpenter Technology",4,TYV6-VTR-RET-0019
302,"Hydraulic Lifter Valve 2-B-EX-1",VTR,LFT,"Steel AISI 4340",Class 3,1,0.154,0.92,0.154,0.92,"Carpenter Technology",4,TYV6-VTR-LFT-0019
303,"Valve Seat Insert Valve 2-B-EX-1",VTR,SET,"Inconel 718",Class 3,1,0,0,0,0,"Special Metals (PCC)",4,TYV6-VTR-SET-0019
304,"Valve Stem Seal Valve 2-B-EX-1",VTR,STM,"Nylon 6/6",Class 3,1,0.003,0.02,0.003,0.02,"TBD",4,TYV6-VTR-STM-0019
305,"Valve Guide Valve 2-B-EX-1",VTR,GUD,"Cast Iron",Class 3,1,0.022,0.11,0.022,0.11,"TBD",4,TYV6-VTR-GUD-0019
306,"Valve 2-B-EX-2",VLV,EX,"Inconel 718",Class 3,1,0.731,69.46,0.731,69.46,"Special Metals (PCC)",4,TYV6-VLV-EX-0010
307,"Valve Spring Valve 2-B-EX-2",VTR,SPR,"Steel AISI 4340",Class 3,1,0.043,0.26,0.043,0.26,"Carpenter Technology",4,TYV6-VTR-SPR-0020
308,"Valve Retainer Valve 2-B-EX-2",VTR,RET,"Steel AISI 4340",Class 3,1,0.032,0.19,0.032,0.19,"Carpenter Technology",4,TYV6-VTR-RET-0020
309,"Hydraulic Lifter Valve 2-B-EX-2",VTR,LFT,"Steel AISI 4340",Class 3,1,0.154,0.92,0.154,0.92,"Carpenter Technology",4,TYV6-VTR-LFT-0020
310,"Valve Seat Insert Valve 2-B-EX-2",VTR,SET,"Inconel 718",Class 3,1,0,0,0,0,"Special Metals (PCC)",4,TYV6-VTR-SET-0020
311,"Valve Stem Seal Valve 2-B-EX-2",VTR,STM,"Nylon 6/6",Class 3,1,0.003,0.02,0.003,0.02,"TBD",4,TYV6-VTR-STM-0020
312,"Valve Guide Valve 2-B-EX-2",VTR,GUD,"Cast Iron",Class 3,1,0.022,0.11,0.022,0.11,"TBD",4,TYV6-VTR-GUD-0020
313,"Valve 3-B-IN-1",VLV,IN,"Stainless Steel 316",Class 3,1,0.714,8.57,0.714,8.57,"Carpenter Technology",4,TYV6-VLV-IN-0011
314,"Valve Spring Valve 3-B-IN-1",VTR,SPR,"Steel AISI 4340",Class 3,1,0.043,0.26,0.043,0.26,"Carpenter Technology",4,TYV6-VTR-SPR-0021
315,"Valve Retainer Valve 3-B-IN-1",VTR,RET,"Steel AISI 4340",Class 3,1,0.032,0.19,0.032,0.19,"Carpenter Technology",4,TYV6-VTR-RET-0021
316,"Hydraulic Lifter Valve 3-B-IN-1",VTR,LFT,"Steel AISI 4340",Class 3,1,0.154,0.92,0.154,0.92,"Carpenter Technology",4,TYV6-VTR-LFT-0021
317,"Valve Seat Insert Valve 3-B-IN-1",VTR,SET,"Inconel 718",Class 3,1,0,0,0,0,"Special Metals (PCC)",4,TYV6-VTR-SET-0021
318,"Valve Stem Seal Valve 3-B-IN-1",VTR,STM,"Nylon 6/6",Class 3,1,0.003,0.02,0.003,0.02,"TBD",4,TYV6-VTR-STM-0021
319,"Valve Guide Valve 3-B-IN-1",VTR,GUD,"Cast Iron",Class 3,1,0.022,0.11,0.022,0.11,"TBD",4,TYV6-VTR-GUD-0021
320,"Valve 3-B-IN-2",VLV,IN,"Stainless Steel 316",Class 3,1,0.714,8.57,0.714,8.57,"Carpenter Technology",4,TYV6-VLV-IN-0012
321,"Valve Spring Valve 3-B-IN-2",VTR,SPR,"Steel AISI 4340",Class 3,1,0.043,0.26,0.043,0.26,"Carpenter Technology",4,TYV6-VTR-SPR-0022
322,"Valve Retainer Valve 3-B-IN-2",VTR,RET,"Steel AISI 4340",Class 3,1,0.032,0.19,0.032,0.19,"Carpenter Technology",4,TYV6-VTR-RET-0022
323,"Hydraulic Lifter Valve 3-B-IN-2",VTR,LFT,"Steel AISI 4340",Class 3,1,0.154,0.92,0.154,0.92,"Carpenter Technology",4,TYV6-VTR-LFT-0022
324,"Valve Seat Insert Valve 3-B-IN-2",VTR,SET,"Inconel 718",Class 3,1,0,0,0,0,"Special Metals (PCC)",4,TYV6-VTR-SET-0022
325,"Valve Stem Seal Valve 3-B-IN-2",VTR,STM,"Nylon 6/6",Class 3,1,0.003,0.02,0.003,0.02,"TBD",4,TYV6-VTR-STM-0022
326,"Valve Guide Valve 3-B-IN-2",VTR,GUD,"Cast Iron",Class 3,1,0.022,0.11,0.022,0.11,"TBD",4,TYV6-VTR-GUD-0022
327,"Valve 3-B-EX-1",VLV,EX,"Inconel 718",Class 3,1,0.731,69.46,0.731,69.46,"Special Metals (PCC)",4,TYV6-VLV-EX-0011
328,"Valve Spring Valve 3-B-EX-1",VTR,SPR,"Steel AISI 4340",Class 3,1,0.043,0.26,0.043,0.26,"Carpenter Technology",4,TYV6-VTR-SPR-0023
329,"Valve Retainer Valve 3-B-EX-1",VTR,RET,"Steel AISI 4340",Class 3,1,0.032,0.19,0.032,0.19,"Carpenter Technology",4,TYV6-VTR-RET-0023
330,"Hydraulic Lifter Valve 3-B-EX-1",VTR,LFT,"Steel AISI 4340",Class 3,1,0.154,0.92,0.154,0.92,"Carpenter Technology",4,TYV6-VTR-LFT-0023
331,"Valve Seat Insert Valve 3-B-EX-1",VTR,SET,"Inconel 718",Class 3,1,0,0,0,0,"Special Metals (PCC)",4,TYV6-VTR-SET-0023
332,"Valve Stem Seal Valve 3-B-EX-1",VTR,STM,"Nylon 6/6",Class 3,1,0.003,0.02,0.003,0.02,"TBD",4,TYV6-VTR-STM-0023
333,"Valve Guide Valve 3-B-EX-1",VTR,GUD,"Cast Iron",Class 3,1,0.022,0.11,0.022,0.11,"TBD",4,TYV6-VTR-GUD-0023
334,"Valve 3-B-EX-2",VLV,EX,"Inconel 718",Class 3,1,0.731,69.46,0.731,69.46,"Special Metals (PCC)",4,TYV6-VLV-EX-0012
335,"Valve Spring Valve 3-B-EX-2",VTR,SPR,"Steel AISI 4340",Class 3,1,0.043,0.26,0.043,0.26,"Carpenter Technology",4,TYV6-VTR-SPR-0024
336,"Valve Retainer Valve 3-B-EX-2",VTR,RET,"Steel AISI 4340",Class 3,1,0.032,0.19,0.032,0.19,"Carpenter Technology",4,TYV6-VTR-RET-0024
337,"Hydraulic Lifter Valve 3-B-EX-2",VTR,LFT,"Steel AISI 4340",Class 3,1,0.154,0.92,0.154,0.92,"Carpenter Technology",4,TYV6-VTR-LFT-0024
338,"Valve Seat Insert Valve 3-B-EX-2",VTR,SET,"Inconel 718",Class 3,1,0,0,0,0,"Special Metals (PCC)",4,TYV6-VTR-SET-0024
339,"Valve Stem Seal Valve 3-B-EX-2",VTR,STM,"Nylon 6/6",Class 3,1,0.003,0.02,0.003,0.02,"TBD",4,TYV6-VTR-STM-0024
340,"Valve Guide Valve 3-B-EX-2",VTR,GUD,"Cast Iron",Class 3,1,0.022,0.11,0.022,0.11,"TBD",4,TYV6-VTR-GUD-0024
341,"VVT Phaser A-IN-iE",VVT,IE,"Aluminum 6061-T6",Class 3,1,0.405,3.24,0.405,3.24,"Alcoa",4,TYV6-VVT-IE-0001
342,"VVT-iE Motor Bank A",VVT,MTR,"Aluminum 6061-T6",Class 3,1,0.302,2.42,0.302,2.42,"Alcoa",4,TYV6-VVT-MTR-0001
343,"VVT-iE Reduction Gear Bank A",VVT,GER,"Steel AISI 4340",Class 3,1,0.425,2.55,0.425,2.55,"Carpenter Technology",4,TYV6-VVT-GER-0001
344,"VVT Phaser A-EX",VVT,HYD,"Aluminum 6061-T6",Class 3,1,0.405,3.24,0.405,3.24,"Alcoa",4,TYV6-VVT-HYD-0001
345,"VVT Phaser B-IN-iE",VVT,IE,"Aluminum 6061-T6",Class 3,1,0.405,3.24,0.405,3.24,"Alcoa",4,TYV6-VVT-IE-0002
346,"VVT-iE Motor Bank B",VVT,MTR,"Aluminum 6061-T6",Class 3,1,0.302,2.42,0.302,2.42,"Alcoa",4,TYV6-VVT-MTR-0002
347,"VVT-iE Reduction Gear Bank B",VVT,GER,"Steel AISI 4340",Class 3,1,0.425,2.55,0.425,2.55,"Carpenter Technology",4,TYV6-VVT-GER-0002
348,"VVT Phaser B-EX",VVT,HYD,"Aluminum 6061-T6",Class 3,1,0.405,3.24,0.405,3.24,"Alcoa",4,TYV6-VVT-HYD-0002
349,"Primary Timing Chain (silent, 1/4-inch pitch)",TIM,CHN,"Steel AISI 4340",Class 3,1,0,0,0,0,"Carpenter Technology",4,TYV6-TIM-CHN-0001
350,"Secondary Timing Chain Bank A",TIM,CHN,"Steel AISI 4340",Class 3,1,0,0,0,0,"Carpenter Technology",4,TYV6-TIM-CHN-0002
351,"Secondary Timing Chain Bank B",TIM,CHN,"Steel AISI 4340",Class 3,1,0,0,0,0,"Carpenter Technology",4,TYV6-TIM-CHN-0003
352,"Crank Drive Sprocket",TIM,SPR,"Steel AISI 4340",Class 3,1,0.265,1.59,0.265,1.59,"Carpenter Technology",4,TYV6-TIM-SPR-0001
353,"Cam Sprocket A-IN",TIM,SPR,"Steel AISI 4340",Class 3,1,0.265,1.59,0.265,1.59,"Carpenter Technology",4,TYV6-TIM-SPR-0002
354,"Cam Sprocket A-EX",TIM,SPR,"Steel AISI 4340",Class 3,1,0.265,1.59,0.265,1.59,"Carpenter Technology",4,TYV6-TIM-SPR-0003
355,"Cam Sprocket B-IN",TIM,SPR,"Steel AISI 4340",Class 3,1,0.265,1.59,0.265,1.59,"Carpenter Technology",4,TYV6-TIM-SPR-0004
356,"Cam Sprocket B-EX",TIM,SPR,"Steel AISI 4340",Class 3,1,0.265,1.59,0.265,1.59,"Carpenter Technology",4,TYV6-TIM-SPR-0005
357,"Oil Pump Drive Sprocket",TIM,SPR,"Steel AISI 4340",Class 3,1,0.265,1.59,0.265,1.59,"Carpenter Technology",4,TYV6-TIM-SPR-0006
358,"Chain Tensioner 1 (hydraulic)",TIM,TNS,"Steel AISI 4340",Class 3,1,0.467,2.8,0.467,2.8,"Carpenter Technology",4,TYV6-TIM-TNS-0001
359,"Chain Tensioner 2 (hydraulic)",TIM,TNS,"Steel AISI 4340",Class 3,1,0.467,2.8,0.467,2.8,"Carpenter Technology",4,TYV6-TIM-TNS-0002
360,"Chain Tensioner 3 (hydraulic)",TIM,TNS,"Steel AISI 4340",Class 3,1,0.467,2.8,0.467,2.8,"Carpenter Technology",4,TYV6-TIM-TNS-0003
361,"Chain Guide 1",TIM,GDE,"Nylon 6/6",Class 3,1,0.097,0.49,0.097,0.49,"TBD",4,TYV6-TIM-GDE-0001
362,"Chain Guide 2",TIM,GDE,"Nylon 6/6",Class 3,1,0.097,0.49,0.097,0.49,"TBD",4,TYV6-TIM-GDE-0002
363,"Chain Guide 3",TIM,GDE,"Nylon 6/6",Class 3,1,0.097,0.49,0.097,0.49,"TBD",4,TYV6-TIM-GDE-0003
364,"Chain Guide 4",TIM,GDE,"Nylon 6/6",Class 3,1,0.097,0.49,0.097,0.49,"TBD",4,TYV6-TIM-GDE-0004
365,"Chain Guide 5",TIM,GDE,"Nylon 6/6",Class 3,1,0.097,0.49,0.097,0.49,"TBD",4,TYV6-TIM-GDE-0005
366,"Chain Guide 6",TIM,GDE,"Nylon 6/6",Class 3,1,0.097,0.49,0.097,0.49,"TBD",4,TYV6-TIM-GDE-0006
367,"Variable-Flow Oil Pump (Gerotor + Solenoid Control)",OIL,PMP,"Aluminum 6061-T6",Class 3,1,1.024,8.19,1.024,8.19,"Alcoa",4,TYV6-OIL-PMP-0001
368,"Oil Filter Housing (Cartridge-style)",OIL,FLT,"Aluminum 6061-T6",Class 3,1,1.536,12.29,1.536,12.29,"Alcoa",4,TYV6-OIL-FLT-0001
369,"Oil Filter Element (cellulose + synthetic)",OIL,ELM,"Nylon 6/6",Class 3,1,0.763,3.82,0.763,3.82,"TBD",4,TYV6-OIL-ELM-0001
370,"Oil Cooler (Water-Cooled Stacked-Plate)",OIL,COL,"Aluminum 6061-T6",Class 3,1,0.259,2.07,0.259,2.07,"Alcoa",4,TYV6-OIL-COL-0001
371,"Oil Pickup Tube + Screen",OIL,PKP,"Stainless Steel 316",Class 3,1,0.529,6.35,0.529,6.35,"Carpenter Technology",4,TYV6-OIL-PKP-0001
372,"Piston Cooling Jet 1",OIL,JET,"Stainless Steel 316",Class 3,1,0.015,0.18,0.015,0.18,"Carpenter Technology",4,TYV6-OIL-JET-0001
373,"Piston Cooling Jet 2",OIL,JET,"Stainless Steel 316",Class 3,1,0.015,0.18,0.015,0.18,"Carpenter Technology",4,TYV6-OIL-JET-0002
374,"Piston Cooling Jet 3",OIL,JET,"Stainless Steel 316",Class 3,1,0.015,0.18,0.015,0.18,"Carpenter Technology",4,TYV6-OIL-JET-0003
375,"Piston Cooling Jet 4",OIL,JET,"Stainless Steel 316",Class 3,1,0.015,0.18,0.015,0.18,"Carpenter Technology",4,TYV6-OIL-JET-0004
376,"Piston Cooling Jet 5",OIL,JET,"Stainless Steel 316",Class 3,1,0.015,0.18,0.015,0.18,"Carpenter Technology",4,TYV6-OIL-JET-0005
377,"Piston Cooling Jet 6",OIL,JET,"Stainless Steel 316",Class 3,1,0.015,0.18,0.015,0.18,"Carpenter Technology",4,TYV6-OIL-JET-0006
378,"Oil Pressure Sensor",SNS,OIP,"Stainless Steel 316",Class 3,1,0.106,1.27,0.106,1.27,"Carpenter Technology",4,TYV6-SNS-OIP-0001
379,"Oil Temperature Sensor",SNS,OIT,"Stainless Steel 316",Class 3,1,0.038,0.46,0.038,0.46,"Carpenter Technology",4,TYV6-SNS-OIT-0001
380,"Water Pump (Electric, 250 W BLDC)",COOL,PMP,"Aluminum 6061-T6",Class 3,1,2.427,19.42,2.427,19.42,"Alcoa",4,TYV6-COOL-PMP-0001
381,"Electronic Thermostat (Variable Open Temp)",COOL,THR,"Aluminum 6061-T6",Class 3,1,0.298,2.38,0.298,2.38,"Alcoa",4,TYV6-COOL-THR-0001
382,"Coolant Crossover Manifold",COOL,XOV,"Aluminum 6061-T6",Class 3,1,0.239,1.91,0.239,1.91,"Alcoa",4,TYV6-COOL-XOV-0001
383,"Engine Coolant Temp Sensor 1",SNS,ECT,"Stainless Steel 316",Class 3,1,0.038,0.46,0.038,0.46,"Carpenter Technology",4,TYV6-SNS-ECT-0001
384,"Engine Coolant Temp Sensor 2",SNS,ECT,"Stainless Steel 316",Class 3,1,0.038,0.46,0.038,0.46,"Carpenter Technology",4,TYV6-SNS-ECT-0002
385,"Coolant Hose 1",COOL,HOS,"Nylon 6/6",Class 3,1,0.217,1.09,0.217,1.09,"TBD",4,TYV6-COOL-HOS-0001
386,"Coolant Hose 2",COOL,HOS,"Nylon 6/6",Class 3,1,0.217,1.09,0.217,1.09,"TBD",4,TYV6-COOL-HOS-0002
387,"Coolant Hose 3",COOL,HOS,"Nylon 6/6",Class 3,1,0.217,1.09,0.217,1.09,"TBD",4,TYV6-COOL-HOS-0003
388,"Coolant Hose 4",COOL,HOS,"Nylon 6/6",Class 3,1,0.217,1.09,0.217,1.09,"TBD",4,TYV6-COOL-HOS-0004
389,"Coolant Hose 5",COOL,HOS,"Nylon 6/6",Class 3,1,0.217,1.09,0.217,1.09,"TBD",4,TYV6-COOL-HOS-0005
390,"Coolant Hose 6",COOL,HOS,"Nylon 6/6",Class 3,1,0.217,1.09,0.217,1.09,"TBD",4,TYV6-COOL-HOS-0006
391,"Coolant Hose 7",COOL,HOS,"Nylon 6/6",Class 3,1,0.217,1.09,0.217,1.09,"TBD",4,TYV6-COOL-HOS-0007
392,"Coolant Hose 8",COOL,HOS,"Nylon 6/6",Class 3,1,0.217,1.09,0.217,1.09,"TBD",4,TYV6-COOL-HOS-0008
393,"Coolant Drain Plug 1",COOL,DRN,"Steel AISI 4340",Class 3,1,0.018,0.11,0.018,0.11,"Carpenter Technology",4,TYV6-COOL-DRN-0001
394,"Coolant Drain Plug 2",COOL,DRN,"Steel AISI 4340",Class 3,1,0.018,0.11,0.018,0.11,"Carpenter Technology",4,TYV6-COOL-DRN-0002
395,"Intake Manifold (Composite, Variable-Length Runners)",INT,MAN,"Nylon 6/6",Class 3,1,4.86,24.3,4.86,24.3,"TBD",4,TYV6-INT-MAN-0001
396,"Electronic Throttle Body (70 mm)",INT,THR,"Aluminum 6061-T6",Class 3,1,0.809,6.47,0.809,6.47,"Alcoa",4,TYV6-INT-THR-0001
397,"Intake Runner 1",INT,RUN,"Nylon 6/6",Class 3,1,0.097,0.48,0.097,0.48,"TBD",4,TYV6-INT-RUN-0001
398,"Intake Runner 2",INT,RUN,"Nylon 6/6",Class 3,1,0.097,0.48,0.097,0.48,"TBD",4,TYV6-INT-RUN-0002
399,"Intake Runner 3",INT,RUN,"Nylon 6/6",Class 3,1,0.097,0.48,0.097,0.48,"TBD",4,TYV6-INT-RUN-0003
400,"Intake Runner 4",INT,RUN,"Nylon 6/6",Class 3,1,0.097,0.48,0.097,0.48,"TBD",4,TYV6-INT-RUN-0004
401,"Intake Runner 5",INT,RUN,"Nylon 6/6",Class 3,1,0.097,0.48,0.097,0.48,"TBD",4,TYV6-INT-RUN-0005
402,"Intake Runner 6",INT,RUN,"Nylon 6/6",Class 3,1,0.097,0.48,0.097,0.48,"TBD",4,TYV6-INT-RUN-0006
403,"Variable Runner Control Actuator",INT,ACR,"Aluminum 6061-T6",Class 3,1,0.109,0.87,0.109,0.87,"Alcoa",4,TYV6-INT-ACR-0001
404,"Air Cleaner Housing",INT,BOX,"Nylon 6/6",Class 3,1,3.037,15.19,3.037,15.19,"TBD",4,TYV6-INT-BOX-0001
405,"Air Filter Element (Pleated)",INT,FLT,"Nylon 6/6",Class 3,1,1.555,7.78,1.555,7.78,"TBD",4,TYV6-INT-FLT-0001
406,"Mass Air Flow Sensor (Hot-Wire)",SNS,MAF,"Aluminum 6061-T6",Class 3,1,0.207,1.65,0.207,1.65,"Alcoa",4,TYV6-SNS-MAF-0001
407,"Intake Air Temp Sensor",SNS,IAT,"Stainless Steel 316",Class 3,1,0.012,0.14,0.012,0.14,"Carpenter Technology",4,TYV6-SNS-IAT-0001
408,"Manifold Absolute Pressure (MAP) Sensor",SNS,MAP,"Stainless Steel 316",Class 3,1,0.088,1.06,0.088,1.06,"Carpenter Technology",4,TYV6-SNS-MAP-0001
409,"Exhaust Manifold Bank A",EXH,MAN,"Stainless Steel 316",Class 3,1,4.096,49.15,4.096,49.15,"Carpenter Technology",4,TYV6-EXH-MAN-0001
410,"Close-Coupled 3-Way Catalyst Bank A",EMIS,TWC,"CMC SiC/SiC",Class 3,1,3.023,7557.73,3.023,7557.73,"GE Aviation (proprietary)",4,TYV6-EMIS-TWC-0001
411,"Exhaust Manifold Bank B",EXH,MAN,"Stainless Steel 316",Class 3,1,4.096,49.15,4.096,49.15,"Carpenter Technology",4,TYV6-EXH-MAN-0002
412,"Close-Coupled 3-Way Catalyst Bank B",EMIS,TWC,"CMC SiC/SiC",Class 3,1,3.023,7557.73,3.023,7557.73,"GE Aviation (proprietary)",4,TYV6-EMIS-TWC-0002
413,"Wide-Band O2 Sensor 1 (UEGO, pre-cat)",SNS,O2W,"Inconel 718",Class 3,1,0.1,9.53,0.1,9.53,"Special Metals (PCC)",4,TYV6-SNS-O2W-0001
414,"Wide-Band O2 Sensor 2 (UEGO, pre-cat)",SNS,O2W,"Inconel 718",Class 3,1,0.1,9.53,0.1,9.53,"Special Metals (PCC)",4,TYV6-SNS-O2W-0002
415,"Wide-Band O2 Sensor 3 (UEGO, post-cat)",SNS,O2W,"Inconel 718",Class 3,1,0.1,9.53,0.1,9.53,"Special Metals (PCC)",4,TYV6-SNS-O2W-0003
416,"Wide-Band O2 Sensor 4 (UEGO, post-cat)",SNS,O2W,"Inconel 718",Class 3,1,0.1,9.53,0.1,9.53,"Special Metals (PCC)",4,TYV6-SNS-O2W-0004
417,"Underfloor Combined NOx-Trap + 3-Way Catalyst",EMIS,UFC,"CMC SiC/SiC",Class 3,1,7.464,18661.06,7.464,18661.06,"GE Aviation (proprietary)",4,TYV6-EMIS-UFC-0001
418,"Gasoline Particulate Filter (GPF, Coated Wall-Flow)",EMIS,GPF,"CMC SiC/SiC",Class 3,1,6.569,16421.73,6.569,16421.73,"GE Aviation (proprietary)",4,TYV6-EMIS-GPF-0001
419,"GPF Differential Pressure Sensor",SNS,DPF,"Stainless Steel 316",Class 3,1,0.106,1.27,0.106,1.27,"Carpenter Technology",4,TYV6-SNS-DPF-0001
420,"EGT Sensor 1 (pre-CC)",SNS,EGT,"Inconel 718",Class 3,1,0.063,5.98,0.063,5.98,"Special Metals (PCC)",4,TYV6-SNS-EGT-0001
421,"EGT Sensor 2 (post-CC)",SNS,EGT,"Inconel 718",Class 3,1,0.063,5.98,0.063,5.98,"Special Metals (PCC)",4,TYV6-SNS-EGT-0002
422,"EGT Sensor 3 (post-GPF)",SNS,EGT,"Inconel 718",Class 3,1,0.063,5.98,0.063,5.98,"Special Metals (PCC)",4,TYV6-SNS-EGT-0003
423,"Exhaust Pipe Segment 1",EXH,PIP,"Stainless Steel 316",Class 3,1,1.166,13.99,1.166,13.99,"Carpenter Technology",4,TYV6-EXH-PIP-0001
424,"Exhaust Pipe Segment 2",EXH,PIP,"Stainless Steel 316",Class 3,1,1.166,13.99,1.166,13.99,"Carpenter Technology",4,TYV6-EXH-PIP-0002
425,"Exhaust Pipe Segment 3",EXH,PIP,"Stainless Steel 316",Class 3,1,1.166,13.99,1.166,13.99,"Carpenter Technology",4,TYV6-EXH-PIP-0003
426,"Exhaust Pipe Segment 4",EXH,PIP,"Stainless Steel 316",Class 3,1,1.166,13.99,1.166,13.99,"Carpenter Technology",4,TYV6-EXH-PIP-0004
427,"Muffler (2-Stage with Active Valve)",EXH,MUF,"Stainless Steel 316",Class 3,1,9.896,118.75,9.896,118.75,"Carpenter Technology",4,TYV6-EXH-MUF-0001
428,"Tailpipe Tip 1 (Polished Stainless)",EXH,TIP,"Stainless Steel 316",Class 3,1,0.656,7.87,0.656,7.87,"Carpenter Technology",4,TYV6-EXH-TIP-0001
429,"Tailpipe Tip 2 (Polished Stainless)",EXH,TIP,"Stainless Steel 316",Class 3,1,0.656,7.87,0.656,7.87,"Carpenter Technology",4,TYV6-EXH-TIP-0002
430,"Exhaust Hanger 1 (Rubber Isolated)",EXH,HNG,"Nylon 6/6",Class 3,1,0.016,0.08,0.016,0.08,"TBD",4,TYV6-EXH-HNG-0001
431,"Exhaust Hanger 2 (Rubber Isolated)",EXH,HNG,"Nylon 6/6",Class 3,1,0.016,0.08,0.016,0.08,"TBD",4,TYV6-EXH-HNG-0002
432,"Exhaust Hanger 3 (Rubber Isolated)",EXH,HNG,"Nylon 6/6",Class 3,1,0.016,0.08,0.016,0.08,"TBD",4,TYV6-EXH-HNG-0003
433,"Exhaust Hanger 4 (Rubber Isolated)",EXH,HNG,"Nylon 6/6",Class 3,1,0.016,0.08,0.016,0.08,"TBD",4,TYV6-EXH-HNG-0004
434,"Exhaust Hanger 5 (Rubber Isolated)",EXH,HNG,"Nylon 6/6",Class 3,1,0.016,0.08,0.016,0.08,"TBD",4,TYV6-EXH-HNG-0005
435,"Exhaust Hanger 6 (Rubber Isolated)",EXH,HNG,"Nylon 6/6",Class 3,1,0.016,0.08,0.016,0.08,"TBD",4,TYV6-EXH-HNG-0006
436,"EGR Cooler (Water-Cooled Stacked-Plate)",EMIS,EGC,"Stainless Steel 316",Class 3,1,0.768,9.22,0.768,9.22,"Carpenter Technology",4,TYV6-EMIS-EGC-0001
437,"EGR Control Valve (Electronic)",EMIS,EGV,"Stainless Steel 316",Class 3,1,1.342,16.1,1.342,16.1,"Carpenter Technology",4,TYV6-EMIS-EGV-0001
438,"EGR Pipe 1",EMIS,EPI,"Stainless Steel 316",Class 3,1,0.422,5.07,0.422,5.07,"Carpenter Technology",4,TYV6-EMIS-EPI-0001
439,"EGR Pipe 2",EMIS,EPI,"Stainless Steel 316",Class 3,1,0.422,5.07,0.422,5.07,"Carpenter Technology",4,TYV6-EMIS-EPI-0002
440,"EGR Pipe 3",EMIS,EPI,"Stainless Steel 316",Class 3,1,0.422,5.07,0.422,5.07,"Carpenter Technology",4,TYV6-EMIS-EPI-0003
441,"EGR Gas Temperature Sensor",SNS,EGT,"Stainless Steel 316",Class 3,1,0.038,0.46,0.038,0.46,"Carpenter Technology",4,TYV6-SNS-EGT-0004
442,"D-4S DI Injector 1",FUEL,DI,"Stainless Steel 316",Class 3,1,0.322,3.86,0.322,3.86,"Carpenter Technology",4,TYV6-FUEL-DI-0001
443,"D-4S DI Injector 2",FUEL,DI,"Stainless Steel 316",Class 3,1,0.322,3.86,0.322,3.86,"Carpenter Technology",4,TYV6-FUEL-DI-0002
444,"D-4S DI Injector 3",FUEL,DI,"Stainless Steel 316",Class 3,1,0.322,3.86,0.322,3.86,"Carpenter Technology",4,TYV6-FUEL-DI-0003
445,"D-4S DI Injector 4",FUEL,DI,"Stainless Steel 316",Class 3,1,0.322,3.86,0.322,3.86,"Carpenter Technology",4,TYV6-FUEL-DI-0004
446,"D-4S DI Injector 5",FUEL,DI,"Stainless Steel 316",Class 3,1,0.322,3.86,0.322,3.86,"Carpenter Technology",4,TYV6-FUEL-DI-0005
447,"D-4S DI Injector 6",FUEL,DI,"Stainless Steel 316",Class 3,1,0.322,3.86,0.322,3.86,"Carpenter Technology",4,TYV6-FUEL-DI-0006
448,"D-4S Port Injector 1",FUEL,PI,"Stainless Steel 316",Class 3,1,0.149,1.79,0.149,1.79,"Carpenter Technology",4,TYV6-FUEL-PI-0001
449,"D-4S Port Injector 2",FUEL,PI,"Stainless Steel 316",Class 3,1,0.149,1.79,0.149,1.79,"Carpenter Technology",4,TYV6-FUEL-PI-0002
450,"D-4S Port Injector 3",FUEL,PI,"Stainless Steel 316",Class 3,1,0.149,1.79,0.149,1.79,"Carpenter Technology",4,TYV6-FUEL-PI-0003
451,"D-4S Port Injector 4",FUEL,PI,"Stainless Steel 316",Class 3,1,0.149,1.79,0.149,1.79,"Carpenter Technology",4,TYV6-FUEL-PI-0004
452,"D-4S Port Injector 5",FUEL,PI,"Stainless Steel 316",Class 3,1,0.149,1.79,0.149,1.79,"Carpenter Technology",4,TYV6-FUEL-PI-0005
453,"D-4S Port Injector 6",FUEL,PI,"Stainless Steel 316",Class 3,1,0.149,1.79,0.149,1.79,"Carpenter Technology",4,TYV6-FUEL-PI-0006
454,"Fuel Rail DI (200 bar)",FUEL,RDI,"Stainless Steel 316",Class 3,1,1.448,17.37,1.448,17.37,"Carpenter Technology",4,TYV6-FUEL-RDI-0001
455,"Fuel Rail PI (4 bar)",FUEL,RPI,"Stainless Steel 316",Class 3,1,1.448,17.37,1.448,17.37,"Carpenter Technology",4,TYV6-FUEL-RPI-0001
456,"High-Pressure Fuel Pump (Cam-Driven, 250 bar Capable)",FUEL,HPP,"Stainless Steel 316",Class 3,1,3.18,38.16,3.18,38.16,"Carpenter Technology",4,TYV6-FUEL-HPP-0001
457,"Low-Pressure Fuel Pump (In-Tank, BLDC)",FUEL,LPP,"Aluminum 6061-T6",Class 3,1,0.604,4.83,0.604,4.83,"Alcoa",4,TYV6-FUEL-LPP-0001
458,"Fuel Pressure Sensor DI (200 bar)",SNS,FPS,"Stainless Steel 316",Class 3,1,0.061,0.73,0.061,0.73,"Carpenter Technology",4,TYV6-SNS-FPS-0001
459,"Fuel Pressure Sensor PI",SNS,FPS,"Stainless Steel 316",Class 3,1,0.061,0.73,0.061,0.73,"Carpenter Technology",4,TYV6-SNS-FPS-0002
460,"Fuel Temperature Sensor",SNS,FTS,"Stainless Steel 316",Class 3,1,0.031,0.37,0.031,0.37,"Carpenter Technology",4,TYV6-SNS-FTS-0001
461,"Spark Plug 1 (Iridium-Pt 14 mm thread)",IGN,PLG,"Stainless Steel 316",Class 3,1,0.094,1.13,0.094,1.13,"Carpenter Technology",4,TYV6-IGN-PLG-0001
462,"Ignition Coil 1 (Smart COP)",IGN,COL,"ABS Plastic",Class 3,1,0.162,0.81,0.162,0.81,"TBD",4,TYV6-IGN-COL-0001
463,"Spark Plug 2 (Iridium-Pt 14 mm thread)",IGN,PLG,"Stainless Steel 316",Class 3,1,0.094,1.13,0.094,1.13,"Carpenter Technology",4,TYV6-IGN-PLG-0002
464,"Ignition Coil 2 (Smart COP)",IGN,COL,"ABS Plastic",Class 3,1,0.162,0.81,0.162,0.81,"TBD",4,TYV6-IGN-COL-0002
465,"Spark Plug 3 (Iridium-Pt 14 mm thread)",IGN,PLG,"Stainless Steel 316",Class 3,1,0.094,1.13,0.094,1.13,"Carpenter Technology",4,TYV6-IGN-PLG-0003
466,"Ignition Coil 3 (Smart COP)",IGN,COL,"ABS Plastic",Class 3,1,0.162,0.81,0.162,0.81,"TBD",4,TYV6-IGN-COL-0003
467,"Spark Plug 4 (Iridium-Pt 14 mm thread)",IGN,PLG,"Stainless Steel 316",Class 3,1,0.094,1.13,0.094,1.13,"Carpenter Technology",4,TYV6-IGN-PLG-0004
468,"Ignition Coil 4 (Smart COP)",IGN,COL,"ABS Plastic",Class 3,1,0.162,0.81,0.162,0.81,"TBD",4,TYV6-IGN-COL-0004
469,"Spark Plug 5 (Iridium-Pt 14 mm thread)",IGN,PLG,"Stainless Steel 316",Class 3,1,0.094,1.13,0.094,1.13,"Carpenter Technology",4,TYV6-IGN-PLG-0005
470,"Ignition Coil 5 (Smart COP)",IGN,COL,"ABS Plastic",Class 3,1,0.162,0.81,0.162,0.81,"TBD",4,TYV6-IGN-COL-0005
471,"Spark Plug 6 (Iridium-Pt 14 mm thread)",IGN,PLG,"Stainless Steel 316",Class 3,1,0.094,1.13,0.094,1.13,"Carpenter Technology",4,TYV6-IGN-PLG-0006
472,"Ignition Coil 6 (Smart COP)",IGN,COL,"ABS Plastic",Class 3,1,0.162,0.81,0.162,0.81,"TBD",4,TYV6-IGN-COL-0006
473,"Knock Sensor Bank A",SNS,KNK,"Stainless Steel 316",Class 3,1,0.071,0.85,0.071,0.85,"Carpenter Technology",4,TYV6-SNS-KNK-0001
474,"Knock Sensor Bank B",SNS,KNK,"Stainless Steel 316",Class 3,1,0.071,0.85,0.071,0.85,"Carpenter Technology",4,TYV6-SNS-KNK-0002
475,"Crank Position Sensor (Hall, 36-1)",SNS,CKP,"Stainless Steel 316",Class 3,1,0.061,0.73,0.061,0.73,"Carpenter Technology",4,TYV6-SNS-CKP-0001
476,"Cam Position Sensor 1",SNS,CMP,"Stainless Steel 316",Class 3,1,0.061,0.73,0.061,0.73,"Carpenter Technology",4,TYV6-SNS-CMP-0001
477,"Cam Position Sensor 2",SNS,CMP,"Stainless Steel 316",Class 3,1,0.061,0.73,0.061,0.73,"Carpenter Technology",4,TYV6-SNS-CMP-0002
478,"Cam Position Sensor 3",SNS,CMP,"Stainless Steel 316",Class 3,1,0.061,0.73,0.061,0.73,"Carpenter Technology",4,TYV6-SNS-CMP-0003
479,"Cam Position Sensor 4",SNS,CMP,"Stainless Steel 316",Class 3,1,0.061,0.73,0.061,0.73,"Carpenter Technology",4,TYV6-SNS-CMP-0004
480,"Planetary Carrier (Power-Split Input from ICE)",HYB,CAR,"Steel AISI 4340",Class 3,1,6.273,37.64,6.273,37.64,"Carpenter Technology",4,TYV6-HYB-CAR-0001
481,"Planet Gear 1",HYB,PLT,"Steel AISI 4340",Class 3,1,0.457,2.74,0.457,2.74,"Carpenter Technology",4,TYV6-HYB-PLT-0001
482,"Planet Gear 2",HYB,PLT,"Steel AISI 4340",Class 3,1,0.457,2.74,0.457,2.74,"Carpenter Technology",4,TYV6-HYB-PLT-0002
483,"Planet Gear 3",HYB,PLT,"Steel AISI 4340",Class 3,1,0.457,2.74,0.457,2.74,"Carpenter Technology",4,TYV6-HYB-PLT-0003
484,"Planet Gear 4",HYB,PLT,"Steel AISI 4340",Class 3,1,0.457,2.74,0.457,2.74,"Carpenter Technology",4,TYV6-HYB-PLT-0004
485,"Sun Gear (drives MG1)",HYB,SUN,"Steel AISI 4340",Class 3,1,0.658,3.95,0.658,3.95,"Carpenter Technology",4,TYV6-HYB-SUN-0001
486,"Ring Gear (drives MG2 + Final Drive)",HYB,RNG,"Steel AISI 4340",Class 3,1,0.844,5.06,0.844,5.06,"Carpenter Technology",4,TYV6-HYB-RNG-0001
487,"MG1 Stator (Distributed-Winding, 30 kW)",HYB,M1S,"Copper C11000",Class 3,1,10.953,175.26,10.953,175.26,"Mueller Industries",4,TYV6-HYB-M1S-0001
488,"MG1 Rotor (IPM Permanent Magnet, NdFeB)",HYB,M1R,"Steel AISI 1020",Class 3,1,4.315,21.58,4.315,21.58,"TBD",4,TYV6-HYB-M1R-0001
489,"MG2 Stator (80 kW cont, 180 kW peak)",HYB,M2S,"Copper C11000",Class 3,1,31.26,500.15,31.26,500.15,"Mueller Industries",4,TYV6-HYB-M2S-0001
490,"MG2 Rotor (IPM Permanent Magnet)",HYB,M2R,"Steel AISI 1020",Class 3,1,12.237,61.19,12.237,61.19,"TBD",4,TYV6-HYB-M2R-0001
491,"Power-Split Transmission Case (Aluminum)",HYB,CSE,"Aluminum 6061-T6",Class 3,1,8.906,71.25,8.906,71.25,"Alcoa",4,TYV6-HYB-CSE-0001
492,"Resolver MG1 (Position Feedback)",HYB,RES,"Aluminum 6061-T6",Class 3,1,0.04,0.32,0.04,0.32,"Alcoa",4,TYV6-HYB-RES-0001
493,"Resolver MG2 (Position Feedback)",HYB,RES,"Aluminum 6061-T6",Class 3,1,0.04,0.32,0.04,0.32,"Alcoa",4,TYV6-HYB-RES-0002
494,"PCU Inverter (SiC MOSFET, dual-channel for MG1 + MG2)",HYB,INV,"Aluminum 6061-T6",Class 3,1,12.15,97.2,12.15,97.2,"Alcoa",4,TYV6-HYB-INV-0001
495,"DC-DC Converter (HV → 12V, 2.5 kW)",HYB,DCC,"Aluminum 6061-T6",Class 3,1,4.86,38.88,4.86,38.88,"Alcoa",4,TYV6-HYB-DCC-0001
496,"12V Auxiliary Battery (AGM)",HYB,A12,"ABS Plastic",Class 3,1,7.776,38.88,7.776,38.88,"TBD",4,TYV6-HYB-A12-0001
497,"HV Battery Pack Enclosure (Aluminum, IP67)",HVB,ENC,"Aluminum 6061-T6",Class 3,1,7.29,58.32,7.29,58.32,"Alcoa",4,TYV6-HVB-ENC-0001
498,"HV Battery Cell 1",HVB,CEL,"Steel AISI 1020",Class 3,1,0.065,0.32,0.065,0.32,"TBD",4,TYV6-HVB-CEL-0001
499,"HV Battery Cell 2",HVB,CEL,"Steel AISI 1020",Class 3,1,0.065,0.32,0.065,0.32,"TBD",4,TYV6-HVB-CEL-0002
500,"HV Battery Cell 3",HVB,CEL,"Steel AISI 1020",Class 3,1,0.065,0.32,0.065,0.32,"TBD",4,TYV6-HVB-CEL-0003
501,"HV Battery Cell 4",HVB,CEL,"Steel AISI 1020",Class 3,1,0.065,0.32,0.065,0.32,"TBD",4,TYV6-HVB-CEL-0004
502,"HV Battery Cell 5",HVB,CEL,"Steel AISI 1020",Class 3,1,0.065,0.32,0.065,0.32,"TBD",4,TYV6-HVB-CEL-0005
503,"HV Battery Cell 6",HVB,CEL,"Steel AISI 1020",Class 3,1,0.065,0.32,0.065,0.32,"TBD",4,TYV6-HVB-CEL-0006
504,"HV Battery Cell 7",HVB,CEL,"Steel AISI 1020",Class 3,1,0.065,0.32,0.065,0.32,"TBD",4,TYV6-HVB-CEL-0007
505,"HV Battery Cell 8",HVB,CEL,"Steel AISI 1020",Class 3,1,0.065,0.32,0.065,0.32,"TBD",4,TYV6-HVB-CEL-0008
506,"HV Battery Cell 9",HVB,CEL,"Steel AISI 1020",Class 3,1,0.065,0.32,0.065,0.32,"TBD",4,TYV6-HVB-CEL-0009
507,"HV Battery Cell 10",HVB,CEL,"Steel AISI 1020",Class 3,1,0.065,0.32,0.065,0.32,"TBD",4,TYV6-HVB-CEL-0010
508,"HV Battery Cell 11",HVB,CEL,"Steel AISI 1020",Class 3,1,0.065,0.32,0.065,0.32,"TBD",4,TYV6-HVB-CEL-0011
509,"HV Battery Cell 12",HVB,CEL,"Steel AISI 1020",Class 3,1,0.065,0.32,0.065,0.32,"TBD",4,TYV6-HVB-CEL-0012
510,"HV Battery Cell 13",HVB,CEL,"Steel AISI 1020",Class 3,1,0.065,0.32,0.065,0.32,"TBD",4,TYV6-HVB-CEL-0013
511,"HV Battery Cell 14",HVB,CEL,"Steel AISI 1020",Class 3,1,0.065,0.32,0.065,0.32,"TBD",4,TYV6-HVB-CEL-0014
512,"HV Battery Cell 15",HVB,CEL,"Steel AISI 1020",Class 3,1,0.065,0.32,0.065,0.32,"TBD",4,TYV6-HVB-CEL-0015
513,"HV Battery Cell 16",HVB,CEL,"Steel AISI 1020",Class 3,1,0.065,0.32,0.065,0.32,"TBD",4,TYV6-HVB-CEL-0016
514,"HV Battery Cell 17",HVB,CEL,"Steel AISI 1020",Class 3,1,0.065,0.32,0.065,0.32,"TBD",4,TYV6-HVB-CEL-0017
515,"HV Battery Cell 18",HVB,CEL,"Steel AISI 1020",Class 3,1,0.065,0.32,0.065,0.32,"TBD",4,TYV6-HVB-CEL-0018
516,"HV Battery Cell 19",HVB,CEL,"Steel AISI 1020",Class 3,1,0.065,0.32,0.065,0.32,"TBD",4,TYV6-HVB-CEL-0019
517,"HV Battery Cell 20",HVB,CEL,"Steel AISI 1020",Class 3,1,0.065,0.32,0.065,0.32,"TBD",4,TYV6-HVB-CEL-0020
518,"HV Battery Cell 21",HVB,CEL,"Steel AISI 1020",Class 3,1,0.065,0.32,0.065,0.32,"TBD",4,TYV6-HVB-CEL-0021
519,"HV Battery Cell 22",HVB,CEL,"Steel AISI 1020",Class 3,1,0.065,0.32,0.065,0.32,"TBD",4,TYV6-HVB-CEL-0022
520,"HV Battery Cell 23",HVB,CEL,"Steel AISI 1020",Class 3,1,0.065,0.32,0.065,0.32,"TBD",4,TYV6-HVB-CEL-0023
521,"HV Battery Cell 24",HVB,CEL,"Steel AISI 1020",Class 3,1,0.065,0.32,0.065,0.32,"TBD",4,TYV6-HVB-CEL-0024
522,"HV Battery Cell 25",HVB,CEL,"Steel AISI 1020",Class 3,1,0.065,0.32,0.065,0.32,"TBD",4,TYV6-HVB-CEL-0025
523,"HV Battery Cell 26",HVB,CEL,"Steel AISI 1020",Class 3,1,0.065,0.32,0.065,0.32,"TBD",4,TYV6-HVB-CEL-0026
524,"HV Battery Cell 27",HVB,CEL,"Steel AISI 1020",Class 3,1,0.065,0.32,0.065,0.32,"TBD",4,TYV6-HVB-CEL-0027
525,"HV Battery Cell 28",HVB,CEL,"Steel AISI 1020",Class 3,1,0.065,0.32,0.065,0.32,"TBD",4,TYV6-HVB-CEL-0028
526,"HV Battery Cell 29",HVB,CEL,"Steel AISI 1020",Class 3,1,0.065,0.32,0.065,0.32,"TBD",4,TYV6-HVB-CEL-0029
527,"HV Battery Cell 30",HVB,CEL,"Steel AISI 1020",Class 3,1,0.065,0.32,0.065,0.32,"TBD",4,TYV6-HVB-CEL-0030
528,"HV Battery Cell 31",HVB,CEL,"Steel AISI 1020",Class 3,1,0.065,0.32,0.065,0.32,"TBD",4,TYV6-HVB-CEL-0031
529,"HV Battery Cell 32",HVB,CEL,"Steel AISI 1020",Class 3,1,0.065,0.32,0.065,0.32,"TBD",4,TYV6-HVB-CEL-0032
530,"HV Battery Cell 33",HVB,CEL,"Steel AISI 1020",Class 3,1,0.065,0.32,0.065,0.32,"TBD",4,TYV6-HVB-CEL-0033
531,"HV Battery Cell 34",HVB,CEL,"Steel AISI 1020",Class 3,1,0.065,0.32,0.065,0.32,"TBD",4,TYV6-HVB-CEL-0034
532,"HV Battery Cell 35",HVB,CEL,"Steel AISI 1020",Class 3,1,0.065,0.32,0.065,0.32,"TBD",4,TYV6-HVB-CEL-0035
533,"HV Battery Cell 36",HVB,CEL,"Steel AISI 1020",Class 3,1,0.065,0.32,0.065,0.32,"TBD",4,TYV6-HVB-CEL-0036
534,"HV Battery Cell 37",HVB,CEL,"Steel AISI 1020",Class 3,1,0.065,0.32,0.065,0.32,"TBD",4,TYV6-HVB-CEL-0037
535,"HV Battery Cell 38",HVB,CEL,"Steel AISI 1020",Class 3,1,0.065,0.32,0.065,0.32,"TBD",4,TYV6-HVB-CEL-0038
536,"HV Battery Cell 39",HVB,CEL,"Steel AISI 1020",Class 3,1,0.065,0.32,0.065,0.32,"TBD",4,TYV6-HVB-CEL-0039
537,"HV Battery Cell 40",HVB,CEL,"Steel AISI 1020",Class 3,1,0.065,0.32,0.065,0.32,"TBD",4,TYV6-HVB-CEL-0040
538,"HV Battery Cell 41",HVB,CEL,"Steel AISI 1020",Class 3,1,0.065,0.32,0.065,0.32,"TBD",4,TYV6-HVB-CEL-0041
539,"HV Battery Cell 42",HVB,CEL,"Steel AISI 1020",Class 3,1,0.065,0.32,0.065,0.32,"TBD",4,TYV6-HVB-CEL-0042
540,"HV Battery Cell 43",HVB,CEL,"Steel AISI 1020",Class 3,1,0.065,0.32,0.065,0.32,"TBD",4,TYV6-HVB-CEL-0043
541,"HV Battery Cell 44",HVB,CEL,"Steel AISI 1020",Class 3,1,0.065,0.32,0.065,0.32,"TBD",4,TYV6-HVB-CEL-0044
542,"HV Battery Cell 45",HVB,CEL,"Steel AISI 1020",Class 3,1,0.065,0.32,0.065,0.32,"TBD",4,TYV6-HVB-CEL-0045
543,"HV Battery Cell 46",HVB,CEL,"Steel AISI 1020",Class 3,1,0.065,0.32,0.065,0.32,"TBD",4,TYV6-HVB-CEL-0046
544,"HV Battery Cell 47",HVB,CEL,"Steel AISI 1020",Class 3,1,0.065,0.32,0.065,0.32,"TBD",4,TYV6-HVB-CEL-0047
545,"HV Battery Cell 48",HVB,CEL,"Steel AISI 1020",Class 3,1,0.065,0.32,0.065,0.32,"TBD",4,TYV6-HVB-CEL-0048
546,"HV Battery Cell 49",HVB,CEL,"Steel AISI 1020",Class 3,1,0.065,0.32,0.065,0.32,"TBD",4,TYV6-HVB-CEL-0049
547,"HV Battery Cell 50",HVB,CEL,"Steel AISI 1020",Class 3,1,0.065,0.32,0.065,0.32,"TBD",4,TYV6-HVB-CEL-0050
548,"HV Battery Cell 51",HVB,CEL,"Steel AISI 1020",Class 3,1,0.065,0.32,0.065,0.32,"TBD",4,TYV6-HVB-CEL-0051
549,"HV Battery Cell 52",HVB,CEL,"Steel AISI 1020",Class 3,1,0.065,0.32,0.065,0.32,"TBD",4,TYV6-HVB-CEL-0052
550,"HV Battery Cell 53",HVB,CEL,"Steel AISI 1020",Class 3,1,0.065,0.32,0.065,0.32,"TBD",4,TYV6-HVB-CEL-0053
551,"HV Battery Cell 54",HVB,CEL,"Steel AISI 1020",Class 3,1,0.065,0.32,0.065,0.32,"TBD",4,TYV6-HVB-CEL-0054
552,"HV Battery Cell 55",HVB,CEL,"Steel AISI 1020",Class 3,1,0.065,0.32,0.065,0.32,"TBD",4,TYV6-HVB-CEL-0055
553,"HV Battery Cell 56",HVB,CEL,"Steel AISI 1020",Class 3,1,0.065,0.32,0.065,0.32,"TBD",4,TYV6-HVB-CEL-0056
554,"HV Battery Cell 57",HVB,CEL,"Steel AISI 1020",Class 3,1,0.065,0.32,0.065,0.32,"TBD",4,TYV6-HVB-CEL-0057
555,"HV Battery Cell 58",HVB,CEL,"Steel AISI 1020",Class 3,1,0.065,0.32,0.065,0.32,"TBD",4,TYV6-HVB-CEL-0058
556,"HV Battery Cell 59",HVB,CEL,"Steel AISI 1020",Class 3,1,0.065,0.32,0.065,0.32,"TBD",4,TYV6-HVB-CEL-0059
557,"HV Battery Cell 60",HVB,CEL,"Steel AISI 1020",Class 3,1,0.065,0.32,0.065,0.32,"TBD",4,TYV6-HVB-CEL-0060
558,"HV Battery Cell 61",HVB,CEL,"Steel AISI 1020",Class 3,1,0.065,0.32,0.065,0.32,"TBD",4,TYV6-HVB-CEL-0061
559,"HV Battery Cell 62",HVB,CEL,"Steel AISI 1020",Class 3,1,0.065,0.32,0.065,0.32,"TBD",4,TYV6-HVB-CEL-0062
560,"HV Battery Cell 63",HVB,CEL,"Steel AISI 1020",Class 3,1,0.065,0.32,0.065,0.32,"TBD",4,TYV6-HVB-CEL-0063
561,"HV Battery Cell 64",HVB,CEL,"Steel AISI 1020",Class 3,1,0.065,0.32,0.065,0.32,"TBD",4,TYV6-HVB-CEL-0064
562,"HV Battery Cell 65",HVB,CEL,"Steel AISI 1020",Class 3,1,0.065,0.32,0.065,0.32,"TBD",4,TYV6-HVB-CEL-0065
563,"HV Battery Cell 66",HVB,CEL,"Steel AISI 1020",Class 3,1,0.065,0.32,0.065,0.32,"TBD",4,TYV6-HVB-CEL-0066
564,"HV Battery Cell 67",HVB,CEL,"Steel AISI 1020",Class 3,1,0.065,0.32,0.065,0.32,"TBD",4,TYV6-HVB-CEL-0067
565,"HV Battery Cell 68",HVB,CEL,"Steel AISI 1020",Class 3,1,0.065,0.32,0.065,0.32,"TBD",4,TYV6-HVB-CEL-0068
566,"HV Battery Cell 69",HVB,CEL,"Steel AISI 1020",Class 3,1,0.065,0.32,0.065,0.32,"TBD",4,TYV6-HVB-CEL-0069
567,"HV Battery Cell 70",HVB,CEL,"Steel AISI 1020",Class 3,1,0.065,0.32,0.065,0.32,"TBD",4,TYV6-HVB-CEL-0070
568,"HV Battery Cell 71",HVB,CEL,"Steel AISI 1020",Class 3,1,0.065,0.32,0.065,0.32,"TBD",4,TYV6-HVB-CEL-0071
569,"HV Battery Cell 72",HVB,CEL,"Steel AISI 1020",Class 3,1,0.065,0.32,0.065,0.32,"TBD",4,TYV6-HVB-CEL-0072
570,"HV Battery Cell 73",HVB,CEL,"Steel AISI 1020",Class 3,1,0.065,0.32,0.065,0.32,"TBD",4,TYV6-HVB-CEL-0073
571,"HV Battery Cell 74",HVB,CEL,"Steel AISI 1020",Class 3,1,0.065,0.32,0.065,0.32,"TBD",4,TYV6-HVB-CEL-0074
572,"HV Battery Cell 75",HVB,CEL,"Steel AISI 1020",Class 3,1,0.065,0.32,0.065,0.32,"TBD",4,TYV6-HVB-CEL-0075
573,"HV Battery Cell 76",HVB,CEL,"Steel AISI 1020",Class 3,1,0.065,0.32,0.065,0.32,"TBD",4,TYV6-HVB-CEL-0076
574,"HV Battery Cell 77",HVB,CEL,"Steel AISI 1020",Class 3,1,0.065,0.32,0.065,0.32,"TBD",4,TYV6-HVB-CEL-0077
575,"HV Battery Cell 78",HVB,CEL,"Steel AISI 1020",Class 3,1,0.065,0.32,0.065,0.32,"TBD",4,TYV6-HVB-CEL-0078
576,"HV Battery Cell 79",HVB,CEL,"Steel AISI 1020",Class 3,1,0.065,0.32,0.065,0.32,"TBD",4,TYV6-HVB-CEL-0079
577,"HV Battery Cell 80",HVB,CEL,"Steel AISI 1020",Class 3,1,0.065,0.32,0.065,0.32,"TBD",4,TYV6-HVB-CEL-0080
578,"HV Battery Cell 81",HVB,CEL,"Steel AISI 1020",Class 3,1,0.065,0.32,0.065,0.32,"TBD",4,TYV6-HVB-CEL-0081
579,"HV Battery Cell 82",HVB,CEL,"Steel AISI 1020",Class 3,1,0.065,0.32,0.065,0.32,"TBD",4,TYV6-HVB-CEL-0082
580,"HV Battery Cell 83",HVB,CEL,"Steel AISI 1020",Class 3,1,0.065,0.32,0.065,0.32,"TBD",4,TYV6-HVB-CEL-0083
581,"HV Battery Cell 84",HVB,CEL,"Steel AISI 1020",Class 3,1,0.065,0.32,0.065,0.32,"TBD",4,TYV6-HVB-CEL-0084
582,"HV Battery Cell 85",HVB,CEL,"Steel AISI 1020",Class 3,1,0.065,0.32,0.065,0.32,"TBD",4,TYV6-HVB-CEL-0085
583,"HV Battery Cell 86",HVB,CEL,"Steel AISI 1020",Class 3,1,0.065,0.32,0.065,0.32,"TBD",4,TYV6-HVB-CEL-0086
584,"HV Battery Cell 87",HVB,CEL,"Steel AISI 1020",Class 3,1,0.065,0.32,0.065,0.32,"TBD",4,TYV6-HVB-CEL-0087
585,"HV Battery Cell 88",HVB,CEL,"Steel AISI 1020",Class 3,1,0.065,0.32,0.065,0.32,"TBD",4,TYV6-HVB-CEL-0088
586,"HV Battery Cell 89",HVB,CEL,"Steel AISI 1020",Class 3,1,0.065,0.32,0.065,0.32,"TBD",4,TYV6-HVB-CEL-0089
587,"HV Battery Cell 90",HVB,CEL,"Steel AISI 1020",Class 3,1,0.065,0.32,0.065,0.32,"TBD",4,TYV6-HVB-CEL-0090
588,"HV Battery Cell 91",HVB,CEL,"Steel AISI 1020",Class 3,1,0.065,0.32,0.065,0.32,"TBD",4,TYV6-HVB-CEL-0091
589,"HV Battery Cell 92",HVB,CEL,"Steel AISI 1020",Class 3,1,0.065,0.32,0.065,0.32,"TBD",4,TYV6-HVB-CEL-0092
590,"HV Battery Cell 93",HVB,CEL,"Steel AISI 1020",Class 3,1,0.065,0.32,0.065,0.32,"TBD",4,TYV6-HVB-CEL-0093
591,"HV Battery Cell 94",HVB,CEL,"Steel AISI 1020",Class 3,1,0.065,0.32,0.065,0.32,"TBD",4,TYV6-HVB-CEL-0094
592,"HV Battery Cell 95",HVB,CEL,"Steel AISI 1020",Class 3,1,0.065,0.32,0.065,0.32,"TBD",4,TYV6-HVB-CEL-0095
593,"HV Battery Cell 96",HVB,CEL,"Steel AISI 1020",Class 3,1,0.065,0.32,0.065,0.32,"TBD",4,TYV6-HVB-CEL-0096
594,"HV Battery Cell 97",HVB,CEL,"Steel AISI 1020",Class 3,1,0.065,0.32,0.065,0.32,"TBD",4,TYV6-HVB-CEL-0097
595,"HV Battery Cell 98",HVB,CEL,"Steel AISI 1020",Class 3,1,0.065,0.32,0.065,0.32,"TBD",4,TYV6-HVB-CEL-0098
596,"HV Battery Cell 99",HVB,CEL,"Steel AISI 1020",Class 3,1,0.065,0.32,0.065,0.32,"TBD",4,TYV6-HVB-CEL-0099
597,"HV Battery Cell 100",HVB,CEL,"Steel AISI 1020",Class 3,1,0.065,0.32,0.065,0.32,"TBD",4,TYV6-HVB-CEL-0100
598,"HV Battery Cell 101",HVB,CEL,"Steel AISI 1020",Class 3,1,0.065,0.32,0.065,0.32,"TBD",4,TYV6-HVB-CEL-0101
599,"HV Battery Cell 102",HVB,CEL,"Steel AISI 1020",Class 3,1,0.065,0.32,0.065,0.32,"TBD",4,TYV6-HVB-CEL-0102
600,"HV Battery Cell 103",HVB,CEL,"Steel AISI 1020",Class 3,1,0.065,0.32,0.065,0.32,"TBD",4,TYV6-HVB-CEL-0103
601,"HV Battery Cell 104",HVB,CEL,"Steel AISI 1020",Class 3,1,0.065,0.32,0.065,0.32,"TBD",4,TYV6-HVB-CEL-0104
602,"HV Battery Cell 105",HVB,CEL,"Steel AISI 1020",Class 3,1,0.065,0.32,0.065,0.32,"TBD",4,TYV6-HVB-CEL-0105
603,"HV Battery Cell 106",HVB,CEL,"Steel AISI 1020",Class 3,1,0.065,0.32,0.065,0.32,"TBD",4,TYV6-HVB-CEL-0106
604,"HV Battery Cell 107",HVB,CEL,"Steel AISI 1020",Class 3,1,0.065,0.32,0.065,0.32,"TBD",4,TYV6-HVB-CEL-0107
605,"HV Battery Cell 108",HVB,CEL,"Steel AISI 1020",Class 3,1,0.065,0.32,0.065,0.32,"TBD",4,TYV6-HVB-CEL-0108
606,"HV Battery Cell 109",HVB,CEL,"Steel AISI 1020",Class 3,1,0.065,0.32,0.065,0.32,"TBD",4,TYV6-HVB-CEL-0109
607,"HV Battery Cell 110",HVB,CEL,"Steel AISI 1020",Class 3,1,0.065,0.32,0.065,0.32,"TBD",4,TYV6-HVB-CEL-0110
608,"HV Battery Cell 111",HVB,CEL,"Steel AISI 1020",Class 3,1,0.065,0.32,0.065,0.32,"TBD",4,TYV6-HVB-CEL-0111
609,"HV Battery Cell 112",HVB,CEL,"Steel AISI 1020",Class 3,1,0.065,0.32,0.065,0.32,"TBD",4,TYV6-HVB-CEL-0112
610,"HV Battery Cell 113",HVB,CEL,"Steel AISI 1020",Class 3,1,0.065,0.32,0.065,0.32,"TBD",4,TYV6-HVB-CEL-0113
611,"HV Battery Cell 114",HVB,CEL,"Steel AISI 1020",Class 3,1,0.065,0.32,0.065,0.32,"TBD",4,TYV6-HVB-CEL-0114
612,"HV Battery Cell 115",HVB,CEL,"Steel AISI 1020",Class 3,1,0.065,0.32,0.065,0.32,"TBD",4,TYV6-HVB-CEL-0115
613,"HV Battery Cell 116",HVB,CEL,"Steel AISI 1020",Class 3,1,0.065,0.32,0.065,0.32,"TBD",4,TYV6-HVB-CEL-0116
614,"HV Battery Cell 117",HVB,CEL,"Steel AISI 1020",Class 3,1,0.065,0.32,0.065,0.32,"TBD",4,TYV6-HVB-CEL-0117
615,"HV Battery Cell 118",HVB,CEL,"Steel AISI 1020",Class 3,1,0.065,0.32,0.065,0.32,"TBD",4,TYV6-HVB-CEL-0118
616,"HV Battery Cell 119",HVB,CEL,"Steel AISI 1020",Class 3,1,0.065,0.32,0.065,0.32,"TBD",4,TYV6-HVB-CEL-0119
617,"HV Battery Cell 120",HVB,CEL,"Steel AISI 1020",Class 3,1,0.065,0.32,0.065,0.32,"TBD",4,TYV6-HVB-CEL-0120
618,"HV Battery Cell 121",HVB,CEL,"Steel AISI 1020",Class 3,1,0.065,0.32,0.065,0.32,"TBD",4,TYV6-HVB-CEL-0121
619,"HV Battery Cell 122",HVB,CEL,"Steel AISI 1020",Class 3,1,0.065,0.32,0.065,0.32,"TBD",4,TYV6-HVB-CEL-0122
620,"HV Battery Cell 123",HVB,CEL,"Steel AISI 1020",Class 3,1,0.065,0.32,0.065,0.32,"TBD",4,TYV6-HVB-CEL-0123
621,"HV Battery Cell 124",HVB,CEL,"Steel AISI 1020",Class 3,1,0.065,0.32,0.065,0.32,"TBD",4,TYV6-HVB-CEL-0124
622,"HV Battery Cell 125",HVB,CEL,"Steel AISI 1020",Class 3,1,0.065,0.32,0.065,0.32,"TBD",4,TYV6-HVB-CEL-0125
623,"HV Battery Cell 126",HVB,CEL,"Steel AISI 1020",Class 3,1,0.065,0.32,0.065,0.32,"TBD",4,TYV6-HVB-CEL-0126
624,"HV Battery Cell 127",HVB,CEL,"Steel AISI 1020",Class 3,1,0.065,0.32,0.065,0.32,"TBD",4,TYV6-HVB-CEL-0127
625,"HV Battery Cell 128",HVB,CEL,"Steel AISI 1020",Class 3,1,0.065,0.32,0.065,0.32,"TBD",4,TYV6-HVB-CEL-0128
626,"HV Battery Cell 129",HVB,CEL,"Steel AISI 1020",Class 3,1,0.065,0.32,0.065,0.32,"TBD",4,TYV6-HVB-CEL-0129
627,"HV Battery Cell 130",HVB,CEL,"Steel AISI 1020",Class 3,1,0.065,0.32,0.065,0.32,"TBD",4,TYV6-HVB-CEL-0130
628,"HV Battery Cell 131",HVB,CEL,"Steel AISI 1020",Class 3,1,0.065,0.32,0.065,0.32,"TBD",4,TYV6-HVB-CEL-0131
629,"HV Battery Cell 132",HVB,CEL,"Steel AISI 1020",Class 3,1,0.065,0.32,0.065,0.32,"TBD",4,TYV6-HVB-CEL-0132
630,"HV Battery Cell 133",HVB,CEL,"Steel AISI 1020",Class 3,1,0.065,0.32,0.065,0.32,"TBD",4,TYV6-HVB-CEL-0133
631,"HV Battery Cell 134",HVB,CEL,"Steel AISI 1020",Class 3,1,0.065,0.32,0.065,0.32,"TBD",4,TYV6-HVB-CEL-0134
632,"HV Battery Cell 135",HVB,CEL,"Steel AISI 1020",Class 3,1,0.065,0.32,0.065,0.32,"TBD",4,TYV6-HVB-CEL-0135
633,"HV Battery Cell 136",HVB,CEL,"Steel AISI 1020",Class 3,1,0.065,0.32,0.065,0.32,"TBD",4,TYV6-HVB-CEL-0136
634,"HV Battery Cell 137",HVB,CEL,"Steel AISI 1020",Class 3,1,0.065,0.32,0.065,0.32,"TBD",4,TYV6-HVB-CEL-0137
635,"HV Battery Cell 138",HVB,CEL,"Steel AISI 1020",Class 3,1,0.065,0.32,0.065,0.32,"TBD",4,TYV6-HVB-CEL-0138
636,"HV Battery Cell 139",HVB,CEL,"Steel AISI 1020",Class 3,1,0.065,0.32,0.065,0.32,"TBD",4,TYV6-HVB-CEL-0139
637,"HV Battery Cell 140",HVB,CEL,"Steel AISI 1020",Class 3,1,0.065,0.32,0.065,0.32,"TBD",4,TYV6-HVB-CEL-0140
638,"HV Battery Cell 141",HVB,CEL,"Steel AISI 1020",Class 3,1,0.065,0.32,0.065,0.32,"TBD",4,TYV6-HVB-CEL-0141
639,"HV Battery Cell 142",HVB,CEL,"Steel AISI 1020",Class 3,1,0.065,0.32,0.065,0.32,"TBD",4,TYV6-HVB-CEL-0142
640,"HV Battery Cell 143",HVB,CEL,"Steel AISI 1020",Class 3,1,0.065,0.32,0.065,0.32,"TBD",4,TYV6-HVB-CEL-0143
641,"HV Battery Cell 144",HVB,CEL,"Steel AISI 1020",Class 3,1,0.065,0.32,0.065,0.32,"TBD",4,TYV6-HVB-CEL-0144
642,"HV Battery Cell 145",HVB,CEL,"Steel AISI 1020",Class 3,1,0.065,0.32,0.065,0.32,"TBD",4,TYV6-HVB-CEL-0145
643,"HV Battery Cell 146",HVB,CEL,"Steel AISI 1020",Class 3,1,0.065,0.32,0.065,0.32,"TBD",4,TYV6-HVB-CEL-0146
644,"HV Battery Cell 147",HVB,CEL,"Steel AISI 1020",Class 3,1,0.065,0.32,0.065,0.32,"TBD",4,TYV6-HVB-CEL-0147
645,"HV Battery Cell 148",HVB,CEL,"Steel AISI 1020",Class 3,1,0.065,0.32,0.065,0.32,"TBD",4,TYV6-HVB-CEL-0148
646,"HV Battery Cell 149",HVB,CEL,"Steel AISI 1020",Class 3,1,0.065,0.32,0.065,0.32,"TBD",4,TYV6-HVB-CEL-0149
647,"HV Battery Cell 150",HVB,CEL,"Steel AISI 1020",Class 3,1,0.065,0.32,0.065,0.32,"TBD",4,TYV6-HVB-CEL-0150
648,"HV Battery Cell 151",HVB,CEL,"Steel AISI 1020",Class 3,1,0.065,0.32,0.065,0.32,"TBD",4,TYV6-HVB-CEL-0151
649,"HV Battery Cell 152",HVB,CEL,"Steel AISI 1020",Class 3,1,0.065,0.32,0.065,0.32,"TBD",4,TYV6-HVB-CEL-0152
650,"HV Battery Cell 153",HVB,CEL,"Steel AISI 1020",Class 3,1,0.065,0.32,0.065,0.32,"TBD",4,TYV6-HVB-CEL-0153
651,"HV Battery Cell 154",HVB,CEL,"Steel AISI 1020",Class 3,1,0.065,0.32,0.065,0.32,"TBD",4,TYV6-HVB-CEL-0154
652,"HV Battery Cell 155",HVB,CEL,"Steel AISI 1020",Class 3,1,0.065,0.32,0.065,0.32,"TBD",4,TYV6-HVB-CEL-0155
653,"HV Battery Cell 156",HVB,CEL,"Steel AISI 1020",Class 3,1,0.065,0.32,0.065,0.32,"TBD",4,TYV6-HVB-CEL-0156
654,"HV Battery Cell 157",HVB,CEL,"Steel AISI 1020",Class 3,1,0.065,0.32,0.065,0.32,"TBD",4,TYV6-HVB-CEL-0157
655,"HV Battery Cell 158",HVB,CEL,"Steel AISI 1020",Class 3,1,0.065,0.32,0.065,0.32,"TBD",4,TYV6-HVB-CEL-0158
656,"HV Battery Cell 159",HVB,CEL,"Steel AISI 1020",Class 3,1,0.065,0.32,0.065,0.32,"TBD",4,TYV6-HVB-CEL-0159
657,"HV Battery Cell 160",HVB,CEL,"Steel AISI 1020",Class 3,1,0.065,0.32,0.065,0.32,"TBD",4,TYV6-HVB-CEL-0160
658,"HV Battery Cell 161",HVB,CEL,"Steel AISI 1020",Class 3,1,0.065,0.32,0.065,0.32,"TBD",4,TYV6-HVB-CEL-0161
659,"HV Battery Cell 162",HVB,CEL,"Steel AISI 1020",Class 3,1,0.065,0.32,0.065,0.32,"TBD",4,TYV6-HVB-CEL-0162
660,"HV Battery Cell 163",HVB,CEL,"Steel AISI 1020",Class 3,1,0.065,0.32,0.065,0.32,"TBD",4,TYV6-HVB-CEL-0163
661,"HV Battery Cell 164",HVB,CEL,"Steel AISI 1020",Class 3,1,0.065,0.32,0.065,0.32,"TBD",4,TYV6-HVB-CEL-0164
662,"HV Battery Cell 165",HVB,CEL,"Steel AISI 1020",Class 3,1,0.065,0.32,0.065,0.32,"TBD",4,TYV6-HVB-CEL-0165
663,"HV Battery Cell 166",HVB,CEL,"Steel AISI 1020",Class 3,1,0.065,0.32,0.065,0.32,"TBD",4,TYV6-HVB-CEL-0166
664,"HV Battery Cell 167",HVB,CEL,"Steel AISI 1020",Class 3,1,0.065,0.32,0.065,0.32,"TBD",4,TYV6-HVB-CEL-0167
665,"HV Battery Cell 168",HVB,CEL,"Steel AISI 1020",Class 3,1,0.065,0.32,0.065,0.32,"TBD",4,TYV6-HVB-CEL-0168
666,"HV Battery Cell 169",HVB,CEL,"Steel AISI 1020",Class 3,1,0.065,0.32,0.065,0.32,"TBD",4,TYV6-HVB-CEL-0169
667,"HV Battery Cell 170",HVB,CEL,"Steel AISI 1020",Class 3,1,0.065,0.32,0.065,0.32,"TBD",4,TYV6-HVB-CEL-0170
668,"HV Battery Cell 171",HVB,CEL,"Steel AISI 1020",Class 3,1,0.065,0.32,0.065,0.32,"TBD",4,TYV6-HVB-CEL-0171
669,"HV Battery Cell 172",HVB,CEL,"Steel AISI 1020",Class 3,1,0.065,0.32,0.065,0.32,"TBD",4,TYV6-HVB-CEL-0172
670,"HV Battery Cell 173",HVB,CEL,"Steel AISI 1020",Class 3,1,0.065,0.32,0.065,0.32,"TBD",4,TYV6-HVB-CEL-0173
671,"HV Battery Cell 174",HVB,CEL,"Steel AISI 1020",Class 3,1,0.065,0.32,0.065,0.32,"TBD",4,TYV6-HVB-CEL-0174
672,"HV Battery Cell 175",HVB,CEL,"Steel AISI 1020",Class 3,1,0.065,0.32,0.065,0.32,"TBD",4,TYV6-HVB-CEL-0175
673,"HV Battery Cell 176",HVB,CEL,"Steel AISI 1020",Class 3,1,0.065,0.32,0.065,0.32,"TBD",4,TYV6-HVB-CEL-0176
674,"HV Battery Cell 177",HVB,CEL,"Steel AISI 1020",Class 3,1,0.065,0.32,0.065,0.32,"TBD",4,TYV6-HVB-CEL-0177
675,"HV Battery Cell 178",HVB,CEL,"Steel AISI 1020",Class 3,1,0.065,0.32,0.065,0.32,"TBD",4,TYV6-HVB-CEL-0178
676,"HV Battery Cell 179",HVB,CEL,"Steel AISI 1020",Class 3,1,0.065,0.32,0.065,0.32,"TBD",4,TYV6-HVB-CEL-0179
677,"HV Battery Cell 180",HVB,CEL,"Steel AISI 1020",Class 3,1,0.065,0.32,0.065,0.32,"TBD",4,TYV6-HVB-CEL-0180
678,"HV Battery Cell 181",HVB,CEL,"Steel AISI 1020",Class 3,1,0.065,0.32,0.065,0.32,"TBD",4,TYV6-HVB-CEL-0181
679,"HV Battery Cell 182",HVB,CEL,"Steel AISI 1020",Class 3,1,0.065,0.32,0.065,0.32,"TBD",4,TYV6-HVB-CEL-0182
680,"HV Battery Cell 183",HVB,CEL,"Steel AISI 1020",Class 3,1,0.065,0.32,0.065,0.32,"TBD",4,TYV6-HVB-CEL-0183
681,"HV Battery Cell 184",HVB,CEL,"Steel AISI 1020",Class 3,1,0.065,0.32,0.065,0.32,"TBD",4,TYV6-HVB-CEL-0184
682,"HV Battery Cell 185",HVB,CEL,"Steel AISI 1020",Class 3,1,0.065,0.32,0.065,0.32,"TBD",4,TYV6-HVB-CEL-0185
683,"HV Battery Cell 186",HVB,CEL,"Steel AISI 1020",Class 3,1,0.065,0.32,0.065,0.32,"TBD",4,TYV6-HVB-CEL-0186
684,"HV Battery Cell 187",HVB,CEL,"Steel AISI 1020",Class 3,1,0.065,0.32,0.065,0.32,"TBD",4,TYV6-HVB-CEL-0187
685,"HV Battery Cell 188",HVB,CEL,"Steel AISI 1020",Class 3,1,0.065,0.32,0.065,0.32,"TBD",4,TYV6-HVB-CEL-0188
686,"HV Battery Cell 189",HVB,CEL,"Steel AISI 1020",Class 3,1,0.065,0.32,0.065,0.32,"TBD",4,TYV6-HVB-CEL-0189
687,"HV Battery Cell 190",HVB,CEL,"Steel AISI 1020",Class 3,1,0.065,0.32,0.065,0.32,"TBD",4,TYV6-HVB-CEL-0190
688,"HV Battery Cell 191",HVB,CEL,"Steel AISI 1020",Class 3,1,0.065,0.32,0.065,0.32,"TBD",4,TYV6-HVB-CEL-0191
689,"HV Battery Cell 192",HVB,CEL,"Steel AISI 1020",Class 3,1,0.065,0.32,0.065,0.32,"TBD",4,TYV6-HVB-CEL-0192
690,"HV Battery Cell 193",HVB,CEL,"Steel AISI 1020",Class 3,1,0.065,0.32,0.065,0.32,"TBD",4,TYV6-HVB-CEL-0193
691,"HV Battery Cell 194",HVB,CEL,"Steel AISI 1020",Class 3,1,0.065,0.32,0.065,0.32,"TBD",4,TYV6-HVB-CEL-0194
692,"HV Battery Cell 195",HVB,CEL,"Steel AISI 1020",Class 3,1,0.065,0.32,0.065,0.32,"TBD",4,TYV6-HVB-CEL-0195
693,"HV Battery Cell 196",HVB,CEL,"Steel AISI 1020",Class 3,1,0.065,0.32,0.065,0.32,"TBD",4,TYV6-HVB-CEL-0196
694,"HV Battery Cell 197",HVB,CEL,"Steel AISI 1020",Class 3,1,0.065,0.32,0.065,0.32,"TBD",4,TYV6-HVB-CEL-0197
695,"HV Battery Cell 198",HVB,CEL,"Steel AISI 1020",Class 3,1,0.065,0.32,0.065,0.32,"TBD",4,TYV6-HVB-CEL-0198
696,"HV Battery Cell 199",HVB,CEL,"Steel AISI 1020",Class 3,1,0.065,0.32,0.065,0.32,"TBD",4,TYV6-HVB-CEL-0199
697,"HV Battery Cell 200",HVB,CEL,"Steel AISI 1020",Class 3,1,0.065,0.32,0.065,0.32,"TBD",4,TYV6-HVB-CEL-0200
698,"HV Battery Cell 201",HVB,CEL,"Steel AISI 1020",Class 3,1,0.065,0.32,0.065,0.32,"TBD",4,TYV6-HVB-CEL-0201
699,"HV Battery Cell 202",HVB,CEL,"Steel AISI 1020",Class 3,1,0.065,0.32,0.065,0.32,"TBD",4,TYV6-HVB-CEL-0202
700,"HV Battery Cell 203",HVB,CEL,"Steel AISI 1020",Class 3,1,0.065,0.32,0.065,0.32,"TBD",4,TYV6-HVB-CEL-0203
701,"HV Battery Cell 204",HVB,CEL,"Steel AISI 1020",Class 3,1,0.065,0.32,0.065,0.32,"TBD",4,TYV6-HVB-CEL-0204
702,"HV Battery Cell 205",HVB,CEL,"Steel AISI 1020",Class 3,1,0.065,0.32,0.065,0.32,"TBD",4,TYV6-HVB-CEL-0205
703,"HV Battery Cell 206",HVB,CEL,"Steel AISI 1020",Class 3,1,0.065,0.32,0.065,0.32,"TBD",4,TYV6-HVB-CEL-0206
704,"HV Battery Cell 207",HVB,CEL,"Steel AISI 1020",Class 3,1,0.065,0.32,0.065,0.32,"TBD",4,TYV6-HVB-CEL-0207
705,"HV Battery Cell 208",HVB,CEL,"Steel AISI 1020",Class 3,1,0.065,0.32,0.065,0.32,"TBD",4,TYV6-HVB-CEL-0208
706,"HV Battery Cell 209",HVB,CEL,"Steel AISI 1020",Class 3,1,0.065,0.32,0.065,0.32,"TBD",4,TYV6-HVB-CEL-0209
707,"HV Battery Cell 210",HVB,CEL,"Steel AISI 1020",Class 3,1,0.065,0.32,0.065,0.32,"TBD",4,TYV6-HVB-CEL-0210
708,"HV Battery Cell 211",HVB,CEL,"Steel AISI 1020",Class 3,1,0.065,0.32,0.065,0.32,"TBD",4,TYV6-HVB-CEL-0211
709,"HV Battery Cell 212",HVB,CEL,"Steel AISI 1020",Class 3,1,0.065,0.32,0.065,0.32,"TBD",4,TYV6-HVB-CEL-0212
710,"HV Battery Cell 213",HVB,CEL,"Steel AISI 1020",Class 3,1,0.065,0.32,0.065,0.32,"TBD",4,TYV6-HVB-CEL-0213
711,"HV Battery Cell 214",HVB,CEL,"Steel AISI 1020",Class 3,1,0.065,0.32,0.065,0.32,"TBD",4,TYV6-HVB-CEL-0214
712,"HV Battery Cell 215",HVB,CEL,"Steel AISI 1020",Class 3,1,0.065,0.32,0.065,0.32,"TBD",4,TYV6-HVB-CEL-0215
713,"HV Battery Cell 216",HVB,CEL,"Steel AISI 1020",Class 3,1,0.065,0.32,0.065,0.32,"TBD",4,TYV6-HVB-CEL-0216
714,"HV Battery Cell 217",HVB,CEL,"Steel AISI 1020",Class 3,1,0.065,0.32,0.065,0.32,"TBD",4,TYV6-HVB-CEL-0217
715,"HV Battery Cell 218",HVB,CEL,"Steel AISI 1020",Class 3,1,0.065,0.32,0.065,0.32,"TBD",4,TYV6-HVB-CEL-0218
716,"HV Battery Cell 219",HVB,CEL,"Steel AISI 1020",Class 3,1,0.065,0.32,0.065,0.32,"TBD",4,TYV6-HVB-CEL-0219
717,"HV Battery Cell 220",HVB,CEL,"Steel AISI 1020",Class 3,1,0.065,0.32,0.065,0.32,"TBD",4,TYV6-HVB-CEL-0220
718,"HV Battery Cell 221",HVB,CEL,"Steel AISI 1020",Class 3,1,0.065,0.32,0.065,0.32,"TBD",4,TYV6-HVB-CEL-0221
719,"HV Battery Cell 222",HVB,CEL,"Steel AISI 1020",Class 3,1,0.065,0.32,0.065,0.32,"TBD",4,TYV6-HVB-CEL-0222
720,"HV Battery Cell 223",HVB,CEL,"Steel AISI 1020",Class 3,1,0.065,0.32,0.065,0.32,"TBD",4,TYV6-HVB-CEL-0223
721,"HV Battery Cell 224",HVB,CEL,"Steel AISI 1020",Class 3,1,0.065,0.32,0.065,0.32,"TBD",4,TYV6-HVB-CEL-0224
722,"HV Battery Cell 225",HVB,CEL,"Steel AISI 1020",Class 3,1,0.065,0.32,0.065,0.32,"TBD",4,TYV6-HVB-CEL-0225
723,"HV Battery Cell 226",HVB,CEL,"Steel AISI 1020",Class 3,1,0.065,0.32,0.065,0.32,"TBD",4,TYV6-HVB-CEL-0226
724,"HV Battery Cell 227",HVB,CEL,"Steel AISI 1020",Class 3,1,0.065,0.32,0.065,0.32,"TBD",4,TYV6-HVB-CEL-0227
725,"HV Battery Cell 228",HVB,CEL,"Steel AISI 1020",Class 3,1,0.065,0.32,0.065,0.32,"TBD",4,TYV6-HVB-CEL-0228
726,"HV Battery Cell 229",HVB,CEL,"Steel AISI 1020",Class 3,1,0.065,0.32,0.065,0.32,"TBD",4,TYV6-HVB-CEL-0229
727,"HV Battery Cell 230",HVB,CEL,"Steel AISI 1020",Class 3,1,0.065,0.32,0.065,0.32,"TBD",4,TYV6-HVB-CEL-0230
728,"HV Battery Cell 231",HVB,CEL,"Steel AISI 1020",Class 3,1,0.065,0.32,0.065,0.32,"TBD",4,TYV6-HVB-CEL-0231
729,"HV Battery Cell 232",HVB,CEL,"Steel AISI 1020",Class 3,1,0.065,0.32,0.065,0.32,"TBD",4,TYV6-HVB-CEL-0232
730,"HV Battery Cell 233",HVB,CEL,"Steel AISI 1020",Class 3,1,0.065,0.32,0.065,0.32,"TBD",4,TYV6-HVB-CEL-0233
731,"HV Battery Cell 234",HVB,CEL,"Steel AISI 1020",Class 3,1,0.065,0.32,0.065,0.32,"TBD",4,TYV6-HVB-CEL-0234
732,"HV Battery Cell 235",HVB,CEL,"Steel AISI 1020",Class 3,1,0.065,0.32,0.065,0.32,"TBD",4,TYV6-HVB-CEL-0235
733,"HV Battery Cell 236",HVB,CEL,"Steel AISI 1020",Class 3,1,0.065,0.32,0.065,0.32,"TBD",4,TYV6-HVB-CEL-0236
734,"HV Battery Cell 237",HVB,CEL,"Steel AISI 1020",Class 3,1,0.065,0.32,0.065,0.32,"TBD",4,TYV6-HVB-CEL-0237
735,"HV Battery Cell 238",HVB,CEL,"Steel AISI 1020",Class 3,1,0.065,0.32,0.065,0.32,"TBD",4,TYV6-HVB-CEL-0238
736,"HV Battery Cell 239",HVB,CEL,"Steel AISI 1020",Class 3,1,0.065,0.32,0.065,0.32,"TBD",4,TYV6-HVB-CEL-0239
737,"HV Battery Cell 240",HVB,CEL,"Steel AISI 1020",Class 3,1,0.065,0.32,0.065,0.32,"TBD",4,TYV6-HVB-CEL-0240
738,"HV Battery Cell 241",HVB,CEL,"Steel AISI 1020",Class 3,1,0.065,0.32,0.065,0.32,"TBD",4,TYV6-HVB-CEL-0241
739,"HV Battery Cell 242",HVB,CEL,"Steel AISI 1020",Class 3,1,0.065,0.32,0.065,0.32,"TBD",4,TYV6-HVB-CEL-0242
740,"HV Battery Cell 243",HVB,CEL,"Steel AISI 1020",Class 3,1,0.065,0.32,0.065,0.32,"TBD",4,TYV6-HVB-CEL-0243
741,"HV Battery Cell 244",HVB,CEL,"Steel AISI 1020",Class 3,1,0.065,0.32,0.065,0.32,"TBD",4,TYV6-HVB-CEL-0244
742,"HV Battery Cell 245",HVB,CEL,"Steel AISI 1020",Class 3,1,0.065,0.32,0.065,0.32,"TBD",4,TYV6-HVB-CEL-0245
743,"HV Battery Cell 246",HVB,CEL,"Steel AISI 1020",Class 3,1,0.065,0.32,0.065,0.32,"TBD",4,TYV6-HVB-CEL-0246
744,"HV Battery Cell 247",HVB,CEL,"Steel AISI 1020",Class 3,1,0.065,0.32,0.065,0.32,"TBD",4,TYV6-HVB-CEL-0247
745,"HV Battery Cell 248",HVB,CEL,"Steel AISI 1020",Class 3,1,0.065,0.32,0.065,0.32,"TBD",4,TYV6-HVB-CEL-0248
746,"HV Battery Cell 249",HVB,CEL,"Steel AISI 1020",Class 3,1,0.065,0.32,0.065,0.32,"TBD",4,TYV6-HVB-CEL-0249
747,"HV Battery Cell 250",HVB,CEL,"Steel AISI 1020",Class 3,1,0.065,0.32,0.065,0.32,"TBD",4,TYV6-HVB-CEL-0250
748,"HV Battery Cell 251",HVB,CEL,"Steel AISI 1020",Class 3,1,0.065,0.32,0.065,0.32,"TBD",4,TYV6-HVB-CEL-0251
749,"HV Battery Cell 252",HVB,CEL,"Steel AISI 1020",Class 3,1,0.065,0.32,0.065,0.32,"TBD",4,TYV6-HVB-CEL-0252
750,"HV Battery Cell 253",HVB,CEL,"Steel AISI 1020",Class 3,1,0.065,0.32,0.065,0.32,"TBD",4,TYV6-HVB-CEL-0253
751,"HV Battery Cell 254",HVB,CEL,"Steel AISI 1020",Class 3,1,0.065,0.32,0.065,0.32,"TBD",4,TYV6-HVB-CEL-0254
752,"HV Battery Cell 255",HVB,CEL,"Steel AISI 1020",Class 3,1,0.065,0.32,0.065,0.32,"TBD",4,TYV6-HVB-CEL-0255
753,"HV Battery Cell 256",HVB,CEL,"Steel AISI 1020",Class 3,1,0.065,0.32,0.065,0.32,"TBD",4,TYV6-HVB-CEL-0256
754,"HV Battery Cell 257",HVB,CEL,"Steel AISI 1020",Class 3,1,0.065,0.32,0.065,0.32,"TBD",4,TYV6-HVB-CEL-0257
755,"HV Battery Cell 258",HVB,CEL,"Steel AISI 1020",Class 3,1,0.065,0.32,0.065,0.32,"TBD",4,TYV6-HVB-CEL-0258
756,"HV Battery Cell 259",HVB,CEL,"Steel AISI 1020",Class 3,1,0.065,0.32,0.065,0.32,"TBD",4,TYV6-HVB-CEL-0259
757,"HV Battery Cell 260",HVB,CEL,"Steel AISI 1020",Class 3,1,0.065,0.32,0.065,0.32,"TBD",4,TYV6-HVB-CEL-0260
758,"HV Battery Cell 261",HVB,CEL,"Steel AISI 1020",Class 3,1,0.065,0.32,0.065,0.32,"TBD",4,TYV6-HVB-CEL-0261
759,"HV Battery Cell 262",HVB,CEL,"Steel AISI 1020",Class 3,1,0.065,0.32,0.065,0.32,"TBD",4,TYV6-HVB-CEL-0262
760,"HV Battery Cell 263",HVB,CEL,"Steel AISI 1020",Class 3,1,0.065,0.32,0.065,0.32,"TBD",4,TYV6-HVB-CEL-0263
761,"HV Battery Cell 264",HVB,CEL,"Steel AISI 1020",Class 3,1,0.065,0.32,0.065,0.32,"TBD",4,TYV6-HVB-CEL-0264
762,"HV Battery Cell 265",HVB,CEL,"Steel AISI 1020",Class 3,1,0.065,0.32,0.065,0.32,"TBD",4,TYV6-HVB-CEL-0265
763,"HV Battery Cell 266",HVB,CEL,"Steel AISI 1020",Class 3,1,0.065,0.32,0.065,0.32,"TBD",4,TYV6-HVB-CEL-0266
764,"HV Battery Cell 267",HVB,CEL,"Steel AISI 1020",Class 3,1,0.065,0.32,0.065,0.32,"TBD",4,TYV6-HVB-CEL-0267
765,"HV Battery Cell 268",HVB,CEL,"Steel AISI 1020",Class 3,1,0.065,0.32,0.065,0.32,"TBD",4,TYV6-HVB-CEL-0268
766,"HV Battery Cell 269",HVB,CEL,"Steel AISI 1020",Class 3,1,0.065,0.32,0.065,0.32,"TBD",4,TYV6-HVB-CEL-0269
767,"HV Battery Cell 270",HVB,CEL,"Steel AISI 1020",Class 3,1,0.065,0.32,0.065,0.32,"TBD",4,TYV6-HVB-CEL-0270
768,"HV Battery Cell 271",HVB,CEL,"Steel AISI 1020",Class 3,1,0.065,0.32,0.065,0.32,"TBD",4,TYV6-HVB-CEL-0271
769,"HV Battery Cell 272",HVB,CEL,"Steel AISI 1020",Class 3,1,0.065,0.32,0.065,0.32,"TBD",4,TYV6-HVB-CEL-0272
770,"HV Battery Cell 273",HVB,CEL,"Steel AISI 1020",Class 3,1,0.065,0.32,0.065,0.32,"TBD",4,TYV6-HVB-CEL-0273
771,"HV Battery Cell 274",HVB,CEL,"Steel AISI 1020",Class 3,1,0.065,0.32,0.065,0.32,"TBD",4,TYV6-HVB-CEL-0274
772,"HV Battery Cell 275",HVB,CEL,"Steel AISI 1020",Class 3,1,0.065,0.32,0.065,0.32,"TBD",4,TYV6-HVB-CEL-0275
773,"HV Battery Cell 276",HVB,CEL,"Steel AISI 1020",Class 3,1,0.065,0.32,0.065,0.32,"TBD",4,TYV6-HVB-CEL-0276
774,"HV Battery Cell 277",HVB,CEL,"Steel AISI 1020",Class 3,1,0.065,0.32,0.065,0.32,"TBD",4,TYV6-HVB-CEL-0277
775,"HV Battery Cell 278",HVB,CEL,"Steel AISI 1020",Class 3,1,0.065,0.32,0.065,0.32,"TBD",4,TYV6-HVB-CEL-0278
776,"HV Battery Cell 279",HVB,CEL,"Steel AISI 1020",Class 3,1,0.065,0.32,0.065,0.32,"TBD",4,TYV6-HVB-CEL-0279
777,"HV Battery Cell 280",HVB,CEL,"Steel AISI 1020",Class 3,1,0.065,0.32,0.065,0.32,"TBD",4,TYV6-HVB-CEL-0280
778,"HV Battery Cell 281",HVB,CEL,"Steel AISI 1020",Class 3,1,0.065,0.32,0.065,0.32,"TBD",4,TYV6-HVB-CEL-0281
779,"HV Battery Cell 282",HVB,CEL,"Steel AISI 1020",Class 3,1,0.065,0.32,0.065,0.32,"TBD",4,TYV6-HVB-CEL-0282
780,"HV Battery Cell 283",HVB,CEL,"Steel AISI 1020",Class 3,1,0.065,0.32,0.065,0.32,"TBD",4,TYV6-HVB-CEL-0283
781,"HV Battery Cell 284",HVB,CEL,"Steel AISI 1020",Class 3,1,0.065,0.32,0.065,0.32,"TBD",4,TYV6-HVB-CEL-0284
782,"HV Battery Cell 285",HVB,CEL,"Steel AISI 1020",Class 3,1,0.065,0.32,0.065,0.32,"TBD",4,TYV6-HVB-CEL-0285
783,"HV Battery Cell 286",HVB,CEL,"Steel AISI 1020",Class 3,1,0.065,0.32,0.065,0.32,"TBD",4,TYV6-HVB-CEL-0286
784,"HV Battery Cell 287",HVB,CEL,"Steel AISI 1020",Class 3,1,0.065,0.32,0.065,0.32,"TBD",4,TYV6-HVB-CEL-0287
785,"HV Battery Cell 288",HVB,CEL,"Steel AISI 1020",Class 3,1,0.065,0.32,0.065,0.32,"TBD",4,TYV6-HVB-CEL-0288
786,"HV Battery Cell 289",HVB,CEL,"Steel AISI 1020",Class 3,1,0.065,0.32,0.065,0.32,"TBD",4,TYV6-HVB-CEL-0289
787,"HV Battery Cell 290",HVB,CEL,"Steel AISI 1020",Class 3,1,0.065,0.32,0.065,0.32,"TBD",4,TYV6-HVB-CEL-0290
788,"HV Battery Cell 291",HVB,CEL,"Steel AISI 1020",Class 3,1,0.065,0.32,0.065,0.32,"TBD",4,TYV6-HVB-CEL-0291
789,"HV Battery Cell 292",HVB,CEL,"Steel AISI 1020",Class 3,1,0.065,0.32,0.065,0.32,"TBD",4,TYV6-HVB-CEL-0292
790,"HV Battery Cell 293",HVB,CEL,"Steel AISI 1020",Class 3,1,0.065,0.32,0.065,0.32,"TBD",4,TYV6-HVB-CEL-0293
791,"HV Battery Cell 294",HVB,CEL,"Steel AISI 1020",Class 3,1,0.065,0.32,0.065,0.32,"TBD",4,TYV6-HVB-CEL-0294
792,"HV Battery Cell 295",HVB,CEL,"Steel AISI 1020",Class 3,1,0.065,0.32,0.065,0.32,"TBD",4,TYV6-HVB-CEL-0295
793,"HV Battery Cell 296",HVB,CEL,"Steel AISI 1020",Class 3,1,0.065,0.32,0.065,0.32,"TBD",4,TYV6-HVB-CEL-0296
794,"HV Battery Cell 297",HVB,CEL,"Steel AISI 1020",Class 3,1,0.065,0.32,0.065,0.32,"TBD",4,TYV6-HVB-CEL-0297
795,"HV Battery Cell 298",HVB,CEL,"Steel AISI 1020",Class 3,1,0.065,0.32,0.065,0.32,"TBD",4,TYV6-HVB-CEL-0298
796,"HV Battery Cell 299",HVB,CEL,"Steel AISI 1020",Class 3,1,0.065,0.32,0.065,0.32,"TBD",4,TYV6-HVB-CEL-0299
797,"HV Battery Cell 300",HVB,CEL,"Steel AISI 1020",Class 3,1,0.065,0.32,0.065,0.32,"TBD",4,TYV6-HVB-CEL-0300
798,"HV Battery Cell 301",HVB,CEL,"Steel AISI 1020",Class 3,1,0.065,0.32,0.065,0.32,"TBD",4,TYV6-HVB-CEL-0301
799,"HV Battery Cell 302",HVB,CEL,"Steel AISI 1020",Class 3,1,0.065,0.32,0.065,0.32,"TBD",4,TYV6-HVB-CEL-0302
800,"HV Battery Cell 303",HVB,CEL,"Steel AISI 1020",Class 3,1,0.065,0.32,0.065,0.32,"TBD",4,TYV6-HVB-CEL-0303
801,"HV Battery Cell 304",HVB,CEL,"Steel AISI 1020",Class 3,1,0.065,0.32,0.065,0.32,"TBD",4,TYV6-HVB-CEL-0304
802,"HV Battery Cell 305",HVB,CEL,"Steel AISI 1020",Class 3,1,0.065,0.32,0.065,0.32,"TBD",4,TYV6-HVB-CEL-0305
803,"HV Battery Cell 306",HVB,CEL,"Steel AISI 1020",Class 3,1,0.065,0.32,0.065,0.32,"TBD",4,TYV6-HVB-CEL-0306
804,"HV Battery Cell 307",HVB,CEL,"Steel AISI 1020",Class 3,1,0.065,0.32,0.065,0.32,"TBD",4,TYV6-HVB-CEL-0307
805,"HV Battery Cell 308",HVB,CEL,"Steel AISI 1020",Class 3,1,0.065,0.32,0.065,0.32,"TBD",4,TYV6-HVB-CEL-0308
806,"HV Battery Cell 309",HVB,CEL,"Steel AISI 1020",Class 3,1,0.065,0.32,0.065,0.32,"TBD",4,TYV6-HVB-CEL-0309
807,"HV Battery Cell 310",HVB,CEL,"Steel AISI 1020",Class 3,1,0.065,0.32,0.065,0.32,"TBD",4,TYV6-HVB-CEL-0310
808,"HV Battery Cell 311",HVB,CEL,"Steel AISI 1020",Class 3,1,0.065,0.32,0.065,0.32,"TBD",4,TYV6-HVB-CEL-0311
809,"HV Battery Cell 312",HVB,CEL,"Steel AISI 1020",Class 3,1,0.065,0.32,0.065,0.32,"TBD",4,TYV6-HVB-CEL-0312
810,"HV Battery Cell 313",HVB,CEL,"Steel AISI 1020",Class 3,1,0.065,0.32,0.065,0.32,"TBD",4,TYV6-HVB-CEL-0313
811,"HV Battery Cell 314",HVB,CEL,"Steel AISI 1020",Class 3,1,0.065,0.32,0.065,0.32,"TBD",4,TYV6-HVB-CEL-0314
812,"HV Battery Cell 315",HVB,CEL,"Steel AISI 1020",Class 3,1,0.065,0.32,0.065,0.32,"TBD",4,TYV6-HVB-CEL-0315
813,"HV Battery Cell 316",HVB,CEL,"Steel AISI 1020",Class 3,1,0.065,0.32,0.065,0.32,"TBD",4,TYV6-HVB-CEL-0316
814,"HV Battery Cell 317",HVB,CEL,"Steel AISI 1020",Class 3,1,0.065,0.32,0.065,0.32,"TBD",4,TYV6-HVB-CEL-0317
815,"HV Battery Cell 318",HVB,CEL,"Steel AISI 1020",Class 3,1,0.065,0.32,0.065,0.32,"TBD",4,TYV6-HVB-CEL-0318
816,"HV Battery Cell 319",HVB,CEL,"Steel AISI 1020",Class 3,1,0.065,0.32,0.065,0.32,"TBD",4,TYV6-HVB-CEL-0319
817,"HV Battery Cell 320",HVB,CEL,"Steel AISI 1020",Class 3,1,0.065,0.32,0.065,0.32,"TBD",4,TYV6-HVB-CEL-0320
818,"HV Battery Cell 321",HVB,CEL,"Steel AISI 1020",Class 3,1,0.065,0.32,0.065,0.32,"TBD",4,TYV6-HVB-CEL-0321
819,"HV Battery Cell 322",HVB,CEL,"Steel AISI 1020",Class 3,1,0.065,0.32,0.065,0.32,"TBD",4,TYV6-HVB-CEL-0322
820,"HV Battery Cell 323",HVB,CEL,"Steel AISI 1020",Class 3,1,0.065,0.32,0.065,0.32,"TBD",4,TYV6-HVB-CEL-0323
821,"HV Battery Cell 324",HVB,CEL,"Steel AISI 1020",Class 3,1,0.065,0.32,0.065,0.32,"TBD",4,TYV6-HVB-CEL-0324
822,"HV Battery Cell 325",HVB,CEL,"Steel AISI 1020",Class 3,1,0.065,0.32,0.065,0.32,"TBD",4,TYV6-HVB-CEL-0325
823,"HV Battery Cell 326",HVB,CEL,"Steel AISI 1020",Class 3,1,0.065,0.32,0.065,0.32,"TBD",4,TYV6-HVB-CEL-0326
824,"HV Battery Cell 327",HVB,CEL,"Steel AISI 1020",Class 3,1,0.065,0.32,0.065,0.32,"TBD",4,TYV6-HVB-CEL-0327
825,"HV Battery Cell 328",HVB,CEL,"Steel AISI 1020",Class 3,1,0.065,0.32,0.065,0.32,"TBD",4,TYV6-HVB-CEL-0328
826,"HV Battery Cell 329",HVB,CEL,"Steel AISI 1020",Class 3,1,0.065,0.32,0.065,0.32,"TBD",4,TYV6-HVB-CEL-0329
827,"HV Battery Cell 330",HVB,CEL,"Steel AISI 1020",Class 3,1,0.065,0.32,0.065,0.32,"TBD",4,TYV6-HVB-CEL-0330
828,"HV Battery Cell 331",HVB,CEL,"Steel AISI 1020",Class 3,1,0.065,0.32,0.065,0.32,"TBD",4,TYV6-HVB-CEL-0331
829,"HV Battery Cell 332",HVB,CEL,"Steel AISI 1020",Class 3,1,0.065,0.32,0.065,0.32,"TBD",4,TYV6-HVB-CEL-0332
830,"HV Battery Cell 333",HVB,CEL,"Steel AISI 1020",Class 3,1,0.065,0.32,0.065,0.32,"TBD",4,TYV6-HVB-CEL-0333
831,"HV Battery Cell 334",HVB,CEL,"Steel AISI 1020",Class 3,1,0.065,0.32,0.065,0.32,"TBD",4,TYV6-HVB-CEL-0334
832,"HV Battery Cell 335",HVB,CEL,"Steel AISI 1020",Class 3,1,0.065,0.32,0.065,0.32,"TBD",4,TYV6-HVB-CEL-0335
833,"HV Battery Cell 336",HVB,CEL,"Steel AISI 1020",Class 3,1,0.065,0.32,0.065,0.32,"TBD",4,TYV6-HVB-CEL-0336
834,"HV Battery Cell 337",HVB,CEL,"Steel AISI 1020",Class 3,1,0.065,0.32,0.065,0.32,"TBD",4,TYV6-HVB-CEL-0337
835,"HV Battery Cell 338",HVB,CEL,"Steel AISI 1020",Class 3,1,0.065,0.32,0.065,0.32,"TBD",4,TYV6-HVB-CEL-0338
836,"HV Battery Cell 339",HVB,CEL,"Steel AISI 1020",Class 3,1,0.065,0.32,0.065,0.32,"TBD",4,TYV6-HVB-CEL-0339
837,"HV Battery Cell 340",HVB,CEL,"Steel AISI 1020",Class 3,1,0.065,0.32,0.065,0.32,"TBD",4,TYV6-HVB-CEL-0340
838,"HV Battery Cell 341",HVB,CEL,"Steel AISI 1020",Class 3,1,0.065,0.32,0.065,0.32,"TBD",4,TYV6-HVB-CEL-0341
839,"HV Battery Cell 342",HVB,CEL,"Steel AISI 1020",Class 3,1,0.065,0.32,0.065,0.32,"TBD",4,TYV6-HVB-CEL-0342
840,"HV Battery Cell 343",HVB,CEL,"Steel AISI 1020",Class 3,1,0.065,0.32,0.065,0.32,"TBD",4,TYV6-HVB-CEL-0343
841,"HV Battery Cell 344",HVB,CEL,"Steel AISI 1020",Class 3,1,0.065,0.32,0.065,0.32,"TBD",4,TYV6-HVB-CEL-0344
842,"HV Battery Cell 345",HVB,CEL,"Steel AISI 1020",Class 3,1,0.065,0.32,0.065,0.32,"TBD",4,TYV6-HVB-CEL-0345
843,"HV Battery Cell 346",HVB,CEL,"Steel AISI 1020",Class 3,1,0.065,0.32,0.065,0.32,"TBD",4,TYV6-HVB-CEL-0346
844,"HV Battery Cell 347",HVB,CEL,"Steel AISI 1020",Class 3,1,0.065,0.32,0.065,0.32,"TBD",4,TYV6-HVB-CEL-0347
845,"HV Battery Cell 348",HVB,CEL,"Steel AISI 1020",Class 3,1,0.065,0.32,0.065,0.32,"TBD",4,TYV6-HVB-CEL-0348
846,"HV Battery Cell 349",HVB,CEL,"Steel AISI 1020",Class 3,1,0.065,0.32,0.065,0.32,"TBD",4,TYV6-HVB-CEL-0349
847,"HV Battery Cell 350",HVB,CEL,"Steel AISI 1020",Class 3,1,0.065,0.32,0.065,0.32,"TBD",4,TYV6-HVB-CEL-0350
848,"HV Battery Cell 351",HVB,CEL,"Steel AISI 1020",Class 3,1,0.065,0.32,0.065,0.32,"TBD",4,TYV6-HVB-CEL-0351
849,"HV Battery Cell 352",HVB,CEL,"Steel AISI 1020",Class 3,1,0.065,0.32,0.065,0.32,"TBD",4,TYV6-HVB-CEL-0352
850,"HV Battery Cell 353",HVB,CEL,"Steel AISI 1020",Class 3,1,0.065,0.32,0.065,0.32,"TBD",4,TYV6-HVB-CEL-0353
851,"HV Battery Cell 354",HVB,CEL,"Steel AISI 1020",Class 3,1,0.065,0.32,0.065,0.32,"TBD",4,TYV6-HVB-CEL-0354
852,"HV Battery Cell 355",HVB,CEL,"Steel AISI 1020",Class 3,1,0.065,0.32,0.065,0.32,"TBD",4,TYV6-HVB-CEL-0355
853,"HV Battery Cell 356",HVB,CEL,"Steel AISI 1020",Class 3,1,0.065,0.32,0.065,0.32,"TBD",4,TYV6-HVB-CEL-0356
854,"HV Battery Cell 357",HVB,CEL,"Steel AISI 1020",Class 3,1,0.065,0.32,0.065,0.32,"TBD",4,TYV6-HVB-CEL-0357
855,"HV Battery Cell 358",HVB,CEL,"Steel AISI 1020",Class 3,1,0.065,0.32,0.065,0.32,"TBD",4,TYV6-HVB-CEL-0358
856,"HV Battery Cell 359",HVB,CEL,"Steel AISI 1020",Class 3,1,0.065,0.32,0.065,0.32,"TBD",4,TYV6-HVB-CEL-0359
857,"HV Battery Cell 360",HVB,CEL,"Steel AISI 1020",Class 3,1,0.065,0.32,0.065,0.32,"TBD",4,TYV6-HVB-CEL-0360
858,"Battery Module 1",HVB,MOD,"Aluminum 6061-T6",Class 3,1,5.184,41.47,5.184,41.47,"Alcoa",4,TYV6-HVB-MOD-0001
859,"Battery Module 2",HVB,MOD,"Aluminum 6061-T6",Class 3,1,5.184,41.47,5.184,41.47,"Alcoa",4,TYV6-HVB-MOD-0002
860,"Battery Module 3",HVB,MOD,"Aluminum 6061-T6",Class 3,1,5.184,41.47,5.184,41.47,"Alcoa",4,TYV6-HVB-MOD-0003
861,"Battery Module 4",HVB,MOD,"Aluminum 6061-T6",Class 3,1,5.184,41.47,5.184,41.47,"Alcoa",4,TYV6-HVB-MOD-0004
862,"Battery Module 5",HVB,MOD,"Aluminum 6061-T6",Class 3,1,5.184,41.47,5.184,41.47,"Alcoa",4,TYV6-HVB-MOD-0005
863,"Battery Module 6",HVB,MOD,"Aluminum 6061-T6",Class 3,1,5.184,41.47,5.184,41.47,"Alcoa",4,TYV6-HVB-MOD-0006
864,"Battery Management System (BMS) PCB",HVB,BMS,"ABS Plastic",Class 3,1,0.486,2.43,0.486,2.43,"TBD",4,TYV6-HVB-BMS-0001
865,"HV Pack Contactor 1",HVB,CON,"Aluminum 6061-T6",Class 3,1,0.194,1.56,0.194,1.56,"Alcoa",4,TYV6-HVB-CON-0001
866,"HV Pack Contactor 2",HVB,CON,"Aluminum 6061-T6",Class 3,1,0.194,1.56,0.194,1.56,"Alcoa",4,TYV6-HVB-CON-0002
867,"HV Pack Contactor 3",HVB,CON,"Aluminum 6061-T6",Class 3,1,0.194,1.56,0.194,1.56,"Alcoa",4,TYV6-HVB-CON-0003
868,"HV Power Cable 1 (Orange Jacket)",HVB,CBL,"Copper C11000",Class 3,1,1.576,25.22,1.576,25.22,"Mueller Industries",4,TYV6-HVB-CBL-0001
869,"HV Power Cable 2 (Orange Jacket)",HVB,CBL,"Copper C11000",Class 3,1,1.576,25.22,1.576,25.22,"Mueller Industries",4,TYV6-HVB-CBL-0002
870,"HV Power Cable 3 (Orange Jacket)",HVB,CBL,"Copper C11000",Class 3,1,1.576,25.22,1.576,25.22,"Mueller Industries",4,TYV6-HVB-CBL-0003
871,"HV Power Cable 4 (Orange Jacket)",HVB,CBL,"Copper C11000",Class 3,1,1.576,25.22,1.576,25.22,"Mueller Industries",4,TYV6-HVB-CBL-0004
872,"HV Power Cable 5 (Orange Jacket)",HVB,CBL,"Copper C11000",Class 3,1,1.576,25.22,1.576,25.22,"Mueller Industries",4,TYV6-HVB-CBL-0005
873,"HV Power Cable 6 (Orange Jacket)",HVB,CBL,"Copper C11000",Class 3,1,1.576,25.22,1.576,25.22,"Mueller Industries",4,TYV6-HVB-CBL-0006
874,"Cell Monitoring Unit 1",HVB,CMU,"ABS Plastic",Class 3,1,0.004,0.02,0.004,0.02,"TBD",4,TYV6-HVB-CMU-0001
875,"Cell Monitoring Unit 2",HVB,CMU,"ABS Plastic",Class 3,1,0.004,0.02,0.004,0.02,"TBD",4,TYV6-HVB-CMU-0002
876,"Cell Monitoring Unit 3",HVB,CMU,"ABS Plastic",Class 3,1,0.004,0.02,0.004,0.02,"TBD",4,TYV6-HVB-CMU-0003
877,"Cell Monitoring Unit 4",HVB,CMU,"ABS Plastic",Class 3,1,0.004,0.02,0.004,0.02,"TBD",4,TYV6-HVB-CMU-0004
878,"Cell Monitoring Unit 5",HVB,CMU,"ABS Plastic",Class 3,1,0.004,0.02,0.004,0.02,"TBD",4,TYV6-HVB-CMU-0005
879,"Cell Monitoring Unit 6",HVB,CMU,"ABS Plastic",Class 3,1,0.004,0.02,0.004,0.02,"TBD",4,TYV6-HVB-CMU-0006
880,"Driveline Speed Sensor 1",SNS,WSS,"Stainless Steel 316",Class 3,1,0.106,1.27,0.106,1.27,"Carpenter Technology",4,TYV6-SNS-WSS-0001
881,"Driveline Speed Sensor 2",SNS,WSS,"Stainless Steel 316",Class 3,1,0.106,1.27,0.106,1.27,"Carpenter Technology",4,TYV6-SNS-WSS-0002
882,"Brake Pedal Position Sensor (Regen-Brake Blending)",SNS,BPS,"Aluminum 6061-T6",Class 3,1,0.083,0.66,0.083,0.66,"Alcoa",4,TYV6-SNS-BPS-0001
883,"Accelerator Pedal Position Sensor 1",SNS,APS,"Aluminum 6061-T6",Class 3,1,0.059,0.47,0.059,0.47,"Alcoa",4,TYV6-SNS-APS-0001
884,"Accelerator Pedal Position Sensor 2",SNS,APS,"Aluminum 6061-T6",Class 3,1,0.059,0.47,0.059,0.47,"Alcoa",4,TYV6-SNS-APS-0002
885,"Ambient Temperature & Humidity Sensor",SNS,AMB,"Stainless Steel 316",Class 3,1,0.071,0.85,0.071,0.85,"Carpenter Technology",4,TYV6-SNS-AMB-0001
886,"OBD-II Diagnostic Port",SNS,OBD,"ABS Plastic",Class 3,1,0.061,0.3,0.061,0.3,"TBD",4,TYV6-SNS-OBD-0001
887,"Powertrain Control Module (PCM, AURIX TC399 dual-core)",ECU,PCM,"Aluminum 6061-T6",Class 3,1,2.041,16.33,2.041,16.33,"Alcoa",4,TYV6-ECU-PCM-0001
888,"Hybrid Control Unit (HCU)",ECU,HCU,"Aluminum 6061-T6",Class 3,1,2.041,16.33,2.041,16.33,"Alcoa",4,TYV6-ECU-HCU-0001
889,"Battery Management Controller (BMC)",ECU,BMC,"Aluminum 6061-T6",Class 3,1,0.851,6.8,0.851,6.8,"Alcoa",4,TYV6-ECU-BMC-0001
890,"Transmission Control Module (eCVT logic)",ECU,TCM,"Aluminum 6061-T6",Class 3,1,0.851,6.8,0.851,6.8,"Alcoa",4,TYV6-ECU-TCM-0001
891,"Vehicle CAN Gateway / Diagnostic Master",ECU,GW,"Aluminum 6061-T6",Class 3,1,0.405,3.24,0.405,3.24,"Alcoa",4,TYV6-ECU-GW-0001
892,"Engine Harness Segment 1",ELEC,HRN,"Copper C11000",Class 3,1,1.438,23.01,1.438,23.01,"Mueller Industries",4,TYV6-ELEC-HRN-0001
893,"Engine Harness Segment 2",ELEC,HRN,"Copper C11000",Class 3,1,1.438,23.01,1.438,23.01,"Mueller Industries",4,TYV6-ELEC-HRN-0002
894,"Engine Harness Segment 3",ELEC,HRN,"Copper C11000",Class 3,1,1.438,23.01,1.438,23.01,"Mueller Industries",4,TYV6-ELEC-HRN-0003
895,"Engine Harness Segment 4",ELEC,HRN,"Copper C11000",Class 3,1,1.438,23.01,1.438,23.01,"Mueller Industries",4,TYV6-ELEC-HRN-0004
896,"Engine Harness Segment 5",ELEC,HRN,"Copper C11000",Class 3,1,1.438,23.01,1.438,23.01,"Mueller Industries",4,TYV6-ELEC-HRN-0005
897,"Engine Harness Segment 6",ELEC,HRN,"Copper C11000",Class 3,1,1.438,23.01,1.438,23.01,"Mueller Industries",4,TYV6-ELEC-HRN-0006
898,"Engine Harness Segment 7",ELEC,HRN,"Copper C11000",Class 3,1,1.438,23.01,1.438,23.01,"Mueller Industries",4,TYV6-ELEC-HRN-0007
899,"Engine Harness Segment 8",ELEC,HRN,"Copper C11000",Class 3,1,1.438,23.01,1.438,23.01,"Mueller Industries",4,TYV6-ELEC-HRN-0008
900,"Engine Harness Segment 9",ELEC,HRN,"Copper C11000",Class 3,1,1.438,23.01,1.438,23.01,"Mueller Industries",4,TYV6-ELEC-HRN-0009
901,"Engine Harness Segment 10",ELEC,HRN,"Copper C11000",Class 3,1,1.438,23.01,1.438,23.01,"Mueller Industries",4,TYV6-ELEC-HRN-0010
902,"Engine Harness Segment 11",ELEC,HRN,"Copper C11000",Class 3,1,1.438,23.01,1.438,23.01,"Mueller Industries",4,TYV6-ELEC-HRN-0011
903,"Engine Harness Segment 12",ELEC,HRN,"Copper C11000",Class 3,1,1.438,23.01,1.438,23.01,"Mueller Industries",4,TYV6-ELEC-HRN-0012
904,"Engine Harness Segment 13",ELEC,HRN,"Copper C11000",Class 3,1,1.438,23.01,1.438,23.01,"Mueller Industries",4,TYV6-ELEC-HRN-0013
905,"Engine Harness Segment 14",ELEC,HRN,"Copper C11000",Class 3,1,1.438,23.01,1.438,23.01,"Mueller Industries",4,TYV6-ELEC-HRN-0014
906,"Engine Harness Segment 15",ELEC,HRN,"Copper C11000",Class 3,1,1.438,23.01,1.438,23.01,"Mueller Industries",4,TYV6-ELEC-HRN-0015
907,"Engine Harness Segment 16",ELEC,HRN,"Copper C11000",Class 3,1,1.438,23.01,1.438,23.01,"Mueller Industries",4,TYV6-ELEC-HRN-0016
908,"MG Phase Cable 1 (Orange HV Shielded)",ELEC,PHS,"Copper C11000",Class 3,1,1.123,17.97,1.123,17.97,"Mueller Industries",4,TYV6-ELEC-PHS-0001
909,"MG Phase Cable 2 (Orange HV Shielded)",ELEC,PHS,"Copper C11000",Class 3,1,1.123,17.97,1.123,17.97,"Mueller Industries",4,TYV6-ELEC-PHS-0002
910,"MG Phase Cable 3 (Orange HV Shielded)",ELEC,PHS,"Copper C11000",Class 3,1,1.123,17.97,1.123,17.97,"Mueller Industries",4,TYV6-ELEC-PHS-0003
911,"MG Phase Cable 4 (Orange HV Shielded)",ELEC,PHS,"Copper C11000",Class 3,1,1.123,17.97,1.123,17.97,"Mueller Industries",4,TYV6-ELEC-PHS-0004
912,"MG Phase Cable 5 (Orange HV Shielded)",ELEC,PHS,"Copper C11000",Class 3,1,1.123,17.97,1.123,17.97,"Mueller Industries",4,TYV6-ELEC-PHS-0005
913,"MG Phase Cable 6 (Orange HV Shielded)",ELEC,PHS,"Copper C11000",Class 3,1,1.123,17.97,1.123,17.97,"Mueller Industries",4,TYV6-ELEC-PHS-0006
914,"Electrical Connector 1",ELEC,CNN,"ABS Plastic",Class 3,1,0.023,0.12,0.023,0.12,"TBD",4,TYV6-ELEC-CNN-0001
915,"Electrical Connector 2",ELEC,CNN,"ABS Plastic",Class 3,1,0.023,0.12,0.023,0.12,"TBD",4,TYV6-ELEC-CNN-0002
916,"Electrical Connector 3",ELEC,CNN,"ABS Plastic",Class 3,1,0.023,0.12,0.023,0.12,"TBD",4,TYV6-ELEC-CNN-0003
917,"Electrical Connector 4",ELEC,CNN,"ABS Plastic",Class 3,1,0.023,0.12,0.023,0.12,"TBD",4,TYV6-ELEC-CNN-0004
918,"Electrical Connector 5",ELEC,CNN,"ABS Plastic",Class 3,1,0.023,0.12,0.023,0.12,"TBD",4,TYV6-ELEC-CNN-0005
919,"Electrical Connector 6",ELEC,CNN,"ABS Plastic",Class 3,1,0.023,0.12,0.023,0.12,"TBD",4,TYV6-ELEC-CNN-0006
920,"Electrical Connector 7",ELEC,CNN,"ABS Plastic",Class 3,1,0.023,0.12,0.023,0.12,"TBD",4,TYV6-ELEC-CNN-0007
921,"Electrical Connector 8",ELEC,CNN,"ABS Plastic",Class 3,1,0.023,0.12,0.023,0.12,"TBD",4,TYV6-ELEC-CNN-0008
922,"Electrical Connector 9",ELEC,CNN,"ABS Plastic",Class 3,1,0.023,0.12,0.023,0.12,"TBD",4,TYV6-ELEC-CNN-0009
923,"Electrical Connector 10",ELEC,CNN,"ABS Plastic",Class 3,1,0.023,0.12,0.023,0.12,"TBD",4,TYV6-ELEC-CNN-0010
924,"Electrical Connector 11",ELEC,CNN,"ABS Plastic",Class 3,1,0.023,0.12,0.023,0.12,"TBD",4,TYV6-ELEC-CNN-0011
925,"Electrical Connector 12",ELEC,CNN,"ABS Plastic",Class 3,1,0.023,0.12,0.023,0.12,"TBD",4,TYV6-ELEC-CNN-0012
926,"Electrical Connector 13",ELEC,CNN,"ABS Plastic",Class 3,1,0.023,0.12,0.023,0.12,"TBD",4,TYV6-ELEC-CNN-0013
927,"Electrical Connector 14",ELEC,CNN,"ABS Plastic",Class 3,1,0.023,0.12,0.023,0.12,"TBD",4,TYV6-ELEC-CNN-0014
928,"Electrical Connector 15",ELEC,CNN,"ABS Plastic",Class 3,1,0.023,0.12,0.023,0.12,"TBD",4,TYV6-ELEC-CNN-0015
929,"Electrical Connector 16",ELEC,CNN,"ABS Plastic",Class 3,1,0.023,0.12,0.023,0.12,"TBD",4,TYV6-ELEC-CNN-0016
930,"Electrical Connector 17",ELEC,CNN,"ABS Plastic",Class 3,1,0.023,0.12,0.023,0.12,"TBD",4,TYV6-ELEC-CNN-0017
931,"Electrical Connector 18",ELEC,CNN,"ABS Plastic",Class 3,1,0.023,0.12,0.023,0.12,"TBD",4,TYV6-ELEC-CNN-0018
932,"Electrical Connector 19",ELEC,CNN,"ABS Plastic",Class 3,1,0.023,0.12,0.023,0.12,"TBD",4,TYV6-ELEC-CNN-0019
933,"Electrical Connector 20",ELEC,CNN,"ABS Plastic",Class 3,1,0.023,0.12,0.023,0.12,"TBD",4,TYV6-ELEC-CNN-0020
934,"Electrical Connector 21",ELEC,CNN,"ABS Plastic",Class 3,1,0.023,0.12,0.023,0.12,"TBD",4,TYV6-ELEC-CNN-0021
935,"Electrical Connector 22",ELEC,CNN,"ABS Plastic",Class 3,1,0.023,0.12,0.023,0.12,"TBD",4,TYV6-ELEC-CNN-0022
936,"Electrical Connector 23",ELEC,CNN,"ABS Plastic",Class 3,1,0.023,0.12,0.023,0.12,"TBD",4,TYV6-ELEC-CNN-0023
937,"Electrical Connector 24",ELEC,CNN,"ABS Plastic",Class 3,1,0.023,0.12,0.023,0.12,"TBD",4,TYV6-ELEC-CNN-0024
938,"Electrical Connector 25",ELEC,CNN,"ABS Plastic",Class 3,1,0.023,0.12,0.023,0.12,"TBD",4,TYV6-ELEC-CNN-0025
939,"Electrical Connector 26",ELEC,CNN,"ABS Plastic",Class 3,1,0.023,0.12,0.023,0.12,"TBD",4,TYV6-ELEC-CNN-0026
940,"Electrical Connector 27",ELEC,CNN,"ABS Plastic",Class 3,1,0.023,0.12,0.023,0.12,"TBD",4,TYV6-ELEC-CNN-0027
941,"Electrical Connector 28",ELEC,CNN,"ABS Plastic",Class 3,1,0.023,0.12,0.023,0.12,"TBD",4,TYV6-ELEC-CNN-0028
942,"Electrical Connector 29",ELEC,CNN,"ABS Plastic",Class 3,1,0.023,0.12,0.023,0.12,"TBD",4,TYV6-ELEC-CNN-0029
943,"Electrical Connector 30",ELEC,CNN,"ABS Plastic",Class 3,1,0.023,0.12,0.023,0.12,"TBD",4,TYV6-ELEC-CNN-0030
944,"Electrical Connector 31",ELEC,CNN,"ABS Plastic",Class 3,1,0.023,0.12,0.023,0.12,"TBD",4,TYV6-ELEC-CNN-0031
945,"Electrical Connector 32",ELEC,CNN,"ABS Plastic",Class 3,1,0.023,0.12,0.023,0.12,"TBD",4,TYV6-ELEC-CNN-0032
946,"Electrical Connector 33",ELEC,CNN,"ABS Plastic",Class 3,1,0.023,0.12,0.023,0.12,"TBD",4,TYV6-ELEC-CNN-0033
947,"Electrical Connector 34",ELEC,CNN,"ABS Plastic",Class 3,1,0.023,0.12,0.023,0.12,"TBD",4,TYV6-ELEC-CNN-0034
948,"Electrical Connector 35",ELEC,CNN,"ABS Plastic",Class 3,1,0.023,0.12,0.023,0.12,"TBD",4,TYV6-ELEC-CNN-0035
949,"Electrical Connector 36",ELEC,CNN,"ABS Plastic",Class 3,1,0.023,0.12,0.023,0.12,"TBD",4,TYV6-ELEC-CNN-0036
950,"Electrical Connector 37",ELEC,CNN,"ABS Plastic",Class 3,1,0.023,0.12,0.023,0.12,"TBD",4,TYV6-ELEC-CNN-0037
951,"Electrical Connector 38",ELEC,CNN,"ABS Plastic",Class 3,1,0.023,0.12,0.023,0.12,"TBD",4,TYV6-ELEC-CNN-0038
952,"Electrical Connector 39",ELEC,CNN,"ABS Plastic",Class 3,1,0.023,0.12,0.023,0.12,"TBD",4,TYV6-ELEC-CNN-0039
953,"Electrical Connector 40",ELEC,CNN,"ABS Plastic",Class 3,1,0.023,0.12,0.023,0.12,"TBD",4,TYV6-ELEC-CNN-0040
954,"Electrical Connector 41",ELEC,CNN,"ABS Plastic",Class 3,1,0.023,0.12,0.023,0.12,"TBD",4,TYV6-ELEC-CNN-0041
955,"Electrical Connector 42",ELEC,CNN,"ABS Plastic",Class 3,1,0.023,0.12,0.023,0.12,"TBD",4,TYV6-ELEC-CNN-0042
956,"Electrical Connector 43",ELEC,CNN,"ABS Plastic",Class 3,1,0.023,0.12,0.023,0.12,"TBD",4,TYV6-ELEC-CNN-0043
957,"Electrical Connector 44",ELEC,CNN,"ABS Plastic",Class 3,1,0.023,0.12,0.023,0.12,"TBD",4,TYV6-ELEC-CNN-0044
958,"Electrical Connector 45",ELEC,CNN,"ABS Plastic",Class 3,1,0.023,0.12,0.023,0.12,"TBD",4,TYV6-ELEC-CNN-0045
959,"Electrical Connector 46",ELEC,CNN,"ABS Plastic",Class 3,1,0.023,0.12,0.023,0.12,"TBD",4,TYV6-ELEC-CNN-0046
960,"Electrical Connector 47",ELEC,CNN,"ABS Plastic",Class 3,1,0.023,0.12,0.023,0.12,"TBD",4,TYV6-ELEC-CNN-0047
961,"Electrical Connector 48",ELEC,CNN,"ABS Plastic",Class 3,1,0.023,0.12,0.023,0.12,"TBD",4,TYV6-ELEC-CNN-0048
962,"Electrical Connector 49",ELEC,CNN,"ABS Plastic",Class 3,1,0.023,0.12,0.023,0.12,"TBD",4,TYV6-ELEC-CNN-0049
963,"Electrical Connector 50",ELEC,CNN,"ABS Plastic",Class 3,1,0.023,0.12,0.023,0.12,"TBD",4,TYV6-ELEC-CNN-0050
964,"Electrical Connector 51",ELEC,CNN,"ABS Plastic",Class 3,1,0.023,0.12,0.023,0.12,"TBD",4,TYV6-ELEC-CNN-0051
965,"Electrical Connector 52",ELEC,CNN,"ABS Plastic",Class 3,1,0.023,0.12,0.023,0.12,"TBD",4,TYV6-ELEC-CNN-0052
966,"Electrical Connector 53",ELEC,CNN,"ABS Plastic",Class 3,1,0.023,0.12,0.023,0.12,"TBD",4,TYV6-ELEC-CNN-0053
967,"Electrical Connector 54",ELEC,CNN,"ABS Plastic",Class 3,1,0.023,0.12,0.023,0.12,"TBD",4,TYV6-ELEC-CNN-0054
968,"Electrical Connector 55",ELEC,CNN,"ABS Plastic",Class 3,1,0.023,0.12,0.023,0.12,"TBD",4,TYV6-ELEC-CNN-0055
969,"Electrical Connector 56",ELEC,CNN,"ABS Plastic",Class 3,1,0.023,0.12,0.023,0.12,"TBD",4,TYV6-ELEC-CNN-0056
970,"Electrical Connector 57",ELEC,CNN,"ABS Plastic",Class 3,1,0.023,0.12,0.023,0.12,"TBD",4,TYV6-ELEC-CNN-0057
971,"Electrical Connector 58",ELEC,CNN,"ABS Plastic",Class 3,1,0.023,0.12,0.023,0.12,"TBD",4,TYV6-ELEC-CNN-0058
972,"Electrical Connector 59",ELEC,CNN,"ABS Plastic",Class 3,1,0.023,0.12,0.023,0.12,"TBD",4,TYV6-ELEC-CNN-0059
973,"Electrical Connector 60",ELEC,CNN,"ABS Plastic",Class 3,1,0.023,0.12,0.023,0.12,"TBD",4,TYV6-ELEC-CNN-0060
974,"Electrical Connector 61",ELEC,CNN,"ABS Plastic",Class 3,1,0.023,0.12,0.023,0.12,"TBD",4,TYV6-ELEC-CNN-0061
975,"Electrical Connector 62",ELEC,CNN,"ABS Plastic",Class 3,1,0.023,0.12,0.023,0.12,"TBD",4,TYV6-ELEC-CNN-0062
976,"Electrical Connector 63",ELEC,CNN,"ABS Plastic",Class 3,1,0.023,0.12,0.023,0.12,"TBD",4,TYV6-ELEC-CNN-0063
977,"Electrical Connector 64",ELEC,CNN,"ABS Plastic",Class 3,1,0.023,0.12,0.023,0.12,"TBD",4,TYV6-ELEC-CNN-0064
978,"Electrical Connector 65",ELEC,CNN,"ABS Plastic",Class 3,1,0.023,0.12,0.023,0.12,"TBD",4,TYV6-ELEC-CNN-0065
979,"Electrical Connector 66",ELEC,CNN,"ABS Plastic",Class 3,1,0.023,0.12,0.023,0.12,"TBD",4,TYV6-ELEC-CNN-0066
980,"Electrical Connector 67",ELEC,CNN,"ABS Plastic",Class 3,1,0.023,0.12,0.023,0.12,"TBD",4,TYV6-ELEC-CNN-0067
981,"Electrical Connector 68",ELEC,CNN,"ABS Plastic",Class 3,1,0.023,0.12,0.023,0.12,"TBD",4,TYV6-ELEC-CNN-0068
982,"Electrical Connector 69",ELEC,CNN,"ABS Plastic",Class 3,1,0.023,0.12,0.023,0.12,"TBD",4,TYV6-ELEC-CNN-0069
983,"Electrical Connector 70",ELEC,CNN,"ABS Plastic",Class 3,1,0.023,0.12,0.023,0.12,"TBD",4,TYV6-ELEC-CNN-0070
984,"Electrical Connector 71",ELEC,CNN,"ABS Plastic",Class 3,1,0.023,0.12,0.023,0.12,"TBD",4,TYV6-ELEC-CNN-0071
985,"Electrical Connector 72",ELEC,CNN,"ABS Plastic",Class 3,1,0.023,0.12,0.023,0.12,"TBD",4,TYV6-ELEC-CNN-0072
986,"Electrical Connector 73",ELEC,CNN,"ABS Plastic",Class 3,1,0.023,0.12,0.023,0.12,"TBD",4,TYV6-ELEC-CNN-0073
987,"Electrical Connector 74",ELEC,CNN,"ABS Plastic",Class 3,1,0.023,0.12,0.023,0.12,"TBD",4,TYV6-ELEC-CNN-0074
988,"Electrical Connector 75",ELEC,CNN,"ABS Plastic",Class 3,1,0.023,0.12,0.023,0.12,"TBD",4,TYV6-ELEC-CNN-0075
989,"Electrical Connector 76",ELEC,CNN,"ABS Plastic",Class 3,1,0.023,0.12,0.023,0.12,"TBD",4,TYV6-ELEC-CNN-0076
990,"Electrical Connector 77",ELEC,CNN,"ABS Plastic",Class 3,1,0.023,0.12,0.023,0.12,"TBD",4,TYV6-ELEC-CNN-0077
991,"Electrical Connector 78",ELEC,CNN,"ABS Plastic",Class 3,1,0.023,0.12,0.023,0.12,"TBD",4,TYV6-ELEC-CNN-0078
992,"Electrical Connector 79",ELEC,CNN,"ABS Plastic",Class 3,1,0.023,0.12,0.023,0.12,"TBD",4,TYV6-ELEC-CNN-0079
993,"Electrical Connector 80",ELEC,CNN,"ABS Plastic",Class 3,1,0.023,0.12,0.023,0.12,"TBD",4,TYV6-ELEC-CNN-0080
994,"Electrical Connector 81",ELEC,CNN,"ABS Plastic",Class 3,1,0.023,0.12,0.023,0.12,"TBD",4,TYV6-ELEC-CNN-0081
995,"Electrical Connector 82",ELEC,CNN,"ABS Plastic",Class 3,1,0.023,0.12,0.023,0.12,"TBD",4,TYV6-ELEC-CNN-0082
996,"Electrical Connector 83",ELEC,CNN,"ABS Plastic",Class 3,1,0.023,0.12,0.023,0.12,"TBD",4,TYV6-ELEC-CNN-0083
997,"Electrical Connector 84",ELEC,CNN,"ABS Plastic",Class 3,1,0.023,0.12,0.023,0.12,"TBD",4,TYV6-ELEC-CNN-0084
998,"Electrical Connector 85",ELEC,CNN,"ABS Plastic",Class 3,1,0.023,0.12,0.023,0.12,"TBD",4,TYV6-ELEC-CNN-0085
999,"Electrical Connector 86",ELEC,CNN,"ABS Plastic",Class 3,1,0.023,0.12,0.023,0.12,"TBD",4,TYV6-ELEC-CNN-0086
1000,"Electrical Connector 87",ELEC,CNN,"ABS Plastic",Class 3,1,0.023,0.12,0.023,0.12,"TBD",4,TYV6-ELEC-CNN-0087
1001,"Electrical Connector 88",ELEC,CNN,"ABS Plastic",Class 3,1,0.023,0.12,0.023,0.12,"TBD",4,TYV6-ELEC-CNN-0088
1002,"Electrical Connector 89",ELEC,CNN,"ABS Plastic",Class 3,1,0.023,0.12,0.023,0.12,"TBD",4,TYV6-ELEC-CNN-0089
1003,"Electrical Connector 90",ELEC,CNN,"ABS Plastic",Class 3,1,0.023,0.12,0.023,0.12,"TBD",4,TYV6-ELEC-CNN-0090
1004,"Electrical Connector 91",ELEC,CNN,"ABS Plastic",Class 3,1,0.023,0.12,0.023,0.12,"TBD",4,TYV6-ELEC-CNN-0091
1005,"Electrical Connector 92",ELEC,CNN,"ABS Plastic",Class 3,1,0.023,0.12,0.023,0.12,"TBD",4,TYV6-ELEC-CNN-0092
1006,"Electrical Connector 93",ELEC,CNN,"ABS Plastic",Class 3,1,0.023,0.12,0.023,0.12,"TBD",4,TYV6-ELEC-CNN-0093
1007,"Electrical Connector 94",ELEC,CNN,"ABS Plastic",Class 3,1,0.023,0.12,0.023,0.12,"TBD",4,TYV6-ELEC-CNN-0094
1008,"Electrical Connector 95",ELEC,CNN,"ABS Plastic",Class 3,1,0.023,0.12,0.023,0.12,"TBD",4,TYV6-ELEC-CNN-0095
1009,"Electrical Connector 96",ELEC,CNN,"ABS Plastic",Class 3,1,0.023,0.12,0.023,0.12,"TBD",4,TYV6-ELEC-CNN-0096
1010,"Electrical Connector 97",ELEC,CNN,"ABS Plastic",Class 3,1,0.023,0.12,0.023,0.12,"TBD",4,TYV6-ELEC-CNN-0097
1011,"Electrical Connector 98",ELEC,CNN,"ABS Plastic",Class 3,1,0.023,0.12,0.023,0.12,"TBD",4,TYV6-ELEC-CNN-0098
1012,"Electrical Connector 99",ELEC,CNN,"ABS Plastic",Class 3,1,0.023,0.12,0.023,0.12,"TBD",4,TYV6-ELEC-CNN-0099
1013,"Electrical Connector 100",ELEC,CNN,"ABS Plastic",Class 3,1,0.023,0.12,0.023,0.12,"TBD",4,TYV6-ELEC-CNN-0100
1014,"Electrical Connector 101",ELEC,CNN,"ABS Plastic",Class 3,1,0.023,0.12,0.023,0.12,"TBD",4,TYV6-ELEC-CNN-0101
1015,"Electrical Connector 102",ELEC,CNN,"ABS Plastic",Class 3,1,0.023,0.12,0.023,0.12,"TBD",4,TYV6-ELEC-CNN-0102
1016,"Electrical Connector 103",ELEC,CNN,"ABS Plastic",Class 3,1,0.023,0.12,0.023,0.12,"TBD",4,TYV6-ELEC-CNN-0103
1017,"Electrical Connector 104",ELEC,CNN,"ABS Plastic",Class 3,1,0.023,0.12,0.023,0.12,"TBD",4,TYV6-ELEC-CNN-0104
1018,"Electrical Connector 105",ELEC,CNN,"ABS Plastic",Class 3,1,0.023,0.12,0.023,0.12,"TBD",4,TYV6-ELEC-CNN-0105
1019,"Electrical Connector 106",ELEC,CNN,"ABS Plastic",Class 3,1,0.023,0.12,0.023,0.12,"TBD",4,TYV6-ELEC-CNN-0106
1020,"Electrical Connector 107",ELEC,CNN,"ABS Plastic",Class 3,1,0.023,0.12,0.023,0.12,"TBD",4,TYV6-ELEC-CNN-0107
1021,"Electrical Connector 108",ELEC,CNN,"ABS Plastic",Class 3,1,0.023,0.12,0.023,0.12,"TBD",4,TYV6-ELEC-CNN-0108
1022,"Electrical Connector 109",ELEC,CNN,"ABS Plastic",Class 3,1,0.023,0.12,0.023,0.12,"TBD",4,TYV6-ELEC-CNN-0109
1023,"Electrical Connector 110",ELEC,CNN,"ABS Plastic",Class 3,1,0.023,0.12,0.023,0.12,"TBD",4,TYV6-ELEC-CNN-0110
1024,"Electrical Connector 111",ELEC,CNN,"ABS Plastic",Class 3,1,0.023,0.12,0.023,0.12,"TBD",4,TYV6-ELEC-CNN-0111
1025,"Electrical Connector 112",ELEC,CNN,"ABS Plastic",Class 3,1,0.023,0.12,0.023,0.12,"TBD",4,TYV6-ELEC-CNN-0112
1026,"Electrical Connector 113",ELEC,CNN,"ABS Plastic",Class 3,1,0.023,0.12,0.023,0.12,"TBD",4,TYV6-ELEC-CNN-0113
1027,"Electrical Connector 114",ELEC,CNN,"ABS Plastic",Class 3,1,0.023,0.12,0.023,0.12,"TBD",4,TYV6-ELEC-CNN-0114
1028,"Electrical Connector 115",ELEC,CNN,"ABS Plastic",Class 3,1,0.023,0.12,0.023,0.12,"TBD",4,TYV6-ELEC-CNN-0115
1029,"Electrical Connector 116",ELEC,CNN,"ABS Plastic",Class 3,1,0.023,0.12,0.023,0.12,"TBD",4,TYV6-ELEC-CNN-0116
1030,"Electrical Connector 117",ELEC,CNN,"ABS Plastic",Class 3,1,0.023,0.12,0.023,0.12,"TBD",4,TYV6-ELEC-CNN-0117
1031,"Electrical Connector 118",ELEC,CNN,"ABS Plastic",Class 3,1,0.023,0.12,0.023,0.12,"TBD",4,TYV6-ELEC-CNN-0118
1032,"Electrical Connector 119",ELEC,CNN,"ABS Plastic",Class 3,1,0.023,0.12,0.023,0.12,"TBD",4,TYV6-ELEC-CNN-0119
1033,"Electrical Connector 120",ELEC,CNN,"ABS Plastic",Class 3,1,0.023,0.12,0.023,0.12,"TBD",4,TYV6-ELEC-CNN-0120
1034,"Relay 1",ELEC,RLY,"ABS Plastic",Class 3,1,0.02,0.1,0.02,0.1,"TBD",4,TYV6-ELEC-RLY-0001
1035,"Relay 2",ELEC,RLY,"ABS Plastic",Class 3,1,0.02,0.1,0.02,0.1,"TBD",4,TYV6-ELEC-RLY-0002
1036,"Relay 3",ELEC,RLY,"ABS Plastic",Class 3,1,0.02,0.1,0.02,0.1,"TBD",4,TYV6-ELEC-RLY-0003
1037,"Relay 4",ELEC,RLY,"ABS Plastic",Class 3,1,0.02,0.1,0.02,0.1,"TBD",4,TYV6-ELEC-RLY-0004
1038,"Relay 5",ELEC,RLY,"ABS Plastic",Class 3,1,0.02,0.1,0.02,0.1,"TBD",4,TYV6-ELEC-RLY-0005
1039,"Relay 6",ELEC,RLY,"ABS Plastic",Class 3,1,0.02,0.1,0.02,0.1,"TBD",4,TYV6-ELEC-RLY-0006
1040,"Relay 7",ELEC,RLY,"ABS Plastic",Class 3,1,0.02,0.1,0.02,0.1,"TBD",4,TYV6-ELEC-RLY-0007
1041,"Relay 8",ELEC,RLY,"ABS Plastic",Class 3,1,0.02,0.1,0.02,0.1,"TBD",4,TYV6-ELEC-RLY-0008
1046,"Fuse 5",ELEC,FUS,"ABS Plastic",Class 3,1,0.02,0.1,0.02,0.1,"TBD",4,TYV6-ELEC-FUS-0005
1047,"Fuse 6",ELEC,FUS,"ABS Plastic",Class 3,1,0.02,0.1,0.02,0.1,"TBD",4,TYV6-ELEC-FUS-0006
1048,"Fuse 7",ELEC,FUS,"ABS Plastic",Class 3,1,0.02,0.1,0.02,0.1,"TBD",4,TYV6-ELEC-FUS-0007
1049,"Fuse 8",ELEC,FUS,"ABS Plastic",Class 3,1,0.02,0.1,0.02,0.1,"TBD",4,TYV6-ELEC-FUS-0008
1050,"Engine Ground Strap 1",ELEC,GND,"Copper C11000",Class 3,1,0.095,1.52,0.095,1.52,"Mueller Industries",4,TYV6-ELEC-GND-0001
1051,"Engine Ground Strap 2",ELEC,GND,"Copper C11000",Class 3,1,0.095,1.52,0.095,1.52,"Mueller Industries",4,TYV6-ELEC-GND-0002
1052,"Engine Ground Strap 3",ELEC,GND,"Copper C11000",Class 3,1,0.095,1.52,0.095,1.52,"Mueller Industries",4,TYV6-ELEC-GND-0003
1053,"Engine Ground Strap 4",ELEC,GND,"Copper C11000",Class 3,1,0.095,1.52,0.095,1.52,"Mueller Industries",4,TYV6-ELEC-GND-0004
1054,"Engine Ground Strap 5",ELEC,GND,"Copper C11000",Class 3,1,0.095,1.52,0.095,1.52,"Mueller Industries",4,TYV6-ELEC-GND-0005
1055,"Engine Ground Strap 6",ELEC,GND,"Copper C11000",Class 3,1,0.095,1.52,0.095,1.52,"Mueller Industries",4,TYV6-ELEC-GND-0006
1056,"Engine Ground Strap 7",ELEC,GND,"Copper C11000",Class 3,1,0.095,1.52,0.095,1.52,"Mueller Industries",4,TYV6-ELEC-GND-0007
1057,"Engine Ground Strap 8",ELEC,GND,"Copper C11000",Class 3,1,0.095,1.52,0.095,1.52,"Mueller Industries",4,TYV6-ELEC-GND-0008
1058,"Front-Right Engine Mount (Hydraulic)",MNT,ENG,"Nylon 6/6",Class 3,1,0.805,4.03,0.805,4.03,"TBD",4,TYV6-MNT-ENG-0001
1059,"Front-Left Engine Mount (Hydraulic)",MNT,ENG,"Nylon 6/6",Class 3,1,0.805,4.03,0.805,4.03,"TBD",4,TYV6-MNT-ENG-0002
1060,"Rear Engine Torque Strut Mount",MNT,ENG,"Nylon 6/6",Class 3,1,0.805,4.03,0.805,4.03,"TBD",4,TYV6-MNT-ENG-0003
1061,"Subframe Bushing 1",MNT,SBF,"Nylon 6/6",Class 3,1,0,0,0,0,"TBD",4,TYV6-MNT-SBF-0001
1062,"Subframe Bushing 2",MNT,SBF,"Nylon 6/6",Class 3,1,0,0,0,0,"TBD",4,TYV6-MNT-SBF-0002
1063,"Subframe Bushing 3",MNT,SBF,"Nylon 6/6",Class 3,1,0,0,0,0,"TBD",4,TYV6-MNT-SBF-0003
1064,"Subframe Bushing 4",MNT,SBF,"Nylon 6/6",Class 3,1,0,0,0,0,"TBD",4,TYV6-MNT-SBF-0004
1065,"Front Timing Cover (Cast Aluminum)",BLK,FCV,"Aluminum 6061-T6",Class 3,1,5.832,46.66,5.832,46.66,"Alcoa",4,TYV6-BLK-FCV-0001
1066,"Crankshaft Front Oil Seal (PTFE)",BLK,SEL,"Nylon 6/6",Class 3,1,0,0,0,0,"TBD",4,TYV6-BLK-SEL-0001
1067,"Crankshaft Rear Main Oil Seal",BLK,SEL,"Nylon 6/6",Class 3,1,0,0,0,0,"TBD",4,TYV6-BLK-SEL-0002
1068,"Oil Pan / Sump (Cast Aluminum, 7 L capacity)",OIL,SMP,"Aluminum 6061-T6",Class 3,1,5.468,43.74,5.468,43.74,"Alcoa",4,TYV6-OIL-SMP-0001
1069,"Oil Pan Drain Plug (Magnetic)",OIL,DRN,"Steel AISI 4340",Class 3,1,0.087,0.52,0.087,0.52,"Carpenter Technology",4,TYV6-OIL-DRN-0001
1070,"Oil Dipstick + Tube",OIL,DIP,"Steel AISI 4340",Class 3,1,0.222,1.33,0.222,1.33,"Carpenter Technology",4,TYV6-OIL-DIP-0001
1071,"Oil Level Sensor (Capacitive)",SNS,OLS,"Aluminum 6061-T6",Class 3,1,0.095,0.76,0.095,0.76,"Alcoa",4,TYV6-SNS-OLS-0001
1072,"Windage Tray (Stamped Steel)",OIL,WIN,"Steel AISI 1020",Class 3,1,1.62,8.1,1.62,8.1,"TBD",4,TYV6-OIL-WIN-0001
1073,"PCV Valve (Crankcase Ventilation)",OIL,PCV,"Aluminum 6061-T6",Class 3,1,0.048,0.38,0.048,0.38,"Alcoa",4,TYV6-OIL-PCV-0001
1074,"Head Bolt 1 (M11 TTY, Torque-to-Yield)",FAS,HBT,"Steel AISI 4340",Class 3,1,0.078,0.47,0.078,0.47,"Carpenter Technology",4,TYV6-FAS-HBT-0001
1075,"Head Bolt 2 (M11 TTY, Torque-to-Yield)",FAS,HBT,"Steel AISI 4340",Class 3,1,0.078,0.47,0.078,0.47,"Carpenter Technology",4,TYV6-FAS-HBT-0002
1076,"Head Bolt 3 (M11 TTY, Torque-to-Yield)",FAS,HBT,"Steel AISI 4340",Class 3,1,0.078,0.47,0.078,0.47,"Carpenter Technology",4,TYV6-FAS-HBT-0003
1077,"Head Bolt 4 (M11 TTY, Torque-to-Yield)",FAS,HBT,"Steel AISI 4340",Class 3,1,0.078,0.47,0.078,0.47,"Carpenter Technology",4,TYV6-FAS-HBT-0004
1078,"Head Bolt 5 (M11 TTY, Torque-to-Yield)",FAS,HBT,"Steel AISI 4340",Class 3,1,0.078,0.47,0.078,0.47,"Carpenter Technology",4,TYV6-FAS-HBT-0005
1079,"Head Bolt 6 (M11 TTY, Torque-to-Yield)",FAS,HBT,"Steel AISI 4340",Class 3,1,0.078,0.47,0.078,0.47,"Carpenter Technology",4,TYV6-FAS-HBT-0006
1080,"Head Bolt 7 (M11 TTY, Torque-to-Yield)",FAS,HBT,"Steel AISI 4340",Class 3,1,0.078,0.47,0.078,0.47,"Carpenter Technology",4,TYV6-FAS-HBT-0007
1081,"Head Bolt 8 (M11 TTY, Torque-to-Yield)",FAS,HBT,"Steel AISI 4340",Class 3,1,0.078,0.47,0.078,0.47,"Carpenter Technology",4,TYV6-FAS-HBT-0008
1082,"Head Bolt 9 (M11 TTY, Torque-to-Yield)",FAS,HBT,"Steel AISI 4340",Class 3,1,0.078,0.47,0.078,0.47,"Carpenter Technology",4,TYV6-FAS-HBT-0009
1083,"Head Bolt 10 (M11 TTY, Torque-to-Yield)",FAS,HBT,"Steel AISI 4340",Class 3,1,0.078,0.47,0.078,0.47,"Carpenter Technology",4,TYV6-FAS-HBT-0010
1084,"Head Bolt 11 (M11 TTY, Torque-to-Yield)",FAS,HBT,"Steel AISI 4340",Class 3,1,0.078,0.47,0.078,0.47,"Carpenter Technology",4,TYV6-FAS-HBT-0011
1085,"Head Bolt 12 (M11 TTY, Torque-to-Yield)",FAS,HBT,"Steel AISI 4340",Class 3,1,0.078,0.47,0.078,0.47,"Carpenter Technology",4,TYV6-FAS-HBT-0012
1086,"Head Bolt 13 (M11 TTY, Torque-to-Yield)",FAS,HBT,"Steel AISI 4340",Class 3,1,0.078,0.47,0.078,0.47,"Carpenter Technology",4,TYV6-FAS-HBT-0013
1087,"Head Bolt 14 (M11 TTY, Torque-to-Yield)",FAS,HBT,"Steel AISI 4340",Class 3,1,0.078,0.47,0.078,0.47,"Carpenter Technology",4,TYV6-FAS-HBT-0014
1088,"Head Bolt 15 (M11 TTY, Torque-to-Yield)",FAS,HBT,"Steel AISI 4340",Class 3,1,0.078,0.47,0.078,0.47,"Carpenter Technology",4,TYV6-FAS-HBT-0015
1089,"Head Bolt 16 (M11 TTY, Torque-to-Yield)",FAS,HBT,"Steel AISI 4340",Class 3,1,0.078,0.47,0.078,0.47,"Carpenter Technology",4,TYV6-FAS-HBT-0016
1090,"Head Bolt 17 (M11 TTY, Torque-to-Yield)",FAS,HBT,"Steel AISI 4340",Class 3,1,0.078,0.47,0.078,0.47,"Carpenter Technology",4,TYV6-FAS-HBT-0017
1091,"Head Bolt 18 (M11 TTY, Torque-to-Yield)",FAS,HBT,"Steel AISI 4340",Class 3,1,0.078,0.47,0.078,0.47,"Carpenter Technology",4,TYV6-FAS-HBT-0018
1092,"Head Bolt 19 (M11 TTY, Torque-to-Yield)",FAS,HBT,"Steel AISI 4340",Class 3,1,0.078,0.47,0.078,0.47,"Carpenter Technology",4,TYV6-FAS-HBT-0019
1093,"Head Bolt 20 (M11 TTY, Torque-to-Yield)",FAS,HBT,"Steel AISI 4340",Class 3,1,0.078,0.47,0.078,0.47,"Carpenter Technology",4,TYV6-FAS-HBT-0020
1094,"Head Bolt 21 (M11 TTY, Torque-to-Yield)",FAS,HBT,"Steel AISI 4340",Class 3,1,0.078,0.47,0.078,0.47,"Carpenter Technology",4,TYV6-FAS-HBT-0021
1095,"Head Bolt 22 (M11 TTY, Torque-to-Yield)",FAS,HBT,"Steel AISI 4340",Class 3,1,0.078,0.47,0.078,0.47,"Carpenter Technology",4,TYV6-FAS-HBT-0022
1096,"Head Bolt 23 (M11 TTY, Torque-to-Yield)",FAS,HBT,"Steel AISI 4340",Class 3,1,0.078,0.47,0.078,0.47,"Carpenter Technology",4,TYV6-FAS-HBT-0023
1097,"Head Bolt 24 (M11 TTY, Torque-to-Yield)",FAS,HBT,"Steel AISI 4340",Class 3,1,0.078,0.47,0.078,0.47,"Carpenter Technology",4,TYV6-FAS-HBT-0024
1098,"Main Bearing Cap Bolt 1",FAS,MBB,"Steel AISI 4340",Class 3,1,0.048,0.29,0.048,0.29,"Carpenter Technology",4,TYV6-FAS-MBB-0001
1099,"Main Bearing Cap Bolt 2",FAS,MBB,"Steel AISI 4340",Class 3,1,0.048,0.29,0.048,0.29,"Carpenter Technology",4,TYV6-FAS-MBB-0002
1100,"Main Bearing Cap Bolt 3",FAS,MBB,"Steel AISI 4340",Class 3,1,0.048,0.29,0.048,0.29,"Carpenter Technology",4,TYV6-FAS-MBB-0003
1101,"Main Bearing Cap Bolt 4",FAS,MBB,"Steel AISI 4340",Class 3,1,0.048,0.29,0.048,0.29,"Carpenter Technology",4,TYV6-FAS-MBB-0004
1102,"Main Bearing Cap Bolt 5",FAS,MBB,"Steel AISI 4340",Class 3,1,0.048,0.29,0.048,0.29,"Carpenter Technology",4,TYV6-FAS-MBB-0005
1103,"Main Bearing Cap Bolt 6",FAS,MBB,"Steel AISI 4340",Class 3,1,0.048,0.29,0.048,0.29,"Carpenter Technology",4,TYV6-FAS-MBB-0006
1104,"Main Bearing Cap Bolt 7",FAS,MBB,"Steel AISI 4340",Class 3,1,0.048,0.29,0.048,0.29,"Carpenter Technology",4,TYV6-FAS-MBB-0007
1105,"Main Bearing Cap Bolt 8",FAS,MBB,"Steel AISI 4340",Class 3,1,0.048,0.29,0.048,0.29,"Carpenter Technology",4,TYV6-FAS-MBB-0008
1106,"Main Bearing Cap Bolt 9",FAS,MBB,"Steel AISI 4340",Class 3,1,0.048,0.29,0.048,0.29,"Carpenter Technology",4,TYV6-FAS-MBB-0009
1107,"Main Bearing Cap Bolt 10",FAS,MBB,"Steel AISI 4340",Class 3,1,0.048,0.29,0.048,0.29,"Carpenter Technology",4,TYV6-FAS-MBB-0010
1108,"Main Bearing Cap Bolt 11",FAS,MBB,"Steel AISI 4340",Class 3,1,0.048,0.29,0.048,0.29,"Carpenter Technology",4,TYV6-FAS-MBB-0011
1109,"Main Bearing Cap Bolt 12",FAS,MBB,"Steel AISI 4340",Class 3,1,0.048,0.29,0.048,0.29,"Carpenter Technology",4,TYV6-FAS-MBB-0012
1110,"Main Bearing Cap Bolt 13",FAS,MBB,"Steel AISI 4340",Class 3,1,0.048,0.29,0.048,0.29,"Carpenter Technology",4,TYV6-FAS-MBB-0013
1111,"Main Bearing Cap Bolt 14",FAS,MBB,"Steel AISI 4340",Class 3,1,0.048,0.29,0.048,0.29,"Carpenter Technology",4,TYV6-FAS-MBB-0014
1112,"Main Bearing Cap Bolt 15",FAS,MBB,"Steel AISI 4340",Class 3,1,0.048,0.29,0.048,0.29,"Carpenter Technology",4,TYV6-FAS-MBB-0015
1113,"Main Bearing Cap Bolt 16",FAS,MBB,"Steel AISI 4340",Class 3,1,0.048,0.29,0.048,0.29,"Carpenter Technology",4,TYV6-FAS-MBB-0016
1114,"Main Bearing Cap Bolt 17",FAS,MBB,"Steel AISI 4340",Class 3,1,0.048,0.29,0.048,0.29,"Carpenter Technology",4,TYV6-FAS-MBB-0017
1115,"Main Bearing Cap Bolt 18",FAS,MBB,"Steel AISI 4340",Class 3,1,0.048,0.29,0.048,0.29,"Carpenter Technology",4,TYV6-FAS-MBB-0018
1116,"Main Bearing Cap Bolt 19",FAS,MBB,"Steel AISI 4340",Class 3,1,0.048,0.29,0.048,0.29,"Carpenter Technology",4,TYV6-FAS-MBB-0019
1117,"Main Bearing Cap Bolt 20",FAS,MBB,"Steel AISI 4340",Class 3,1,0.048,0.29,0.048,0.29,"Carpenter Technology",4,TYV6-FAS-MBB-0020
1118,"Main Bearing Cap Bolt 21",FAS,MBB,"Steel AISI 4340",Class 3,1,0.048,0.29,0.048,0.29,"Carpenter Technology",4,TYV6-FAS-MBB-0021
1119,"Main Bearing Cap Bolt 22",FAS,MBB,"Steel AISI 4340",Class 3,1,0.048,0.29,0.048,0.29,"Carpenter Technology",4,TYV6-FAS-MBB-0022
1120,"Main Bearing Cap Bolt 23",FAS,MBB,"Steel AISI 4340",Class 3,1,0.048,0.29,0.048,0.29,"Carpenter Technology",4,TYV6-FAS-MBB-0023
1121,"Main Bearing Cap Bolt 24",FAS,MBB,"Steel AISI 4340",Class 3,1,0.048,0.29,0.048,0.29,"Carpenter Technology",4,TYV6-FAS-MBB-0024
1122,"Connecting Rod Cap Bolt 1 (Hi-Strength)",FAS,RDB,"Steel AISI 4340",Class 3,1,0.023,0.14,0.023,0.14,"Carpenter Technology",4,TYV6-FAS-RDB-0001
1123,"Connecting Rod Cap Bolt 2 (Hi-Strength)",FAS,RDB,"Steel AISI 4340",Class 3,1,0.023,0.14,0.023,0.14,"Carpenter Technology",4,TYV6-FAS-RDB-0002
1124,"Connecting Rod Cap Bolt 3 (Hi-Strength)",FAS,RDB,"Steel AISI 4340",Class 3,1,0.023,0.14,0.023,0.14,"Carpenter Technology",4,TYV6-FAS-RDB-0003
1125,"Connecting Rod Cap Bolt 4 (Hi-Strength)",FAS,RDB,"Steel AISI 4340",Class 3,1,0.023,0.14,0.023,0.14,"Carpenter Technology",4,TYV6-FAS-RDB-0004
1126,"Connecting Rod Cap Bolt 5 (Hi-Strength)",FAS,RDB,"Steel AISI 4340",Class 3,1,0.023,0.14,0.023,0.14,"Carpenter Technology",4,TYV6-FAS-RDB-0005
1127,"Connecting Rod Cap Bolt 6 (Hi-Strength)",FAS,RDB,"Steel AISI 4340",Class 3,1,0.023,0.14,0.023,0.14,"Carpenter Technology",4,TYV6-FAS-RDB-0006
1128,"Connecting Rod Cap Bolt 7 (Hi-Strength)",FAS,RDB,"Steel AISI 4340",Class 3,1,0.023,0.14,0.023,0.14,"Carpenter Technology",4,TYV6-FAS-RDB-0007
1129,"Connecting Rod Cap Bolt 8 (Hi-Strength)",FAS,RDB,"Steel AISI 4340",Class 3,1,0.023,0.14,0.023,0.14,"Carpenter Technology",4,TYV6-FAS-RDB-0008
1130,"Connecting Rod Cap Bolt 9 (Hi-Strength)",FAS,RDB,"Steel AISI 4340",Class 3,1,0.023,0.14,0.023,0.14,"Carpenter Technology",4,TYV6-FAS-RDB-0009
1131,"Connecting Rod Cap Bolt 10 (Hi-Strength)",FAS,RDB,"Steel AISI 4340",Class 3,1,0.023,0.14,0.023,0.14,"Carpenter Technology",4,TYV6-FAS-RDB-0010
1132,"Connecting Rod Cap Bolt 11 (Hi-Strength)",FAS,RDB,"Steel AISI 4340",Class 3,1,0.023,0.14,0.023,0.14,"Carpenter Technology",4,TYV6-FAS-RDB-0011
1133,"Connecting Rod Cap Bolt 12 (Hi-Strength)",FAS,RDB,"Steel AISI 4340",Class 3,1,0.023,0.14,0.023,0.14,"Carpenter Technology",4,TYV6-FAS-RDB-0012
1134,"Cam Bearing Cap Bolt 1",FAS,CBB,"Steel AISI 4340",Class 3,1,0.012,0.07,0.012,0.07,"Carpenter Technology",4,TYV6-FAS-CBB-0001
1135,"Cam Bearing Cap Bolt 2",FAS,CBB,"Steel AISI 4340",Class 3,1,0.012,0.07,0.012,0.07,"Carpenter Technology",4,TYV6-FAS-CBB-0002
1136,"Cam Bearing Cap Bolt 3",FAS,CBB,"Steel AISI 4340",Class 3,1,0.012,0.07,0.012,0.07,"Carpenter Technology",4,TYV6-FAS-CBB-0003
1137,"Cam Bearing Cap Bolt 4",FAS,CBB,"Steel AISI 4340",Class 3,1,0.012,0.07,0.012,0.07,"Carpenter Technology",4,TYV6-FAS-CBB-0004
1138,"Cam Bearing Cap Bolt 5",FAS,CBB,"Steel AISI 4340",Class 3,1,0.012,0.07,0.012,0.07,"Carpenter Technology",4,TYV6-FAS-CBB-0005
1139,"Cam Bearing Cap Bolt 6",FAS,CBB,"Steel AISI 4340",Class 3,1,0.012,0.07,0.012,0.07,"Carpenter Technology",4,TYV6-FAS-CBB-0006
1140,"Cam Bearing Cap Bolt 7",FAS,CBB,"Steel AISI 4340",Class 3,1,0.012,0.07,0.012,0.07,"Carpenter Technology",4,TYV6-FAS-CBB-0007
1141,"Cam Bearing Cap Bolt 8",FAS,CBB,"Steel AISI 4340",Class 3,1,0.012,0.07,0.012,0.07,"Carpenter Technology",4,TYV6-FAS-CBB-0008
1142,"Cam Bearing Cap Bolt 9",FAS,CBB,"Steel AISI 4340",Class 3,1,0.012,0.07,0.012,0.07,"Carpenter Technology",4,TYV6-FAS-CBB-0009
1143,"Cam Bearing Cap Bolt 10",FAS,CBB,"Steel AISI 4340",Class 3,1,0.012,0.07,0.012,0.07,"Carpenter Technology",4,TYV6-FAS-CBB-0010
1144,"Cam Bearing Cap Bolt 11",FAS,CBB,"Steel AISI 4340",Class 3,1,0.012,0.07,0.012,0.07,"Carpenter Technology",4,TYV6-FAS-CBB-0011
1145,"Cam Bearing Cap Bolt 12",FAS,CBB,"Steel AISI 4340",Class 3,1,0.012,0.07,0.012,0.07,"Carpenter Technology",4,TYV6-FAS-CBB-0012
1146,"Cam Bearing Cap Bolt 13",FAS,CBB,"Steel AISI 4340",Class 3,1,0.012,0.07,0.012,0.07,"Carpenter Technology",4,TYV6-FAS-CBB-0013
1147,"Cam Bearing Cap Bolt 14",FAS,CBB,"Steel AISI 4340",Class 3,1,0.012,0.07,0.012,0.07,"Carpenter Technology",4,TYV6-FAS-CBB-0014
1148,"Cam Bearing Cap Bolt 15",FAS,CBB,"Steel AISI 4340",Class 3,1,0.012,0.07,0.012,0.07,"Carpenter Technology",4,TYV6-FAS-CBB-0015
1149,"Cam Bearing Cap Bolt 16",FAS,CBB,"Steel AISI 4340",Class 3,1,0.012,0.07,0.012,0.07,"Carpenter Technology",4,TYV6-FAS-CBB-0016
1150,"Cam Bearing Cap Bolt 17",FAS,CBB,"Steel AISI 4340",Class 3,1,0.012,0.07,0.012,0.07,"Carpenter Technology",4,TYV6-FAS-CBB-0017
1151,"Cam Bearing Cap Bolt 18",FAS,CBB,"Steel AISI 4340",Class 3,1,0.012,0.07,0.012,0.07,"Carpenter Technology",4,TYV6-FAS-CBB-0018
1152,"Cam Bearing Cap Bolt 19",FAS,CBB,"Steel AISI 4340",Class 3,1,0.012,0.07,0.012,0.07,"Carpenter Technology",4,TYV6-FAS-CBB-0019
1153,"Cam Bearing Cap Bolt 20",FAS,CBB,"Steel AISI 4340",Class 3,1,0.012,0.07,0.012,0.07,"Carpenter Technology",4,TYV6-FAS-CBB-0020
1154,"Cam Bearing Cap Bolt 21",FAS,CBB,"Steel AISI 4340",Class 3,1,0.012,0.07,0.012,0.07,"Carpenter Technology",4,TYV6-FAS-CBB-0021
1155,"Cam Bearing Cap Bolt 22",FAS,CBB,"Steel AISI 4340",Class 3,1,0.012,0.07,0.012,0.07,"Carpenter Technology",4,TYV6-FAS-CBB-0022
1156,"Cam Bearing Cap Bolt 23",FAS,CBB,"Steel AISI 4340",Class 3,1,0.012,0.07,0.012,0.07,"Carpenter Technology",4,TYV6-FAS-CBB-0023
1157,"Cam Bearing Cap Bolt 24",FAS,CBB,"Steel AISI 4340",Class 3,1,0.012,0.07,0.012,0.07,"Carpenter Technology",4,TYV6-FAS-CBB-0024
1158,"Cam Bearing Cap Bolt 25",FAS,CBB,"Steel AISI 4340",Class 3,1,0.012,0.07,0.012,0.07,"Carpenter Technology",4,TYV6-FAS-CBB-0025
1159,"Cam Bearing Cap Bolt 26",FAS,CBB,"Steel AISI 4340",Class 3,1,0.012,0.07,0.012,0.07,"Carpenter Technology",4,TYV6-FAS-CBB-0026
1160,"Cam Bearing Cap Bolt 27",FAS,CBB,"Steel AISI 4340",Class 3,1,0.012,0.07,0.012,0.07,"Carpenter Technology",4,TYV6-FAS-CBB-0027
1161,"Cam Bearing Cap Bolt 28",FAS,CBB,"Steel AISI 4340",Class 3,1,0.012,0.07,0.012,0.07,"Carpenter Technology",4,TYV6-FAS-CBB-0028
1162,"Cam Bearing Cap Bolt 29",FAS,CBB,"Steel AISI 4340",Class 3,1,0.012,0.07,0.012,0.07,"Carpenter Technology",4,TYV6-FAS-CBB-0029
1163,"Cam Bearing Cap Bolt 30",FAS,CBB,"Steel AISI 4340",Class 3,1,0.012,0.07,0.012,0.07,"Carpenter Technology",4,TYV6-FAS-CBB-0030
1164,"Cam Bearing Cap Bolt 31",FAS,CBB,"Steel AISI 4340",Class 3,1,0.012,0.07,0.012,0.07,"Carpenter Technology",4,TYV6-FAS-CBB-0031
1165,"Cam Bearing Cap Bolt 32",FAS,CBB,"Steel AISI 4340",Class 3,1,0.012,0.07,0.012,0.07,"Carpenter Technology",4,TYV6-FAS-CBB-0032
1166,"Cam Bearing Cap Bolt 33",FAS,CBB,"Steel AISI 4340",Class 3,1,0.012,0.07,0.012,0.07,"Carpenter Technology",4,TYV6-FAS-CBB-0033
1167,"Cam Bearing Cap Bolt 34",FAS,CBB,"Steel AISI 4340",Class 3,1,0.012,0.07,0.012,0.07,"Carpenter Technology",4,TYV6-FAS-CBB-0034
1168,"Cam Bearing Cap Bolt 35",FAS,CBB,"Steel AISI 4340",Class 3,1,0.012,0.07,0.012,0.07,"Carpenter Technology",4,TYV6-FAS-CBB-0035
1169,"Cam Bearing Cap Bolt 36",FAS,CBB,"Steel AISI 4340",Class 3,1,0.012,0.07,0.012,0.07,"Carpenter Technology",4,TYV6-FAS-CBB-0036
1170,"Cam Bearing Cap Bolt 37",FAS,CBB,"Steel AISI 4340",Class 3,1,0.012,0.07,0.012,0.07,"Carpenter Technology",4,TYV6-FAS-CBB-0037
1171,"Cam Bearing Cap Bolt 38",FAS,CBB,"Steel AISI 4340",Class 3,1,0.012,0.07,0.012,0.07,"Carpenter Technology",4,TYV6-FAS-CBB-0038
1172,"Cam Bearing Cap Bolt 39",FAS,CBB,"Steel AISI 4340",Class 3,1,0.012,0.07,0.012,0.07,"Carpenter Technology",4,TYV6-FAS-CBB-0039
1173,"Cam Bearing Cap Bolt 40",FAS,CBB,"Steel AISI 4340",Class 3,1,0.012,0.07,0.012,0.07,"Carpenter Technology",4,TYV6-FAS-CBB-0040
1174,"Cam Bearing Cap Bolt 41",FAS,CBB,"Steel AISI 4340",Class 3,1,0.012,0.07,0.012,0.07,"Carpenter Technology",4,TYV6-FAS-CBB-0041
1175,"Cam Bearing Cap Bolt 42",FAS,CBB,"Steel AISI 4340",Class 3,1,0.012,0.07,0.012,0.07,"Carpenter Technology",4,TYV6-FAS-CBB-0042
1176,"Cam Bearing Cap Bolt 43",FAS,CBB,"Steel AISI 4340",Class 3,1,0.012,0.07,0.012,0.07,"Carpenter Technology",4,TYV6-FAS-CBB-0043
1177,"Cam Bearing Cap Bolt 44",FAS,CBB,"Steel AISI 4340",Class 3,1,0.012,0.07,0.012,0.07,"Carpenter Technology",4,TYV6-FAS-CBB-0044
1178,"Cam Bearing Cap Bolt 45",FAS,CBB,"Steel AISI 4340",Class 3,1,0.012,0.07,0.012,0.07,"Carpenter Technology",4,TYV6-FAS-CBB-0045
1179,"Cam Bearing Cap Bolt 46",FAS,CBB,"Steel AISI 4340",Class 3,1,0.012,0.07,0.012,0.07,"Carpenter Technology",4,TYV6-FAS-CBB-0046
1180,"Cam Bearing Cap Bolt 47",FAS,CBB,"Steel AISI 4340",Class 3,1,0.012,0.07,0.012,0.07,"Carpenter Technology",4,TYV6-FAS-CBB-0047
1181,"Cam Bearing Cap Bolt 48",FAS,CBB,"Steel AISI 4340",Class 3,1,0.012,0.07,0.012,0.07,"Carpenter Technology",4,TYV6-FAS-CBB-0048
1182,"Cam Bearing Cap Bolt 49",FAS,CBB,"Steel AISI 4340",Class 3,1,0.012,0.07,0.012,0.07,"Carpenter Technology",4,TYV6-FAS-CBB-0049
1183,"Cam Bearing Cap Bolt 50",FAS,CBB,"Steel AISI 4340",Class 3,1,0.012,0.07,0.012,0.07,"Carpenter Technology",4,TYV6-FAS-CBB-0050
1184,"Cam Bearing Cap Bolt 51",FAS,CBB,"Steel AISI 4340",Class 3,1,0.012,0.07,0.012,0.07,"Carpenter Technology",4,TYV6-FAS-CBB-0051
1185,"Cam Bearing Cap Bolt 52",FAS,CBB,"Steel AISI 4340",Class 3,1,0.012,0.07,0.012,0.07,"Carpenter Technology",4,TYV6-FAS-CBB-0052
1186,"Cam Bearing Cap Bolt 53",FAS,CBB,"Steel AISI 4340",Class 3,1,0.012,0.07,0.012,0.07,"Carpenter Technology",4,TYV6-FAS-CBB-0053
1187,"Cam Bearing Cap Bolt 54",FAS,CBB,"Steel AISI 4340",Class 3,1,0.012,0.07,0.012,0.07,"Carpenter Technology",4,TYV6-FAS-CBB-0054
1188,"Cam Bearing Cap Bolt 55",FAS,CBB,"Steel AISI 4340",Class 3,1,0.012,0.07,0.012,0.07,"Carpenter Technology",4,TYV6-FAS-CBB-0055
1189,"Cam Bearing Cap Bolt 56",FAS,CBB,"Steel AISI 4340",Class 3,1,0.012,0.07,0.012,0.07,"Carpenter Technology",4,TYV6-FAS-CBB-0056
1190,"Cam Bearing Cap Bolt 57",FAS,CBB,"Steel AISI 4340",Class 3,1,0.012,0.07,0.012,0.07,"Carpenter Technology",4,TYV6-FAS-CBB-0057
1191,"Cam Bearing Cap Bolt 58",FAS,CBB,"Steel AISI 4340",Class 3,1,0.012,0.07,0.012,0.07,"Carpenter Technology",4,TYV6-FAS-CBB-0058
1192,"Cam Bearing Cap Bolt 59",FAS,CBB,"Steel AISI 4340",Class 3,1,0.012,0.07,0.012,0.07,"Carpenter Technology",4,TYV6-FAS-CBB-0059
1193,"Cam Bearing Cap Bolt 60",FAS,CBB,"Steel AISI 4340",Class 3,1,0.012,0.07,0.012,0.07,"Carpenter Technology",4,TYV6-FAS-CBB-0060
1194,"Cam Bearing Cap Bolt 61",FAS,CBB,"Steel AISI 4340",Class 3,1,0.012,0.07,0.012,0.07,"Carpenter Technology",4,TYV6-FAS-CBB-0061
1195,"Cam Bearing Cap Bolt 62",FAS,CBB,"Steel AISI 4340",Class 3,1,0.012,0.07,0.012,0.07,"Carpenter Technology",4,TYV6-FAS-CBB-0062
1196,"Cam Bearing Cap Bolt 63",FAS,CBB,"Steel AISI 4340",Class 3,1,0.012,0.07,0.012,0.07,"Carpenter Technology",4,TYV6-FAS-CBB-0063
1197,"Cam Bearing Cap Bolt 64",FAS,CBB,"Steel AISI 4340",Class 3,1,0.012,0.07,0.012,0.07,"Carpenter Technology",4,TYV6-FAS-CBB-0064
1198,"Cam Bearing Cap Bolt 65",FAS,CBB,"Steel AISI 4340",Class 3,1,0.012,0.07,0.012,0.07,"Carpenter Technology",4,TYV6-FAS-CBB-0065
1199,"Cam Bearing Cap Bolt 66",FAS,CBB,"Steel AISI 4340",Class 3,1,0.012,0.07,0.012,0.07,"Carpenter Technology",4,TYV6-FAS-CBB-0066
1200,"Cam Bearing Cap Bolt 67",FAS,CBB,"Steel AISI 4340",Class 3,1,0.012,0.07,0.012,0.07,"Carpenter Technology",4,TYV6-FAS-CBB-0067
1201,"Cam Bearing Cap Bolt 68",FAS,CBB,"Steel AISI 4340",Class 3,1,0.012,0.07,0.012,0.07,"Carpenter Technology",4,TYV6-FAS-CBB-0068
1202,"Cam Bearing Cap Bolt 69",FAS,CBB,"Steel AISI 4340",Class 3,1,0.012,0.07,0.012,0.07,"Carpenter Technology",4,TYV6-FAS-CBB-0069
1203,"Cam Bearing Cap Bolt 70",FAS,CBB,"Steel AISI 4340",Class 3,1,0.012,0.07,0.012,0.07,"Carpenter Technology",4,TYV6-FAS-CBB-0070
1204,"Cam Bearing Cap Bolt 71",FAS,CBB,"Steel AISI 4340",Class 3,1,0.012,0.07,0.012,0.07,"Carpenter Technology",4,TYV6-FAS-CBB-0071
1205,"Cam Bearing Cap Bolt 72",FAS,CBB,"Steel AISI 4340",Class 3,1,0.012,0.07,0.012,0.07,"Carpenter Technology",4,TYV6-FAS-CBB-0072
1206,"Cam Bearing Cap Bolt 73",FAS,CBB,"Steel AISI 4340",Class 3,1,0.012,0.07,0.012,0.07,"Carpenter Technology",4,TYV6-FAS-CBB-0073
1207,"Cam Bearing Cap Bolt 74",FAS,CBB,"Steel AISI 4340",Class 3,1,0.012,0.07,0.012,0.07,"Carpenter Technology",4,TYV6-FAS-CBB-0074
1208,"Cam Bearing Cap Bolt 75",FAS,CBB,"Steel AISI 4340",Class 3,1,0.012,0.07,0.012,0.07,"Carpenter Technology",4,TYV6-FAS-CBB-0075
1209,"Cam Bearing Cap Bolt 76",FAS,CBB,"Steel AISI 4340",Class 3,1,0.012,0.07,0.012,0.07,"Carpenter Technology",4,TYV6-FAS-CBB-0076
1210,"Cam Bearing Cap Bolt 77",FAS,CBB,"Steel AISI 4340",Class 3,1,0.012,0.07,0.012,0.07,"Carpenter Technology",4,TYV6-FAS-CBB-0077
1211,"Cam Bearing Cap Bolt 78",FAS,CBB,"Steel AISI 4340",Class 3,1,0.012,0.07,0.012,0.07,"Carpenter Technology",4,TYV6-FAS-CBB-0078
1212,"Cam Bearing Cap Bolt 79",FAS,CBB,"Steel AISI 4340",Class 3,1,0.012,0.07,0.012,0.07,"Carpenter Technology",4,TYV6-FAS-CBB-0079
1213,"Cam Bearing Cap Bolt 80",FAS,CBB,"Steel AISI 4340",Class 3,1,0.012,0.07,0.012,0.07,"Carpenter Technology",4,TYV6-FAS-CBB-0080
1214,"Valve Cover Bolt 1",FAS,VCB,"Steel AISI 4340",Class 3,1,0.006,0.04,0.006,0.04,"Carpenter Technology",4,TYV6-FAS-VCB-0001
1215,"Valve Cover Bolt 2",FAS,VCB,"Steel AISI 4340",Class 3,1,0.006,0.04,0.006,0.04,"Carpenter Technology",4,TYV6-FAS-VCB-0002
1216,"Valve Cover Bolt 3",FAS,VCB,"Steel AISI 4340",Class 3,1,0.006,0.04,0.006,0.04,"Carpenter Technology",4,TYV6-FAS-VCB-0003
1217,"Valve Cover Bolt 4",FAS,VCB,"Steel AISI 4340",Class 3,1,0.006,0.04,0.006,0.04,"Carpenter Technology",4,TYV6-FAS-VCB-0004
1218,"Valve Cover Bolt 5",FAS,VCB,"Steel AISI 4340",Class 3,1,0.006,0.04,0.006,0.04,"Carpenter Technology",4,TYV6-FAS-VCB-0005
1219,"Valve Cover Bolt 6",FAS,VCB,"Steel AISI 4340",Class 3,1,0.006,0.04,0.006,0.04,"Carpenter Technology",4,TYV6-FAS-VCB-0006
1220,"Valve Cover Bolt 7",FAS,VCB,"Steel AISI 4340",Class 3,1,0.006,0.04,0.006,0.04,"Carpenter Technology",4,TYV6-FAS-VCB-0007
1221,"Valve Cover Bolt 8",FAS,VCB,"Steel AISI 4340",Class 3,1,0.006,0.04,0.006,0.04,"Carpenter Technology",4,TYV6-FAS-VCB-0008
1222,"Valve Cover Bolt 9",FAS,VCB,"Steel AISI 4340",Class 3,1,0.006,0.04,0.006,0.04,"Carpenter Technology",4,TYV6-FAS-VCB-0009
1223,"Valve Cover Bolt 10",FAS,VCB,"Steel AISI 4340",Class 3,1,0.006,0.04,0.006,0.04,"Carpenter Technology",4,TYV6-FAS-VCB-0010
1224,"Valve Cover Bolt 11",FAS,VCB,"Steel AISI 4340",Class 3,1,0.006,0.04,0.006,0.04,"Carpenter Technology",4,TYV6-FAS-VCB-0011
1225,"Valve Cover Bolt 12",FAS,VCB,"Steel AISI 4340",Class 3,1,0.006,0.04,0.006,0.04,"Carpenter Technology",4,TYV6-FAS-VCB-0012
1226,"Valve Cover Bolt 13",FAS,VCB,"Steel AISI 4340",Class 3,1,0.006,0.04,0.006,0.04,"Carpenter Technology",4,TYV6-FAS-VCB-0013
1227,"Valve Cover Bolt 14",FAS,VCB,"Steel AISI 4340",Class 3,1,0.006,0.04,0.006,0.04,"Carpenter Technology",4,TYV6-FAS-VCB-0014
1228,"Valve Cover Bolt 15",FAS,VCB,"Steel AISI 4340",Class 3,1,0.006,0.04,0.006,0.04,"Carpenter Technology",4,TYV6-FAS-VCB-0015
1229,"Valve Cover Bolt 16",FAS,VCB,"Steel AISI 4340",Class 3,1,0.006,0.04,0.006,0.04,"Carpenter Technology",4,TYV6-FAS-VCB-0016
1230,"Valve Cover Bolt 17",FAS,VCB,"Steel AISI 4340",Class 3,1,0.006,0.04,0.006,0.04,"Carpenter Technology",4,TYV6-FAS-VCB-0017
1231,"Valve Cover Bolt 18",FAS,VCB,"Steel AISI 4340",Class 3,1,0.006,0.04,0.006,0.04,"Carpenter Technology",4,TYV6-FAS-VCB-0018
1232,"Valve Cover Bolt 19",FAS,VCB,"Steel AISI 4340",Class 3,1,0.006,0.04,0.006,0.04,"Carpenter Technology",4,TYV6-FAS-VCB-0019
1233,"Valve Cover Bolt 20",FAS,VCB,"Steel AISI 4340",Class 3,1,0.006,0.04,0.006,0.04,"Carpenter Technology",4,TYV6-FAS-VCB-0020
1234,"Valve Cover Bolt 21",FAS,VCB,"Steel AISI 4340",Class 3,1,0.006,0.04,0.006,0.04,"Carpenter Technology",4,TYV6-FAS-VCB-0021
1235,"Valve Cover Bolt 22",FAS,VCB,"Steel AISI 4340",Class 3,1,0.006,0.04,0.006,0.04,"Carpenter Technology",4,TYV6-FAS-VCB-0022
1236,"Valve Cover Bolt 23",FAS,VCB,"Steel AISI 4340",Class 3,1,0.006,0.04,0.006,0.04,"Carpenter Technology",4,TYV6-FAS-VCB-0023
1237,"Valve Cover Bolt 24",FAS,VCB,"Steel AISI 4340",Class 3,1,0.006,0.04,0.006,0.04,"Carpenter Technology",4,TYV6-FAS-VCB-0024
1238,"Valve Cover Bolt 25",FAS,VCB,"Steel AISI 4340",Class 3,1,0.006,0.04,0.006,0.04,"Carpenter Technology",4,TYV6-FAS-VCB-0025
1239,"Valve Cover Bolt 26",FAS,VCB,"Steel AISI 4340",Class 3,1,0.006,0.04,0.006,0.04,"Carpenter Technology",4,TYV6-FAS-VCB-0026
1240,"Valve Cover Bolt 27",FAS,VCB,"Steel AISI 4340",Class 3,1,0.006,0.04,0.006,0.04,"Carpenter Technology",4,TYV6-FAS-VCB-0027
1241,"Valve Cover Bolt 28",FAS,VCB,"Steel AISI 4340",Class 3,1,0.006,0.04,0.006,0.04,"Carpenter Technology",4,TYV6-FAS-VCB-0028
1242,"Valve Cover Bolt 29",FAS,VCB,"Steel AISI 4340",Class 3,1,0.006,0.04,0.006,0.04,"Carpenter Technology",4,TYV6-FAS-VCB-0029
1243,"Valve Cover Bolt 30",FAS,VCB,"Steel AISI 4340",Class 3,1,0.006,0.04,0.006,0.04,"Carpenter Technology",4,TYV6-FAS-VCB-0030
1244,"Valve Cover Bolt 31",FAS,VCB,"Steel AISI 4340",Class 3,1,0.006,0.04,0.006,0.04,"Carpenter Technology",4,TYV6-FAS-VCB-0031
1245,"Valve Cover Bolt 32",FAS,VCB,"Steel AISI 4340",Class 3,1,0.006,0.04,0.006,0.04,"Carpenter Technology",4,TYV6-FAS-VCB-0032
1246,"Oil Pan Bolt 1",FAS,OPB,"Steel AISI 4340",Class 3,1,0.005,0.03,0.005,0.03,"Carpenter Technology",4,TYV6-FAS-OPB-0001
1247,"Oil Pan Bolt 2",FAS,OPB,"Steel AISI 4340",Class 3,1,0.005,0.03,0.005,0.03,"Carpenter Technology",4,TYV6-FAS-OPB-0002
1248,"Oil Pan Bolt 3",FAS,OPB,"Steel AISI 4340",Class 3,1,0.005,0.03,0.005,0.03,"Carpenter Technology",4,TYV6-FAS-OPB-0003
1249,"Oil Pan Bolt 4",FAS,OPB,"Steel AISI 4340",Class 3,1,0.005,0.03,0.005,0.03,"Carpenter Technology",4,TYV6-FAS-OPB-0004
1250,"Oil Pan Bolt 5",FAS,OPB,"Steel AISI 4340",Class 3,1,0.005,0.03,0.005,0.03,"Carpenter Technology",4,TYV6-FAS-OPB-0005
1251,"Oil Pan Bolt 6",FAS,OPB,"Steel AISI 4340",Class 3,1,0.005,0.03,0.005,0.03,"Carpenter Technology",4,TYV6-FAS-OPB-0006
1252,"Oil Pan Bolt 7",FAS,OPB,"Steel AISI 4340",Class 3,1,0.005,0.03,0.005,0.03,"Carpenter Technology",4,TYV6-FAS-OPB-0007
1253,"Oil Pan Bolt 8",FAS,OPB,"Steel AISI 4340",Class 3,1,0.005,0.03,0.005,0.03,"Carpenter Technology",4,TYV6-FAS-OPB-0008
1254,"Oil Pan Bolt 9",FAS,OPB,"Steel AISI 4340",Class 3,1,0.005,0.03,0.005,0.03,"Carpenter Technology",4,TYV6-FAS-OPB-0009
1255,"Oil Pan Bolt 10",FAS,OPB,"Steel AISI 4340",Class 3,1,0.005,0.03,0.005,0.03,"Carpenter Technology",4,TYV6-FAS-OPB-0010
1256,"Oil Pan Bolt 11",FAS,OPB,"Steel AISI 4340",Class 3,1,0.005,0.03,0.005,0.03,"Carpenter Technology",4,TYV6-FAS-OPB-0011
1257,"Oil Pan Bolt 12",FAS,OPB,"Steel AISI 4340",Class 3,1,0.005,0.03,0.005,0.03,"Carpenter Technology",4,TYV6-FAS-OPB-0012
1258,"Oil Pan Bolt 13",FAS,OPB,"Steel AISI 4340",Class 3,1,0.005,0.03,0.005,0.03,"Carpenter Technology",4,TYV6-FAS-OPB-0013
1259,"Oil Pan Bolt 14",FAS,OPB,"Steel AISI 4340",Class 3,1,0.005,0.03,0.005,0.03,"Carpenter Technology",4,TYV6-FAS-OPB-0014
1260,"Oil Pan Bolt 15",FAS,OPB,"Steel AISI 4340",Class 3,1,0.005,0.03,0.005,0.03,"Carpenter Technology",4,TYV6-FAS-OPB-0015
1261,"Oil Pan Bolt 16",FAS,OPB,"Steel AISI 4340",Class 3,1,0.005,0.03,0.005,0.03,"Carpenter Technology",4,TYV6-FAS-OPB-0016
1262,"Oil Pan Bolt 17",FAS,OPB,"Steel AISI 4340",Class 3,1,0.005,0.03,0.005,0.03,"Carpenter Technology",4,TYV6-FAS-OPB-0017
1263,"Oil Pan Bolt 18",FAS,OPB,"Steel AISI 4340",Class 3,1,0.005,0.03,0.005,0.03,"Carpenter Technology",4,TYV6-FAS-OPB-0018
1264,"Oil Pan Bolt 19",FAS,OPB,"Steel AISI 4340",Class 3,1,0.005,0.03,0.005,0.03,"Carpenter Technology",4,TYV6-FAS-OPB-0019
1265,"Oil Pan Bolt 20",FAS,OPB,"Steel AISI 4340",Class 3,1,0.005,0.03,0.005,0.03,"Carpenter Technology",4,TYV6-FAS-OPB-0020
1266,"Oil Pan Bolt 21",FAS,OPB,"Steel AISI 4340",Class 3,1,0.005,0.03,0.005,0.03,"Carpenter Technology",4,TYV6-FAS-OPB-0021
1267,"Oil Pan Bolt 22",FAS,OPB,"Steel AISI 4340",Class 3,1,0.005,0.03,0.005,0.03,"Carpenter Technology",4,TYV6-FAS-OPB-0022
1268,"Oil Pan Bolt 23",FAS,OPB,"Steel AISI 4340",Class 3,1,0.005,0.03,0.005,0.03,"Carpenter Technology",4,TYV6-FAS-OPB-0023
1269,"Oil Pan Bolt 24",FAS,OPB,"Steel AISI 4340",Class 3,1,0.005,0.03,0.005,0.03,"Carpenter Technology",4,TYV6-FAS-OPB-0024
1270,"Intake Manifold Bolt 1",FAS,IMB,"Steel AISI 4340",Class 3,1,0.008,0.05,0.008,0.05,"Carpenter Technology",4,TYV6-FAS-IMB-0001
1271,"Intake Manifold Bolt 2",FAS,IMB,"Steel AISI 4340",Class 3,1,0.008,0.05,0.008,0.05,"Carpenter Technology",4,TYV6-FAS-IMB-0002
1272,"Intake Manifold Bolt 3",FAS,IMB,"Steel AISI 4340",Class 3,1,0.008,0.05,0.008,0.05,"Carpenter Technology",4,TYV6-FAS-IMB-0003
1273,"Intake Manifold Bolt 4",FAS,IMB,"Steel AISI 4340",Class 3,1,0.008,0.05,0.008,0.05,"Carpenter Technology",4,TYV6-FAS-IMB-0004
1274,"Intake Manifold Bolt 5",FAS,IMB,"Steel AISI 4340",Class 3,1,0.008,0.05,0.008,0.05,"Carpenter Technology",4,TYV6-FAS-IMB-0005
1275,"Intake Manifold Bolt 6",FAS,IMB,"Steel AISI 4340",Class 3,1,0.008,0.05,0.008,0.05,"Carpenter Technology",4,TYV6-FAS-IMB-0006
1276,"Intake Manifold Bolt 7",FAS,IMB,"Steel AISI 4340",Class 3,1,0.008,0.05,0.008,0.05,"Carpenter Technology",4,TYV6-FAS-IMB-0007
1277,"Intake Manifold Bolt 8",FAS,IMB,"Steel AISI 4340",Class 3,1,0.008,0.05,0.008,0.05,"Carpenter Technology",4,TYV6-FAS-IMB-0008
1278,"Intake Manifold Bolt 9",FAS,IMB,"Steel AISI 4340",Class 3,1,0.008,0.05,0.008,0.05,"Carpenter Technology",4,TYV6-FAS-IMB-0009
1279,"Intake Manifold Bolt 10",FAS,IMB,"Steel AISI 4340",Class 3,1,0.008,0.05,0.008,0.05,"Carpenter Technology",4,TYV6-FAS-IMB-0010
1280,"Intake Manifold Bolt 11",FAS,IMB,"Steel AISI 4340",Class 3,1,0.008,0.05,0.008,0.05,"Carpenter Technology",4,TYV6-FAS-IMB-0011
1281,"Intake Manifold Bolt 12",FAS,IMB,"Steel AISI 4340",Class 3,1,0.008,0.05,0.008,0.05,"Carpenter Technology",4,TYV6-FAS-IMB-0012
1282,"Exhaust Manifold Stud 1 (Inconel)",FAS,EMS,"Inconel 718",Class 3,1,0.018,1.68,0.018,1.68,"Special Metals (PCC)",4,TYV6-FAS-EMS-0001
1283,"Exhaust Manifold Stud 2 (Inconel)",FAS,EMS,"Inconel 718",Class 3,1,0.018,1.68,0.018,1.68,"Special Metals (PCC)",4,TYV6-FAS-EMS-0002
1284,"Exhaust Manifold Stud 3 (Inconel)",FAS,EMS,"Inconel 718",Class 3,1,0.018,1.68,0.018,1.68,"Special Metals (PCC)",4,TYV6-FAS-EMS-0003
1285,"Exhaust Manifold Stud 4 (Inconel)",FAS,EMS,"Inconel 718",Class 3,1,0.018,1.68,0.018,1.68,"Special Metals (PCC)",4,TYV6-FAS-EMS-0004
1286,"Exhaust Manifold Stud 5 (Inconel)",FAS,EMS,"Inconel 718",Class 3,1,0.018,1.68,0.018,1.68,"Special Metals (PCC)",4,TYV6-FAS-EMS-0005
1287,"Exhaust Manifold Stud 6 (Inconel)",FAS,EMS,"Inconel 718",Class 3,1,0.018,1.68,0.018,1.68,"Special Metals (PCC)",4,TYV6-FAS-EMS-0006
1288,"Exhaust Manifold Stud 7 (Inconel)",FAS,EMS,"Inconel 718",Class 3,1,0.018,1.68,0.018,1.68,"Special Metals (PCC)",4,TYV6-FAS-EMS-0007
1289,"Exhaust Manifold Stud 8 (Inconel)",FAS,EMS,"Inconel 718",Class 3,1,0.018,1.68,0.018,1.68,"Special Metals (PCC)",4,TYV6-FAS-EMS-0008
1290,"Exhaust Manifold Stud 9 (Inconel)",FAS,EMS,"Inconel 718",Class 3,1,0.018,1.68,0.018,1.68,"Special Metals (PCC)",4,TYV6-FAS-EMS-0009
1291,"Exhaust Manifold Stud 10 (Inconel)",FAS,EMS,"Inconel 718",Class 3,1,0.018,1.68,0.018,1.68,"Special Metals (PCC)",4,TYV6-FAS-EMS-0010
1292,"Exhaust Manifold Stud 11 (Inconel)",FAS,EMS,"Inconel 718",Class 3,1,0.018,1.68,0.018,1.68,"Special Metals (PCC)",4,TYV6-FAS-EMS-0011
1293,"Exhaust Manifold Stud 12 (Inconel)",FAS,EMS,"Inconel 718",Class 3,1,0.018,1.68,0.018,1.68,"Special Metals (PCC)",4,TYV6-FAS-EMS-0012
1294,"M6 Cap Screw 1",FAS,M6,"Steel AISI 4340",Class 3,1,0.004,0.03,0.004,0.03,"Carpenter Technology",4,TYV6-FAS-M6-0001
1295,"M6 Cap Screw 2",FAS,M6,"Steel AISI 4340",Class 3,1,0.004,0.03,0.004,0.03,"Carpenter Technology",4,TYV6-FAS-M6-0002
1296,"M6 Cap Screw 3",FAS,M6,"Steel AISI 4340",Class 3,1,0.004,0.03,0.004,0.03,"Carpenter Technology",4,TYV6-FAS-M6-0003
1297,"M6 Cap Screw 4",FAS,M6,"Steel AISI 4340",Class 3,1,0.004,0.03,0.004,0.03,"Carpenter Technology",4,TYV6-FAS-M6-0004
1298,"M6 Cap Screw 5",FAS,M6,"Steel AISI 4340",Class 3,1,0.004,0.03,0.004,0.03,"Carpenter Technology",4,TYV6-FAS-M6-0005
1299,"M6 Cap Screw 6",FAS,M6,"Steel AISI 4340",Class 3,1,0.004,0.03,0.004,0.03,"Carpenter Technology",4,TYV6-FAS-M6-0006
1300,"M6 Cap Screw 7",FAS,M6,"Steel AISI 4340",Class 3,1,0.004,0.03,0.004,0.03,"Carpenter Technology",4,TYV6-FAS-M6-0007
1301,"M6 Cap Screw 8",FAS,M6,"Steel AISI 4340",Class 3,1,0.004,0.03,0.004,0.03,"Carpenter Technology",4,TYV6-FAS-M6-0008
1302,"M6 Cap Screw 9",FAS,M6,"Steel AISI 4340",Class 3,1,0.004,0.03,0.004,0.03,"Carpenter Technology",4,TYV6-FAS-M6-0009
1303,"M6 Cap Screw 10",FAS,M6,"Steel AISI 4340",Class 3,1,0.004,0.03,0.004,0.03,"Carpenter Technology",4,TYV6-FAS-M6-0010
1304,"M6 Cap Screw 11",FAS,M6,"Steel AISI 4340",Class 3,1,0.004,0.03,0.004,0.03,"Carpenter Technology",4,TYV6-FAS-M6-0011
1305,"M6 Cap Screw 12",FAS,M6,"Steel AISI 4340",Class 3,1,0.004,0.03,0.004,0.03,"Carpenter Technology",4,TYV6-FAS-M6-0012
1306,"M6 Cap Screw 13",FAS,M6,"Steel AISI 4340",Class 3,1,0.004,0.03,0.004,0.03,"Carpenter Technology",4,TYV6-FAS-M6-0013
1307,"M6 Cap Screw 14",FAS,M6,"Steel AISI 4340",Class 3,1,0.004,0.03,0.004,0.03,"Carpenter Technology",4,TYV6-FAS-M6-0014
1308,"M6 Cap Screw 15",FAS,M6,"Steel AISI 4340",Class 3,1,0.004,0.03,0.004,0.03,"Carpenter Technology",4,TYV6-FAS-M6-0015
1309,"M6 Cap Screw 16",FAS,M6,"Steel AISI 4340",Class 3,1,0.004,0.03,0.004,0.03,"Carpenter Technology",4,TYV6-FAS-M6-0016
1310,"M6 Cap Screw 17",FAS,M6,"Steel AISI 4340",Class 3,1,0.004,0.03,0.004,0.03,"Carpenter Technology",4,TYV6-FAS-M6-0017
1311,"M6 Cap Screw 18",FAS,M6,"Steel AISI 4340",Class 3,1,0.004,0.03,0.004,0.03,"Carpenter Technology",4,TYV6-FAS-M6-0018
1312,"M6 Cap Screw 19",FAS,M6,"Steel AISI 4340",Class 3,1,0.004,0.03,0.004,0.03,"Carpenter Technology",4,TYV6-FAS-M6-0019
1313,"M6 Cap Screw 20",FAS,M6,"Steel AISI 4340",Class 3,1,0.004,0.03,0.004,0.03,"Carpenter Technology",4,TYV6-FAS-M6-0020
1314,"M6 Cap Screw 21",FAS,M6,"Steel AISI 4340",Class 3,1,0.004,0.03,0.004,0.03,"Carpenter Technology",4,TYV6-FAS-M6-0021
1315,"M6 Cap Screw 22",FAS,M6,"Steel AISI 4340",Class 3,1,0.004,0.03,0.004,0.03,"Carpenter Technology",4,TYV6-FAS-M6-0022
1316,"M6 Cap Screw 23",FAS,M6,"Steel AISI 4340",Class 3,1,0.004,0.03,0.004,0.03,"Carpenter Technology",4,TYV6-FAS-M6-0023
1317,"M6 Cap Screw 24",FAS,M6,"Steel AISI 4340",Class 3,1,0.004,0.03,0.004,0.03,"Carpenter Technology",4,TYV6-FAS-M6-0024
1318,"M6 Cap Screw 25",FAS,M6,"Steel AISI 4340",Class 3,1,0.004,0.03,0.004,0.03,"Carpenter Technology",4,TYV6-FAS-M6-0025
1319,"M6 Cap Screw 26",FAS,M6,"Steel AISI 4340",Class 3,1,0.004,0.03,0.004,0.03,"Carpenter Technology",4,TYV6-FAS-M6-0026
1320,"M6 Cap Screw 27",FAS,M6,"Steel AISI 4340",Class 3,1,0.004,0.03,0.004,0.03,"Carpenter Technology",4,TYV6-FAS-M6-0027
1321,"M6 Cap Screw 28",FAS,M6,"Steel AISI 4340",Class 3,1,0.004,0.03,0.004,0.03,"Carpenter Technology",4,TYV6-FAS-M6-0028
1322,"M6 Cap Screw 29",FAS,M6,"Steel AISI 4340",Class 3,1,0.004,0.03,0.004,0.03,"Carpenter Technology",4,TYV6-FAS-M6-0029
1323,"M6 Cap Screw 30",FAS,M6,"Steel AISI 4340",Class 3,1,0.004,0.03,0.004,0.03,"Carpenter Technology",4,TYV6-FAS-M6-0030
1324,"M6 Cap Screw 31",FAS,M6,"Steel AISI 4340",Class 3,1,0.004,0.03,0.004,0.03,"Carpenter Technology",4,TYV6-FAS-M6-0031
1325,"M6 Cap Screw 32",FAS,M6,"Steel AISI 4340",Class 3,1,0.004,0.03,0.004,0.03,"Carpenter Technology",4,TYV6-FAS-M6-0032
1326,"M6 Cap Screw 33",FAS,M6,"Steel AISI 4340",Class 3,1,0.004,0.03,0.004,0.03,"Carpenter Technology",4,TYV6-FAS-M6-0033
1327,"M6 Cap Screw 34",FAS,M6,"Steel AISI 4340",Class 3,1,0.004,0.03,0.004,0.03,"Carpenter Technology",4,TYV6-FAS-M6-0034
1328,"M6 Cap Screw 35",FAS,M6,"Steel AISI 4340",Class 3,1,0.004,0.03,0.004,0.03,"Carpenter Technology",4,TYV6-FAS-M6-0035
1329,"M6 Cap Screw 36",FAS,M6,"Steel AISI 4340",Class 3,1,0.004,0.03,0.004,0.03,"Carpenter Technology",4,TYV6-FAS-M6-0036
1330,"M6 Cap Screw 37",FAS,M6,"Steel AISI 4340",Class 3,1,0.004,0.03,0.004,0.03,"Carpenter Technology",4,TYV6-FAS-M6-0037
1331,"M6 Cap Screw 38",FAS,M6,"Steel AISI 4340",Class 3,1,0.004,0.03,0.004,0.03,"Carpenter Technology",4,TYV6-FAS-M6-0038
1332,"M6 Cap Screw 39",FAS,M6,"Steel AISI 4340",Class 3,1,0.004,0.03,0.004,0.03,"Carpenter Technology",4,TYV6-FAS-M6-0039
1333,"M6 Cap Screw 40",FAS,M6,"Steel AISI 4340",Class 3,1,0.004,0.03,0.004,0.03,"Carpenter Technology",4,TYV6-FAS-M6-0040
1334,"M6 Cap Screw 41",FAS,M6,"Steel AISI 4340",Class 3,1,0.004,0.03,0.004,0.03,"Carpenter Technology",4,TYV6-FAS-M6-0041
1335,"M6 Cap Screw 42",FAS,M6,"Steel AISI 4340",Class 3,1,0.004,0.03,0.004,0.03,"Carpenter Technology",4,TYV6-FAS-M6-0042
1336,"M6 Cap Screw 43",FAS,M6,"Steel AISI 4340",Class 3,1,0.004,0.03,0.004,0.03,"Carpenter Technology",4,TYV6-FAS-M6-0043
1337,"M6 Cap Screw 44",FAS,M6,"Steel AISI 4340",Class 3,1,0.004,0.03,0.004,0.03,"Carpenter Technology",4,TYV6-FAS-M6-0044
1338,"M6 Cap Screw 45",FAS,M6,"Steel AISI 4340",Class 3,1,0.004,0.03,0.004,0.03,"Carpenter Technology",4,TYV6-FAS-M6-0045
1339,"M6 Cap Screw 46",FAS,M6,"Steel AISI 4340",Class 3,1,0.004,0.03,0.004,0.03,"Carpenter Technology",4,TYV6-FAS-M6-0046
1340,"M6 Cap Screw 47",FAS,M6,"Steel AISI 4340",Class 3,1,0.004,0.03,0.004,0.03,"Carpenter Technology",4,TYV6-FAS-M6-0047
1341,"M6 Cap Screw 48",FAS,M6,"Steel AISI 4340",Class 3,1,0.004,0.03,0.004,0.03,"Carpenter Technology",4,TYV6-FAS-M6-0048
1342,"M6 Cap Screw 49",FAS,M6,"Steel AISI 4340",Class 3,1,0.004,0.03,0.004,0.03,"Carpenter Technology",4,TYV6-FAS-M6-0049
1343,"M6 Cap Screw 50",FAS,M6,"Steel AISI 4340",Class 3,1,0.004,0.03,0.004,0.03,"Carpenter Technology",4,TYV6-FAS-M6-0050
1344,"M6 Cap Screw 51",FAS,M6,"Steel AISI 4340",Class 3,1,0.004,0.03,0.004,0.03,"Carpenter Technology",4,TYV6-FAS-M6-0051
1345,"M6 Cap Screw 52",FAS,M6,"Steel AISI 4340",Class 3,1,0.004,0.03,0.004,0.03,"Carpenter Technology",4,TYV6-FAS-M6-0052
1346,"M6 Cap Screw 53",FAS,M6,"Steel AISI 4340",Class 3,1,0.004,0.03,0.004,0.03,"Carpenter Technology",4,TYV6-FAS-M6-0053
1347,"M6 Cap Screw 54",FAS,M6,"Steel AISI 4340",Class 3,1,0.004,0.03,0.004,0.03,"Carpenter Technology",4,TYV6-FAS-M6-0054
1348,"M6 Cap Screw 55",FAS,M6,"Steel AISI 4340",Class 3,1,0.004,0.03,0.004,0.03,"Carpenter Technology",4,TYV6-FAS-M6-0055
1349,"M6 Cap Screw 56",FAS,M6,"Steel AISI 4340",Class 3,1,0.004,0.03,0.004,0.03,"Carpenter Technology",4,TYV6-FAS-M6-0056
1350,"M6 Cap Screw 57",FAS,M6,"Steel AISI 4340",Class 3,1,0.004,0.03,0.004,0.03,"Carpenter Technology",4,TYV6-FAS-M6-0057
1351,"M6 Cap Screw 58",FAS,M6,"Steel AISI 4340",Class 3,1,0.004,0.03,0.004,0.03,"Carpenter Technology",4,TYV6-FAS-M6-0058
1352,"M6 Cap Screw 59",FAS,M6,"Steel AISI 4340",Class 3,1,0.004,0.03,0.004,0.03,"Carpenter Technology",4,TYV6-FAS-M6-0059
1353,"M6 Cap Screw 60",FAS,M6,"Steel AISI 4340",Class 3,1,0.004,0.03,0.004,0.03,"Carpenter Technology",4,TYV6-FAS-M6-0060
1354,"M6 Washer 1",FAS,WSH,"Steel AISI 4340",Class 3,1,0,0,0,0,"Carpenter Technology",2,TYV6-FAS-WSH-0001
1355,"M6 Washer 2",FAS,WSH,"Steel AISI 4340",Class 3,1,0,0,0,0,"Carpenter Technology",2,TYV6-FAS-WSH-0002
1356,"M6 Washer 3",FAS,WSH,"Steel AISI 4340",Class 3,1,0,0,0,0,"Carpenter Technology",2,TYV6-FAS-WSH-0003
1357,"M6 Washer 4",FAS,WSH,"Steel AISI 4340",Class 3,1,0,0,0,0,"Carpenter Technology",2,TYV6-FAS-WSH-0004
1358,"M6 Washer 5",FAS,WSH,"Steel AISI 4340",Class 3,1,0,0,0,0,"Carpenter Technology",2,TYV6-FAS-WSH-0005
1359,"M6 Washer 6",FAS,WSH,"Steel AISI 4340",Class 3,1,0,0,0,0,"Carpenter Technology",2,TYV6-FAS-WSH-0006
1360,"M6 Washer 7",FAS,WSH,"Steel AISI 4340",Class 3,1,0,0,0,0,"Carpenter Technology",2,TYV6-FAS-WSH-0007
1361,"M6 Washer 8",FAS,WSH,"Steel AISI 4340",Class 3,1,0,0,0,0,"Carpenter Technology",2,TYV6-FAS-WSH-0008
1362,"M6 Washer 9",FAS,WSH,"Steel AISI 4340",Class 3,1,0,0,0,0,"Carpenter Technology",2,TYV6-FAS-WSH-0009
1363,"M6 Washer 10",FAS,WSH,"Steel AISI 4340",Class 3,1,0,0,0,0,"Carpenter Technology",2,TYV6-FAS-WSH-0010
1364,"M6 Washer 11",FAS,WSH,"Steel AISI 4340",Class 3,1,0,0,0,0,"Carpenter Technology",2,TYV6-FAS-WSH-0011
1365,"M6 Washer 12",FAS,WSH,"Steel AISI 4340",Class 3,1,0,0,0,0,"Carpenter Technology",2,TYV6-FAS-WSH-0012
1366,"M6 Washer 13",FAS,WSH,"Steel AISI 4340",Class 3,1,0,0,0,0,"Carpenter Technology",2,TYV6-FAS-WSH-0013
1367,"M6 Washer 14",FAS,WSH,"Steel AISI 4340",Class 3,1,0,0,0,0,"Carpenter Technology",2,TYV6-FAS-WSH-0014
1368,"M6 Washer 15",FAS,WSH,"Steel AISI 4340",Class 3,1,0,0,0,0,"Carpenter Technology",2,TYV6-FAS-WSH-0015
1369,"M6 Washer 16",FAS,WSH,"Steel AISI 4340",Class 3,1,0,0,0,0,"Carpenter Technology",2,TYV6-FAS-WSH-0016
1370,"M6 Washer 17",FAS,WSH,"Steel AISI 4340",Class 3,1,0,0,0,0,"Carpenter Technology",2,TYV6-FAS-WSH-0017
1371,"M6 Washer 18",FAS,WSH,"Steel AISI 4340",Class 3,1,0,0,0,0,"Carpenter Technology",2,TYV6-FAS-WSH-0018
1372,"M6 Washer 19",FAS,WSH,"Steel AISI 4340",Class 3,1,0,0,0,0,"Carpenter Technology",2,TYV6-FAS-WSH-0019
1373,"M6 Washer 20",FAS,WSH,"Steel AISI 4340",Class 3,1,0,0,0,0,"Carpenter Technology",2,TYV6-FAS-WSH-0020
1374,"M6 Washer 21",FAS,WSH,"Steel AISI 4340",Class 3,1,0,0,0,0,"Carpenter Technology",2,TYV6-FAS-WSH-0021
1375,"M6 Washer 22",FAS,WSH,"Steel AISI 4340",Class 3,1,0,0,0,0,"Carpenter Technology",2,TYV6-FAS-WSH-0022
1376,"M6 Washer 23",FAS,WSH,"Steel AISI 4340",Class 3,1,0,0,0,0,"Carpenter Technology",2,TYV6-FAS-WSH-0023
1377,"M6 Washer 24",FAS,WSH,"Steel AISI 4340",Class 3,1,0,0,0,0,"Carpenter Technology",2,TYV6-FAS-WSH-0024
1378,"M6 Washer 25",FAS,WSH,"Steel AISI 4340",Class 3,1,0,0,0,0,"Carpenter Technology",2,TYV6-FAS-WSH-0025
1379,"M6 Washer 26",FAS,WSH,"Steel AISI 4340",Class 3,1,0,0,0,0,"Carpenter Technology",2,TYV6-FAS-WSH-0026
1380,"M6 Washer 27",FAS,WSH,"Steel AISI 4340",Class 3,1,0,0,0,0,"Carpenter Technology",2,TYV6-FAS-WSH-0027
1381,"M6 Washer 28",FAS,WSH,"Steel AISI 4340",Class 3,1,0,0,0,0,"Carpenter Technology",2,TYV6-FAS-WSH-0028
1382,"M6 Washer 29",FAS,WSH,"Steel AISI 4340",Class 3,1,0,0,0,0,"Carpenter Technology",2,TYV6-FAS-WSH-0029
1383,"M6 Washer 30",FAS,WSH,"Steel AISI 4340",Class 3,1,0,0,0,0,"Carpenter Technology",2,TYV6-FAS-WSH-0030
1384,"M6 Washer 31",FAS,WSH,"Steel AISI 4340",Class 3,1,0,0,0,0,"Carpenter Technology",2,TYV6-FAS-WSH-0031
1385,"M6 Washer 32",FAS,WSH,"Steel AISI 4340",Class 3,1,0,0,0,0,"Carpenter Technology",2,TYV6-FAS-WSH-0032
1386,"M6 Washer 33",FAS,WSH,"Steel AISI 4340",Class 3,1,0,0,0,0,"Carpenter Technology",2,TYV6-FAS-WSH-0033
1387,"M6 Washer 34",FAS,WSH,"Steel AISI 4340",Class 3,1,0,0,0,0,"Carpenter Technology",2,TYV6-FAS-WSH-0034
1388,"M6 Washer 35",FAS,WSH,"Steel AISI 4340",Class 3,1,0,0,0,0,"Carpenter Technology",2,TYV6-FAS-WSH-0035
1389,"M6 Washer 36",FAS,WSH,"Steel AISI 4340",Class 3,1,0,0,0,0,"Carpenter Technology",2,TYV6-FAS-WSH-0036
1390,"M6 Washer 37",FAS,WSH,"Steel AISI 4340",Class 3,1,0,0,0,0,"Carpenter Technology",2,TYV6-FAS-WSH-0037
1391,"M6 Washer 38",FAS,WSH,"Steel AISI 4340",Class 3,1,0,0,0,0,"Carpenter Technology",2,TYV6-FAS-WSH-0038
1392,"M6 Washer 39",FAS,WSH,"Steel AISI 4340",Class 3,1,0,0,0,0,"Carpenter Technology",2,TYV6-FAS-WSH-0039
1393,"M6 Washer 40",FAS,WSH,"Steel AISI 4340",Class 3,1,0,0,0,0,"Carpenter Technology",2,TYV6-FAS-WSH-0040
1394,"M6 Washer 41",FAS,WSH,"Steel AISI 4340",Class 3,1,0,0,0,0,"Carpenter Technology",2,TYV6-FAS-WSH-0041
1395,"M6 Washer 42",FAS,WSH,"Steel AISI 4340",Class 3,1,0,0,0,0,"Carpenter Technology",2,TYV6-FAS-WSH-0042
1396,"M6 Washer 43",FAS,WSH,"Steel AISI 4340",Class 3,1,0,0,0,0,"Carpenter Technology",2,TYV6-FAS-WSH-0043
1397,"M6 Washer 44",FAS,WSH,"Steel AISI 4340",Class 3,1,0,0,0,0,"Carpenter Technology",2,TYV6-FAS-WSH-0044
1398,"M6 Washer 45",FAS,WSH,"Steel AISI 4340",Class 3,1,0,0,0,0,"Carpenter Technology",2,TYV6-FAS-WSH-0045
1399,"M6 Washer 46",FAS,WSH,"Steel AISI 4340",Class 3,1,0,0,0,0,"Carpenter Technology",2,TYV6-FAS-WSH-0046
1400,"M6 Washer 47",FAS,WSH,"Steel AISI 4340",Class 3,1,0,0,0,0,"Carpenter Technology",2,TYV6-FAS-WSH-0047
1401,"M6 Washer 48",FAS,WSH,"Steel AISI 4340",Class 3,1,0,0,0,0,"Carpenter Technology",2,TYV6-FAS-WSH-0048
1402,"M6 Washer 49",FAS,WSH,"Steel AISI 4340",Class 3,1,0,0,0,0,"Carpenter Technology",2,TYV6-FAS-WSH-0049
1403,"M6 Washer 50",FAS,WSH,"Steel AISI 4340",Class 3,1,0,0,0,0,"Carpenter Technology",2,TYV6-FAS-WSH-0050
1404,"M6 Washer 51",FAS,WSH,"Steel AISI 4340",Class 3,1,0,0,0,0,"Carpenter Technology",2,TYV6-FAS-WSH-0051
1405,"M6 Washer 52",FAS,WSH,"Steel AISI 4340",Class 3,1,0,0,0,0,"Carpenter Technology",2,TYV6-FAS-WSH-0052
1406,"M6 Washer 53",FAS,WSH,"Steel AISI 4340",Class 3,1,0,0,0,0,"Carpenter Technology",2,TYV6-FAS-WSH-0053
1407,"M6 Washer 54",FAS,WSH,"Steel AISI 4340",Class 3,1,0,0,0,0,"Carpenter Technology",2,TYV6-FAS-WSH-0054
1408,"M6 Washer 55",FAS,WSH,"Steel AISI 4340",Class 3,1,0,0,0,0,"Carpenter Technology",2,TYV6-FAS-WSH-0055
1409,"M6 Washer 56",FAS,WSH,"Steel AISI 4340",Class 3,1,0,0,0,0,"Carpenter Technology",2,TYV6-FAS-WSH-0056
1410,"M6 Washer 57",FAS,WSH,"Steel AISI 4340",Class 3,1,0,0,0,0,"Carpenter Technology",2,TYV6-FAS-WSH-0057
1411,"M6 Washer 58",FAS,WSH,"Steel AISI 4340",Class 3,1,0,0,0,0,"Carpenter Technology",2,TYV6-FAS-WSH-0058
1412,"M6 Washer 59",FAS,WSH,"Steel AISI 4340",Class 3,1,0,0,0,0,"Carpenter Technology",2,TYV6-FAS-WSH-0059
1413,"M6 Washer 60",FAS,WSH,"Steel AISI 4340",Class 3,1,0,0,0,0,"Carpenter Technology",2,TYV6-FAS-WSH-0060
1414,"Lock Nut 1",FAS,LCK,"Steel AISI 4340",Class 3,1,0.003,0.02,0.003,0.02,"Carpenter Technology",4,TYV6-FAS-LCK-0001
1415,"Lock Nut 2",FAS,LCK,"Steel AISI 4340",Class 3,1,0.003,0.02,0.003,0.02,"Carpenter Technology",4,TYV6-FAS-LCK-0002
1416,"Lock Nut 3",FAS,LCK,"Steel AISI 4340",Class 3,1,0.003,0.02,0.003,0.02,"Carpenter Technology",4,TYV6-FAS-LCK-0003
1417,"Lock Nut 4",FAS,LCK,"Steel AISI 4340",Class 3,1,0.003,0.02,0.003,0.02,"Carpenter Technology",4,TYV6-FAS-LCK-0004
1418,"Lock Nut 5",FAS,LCK,"Steel AISI 4340",Class 3,1,0.003,0.02,0.003,0.02,"Carpenter Technology",4,TYV6-FAS-LCK-0005
1419,"Lock Nut 6",FAS,LCK,"Steel AISI 4340",Class 3,1,0.003,0.02,0.003,0.02,"Carpenter Technology",4,TYV6-FAS-LCK-0006
1420,"Lock Nut 7",FAS,LCK,"Steel AISI 4340",Class 3,1,0.003,0.02,0.003,0.02,"Carpenter Technology",4,TYV6-FAS-LCK-0007
1421,"Lock Nut 8",FAS,LCK,"Steel AISI 4340",Class 3,1,0.003,0.02,0.003,0.02,"Carpenter Technology",4,TYV6-FAS-LCK-0008
1422,"Lock Nut 9",FAS,LCK,"Steel AISI 4340",Class 3,1,0.003,0.02,0.003,0.02,"Carpenter Technology",4,TYV6-FAS-LCK-0009
1423,"Lock Nut 10",FAS,LCK,"Steel AISI 4340",Class 3,1,0.003,0.02,0.003,0.02,"Carpenter Technology",4,TYV6-FAS-LCK-0010
1424,"Lock Nut 11",FAS,LCK,"Steel AISI 4340",Class 3,1,0.003,0.02,0.003,0.02,"Carpenter Technology",4,TYV6-FAS-LCK-0011
1425,"Lock Nut 12",FAS,LCK,"Steel AISI 4340",Class 3,1,0.003,0.02,0.003,0.02,"Carpenter Technology",4,TYV6-FAS-LCK-0012
1426,"Lock Nut 13",FAS,LCK,"Steel AISI 4340",Class 3,1,0.003,0.02,0.003,0.02,"Carpenter Technology",4,TYV6-FAS-LCK-0013
1427,"Lock Nut 14",FAS,LCK,"Steel AISI 4340",Class 3,1,0.003,0.02,0.003,0.02,"Carpenter Technology",4,TYV6-FAS-LCK-0014
1428,"Lock Nut 15",FAS,LCK,"Steel AISI 4340",Class 3,1,0.003,0.02,0.003,0.02,"Carpenter Technology",4,TYV6-FAS-LCK-0015
1429,"Lock Nut 16",FAS,LCK,"Steel AISI 4340",Class 3,1,0.003,0.02,0.003,0.02,"Carpenter Technology",4,TYV6-FAS-LCK-0016
1430,"Lock Nut 17",FAS,LCK,"Steel AISI 4340",Class 3,1,0.003,0.02,0.003,0.02,"Carpenter Technology",4,TYV6-FAS-LCK-0017
1431,"Lock Nut 18",FAS,LCK,"Steel AISI 4340",Class 3,1,0.003,0.02,0.003,0.02,"Carpenter Technology",4,TYV6-FAS-LCK-0018
1432,"Lock Nut 19",FAS,LCK,"Steel AISI 4340",Class 3,1,0.003,0.02,0.003,0.02,"Carpenter Technology",4,TYV6-FAS-LCK-0019
1433,"Lock Nut 20",FAS,LCK,"Steel AISI 4340",Class 3,1,0.003,0.02,0.003,0.02,"Carpenter Technology",4,TYV6-FAS-LCK-0020
1434,"Lock Nut 21",FAS,LCK,"Steel AISI 4340",Class 3,1,0.003,0.02,0.003,0.02,"Carpenter Technology",4,TYV6-FAS-LCK-0021
1435,"Lock Nut 22",FAS,LCK,"Steel AISI 4340",Class 3,1,0.003,0.02,0.003,0.02,"Carpenter Technology",4,TYV6-FAS-LCK-0022
1436,"Lock Nut 23",FAS,LCK,"Steel AISI 4340",Class 3,1,0.003,0.02,0.003,0.02,"Carpenter Technology",4,TYV6-FAS-LCK-0023
1437,"Lock Nut 24",FAS,LCK,"Steel AISI 4340",Class 3,1,0.003,0.02,0.003,0.02,"Carpenter Technology",4,TYV6-FAS-LCK-0024
1438,"Dowel Pin 1",FAS,DWL,"Steel AISI 4340",Class 3,1,0.004,0.03,0.004,0.03,"Carpenter Technology",4,TYV6-FAS-DWL-0001
1439,"Dowel Pin 2",FAS,DWL,"Steel AISI 4340",Class 3,1,0.004,0.03,0.004,0.03,"Carpenter Technology",4,TYV6-FAS-DWL-0002
1440,"Dowel Pin 3",FAS,DWL,"Steel AISI 4340",Class 3,1,0.004,0.03,0.004,0.03,"Carpenter Technology",4,TYV6-FAS-DWL-0003
1441,"Dowel Pin 4",FAS,DWL,"Steel AISI 4340",Class 3,1,0.004,0.03,0.004,0.03,"Carpenter Technology",4,TYV6-FAS-DWL-0004
1442,"Dowel Pin 5",FAS,DWL,"Steel AISI 4340",Class 3,1,0.004,0.03,0.004,0.03,"Carpenter Technology",4,TYV6-FAS-DWL-0005
1443,"Dowel Pin 6",FAS,DWL,"Steel AISI 4340",Class 3,1,0.004,0.03,0.004,0.03,"Carpenter Technology",4,TYV6-FAS-DWL-0006
1444,"Dowel Pin 7",FAS,DWL,"Steel AISI 4340",Class 3,1,0.004,0.03,0.004,0.03,"Carpenter Technology",4,TYV6-FAS-DWL-0007
1445,"Dowel Pin 8",FAS,DWL,"Steel AISI 4340",Class 3,1,0.004,0.03,0.004,0.03,"Carpenter Technology",4,TYV6-FAS-DWL-0008
1446,"Dowel Pin 9",FAS,DWL,"Steel AISI 4340",Class 3,1,0.004,0.03,0.004,0.03,"Carpenter Technology",4,TYV6-FAS-DWL-0009
1447,"Dowel Pin 10",FAS,DWL,"Steel AISI 4340",Class 3,1,0.004,0.03,0.004,0.03,"Carpenter Technology",4,TYV6-FAS-DWL-0010
1448,"Dowel Pin 11",FAS,DWL,"Steel AISI 4340",Class 3,1,0.004,0.03,0.004,0.03,"Carpenter Technology",4,TYV6-FAS-DWL-0011
1449,"Dowel Pin 12",FAS,DWL,"Steel AISI 4340",Class 3,1,0.004,0.03,0.004,0.03,"Carpenter Technology",4,TYV6-FAS-DWL-0012
1450,"Dowel Pin 13",FAS,DWL,"Steel AISI 4340",Class 3,1,0.004,0.03,0.004,0.03,"Carpenter Technology",4,TYV6-FAS-DWL-0013
1451,"Dowel Pin 14",FAS,DWL,"Steel AISI 4340",Class 3,1,0.004,0.03,0.004,0.03,"Carpenter Technology",4,TYV6-FAS-DWL-0014
1452,"Dowel Pin 15",FAS,DWL,"Steel AISI 4340",Class 3,1,0.004,0.03,0.004,0.03,"Carpenter Technology",4,TYV6-FAS-DWL-0015
1453,"Dowel Pin 16",FAS,DWL,"Steel AISI 4340",Class 3,1,0.004,0.03,0.004,0.03,"Carpenter Technology",4,TYV6-FAS-DWL-0016