ISO-10303-21;
HEADER;
FILE_DESCRIPTION(('Open CASCADE Model'),'2;1');
FILE_NAME('Open CASCADE Shape Model','2026-07-02T07:58:38',('Author'),(
    'Open CASCADE'),'Open CASCADE STEP processor 7.9','build123d',
  'Unknown');
FILE_SCHEMA(('AUTOMOTIVE_DESIGN { 1 0 10303 214 1 1 1 1 }'));
ENDSEC;
DATA;
#1 = APPLICATION_PROTOCOL_DEFINITION('international standard',
  'automotive_design',2000,#2);
#2 = APPLICATION_CONTEXT(
  'core data for automotive mechanical design processes');
#3 = SHAPE_DEFINITION_REPRESENTATION(#4,#10);
#4 = PRODUCT_DEFINITION_SHAPE('','',#5);
#5 = PRODUCT_DEFINITION('design','',#6,#9);
#6 = PRODUCT_DEFINITION_FORMATION('','',#7);
#7 = PRODUCT('COMPOUND','COMPOUND','',(#8));
#8 = PRODUCT_CONTEXT('',#2,'mechanical');
#9 = PRODUCT_DEFINITION_CONTEXT('part definition',#2,'design');
#10 = ADVANCED_BREP_SHAPE_REPRESENTATION('',(#11,#15),#8892);
#11 = AXIS2_PLACEMENT_3D('',#12,#13,#14);
#12 = CARTESIAN_POINT('',(0.,0.,0.));
#13 = DIRECTION('',(0.,0.,1.));
#14 = DIRECTION('',(1.,0.,-0.));
#15 = MANIFOLD_SOLID_BREP('',#16);
#16 = CLOSED_SHELL('',(#17,#105,#623,#1032,#8296,#8325,#8354,#8386,#8418
    ,#8450,#8479,#8511,#8565,#8592,#8646,#8673,#8727,#8755,#8783,#8810,
    #8864,#8871,#8878,#8885));
#17 = ADVANCED_FACE('',(#18),#31,.T.);
#18 = FACE_BOUND('',#19,.T.);
#19 = EDGE_LOOP('',(#20,#54,#77,#104));
#20 = ORIENTED_EDGE('',*,*,#21,.F.);
#21 = EDGE_CURVE('',#22,#22,#24,.T.);
#22 = VERTEX_POINT('',#23);
#23 = CARTESIAN_POINT('',(67.52,-1.653763037569E-14,41.3));
#24 = SURFACE_CURVE('',#25,(#30,#42),.PCURVE_S1.);
#25 = CIRCLE('',#26,67.52);
#26 = AXIS2_PLACEMENT_3D('',#27,#28,#29);
#27 = CARTESIAN_POINT('',(0.,0.,41.3));
#28 = DIRECTION('',(0.,0.,1.));
#29 = DIRECTION('',(1.,0.,-0.));
#30 = PCURVE('',#31,#36);
#31 = CYLINDRICAL_SURFACE('',#32,67.52);
#32 = AXIS2_PLACEMENT_3D('',#33,#34,#35);
#33 = CARTESIAN_POINT('',(0.,0.,-41.3));
#34 = DIRECTION('',(0.,0.,1.));
#35 = DIRECTION('',(1.,0.,-0.));
#36 = DEFINITIONAL_REPRESENTATION('',(#37),#41);
#37 = LINE('',#38,#39);
#38 = CARTESIAN_POINT('',(0.,82.6));
#39 = VECTOR('',#40,1.);
#40 = DIRECTION('',(1.,0.));
#41 = ( GEOMETRIC_REPRESENTATION_CONTEXT(2) 
PARAMETRIC_REPRESENTATION_CONTEXT() REPRESENTATION_CONTEXT('2D SPACE',''
  ) );
#42 = PCURVE('',#43,#48);
#43 = PLANE('',#44);
#44 = AXIS2_PLACEMENT_3D('',#45,#46,#47);
#45 = CARTESIAN_POINT('',(0.,0.,41.3));
#46 = DIRECTION('',(0.,0.,1.));
#47 = DIRECTION('',(1.,0.,-0.));
#48 = DEFINITIONAL_REPRESENTATION('',(#49),#53);
#49 = CIRCLE('',#50,67.52);
#50 = AXIS2_PLACEMENT_2D('',#51,#52);
#51 = CARTESIAN_POINT('',(0.,0.));
#52 = DIRECTION('',(1.,0.));
#53 = ( GEOMETRIC_REPRESENTATION_CONTEXT(2) 
PARAMETRIC_REPRESENTATION_CONTEXT() REPRESENTATION_CONTEXT('2D SPACE',''
  ) );
#54 = ORIENTED_EDGE('',*,*,#55,.F.);
#55 = EDGE_CURVE('',#56,#22,#58,.T.);
#56 = VERTEX_POINT('',#57);
#57 = CARTESIAN_POINT('',(67.52,-1.653763037569E-14,-41.3));
#58 = SEAM_CURVE('',#59,(#63,#70),.PCURVE_S1.);
#59 = LINE('',#60,#61);
#60 = CARTESIAN_POINT('',(67.52,-1.653763037569E-14,-41.3));
#61 = VECTOR('',#62,1.);
#62 = DIRECTION('',(0.,0.,1.));
#63 = PCURVE('',#31,#64);
#64 = DEFINITIONAL_REPRESENTATION('',(#65),#69);
#65 = LINE('',#66,#67);
#66 = CARTESIAN_POINT('',(6.28318530718,-0.));
#67 = VECTOR('',#68,1.);
#68 = DIRECTION('',(0.,1.));
#69 = ( GEOMETRIC_REPRESENTATION_CONTEXT(2) 
PARAMETRIC_REPRESENTATION_CONTEXT() REPRESENTATION_CONTEXT('2D SPACE',''
  ) );
#70 = PCURVE('',#31,#71);
#71 = DEFINITIONAL_REPRESENTATION('',(#72),#76);
#72 = LINE('',#73,#74);
#73 = CARTESIAN_POINT('',(0.,-0.));
#74 = VECTOR('',#75,1.);
#75 = DIRECTION('',(0.,1.));
#76 = ( GEOMETRIC_REPRESENTATION_CONTEXT(2) 
PARAMETRIC_REPRESENTATION_CONTEXT() REPRESENTATION_CONTEXT('2D SPACE',''
  ) );
#77 = ORIENTED_EDGE('',*,*,#78,.T.);
#78 = EDGE_CURVE('',#56,#56,#79,.T.);
#79 = SURFACE_CURVE('',#80,(#85,#92),.PCURVE_S1.);
#80 = CIRCLE('',#81,67.52);
#81 = AXIS2_PLACEMENT_3D('',#82,#83,#84);
#82 = CARTESIAN_POINT('',(0.,0.,-41.3));
#83 = DIRECTION('',(0.,0.,1.));
#84 = DIRECTION('',(1.,0.,-0.));
#85 = PCURVE('',#31,#86);
#86 = DEFINITIONAL_REPRESENTATION('',(#87),#91);
#87 = LINE('',#88,#89);
#88 = CARTESIAN_POINT('',(0.,0.));
#89 = VECTOR('',#90,1.);
#90 = DIRECTION('',(1.,0.));
#91 = ( GEOMETRIC_REPRESENTATION_CONTEXT(2) 
PARAMETRIC_REPRESENTATION_CONTEXT() REPRESENTATION_CONTEXT('2D SPACE',''
  ) );
#92 = PCURVE('',#93,#98);
#93 = PLANE('',#94);
#94 = AXIS2_PLACEMENT_3D('',#95,#96,#97);
#95 = CARTESIAN_POINT('',(0.,0.,-41.3));
#96 = DIRECTION('',(0.,0.,1.));
#97 = DIRECTION('',(1.,0.,-0.));
#98 = DEFINITIONAL_REPRESENTATION('',(#99),#103);
#99 = CIRCLE('',#100,67.52);
#100 = AXIS2_PLACEMENT_2D('',#101,#102);
#101 = CARTESIAN_POINT('',(0.,0.));
#102 = DIRECTION('',(1.,0.));
#103 = ( GEOMETRIC_REPRESENTATION_CONTEXT(2) 
PARAMETRIC_REPRESENTATION_CONTEXT() REPRESENTATION_CONTEXT('2D SPACE',''
  ) );
#104 = ORIENTED_EDGE('',*,*,#55,.T.);
#105 = ADVANCED_FACE('',(#106,#109),#43,.T.);
#106 = FACE_BOUND('',#107,.T.);
#107 = EDGE_LOOP('',(#108));
#108 = ORIENTED_EDGE('',*,*,#21,.T.);
#109 = FACE_BOUND('',#110,.T.);
#110 = EDGE_LOOP('',(#111,#142,#175,#199,#232,#260,#284,#317,#341,#374,
    #398,#422,#455,#479,#512,#540,#564,#597));
#111 = ORIENTED_EDGE('',*,*,#112,.F.);
#112 = EDGE_CURVE('',#113,#115,#117,.T.);
#113 = VERTEX_POINT('',#114);
#114 = CARTESIAN_POINT('',(-33.01708863549,-39.90549910721,41.3));
#115 = VERTEX_POINT('',#116);
#116 = CARTESIAN_POINT('',(-10.78993953924,-50.65722264099,41.3));
#117 = SURFACE_CURVE('',#118,(#123,#130),.PCURVE_S1.);
#118 = CIRCLE('',#119,51.7936);
#119 = AXIS2_PLACEMENT_3D('',#120,#121,#122);
#120 = CARTESIAN_POINT('',(0.,0.,41.3));
#121 = DIRECTION('',(0.,0.,1.));
#122 = DIRECTION('',(1.,0.,0.));
#123 = PCURVE('',#43,#124);
#124 = DEFINITIONAL_REPRESENTATION('',(#125),#129);
#125 = CIRCLE('',#126,51.7936);
#126 = AXIS2_PLACEMENT_2D('',#127,#128);
#127 = CARTESIAN_POINT('',(0.,0.));
#128 = DIRECTION('',(1.,0.));
#129 = ( GEOMETRIC_REPRESENTATION_CONTEXT(2) 
PARAMETRIC_REPRESENTATION_CONTEXT() REPRESENTATION_CONTEXT('2D SPACE',''
  ) );
#130 = PCURVE('',#131,#136);
#131 = CONICAL_SURFACE('',#132,0.1,0.209046826036);
#132 = AXIS2_PLACEMENT_3D('',#133,#134,#135);
#133 = CARTESIAN_POINT('',(0.,0.,-202.3697300382));
#134 = DIRECTION('',(0.,0.,1.));
#135 = DIRECTION('',(1.,0.,0.));
#136 = DEFINITIONAL_REPRESENTATION('',(#137),#141);
#137 = LINE('',#138,#139);
#138 = CARTESIAN_POINT('',(0.,243.66973003828));
#139 = VECTOR('',#140,1.);
#140 = DIRECTION('',(1.,0.));
#141 = ( GEOMETRIC_REPRESENTATION_CONTEXT(2) 
PARAMETRIC_REPRESENTATION_CONTEXT() REPRESENTATION_CONTEXT('2D SPACE',''
  ) );
#142 = ORIENTED_EDGE('',*,*,#143,.T.);
#143 = EDGE_CURVE('',#113,#144,#146,.T.);
#144 = VERTEX_POINT('',#145);
#145 = CARTESIAN_POINT('',(-39.90549910721,-33.01708863549,41.3));
#146 = SURFACE_CURVE('',#147,(#152,#163),.PCURVE_S1.);
#147 = CIRCLE('',#148,6.5);
#148 = AXIS2_PLACEMENT_3D('',#149,#150,#151);
#149 = CARTESIAN_POINT('',(-33.41786647887,-33.41786647887,41.3));
#150 = DIRECTION('',(1.0315046391E-15,-1.0315046391E-15,-1.));
#151 = DIRECTION('',(6.165812975071E-02,-0.998097327436,1.0931426704E-15
    ));
#152 = PCURVE('',#43,#153);
#153 = DEFINITIONAL_REPRESENTATION('',(#154),#162);
#154 = ( BOUNDED_CURVE() B_SPLINE_CURVE(2,(#155,#156,#157,#158,#159,#160
,#161),.UNSPECIFIED.,.T.,.F.) B_SPLINE_CURVE_WITH_KNOTS((1,2,2,2,2,1),(
    -2.094395102393,0.,2.094395102393,4.188790204786,6.28318530718,
8.377580409573),.UNSPECIFIED.) CURVE() GEOMETRIC_REPRESENTATION_ITEM() 
RATIONAL_B_SPLINE_CURVE((1.,0.5,1.,0.5,1.,0.5,1.)) REPRESENTATION_ITEM(
  '') );
#155 = CARTESIAN_POINT('',(-33.01708863549,-39.90549910721));
#156 = CARTESIAN_POINT('',(-44.25399796861,-40.59966669449));
#157 = CARTESIAN_POINT('',(-39.23671006712,-30.52113395834));
#158 = CARTESIAN_POINT('',(-34.21942216563,-20.4426012222));
#159 = CARTESIAN_POINT('',(-27.999800734,-29.82696637106));
#160 = CARTESIAN_POINT('',(-21.78017930237,-39.21133151993));
#161 = CARTESIAN_POINT('',(-33.01708863549,-39.90549910721));
#162 = ( GEOMETRIC_REPRESENTATION_CONTEXT(2) 
PARAMETRIC_REPRESENTATION_CONTEXT() REPRESENTATION_CONTEXT('2D SPACE',''
  ) );
#163 = PCURVE('',#164,#169);
#164 = CYLINDRICAL_SURFACE('',#165,6.5);
#165 = AXIS2_PLACEMENT_3D('',#166,#167,#168);
#166 = CARTESIAN_POINT('',(-33.41786647887,-33.41786647887,35.05142));
#167 = DIRECTION('',(0.,0.,1.));
#168 = DIRECTION('',(-0.707106781187,-0.707106781187,0.));
#169 = DEFINITIONAL_REPRESENTATION('',(#170),#174);
#170 = LINE('',#171,#172);
#171 = CARTESIAN_POINT('',(7.130280735191,6.24858));
#172 = VECTOR('',#173,1.);
#173 = DIRECTION('',(-1.,-0.));
#174 = ( GEOMETRIC_REPRESENTATION_CONTEXT(2) 
PARAMETRIC_REPRESENTATION_CONTEXT() REPRESENTATION_CONTEXT('2D SPACE',''
  ) );
#175 = ORIENTED_EDGE('',*,*,#176,.F.);
#176 = EDGE_CURVE('',#177,#144,#179,.T.);
#177 = VERTEX_POINT('',#178);
#178 = CARTESIAN_POINT('',(-51.29703099334,7.154831390595,41.3));
#179 = SURFACE_CURVE('',#180,(#185,#192),.PCURVE_S1.);
#180 = CIRCLE('',#181,51.7936);
#181 = AXIS2_PLACEMENT_3D('',#182,#183,#184);
#182 = CARTESIAN_POINT('',(0.,0.,41.3));
#183 = DIRECTION('',(0.,0.,1.));
#184 = DIRECTION('',(1.,0.,0.));
#185 = PCURVE('',#43,#186);
#186 = DEFINITIONAL_REPRESENTATION('',(#187),#191);
#187 = CIRCLE('',#188,51.7936);
#188 = AXIS2_PLACEMENT_2D('',#189,#190);
#189 = CARTESIAN_POINT('',(0.,0.));
#190 = DIRECTION('',(1.,0.));
#191 = ( GEOMETRIC_REPRESENTATION_CONTEXT(2) 
PARAMETRIC_REPRESENTATION_CONTEXT() REPRESENTATION_CONTEXT('2D SPACE',''
  ) );
#192 = PCURVE('',#131,#193);
#193 = DEFINITIONAL_REPRESENTATION('',(#194),#198);
#194 = LINE('',#195,#196);
#195 = CARTESIAN_POINT('',(0.,243.66973003828));
#196 = VECTOR('',#197,1.);
#197 = DIRECTION('',(1.,0.));
#198 = ( GEOMETRIC_REPRESENTATION_CONTEXT(2) 
PARAMETRIC_REPRESENTATION_CONTEXT() REPRESENTATION_CONTEXT('2D SPACE',''
  ) );
#199 = ORIENTED_EDGE('',*,*,#200,.T.);
#200 = EDGE_CURVE('',#177,#201,#203,.T.);
#201 = VERTEX_POINT('',#202);
#202 = CARTESIAN_POINT('',(-53.4429,12.,41.3));
#203 = SURFACE_CURVE('',#204,(#209,#220),.PCURVE_S1.);
#204 = CIRCLE('',#205,6.5429);
#205 = AXIS2_PLACEMENT_3D('',#206,#207,#208);
#206 = CARTESIAN_POINT('',(-46.9,12.,41.3));
#207 = DIRECTION('',(0.,0.,-1.));
#208 = DIRECTION('',(-1.,0.,0.));
#209 = PCURVE('',#43,#210);
#210 = DEFINITIONAL_REPRESENTATION('',(#211),#219);
#211 = ( BOUNDED_CURVE() B_SPLINE_CURVE(2,(#212,#213,#214,#215,#216,#217
,#218),.UNSPECIFIED.,.T.,.F.) B_SPLINE_CURVE_WITH_KNOTS((1,2,2,2,2,1),(
    -2.094395102393,0.,2.094395102393,4.188790204786,6.28318530718,
8.377580409573),.UNSPECIFIED.) CURVE() GEOMETRIC_REPRESENTATION_ITEM() 
RATIONAL_B_SPLINE_CURVE((1.,0.5,1.,0.5,1.,0.5,1.)) REPRESENTATION_ITEM(
  '') );
#212 = CARTESIAN_POINT('',(-53.4429,12.));
#213 = CARTESIAN_POINT('',(-53.4429,23.332635228842));
#214 = CARTESIAN_POINT('',(-43.62855,17.666317614421));
#215 = CARTESIAN_POINT('',(-33.8142,12.));
#216 = CARTESIAN_POINT('',(-43.62855,6.333682385579));
#217 = CARTESIAN_POINT('',(-53.4429,0.667364771158));
#218 = CARTESIAN_POINT('',(-53.4429,12.));
#219 = ( GEOMETRIC_REPRESENTATION_CONTEXT(2) 
PARAMETRIC_REPRESENTATION_CONTEXT() REPRESENTATION_CONTEXT('2D SPACE',''
  ) );
#220 = PCURVE('',#221,#226);
#221 = CYLINDRICAL_SURFACE('',#222,6.5429);
#222 = AXIS2_PLACEMENT_3D('',#223,#224,#225);
#223 = CARTESIAN_POINT('',(-46.9,12.,208.07297573937));
#224 = DIRECTION('',(0.,0.,-1.));
#225 = DIRECTION('',(-1.,0.,0.));
#226 = DEFINITIONAL_REPRESENTATION('',(#227),#231);
#227 = LINE('',#228,#229);
#228 = CARTESIAN_POINT('',(0.,166.77297573937));
#229 = VECTOR('',#230,1.);
#230 = DIRECTION('',(1.,0.));
#231 = ( GEOMETRIC_REPRESENTATION_CONTEXT(2) 
PARAMETRIC_REPRESENTATION_CONTEXT() REPRESENTATION_CONTEXT('2D SPACE',''
  ) );
#232 = ORIENTED_EDGE('',*,*,#233,.T.);
#233 = EDGE_CURVE('',#201,#234,#236,.T.);
#234 = VERTEX_POINT('',#235);
#235 = CARTESIAN_POINT('',(-48.42963124985,18.36158538805,41.3));
#236 = SURFACE_CURVE('',#237,(#242,#253),.PCURVE_S1.);
#237 = CIRCLE('',#238,6.5429);
#238 = AXIS2_PLACEMENT_3D('',#239,#240,#241);
#239 = CARTESIAN_POINT('',(-46.9,12.,41.3));
#240 = DIRECTION('',(0.,0.,-1.));
#241 = DIRECTION('',(-1.,0.,0.));
#242 = PCURVE('',#43,#243);
#243 = DEFINITIONAL_REPRESENTATION('',(#244),#252);
#244 = ( BOUNDED_CURVE() B_SPLINE_CURVE(2,(#245,#246,#247,#248,#249,#250
,#251),.UNSPECIFIED.,.T.,.F.) B_SPLINE_CURVE_WITH_KNOTS((1,2,2,2,2,1),(
    -2.094395102393,0.,2.094395102393,4.188790204786,6.28318530718,
8.377580409573),.UNSPECIFIED.) CURVE() GEOMETRIC_REPRESENTATION_ITEM() 
RATIONAL_B_SPLINE_CURVE((1.,0.5,1.,0.5,1.,0.5,1.)) REPRESENTATION_ITEM(
  '') );
#245 = CARTESIAN_POINT('',(-53.4429,12.));
#246 = CARTESIAN_POINT('',(-53.4429,23.332635228842));
#247 = CARTESIAN_POINT('',(-43.62855,17.666317614421));
#248 = CARTESIAN_POINT('',(-33.8142,12.));
#249 = CARTESIAN_POINT('',(-43.62855,6.333682385579));
#250 = CARTESIAN_POINT('',(-53.4429,0.667364771158));
#251 = CARTESIAN_POINT('',(-53.4429,12.));
#252 = ( GEOMETRIC_REPRESENTATION_CONTEXT(2) 
PARAMETRIC_REPRESENTATION_CONTEXT() REPRESENTATION_CONTEXT('2D SPACE',''
  ) );
#253 = PCURVE('',#221,#254);
#254 = DEFINITIONAL_REPRESENTATION('',(#255),#259);
#255 = LINE('',#256,#257);
#256 = CARTESIAN_POINT('',(0.,166.77297573937));
#257 = VECTOR('',#258,1.);
#258 = DIRECTION('',(1.,0.));
#259 = ( GEOMETRIC_REPRESENTATION_CONTEXT(2) 
PARAMETRIC_REPRESENTATION_CONTEXT() REPRESENTATION_CONTEXT('2D SPACE',''
  ) );
#260 = ORIENTED_EDGE('',*,*,#261,.F.);
#261 = EDGE_CURVE('',#262,#234,#264,.T.);
#262 = VERTEX_POINT('',#263);
#263 = CARTESIAN_POINT('',(-39.90549910721,33.017088635499,41.3));
#264 = SURFACE_CURVE('',#265,(#270,#277),.PCURVE_S1.);
#265 = CIRCLE('',#266,51.7936);
#266 = AXIS2_PLACEMENT_3D('',#267,#268,#269);
#267 = CARTESIAN_POINT('',(0.,0.,41.3));
#268 = DIRECTION('',(0.,0.,1.));
#269 = DIRECTION('',(1.,0.,0.));
#270 = PCURVE('',#43,#271);
#271 = DEFINITIONAL_REPRESENTATION('',(#272),#276);
#272 = CIRCLE('',#273,51.7936);
#273 = AXIS2_PLACEMENT_2D('',#274,#275);
#274 = CARTESIAN_POINT('',(0.,0.));
#275 = DIRECTION('',(1.,0.));
#276 = ( GEOMETRIC_REPRESENTATION_CONTEXT(2) 
PARAMETRIC_REPRESENTATION_CONTEXT() REPRESENTATION_CONTEXT('2D SPACE',''
  ) );
#277 = PCURVE('',#131,#278);
#278 = DEFINITIONAL_REPRESENTATION('',(#279),#283);
#279 = LINE('',#280,#281);
#280 = CARTESIAN_POINT('',(0.,243.66973003828));
#281 = VECTOR('',#282,1.);
#282 = DIRECTION('',(1.,0.));
#283 = ( GEOMETRIC_REPRESENTATION_CONTEXT(2) 
PARAMETRIC_REPRESENTATION_CONTEXT() REPRESENTATION_CONTEXT('2D SPACE',''
  ) );
#284 = ORIENTED_EDGE('',*,*,#285,.T.);
#285 = EDGE_CURVE('',#262,#286,#288,.T.);
#286 = VERTEX_POINT('',#287);
#287 = CARTESIAN_POINT('',(-33.01708863549,39.905499107212,41.3));
#288 = SURFACE_CURVE('',#289,(#294,#305),.PCURVE_S1.);
#289 = CIRCLE('',#290,6.5);
#290 = AXIS2_PLACEMENT_3D('',#291,#292,#293);
#291 = CARTESIAN_POINT('',(-33.41786647887,33.417866478876,41.3));
#292 = DIRECTION('',(-1.031504639101E-15,-1.031504639101E-15,-1.));
#293 = DIRECTION('',(-0.998097327436,-6.165812975034E-02,
    1.0931426704E-15));
#294 = PCURVE('',#43,#295);
#295 = DEFINITIONAL_REPRESENTATION('',(#296),#304);
#296 = ( BOUNDED_CURVE() B_SPLINE_CURVE(2,(#297,#298,#299,#300,#301,#302
,#303),.UNSPECIFIED.,.T.,.F.) B_SPLINE_CURVE_WITH_KNOTS((1,2,2,2,2,1),(
    -2.094395102393,0.,2.094395102393,4.188790204786,6.28318530718,
8.377580409573),.UNSPECIFIED.) CURVE() GEOMETRIC_REPRESENTATION_ITEM() 
RATIONAL_B_SPLINE_CURVE((1.,0.5,1.,0.5,1.,0.5,1.)) REPRESENTATION_ITEM(
  '') );
#297 = CARTESIAN_POINT('',(-39.90549910721,33.017088635499));
#298 = CARTESIAN_POINT('',(-40.59966669449,44.25399796862));
#299 = CARTESIAN_POINT('',(-30.52113395834,39.236710067125));
#300 = CARTESIAN_POINT('',(-20.4426012222,34.219422165631));
#301 = CARTESIAN_POINT('',(-29.82696637106,27.999800734005));
#302 = CARTESIAN_POINT('',(-39.21133151993,21.780179302378));
#303 = CARTESIAN_POINT('',(-39.90549910721,33.017088635499));
#304 = ( GEOMETRIC_REPRESENTATION_CONTEXT(2) 
PARAMETRIC_REPRESENTATION_CONTEXT() REPRESENTATION_CONTEXT('2D SPACE',''
  ) );
#305 = PCURVE('',#306,#311);
#306 = CYLINDRICAL_SURFACE('',#307,6.5);
#307 = AXIS2_PLACEMENT_3D('',#308,#309,#310);
#308 = CARTESIAN_POINT('',(-33.41786647887,33.417866478876,35.05142));
#309 = DIRECTION('',(0.,0.,1.));
#310 = DIRECTION('',(-0.707106781187,0.707106781187,0.));
#311 = DEFINITIONAL_REPRESENTATION('',(#312),#316);
#312 = LINE('',#313,#314);
#313 = CARTESIAN_POINT('',(7.130280735191,6.24858));
#314 = VECTOR('',#315,1.);
#315 = DIRECTION('',(-1.,-0.));
#316 = ( GEOMETRIC_REPRESENTATION_CONTEXT(2) 
PARAMETRIC_REPRESENTATION_CONTEXT() REPRESENTATION_CONTEXT('2D SPACE',''
  ) );
#317 = ORIENTED_EDGE('',*,*,#318,.F.);
#318 = EDGE_CURVE('',#319,#286,#321,.T.);
#319 = VERTEX_POINT('',#320);
#320 = CARTESIAN_POINT('',(33.017088635497,39.905499107213,41.3));
#321 = SURFACE_CURVE('',#322,(#327,#334),.PCURVE_S1.);
#322 = CIRCLE('',#323,51.7936);
#323 = AXIS2_PLACEMENT_3D('',#324,#325,#326);
#324 = CARTESIAN_POINT('',(0.,0.,41.3));
#325 = DIRECTION('',(0.,0.,1.));
#326 = DIRECTION('',(1.,0.,0.));
#327 = PCURVE('',#43,#328);
#328 = DEFINITIONAL_REPRESENTATION('',(#329),#333);
#329 = CIRCLE('',#330,51.7936);
#330 = AXIS2_PLACEMENT_2D('',#331,#332);
#331 = CARTESIAN_POINT('',(0.,0.));
#332 = DIRECTION('',(1.,0.));
#333 = ( GEOMETRIC_REPRESENTATION_CONTEXT(2) 
PARAMETRIC_REPRESENTATION_CONTEXT() REPRESENTATION_CONTEXT('2D SPACE',''
  ) );
#334 = PCURVE('',#131,#335);
#335 = DEFINITIONAL_REPRESENTATION('',(#336),#340);
#336 = LINE('',#337,#338);
#337 = CARTESIAN_POINT('',(0.,243.66973003828));
#338 = VECTOR('',#339,1.);
#339 = DIRECTION('',(1.,0.));
#340 = ( GEOMETRIC_REPRESENTATION_CONTEXT(2) 
PARAMETRIC_REPRESENTATION_CONTEXT() REPRESENTATION_CONTEXT('2D SPACE',''
  ) );
#341 = ORIENTED_EDGE('',*,*,#342,.T.);
#342 = EDGE_CURVE('',#319,#343,#345,.T.);
#343 = VERTEX_POINT('',#344);
#344 = CARTESIAN_POINT('',(39.905499107213,33.017088635497,41.3));
#345 = SURFACE_CURVE('',#346,(#351,#362),.PCURVE_S1.);
#346 = CIRCLE('',#347,6.5);
#347 = AXIS2_PLACEMENT_3D('',#348,#349,#350);
#348 = CARTESIAN_POINT('',(33.417866478876,33.417866478876,41.3));
#349 = DIRECTION('',(-1.0315046391E-15,1.0315046391E-15,-1.));
#350 = DIRECTION('',(-6.165812975072E-02,0.998097327436,1.0931426704E-15
    ));
#351 = PCURVE('',#43,#352);
#352 = DEFINITIONAL_REPRESENTATION('',(#353),#361);
#353 = ( BOUNDED_CURVE() B_SPLINE_CURVE(2,(#354,#355,#356,#357,#358,#359
,#360),.UNSPECIFIED.,.T.,.F.) B_SPLINE_CURVE_WITH_KNOTS((1,2,2,2,2,1),(
    -2.094395102393,0.,2.094395102393,4.188790204786,6.28318530718,
8.377580409573),.UNSPECIFIED.) CURVE() GEOMETRIC_REPRESENTATION_ITEM() 
RATIONAL_B_SPLINE_CURVE((1.,0.5,1.,0.5,1.,0.5,1.)) REPRESENTATION_ITEM(
  '') );
#354 = CARTESIAN_POINT('',(33.017088635497,39.905499107213));
#355 = CARTESIAN_POINT('',(44.253997968617,40.599666694494));
#356 = CARTESIAN_POINT('',(39.236710067126,30.521133958349));
#357 = CARTESIAN_POINT('',(34.219422165636,20.442601222203));
#358 = CARTESIAN_POINT('',(27.999800734006,29.826966371067));
#359 = CARTESIAN_POINT('',(21.780179302376,39.211331519931));
#360 = CARTESIAN_POINT('',(33.017088635497,39.905499107213));
#361 = ( GEOMETRIC_REPRESENTATION_CONTEXT(2) 
PARAMETRIC_REPRESENTATION_CONTEXT() REPRESENTATION_CONTEXT('2D SPACE',''
  ) );
#362 = PCURVE('',#363,#368);
#363 = CYLINDRICAL_SURFACE('',#364,6.5);
#364 = AXIS2_PLACEMENT_3D('',#365,#366,#367);
#365 = CARTESIAN_POINT('',(33.417866478876,33.417866478876,35.05142));
#366 = DIRECTION('',(0.,0.,1.));
#367 = DIRECTION('',(0.707106781187,0.707106781187,0.));
#368 = DEFINITIONAL_REPRESENTATION('',(#369),#373);
#369 = LINE('',#370,#371);
#370 = CARTESIAN_POINT('',(7.130280735191,6.24858));
#371 = VECTOR('',#372,1.);
#372 = DIRECTION('',(-1.,-0.));
#373 = ( GEOMETRIC_REPRESENTATION_CONTEXT(2) 
PARAMETRIC_REPRESENTATION_CONTEXT() REPRESENTATION_CONTEXT('2D SPACE',''
  ) );
#374 = ORIENTED_EDGE('',*,*,#375,.F.);
#375 = EDGE_CURVE('',#376,#343,#378,.T.);
#376 = VERTEX_POINT('',#377);
#377 = CARTESIAN_POINT('',(51.7936,-1.268577329126E-14,41.3));
#378 = SURFACE_CURVE('',#379,(#384,#391),.PCURVE_S1.);
#379 = CIRCLE('',#380,51.7936);
#380 = AXIS2_PLACEMENT_3D('',#381,#382,#383);
#381 = CARTESIAN_POINT('',(0.,0.,41.3));
#382 = DIRECTION('',(0.,0.,1.));
#383 = DIRECTION('',(1.,0.,0.));
#384 = PCURVE('',#43,#385);
#385 = DEFINITIONAL_REPRESENTATION('',(#386),#390);
#386 = CIRCLE('',#387,51.7936);
#387 = AXIS2_PLACEMENT_2D('',#388,#389);
#388 = CARTESIAN_POINT('',(0.,0.));
#389 = DIRECTION('',(1.,0.));
#390 = ( GEOMETRIC_REPRESENTATION_CONTEXT(2) 
PARAMETRIC_REPRESENTATION_CONTEXT() REPRESENTATION_CONTEXT('2D SPACE',''
  ) );
#391 = PCURVE('',#131,#392);
#392 = DEFINITIONAL_REPRESENTATION('',(#393),#397);
#393 = LINE('',#394,#395);
#394 = CARTESIAN_POINT('',(0.,243.66973003828));
#395 = VECTOR('',#396,1.);
#396 = DIRECTION('',(1.,0.));
#397 = ( GEOMETRIC_REPRESENTATION_CONTEXT(2) 
PARAMETRIC_REPRESENTATION_CONTEXT() REPRESENTATION_CONTEXT('2D SPACE',''
  ) );
#398 = ORIENTED_EDGE('',*,*,#399,.F.);
#399 = EDGE_CURVE('',#400,#376,#402,.T.);
#400 = VERTEX_POINT('',#401);
#401 = CARTESIAN_POINT('',(39.905499107213,-33.01708863549,41.3));
#402 = SURFACE_CURVE('',#403,(#408,#415),.PCURVE_S1.);
#403 = CIRCLE('',#404,51.7936);
#404 = AXIS2_PLACEMENT_3D('',#405,#406,#407);
#405 = CARTESIAN_POINT('',(0.,0.,41.3));
#406 = DIRECTION('',(0.,0.,1.));
#407 = DIRECTION('',(1.,0.,0.));
#408 = PCURVE('',#43,#409);
#409 = DEFINITIONAL_REPRESENTATION('',(#410),#414);
#410 = CIRCLE('',#411,51.7936);
#411 = AXIS2_PLACEMENT_2D('',#412,#413);
#412 = CARTESIAN_POINT('',(0.,0.));
#413 = DIRECTION('',(1.,0.));
#414 = ( GEOMETRIC_REPRESENTATION_CONTEXT(2) 
PARAMETRIC_REPRESENTATION_CONTEXT() REPRESENTATION_CONTEXT('2D SPACE',''
  ) );
#415 = PCURVE('',#131,#416);
#416 = DEFINITIONAL_REPRESENTATION('',(#417),#421);
#417 = LINE('',#418,#419);
#418 = CARTESIAN_POINT('',(0.,243.66973003828));
#419 = VECTOR('',#420,1.);
#420 = DIRECTION('',(1.,0.));
#421 = ( GEOMETRIC_REPRESENTATION_CONTEXT(2) 
PARAMETRIC_REPRESENTATION_CONTEXT() REPRESENTATION_CONTEXT('2D SPACE',''
  ) );
#422 = ORIENTED_EDGE('',*,*,#423,.T.);
#423 = EDGE_CURVE('',#400,#424,#426,.T.);
#424 = VERTEX_POINT('',#425);
#425 = CARTESIAN_POINT('',(33.017088635497,-39.90549910721,41.3));
#426 = SURFACE_CURVE('',#427,(#432,#443),.PCURVE_S1.);
#427 = CIRCLE('',#428,6.5);
#428 = AXIS2_PLACEMENT_3D('',#429,#430,#431);
#429 = CARTESIAN_POINT('',(33.417866478876,-33.41786647887,41.3));
#430 = DIRECTION('',(1.0315046391E-15,1.0315046391E-15,-1.));
#431 = DIRECTION('',(0.998097327436,6.165812975072E-02,1.0931426704E-15)
  );
#432 = PCURVE('',#43,#433);
#433 = DEFINITIONAL_REPRESENTATION('',(#434),#442);
#434 = ( BOUNDED_CURVE() B_SPLINE_CURVE(2,(#435,#436,#437,#438,#439,#440
,#441),.UNSPECIFIED.,.T.,.F.) B_SPLINE_CURVE_WITH_KNOTS((1,2,2,2,2,1),(
    -2.094395102393,0.,2.094395102393,4.188790204786,6.28318530718,
8.377580409573),.UNSPECIFIED.) CURVE() GEOMETRIC_REPRESENTATION_ITEM() 
RATIONAL_B_SPLINE_CURVE((1.,0.5,1.,0.5,1.,0.5,1.)) REPRESENTATION_ITEM(
  '') );
#435 = CARTESIAN_POINT('',(39.905499107213,-33.01708863549));
#436 = CARTESIAN_POINT('',(40.599666694494,-44.25399796861));
#437 = CARTESIAN_POINT('',(30.521133958349,-39.23671006712));
#438 = CARTESIAN_POINT('',(20.442601222203,-34.21942216563));
#439 = CARTESIAN_POINT('',(29.826966371067,-27.999800734));
#440 = CARTESIAN_POINT('',(39.211331519931,-21.78017930237));
#441 = CARTESIAN_POINT('',(39.905499107213,-33.01708863549));
#442 = ( GEOMETRIC_REPRESENTATION_CONTEXT(2) 
PARAMETRIC_REPRESENTATION_CONTEXT() REPRESENTATION_CONTEXT('2D SPACE',''
  ) );
#443 = PCURVE('',#444,#449);
#444 = CYLINDRICAL_SURFACE('',#445,6.5);
#445 = AXIS2_PLACEMENT_3D('',#446,#447,#448);
#446 = CARTESIAN_POINT('',(33.417866478876,-33.41786647887,35.05142));
#447 = DIRECTION('',(0.,0.,1.));
#448 = DIRECTION('',(0.707106781187,-0.707106781187,0.));
#449 = DEFINITIONAL_REPRESENTATION('',(#450),#454);
#450 = LINE('',#451,#452);
#451 = CARTESIAN_POINT('',(7.130280735191,6.24858));
#452 = VECTOR('',#453,1.);
#453 = DIRECTION('',(-1.,-0.));
#454 = ( GEOMETRIC_REPRESENTATION_CONTEXT(2) 
PARAMETRIC_REPRESENTATION_CONTEXT() REPRESENTATION_CONTEXT('2D SPACE',''
  ) );
#455 = ORIENTED_EDGE('',*,*,#456,.F.);
#456 = EDGE_CURVE('',#457,#424,#459,.T.);
#457 = VERTEX_POINT('',#458);
#458 = CARTESIAN_POINT('',(10.78993953924,-50.65722264099,41.3));
#459 = SURFACE_CURVE('',#460,(#465,#472),.PCURVE_S1.);
#460 = CIRCLE('',#461,51.7936);
#461 = AXIS2_PLACEMENT_3D('',#462,#463,#464);
#462 = CARTESIAN_POINT('',(0.,0.,41.3));
#463 = DIRECTION('',(0.,0.,1.));
#464 = DIRECTION('',(1.,0.,0.));
#465 = PCURVE('',#43,#466);
#466 = DEFINITIONAL_REPRESENTATION('',(#467),#471);
#467 = CIRCLE('',#468,51.7936);
#468 = AXIS2_PLACEMENT_2D('',#469,#470);
#469 = CARTESIAN_POINT('',(0.,0.));
#470 = DIRECTION('',(1.,0.));
#471 = ( GEOMETRIC_REPRESENTATION_CONTEXT(2) 
PARAMETRIC_REPRESENTATION_CONTEXT() REPRESENTATION_CONTEXT('2D SPACE',''
  ) );
#472 = PCURVE('',#131,#473);
#473 = DEFINITIONAL_REPRESENTATION('',(#474),#478);
#474 = LINE('',#475,#476);
#475 = CARTESIAN_POINT('',(0.,243.66973003828));
#476 = VECTOR('',#477,1.);
#477 = DIRECTION('',(1.,0.));
#478 = ( GEOMETRIC_REPRESENTATION_CONTEXT(2) 
PARAMETRIC_REPRESENTATION_CONTEXT() REPRESENTATION_CONTEXT('2D SPACE',''
  ) );
#479 = ORIENTED_EDGE('',*,*,#480,.T.);
#480 = EDGE_CURVE('',#457,#481,#483,.T.);
#481 = VERTEX_POINT('',#482);
#482 = CARTESIAN_POINT('',(4.2871,-57.2,41.3));
#483 = SURFACE_CURVE('',#484,(#489,#500),.PCURVE_S1.);
#484 = CIRCLE('',#485,6.5429);
#485 = AXIS2_PLACEMENT_3D('',#486,#487,#488);
#486 = CARTESIAN_POINT('',(10.83,-57.2,41.3));
#487 = DIRECTION('',(0.,0.,-1.));
#488 = DIRECTION('',(-1.,0.,0.));
#489 = PCURVE('',#43,#490);
#490 = DEFINITIONAL_REPRESENTATION('',(#491),#499);
#491 = ( BOUNDED_CURVE() B_SPLINE_CURVE(2,(#492,#493,#494,#495,#496,#497
,#498),.UNSPECIFIED.,.T.,.F.) B_SPLINE_CURVE_WITH_KNOTS((1,2,2,2,2,1),(
    -2.094395102393,0.,2.094395102393,4.188790204786,6.28318530718,
8.377580409573),.UNSPECIFIED.) CURVE() GEOMETRIC_REPRESENTATION_ITEM() 
RATIONAL_B_SPLINE_CURVE((1.,0.5,1.,0.5,1.,0.5,1.)) REPRESENTATION_ITEM(
  '') );
#492 = CARTESIAN_POINT('',(4.2871,-57.2));
#493 = CARTESIAN_POINT('',(4.2871,-45.86736477115));
#494 = CARTESIAN_POINT('',(14.10145,-51.53368238557));
#495 = CARTESIAN_POINT('',(23.9158,-57.2));
#496 = CARTESIAN_POINT('',(14.10145,-62.86631761442));
#497 = CARTESIAN_POINT('',(4.2871,-68.53263522884));
#498 = CARTESIAN_POINT('',(4.2871,-57.2));
#499 = ( GEOMETRIC_REPRESENTATION_CONTEXT(2) 
PARAMETRIC_REPRESENTATION_CONTEXT() REPRESENTATION_CONTEXT('2D SPACE',''
  ) );
#500 = PCURVE('',#501,#506);
#501 = CYLINDRICAL_SURFACE('',#502,6.5429);
#502 = AXIS2_PLACEMENT_3D('',#503,#504,#505);
#503 = CARTESIAN_POINT('',(10.83,-57.2,208.07297573937));
#504 = DIRECTION('',(0.,0.,-1.));
#505 = DIRECTION('',(-1.,0.,0.));
#506 = DEFINITIONAL_REPRESENTATION('',(#507),#511);
#507 = LINE('',#508,#509);
#508 = CARTESIAN_POINT('',(0.,166.77297573937));
#509 = VECTOR('',#510,1.);
#510 = DIRECTION('',(1.,0.));
#511 = ( GEOMETRIC_REPRESENTATION_CONTEXT(2) 
PARAMETRIC_REPRESENTATION_CONTEXT() REPRESENTATION_CONTEXT('2D SPACE',''
  ) );
#512 = ORIENTED_EDGE('',*,*,#513,.T.);
#513 = EDGE_CURVE('',#481,#514,#516,.T.);
#514 = VERTEX_POINT('',#515);
#515 = CARTESIAN_POINT('',(8.475467446241,-51.09543475231,41.3));
#516 = SURFACE_CURVE('',#517,(#522,#533),.PCURVE_S1.);
#517 = CIRCLE('',#518,6.5429);
#518 = AXIS2_PLACEMENT_3D('',#519,#520,#521);
#519 = CARTESIAN_POINT('',(10.83,-57.2,41.3));
#520 = DIRECTION('',(0.,0.,-1.));
#521 = DIRECTION('',(-1.,0.,0.));
#522 = PCURVE('',#43,#523);
#523 = DEFINITIONAL_REPRESENTATION('',(#524),#532);
#524 = ( BOUNDED_CURVE() B_SPLINE_CURVE(2,(#525,#526,#527,#528,#529,#530
,#531),.UNSPECIFIED.,.T.,.F.) B_SPLINE_CURVE_WITH_KNOTS((1,2,2,2,2,1),(
    -2.094395102393,0.,2.094395102393,4.188790204786,6.28318530718,
8.377580409573),.UNSPECIFIED.) CURVE() GEOMETRIC_REPRESENTATION_ITEM() 
RATIONAL_B_SPLINE_CURVE((1.,0.5,1.,0.5,1.,0.5,1.)) REPRESENTATION_ITEM(
  '') );
#525 = CARTESIAN_POINT('',(4.2871,-57.2));
#526 = CARTESIAN_POINT('',(4.2871,-45.86736477115));
#527 = CARTESIAN_POINT('',(14.10145,-51.53368238557));
#528 = CARTESIAN_POINT('',(23.9158,-57.2));
#529 = CARTESIAN_POINT('',(14.10145,-62.86631761442));
#530 = CARTESIAN_POINT('',(4.2871,-68.53263522884));
#531 = CARTESIAN_POINT('',(4.2871,-57.2));
#532 = ( GEOMETRIC_REPRESENTATION_CONTEXT(2) 
PARAMETRIC_REPRESENTATION_CONTEXT() REPRESENTATION_CONTEXT('2D SPACE',''
  ) );
#533 = PCURVE('',#501,#534);
#534 = DEFINITIONAL_REPRESENTATION('',(#535),#539);
#535 = LINE('',#536,#537);
#536 = CARTESIAN_POINT('',(0.,166.77297573937));
#537 = VECTOR('',#538,1.);
#538 = DIRECTION('',(1.,0.));
#539 = ( GEOMETRIC_REPRESENTATION_CONTEXT(2) 
PARAMETRIC_REPRESENTATION_CONTEXT() REPRESENTATION_CONTEXT('2D SPACE',''
  ) );
#540 = ORIENTED_EDGE('',*,*,#541,.F.);
#541 = EDGE_CURVE('',#542,#514,#544,.T.);
#542 = VERTEX_POINT('',#543);
#543 = CARTESIAN_POINT('',(-8.475467446241,-51.09543475231,41.3));
#544 = SURFACE_CURVE('',#545,(#550,#557),.PCURVE_S1.);
#545 = CIRCLE('',#546,51.7936);
#546 = AXIS2_PLACEMENT_3D('',#547,#548,#549);
#547 = CARTESIAN_POINT('',(0.,0.,41.3));
#548 = DIRECTION('',(0.,0.,1.));
#549 = DIRECTION('',(1.,0.,0.));
#550 = PCURVE('',#43,#551);
#551 = DEFINITIONAL_REPRESENTATION('',(#552),#556);
#552 = CIRCLE('',#553,51.7936);
#553 = AXIS2_PLACEMENT_2D('',#554,#555);
#554 = CARTESIAN_POINT('',(0.,0.));
#555 = DIRECTION('',(1.,0.));
#556 = ( GEOMETRIC_REPRESENTATION_CONTEXT(2) 
PARAMETRIC_REPRESENTATION_CONTEXT() REPRESENTATION_CONTEXT('2D SPACE',''
  ) );
#557 = PCURVE('',#131,#558);
#558 = DEFINITIONAL_REPRESENTATION('',(#559),#563);
#559 = LINE('',#560,#561);
#560 = CARTESIAN_POINT('',(0.,243.66973003828));
#561 = VECTOR('',#562,1.);
#562 = DIRECTION('',(1.,0.));
#563 = ( GEOMETRIC_REPRESENTATION_CONTEXT(2) 
PARAMETRIC_REPRESENTATION_CONTEXT() REPRESENTATION_CONTEXT('2D SPACE',''
  ) );
#564 = ORIENTED_EDGE('',*,*,#565,.T.);
#565 = EDGE_CURVE('',#542,#566,#568,.T.);
#566 = VERTEX_POINT('',#567);
#567 = CARTESIAN_POINT('',(-17.3729,-57.2,41.3));
#568 = SURFACE_CURVE('',#569,(#574,#585),.PCURVE_S1.);
#569 = CIRCLE('',#570,6.5429);
#570 = AXIS2_PLACEMENT_3D('',#571,#572,#573);
#571 = CARTESIAN_POINT('',(-10.83,-57.2,41.3));
#572 = DIRECTION('',(0.,0.,-1.));
#573 = DIRECTION('',(-1.,0.,0.));
#574 = PCURVE('',#43,#575);
#575 = DEFINITIONAL_REPRESENTATION('',(#576),#584);
#576 = ( BOUNDED_CURVE() B_SPLINE_CURVE(2,(#577,#578,#579,#580,#581,#582
,#583),.UNSPECIFIED.,.T.,.F.) B_SPLINE_CURVE_WITH_KNOTS((1,2,2,2,2,1),(
    -2.094395102393,0.,2.094395102393,4.188790204786,6.28318530718,
8.377580409573),.UNSPECIFIED.) CURVE() GEOMETRIC_REPRESENTATION_ITEM() 
RATIONAL_B_SPLINE_CURVE((1.,0.5,1.,0.5,1.,0.5,1.)) REPRESENTATION_ITEM(
  '') );
#577 = CARTESIAN_POINT('',(-17.3729,-57.2));
#578 = CARTESIAN_POINT('',(-17.3729,-45.86736477115));
#579 = CARTESIAN_POINT('',(-7.55855,-51.53368238557));
#580 = CARTESIAN_POINT('',(2.2558,-57.2));
#581 = CARTESIAN_POINT('',(-7.55855,-62.86631761442));
#582 = CARTESIAN_POINT('',(-17.3729,-68.53263522884));
#583 = CARTESIAN_POINT('',(-17.3729,-57.2));
#584 = ( GEOMETRIC_REPRESENTATION_CONTEXT(2) 
PARAMETRIC_REPRESENTATION_CONTEXT() REPRESENTATION_CONTEXT('2D SPACE',''
  ) );
#585 = PCURVE('',#586,#591);
#586 = CYLINDRICAL_SURFACE('',#587,6.5429);
#587 = AXIS2_PLACEMENT_3D('',#588,#589,#590);
#588 = CARTESIAN_POINT('',(-10.83,-57.2,208.07297573937));
#589 = DIRECTION('',(0.,0.,-1.));
#590 = DIRECTION('',(-1.,0.,0.));
#591 = DEFINITIONAL_REPRESENTATION('',(#592),#596);
#592 = LINE('',#593,#594);
#593 = CARTESIAN_POINT('',(0.,166.77297573937));
#594 = VECTOR('',#595,1.);
#595 = DIRECTION('',(1.,0.));
#596 = ( GEOMETRIC_REPRESENTATION_CONTEXT(2) 
PARAMETRIC_REPRESENTATION_CONTEXT() REPRESENTATION_CONTEXT('2D SPACE',''
  ) );
#597 = ORIENTED_EDGE('',*,*,#598,.T.);
#598 = EDGE_CURVE('',#566,#115,#599,.T.);
#599 = SURFACE_CURVE('',#600,(#605,#616),.PCURVE_S1.);
#600 = CIRCLE('',#601,6.5429);
#601 = AXIS2_PLACEMENT_3D('',#602,#603,#604);
#602 = CARTESIAN_POINT('',(-10.83,-57.2,41.3));
#603 = DIRECTION('',(0.,0.,-1.));
#604 = DIRECTION('',(-1.,0.,0.));
#605 = PCURVE('',#43,#606);
#606 = DEFINITIONAL_REPRESENTATION('',(#607),#615);
#607 = ( BOUNDED_CURVE() B_SPLINE_CURVE(2,(#608,#609,#610,#611,#612,#613
,#614),.UNSPECIFIED.,.T.,.F.) B_SPLINE_CURVE_WITH_KNOTS((1,2,2,2,2,1),(
    -2.094395102393,0.,2.094395102393,4.188790204786,6.28318530718,
8.377580409573),.UNSPECIFIED.) CURVE() GEOMETRIC_REPRESENTATION_ITEM() 
RATIONAL_B_SPLINE_CURVE((1.,0.5,1.,0.5,1.,0.5,1.)) REPRESENTATION_ITEM(
  '') );
#608 = CARTESIAN_POINT('',(-17.3729,-57.2));
#609 = CARTESIAN_POINT('',(-17.3729,-45.86736477115));
#610 = CARTESIAN_POINT('',(-7.55855,-51.53368238557));
#611 = CARTESIAN_POINT('',(2.2558,-57.2));
#612 = CARTESIAN_POINT('',(-7.55855,-62.86631761442));
#613 = CARTESIAN_POINT('',(-17.3729,-68.53263522884));
#614 = CARTESIAN_POINT('',(-17.3729,-57.2));
#615 = ( GEOMETRIC_REPRESENTATION_CONTEXT(2) 
PARAMETRIC_REPRESENTATION_CONTEXT() REPRESENTATION_CONTEXT('2D SPACE',''
  ) );
#616 = PCURVE('',#586,#617);
#617 = DEFINITIONAL_REPRESENTATION('',(#618),#622);
#618 = LINE('',#619,#620);
#619 = CARTESIAN_POINT('',(0.,166.77297573937));
#620 = VECTOR('',#621,1.);
#621 = DIRECTION('',(1.,0.));
#622 = ( GEOMETRIC_REPRESENTATION_CONTEXT(2) 
PARAMETRIC_REPRESENTATION_CONTEXT() REPRESENTATION_CONTEXT('2D SPACE',''
  ) );
#623 = ADVANCED_FACE('',(#624,#627,#657,#692,#722,#757,#792,#827,#857,
    #892,#927,#962,#997),#93,.F.);
#624 = FACE_BOUND('',#625,.F.);
#625 = EDGE_LOOP('',(#626));
#626 = ORIENTED_EDGE('',*,*,#78,.T.);
#627 = FACE_BOUND('',#628,.F.);
#628 = EDGE_LOOP('',(#629));
#629 = ORIENTED_EDGE('',*,*,#630,.T.);
#630 = EDGE_CURVE('',#631,#631,#633,.T.);
#631 = VERTEX_POINT('',#632);
#632 = CARTESIAN_POINT('',(-17.3729,-57.2,-41.3));
#633 = SURFACE_CURVE('',#634,(#639,#650),.PCURVE_S1.);
#634 = CIRCLE('',#635,6.5429);
#635 = AXIS2_PLACEMENT_3D('',#636,#637,#638);
#636 = CARTESIAN_POINT('',(-10.83,-57.2,-41.3));
#637 = DIRECTION('',(0.,0.,-1.));
#638 = DIRECTION('',(-1.,0.,0.));
#639 = PCURVE('',#93,#640);
#640 = DEFINITIONAL_REPRESENTATION('',(#641),#649);
#641 = ( BOUNDED_CURVE() B_SPLINE_CURVE(2,(#642,#643,#644,#645,#646,#647
,#648),.UNSPECIFIED.,.T.,.F.) B_SPLINE_CURVE_WITH_KNOTS((1,2,2,2,2,1),(
    -2.094395102393,0.,2.094395102393,4.188790204786,6.28318530718,
8.377580409573),.UNSPECIFIED.) CURVE() GEOMETRIC_REPRESENTATION_ITEM() 
RATIONAL_B_SPLINE_CURVE((1.,0.5,1.,0.5,1.,0.5,1.)) REPRESENTATION_ITEM(
  '') );
#642 = CARTESIAN_POINT('',(-17.3729,-57.2));
#643 = CARTESIAN_POINT('',(-17.3729,-45.86736477115));
#644 = CARTESIAN_POINT('',(-7.55855,-51.53368238557));
#645 = CARTESIAN_POINT('',(2.2558,-57.2));
#646 = CARTESIAN_POINT('',(-7.55855,-62.86631761442));
#647 = CARTESIAN_POINT('',(-17.3729,-68.53263522884));
#648 = CARTESIAN_POINT('',(-17.3729,-57.2));
#649 = ( GEOMETRIC_REPRESENTATION_CONTEXT(2) 
PARAMETRIC_REPRESENTATION_CONTEXT() REPRESENTATION_CONTEXT('2D SPACE',''
  ) );
#650 = PCURVE('',#586,#651);
#651 = DEFINITIONAL_REPRESENTATION('',(#652),#656);
#652 = LINE('',#653,#654);
#653 = CARTESIAN_POINT('',(0.,249.37297573937));
#654 = VECTOR('',#655,1.);
#655 = DIRECTION('',(1.,0.));
#656 = ( GEOMETRIC_REPRESENTATION_CONTEXT(2) 
PARAMETRIC_REPRESENTATION_CONTEXT() REPRESENTATION_CONTEXT('2D SPACE',''
  ) );
#657 = FACE_BOUND('',#658,.F.);
#658 = EDGE_LOOP('',(#659));
#659 = ORIENTED_EDGE('',*,*,#660,.T.);
#660 = EDGE_CURVE('',#661,#661,#663,.T.);
#661 = VERTEX_POINT('',#662);
#662 = CARTESIAN_POINT('',(-30.41266265883,-30.41266265883,-41.3));
#663 = SURFACE_CURVE('',#664,(#669,#680),.PCURVE_S1.);
#664 = CIRCLE('',#665,4.25);
#665 = AXIS2_PLACEMENT_3D('',#666,#667,#668);
#666 = CARTESIAN_POINT('',(-33.41786647887,-33.41786647887,-41.3));
#667 = DIRECTION('',(0.,0.,-1.));
#668 = DIRECTION('',(0.707106781187,0.707106781187,0.));
#669 = PCURVE('',#93,#670);
#670 = DEFINITIONAL_REPRESENTATION('',(#671),#679);
#671 = ( BOUNDED_CURVE() B_SPLINE_CURVE(2,(#672,#673,#674,#675,#676,#677
,#678),.UNSPECIFIED.,.T.,.F.) B_SPLINE_CURVE_WITH_KNOTS((1,2,2,2,2,1),(
    -2.094395102393,0.,2.094395102393,4.188790204786,6.28318530718,
8.377580409573),.UNSPECIFIED.) CURVE() GEOMETRIC_REPRESENTATION_ITEM() 
RATIONAL_B_SPLINE_CURVE((1.,0.5,1.,0.5,1.,0.5,1.)) REPRESENTATION_ITEM(
  '') );
#672 = CARTESIAN_POINT('',(-30.41266265883,-30.41266265883));
#673 = CARTESIAN_POINT('',(-25.20749695541,-35.61782836224));
#674 = CARTESIAN_POINT('',(-32.31788553719,-37.5230512406));
#675 = CARTESIAN_POINT('',(-39.42827411896,-39.42827411896));
#676 = CARTESIAN_POINT('',(-37.5230512406,-32.31788553719));
#677 = CARTESIAN_POINT('',(-35.61782836224,-25.20749695541));
#678 = CARTESIAN_POINT('',(-30.41266265883,-30.41266265883));
#679 = ( GEOMETRIC_REPRESENTATION_CONTEXT(2) 
PARAMETRIC_REPRESENTATION_CONTEXT() REPRESENTATION_CONTEXT('2D SPACE',''
  ) );
#680 = PCURVE('',#681,#686);
#681 = CYLINDRICAL_SURFACE('',#682,4.25);
#682 = AXIS2_PLACEMENT_3D('',#683,#684,#685);
#683 = CARTESIAN_POINT('',(-33.41786647887,-33.41786647887,
    208.07297565998));
#684 = DIRECTION('',(0.,-0.,-1.));
#685 = DIRECTION('',(0.707106781187,0.707106781187,0.));
#686 = DEFINITIONAL_REPRESENTATION('',(#687),#691);
#687 = LINE('',#688,#689);
#688 = CARTESIAN_POINT('',(4.26642158859E-17,249.37297565998));
#689 = VECTOR('',#690,1.);
#690 = DIRECTION('',(1.,0.));
#691 = ( GEOMETRIC_REPRESENTATION_CONTEXT(2) 
PARAMETRIC_REPRESENTATION_CONTEXT() REPRESENTATION_CONTEXT('2D SPACE',''
  ) );
#692 = FACE_BOUND('',#693,.F.);
#693 = EDGE_LOOP('',(#694));
#694 = ORIENTED_EDGE('',*,*,#695,.T.);
#695 = EDGE_CURVE('',#696,#696,#698,.T.);
#696 = VERTEX_POINT('',#697);
#697 = CARTESIAN_POINT('',(4.2871,-57.2,-41.3));
#698 = SURFACE_CURVE('',#699,(#704,#715),.PCURVE_S1.);
#699 = CIRCLE('',#700,6.5429);
#700 = AXIS2_PLACEMENT_3D('',#701,#702,#703);
#701 = CARTESIAN_POINT('',(10.83,-57.2,-41.3));
#702 = DIRECTION('',(0.,0.,-1.));
#703 = DIRECTION('',(-1.,0.,0.));
#704 = PCURVE('',#93,#705);
#705 = DEFINITIONAL_REPRESENTATION('',(#706),#714);
#706 = ( BOUNDED_CURVE() B_SPLINE_CURVE(2,(#707,#708,#709,#710,#711,#712
,#713),.UNSPECIFIED.,.T.,.F.) B_SPLINE_CURVE_WITH_KNOTS((1,2,2,2,2,1),(
    -2.094395102393,0.,2.094395102393,4.188790204786,6.28318530718,
8.377580409573),.UNSPECIFIED.) CURVE() GEOMETRIC_REPRESENTATION_ITEM() 
RATIONAL_B_SPLINE_CURVE((1.,0.5,1.,0.5,1.,0.5,1.)) REPRESENTATION_ITEM(
  '') );
#707 = CARTESIAN_POINT('',(4.2871,-57.2));
#708 = CARTESIAN_POINT('',(4.2871,-45.86736477115));
#709 = CARTESIAN_POINT('',(14.10145,-51.53368238557));
#710 = CARTESIAN_POINT('',(23.9158,-57.2));
#711 = CARTESIAN_POINT('',(14.10145,-62.86631761442));
#712 = CARTESIAN_POINT('',(4.2871,-68.53263522884));
#713 = CARTESIAN_POINT('',(4.2871,-57.2));
#714 = ( GEOMETRIC_REPRESENTATION_CONTEXT(2) 
PARAMETRIC_REPRESENTATION_CONTEXT() REPRESENTATION_CONTEXT('2D SPACE',''
  ) );
#715 = PCURVE('',#501,#716);
#716 = DEFINITIONAL_REPRESENTATION('',(#717),#721);
#717 = LINE('',#718,#719);
#718 = CARTESIAN_POINT('',(0.,249.37297573937));
#719 = VECTOR('',#720,1.);
#720 = DIRECTION('',(1.,0.));
#721 = ( GEOMETRIC_REPRESENTATION_CONTEXT(2) 
PARAMETRIC_REPRESENTATION_CONTEXT() REPRESENTATION_CONTEXT('2D SPACE',''
  ) );
#722 = FACE_BOUND('',#723,.F.);
#723 = EDGE_LOOP('',(#724));
#724 = ORIENTED_EDGE('',*,*,#725,.T.);
#725 = EDGE_CURVE('',#726,#726,#728,.T.);
#726 = VERTEX_POINT('',#727);
#727 = CARTESIAN_POINT('',(-1.05910882371E-14,-43.01,-41.3));
#728 = SURFACE_CURVE('',#729,(#734,#745),.PCURVE_S1.);
#729 = CIRCLE('',#730,4.25);
#730 = AXIS2_PLACEMENT_3D('',#731,#732,#733);
#731 = CARTESIAN_POINT('',(-1.049382802876E-14,-47.26,-41.3));
#732 = DIRECTION('',(0.,0.,-1.));
#733 = DIRECTION('',(2.22044604925E-16,1.,0.));
#734 = PCURVE('',#93,#735);
#735 = DEFINITIONAL_REPRESENTATION('',(#736),#744);
#736 = ( BOUNDED_CURVE() B_SPLINE_CURVE(2,(#737,#738,#739,#740,#741,#742
,#743),.UNSPECIFIED.,.T.,.F.) B_SPLINE_CURVE_WITH_KNOTS((1,2,2,2,2,1),(
    -2.094395102393,0.,2.094395102393,4.188790204786,6.28318530718,
8.377580409573),.UNSPECIFIED.) CURVE() GEOMETRIC_REPRESENTATION_ITEM() 
RATIONAL_B_SPLINE_CURVE((1.,0.5,1.,0.5,1.,0.5,1.)) REPRESENTATION_ITEM(
  '') );
#737 = CARTESIAN_POINT('',(-9.550138457826E-15,-43.01));
#738 = CARTESIAN_POINT('',(7.361215932168,-43.01));
#739 = CARTESIAN_POINT('',(3.680607966084,-49.385));
#740 = CARTESIAN_POINT('',(-1.134025739134E-14,-55.76));
#741 = CARTESIAN_POINT('',(-3.680607966084,-49.385));
#742 = CARTESIAN_POINT('',(-7.361215932168,-43.01));
#743 = CARTESIAN_POINT('',(-9.550138457826E-15,-43.01));
#744 = ( GEOMETRIC_REPRESENTATION_CONTEXT(2) 
PARAMETRIC_REPRESENTATION_CONTEXT() REPRESENTATION_CONTEXT('2D SPACE',''
  ) );
#745 = PCURVE('',#746,#751);
#746 = CYLINDRICAL_SURFACE('',#747,4.25);
#747 = AXIS2_PLACEMENT_3D('',#748,#749,#750);
#748 = CARTESIAN_POINT('',(-1.049382802876E-14,-47.26,208.07297565998));
#749 = DIRECTION('',(0.,-0.,-1.));
#750 = DIRECTION('',(2.22044604925E-16,1.,0.));
#751 = DEFINITIONAL_REPRESENTATION('',(#752),#756);
#752 = LINE('',#753,#754);
#753 = CARTESIAN_POINT('',(0.,249.37297565998));
#754 = VECTOR('',#755,1.);
#755 = DIRECTION('',(1.,0.));
#756 = ( GEOMETRIC_REPRESENTATION_CONTEXT(2) 
PARAMETRIC_REPRESENTATION_CONTEXT() REPRESENTATION_CONTEXT('2D SPACE',''
  ) );
#757 = FACE_BOUND('',#758,.F.);
#758 = EDGE_LOOP('',(#759));
#759 = ORIENTED_EDGE('',*,*,#760,.T.);
#760 = EDGE_CURVE('',#761,#761,#763,.T.);
#761 = VERTEX_POINT('',#762);
#762 = CARTESIAN_POINT('',(30.412662658833,-30.41266265883,-41.3));
#763 = SURFACE_CURVE('',#764,(#769,#780),.PCURVE_S1.);
#764 = CIRCLE('',#765,4.25);
#765 = AXIS2_PLACEMENT_3D('',#766,#767,#768);
#766 = CARTESIAN_POINT('',(33.417866478876,-33.41786647887,-41.3));
#767 = DIRECTION('',(0.,0.,-1.));
#768 = DIRECTION('',(-0.707106781187,0.707106781187,0.));
#769 = PCURVE('',#93,#770);
#770 = DEFINITIONAL_REPRESENTATION('',(#771),#779);
#771 = ( BOUNDED_CURVE() B_SPLINE_CURVE(2,(#772,#773,#774,#775,#776,#777
,#778),.UNSPECIFIED.,.T.,.F.) B_SPLINE_CURVE_WITH_KNOTS((1,2,2,2,2,1),(
    -2.094395102393,0.,2.094395102393,4.188790204786,6.28318530718,
8.377580409573),.UNSPECIFIED.) CURVE() GEOMETRIC_REPRESENTATION_ITEM() 
RATIONAL_B_SPLINE_CURVE((1.,0.5,1.,0.5,1.,0.5,1.)) REPRESENTATION_ITEM(
  '') );
#772 = CARTESIAN_POINT('',(30.412662658833,-30.41266265883));
#773 = CARTESIAN_POINT('',(35.617828362248,-25.20749695541));
#774 = CARTESIAN_POINT('',(37.523051240605,-32.31788553719));
#775 = CARTESIAN_POINT('',(39.428274118962,-39.42827411896));
#776 = CARTESIAN_POINT('',(32.317885537191,-37.5230512406));
#777 = CARTESIAN_POINT('',(25.207496955419,-35.61782836224));
#778 = CARTESIAN_POINT('',(30.412662658833,-30.41266265883));
#779 = ( GEOMETRIC_REPRESENTATION_CONTEXT(2) 
PARAMETRIC_REPRESENTATION_CONTEXT() REPRESENTATION_CONTEXT('2D SPACE',''
  ) );
#780 = PCURVE('',#781,#786);
#781 = CYLINDRICAL_SURFACE('',#782,4.25);
#782 = AXIS2_PLACEMENT_3D('',#783,#784,#785);
#783 = CARTESIAN_POINT('',(33.417866478876,-33.41786647887,
    208.07297565998));
#784 = DIRECTION('',(0.,0.,-1.));
#785 = DIRECTION('',(-0.707106781187,0.707106781187,0.));
#786 = DEFINITIONAL_REPRESENTATION('',(#787),#791);
#787 = LINE('',#788,#789);
#788 = CARTESIAN_POINT('',(0.,249.37297565998));
#789 = VECTOR('',#790,1.);
#790 = DIRECTION('',(1.,0.));
#791 = ( GEOMETRIC_REPRESENTATION_CONTEXT(2) 
PARAMETRIC_REPRESENTATION_CONTEXT() REPRESENTATION_CONTEXT('2D SPACE',''
  ) );
#792 = FACE_BOUND('',#793,.F.);
#793 = EDGE_LOOP('',(#794));
#794 = ORIENTED_EDGE('',*,*,#795,.T.);
#795 = EDGE_CURVE('',#796,#796,#798,.T.);
#796 = VERTEX_POINT('',#797);
#797 = CARTESIAN_POINT('',(-43.01,6.308155662408E-15,-41.3));
#798 = SURFACE_CURVE('',#799,(#804,#815),.PCURVE_S1.);
#799 = CIRCLE('',#800,4.25);
#800 = AXIS2_PLACEMENT_3D('',#801,#802,#803);
#801 = CARTESIAN_POINT('',(-47.26,5.78768077277E-15,-41.3));
#802 = DIRECTION('',(-0.,0.,-1.));
#803 = DIRECTION('',(1.,-1.224646799147E-16,-0.));
#804 = PCURVE('',#93,#805);
#805 = DEFINITIONAL_REPRESENTATION('',(#806),#814);
#806 = ( BOUNDED_CURVE() B_SPLINE_CURVE(2,(#807,#808,#809,#810,#811,#812
,#813),.UNSPECIFIED.,.T.,.F.) B_SPLINE_CURVE_WITH_KNOTS((1,2,2,2,2,1),(
    -2.094395102393,0.,2.094395102393,4.188790204786,6.28318530718,
8.377580409573),.UNSPECIFIED.) CURVE() GEOMETRIC_REPRESENTATION_ITEM() 
RATIONAL_B_SPLINE_CURVE((1.,0.5,1.,0.5,1.,0.5,1.)) REPRESENTATION_ITEM(
  '') );
#807 = CARTESIAN_POINT('',(-43.01,5.267205883133E-15));
#808 = CARTESIAN_POINT('',(-43.01,-7.361215932168));
#809 = CARTESIAN_POINT('',(-49.385,-3.680607966084));
#810 = CARTESIAN_POINT('',(-55.76,5.78768077277E-15));
#811 = CARTESIAN_POINT('',(-49.385,3.680607966084));
#812 = CARTESIAN_POINT('',(-43.01,7.361215932168));
#813 = CARTESIAN_POINT('',(-43.01,5.267205883133E-15));
#814 = ( GEOMETRIC_REPRESENTATION_CONTEXT(2) 
PARAMETRIC_REPRESENTATION_CONTEXT() REPRESENTATION_CONTEXT('2D SPACE',''
  ) );
#815 = PCURVE('',#816,#821);
#816 = CYLINDRICAL_SURFACE('',#817,4.25);
#817 = AXIS2_PLACEMENT_3D('',#818,#819,#820);
#818 = CARTESIAN_POINT('',(-47.26,5.78768077277E-15,208.07297565998));
#819 = DIRECTION('',(-0.,0.,-1.));
#820 = DIRECTION('',(1.,-1.224646799147E-16,0.));
#821 = DEFINITIONAL_REPRESENTATION('',(#822),#826);
#822 = LINE('',#823,#824);
#823 = CARTESIAN_POINT('',(0.,249.37297565998));
#824 = VECTOR('',#825,1.);
#825 = DIRECTION('',(1.,0.));
#826 = ( GEOMETRIC_REPRESENTATION_CONTEXT(2) 
PARAMETRIC_REPRESENTATION_CONTEXT() REPRESENTATION_CONTEXT('2D SPACE',''
  ) );
#827 = FACE_BOUND('',#828,.F.);
#828 = EDGE_LOOP('',(#829));
#829 = ORIENTED_EDGE('',*,*,#830,.T.);
#830 = EDGE_CURVE('',#831,#831,#833,.T.);
#831 = VERTEX_POINT('',#832);
#832 = CARTESIAN_POINT('',(-53.4429,12.,-41.3));
#833 = SURFACE_CURVE('',#834,(#839,#850),.PCURVE_S1.);
#834 = CIRCLE('',#835,6.5429);
#835 = AXIS2_PLACEMENT_3D('',#836,#837,#838);
#836 = CARTESIAN_POINT('',(-46.9,12.,-41.3));
#837 = DIRECTION('',(0.,0.,-1.));
#838 = DIRECTION('',(-1.,0.,0.));
#839 = PCURVE('',#93,#840);
#840 = DEFINITIONAL_REPRESENTATION('',(#841),#849);
#841 = ( BOUNDED_CURVE() B_SPLINE_CURVE(2,(#842,#843,#844,#845,#846,#847
,#848),.UNSPECIFIED.,.T.,.F.) B_SPLINE_CURVE_WITH_KNOTS((1,2,2,2,2,1),(
    -2.094395102393,0.,2.094395102393,4.188790204786,6.28318530718,
8.377580409573),.UNSPECIFIED.) CURVE() GEOMETRIC_REPRESENTATION_ITEM() 
RATIONAL_B_SPLINE_CURVE((1.,0.5,1.,0.5,1.,0.5,1.)) REPRESENTATION_ITEM(
  '') );
#842 = CARTESIAN_POINT('',(-53.4429,12.));
#843 = CARTESIAN_POINT('',(-53.4429,23.332635228842));
#844 = CARTESIAN_POINT('',(-43.62855,17.666317614421));
#845 = CARTESIAN_POINT('',(-33.8142,12.));
#846 = CARTESIAN_POINT('',(-43.62855,6.333682385579));
#847 = CARTESIAN_POINT('',(-53.4429,0.667364771158));
#848 = CARTESIAN_POINT('',(-53.4429,12.));
#849 = ( GEOMETRIC_REPRESENTATION_CONTEXT(2) 
PARAMETRIC_REPRESENTATION_CONTEXT() REPRESENTATION_CONTEXT('2D SPACE',''
  ) );
#850 = PCURVE('',#221,#851);
#851 = DEFINITIONAL_REPRESENTATION('',(#852),#856);
#852 = LINE('',#853,#854);
#853 = CARTESIAN_POINT('',(0.,249.37297573937));
#854 = VECTOR('',#855,1.);
#855 = DIRECTION('',(1.,0.));
#856 = ( GEOMETRIC_REPRESENTATION_CONTEXT(2) 
PARAMETRIC_REPRESENTATION_CONTEXT() REPRESENTATION_CONTEXT('2D SPACE',''
  ) );
#857 = FACE_BOUND('',#858,.F.);
#858 = EDGE_LOOP('',(#859));
#859 = ORIENTED_EDGE('',*,*,#860,.T.);
#860 = EDGE_CURVE('',#861,#861,#863,.T.);
#861 = VERTEX_POINT('',#862);
#862 = CARTESIAN_POINT('',(-30.41266265883,30.412662658833,-41.3));
#863 = SURFACE_CURVE('',#864,(#869,#880),.PCURVE_S1.);
#864 = CIRCLE('',#865,4.25);
#865 = AXIS2_PLACEMENT_3D('',#866,#867,#868);
#866 = CARTESIAN_POINT('',(-33.41786647887,33.417866478876,-41.3));
#867 = DIRECTION('',(-0.,0.,-1.));
#868 = DIRECTION('',(0.707106781187,-0.707106781187,-0.));
#869 = PCURVE('',#93,#870);
#870 = DEFINITIONAL_REPRESENTATION('',(#871),#879);
#871 = ( BOUNDED_CURVE() B_SPLINE_CURVE(2,(#872,#873,#874,#875,#876,#877
,#878),.UNSPECIFIED.,.T.,.F.) B_SPLINE_CURVE_WITH_KNOTS((1,2,2,2,2,1),(
    -2.094395102393,0.,2.094395102393,4.188790204786,6.28318530718,
8.377580409573),.UNSPECIFIED.) CURVE() GEOMETRIC_REPRESENTATION_ITEM() 
RATIONAL_B_SPLINE_CURVE((1.,0.5,1.,0.5,1.,0.5,1.)) REPRESENTATION_ITEM(
  '') );
#872 = CARTESIAN_POINT('',(-30.41266265883,30.412662658833));
#873 = CARTESIAN_POINT('',(-35.61782836224,25.207496955419));
#874 = CARTESIAN_POINT('',(-37.5230512406,32.317885537191));
#875 = CARTESIAN_POINT('',(-39.42827411896,39.428274118962));
#876 = CARTESIAN_POINT('',(-32.31788553719,37.523051240605));
#877 = CARTESIAN_POINT('',(-25.20749695541,35.617828362248));
#878 = CARTESIAN_POINT('',(-30.41266265883,30.412662658833));
#879 = ( GEOMETRIC_REPRESENTATION_CONTEXT(2) 
PARAMETRIC_REPRESENTATION_CONTEXT() REPRESENTATION_CONTEXT('2D SPACE',''
  ) );
#880 = PCURVE('',#881,#886);
#881 = CYLINDRICAL_SURFACE('',#882,4.25);
#882 = AXIS2_PLACEMENT_3D('',#883,#884,#885);
#883 = CARTESIAN_POINT('',(-33.41786647887,33.417866478876,
    208.07297565998));
#884 = DIRECTION('',(-0.,0.,-1.));
#885 = DIRECTION('',(0.707106781187,-0.707106781187,0.));
#886 = DEFINITIONAL_REPRESENTATION('',(#887),#891);
#887 = LINE('',#888,#889);
#888 = CARTESIAN_POINT('',(0.,249.37297565998));
#889 = VECTOR('',#890,1.);
#890 = DIRECTION('',(1.,0.));
#891 = ( GEOMETRIC_REPRESENTATION_CONTEXT(2) 
PARAMETRIC_REPRESENTATION_CONTEXT() REPRESENTATION_CONTEXT('2D SPACE',''
  ) );
#892 = FACE_BOUND('',#893,.F.);
#893 = EDGE_LOOP('',(#894));
#894 = ORIENTED_EDGE('',*,*,#895,.T.);
#895 = EDGE_CURVE('',#896,#896,#898,.T.);
#896 = VERTEX_POINT('',#897);
#897 = CARTESIAN_POINT('',(-40.2325,-9.854120469339E-15,-41.3));
#898 = SURFACE_CURVE('',#899,(#904,#915),.PCURVE_S1.);
#899 = CIRCLE('',#900,40.2325);
#900 = AXIS2_PLACEMENT_3D('',#901,#902,#903);
#901 = CARTESIAN_POINT('',(0.,0.,-41.3));
#902 = DIRECTION('',(0.,0.,-1.));
#903 = DIRECTION('',(-1.,0.,-0.));
#904 = PCURVE('',#93,#905);
#905 = DEFINITIONAL_REPRESENTATION('',(#906),#914);
#906 = ( BOUNDED_CURVE() B_SPLINE_CURVE(2,(#907,#908,#909,#910,#911,#912
,#913),.UNSPECIFIED.,.T.,.F.) B_SPLINE_CURVE_WITH_KNOTS((1,2,2,2,2,1),(
    -2.094395102393,0.,2.094395102393,4.188790204786,6.28318530718,
8.377580409573),.UNSPECIFIED.) CURVE() GEOMETRIC_REPRESENTATION_ITEM() 
RATIONAL_B_SPLINE_CURVE((1.,0.5,1.,0.5,1.,0.5,1.)) REPRESENTATION_ITEM(
  '') );
#907 = CARTESIAN_POINT('',(-40.2325,0.));
#908 = CARTESIAN_POINT('',(-40.2325,69.684734115515));
#909 = CARTESIAN_POINT('',(20.11625,34.842367057757));
#910 = CARTESIAN_POINT('',(80.465,9.854120469339E-15));
#911 = CARTESIAN_POINT('',(20.11625,-34.84236705775));
#912 = CARTESIAN_POINT('',(-40.2325,-69.68473411551));
#913 = CARTESIAN_POINT('',(-40.2325,0.));
#914 = ( GEOMETRIC_REPRESENTATION_CONTEXT(2) 
PARAMETRIC_REPRESENTATION_CONTEXT() REPRESENTATION_CONTEXT('2D SPACE',''
  ) );
#915 = PCURVE('',#916,#921);
#916 = CYLINDRICAL_SURFACE('',#917,40.2325);
#917 = AXIS2_PLACEMENT_3D('',#918,#919,#920);
#918 = CARTESIAN_POINT('',(0.,0.,208.07297565998));
#919 = DIRECTION('',(0.,0.,-1.));
#920 = DIRECTION('',(-1.,0.,-0.));
#921 = DEFINITIONAL_REPRESENTATION('',(#922),#926);
#922 = LINE('',#923,#924);
#923 = CARTESIAN_POINT('',(0.,249.37297565998));
#924 = VECTOR('',#925,1.);
#925 = DIRECTION('',(1.,0.));
#926 = ( GEOMETRIC_REPRESENTATION_CONTEXT(2) 
PARAMETRIC_REPRESENTATION_CONTEXT() REPRESENTATION_CONTEXT('2D SPACE',''
  ) );
#927 = FACE_BOUND('',#928,.F.);
#928 = EDGE_LOOP('',(#929));
#929 = ORIENTED_EDGE('',*,*,#930,.T.);
#930 = EDGE_CURVE('',#931,#931,#933,.T.);
#931 = VERTEX_POINT('',#932);
#932 = CARTESIAN_POINT('',(43.01,-1.040949779275E-15,-41.3));
#933 = SURFACE_CURVE('',#934,(#939,#950),.PCURVE_S1.);
#934 = CIRCLE('',#935,4.25);
#935 = AXIS2_PLACEMENT_3D('',#936,#937,#938);
#936 = CARTESIAN_POINT('',(47.26,0.,-41.3));
#937 = DIRECTION('',(0.,0.,-1.));
#938 = DIRECTION('',(-1.,0.,0.));
#939 = PCURVE('',#93,#940);
#940 = DEFINITIONAL_REPRESENTATION('',(#941),#949);
#941 = ( BOUNDED_CURVE() B_SPLINE_CURVE(2,(#942,#943,#944,#945,#946,#947
,#948),.UNSPECIFIED.,.T.,.F.) B_SPLINE_CURVE_WITH_KNOTS((1,2,2,2,2,1),(
    -2.094395102393,0.,2.094395102393,4.188790204786,6.28318530718,
8.377580409573),.UNSPECIFIED.) CURVE() GEOMETRIC_REPRESENTATION_ITEM() 
RATIONAL_B_SPLINE_CURVE((1.,0.5,1.,0.5,1.,0.5,1.)) REPRESENTATION_ITEM(
  '') );
#942 = CARTESIAN_POINT('',(43.01,0.));
#943 = CARTESIAN_POINT('',(43.01,7.361215932168));
#944 = CARTESIAN_POINT('',(49.385,3.680607966084));
#945 = CARTESIAN_POINT('',(55.76,1.040949779275E-15));
#946 = CARTESIAN_POINT('',(49.385,-3.680607966084));
#947 = CARTESIAN_POINT('',(43.01,-7.361215932168));
#948 = CARTESIAN_POINT('',(43.01,0.));
#949 = ( GEOMETRIC_REPRESENTATION_CONTEXT(2) 
PARAMETRIC_REPRESENTATION_CONTEXT() REPRESENTATION_CONTEXT('2D SPACE',''
  ) );
#950 = PCURVE('',#951,#956);
#951 = CYLINDRICAL_SURFACE('',#952,4.25);
#952 = AXIS2_PLACEMENT_3D('',#953,#954,#955);
#953 = CARTESIAN_POINT('',(47.26,0.,208.07297565998));
#954 = DIRECTION('',(0.,0.,-1.));
#955 = DIRECTION('',(-1.,0.,0.));
#956 = DEFINITIONAL_REPRESENTATION('',(#957),#961);
#957 = LINE('',#958,#959);
#958 = CARTESIAN_POINT('',(0.,249.37297565998));
#959 = VECTOR('',#960,1.);
#960 = DIRECTION('',(1.,0.));
#961 = ( GEOMETRIC_REPRESENTATION_CONTEXT(2) 
PARAMETRIC_REPRESENTATION_CONTEXT() REPRESENTATION_CONTEXT('2D SPACE',''
  ) );
#962 = FACE_BOUND('',#963,.F.);
#963 = EDGE_LOOP('',(#964));
#964 = ORIENTED_EDGE('',*,*,#965,.T.);
#965 = EDGE_CURVE('',#966,#966,#968,.T.);
#966 = VERTEX_POINT('',#967);
#967 = CARTESIAN_POINT('',(5.816019008188E-15,43.01,-41.3));
#968 = SURFACE_CURVE('',#969,(#974,#985),.PCURVE_S1.);
#969 = CIRCLE('',#970,4.25);
#970 = AXIS2_PLACEMENT_3D('',#971,#972,#973);
#971 = CARTESIAN_POINT('',(5.246914014378E-15,47.26,-41.3));
#972 = DIRECTION('',(0.,0.,-1.));
#973 = DIRECTION('',(-1.110223024625E-16,-1.,-0.));
#974 = PCURVE('',#93,#975);
#975 = DEFINITIONAL_REPRESENTATION('',(#976),#984);
#976 = ( BOUNDED_CURVE() B_SPLINE_CURVE(2,(#977,#978,#979,#980,#981,#982
,#983),.UNSPECIFIED.,.T.,.F.) B_SPLINE_CURVE_WITH_KNOTS((1,2,2,2,2,1),(
    -2.094395102393,0.,2.094395102393,4.188790204786,6.28318530718,
8.377580409573),.UNSPECIFIED.) CURVE() GEOMETRIC_REPRESENTATION_ITEM() 
RATIONAL_B_SPLINE_CURVE((1.,0.5,1.,0.5,1.,0.5,1.)) REPRESENTATION_ITEM(
  '') );
#977 = CARTESIAN_POINT('',(4.775069228913E-15,43.01));
#978 = CARTESIAN_POINT('',(-7.361215932168,43.01));
#979 = CARTESIAN_POINT('',(-3.680607966084,49.385));
#980 = CARTESIAN_POINT('',(5.149653806035E-15,55.76));
#981 = CARTESIAN_POINT('',(3.680607966084,49.385));
#982 = CARTESIAN_POINT('',(7.361215932168,43.01));
#983 = CARTESIAN_POINT('',(4.775069228913E-15,43.01));
#984 = ( GEOMETRIC_REPRESENTATION_CONTEXT(2) 
PARAMETRIC_REPRESENTATION_CONTEXT() REPRESENTATION_CONTEXT('2D SPACE',''
  ) );
#985 = PCURVE('',#986,#991);
#986 = CYLINDRICAL_SURFACE('',#987,4.25);
#987 = AXIS2_PLACEMENT_3D('',#988,#989,#990);
#988 = CARTESIAN_POINT('',(5.246914014378E-15,47.26,208.07297565998));
#989 = DIRECTION('',(0.,0.,-1.));
#990 = DIRECTION('',(-1.110223024625E-16,-1.,0.));
#991 = DEFINITIONAL_REPRESENTATION('',(#992),#996);
#992 = LINE('',#993,#994);
#993 = CARTESIAN_POINT('',(0.,249.37297565998));
#994 = VECTOR('',#995,1.);
#995 = DIRECTION('',(1.,0.));
#996 = ( GEOMETRIC_REPRESENTATION_CONTEXT(2) 
PARAMETRIC_REPRESENTATION_CONTEXT() REPRESENTATION_CONTEXT('2D SPACE',''
  ) );
#997 = FACE_BOUND('',#998,.F.);
#998 = EDGE_LOOP('',(#999));
#999 = ORIENTED_EDGE('',*,*,#1000,.T.);
#1000 = EDGE_CURVE('',#1001,#1001,#1003,.T.);
#1001 = VERTEX_POINT('',#1002);
#1002 = CARTESIAN_POINT('',(30.412662658833,30.412662658833,-41.3));
#1003 = SURFACE_CURVE('',#1004,(#1009,#1020),.PCURVE_S1.);
#1004 = CIRCLE('',#1005,4.25);
#1005 = AXIS2_PLACEMENT_3D('',#1006,#1007,#1008);
#1006 = CARTESIAN_POINT('',(33.417866478876,33.417866478876,-41.3));
#1007 = DIRECTION('',(0.,0.,-1.));
#1008 = DIRECTION('',(-0.707106781187,-0.707106781187,-0.));
#1009 = PCURVE('',#93,#1010);
#1010 = DEFINITIONAL_REPRESENTATION('',(#1011),#1019);
#1011 = ( BOUNDED_CURVE() B_SPLINE_CURVE(2,(#1012,#1013,#1014,#1015,
#1016,#1017,#1018),.UNSPECIFIED.,.T.,.F.) B_SPLINE_CURVE_WITH_KNOTS((1,2
    ,2,2,2,1),(-2.094395102393,0.,2.094395102393,4.188790204786,
6.28318530718,8.377580409573),.UNSPECIFIED.) CURVE() 
GEOMETRIC_REPRESENTATION_ITEM() RATIONAL_B_SPLINE_CURVE((1.,0.5,1.,0.5,
1.,0.5,1.)) REPRESENTATION_ITEM('') );
#1012 = CARTESIAN_POINT('',(30.412662658833,30.412662658833));
#1013 = CARTESIAN_POINT('',(25.207496955419,35.617828362248));
#1014 = CARTESIAN_POINT('',(32.317885537191,37.523051240605));
#1015 = CARTESIAN_POINT('',(39.428274118962,39.428274118962));
#1016 = CARTESIAN_POINT('',(37.523051240605,32.317885537191));
#1017 = CARTESIAN_POINT('',(35.617828362248,25.207496955419));
#1018 = CARTESIAN_POINT('',(30.412662658833,30.412662658833));
#1019 = ( GEOMETRIC_REPRESENTATION_CONTEXT(2) 
PARAMETRIC_REPRESENTATION_CONTEXT() REPRESENTATION_CONTEXT('2D SPACE',''
  ) );
#1020 = PCURVE('',#1021,#1026);
#1021 = CYLINDRICAL_SURFACE('',#1022,4.25);
#1022 = AXIS2_PLACEMENT_3D('',#1023,#1024,#1025);
#1023 = CARTESIAN_POINT('',(33.417866478876,33.417866478876,
    208.07297565998));
#1024 = DIRECTION('',(0.,0.,-1.));
#1025 = DIRECTION('',(-0.707106781187,-0.707106781187,0.));
#1026 = DEFINITIONAL_REPRESENTATION('',(#1027),#1031);
#1027 = LINE('',#1028,#1029);
#1028 = CARTESIAN_POINT('',(1.014653635757E-17,249.37297565998));
#1029 = VECTOR('',#1030,1.);
#1030 = DIRECTION('',(1.,0.));
#1031 = ( GEOMETRIC_REPRESENTATION_CONTEXT(2) 
PARAMETRIC_REPRESENTATION_CONTEXT() REPRESENTATION_CONTEXT('2D SPACE',''
  ) );
#1032 = ADVANCED_FACE('',(#1033,#5836,#6656,#7476),#131,.F.);
#1033 = FACE_BOUND('',#1034,.F.);
#1034 = EDGE_LOOP('',(#1035,#1498,#1519,#1520,#1558,#1587,#1880,#2173,
    #2197,#2245,#2246,#2369,#2370,#2493,#2494,#2532,#2561,#2854,#3147,
    #3171,#3219,#3220,#3910,#3911,#3949,#3978,#4271,#4564,#4588,#4636,
    #4637,#4675,#4704,#4997,#5290,#5314,#5368,#5369,#5370,#5766,#5789,
    #5813,#5835));
#1035 = ORIENTED_EDGE('',*,*,#1036,.F.);
#1036 = EDGE_CURVE('',#1037,#1039,#1041,.T.);
#1037 = VERTEX_POINT('',#1038);
#1038 = CARTESIAN_POINT('',(51.51,-1.261631132482E-14,39.96318585978));
#1039 = VERTEX_POINT('',#1040);
#1040 = CARTESIAN_POINT('',(43.01,-5.78768077277E-15,-0.103528498001));
#1041 = SURFACE_CURVE('',#1042,(#1192,#1345),.PCURVE_S1.);
#1042 = B_SPLINE_CURVE_WITH_KNOTS('',8,(#1043,#1044,#1045,#1046,#1047,
    #1048,#1049,#1050,#1051,#1052,#1053,#1054,#1055,#1056,#1057,#1058,
    #1059,#1060,#1061,#1062,#1063,#1064,#1065,#1066,#1067,#1068,#1069,
    #1070,#1071,#1072,#1073,#1074,#1075,#1076,#1077,#1078,#1079,#1080,
    #1081,#1082,#1083,#1084,#1085,#1086,#1087,#1088,#1089,#1090,#1091,
    #1092,#1093,#1094,#1095,#1096,#1097,#1098,#1099,#1100,#1101,#1102,
    #1103,#1104,#1105,#1106,#1107,#1108,#1109,#1110,#1111,#1112,#1113,
    #1114,#1115,#1116,#1117,#1118,#1119,#1120,#1121,#1122,#1123,#1124,
    #1125,#1126,#1127,#1128,#1129,#1130,#1131,#1132,#1133,#1134,#1135,
    #1136,#1137,#1138,#1139,#1140,#1141,#1142,#1143,#1144,#1145,#1146,
    #1147,#1148,#1149,#1150,#1151,#1152,#1153,#1154,#1155,#1156,#1157,
    #1158,#1159,#1160,#1161,#1162,#1163,#1164,#1165,#1166,#1167,#1168,
    #1169,#1170,#1171,#1172,#1173,#1174,#1175,#1176,#1177,#1178,#1179,
    #1180,#1181,#1182,#1183,#1184,#1185,#1186,#1187,#1188,#1189,#1190,
    #1191),.UNSPECIFIED.,.F.,.F.,(9,7,7,7,7,7,7,7,7,7,7,7,7,7,7,7,7,7,7,
    7,7,9),(0.,4.062539120205E-03,7.002209457645E-03,1.244343652983E-02,
    1.980509798898E-02,3.078363216029E-02,6.311790604442E-02,
    9.653821398386E-02,0.136733398173,0.241587894326,0.368133719511,
    0.522928192507,0.706530299239,0.789533302102,0.862093063245,
    0.902048376584,0.93601161595,0.968704479522,0.984626064935,
    0.993274246306,0.99641760217,1.),.UNSPECIFIED.);
#1043 = CARTESIAN_POINT('',(51.51,8.881784197001E-16,39.96318585978));
#1044 = CARTESIAN_POINT('',(51.51,-3.567209806867E-02,39.96318585978));
#1045 = CARTESIAN_POINT('',(51.509657809973,-7.132967706185E-02,
    39.961705952561));
#1046 = CARTESIAN_POINT('',(51.508973937418,-0.106740788666,
    39.958748335428));
#1047 = CARTESIAN_POINT('',(51.507961157937,-0.141722247748,
    39.954368205943));
#1048 = CARTESIAN_POINT('',(51.506640423109,-0.176129612067,
    39.948656077306));
#1049 = CARTESIAN_POINT('',(51.505037615903,-0.209849348532,
    39.941723762139));
#1050 = CARTESIAN_POINT('',(51.503181153627,-0.242793186021,
    39.933694024652));
#1051 = CARTESIAN_POINT('',(51.499594824179,-0.298123412095,
    39.918181374137));
#1052 = CARTESIAN_POINT('',(51.497970734037,-0.320927042044,
    39.911156180727));
#1053 = CARTESIAN_POINT('',(51.496237972694,-0.343296385746,
    39.903660675372));
#1054 = CARTESIAN_POINT('',(51.494405917705,-0.365228373759,
    39.89573536742));
#1055 = CARTESIAN_POINT('',(51.492483355214,-0.386725305761,
    39.887418211089));
#1056 = CARTESIAN_POINT('',(51.490478315691,-0.407794130254,
    39.878743895403));
#1057 = CARTESIAN_POINT('',(51.488397909663,-0.428445724271,
    39.869743134116));
#1058 = CARTESIAN_POINT('',(51.482269058323,-0.486173344271,
    39.843225799324));
#1059 = CARTESIAN_POINT('',(51.478054516803,-0.522252093473,
    39.824989598811));
#1060 = CARTESIAN_POINT('',(51.473642263611,-0.557033805359,
    39.805896285541));
#1061 = CARTESIAN_POINT('',(51.469063335136,-0.59060892202,
    39.786079904199));
#1062 = CARTESIAN_POINT('',(51.464342980053,-0.623061364818,
    39.765649505099));
#1063 = CARTESIAN_POINT('',(51.459501258608,-0.65447284933,
    39.744691728303));
#1064 = CARTESIAN_POINT('',(51.454553340585,-0.68492509339,
    39.723272079486));
#1065 = CARTESIAN_POINT('',(51.442685483746,-0.754512923603,
    39.671890469699));
#1066 = CARTESIAN_POINT('',(51.435690549858,-0.792893053674,
    39.641601953275));
#1067 = CARTESIAN_POINT('',(51.428554150697,-0.82982528049,
    39.610696491065));
#1068 = CARTESIAN_POINT('',(51.421299180316,-0.865451864935,
    39.579272925467));
#1069 = CARTESIAN_POINT('',(51.413943538425,-0.899889156634,
    39.547408539463));
#1070 = CARTESIAN_POINT('',(51.406501159658,-0.933238759443,
    39.515163493018));
#1071 = CARTESIAN_POINT('',(51.398982510087,-0.965593062503,
    39.482582954881));
#1072 = CARTESIAN_POINT('',(51.380078536403,-1.043925080088,
    39.400653605571));
#1073 = CARTESIAN_POINT('',(51.368612947245,-1.088768248976,
    39.350950683267));
#1074 = CARTESIAN_POINT('',(51.357024979848,-1.131828041612,
    39.300705498464));
#1075 = CARTESIAN_POINT('',(51.345335266162,-1.173300170702,
    39.250007075186));
#1076 = CARTESIAN_POINT('',(51.333559633496,-1.213338915036,
    39.198923711007));
#1077 = CARTESIAN_POINT('',(51.321710257736,-1.252074455101,
    39.147507940609));
#1078 = CARTESIAN_POINT('',(51.309796210045,-1.289621292877,
    39.095798877804));
#1079 = CARTESIAN_POINT('',(51.262560746364,-1.433450310135,
    38.89073805023));
#1080 = CARTESIAN_POINT('',(51.226814134487,-1.531290106323,
    38.735442443934));
#1081 = CARTESIAN_POINT('',(51.190749659885,-1.622117133001,
    38.578650601971));
#1082 = CARTESIAN_POINT('',(51.154456755669,-1.707076421684,
    38.42074792425));
#1083 = CARTESIAN_POINT('',(51.118003212546,-1.787140816665,
    38.262026872098));
#1084 = CARTESIAN_POINT('',(51.081426513338,-1.862935218883,
    38.102649055552));
#1085 = CARTESIAN_POINT('',(51.044747500007,-1.935012070674,
    37.942703867402));
#1086 = CARTESIAN_POINT('',(50.969952510199,-2.074910450037,
    37.616297850981));
#1087 = CARTESIAN_POINT('',(50.931849294241,-2.142472434293,
    37.449884349527));
#1088 = CARTESIAN_POINT('',(50.893678942746,-2.206946062396,
    37.283045732001));
#1089 = CARTESIAN_POINT('',(50.855457325854,-2.268667328346,
    37.115850218523));
#1090 = CARTESIAN_POINT('',(50.817196615365,-2.327897893351,
    36.948350147558));
#1091 = CARTESIAN_POINT('',(50.778906173114,-2.384854229443,
    36.780585756446));
#1092 = CARTESIAN_POINT('',(50.74059298559,-2.439722070034,
    36.61258700582));
#1093 = CARTESIAN_POINT('',(50.656159876134,-2.556320924714,
    36.242060083415));
#1094 = CARTESIAN_POINT('',(50.610033865188,-2.617186510686,
    36.039444843364));
#1095 = CARTESIAN_POINT('',(50.563893408179,-2.675522801405,
    35.836569698189));
#1096 = CARTESIAN_POINT('',(50.517746393975,-2.731543923939,
    35.633468469065));
#1097 = CARTESIAN_POINT('',(50.471599199638,-2.785425535842,
    35.430168504061));
#1098 = CARTESIAN_POINT('',(50.425456967275,-2.837316914143,
    35.226691843516));
#1099 = CARTESIAN_POINT('',(50.379323762191,-2.887347853832,
    35.023055874658));
#1100 = CARTESIAN_POINT('',(50.212889444717,-3.061581770829,
    34.287679922055));
#1101 = CARTESIAN_POINT('',(50.092665078435,-3.175630253574,
    33.755119805264));
#1102 = CARTESIAN_POINT('',(49.972583689225,-3.279768641418,
    33.221823862968));
#1103 = CARTESIAN_POINT('',(49.852682517507,-3.375235158118,
    32.6879512302));
#1104 = CARTESIAN_POINT('',(49.732988795841,-3.462951643007,
    32.153618638369));
#1105 = CARTESIAN_POINT('',(49.613521811938,-3.543654417747,
    31.618908722442));
#1106 = CARTESIAN_POINT('',(49.494293184018,-3.617907319864,
    31.083870672814));
#1107 = CARTESIAN_POINT('',(49.231709199368,-3.768590452226,
    29.902435203503));
#1108 = CARTESIAN_POINT('',(49.088473529733,-3.84228749463,
    29.25593559372));
#1109 = CARTESIAN_POINT('',(48.945618891643,-3.908101930894,
    28.60910174505));
#1110 = CARTESIAN_POINT('',(48.803159191728,-3.966634402545,
    27.961993010249));
#1111 = CARTESIAN_POINT('',(48.661105566244,-4.018354635853,
    27.314657192419));
#1112 = CARTESIAN_POINT('',(48.519466744347,-4.063641336414,
    26.667131889218));
#1113 = CARTESIAN_POINT('',(48.37824921761,-4.102797591327,
    26.019445011703));
#1114 = CARTESIAN_POINT('',(48.065236948535,-4.176770265825,
    24.579171937097));
#1115 = CARTESIAN_POINT('',(47.893655994444,-4.208666225778,
    23.78652639477));
#1116 = CARTESIAN_POINT('',(47.722724360742,-4.232207667148,
    22.993721016989));
#1117 = CARTESIAN_POINT('',(47.552450745533,-4.247716653488,
    22.200793954336));
#1118 = CARTESIAN_POINT('',(47.382842886549,-4.25541891252,
    21.407779740139));
#1119 = CARTESIAN_POINT('',(47.213907641464,-4.255462596379,
    20.614709538723));
#1120 = CARTESIAN_POINT('',(47.045651041055,-4.247924640826,
    19.821611277405));
#1121 = CARTESIAN_POINT('',(46.67931989127,-4.214870952067,
    18.087809877692));
#1122 = CARTESIAN_POINT('',(46.481526907677,-4.186271427631,
    17.147121176083));
#1123 = CARTESIAN_POINT('',(46.28470673176,-4.147005608617,
    16.206478618976));
#1124 = CARTESIAN_POINT('',(46.088868849009,-4.096929991082,
    15.265928225725));
#1125 = CARTESIAN_POINT('',(45.894024970809,-4.035735740475,
    14.325528001744));
#1126 = CARTESIAN_POINT('',(45.700189025378,-3.962937018685,
    13.385348351591));
#1127 = CARTESIAN_POINT('',(45.507377433909,-3.877798829986,
    12.445473992626));
#1128 = CARTESIAN_POINT('',(45.228915716148,-3.734528368536,
    11.08129553913));
#1129 = CARTESIAN_POINT('',(45.142435387583,-3.687158952174,
    10.656668357104));
#1130 = CARTESIAN_POINT('',(45.056170922623,-3.63691552339,
    10.232137611555));
#1131 = CARTESIAN_POINT('',(44.970124722063,-3.583668247532,
    9.807715876857));
#1132 = CARTESIAN_POINT('',(44.884299761635,-3.527264784437,
    9.383418719569));
#1133 = CARTESIAN_POINT('',(44.798699645408,-3.46752338226,
    8.959265024426));
#1134 = CARTESIAN_POINT('',(44.713328704039,-3.404221173073,
    8.535277555843));
#1135 = CARTESIAN_POINT('',(44.55376725336,-3.27838200423,7.741010688811
    ));
#1136 = CARTESIAN_POINT('',(44.479522403931,-3.216750961795,
    7.370690237807));
#1137 = CARTESIAN_POINT('',(44.405460366994,-3.151998526176,
    7.00053729157));
#1138 = CARTESIAN_POINT('',(44.331585412702,-3.083898980582,
    6.630574357865));
#1139 = CARTESIAN_POINT('',(44.257903278456,-3.012186395428,
    6.26083152865));
#1140 = CARTESIAN_POINT('',(44.184421378436,-2.93653693267,
    5.891347674803));
#1141 = CARTESIAN_POINT('',(44.111149248193,-2.856533967189,
    5.522172869508));
#1142 = CARTESIAN_POINT('',(43.997873945837,-2.724855631804,
    4.950290436116));
#1143 = CARTESIAN_POINT('',(43.95771645583,-2.676605132293,4.74732445817
    ));
#1144 = CARTESIAN_POINT('',(43.917628698712,-2.626770626611,
    4.544484373498));
#1145 = CARTESIAN_POINT('',(43.877613272961,-2.575243312014,
    4.341783818429));
#1146 = CARTESIAN_POINT('',(43.837673451505,-2.521897939136,
    4.13923992741));
#1147 = CARTESIAN_POINT('',(43.797813276911,-2.466587112978,
    3.936873851608));
#1148 = CARTESIAN_POINT('',(43.758037731329,-2.409131438834,
    3.734711667294));
#1149 = CARTESIAN_POINT('',(43.684619728839,-2.298451645088,
    3.361142398748));
#1150 = CARTESIAN_POINT('',(43.650953018066,-2.245886055954,
    3.189674553501));
#1151 = CARTESIAN_POINT('',(43.617355916707,-2.191470817247,
    3.018398326948));
#1152 = CARTESIAN_POINT('',(43.583833118837,-2.135039875255,
    2.84733828072));
#1153 = CARTESIAN_POINT('',(43.550390917754,-2.076399182737,
    2.676527256017));
#1154 = CARTESIAN_POINT('',(43.517037495074,-2.015313556713,
    2.506007924328));
#1155 = CARTESIAN_POINT('',(43.483783525907,-1.951480262399,
    2.335835982262));
#1156 = CARTESIAN_POINT('',(43.418742273288,-1.820004142381,
    2.002683438702));
#1157 = CARTESIAN_POINT('',(43.386958866648,-1.752616621411,
    1.839734489751));
#1158 = CARTESIAN_POINT('',(43.355293849447,-1.681944682575,
    1.67724453925));
#1159 = CARTESIAN_POINT('',(43.323761072437,-1.607498698651,
    1.515286049176));
#1160 = CARTESIAN_POINT('',(43.292385386228,-1.52872038576,
    1.353988209294));
#1161 = CARTESIAN_POINT('',(43.261211713288,-1.444736161057,
    1.193584376718));
#1162 = CARTESIAN_POINT('',(43.23029922928,-1.354509296407,
    1.034382349934));
#1163 = CARTESIAN_POINT('',(43.184884949237,-1.207671820126,
    0.800290536176));
#1164 = CARTESIAN_POINT('',(43.170113074663,-1.157603593846,
    0.724114663953));
#1165 = CARTESIAN_POINT('',(43.155445190349,-1.105270106966,
    0.648442579136));
#1166 = CARTESIAN_POINT('',(43.140897165432,-1.050324928809,
    0.573356861426));
#1167 = CARTESIAN_POINT('',(43.126496927094,-0.992380686667,
    0.49900246594));
#1168 = CARTESIAN_POINT('',(43.112292658055,-0.930870052192,
    0.425629406477));
#1169 = CARTESIAN_POINT('',(43.098348171449,-0.865120976535,
    0.353569011108));
#1170 = CARTESIAN_POINT('',(43.077405698384,-0.754958792093,
    0.245303794132));
#1171 = CARTESIAN_POINT('',(43.070160641896,-0.714606019942,
    0.207841230182));
#1172 = CARTESIAN_POINT('',(43.063047279028,-0.672394541313,
    0.171051792145));
#1173 = CARTESIAN_POINT('',(43.056087567052,-0.628045949757,
    0.135049488292));
#1174 = CARTESIAN_POINT('',(43.049325049725,-0.581241326241,
    0.100060128762));
#1175 = CARTESIAN_POINT('',(43.042823357098,-0.531633927696,
    6.641372021575E-02));
#1176 = CARTESIAN_POINT('',(43.03667068987,-0.478798494395,
    3.456782563193E-02));
#1177 = CARTESIAN_POINT('',(43.028942585918,-0.401352258888,
    -5.43854255331E-03));
#1178 = CARTESIAN_POINT('',(43.026948262535,-0.380200197372,
    -1.576327202095E-02));
#1179 = CARTESIAN_POINT('',(43.02502649733,-0.358512382676,
    -2.571295755896E-02));
#1180 = CARTESIAN_POINT('',(43.023185926913,-0.33626429639,
    -3.524280804976E-02));
#1181 = CARTESIAN_POINT('',(43.021436853,-0.31343725645,
    -4.429940089755E-02));
#1182 = CARTESIAN_POINT('',(43.019791015586,-0.290019673792,
    -5.28218568849E-02));
#1183 = CARTESIAN_POINT('',(43.018261366117,-0.26600830902,
    -6.074301502931E-02));
#1184 = CARTESIAN_POINT('',(43.015266839268,-0.213374963553,
    -7.625049287512E-02));
#1185 = CARTESIAN_POINT('',(43.013839694606,-0.184557990225,
    -8.364149829109E-02));
#1186 = CARTESIAN_POINT('',(43.012603436015,-0.155004322451,
    -9.004422447746E-02));
#1187 = CARTESIAN_POINT('',(43.011581527401,-0.124787712823,
    -9.533700571055E-02));
#1188 = CARTESIAN_POINT('',(43.010796068834,-9.401358397356E-02,
    -9.940524666974E-02));
#1189 = CARTESIAN_POINT('',(43.010265242072,-6.282438774663E-02,
    -0.102154673354));
#1190 = CARTESIAN_POINT('',(43.01,-3.140669270676E-02,-0.103528498001));
#1191 = CARTESIAN_POINT('',(43.01,-8.881784197001E-16,-0.103528498001));
#1192 = PCURVE('',#131,#1193);
#1193 = DEFINITIONAL_REPRESENTATION('',(#1194),#1344);
#1194 = B_SPLINE_CURVE_WITH_KNOTS('',8,(#1195,#1196,#1197,#1198,#1199,
    #1200,#1201,#1202,#1203,#1204,#1205,#1206,#1207,#1208,#1209,#1210,
    #1211,#1212,#1213,#1214,#1215,#1216,#1217,#1218,#1219,#1220,#1221,
    #1222,#1223,#1224,#1225,#1226,#1227,#1228,#1229,#1230,#1231,#1232,
    #1233,#1234,#1235,#1236,#1237,#1238,#1239,#1240,#1241,#1242,#1243,
    #1244,#1245,#1246,#1247,#1248,#1249,#1250,#1251,#1252,#1253,#1254,
    #1255,#1256,#1257,#1258,#1259,#1260,#1261,#1262,#1263,#1264,#1265,
    #1266,#1267,#1268,#1269,#1270,#1271,#1272,#1273,#1274,#1275,#1276,
    #1277,#1278,#1279,#1280,#1281,#1282,#1283,#1284,#1285,#1286,#1287,
    #1288,#1289,#1290,#1291,#1292,#1293,#1294,#1295,#1296,#1297,#1298,
    #1299,#1300,#1301,#1302,#1303,#1304,#1305,#1306,#1307,#1308,#1309,
    #1310,#1311,#1312,#1313,#1314,#1315,#1316,#1317,#1318,#1319,#1320,
    #1321,#1322,#1323,#1324,#1325,#1326,#1327,#1328,#1329,#1330,#1331,
    #1332,#1333,#1334,#1335,#1336,#1337,#1338,#1339,#1340,#1341,#1342,
    #1343),.UNSPECIFIED.,.F.,.F.,(9,7,7,7,7,7,7,7,7,7,7,7,7,7,7,7,7,7,7,
    7,7,9),(0.,4.062539120205E-03,7.002209457645E-03,1.244343652983E-02,
    1.980509798898E-02,3.078363216029E-02,6.311790604442E-02,
    9.653821398386E-02,0.136733398173,0.241587894326,0.368133719511,
    0.522928192507,0.706530299239,0.789533302102,0.862093063245,
    0.902048376584,0.93601161595,0.968704479522,0.984626064935,
    0.993274246306,0.99641760217,1.),.UNSPECIFIED.);
#1195 = CARTESIAN_POINT('',(6.28318530718,242.33291589806));
#1196 = CARTESIAN_POINT('',(6.282492779553,242.33291589806));
#1197 = CARTESIAN_POINT('',(6.281800533812,242.33143599084));
#1198 = CARTESIAN_POINT('',(6.281113055472,242.32847837371));
#1199 = CARTESIAN_POINT('',(6.280433883611,242.32409824422));
#1200 = CARTESIAN_POINT('',(6.279765807436,242.31838611558));
#1201 = CARTESIAN_POINT('',(6.279111019517,242.31145380042));
#1202 = CARTESIAN_POINT('',(6.278471225691,242.30342406293));
#1203 = CARTESIAN_POINT('',(6.277396534252,242.28791141242));
#1204 = CARTESIAN_POINT('',(6.276953571418,242.28088621901));
#1205 = CARTESIAN_POINT('',(6.276518998899,242.27339071365));
#1206 = CARTESIAN_POINT('',(6.276092874958,242.2654654057));
#1207 = CARTESIAN_POINT('',(6.275675154191,242.25714824937));
#1208 = CARTESIAN_POINT('',(6.275265701364,242.24847393368));
#1209 = CARTESIAN_POINT('',(6.274864305255,242.23947317239));
#1210 = CARTESIAN_POINT('',(6.273742129025,242.2129558376));
#1211 = CARTESIAN_POINT('',(6.273040605432,242.19471963709));
#1212 = CARTESIAN_POINT('',(6.272364115107,242.17562632382));
#1213 = CARTESIAN_POINT('',(6.271710905275,242.15580994248));
#1214 = CARTESIAN_POINT('',(6.271079351085,242.13537954338));
#1215 = CARTESIAN_POINT('',(6.270467870817,242.11442176658));
#1216 = CARTESIAN_POINT('',(6.269874882203,242.09300211777));
#1217 = CARTESIAN_POINT('',(6.268519394178,242.04162050798));
#1218 = CARTESIAN_POINT('',(6.267771456683,242.01133199155));
#1219 = CARTESIAN_POINT('',(6.267051405854,241.98042652934));
#1220 = CARTESIAN_POINT('',(6.266356489504,241.94900296374));
#1221 = CARTESIAN_POINT('',(6.265684458078,241.91713857774));
#1222 = CARTESIAN_POINT('',(6.265033347431,241.8848935313));
#1223 = CARTESIAN_POINT('',(6.264401371073,241.85231299316));
#1224 = CARTESIAN_POINT('',(6.262870586388,241.77038364385));
#1225 = CARTESIAN_POINT('',(6.261993582711,241.72068072155));
#1226 = CARTESIAN_POINT('',(6.261150818357,241.67043553674));
#1227 = CARTESIAN_POINT('',(6.26033851287,241.61973711346));
#1228 = CARTESIAN_POINT('',(6.259553688208,241.56865374929));
#1229 = CARTESIAN_POINT('',(6.258793832145,241.51723797889));
#1230 = CARTESIAN_POINT('',(6.258056734663,241.46552891608));
#1231 = CARTESIAN_POINT('',(6.255231016028,241.26046808851));
#1232 = CARTESIAN_POINT('',(6.253303947037,241.10517248222));
#1233 = CARTESIAN_POINT('',(6.251510651937,240.94838064023));
#1234 = CARTESIAN_POINT('',(6.249829113951,240.79047796256));
#1235 = CARTESIAN_POINT('',(6.248240625657,240.63175691036));
#1236 = CARTESIAN_POINT('',(6.246733197039,240.47237909384));
#1237 = CARTESIAN_POINT('',(6.245296214809,240.31243390568));
#1238 = CARTESIAN_POINT('',(6.24250024875,239.98602788926));
#1239 = CARTESIAN_POINT('',(6.24114621222,239.81961438781));
#1240 = CARTESIAN_POINT('',(6.239850505778,239.65277577028));
#1241 = CARTESIAN_POINT('',(6.238606702251,239.4855802568));
#1242 = CARTESIAN_POINT('',(6.237409805966,239.31808018584));
#1243 = CARTESIAN_POINT('',(6.236255689409,239.15031579473));
#1244 = CARTESIAN_POINT('',(6.235140814007,238.9823170441));
#1245 = CARTESIAN_POINT('',(6.232765009463,238.61179012169));
#1246 = CARTESIAN_POINT('',(6.231520328416,238.40917488164));
#1247 = CARTESIAN_POINT('',(6.230323059057,238.20629973647));
#1248 = CARTESIAN_POINT('',(6.2291691398,238.00319850734));
#1249 = CARTESIAN_POINT('',(6.228055247129,237.79989854234));
#1250 = CARTESIAN_POINT('',(6.226978562562,237.59642188179));
#1251 = CARTESIAN_POINT('',(6.225936639775,237.39278591294));
#1252 = CARTESIAN_POINT('',(6.222294562098,236.65740996033));
#1253 = CARTESIAN_POINT('',(6.219884075442,236.12484984354));
#1254 = CARTESIAN_POINT('',(6.217658431023,235.59155390125));
#1255 = CARTESIAN_POINT('',(6.215594593613,235.05768126848));
#1256 = CARTESIAN_POINT('',(6.213675553149,234.52334867665));
#1257 = CARTESIAN_POINT('',(6.211887818587,233.98863876072));
#1258 = CARTESIAN_POINT('',(6.210221177532,233.45360071109));
#1259 = CARTESIAN_POINT('',(6.20679146976,232.27216524178));
#1260 = CARTESIAN_POINT('',(6.205079911059,231.625665632));
#1261 = CARTESIAN_POINT('',(6.203517611907,230.97883178333));
#1262 = CARTESIAN_POINT('',(6.202094043804,230.33172304853));
#1263 = CARTESIAN_POINT('',(6.200801167986,229.6843872307));
#1264 = CARTESIAN_POINT('',(6.199632681713,229.0368619275));
#1265 = CARTESIAN_POINT('',(6.198583733595,228.38917504998));
#1266 = CARTESIAN_POINT('',(6.196509083962,226.94890197538));
#1267 = CARTESIAN_POINT('',(6.195540856764,226.15625643305));
#1268 = CARTESIAN_POINT('',(6.194739044973,225.36345105527));
#1269 = CARTESIAN_POINT('',(6.194099295136,224.57052399262));
#1270 = CARTESIAN_POINT('',(6.193619163812,223.77750977842));
#1271 = CARTESIAN_POINT('',(6.193297792012,222.984439577));
#1272 = CARTESIAN_POINT('',(6.19313582789,222.19134131568));
#1273 = CARTESIAN_POINT('',(6.193135324696,220.45753991597));
#1274 = CARTESIAN_POINT('',(6.193362574033,219.51685121436));
#1275 = CARTESIAN_POINT('',(6.193821234127,218.57620865725));
#1276 = CARTESIAN_POINT('',(6.194518312229,217.635658264));
#1277 = CARTESIAN_POINT('',(6.195464583932,216.69525804002));
#1278 = CARTESIAN_POINT('',(6.196674951769,215.75507838987));
#1279 = CARTESIAN_POINT('',(6.198170221351,214.8152040309));
#1280 = CARTESIAN_POINT('',(6.200801075551,213.45102557741));
#1281 = CARTESIAN_POINT('',(6.201684834297,213.02639839538));
#1282 = CARTESIAN_POINT('',(6.20263619276,212.60186764983));
#1283 = CARTESIAN_POINT('',(6.203658551198,212.17744591514));
#1284 = CARTESIAN_POINT('',(6.204755848654,211.75314875785));
#1285 = CARTESIAN_POINT('',(6.205932727798,211.32899506271));
#1286 = CARTESIAN_POINT('',(6.207194813071,210.90500759412));
#1287 = CARTESIAN_POINT('',(6.209732997691,210.11074072709));
#1288 = CARTESIAN_POINT('',(6.210987354487,209.74042027609));
#1289 = CARTESIAN_POINT('',(6.21231681354,209.37026732985));
#1290 = CARTESIAN_POINT('',(6.21372696229,209.00030439614));
#1291 = CARTESIAN_POINT('',(6.215224348837,208.63056156693));
#1292 = CARTESIAN_POINT('',(6.216816899989,208.26107771308));
#1293 = CARTESIAN_POINT('',(6.218514743099,207.89190290779));
#1294 = CARTESIAN_POINT('',(6.221331798278,207.32002047439));
#1295 = CARTESIAN_POINT('',(6.222368197241,207.11705449645));
#1296 = CARTESIAN_POINT('',(6.223442894854,206.91421441178));
#1297 = CARTESIAN_POINT('',(6.22455851039,206.71151385671));
#1298 = CARTESIAN_POINT('',(6.225718052615,206.50896996569));
#1299 = CARTESIAN_POINT('',(6.226925053585,206.30660388989));
#1300 = CARTESIAN_POINT('',(6.228183799728,206.10444170557));
#1301 = CARTESIAN_POINT('',(6.230618181932,205.73087243703));
#1302 = CARTESIAN_POINT('',(6.231777952397,205.55940459178));
#1303 = CARTESIAN_POINT('',(6.232982255879,205.38812836523));
#1304 = CARTESIAN_POINT('',(6.234235039706,205.217068319));
#1305 = CARTESIAN_POINT('',(6.235540911633,205.0462572943));
#1306 = CARTESIAN_POINT('',(6.23690544728,204.87573796261));
#1307 = CARTESIAN_POINT('',(6.238335807607,204.70556602054));
#1308 = CARTESIAN_POINT('',(6.241291199516,204.37241347698));
#1309 = CARTESIAN_POINT('',(6.242810161385,204.20946452803));
#1310 = CARTESIAN_POINT('',(6.244407541701,204.04697457753));
#1311 = CARTESIAN_POINT('',(6.246094865944,203.88501608745));
#1312 = CARTESIAN_POINT('',(6.247885289664,203.72371824757));
#1313 = CARTESIAN_POINT('',(6.249799344291,203.563314415));
#1314 = CARTESIAN_POINT('',(6.251861396599,203.40411238821));
#1315 = CARTESIAN_POINT('',(6.255227028466,203.17002057445));
#1316 = CARTESIAN_POINT('',(6.256376059887,203.09384470223));
#1317 = CARTESIAN_POINT('',(6.257578563598,203.01817261742));
#1318 = CARTESIAN_POINT('',(6.258842640733,202.9430868997));
#1319 = CARTESIAN_POINT('',(6.260177360307,202.86873250422));
#1320 = CARTESIAN_POINT('',(6.261595991112,202.79535944476));
#1321 = CARTESIAN_POINT('',(6.263114249432,202.72329904939));
#1322 = CARTESIAN_POINT('',(6.265661300433,202.61503383241));
#1323 = CARTESIAN_POINT('',(6.266594860283,202.57757126846));
#1324 = CARTESIAN_POINT('',(6.267572004352,202.54078183042));
#1325 = CARTESIAN_POINT('',(6.268599225446,202.50477952657));
#1326 = CARTESIAN_POINT('',(6.269683967121,202.46979016704));
#1327 = CARTESIAN_POINT('',(6.270834324158,202.43614375849));
#1328 = CARTESIAN_POINT('',(6.272060213762,202.40429786391));
#1329 = CARTESIAN_POINT('',(6.273858057227,202.36429149573));
#1330 = CARTESIAN_POINT('',(6.274349167085,202.35396676626));
#1331 = CARTESIAN_POINT('',(6.27485279972,202.34401708072));
#1332 = CARTESIAN_POINT('',(6.27536952579,202.33448723023));
#1333 = CARTESIAN_POINT('',(6.275899779847,202.32543063738));
#1334 = CARTESIAN_POINT('',(6.276443830711,202.31690818139));
#1335 = CARTESIAN_POINT('',(6.277001751829,202.30898702325));
#1336 = CARTESIAN_POINT('',(6.278224874134,202.2934795454));
#1337 = CARTESIAN_POINT('',(6.278894627015,202.28608853999));
#1338 = CARTESIAN_POINT('',(6.279581582788,202.2796858138));
#1339 = CARTESIAN_POINT('',(6.280284018946,202.27439303257));
#1340 = CARTESIAN_POINT('',(6.280999472326,202.27032479161));
#1341 = CARTESIAN_POINT('',(6.281724614584,202.26757536492));
#1342 = CARTESIAN_POINT('',(6.282455088795,202.26620154028));
#1343 = CARTESIAN_POINT('',(6.28318530718,202.26620154028));
#1344 = ( GEOMETRIC_REPRESENTATION_CONTEXT(2) 
PARAMETRIC_REPRESENTATION_CONTEXT() REPRESENTATION_CONTEXT('2D SPACE',''
  ) );
#1345 = PCURVE('',#951,#1346);
#1346 = DEFINITIONAL_REPRESENTATION('',(#1347),#1497);
#1347 = B_SPLINE_CURVE_WITH_KNOTS('',8,(#1348,#1349,#1350,#1351,#1352,
    #1353,#1354,#1355,#1356,#1357,#1358,#1359,#1360,#1361,#1362,#1363,
    #1364,#1365,#1366,#1367,#1368,#1369,#1370,#1371,#1372,#1373,#1374,
    #1375,#1376,#1377,#1378,#1379,#1380,#1381,#1382,#1383,#1384,#1385,
    #1386,#1387,#1388,#1389,#1390,#1391,#1392,#1393,#1394,#1395,#1396,
    #1397,#1398,#1399,#1400,#1401,#1402,#1403,#1404,#1405,#1406,#1407,
    #1408,#1409,#1410,#1411,#1412,#1413,#1414,#1415,#1416,#1417,#1418,
    #1419,#1420,#1421,#1422,#1423,#1424,#1425,#1426,#1427,#1428,#1429,
    #1430,#1431,#1432,#1433,#1434,#1435,#1436,#1437,#1438,#1439,#1440,
    #1441,#1442,#1443,#1444,#1445,#1446,#1447,#1448,#1449,#1450,#1451,
    #1452,#1453,#1454,#1455,#1456,#1457,#1458,#1459,#1460,#1461,#1462,
    #1463,#1464,#1465,#1466,#1467,#1468,#1469,#1470,#1471,#1472,#1473,
    #1474,#1475,#1476,#1477,#1478,#1479,#1480,#1481,#1482,#1483,#1484,
    #1485,#1486,#1487,#1488,#1489,#1490,#1491,#1492,#1493,#1494,#1495,
    #1496),.UNSPECIFIED.,.F.,.F.,(9,7,7,7,7,7,7,7,7,7,7,7,7,7,7,7,7,7,7,
    7,7,9),(0.,4.062539120205E-03,7.002209457645E-03,1.244343652983E-02,
    1.980509798898E-02,3.078363216029E-02,6.311790604442E-02,
    9.653821398386E-02,0.136733398173,0.241587894326,0.368133719511,
    0.522928192507,0.706530299239,0.789533302102,0.862093063245,
    0.902048376584,0.93601161595,0.968704479522,0.984626064935,
    0.993274246306,0.99641760217,1.),.UNSPECIFIED.);
#1348 = CARTESIAN_POINT('',(3.14159265359,168.1097898002));
#1349 = CARTESIAN_POINT('',(3.149986088429,168.1097898002));
#1350 = CARTESIAN_POINT('',(3.158376106113,168.11126970742));
#1351 = CARTESIAN_POINT('',(3.166709035369,168.11422732455));
#1352 = CARTESIAN_POINT('',(3.174942666257,168.11860745404));
#1353 = CARTESIAN_POINT('',(3.183043787788,168.12431958267));
#1354 = CARTESIAN_POINT('',(3.190986285326,168.13125189784));
#1355 = CARTESIAN_POINT('',(3.19874979775,168.13928163533));
#1356 = CARTESIAN_POINT('',(3.211795993396,168.15479428584));
#1357 = CARTESIAN_POINT('',(3.217175034592,168.16181947925));
#1358 = CARTESIAN_POINT('',(3.22245400995,168.16931498461));
#1359 = CARTESIAN_POINT('',(3.227632267485,168.17724029256));
#1360 = CARTESIAN_POINT('',(3.232710389243,168.18555744889));
#1361 = CARTESIAN_POINT('',(3.237690029291,168.19423176458));
#1362 = CARTESIAN_POINT('',(3.242573751705,168.20323252586));
#1363 = CARTESIAN_POINT('',(3.256233058439,168.22974986065));
#1364 = CARTESIAN_POINT('',(3.264779427884,168.24798606117));
#1365 = CARTESIAN_POINT('',(3.273028289605,168.26707937444));
#1366 = CARTESIAN_POINT('',(3.281000778326,168.28689575578));
#1367 = CARTESIAN_POINT('',(3.288716425164,168.30732615488));
#1368 = CARTESIAN_POINT('',(3.296194225805,168.32828393168));
#1369 = CARTESIAN_POINT('',(3.303453202455,168.34970358049));
#1370 = CARTESIAN_POINT('',(3.320063220926,168.40108519028));
#1371 = CARTESIAN_POINT('',(3.329242007286,168.4313737067));
#1372 = CARTESIAN_POINT('',(3.338091876638,168.46227916891));
#1373 = CARTESIAN_POINT('',(3.346645828871,168.49370273451));
#1374 = CARTESIAN_POINT('',(3.354930786373,168.52556712052));
#1375 = CARTESIAN_POINT('',(3.362970245173,168.55781216696));
#1376 = CARTESIAN_POINT('',(3.370785596672,168.5903927051));
#1377 = CARTESIAN_POINT('',(3.389745784719,168.67232205441));
#1378 = CARTESIAN_POINT('',(3.400635555329,168.72202497671));
#1379 = CARTESIAN_POINT('',(3.411126387719,168.77227016151));
#1380 = CARTESIAN_POINT('',(3.421263411131,168.82296858479));
#1381 = CARTESIAN_POINT('',(3.431082103745,168.87405194897));
#1382 = CARTESIAN_POINT('',(3.440612375372,168.92546771937));
#1383 = CARTESIAN_POINT('',(3.449880557187,168.97717678218));
#1384 = CARTESIAN_POINT('',(3.485500990058,169.18223760975));
#1385 = CARTESIAN_POINT('',(3.509997204604,169.33753321605));
#1386 = CARTESIAN_POINT('',(3.53297760683,169.494325058));
#1387 = CARTESIAN_POINT('',(3.554701879378,169.65222773575));
#1388 = CARTESIAN_POINT('',(3.575390803251,169.81094878787));
#1389 = CARTESIAN_POINT('',(3.595185154648,169.97032660443));
#1390 = CARTESIAN_POINT('',(3.614210192844,170.13027179258));
#1391 = CARTESIAN_POINT('',(3.651536656492,170.456677809));
#1392 = CARTESIAN_POINT('',(3.669782850078,170.62309131045));
#1393 = CARTESIAN_POINT('',(3.687406000334,170.78992992798));
#1394 = CARTESIAN_POINT('',(3.704481282346,170.95712544146));
#1395 = CARTESIAN_POINT('',(3.721066942155,171.12462551242));
#1396 = CARTESIAN_POINT('',(3.737211038643,171.29238990353));
#1397 = CARTESIAN_POINT('',(3.752954785677,171.46038865416));
#1398 = CARTESIAN_POINT('',(3.78682753177,171.83091557656));
#1399 = CARTESIAN_POINT('',(3.804792469137,172.03353081661));
#1400 = CARTESIAN_POINT('',(3.822286993698,172.23640596179));
#1401 = CARTESIAN_POINT('',(3.839358206532,172.43950719091));
#1402 = CARTESIAN_POINT('',(3.856044581662,172.64280715592));
#1403 = CARTESIAN_POINT('',(3.872378734363,172.84628381646));
#1404 = CARTESIAN_POINT('',(3.888388998833,173.04991978532));
#1405 = CARTESIAN_POINT('',(3.945083574159,173.78529573792));
#1406 = CARTESIAN_POINT('',(3.984027778913,174.31785585471));
#1407 = CARTESIAN_POINT('',(4.021367104646,174.85115179701));
#1408 = CARTESIAN_POINT('',(4.057368735747,175.38502442978));
#1409 = CARTESIAN_POINT('',(4.092231449414,175.91935702161));
#1410 = CARTESIAN_POINT('',(4.126114984312,176.45406693754));
#1411 = CARTESIAN_POINT('',(4.159142802696,176.98910498716));
#1412 = CARTESIAN_POINT('',(4.23037739457,178.17054045648));
#1413 = CARTESIAN_POINT('',(4.268239573029,178.81704006626));
#1414 = CARTESIAN_POINT('',(4.305190865583,179.46387391493));
#1415 = CARTESIAN_POINT('',(4.341367879862,180.11098264973));
#1416 = CARTESIAN_POINT('',(4.376881482366,180.75831846756));
#1417 = CARTESIAN_POINT('',(4.411825745396,181.40584377076));
#1418 = CARTESIAN_POINT('',(4.446281600286,182.05353064828));
#1419 = CARTESIAN_POINT('',(4.521960264314,183.49380372288));
#1420 = CARTESIAN_POINT('',(4.562976122474,184.28644926521));
#1421 = CARTESIAN_POINT('',(4.603500963123,185.07925464299));
#1422 = CARTESIAN_POINT('',(4.643646945153,185.87218170564));
#1423 = CARTESIAN_POINT('',(4.683514080928,186.66519591984));
#1424 = CARTESIAN_POINT('',(4.723196181289,187.45826612126));
#1425 = CARTESIAN_POINT('',(4.762785245712,188.25136438257));
#1426 = CARTESIAN_POINT('',(4.849330969817,189.98516578229));
#1427 = CARTESIAN_POINT('',(4.896286864505,190.9258544839));
#1428 = CARTESIAN_POINT('',(4.94339836595,191.866497041));
#1429 = CARTESIAN_POINT('',(4.990823200642,192.80704743425));
#1430 = CARTESIAN_POINT('',(5.038733862735,193.74744765824));
#1431 = CARTESIAN_POINT('',(5.08732479648,194.68762730839));
#1432 = CARTESIAN_POINT('',(5.136830861017,195.62750166735));
#1433 = CARTESIAN_POINT('',(5.210514878574,196.99168012085));
#1434 = CARTESIAN_POINT('',(5.233707988118,197.41630730288));
#1435 = CARTESIAN_POINT('',(5.257183664802,197.84083804842));
#1436 = CARTESIAN_POINT('',(5.280975574449,198.26525978312));
#1437 = CARTESIAN_POINT('',(5.30512181996,198.68955694041));
#1438 = CARTESIAN_POINT('',(5.329666517409,199.11371063555));
#1439 = CARTESIAN_POINT('',(5.354662443658,199.53769810414));
#1440 = CARTESIAN_POINT('',(5.40247716853,200.33196497117));
#1441 = CARTESIAN_POINT('',(5.425174063665,200.70228542217));
#1442 = CARTESIAN_POINT('',(5.448308746826,201.07243836841));
#1443 = CARTESIAN_POINT('',(5.471933017647,201.44240130211));
#1444 = CARTESIAN_POINT('',(5.496107278358,201.81214413133));
#1445 = CARTESIAN_POINT('',(5.520904555541,202.18162798518));
#1446 = CARTESIAN_POINT('',(5.546418434771,202.55080279047));
#1447 = CARTESIAN_POINT('',(5.587288202201,203.12268522386));
#1448 = CARTESIAN_POINT('',(5.602056897903,203.32565120181));
#1449 = CARTESIAN_POINT('',(5.617102079818,203.52849128648));
#1450 = CARTESIAN_POINT('',(5.63244814203,203.73119184155));
#1451 = CARTESIAN_POINT('',(5.648123140088,203.93373573257));
#1452 = CARTESIAN_POINT('',(5.664160099478,204.13610180837));
#1453 = CARTESIAN_POINT('',(5.680599280624,204.33826399269));
#1454 = CARTESIAN_POINT('',(5.711850219285,204.71183326123));
#1455 = CARTESIAN_POINT('',(5.726536028813,204.88330110648));
#1456 = CARTESIAN_POINT('',(5.741579917204,205.05457733303));
#1457 = CARTESIAN_POINT('',(5.757019310635,205.22563737926));
#1458 = CARTESIAN_POINT('',(5.772897939559,205.39644840396));
#1459 = CARTESIAN_POINT('',(5.78926888294,205.56696773565));
#1460 = CARTESIAN_POINT('',(5.80620069043,205.73713967772));
#1461 = CARTESIAN_POINT('',(5.840714684124,206.07029222128));
#1462 = CARTESIAN_POINT('',(5.858242652074,206.23324117023));
#1463 = CARTESIAN_POINT('',(5.876458226093,206.39573112072));
#1464 = CARTESIAN_POINT('',(5.895473286294,206.55768961081));
#1465 = CARTESIAN_POINT('',(5.915414817573,206.71898745068));
#1466 = CARTESIAN_POINT('',(5.93648263935,206.87939128326));
#1467 = CARTESIAN_POINT('',(5.958913742169,207.03859331005));
#1468 = CARTESIAN_POINT('',(5.99507845668,207.2726851238));
#1469 = CARTESIAN_POINT('',(6.007360208532,207.34886099602));
#1470 = CARTESIAN_POINT('',(6.020146434584,207.42453308085));
#1471 = CARTESIAN_POINT('',(6.033517357765,207.49961879855));
#1472 = CARTESIAN_POINT('',(6.047562328189,207.57397319404));
#1473 = CARTESIAN_POINT('',(6.062412553852,207.6473462535));
#1474 = CARTESIAN_POINT('',(6.078223505749,207.71940664887));
#1475 = CARTESIAN_POINT('',(6.104608249227,207.82767186585));
#1476 = CARTESIAN_POINT('',(6.114254331333,207.8651344298));
#1477 = CARTESIAN_POINT('',(6.124325523576,207.90192386783));
#1478 = CARTESIAN_POINT('',(6.134886747263,207.93792617169));
#1479 = CARTESIAN_POINT('',(6.146012174982,207.97291553122));
#1480 = CARTESIAN_POINT('',(6.157782394846,208.00656193976));
#1481 = CARTESIAN_POINT('',(6.170296575442,208.03840783435));
#1482 = CARTESIAN_POINT('',(6.188609719299,208.07841420253));
#1483 = CARTESIAN_POINT('',(6.193608674147,208.088738932));
#1484 = CARTESIAN_POINT('',(6.198731546447,208.09868861754));
#1485 = CARTESIAN_POINT('',(6.203984089011,208.10821846803));
#1486 = CARTESIAN_POINT('',(6.209370694359,208.11727506088));
#1487 = CARTESIAN_POINT('',(6.214894112213,208.12579751686));
#1488 = CARTESIAN_POINT('',(6.220555166983,208.13371867501));
#1489 = CARTESIAN_POINT('',(6.232959511006,208.14922615285));
#1490 = CARTESIAN_POINT('',(6.239748101393,208.15661715827));
#1491 = CARTESIAN_POINT('',(6.246707642386,208.16301988446));
#1492 = CARTESIAN_POINT('',(6.253821030601,208.16831266569));
#1493 = CARTESIAN_POINT('',(6.261063848095,208.17238090665));
#1494 = CARTESIAN_POINT('',(6.268403098875,208.17513033333));
#1495 = CARTESIAN_POINT('',(6.275795497131,208.17650415798));
#1496 = CARTESIAN_POINT('',(6.28318530718,208.17650415798));
#1497 = ( GEOMETRIC_REPRESENTATION_CONTEXT(2) 
PARAMETRIC_REPRESENTATION_CONTEXT() REPRESENTATION_CONTEXT('2D SPACE',''
  ) );
#1498 = ORIENTED_EDGE('',*,*,#1499,.T.);
#1499 = EDGE_CURVE('',#1037,#376,#1500,.T.);
#1500 = SEAM_CURVE('',#1501,(#1505,#1512),.PCURVE_S1.);
#1501 = LINE('',#1502,#1503);
#1502 = CARTESIAN_POINT('',(0.1,-2.449293598295E-17,-202.3697300382));
#1503 = VECTOR('',#1504,1.);
#1504 = DIRECTION('',(0.207527571686,-5.082959527997E-17,0.978229168953)
  );
#1505 = PCURVE('',#131,#1506);
#1506 = DEFINITIONAL_REPRESENTATION('',(#1507),#1511);
#1507 = LINE('',#1508,#1509);
#1508 = CARTESIAN_POINT('',(0.,-0.));
#1509 = VECTOR('',#1510,1.);
#1510 = DIRECTION('',(0.,1.));
#1511 = ( GEOMETRIC_REPRESENTATION_CONTEXT(2) 
PARAMETRIC_REPRESENTATION_CONTEXT() REPRESENTATION_CONTEXT('2D SPACE',''
  ) );
#1512 = PCURVE('',#131,#1513);
#1513 = DEFINITIONAL_REPRESENTATION('',(#1514),#1518);
#1514 = LINE('',#1515,#1516);
#1515 = CARTESIAN_POINT('',(6.28318530718,-0.));
#1516 = VECTOR('',#1517,1.);
#1517 = DIRECTION('',(0.,1.));
#1518 = ( GEOMETRIC_REPRESENTATION_CONTEXT(2) 
PARAMETRIC_REPRESENTATION_CONTEXT() REPRESENTATION_CONTEXT('2D SPACE',''
  ) );
#1519 = ORIENTED_EDGE('',*,*,#399,.F.);
#1520 = ORIENTED_EDGE('',*,*,#1521,.T.);
#1521 = EDGE_CURVE('',#400,#1522,#1524,.T.);
#1522 = VERTEX_POINT('',#1523);
#1523 = CARTESIAN_POINT('',(39.571116365645,-31.32322669338,35.05142));
#1524 = SURFACE_CURVE('',#1525,(#1534,#1546),.PCURVE_S1.);
#1525 = B_SPLINE_CURVE_WITH_KNOTS('',7,(#1526,#1527,#1528,#1529,#1530,
    #1531,#1532,#1533),.UNSPECIFIED.,.F.,.F.,(8,8),(0.,1.),
  .PIECEWISE_BEZIER_KNOTS.);
#1526 = CARTESIAN_POINT('',(39.905499107213,-33.01708863549,41.3));
#1527 = CARTESIAN_POINT('',(39.8884759392,-32.74152434954,
    40.410137050007));
#1528 = CARTESIAN_POINT('',(39.858590335063,-32.47963181727,
    39.518951512895));
#1529 = CARTESIAN_POINT('',(39.818008288632,-32.22935632947,
    38.626761613932));
#1530 = CARTESIAN_POINT('',(39.76805359967,-31.98944931875,
    37.733783929672));
#1531 = CARTESIAN_POINT('',(39.709761565228,-31.7589299557,
    36.840175914074));
#1532 = CARTESIAN_POINT('',(39.643907133028,-31.53705808818,
    35.946037324565));
#1533 = CARTESIAN_POINT('',(39.571116316826,-31.32322654997,35.0514194)
  );
#1534 = PCURVE('',#131,#1535);
#1535 = DEFINITIONAL_REPRESENTATION('',(#1536),#1545);
#1536 = B_SPLINE_CURVE_WITH_KNOTS('',7,(#1537,#1538,#1539,#1540,#1541,
    #1542,#1543,#1544),.UNSPECIFIED.,.F.,.F.,(8,8),(0.,1.),
  .PIECEWISE_BEZIER_KNOTS.);
#1537 = CARTESIAN_POINT('',(5.5919696339,243.66973003828));
#1538 = CARTESIAN_POINT('',(5.595859354462,242.77986708829));
#1539 = CARTESIAN_POINT('',(5.599420466433,241.88868155117));
#1540 = CARTESIAN_POINT('',(5.602705352848,240.99649165221));
#1541 = CARTESIAN_POINT('',(5.605745221085,240.10351396795));
#1542 = CARTESIAN_POINT('',(5.608564217423,239.20990595235));
#1543 = CARTESIAN_POINT('',(5.611180102166,238.31576736284));
#1544 = CARTESIAN_POINT('',(5.613607061853,237.42114943828));
#1545 = ( GEOMETRIC_REPRESENTATION_CONTEXT(2) 
PARAMETRIC_REPRESENTATION_CONTEXT() REPRESENTATION_CONTEXT('2D SPACE',''
  ) );
#1546 = PCURVE('',#444,#1547);
#1547 = DEFINITIONAL_REPRESENTATION('',(#1548),#1557);
#1548 = B_SPLINE_CURVE_WITH_KNOTS('',7,(#1549,#1550,#1551,#1552,#1553,
    #1554,#1555,#1556),.UNSPECIFIED.,.F.,.F.,(8,8),(0.,0.999999904189),
  .PIECEWISE_BEZIER_KNOTS.);
#1549 = CARTESIAN_POINT('',(7.130280735191,6.24858));
#1550 = CARTESIAN_POINT('',(7.172756053282,5.358717135266));
#1551 = CARTESIAN_POINT('',(7.213254073964,4.467531683666));
#1552 = CARTESIAN_POINT('',(7.252194642371,3.575341870377));
#1553 = CARTESIAN_POINT('',(7.289830803207,2.682364271901));
#1554 = CARTESIAN_POINT('',(7.326362161279,1.788756342161));
#1555 = CARTESIAN_POINT('',(7.361940203577,0.894617838575));
#1556 = CARTESIAN_POINT('',(7.3966911931,-2.51932089097E-15));
#1557 = ( GEOMETRIC_REPRESENTATION_CONTEXT(2) 
PARAMETRIC_REPRESENTATION_CONTEXT() REPRESENTATION_CONTEXT('2D SPACE',''
  ) );
#1558 = ORIENTED_EDGE('',*,*,#1559,.F.);
#1559 = EDGE_CURVE('',#1560,#1522,#1562,.T.);
#1560 = VERTEX_POINT('',#1561);
#1561 = CARTESIAN_POINT('',(37.664300187511,-33.5919376085,35.05142));
#1562 = SURFACE_CURVE('',#1563,(#1568,#1575),.PCURVE_S1.);
#1563 = CIRCLE('',#1564,50.467987684358);
#1564 = AXIS2_PLACEMENT_3D('',#1565,#1566,#1567);
#1565 = CARTESIAN_POINT('',(0.,0.,35.05142));
#1566 = DIRECTION('',(0.,0.,1.));
#1567 = DIRECTION('',(1.,0.,-0.));
#1568 = PCURVE('',#131,#1569);
#1569 = DEFINITIONAL_REPRESENTATION('',(#1570),#1574);
#1570 = LINE('',#1571,#1572);
#1571 = CARTESIAN_POINT('',(0.,237.42115003828));
#1572 = VECTOR('',#1573,1.);
#1573 = DIRECTION('',(1.,0.));
#1574 = ( GEOMETRIC_REPRESENTATION_CONTEXT(2) 
PARAMETRIC_REPRESENTATION_CONTEXT() REPRESENTATION_CONTEXT('2D SPACE',''
  ) );
#1575 = PCURVE('',#1576,#1581);
#1576 = PLANE('',#1577);
#1577 = AXIS2_PLACEMENT_3D('',#1578,#1579,#1580);
#1578 = CARTESIAN_POINT('',(33.417866478876,-33.41786647887,35.05142));
#1579 = DIRECTION('',(0.,0.,1.));
#1580 = DIRECTION('',(0.707106781187,-0.707106781187,0.));
#1581 = DEFINITIONAL_REPRESENTATION('',(#1582),#1586);
#1582 = CIRCLE('',#1583,50.467987684358);
#1583 = AXIS2_PLACEMENT_2D('',#1584,#1585);
#1584 = CARTESIAN_POINT('',(-47.26,-4.006177723215E-16));
#1585 = DIRECTION('',(0.707106781187,0.707106781187));
#1586 = ( GEOMETRIC_REPRESENTATION_CONTEXT(2) 
PARAMETRIC_REPRESENTATION_CONTEXT() REPRESENTATION_CONTEXT('2D SPACE',''
  ) );
#1587 = ORIENTED_EDGE('',*,*,#1588,.F.);
#1588 = EDGE_CURVE('',#1589,#1560,#1591,.T.);
#1589 = VERTEX_POINT('',#1590);
#1590 = CARTESIAN_POINT('',(30.412662658833,-30.41266265883,
    -0.103528498001));
#1591 = SURFACE_CURVE('',#1592,(#1686,#1783),.PCURVE_S1.);
#1592 = B_SPLINE_CURVE_WITH_KNOTS('',8,(#1593,#1594,#1595,#1596,#1597,
    #1598,#1599,#1600,#1601,#1602,#1603,#1604,#1605,#1606,#1607,#1608,
    #1609,#1610,#1611,#1612,#1613,#1614,#1615,#1616,#1617,#1618,#1619,
    #1620,#1621,#1622,#1623,#1624,#1625,#1626,#1627,#1628,#1629,#1630,
    #1631,#1632,#1633,#1634,#1635,#1636,#1637,#1638,#1639,#1640,#1641,
    #1642,#1643,#1644,#1645,#1646,#1647,#1648,#1649,#1650,#1651,#1652,
    #1653,#1654,#1655,#1656,#1657,#1658,#1659,#1660,#1661,#1662,#1663,
    #1664,#1665,#1666,#1667,#1668,#1669,#1670,#1671,#1672,#1673,#1674,
    #1675,#1676,#1677,#1678,#1679,#1680,#1681,#1682,#1683,#1684,#1685),
  .UNSPECIFIED.,.F.,.F.,(9,7,7,7,7,7,7,7,7,7,7,7,7,9),(0.,
    6.993228466034E-03,1.240143273702E-02,1.961052287987E-02,
    3.013593338604E-02,6.142172249273E-02,0.12990049713,0.218956090811,
    0.326243667936,0.54898117211,0.78021021396,0.883728719726,
    0.974937305925,1.),.UNSPECIFIED.);
#1593 = CARTESIAN_POINT('',(30.412662658833,-30.41266265883,
    -0.103528498001));
#1594 = CARTESIAN_POINT('',(30.45091228302,-30.37441303464,
    -0.103528498001));
#1595 = CARTESIAN_POINT('',(30.48928925847,-30.33714899316,
    -9.945241458651E-02));
#1596 = CARTESIAN_POINT('',(30.527184934635,-30.30143469084,
    -9.146318623946E-02));
#1597 = CARTESIAN_POINT('',(30.564223220069,-30.2675103548,
    -8.005891664455E-02));
#1598 = CARTESIAN_POINT('',(30.600155613351,-30.23546750709,
    -6.581529672994E-02));
#1599 = CARTESIAN_POINT('',(30.634817691042,-30.205318932,
    -4.928841683448E-02));
#1600 = CARTESIAN_POINT('',(30.668118685971,-30.17701618739,
    -3.09886186015E-02));
#1601 = CARTESIAN_POINT('',(30.72471884005,-30.12993603742,
    3.862263213863E-03));
#1602 = CARTESIAN_POINT('',(30.748659178594,-30.11038292785,
    1.992175300851E-02));
#1603 = CARTESIAN_POINT('',(30.771906962523,-30.09171948394,
    3.670126806918E-02));
#1604 = CARTESIAN_POINT('',(30.794505662127,-30.07387089974,
    5.408588438199E-02));
#1605 = CARTESIAN_POINT('',(30.816496330769,-30.05677083878,
    7.198287822023E-02));
#1606 = CARTESIAN_POINT('',(30.837920474194,-30.04035783666,
    9.031905164439E-02));
#1607 = CARTESIAN_POINT('',(30.858821518638,-30.02457347894,
    0.109039424317));
#1608 = CARTESIAN_POINT('',(30.906469041186,-29.98908605526,
    0.153524596052));
#1609 = CARTESIAN_POINT('',(30.932826505537,-29.96984157292,
    0.179542311414));
#1610 = CARTESIAN_POINT('',(30.958412028218,-29.95150632077,
    0.206058329951));
#1611 = CARTESIAN_POINT('',(30.983298284764,-29.93398600716,
    0.232993344147));
#1612 = CARTESIAN_POINT('',(31.007544930253,-29.9172040785,
    0.260285357374));
#1613 = CARTESIAN_POINT('',(31.031204644783,-29.90109468794,
    0.287886060831));
#1614 = CARTESIAN_POINT('',(31.054326163008,-29.88559918962,
    0.315759076747));
#1615 = CARTESIAN_POINT('',(31.109991785827,-29.84886364516,
    0.38493725675));
#1616 = CARTESIAN_POINT('',(31.141966155598,-29.82826745738,
    0.426508264376));
#1617 = CARTESIAN_POINT('',(31.173008671582,-29.8087220607,
    0.468504021062));
#1618 = CARTESIAN_POINT('',(31.203217507009,-29.7901107686,
    0.510856562772));
#1619 = CARTESIAN_POINT('',(31.232670641036,-29.77234131825,
    0.553513455974));
#1620 = CARTESIAN_POINT('',(31.261434447598,-29.75533628273,
    0.596434121572));
#1621 = CARTESIAN_POINT('',(31.289567965895,-29.73902831994,
    0.639588057947));
#1622 = CARTESIAN_POINT('',(31.399027151717,-29.67678842286,
    0.811858994709));
#1623 = CARTESIAN_POINT('',(31.475767482034,-29.63589868715,
    0.942560023898));
#1624 = CARTESIAN_POINT('',(31.548699988906,-29.59917789895,
    1.074480696064));
#1625 = CARTESIAN_POINT('',(31.618441609107,-29.56592444788,
    1.207309764562));
#1626 = CARTESIAN_POINT('',(31.685515555468,-29.53555090636,
    1.340811440901));
#1627 = CARTESIAN_POINT('',(31.750263041215,-29.50768022429,
    1.474854054291));
#1628 = CARTESIAN_POINT('',(31.8129899105,-29.48198645733,1.609363378343
    ));
#1629 = CARTESIAN_POINT('',(32.007362967639,-29.40619767737,
    2.039751946475));
#1630 = CARTESIAN_POINT('',(32.132143023272,-29.36346216419,
    2.337036044396));
#1631 = CARTESIAN_POINT('',(32.250701829114,-29.32742484548,
    2.635552889218));
#1632 = CARTESIAN_POINT('',(32.364066111941,-29.29697065053,
    2.93497672543));
#1633 = CARTESIAN_POINT('',(32.473125298276,-29.27114233837,
    3.235058143713));
#1634 = CARTESIAN_POINT('',(32.578419636104,-29.24936412714,
    3.535666277329));
#1635 = CARTESIAN_POINT('',(32.680433797143,-29.23113244847,
    3.836730587187));
#1636 = CARTESIAN_POINT('',(32.908426993317,-29.19649625713,
    4.530381884596));
#1637 = CARTESIAN_POINT('',(33.032355757546,-29.18229155804,
    4.923158322156));
#1638 = CARTESIAN_POINT('',(33.152114818639,-29.17263593896,
    5.316441805066));
#1639 = CARTESIAN_POINT('',(33.268218812629,-29.16698783928,
    5.71013251753));
#1640 = CARTESIAN_POINT('',(33.3810567142,-29.16493819671,6.104156142123
    ));
#1641 = CARTESIAN_POINT('',(33.490941527038,-29.16615934053,
    6.498458375959));
#1642 = CARTESIAN_POINT('',(33.598120360554,-29.17039469411,
    6.893003868544));
#1643 = CARTESIAN_POINT('',(33.828917823323,-29.1859031701,
    7.763360963651));
#1644 = CARTESIAN_POINT('',(33.951405091437,-29.19843928923,
    8.23925514184));
#1645 = CARTESIAN_POINT('',(34.070624561381,-29.2146641102,
    8.715403698479));
#1646 = CARTESIAN_POINT('',(34.186846488226,-29.2342963688,
    9.191765696053));
#1647 = CARTESIAN_POINT('',(34.300282272499,-29.25711586993,
    9.668308543664));
#1648 = CARTESIAN_POINT('',(34.411105009068,-29.28294255507,
    10.145006468717));
#1649 = CARTESIAN_POINT('',(34.519460363803,-29.31162544242,
    10.621839731177));
#1650 = CARTESIAN_POINT('',(34.845547562692,-29.40826353638,
    12.088990608347));
#1651 = CARTESIAN_POINT('',(35.055503596971,-29.48526234299,
    13.079685830682));
#1652 = CARTESIAN_POINT('',(35.256410791908,-29.5729273412,
    14.070747433011));
#1653 = CARTESIAN_POINT('',(35.448907225339,-29.670591766,
    15.062070512694));
#1654 = CARTESIAN_POINT('',(35.633407892312,-29.77781670895,
    16.053569442779));
#1655 = CARTESIAN_POINT('',(35.810174862743,-29.89432040361,
    17.045175145375));
#1656 = CARTESIAN_POINT('',(35.979324449379,-30.01997112593,
    18.03683469372));
#1657 = CARTESIAN_POINT('',(36.308537527146,-30.2946918667,
    20.057990771176));
#1658 = CARTESIAN_POINT('',(36.468003456399,-30.44446786954,
    21.087456552365));
#1659 = CARTESIAN_POINT('',(36.619241234179,-30.60408525024,
    22.116862304523));
#1660 = CARTESIAN_POINT('',(36.762093891374,-30.77368319799,
    23.146150125118));
#1661 = CARTESIAN_POINT('',(36.896248613783,-30.95355193705,
    24.175247983128));
#1662 = CARTESIAN_POINT('',(37.02123134975,-31.14413783928,
    25.204069398778));
#1663 = CARTESIAN_POINT('',(37.136347750398,-31.34610187193,
    26.232512128289));
#1664 = CARTESIAN_POINT('',(37.287149081292,-31.65646403172,
    27.720651775989));
#1665 = CARTESIAN_POINT('',(37.331588319879,-31.75493022443,
    28.180744909654));
#1666 = CARTESIAN_POINT('',(37.37373550898,-31.85597838031,
    28.64072253944));
#1667 = CARTESIAN_POINT('',(37.413476508587,-31.95971782546,
    29.100570110898));
#1668 = CARTESIAN_POINT('',(37.450678273889,-32.06627563528,
    29.560269547629));
#1669 = CARTESIAN_POINT('',(37.485183414356,-32.17580196172,
    30.019798959465));
#1670 = CARTESIAN_POINT('',(37.516801032248,-32.28847901127,
    30.479132139499));
#1671 = CARTESIAN_POINT('',(37.570398422043,-32.50678767751,
    31.342748931886));
#1672 = CARTESIAN_POINT('',(37.593076800944,-32.6116623367,
    31.747077706329));
#1673 = CARTESIAN_POINT('',(37.613166376228,-32.71931438763,
    32.151206809362));
#1674 = CARTESIAN_POINT('',(37.630476434439,-32.82992593659,
    32.555110352754));
#1675 = CARTESIAN_POINT('',(37.644776725304,-32.94371550794,
    32.958752890958));
#1676 = CARTESIAN_POINT('',(37.655788518465,-33.06094669943,
    33.362088660226));
#1677 = CARTESIAN_POINT('',(37.663162105239,-33.18195000646,
    33.765059648979));
#1678 = CARTESIAN_POINT('',(37.6673212219,-33.34158280251,
    34.278200399121));
#1679 = CARTESIAN_POINT('',(37.667907327475,-33.3763107677,
    34.38877622451));
#1680 = CARTESIAN_POINT('',(37.668173189114,-33.41136655686,
    34.499316865428));
#1681 = CARTESIAN_POINT('',(37.668108294261,-33.44676007125,
    34.609820474197));
#1682 = CARTESIAN_POINT('',(37.667701328427,-33.48250195076,
    34.720285010631));
#1683 = CARTESIAN_POINT('',(37.666940048913,-33.51860369535,
    34.83070822792));
#1684 = CARTESIAN_POINT('',(37.665811158524,-33.55507778657,
    34.941087658513));
#1685 = CARTESIAN_POINT('',(37.664300179294,-33.59193780895,35.0514206)
  );
#1686 = PCURVE('',#131,#1687);
#1687 = DEFINITIONAL_REPRESENTATION('',(#1688),#1782);
#1688 = B_SPLINE_CURVE_WITH_KNOTS('',8,(#1689,#1690,#1691,#1692,#1693,
    #1694,#1695,#1696,#1697,#1698,#1699,#1700,#1701,#1702,#1703,#1704,
    #1705,#1706,#1707,#1708,#1709,#1710,#1711,#1712,#1713,#1714,#1715,
    #1716,#1717,#1718,#1719,#1720,#1721,#1722,#1723,#1724,#1725,#1726,
    #1727,#1728,#1729,#1730,#1731,#1732,#1733,#1734,#1735,#1736,#1737,
    #1738,#1739,#1740,#1741,#1742,#1743,#1744,#1745,#1746,#1747,#1748,
    #1749,#1750,#1751,#1752,#1753,#1754,#1755,#1756,#1757,#1758,#1759,
    #1760,#1761,#1762,#1763,#1764,#1765,#1766,#1767,#1768,#1769,#1770,
    #1771,#1772,#1773,#1774,#1775,#1776,#1777,#1778,#1779,#1780,#1781),
  .UNSPECIFIED.,.F.,.F.,(9,7,7,7,7,7,7,7,7,7,7,7,7,9),(0.,
    6.993228466034E-03,1.240143273702E-02,1.961052287987E-02,
    3.013593338604E-02,6.142172249273E-02,0.12990049713,0.218956090811,
    0.326243667936,0.54898117211,0.78021021396,0.883728719726,
    0.974937305925,1.),.UNSPECIFIED.);
#1689 = CARTESIAN_POINT('',(5.497787143782,202.26620154028));
#1690 = CARTESIAN_POINT('',(5.499044831233,202.26620154028));
#1691 = CARTESIAN_POINT('',(5.50028840909,202.27027762369));
#1692 = CARTESIAN_POINT('',(5.501498496823,202.27826685204));
#1693 = CARTESIAN_POINT('',(5.502664874891,202.28967112163));
#1694 = CARTESIAN_POINT('',(5.503781902049,202.30391474155));
#1695 = CARTESIAN_POINT('',(5.504846646521,202.32044162144));
#1696 = CARTESIAN_POINT('',(5.505858413198,202.33874141968));
#1697 = CARTESIAN_POINT('',(5.507560714246,202.37359230149));
#1698 = CARTESIAN_POINT('',(5.508274636751,202.38965179129));
#1699 = CARTESIAN_POINT('',(5.508962399778,202.40643130635));
#1700 = CARTESIAN_POINT('',(5.509625951391,202.42381592266));
#1701 = CARTESIAN_POINT('',(5.510267061862,202.4417129165));
#1702 = CARTESIAN_POINT('',(5.510887428983,202.46004908992));
#1703 = CARTESIAN_POINT('',(5.511488731383,202.4787694626));
#1704 = CARTESIAN_POINT('',(5.512850961463,202.52325463433));
#1705 = CARTESIAN_POINT('',(5.513597857795,202.54927234969));
#1706 = CARTESIAN_POINT('',(5.514316901416,202.57578836823));
#1707 = CARTESIAN_POINT('',(5.515010846683,202.60272338243));
#1708 = CARTESIAN_POINT('',(5.515681941804,202.63001539565));
#1709 = CARTESIAN_POINT('',(5.516332143439,202.65761609911));
#1710 = CARTESIAN_POINT('',(5.516963223825,202.68548911503));
#1711 = CARTESIAN_POINT('',(5.518472560251,202.75466729503));
#1712 = CARTESIAN_POINT('',(5.519330668323,202.79623830266));
#1713 = CARTESIAN_POINT('',(5.520155828935,202.83823405934));
#1714 = CARTESIAN_POINT('',(5.520951591668,202.88058660105));
#1715 = CARTESIAN_POINT('',(5.521720770791,202.92324349425));
#1716 = CARTESIAN_POINT('',(5.522465744076,202.96616415985));
#1717 = CARTESIAN_POINT('',(5.523188601027,203.00931809623));
#1718 = CARTESIAN_POINT('',(5.525979372815,203.18158903299));
#1719 = CARTESIAN_POINT('',(5.527886795203,203.31229006218));
#1720 = CARTESIAN_POINT('',(5.529660846768,203.44421073434));
#1721 = CARTESIAN_POINT('',(5.531323404471,203.57703980284));
#1722 = CARTESIAN_POINT('',(5.532892895476,203.71054147918));
#1723 = CARTESIAN_POINT('',(5.534381261409,203.84458409257));
#1724 = CARTESIAN_POINT('',(5.535798994657,203.97909341662));
#1725 = CARTESIAN_POINT('',(5.54012103114,204.40948198475));
#1726 = CARTESIAN_POINT('',(5.542785685968,204.70676608268));
#1727 = CARTESIAN_POINT('',(5.545231595165,205.00528292749));
#1728 = CARTESIAN_POINT('',(5.547494660607,205.30470676371));
#1729 = CARTESIAN_POINT('',(5.549605823627,205.60478818199));
#1730 = CARTESIAN_POINT('',(5.551583899196,205.90539631561));
#1731 = CARTESIAN_POINT('',(5.553445528611,206.20646062547));
#1732 = CARTESIAN_POINT('',(5.55748915524,206.90011192288));
#1733 = CARTESIAN_POINT('',(5.559598640505,207.29288836043));
#1734 = CARTESIAN_POINT('',(5.561559028893,207.68617184334));
#1735 = CARTESIAN_POINT('',(5.563388331079,208.07986255581));
#1736 = CARTESIAN_POINT('',(5.565100234303,208.4738861804));
#1737 = CARTESIAN_POINT('',(5.566705780176,208.86818841424));
#1738 = CARTESIAN_POINT('',(5.568213708328,209.26273390682));
#1739 = CARTESIAN_POINT('',(5.57133940948,210.13309100193));
#1740 = CARTESIAN_POINT('',(5.572916403038,210.60898518012));
#1741 = CARTESIAN_POINT('',(5.574375202012,211.08513373676));
#1742 = CARTESIAN_POINT('',(5.575725547417,211.56149573433));
#1743 = CARTESIAN_POINT('',(5.576975157619,212.03803858194));
#1744 = CARTESIAN_POINT('',(5.578130423856,212.514736507));
#1745 = CARTESIAN_POINT('',(5.579196779763,212.99156976946));
#1746 = CARTESIAN_POINT('',(5.58221738218,214.45872064663));
#1747 = CARTESIAN_POINT('',(5.58389228978,215.44941586896));
#1748 = CARTESIAN_POINT('',(5.585244167099,216.44047747129));
#1749 = CARTESIAN_POINT('',(5.586298850915,217.43180055097));
#1750 = CARTESIAN_POINT('',(5.58707460877,218.42329948106));
#1751 = CARTESIAN_POINT('',(5.587584584235,219.41490518365));
#1752 = CARTESIAN_POINT('',(5.58783714106,220.406564732));
#1753 = CARTESIAN_POINT('',(5.587836554468,222.42772080945));
#1754 = CARTESIAN_POINT('',(5.587563759419,223.45718659064));
#1755 = CARTESIAN_POINT('',(5.587023492967,224.4865923428));
#1756 = CARTESIAN_POINT('',(5.586216246301,225.5158801634));
#1757 = CARTESIAN_POINT('',(5.58513801032,226.5449780214));
#1758 = CARTESIAN_POINT('',(5.583780265235,227.57379943706));
#1759 = CARTESIAN_POINT('',(5.582128482172,228.60224216657));
#1760 = CARTESIAN_POINT('',(5.579275393314,230.09038181427));
#1761 = CARTESIAN_POINT('',(5.578329160942,230.55047494793));
#1762 = CARTESIAN_POINT('',(5.577316762044,231.01045257772));
#1763 = CARTESIAN_POINT('',(5.576235513622,231.47030014918));
#1764 = CARTESIAN_POINT('',(5.575082238976,231.92999958591));
#1765 = CARTESIAN_POINT('',(5.573853123819,232.38952899774));
#1766 = CARTESIAN_POINT('',(5.572543472571,232.84886217778));
#1767 = CARTESIAN_POINT('',(5.569917275472,233.71247897016));
#1768 = CARTESIAN_POINT('',(5.568620085754,234.11680774461));
#1769 = CARTESIAN_POINT('',(5.567251719228,234.52093684764));
#1770 = CARTESIAN_POINT('',(5.565807383044,234.92484039103));
#1771 = CARTESIAN_POINT('',(5.56428126413,235.32848292924));
#1772 = CARTESIAN_POINT('',(5.562666292183,235.7318186985));
#1773 = CARTESIAN_POINT('',(5.560953539458,236.13478968726));
#1774 = CARTESIAN_POINT('',(5.558629974438,236.6479304374));
#1775 = CARTESIAN_POINT('',(5.558120820466,236.75850626279));
#1776 = CARTESIAN_POINT('',(5.557603112466,236.86904690371));
#1777 = CARTESIAN_POINT('',(5.557076580121,236.97955051248));
#1778 = CARTESIAN_POINT('',(5.556540932312,237.09001504891));
#1779 = CARTESIAN_POINT('',(5.555995853752,237.2004382662));
#1780 = CARTESIAN_POINT('',(5.555441001613,237.31081769679));
#1781 = CARTESIAN_POINT('',(5.554876002157,237.42115063828));
#1782 = ( GEOMETRIC_REPRESENTATION_CONTEXT(2) 
PARAMETRIC_REPRESENTATION_CONTEXT() REPRESENTATION_CONTEXT('2D SPACE',''
  ) );
#1783 = PCURVE('',#781,#1784);
#1784 = DEFINITIONAL_REPRESENTATION('',(#1785),#1879);
#1785 = B_SPLINE_CURVE_WITH_KNOTS('',8,(#1786,#1787,#1788,#1789,#1790,
    #1791,#1792,#1793,#1794,#1795,#1796,#1797,#1798,#1799,#1800,#1801,
    #1802,#1803,#1804,#1805,#1806,#1807,#1808,#1809,#1810,#1811,#1812,
    #1813,#1814,#1815,#1816,#1817,#1818,#1819,#1820,#1821,#1822,#1823,
    #1824,#1825,#1826,#1827,#1828,#1829,#1830,#1831,#1832,#1833,#1834,
    #1835,#1836,#1837,#1838,#1839,#1840,#1841,#1842,#1843,#1844,#1845,
    #1846,#1847,#1848,#1849,#1850,#1851,#1852,#1853,#1854,#1855,#1856,
    #1857,#1858,#1859,#1860,#1861,#1862,#1863,#1864,#1865,#1866,#1867,
    #1868,#1869,#1870,#1871,#1872,#1873,#1874,#1875,#1876,#1877,#1878),
  .UNSPECIFIED.,.F.,.F.,(9,7,7,7,7,7,7,7,7,7,7,7,7,9),(0.,
    6.993228466034E-03,1.240143273702E-02,1.961052287987E-02,
    3.013593338604E-02,6.142172249273E-02,0.12990049713,0.218956090811,
    0.326243667936,0.54898117211,0.78021021396,0.883728719726,
    0.974937305925,1.),.UNSPECIFIED.);
#1786 = CARTESIAN_POINT('',(0.,208.17650415798));
#1787 = CARTESIAN_POINT('',(1.272779700726E-02,208.17650415798));
#1788 = CARTESIAN_POINT('',(2.531279742399E-02,208.17242807457));
#1789 = CARTESIAN_POINT('',(3.756304200471E-02,208.16443884622));
#1790 = CARTESIAN_POINT('',(4.937877278175E-02,208.15303457662));
#1791 = CARTESIAN_POINT('',(6.070506391662E-02,208.13879095671));
#1792 = CARTESIAN_POINT('',(7.151303997305E-02,208.12226407681));
#1793 = CARTESIAN_POINT('',(8.179565514699E-02,208.10396427858));
#1794 = CARTESIAN_POINT('',(9.911834936601E-02,208.06911339676));
#1795 = CARTESIAN_POINT('',(0.106391134842,208.05305390697));
#1796 = CARTESIAN_POINT('',(0.113405430237,208.03627439191));
#1797 = CARTESIAN_POINT('',(0.120180810282,208.0188897756));
#1798 = CARTESIAN_POINT('',(0.126735000332,208.00099278176));
#1799 = CARTESIAN_POINT('',(0.133084984043,207.98265660833));
#1800 = CARTESIAN_POINT('',(0.139247576009,207.96393623566));
#1801 = CARTESIAN_POINT('',(0.15322658874,207.91945106393));
#1802 = CARTESIAN_POINT('',(0.160905149381,207.89343334857));
#1803 = CARTESIAN_POINT('',(0.168311023514,207.86691733003));
#1804 = CARTESIAN_POINT('',(0.175471711329,207.83998231583));
#1805 = CARTESIAN_POINT('',(0.182409609224,207.8126903026));
#1806 = CARTESIAN_POINT('',(0.189144197969,207.78508959915));
#1807 = CARTESIAN_POINT('',(0.195693140776,207.75721658323));
#1808 = CARTESIAN_POINT('',(0.211385973938,207.68803840323));
#1809 = CARTESIAN_POINT('',(0.220334535524,207.6464673956));
#1810 = CARTESIAN_POINT('',(0.228965136165,207.60447163892));
#1811 = CARTESIAN_POINT('',(0.23731302093,207.56211909721));
#1812 = CARTESIAN_POINT('',(0.245406065497,207.51946220401));
#1813 = CARTESIAN_POINT('',(0.253267801425,207.47654153841));
#1814 = CARTESIAN_POINT('',(0.26091892103,207.43338760203));
#1815 = CARTESIAN_POINT('',(0.290546475912,207.26111666527));
#1816 = CARTESIAN_POINT('',(0.310998607589,207.13041563608));
#1817 = CARTESIAN_POINT('',(0.330203559772,206.99849496392));
#1818 = CARTESIAN_POINT('',(0.348375248082,206.86566589541));
#1819 = CARTESIAN_POINT('',(0.3656939213,206.73216421908));
#1820 = CARTESIAN_POINT('',(0.382275595087,206.59812160569));
#1821 = CARTESIAN_POINT('',(0.398222759942,206.46361228164));
#1822 = CARTESIAN_POINT('',(0.44731123991,206.0332237135));
#1823 = CARTESIAN_POINT('',(0.478318349566,205.73593961558));
#1824 = CARTESIAN_POINT('',(0.507447120503,205.43742277076));
#1825 = CARTESIAN_POINT('',(0.535038593332,205.13799893455));
#1826 = CARTESIAN_POINT('',(0.561387694492,204.83791751627));
#1827 = CARTESIAN_POINT('',(0.58667112467,204.53730938265));
#1828 = CARTESIAN_POINT('',(0.611046534551,204.23624507279));
#1829 = CARTESIAN_POINT('',(0.665307502446,203.54259377538));
#1830 = CARTESIAN_POINT('',(0.694638450714,203.14981733782));
#1831 = CARTESIAN_POINT('',(0.72288252144,202.75653385492));
#1832 = CARTESIAN_POINT('',(0.75020679664,202.36284314245));
#1833 = CARTESIAN_POINT('',(0.776737657377,201.96881951785));
#1834 = CARTESIAN_POINT('',(0.802577031238,201.57451728402));
#1835 = CARTESIAN_POINT('',(0.827805624353,201.17997179143));
#1836 = CARTESIAN_POINT('',(0.882233371016,200.30961469633));
#1837 = CARTESIAN_POINT('',(0.911186852828,199.83372051814));
#1838 = CARTESIAN_POINT('',(0.939471308017,199.3575719615));
#1839 = CARTESIAN_POINT('',(0.967177253072,198.88120996393));
#1840 = CARTESIAN_POINT('',(0.994377069043,198.40466711632));
#1841 = CARTESIAN_POINT('',(1.021131631851,197.92796919126));
#1842 = CARTESIAN_POINT('',(1.04749384111,197.4511359288));
#1843 = CARTESIAN_POINT('',(1.127518675485,195.98398505163));
#1844 = CARTESIAN_POINT('',(1.18003185213,194.9932898293));
#1845 = CARTESIAN_POINT('',(1.231456428001,194.00222822697));
#1846 = CARTESIAN_POINT('',(1.282077443181,193.01090514728));
#1847 = CARTESIAN_POINT('',(1.33212707727,192.0194062172));
#1848 = CARTESIAN_POINT('',(1.381809690577,191.0278005146));
#1849 = CARTESIAN_POINT('',(1.431309822051,190.03614096626));
#1850 = CARTESIAN_POINT('',(1.532199356621,188.0149848888));
#1851 = CARTESIAN_POINT('',(1.583587066295,186.98551910761));
#1852 = CARTESIAN_POINT('',(1.635179083548,185.95611335546));
#1853 = CARTESIAN_POINT('',(1.687173701435,184.92682553486));
#1854 = CARTESIAN_POINT('',(1.739781841489,183.89772767685));
#1855 = CARTESIAN_POINT('',(1.793236988254,182.8689062612));
#1856 = CARTESIAN_POINT('',(1.847817106479,181.84046353169));
#1857 = CARTESIAN_POINT('',(1.929007458789,180.35232388399));
#1858 = CARTESIAN_POINT('',(1.954416039704,179.89223075032));
#1859 = CARTESIAN_POINT('',(1.980159417189,179.43225312054));
#1860 = CARTESIAN_POINT('',(2.006275660569,178.97240554908));
#1861 = CARTESIAN_POINT('',(2.032807681421,178.51270611235));
#1862 = CARTESIAN_POINT('',(2.05980495452,178.05317670051));
#1863 = CARTESIAN_POINT('',(2.087326381807,177.59384352048));
#1864 = CARTESIAN_POINT('',(2.140218570357,176.73022672809));
#1865 = CARTESIAN_POINT('',(2.165455560327,176.32589795365));
#1866 = CARTESIAN_POINT('',(2.19120518312,175.92176885062));
#1867 = CARTESIAN_POINT('',(2.217525029818,175.51786530722));
#1868 = CARTESIAN_POINT('',(2.244483961662,175.11422276902));
#1869 = CARTESIAN_POINT('',(2.272164885211,174.71088699975));
#1870 = CARTESIAN_POINT('',(2.300671787496,174.307916011));
#1871 = CARTESIAN_POINT('',(2.338245191788,173.79477526086));
#1872 = CARTESIAN_POINT('',(2.346417296908,173.68419943547));
#1873 = CARTESIAN_POINT('',(2.354665359233,173.57365879455));
#1874 = CARTESIAN_POINT('',(2.362992512713,173.46315518578));
#1875 = CARTESIAN_POINT('',(2.371402130079,173.35269064935));
#1876 = CARTESIAN_POINT('',(2.379897862647,173.24226743206));
#1877 = CARTESIAN_POINT('',(2.38848368012,173.13188800147));
#1878 = CARTESIAN_POINT('',(2.397163910398,173.02155505998));
#1879 = ( GEOMETRIC_REPRESENTATION_CONTEXT(2) 
PARAMETRIC_REPRESENTATION_CONTEXT() REPRESENTATION_CONTEXT('2D SPACE',''
  ) );
#1880 = ORIENTED_EDGE('',*,*,#1881,.F.);
#1881 = EDGE_CURVE('',#1882,#1589,#1884,.T.);
#1882 = VERTEX_POINT('',#1883);
#1883 = CARTESIAN_POINT('',(33.591937608502,-37.66430018751,35.05142));
#1884 = SURFACE_CURVE('',#1885,(#1979,#2076),.PCURVE_S1.);
#1885 = B_SPLINE_CURVE_WITH_KNOTS('',8,(#1886,#1887,#1888,#1889,#1890,
    #1891,#1892,#1893,#1894,#1895,#1896,#1897,#1898,#1899,#1900,#1901,
    #1902,#1903,#1904,#1905,#1906,#1907,#1908,#1909,#1910,#1911,#1912,
    #1913,#1914,#1915,#1916,#1917,#1918,#1919,#1920,#1921,#1922,#1923,
    #1924,#1925,#1926,#1927,#1928,#1929,#1930,#1931,#1932,#1933,#1934,
    #1935,#1936,#1937,#1938,#1939,#1940,#1941,#1942,#1943,#1944,#1945,
    #1946,#1947,#1948,#1949,#1950,#1951,#1952,#1953,#1954,#1955,#1956,
    #1957,#1958,#1959,#1960,#1961,#1962,#1963,#1964,#1965,#1966,#1967,
    #1968,#1969,#1970,#1971,#1972,#1973,#1974,#1975,#1976,#1977,#1978),
  .UNSPECIFIED.,.F.,.F.,(9,7,7,7,7,7,7,7,7,7,7,7,7,9),(0.,0.111370321442
    ,0.245186191892,0.451203810914,0.662612969898,0.757596823909,
    0.841181625084,0.887369009711,0.926488817367,0.963987830947,
    0.98230156342,0.992211884284,0.995800527577,1.),.UNSPECIFIED.);
#1886 = CARTESIAN_POINT('',(33.59193780895,-37.66430017929,35.0514206));
#1887 = CARTESIAN_POINT('',(33.428140535159,-37.67101461576,
    34.561126946922));
#1888 = CARTESIAN_POINT('',(33.271968665653,-37.67018424008,
    34.069929994657));
#1889 = CARTESIAN_POINT('',(33.122222159119,-37.66307839874,
    33.578038626159));
#1890 = CARTESIAN_POINT('',(32.978142445172,-37.65050379056,
    33.085598319027));
#1891 = CARTESIAN_POINT('',(32.839160664899,-37.63306468442,
    32.592716389326));
#1892 = CARTESIAN_POINT('',(32.704819482265,-37.61124372985,
    32.099469507523));
#1893 = CARTESIAN_POINT('',(32.574762585123,-37.58541288953,
    31.605904583532));
#1894 = CARTESIAN_POINT('',(32.297199957009,-37.52040391373,
    30.51865112729));
#1895 = CARTESIAN_POINT('',(32.151469081472,-37.47958626915,
    29.924863520457));
#1896 = CARTESIAN_POINT('',(32.010977974074,-37.43396948808,
    29.330750310509));
#1897 = CARTESIAN_POINT('',(31.875347046363,-37.38395145228,
    28.736366666171));
#1898 = CARTESIAN_POINT('',(31.744276511347,-37.3298465968,
    28.141756964734));
#1899 = CARTESIAN_POINT('',(31.617521801325,-37.27191098378,
    27.546956105049));
#1900 = CARTESIAN_POINT('',(31.494883634874,-37.21035246721,
    26.95199003734));
#1901 = CARTESIAN_POINT('',(31.193469112929,-37.04525709137,
    25.44066316214));
#1902 = CARTESIAN_POINT('',(31.020109579613,-36.9369936007,
    24.524118528182));
#1903 = CARTESIAN_POINT('',(30.855514703261,-36.82117990674,
    23.60731723679));
#1904 = CARTESIAN_POINT('',(30.699279438636,-36.69824221713,
    22.690324453562));
#1905 = CARTESIAN_POINT('',(30.551125092735,-36.56847741197,
    21.773197243367));
#1906 = CARTESIAN_POINT('',(30.410870938762,-36.43208169987,
    20.855985139003));
#1907 = CARTESIAN_POINT('',(30.278429368047,-36.28915561861,
    19.938730358524));
#1908 = CARTESIAN_POINT('',(30.025919671721,-35.9863429637,
    18.080200941257));
#1909 = CARTESIAN_POINT('',(29.906268562011,-35.82611367117,
    17.138945142467));
#1910 = CARTESIAN_POINT('',(29.794858012704,-35.65902132458,
    16.19773584647));
#1911 = CARTESIAN_POINT('',(29.691796949905,-35.48497043528,
    15.256619157791));
#1912 = CARTESIAN_POINT('',(29.597313191428,-35.30374979037,
    14.315653237313));
#1913 = CARTESIAN_POINT('',(29.511761710669,-35.11502417553,
    13.374908716456));
#1914 = CARTESIAN_POINT('',(29.435676156761,-34.91828324825,
    12.434470624656));
#1915 = CARTESIAN_POINT('',(29.340368767493,-34.62032943347,
    11.072100132809));
#1916 = CARTESIAN_POINT('',(29.312907215911,-34.52617679177,
    10.649842303788));
#1917 = CARTESIAN_POINT('',(29.287607643973,-34.43016410643,
    10.22768003653));
#1918 = CARTESIAN_POINT('',(29.264562188354,-34.3322025878,
    9.805625726991));
#1919 = CARTESIAN_POINT('',(29.24387899357,-34.23218823435,
    9.383694700593));
#1920 = CARTESIAN_POINT('',(29.22568700912,-34.12999710915,
    8.961905530018));
#1921 = CARTESIAN_POINT('',(29.210144100399,-34.02547736397,8.5402805808
    ));
#1922 = CARTESIAN_POINT('',(29.186276453951,-33.82424449644,
    7.747989438272));
#1923 = CARTESIAN_POINT('',(29.177309886608,-33.72810058344,
    7.377284726518));
#1924 = CARTESIAN_POINT('',(29.17068237375,-33.62987659856,
    7.006747543882));
#1925 = CARTESIAN_POINT('',(29.166556681551,-33.52941581752,
    6.636400409333));
#1926 = CARTESIAN_POINT('',(29.165125081222,-33.42653408764,
    6.266273432006));
#1927 = CARTESIAN_POINT('',(29.166622026609,-33.32100744673,
    5.896405506694));
#1928 = CARTESIAN_POINT('',(29.17134916812,-33.2125477384,5.526846739217
    ));
#1929 = CARTESIAN_POINT('',(29.184334234592,-33.03899786702,
    4.953657634163));
#1930 = CARTESIAN_POINT('',(29.190066289525,-32.97621567955,
    4.749769672247));
#1931 = CARTESIAN_POINT('',(29.196977424455,-32.91235388039,
    4.546008580565));
#1932 = CARTESIAN_POINT('',(29.205147379866,-32.84733644622,
    4.34238815287));
#1933 = CARTESIAN_POINT('',(29.214668190743,-32.78107602943,
    4.138925740974));
#1934 = CARTESIAN_POINT('',(29.225648369598,-32.71346991248,
    3.935642784205));
#1935 = CARTESIAN_POINT('',(29.238220161825,-32.64439299866,
    3.732565739374));
#1936 = CARTESIAN_POINT('',(29.264686857617,-32.51380195753,
    3.357927331043));
#1937 = CARTESIAN_POINT('',(29.278084951686,-32.45274933167,
    3.186303326039));
#1938 = CARTESIAN_POINT('',(29.292844321593,-32.39043414901,
    3.014871641666));
#1939 = CARTESIAN_POINT('',(29.309086330899,-32.32674171952,
    2.843656969424));
#1940 = CARTESIAN_POINT('',(29.326953396163,-32.26153858002,
    2.672692346796));
#1941 = CARTESIAN_POINT('',(29.346618570254,-32.19466332366,
    2.502020723153));
#1942 = CARTESIAN_POINT('',(29.368304853499,-32.12590815464,
    2.331698191632));
#1943 = CARTESIAN_POINT('',(29.415328866185,-31.98701238158,
    1.998938773009));
#1944 = CARTESIAN_POINT('',(29.440470171838,-31.91707219271,
    1.836529403362));
#1945 = CARTESIAN_POINT('',(29.468007561507,-31.84490267909,
    1.674577594129));
#1946 = CARTESIAN_POINT('',(29.49829478201,-31.77016962442,
    1.513155591256));
#1947 = CARTESIAN_POINT('',(29.531742000411,-31.69249784807,
    1.352392005563));
#1948 = CARTESIAN_POINT('',(29.568993649727,-31.61130597703,
    1.192518469816));
#1949 = CARTESIAN_POINT('',(29.610819879566,-31.5259069904,
    1.033840728203));
#1950 = CARTESIAN_POINT('',(29.682370860393,-31.39028067408,
    0.800296174008));
#1951 = CARTESIAN_POINT('',(29.707317975802,-31.34445221045,
    0.724153988445));
#1952 = CARTESIAN_POINT('',(29.733938910555,-31.29709686238,
    0.648515146587));
#1953 = CARTESIAN_POINT('',(29.762489459248,-31.24798125654,
    0.573462150236));
#1954 = CARTESIAN_POINT('',(29.793262903253,-31.19685155379,
    0.499139761028));
#1955 = CARTESIAN_POINT('',(29.826693694112,-31.14334130853,
    0.425797498833));
#1956 = CARTESIAN_POINT('',(29.863301411148,-31.08702102071,
    0.353766081824));
#1957 = CARTESIAN_POINT('',(29.926260150344,-30.99449497011,
    0.24568309292));
#1958 = CARTESIAN_POINT('',(29.949561758557,-30.96098806539,
    0.20836963711));
#1959 = CARTESIAN_POINT('',(29.974257590369,-30.9262713904,
    0.171722824085));
#1960 = CARTESIAN_POINT('',(30.000556820626,-30.89016652641,
    0.135855573419));
#1961 = CARTESIAN_POINT('',(30.028711653718,-30.85248176613,
    0.100989725655));
#1962 = CARTESIAN_POINT('',(30.059007949008,-30.813019504,
    6.744893474336E-02));
#1963 = CARTESIAN_POINT('',(30.09180350714,-30.77154416764,
    3.568156961479E-02));
#1964 = CARTESIAN_POINT('',(30.140704322781,-30.71173825062,
    -4.236397977437E-03));
#1965 = CARTESIAN_POINT('',(30.154101096984,-30.69553317062,
    -1.45167950006E-02));
#1966 = CARTESIAN_POINT('',(30.167919249277,-30.67900671224,
    -2.4431710992E-02));
#1967 = CARTESIAN_POINT('',(30.182181696743,-30.66214773689,
    -3.393795171823E-02));
#1968 = CARTESIAN_POINT('',(30.196908639154,-30.64495008373,
    -4.298403751346E-02));
#1969 = CARTESIAN_POINT('',(30.212116606247,-30.62741323405,
    -5.151125914085E-02));
#1970 = CARTESIAN_POINT('',(30.227817505001,-30.60954297566,
    -5.945473365403E-02));
#1971 = CARTESIAN_POINT('',(30.262975286175,-30.57006485323,
    -7.527498373151E-02));
#1972 = CARTESIAN_POINT('',(30.282630833302,-30.54832248203,
    -8.291693748763E-02));
#1973 = CARTESIAN_POINT('',(30.30296963212,-30.52617387964,
    -8.954475857244E-02));
#1974 = CARTESIAN_POINT('',(30.323956308263,-30.50368955845,
    -9.502961296176E-02));
#1975 = CARTESIAN_POINT('',(30.345530666202,-30.48096303766,
    -9.924931738191E-02));
#1976 = CARTESIAN_POINT('',(30.367601554954,-30.45811305863,
    -0.102102714002));
#1977 = CARTESIAN_POINT('',(30.39003872249,-30.43528659517,
    -0.103528498001));
#1978 = CARTESIAN_POINT('',(30.412662658833,-30.41266265883,
    -0.103528498001));
#1979 = PCURVE('',#131,#1980);
#1980 = DEFINITIONAL_REPRESENTATION('',(#1981),#2075);
#1981 = B_SPLINE_CURVE_WITH_KNOTS('',8,(#1982,#1983,#1984,#1985,#1986,
    #1987,#1988,#1989,#1990,#1991,#1992,#1993,#1994,#1995,#1996,#1997,
    #1998,#1999,#2000,#2001,#2002,#2003,#2004,#2005,#2006,#2007,#2008,
    #2009,#2010,#2011,#2012,#2013,#2014,#2015,#2016,#2017,#2018,#2019,
    #2020,#2021,#2022,#2023,#2024,#2025,#2026,#2027,#2028,#2029,#2030,
    #2031,#2032,#2033,#2034,#2035,#2036,#2037,#2038,#2039,#2040,#2041,
    #2042,#2043,#2044,#2045,#2046,#2047,#2048,#2049,#2050,#2051,#2052,
    #2053,#2054,#2055,#2056,#2057,#2058,#2059,#2060,#2061,#2062,#2063,
    #2064,#2065,#2066,#2067,#2068,#2069,#2070,#2071,#2072,#2073,#2074),
  .UNSPECIFIED.,.F.,.F.,(9,7,7,7,7,7,7,7,7,7,7,7,7,9),(0.,0.111370321442
    ,0.245186191892,0.451203810914,0.662612969898,0.757596823909,
    0.841181625084,0.887369009711,0.926488817367,0.963987830947,
    0.98230156342,0.992211884284,0.995800527577,1.),.UNSPECIFIED.);
#1982 = CARTESIAN_POINT('',(5.440698285408,237.42115063828));
#1983 = CARTESIAN_POINT('',(5.438187560655,236.9308569852));
#1984 = CARTESIAN_POINT('',(5.43587727674,236.43966003294));
#1985 = CARTESIAN_POINT('',(5.433734534288,235.94776866444));
#1986 = CARTESIAN_POINT('',(5.431738679496,235.45532835731));
#1987 = CARTESIAN_POINT('',(5.429874343878,234.9624464276));
#1988 = CARTESIAN_POINT('',(5.428129289226,234.4691995458));
#1989 = CARTESIAN_POINT('',(5.426494123951,233.97563462181));
#1990 = CARTESIAN_POINT('',(5.423118795754,232.88838116557));
#1991 = CARTESIAN_POINT('',(5.421424005661,232.29459355874));
#1992 = CARTESIAN_POINT('',(5.419863109612,231.70048034879));
#1993 = CARTESIAN_POINT('',(5.418426348179,231.10609670445));
#1994 = CARTESIAN_POINT('',(5.417106155264,230.51148700301));
#1995 = CARTESIAN_POINT('',(5.415896492646,229.91668614333));
#1996 = CARTESIAN_POINT('',(5.414792584778,229.32172007562));
#1997 = CARTESIAN_POINT('',(5.412247971965,227.81039320042));
#1998 = CARTESIAN_POINT('',(5.410946951837,226.89384856646));
#1999 = CARTESIAN_POINT('',(5.409873588592,225.97704727507));
#2000 = CARTESIAN_POINT('',(5.40901937138,225.06005449184));
#2001 = CARTESIAN_POINT('',(5.408379349172,224.14292728165));
#2002 = CARTESIAN_POINT('',(5.407951414867,223.22571517728));
#2003 = CARTESIAN_POINT('',(5.407736250869,222.3084603968));
#2004 = CARTESIAN_POINT('',(5.407738655891,220.44993097954));
#2005 = CARTESIAN_POINT('',(5.407967692496,219.50867518075));
#2006 = CARTESIAN_POINT('',(5.408428458628,218.56746588475));
#2007 = CARTESIAN_POINT('',(5.409127991699,217.62634919607));
#2008 = CARTESIAN_POINT('',(5.41007711097,216.68538327559));
#2009 = CARTESIAN_POINT('',(5.411290776892,215.74463875473));
#2010 = CARTESIAN_POINT('',(5.412789877569,214.80420066293));
#2011 = CARTESIAN_POINT('',(5.415422204124,213.44183017109));
#2012 = CARTESIAN_POINT('',(5.416302269117,213.01957234207));
#2013 = CARTESIAN_POINT('',(5.417249233009,212.59741007481));
#2014 = CARTESIAN_POINT('',(5.418266445706,212.17535576527));
#2015 = CARTESIAN_POINT('',(5.419357785597,211.75342473887));
#2016 = CARTESIAN_POINT('',(5.420527820245,211.3316355683));
#2017 = CARTESIAN_POINT('',(5.421782076699,210.91001061908));
#2018 = CARTESIAN_POINT('',(5.424311310762,210.11771947655));
#2019 = CARTESIAN_POINT('',(5.425565736754,209.7470147648));
#2020 = CARTESIAN_POINT('',(5.426895344605,209.37647758216));
#2021 = CARTESIAN_POINT('',(5.428305727105,209.00613044761));
#2022 = CARTESIAN_POINT('',(5.429803438802,208.63600347028));
#2023 = CARTESIAN_POINT('',(5.43139641461,208.26613554497));
#2024 = CARTESIAN_POINT('',(5.433094792874,207.8965767775));
#2025 = CARTESIAN_POINT('',(5.435916376193,207.32338767244));
#2026 = CARTESIAN_POINT('',(5.436956933072,207.11949971053));
#2027 = CARTESIAN_POINT('',(5.438036106201,206.91573861884));
#2028 = CARTESIAN_POINT('',(5.439156547145,206.71211819115));
#2029 = CARTESIAN_POINT('',(5.440321302996,206.50865577925));
#2030 = CARTESIAN_POINT('',(5.441533952976,206.30537282248));
#2031 = CARTESIAN_POINT('',(5.442798844977,206.10229577765));
#2032 = CARTESIAN_POINT('',(5.445241637301,205.72765736932));
#2033 = CARTESIAN_POINT('',(5.446403212074,205.55603336432));
#2034 = CARTESIAN_POINT('',(5.44760945599,205.38460167994));
#2035 = CARTESIAN_POINT('',(5.448864336743,205.2133870077));
#2036 = CARTESIAN_POINT('',(5.450172486426,205.04242238507));
#2037 = CARTESIAN_POINT('',(5.451539511725,204.87175076143));
#2038 = CARTESIAN_POINT('',(5.452972617987,204.70142822991));
#2039 = CARTESIAN_POINT('',(5.455927959057,204.36866881129));
#2040 = CARTESIAN_POINT('',(5.457443518983,204.20625944164));
#2041 = CARTESIAN_POINT('',(5.459037166486,204.04430763241));
#2042 = CARTESIAN_POINT('',(5.460720352452,203.88288562953));
#2043 = CARTESIAN_POINT('',(5.462506162289,203.72212204384));
#2044 = CARTESIAN_POINT('',(5.464414967311,203.56224850809));
#2045 = CARTESIAN_POINT('',(5.466470984376,203.40357076648));
#2046 = CARTESIAN_POINT('',(5.469828801567,203.17002621229));
#2047 = CARTESIAN_POINT('',(5.470977320297,203.09388402672));
#2048 = CARTESIAN_POINT('',(5.472179263608,203.01824518487));
#2049 = CARTESIAN_POINT('',(5.473442720099,202.94319218851));
#2050 = CARTESIAN_POINT('',(5.474776747067,202.86886979931));
#2051 = CARTESIAN_POINT('',(5.476194589724,202.79552753711));
#2052 = CARTESIAN_POINT('',(5.477711942152,202.7234961201));
#2053 = CARTESIAN_POINT('',(5.480253948381,202.6154131312));
#2054 = CARTESIAN_POINT('',(5.481183267271,202.57809967539));
#2055 = CARTESIAN_POINT('',(5.482155762547,202.54145286236));
#2056 = CARTESIAN_POINT('',(5.483177825956,202.5055856117));
#2057 = CARTESIAN_POINT('',(5.48425678374,202.47071976393));
#2058 = CARTESIAN_POINT('',(5.485400616628,202.43717897302));
#2059 = CARTESIAN_POINT('',(5.486619109326,202.40541160789));
#2060 = CARTESIAN_POINT('',(5.488403483056,202.3654936403));
#2061 = CARTESIAN_POINT('',(5.48888946746,202.35521324328));
#2062 = CARTESIAN_POINT('',(5.48938772837,202.34529832729));
#2063 = CARTESIAN_POINT('',(5.489898826287,202.33579208656));
#2064 = CARTESIAN_POINT('',(5.490423194822,202.32674600077));
#2065 = CARTESIAN_POINT('',(5.490961113719,202.31821877914));
#2066 = CARTESIAN_POINT('',(5.491512681875,202.31027530462));
#2067 = CARTESIAN_POINT('',(5.492739086929,202.29445505455));
#2068 = CARTESIAN_POINT('',(5.493419423464,202.28681310079));
#2069 = CARTESIAN_POINT('',(5.494117749678,202.28018527971));
#2070 = CARTESIAN_POINT('',(5.494832316886,202.27470042532));
#2071 = CARTESIAN_POINT('',(5.495560585451,202.2704807209));
#2072 = CARTESIAN_POINT('',(5.496299087541,202.26762732428));
#2073 = CARTESIAN_POINT('',(5.497043245209,202.26620154028));
#2074 = CARTESIAN_POINT('',(5.497787143782,202.26620154028));
#2075 = ( GEOMETRIC_REPRESENTATION_CONTEXT(2) 
PARAMETRIC_REPRESENTATION_CONTEXT() REPRESENTATION_CONTEXT('2D SPACE',''
  ) );
#2076 = PCURVE('',#781,#2077);
#2077 = DEFINITIONAL_REPRESENTATION('',(#2078),#2172);
#2078 = B_SPLINE_CURVE_WITH_KNOTS('',8,(#2079,#2080,#2081,#2082,#2083,
    #2084,#2085,#2086,#2087,#2088,#2089,#2090,#2091,#2092,#2093,#2094,
    #2095,#2096,#2097,#2098,#2099,#2100,#2101,#2102,#2103,#2104,#2105,
    #2106,#2107,#2108,#2109,#2110,#2111,#2112,#2113,#2114,#2115,#2116,
    #2117,#2118,#2119,#2120,#2121,#2122,#2123,#2124,#2125,#2126,#2127,
    #2128,#2129,#2130,#2131,#2132,#2133,#2134,#2135,#2136,#2137,#2138,
    #2139,#2140,#2141,#2142,#2143,#2144,#2145,#2146,#2147,#2148,#2149,
    #2150,#2151,#2152,#2153,#2154,#2155,#2156,#2157,#2158,#2159,#2160,
    #2161,#2162,#2163,#2164,#2165,#2166,#2167,#2168,#2169,#2170,#2171),
  .UNSPECIFIED.,.F.,.F.,(9,7,7,7,7,7,7,7,7,7,7,7,7,9),(0.,0.111370321442
    ,0.245186191892,0.451203810914,0.662612969898,0.757596823909,
    0.841181625084,0.887369009711,0.926488817367,0.963987830947,
    0.98230156342,0.992211884284,0.995800527577,1.),.UNSPECIFIED.);
#2079 = CARTESIAN_POINT('',(3.886021396781,173.02155505998));
#2080 = CARTESIAN_POINT('',(3.924594299445,173.51184871306));
#2081 = CARTESIAN_POINT('',(3.961301838059,174.00304566532));
#2082 = CARTESIAN_POINT('',(3.996525466854,174.49493703382));
#2083 = CARTESIAN_POINT('',(4.030504348498,174.98737734095));
#2084 = CARTESIAN_POINT('',(4.063417364222,175.48025927065));
#2085 = CARTESIAN_POINT('',(4.095408404299,175.97350615246));
#2086 = CARTESIAN_POINT('',(4.126589644902,176.46707107645));
#2087 = CARTESIAN_POINT('',(4.193665877713,177.55432453269));
#2088 = CARTESIAN_POINT('',(4.229242169695,178.14811213952));
#2089 = CARTESIAN_POINT('',(4.263950270099,178.74222534947));
#2090 = CARTESIAN_POINT('',(4.297913053962,179.33660899381));
#2091 = CARTESIAN_POINT('',(4.331230172365,179.93121869524));
#2092 = CARTESIAN_POINT('',(4.363985888266,180.52601955493));
#2093 = CARTESIAN_POINT('',(4.39625234446,181.12098562264));
#2094 = CARTESIAN_POINT('',(4.477115233125,182.63231249784));
#2095 = CARTESIAN_POINT('',(4.525128094086,183.5488571318));
#2096 = CARTESIAN_POINT('',(4.572365069934,184.46565842319));
#2097 = CARTESIAN_POINT('',(4.619010423693,185.38265120642));
#2098 = CARTESIAN_POINT('',(4.665224143927,186.29977841661));
#2099 = CARTESIAN_POINT('',(4.711153373137,187.21699052098));
#2100 = CARTESIAN_POINT('',(4.756939040498,188.13424530145));
#2101 = CARTESIAN_POINT('',(4.849710785007,189.99277471872));
#2102 = CARTESIAN_POINT('',(4.896695875195,190.93403051751));
#2103 = CARTESIAN_POINT('',(4.943837744603,191.87523981351));
#2104 = CARTESIAN_POINT('',(4.9912944523,192.81635650219));
#2105 = CARTESIAN_POINT('',(5.039238921015,193.75732242267));
#2106 = CARTESIAN_POINT('',(5.087866130371,194.69806694352));
#2107 = CARTESIAN_POINT('',(5.137411678637,195.63850503532));
#2108 = CARTESIAN_POINT('',(5.211017746609,197.00087552717));
#2109 = CARTESIAN_POINT('',(5.234086737408,197.42313335619));
#2110 = CARTESIAN_POINT('',(5.257435654985,197.84529562345));
#2111 = CARTESIAN_POINT('',(5.281097656619,198.26734993299));
#2112 = CARTESIAN_POINT('',(5.305110253962,198.68928095939));
#2113 = CARTESIAN_POINT('',(5.32951684931,199.11107012996));
#2114 = CARTESIAN_POINT('',(5.354369308739,199.53269507918));
#2115 = CARTESIAN_POINT('',(5.402050099426,200.32498622171));
#2116 = CARTESIAN_POINT('',(5.424763272528,200.69569093346));
#2117 = CARTESIAN_POINT('',(5.447914439407,201.0662281161));
#2118 = CARTESIAN_POINT('',(5.471555451345,201.43657525065));
#2119 = CARTESIAN_POINT('',(5.495746770822,201.80670222797));
#2120 = CARTESIAN_POINT('',(5.52056149855,202.17657015328));
#2121 = CARTESIAN_POINT('',(5.546093319642,202.54612892076));
#2122 = CARTESIAN_POINT('',(5.587042723689,203.11931802582));
#2123 = CARTESIAN_POINT('',(5.601874463797,203.32320598773));
#2124 = CARTESIAN_POINT('',(5.616984919288,203.52696707941));
#2125 = CARTESIAN_POINT('',(5.632398784605,203.73058750711));
#2126 = CARTESIAN_POINT('',(5.648144471959,203.93404991901));
#2127 = CARTESIAN_POINT('',(5.664255447242,204.13733287577));
#2128 = CARTESIAN_POINT('',(5.680772548482,204.34040992061));
#2129 = CARTESIAN_POINT('',(5.712124556864,204.71504832894));
#2130 = CARTESIAN_POINT('',(5.726829840644,204.88667233394));
#2131 = CARTESIAN_POINT('',(5.741894373581,205.05810401831));
#2132 = CARTESIAN_POINT('',(5.757355777008,205.22931869056));
#2133 = CARTESIAN_POINT('',(5.773258014223,205.40028331318));
#2134 = CARTESIAN_POINT('',(5.7896544623,205.57095493682));
#2135 = CARTESIAN_POINT('',(5.806614099716,205.74127746835));
#2136 = CARTESIAN_POINT('',(5.84111763229,206.07403688697));
#2137 = CARTESIAN_POINT('',(5.858602069934,206.23644625661));
#2138 = CARTESIAN_POINT('',(5.876771372122,206.39839806586));
#2139 = CARTESIAN_POINT('',(5.895736696664,206.55982006871));
#2140 = CARTESIAN_POINT('',(5.915624364027,206.72058365443));
#2141 = CARTESIAN_POINT('',(5.936632638948,206.88045719016));
#2142 = CARTESIAN_POINT('',(5.958997074213,207.03913493178));
#2143 = CARTESIAN_POINT('',(5.995077753156,207.27267948597));
#2144 = CARTESIAN_POINT('',(6.007354031077,207.34882167153));
#2145 = CARTESIAN_POINT('',(6.020134332885,207.42446051339));
#2146 = CARTESIAN_POINT('',(6.033498756765,207.49951350974));
#2147 = CARTESIAN_POINT('',(6.04753653783,207.57383589895));
#2148 = CARTESIAN_POINT('',(6.062378650643,207.64717816115));
#2149 = CARTESIAN_POINT('',(6.078180347508,207.71920957815));
#2150 = CARTESIAN_POINT('',(6.104513189506,207.82729256706));
#2151 = CARTESIAN_POINT('',(6.114115678577,207.86460602287));
#2152 = CARTESIAN_POINT('',(6.124139287058,207.90125283589));
#2153 = CARTESIAN_POINT('',(6.134647922865,207.93712008656));
#2154 = CARTESIAN_POINT('',(6.145714590032,207.97198593432));
#2155 = CARTESIAN_POINT('',(6.157418744882,208.00552672524));
#2156 = CARTESIAN_POINT('',(6.169858231049,208.03729409036));
#2157 = CARTESIAN_POINT('',(6.188035424991,208.07721205796));
#2158 = CARTESIAN_POINT('',(6.192982566513,208.08749245498));
#2159 = CARTESIAN_POINT('',(6.198051179412,208.09740737097));
#2160 = CARTESIAN_POINT('',(6.20324691307,208.1069136117));
#2161 = CARTESIAN_POINT('',(6.20857414867,208.11595969749));
#2162 = CARTESIAN_POINT('',(6.214035742636,208.12448691912));
#2163 = CARTESIAN_POINT('',(6.219632770058,208.13243039363));
#2164 = CARTESIAN_POINT('',(6.23207133433,208.14825064371));
#2165 = CARTESIAN_POINT('',(6.238967593021,208.15589259747));
#2166 = CARTESIAN_POINT('',(6.246042613844,208.16252041855));
#2167 = CARTESIAN_POINT('',(6.253279033822,208.16800527294));
#2168 = CARTESIAN_POINT('',(6.260651679961,208.17222497736));
#2169 = CARTESIAN_POINT('',(6.268126178904,208.17507837398));
#2170 = CARTESIAN_POINT('',(6.275657053624,208.17650415798));
#2171 = CARTESIAN_POINT('',(6.28318530718,208.17650415798));
#2172 = ( GEOMETRIC_REPRESENTATION_CONTEXT(2) 
PARAMETRIC_REPRESENTATION_CONTEXT() REPRESENTATION_CONTEXT('2D SPACE',''
  ) );
#2173 = ORIENTED_EDGE('',*,*,#2174,.F.);
#2174 = EDGE_CURVE('',#2175,#1882,#2177,.T.);
#2175 = VERTEX_POINT('',#2176);
#2176 = CARTESIAN_POINT('',(31.323226693382,-39.57111636564,35.05142));
#2177 = SURFACE_CURVE('',#2178,(#2183,#2190),.PCURVE_S1.);
#2178 = CIRCLE('',#2179,50.467987684358);
#2179 = AXIS2_PLACEMENT_3D('',#2180,#2181,#2182);
#2180 = CARTESIAN_POINT('',(0.,0.,35.05142));
#2181 = DIRECTION('',(0.,0.,1.));
#2182 = DIRECTION('',(1.,0.,-0.));
#2183 = PCURVE('',#131,#2184);
#2184 = DEFINITIONAL_REPRESENTATION('',(#2185),#2189);
#2185 = LINE('',#2186,#2187);
#2186 = CARTESIAN_POINT('',(0.,237.42115003828));
#2187 = VECTOR('',#2188,1.);
#2188 = DIRECTION('',(1.,0.));
#2189 = ( GEOMETRIC_REPRESENTATION_CONTEXT(2) 
PARAMETRIC_REPRESENTATION_CONTEXT() REPRESENTATION_CONTEXT('2D SPACE',''
  ) );
#2190 = PCURVE('',#1576,#2191);
#2191 = DEFINITIONAL_REPRESENTATION('',(#2192),#2196);
#2192 = CIRCLE('',#2193,50.467987684358);
#2193 = AXIS2_PLACEMENT_2D('',#2194,#2195);
#2194 = CARTESIAN_POINT('',(-47.26,-4.006177723215E-16));
#2195 = DIRECTION('',(0.707106781187,0.707106781187));
#2196 = ( GEOMETRIC_REPRESENTATION_CONTEXT(2) 
PARAMETRIC_REPRESENTATION_CONTEXT() REPRESENTATION_CONTEXT('2D SPACE',''
  ) );
#2197 = ORIENTED_EDGE('',*,*,#2198,.T.);
#2198 = EDGE_CURVE('',#2175,#424,#2199,.T.);
#2199 = SURFACE_CURVE('',#2200,(#2213,#2229),.PCURVE_S1.);
#2200 = B_SPLINE_CURVE_WITH_KNOTS('',6,(#2201,#2202,#2203,#2204,#2205,
    #2206,#2207,#2208,#2209,#2210,#2211,#2212),.UNSPECIFIED.,.F.,.F.,(7,
    5,7),(0.,0.526922011955,1.),.UNSPECIFIED.);
#2201 = CARTESIAN_POINT('',(31.32322654997,-39.57111631682,35.0514194));
#2202 = CARTESIAN_POINT('',(31.454676609201,-39.61586349107,
    35.601373724586));
#2203 = CARTESIAN_POINT('',(31.589253764122,-39.65791524397,
    36.151149762475));
#2204 = CARTESIAN_POINT('',(31.727112422757,-39.69711022799,
    36.700727714814));
#2205 = CARTESIAN_POINT('',(31.868430535497,-39.73326161435,
    37.250082077666));
#2206 = CARTESIAN_POINT('',(32.013425313356,-39.76614096471,
    37.799180602093));
#2207 = CARTESIAN_POINT('',(32.296092633179,-39.82178703315,
    38.840705988574));
#2208 = CARTESIAN_POINT('',(32.432999160857,-39.84524343508,
    39.33318846609));
#2209 = CARTESIAN_POINT('',(32.57328652986,-39.86562360215,
    39.825403012867));
#2210 = CARTESIAN_POINT('',(32.717191172958,-39.88267792751,
    40.31731173617));
#2211 = CARTESIAN_POINT('',(32.864998809624,-39.8961036609,
    40.808865611338));
#2212 = CARTESIAN_POINT('',(33.017088821299,-39.90549911869,41.3000006)
  );
#2213 = PCURVE('',#131,#2214);
#2214 = DEFINITIONAL_REPRESENTATION('',(#2215),#2228);
#2215 = B_SPLINE_CURVE_WITH_KNOTS('',6,(#2216,#2217,#2218,#2219,#2220,
    #2221,#2222,#2223,#2224,#2225,#2226,#2227),.UNSPECIFIED.,.F.,.F.,(7,
    5,7),(0.,0.526922011955,1.),.UNSPECIFIED.);
#2216 = CARTESIAN_POINT('',(5.381967225711,237.42114943828));
#2217 = CARTESIAN_POINT('',(5.383459166504,237.97110376286));
#2218 = CARTESIAN_POINT('',(5.385024561731,238.52087980075));
#2219 = CARTESIAN_POINT('',(5.3866670392,239.07045775309));
#2220 = CARTESIAN_POINT('',(5.388390850223,239.61981211594));
#2221 = CARTESIAN_POINT('',(5.390201277583,240.16891064037));
#2222 = CARTESIAN_POINT('',(5.393814271305,241.21043602685));
#2223 = CARTESIAN_POINT('',(5.395598737291,241.70291850437));
#2224 = CARTESIAN_POINT('',(5.397463328116,242.19513305115));
#2225 = CARTESIAN_POINT('',(5.399413954354,242.68704177445));
#2226 = CARTESIAN_POINT('',(5.401457833612,243.17859564962));
#2227 = CARTESIAN_POINT('',(5.403604656287,243.66973063828));
#2228 = ( GEOMETRIC_REPRESENTATION_CONTEXT(2) 
PARAMETRIC_REPRESENTATION_CONTEXT() REPRESENTATION_CONTEXT('2D SPACE',''
  ) );
#2229 = PCURVE('',#444,#2230);
#2230 = DEFINITIONAL_REPRESENTATION('',(#2231),#2244);
#2231 = B_SPLINE_CURVE_WITH_KNOTS('',6,(#2232,#2233,#2234,#2235,#2236,
    #2237,#2238,#2239,#2240,#2241,#2242,#2243),.UNSPECIFIED.,.F.,.F.,(7,
    5,7),(9.581196266502E-08,0.526922011955,0.999999903677),
  .UNSPECIFIED.);
#2232 = CARTESIAN_POINT('',(5.16967942126,1.928382493288E-15));
#2233 = CARTESIAN_POINT('',(5.191042122367,0.549954224424));
#2234 = CARTESIAN_POINT('',(5.212726592446,1.099730162201));
#2235 = CARTESIAN_POINT('',(5.234764991657,1.649308014486));
#2236 = CARTESIAN_POINT('',(5.257193945407,2.198662277354));
#2237 = CARTESIAN_POINT('',(5.28005782315,2.747760701884));
#2238 = CARTESIAN_POINT('',(5.3243797404,3.78928588825));
#2239 = CARTESIAN_POINT('',(5.345742673058,4.281768265541));
#2240 = CARTESIAN_POINT('',(5.367541097848,4.773982712207));
#2241 = CARTESIAN_POINT('',(5.389823093447,5.26589133554));
#2242 = CARTESIAN_POINT('',(5.412646816797,5.757445110912));
#2243 = CARTESIAN_POINT('',(5.436089879168,6.24858));
#2244 = ( GEOMETRIC_REPRESENTATION_CONTEXT(2) 
PARAMETRIC_REPRESENTATION_CONTEXT() REPRESENTATION_CONTEXT('2D SPACE',''
  ) );
#2245 = ORIENTED_EDGE('',*,*,#456,.F.);
#2246 = ORIENTED_EDGE('',*,*,#2247,.F.);
#2247 = EDGE_CURVE('',#514,#457,#2248,.T.);
#2248 = SURFACE_CURVE('',#2249,(#2287,#2328),.PCURVE_S1.);
#2249 = B_SPLINE_CURVE_WITH_KNOTS('',8,(#2250,#2251,#2252,#2253,#2254,
    #2255,#2256,#2257,#2258,#2259,#2260,#2261,#2262,#2263,#2264,#2265,
    #2266,#2267,#2268,#2269,#2270,#2271,#2272,#2273,#2274,#2275,#2276,
    #2277,#2278,#2279,#2280,#2281,#2282,#2283,#2284,#2285,#2286),
  .UNSPECIFIED.,.F.,.F.,(9,7,7,7,7,9),(0.,0.285821575257,0.426280485771,
    0.563803450625,0.662631078097,1.),.UNSPECIFIED.);
#2250 = CARTESIAN_POINT('',(8.475467446241,-51.09543475231,
    41.300000000001));
#2251 = CARTESIAN_POINT('',(8.53092781121,-51.07404367375,
    41.243306835391));
#2252 = CARTESIAN_POINT('',(8.58878352604,-51.0523902893,41.187594068323
    ));
#2253 = CARTESIAN_POINT('',(8.649466296255,-51.03039823515,
    41.132890579978));
#2254 = CARTESIAN_POINT('',(8.71343316263,-51.00801626384,
    41.079381005668));
#2255 = CARTESIAN_POINT('',(8.781154977286,-50.9852185718,
    41.027396390548));
#2256 = CARTESIAN_POINT('',(8.853220782607,-50.96199588247,
    40.977471066992));
#2257 = CARTESIAN_POINT('',(8.930286357795,-50.93835948173,
    40.930313178943));
#2258 = CARTESIAN_POINT('',(9.054481629397,-50.9024695794,
    40.865781053585));
#2259 = CARTESIAN_POINT('',(9.096844150819,-50.89055748986,
    40.845487130509));
#2260 = CARTESIAN_POINT('',(9.140777547424,-50.87855982386,
    40.826296118811));
#2261 = CARTESIAN_POINT('',(9.186374383057,-50.86649462052,
    40.808393859469));
#2262 = CARTESIAN_POINT('',(9.233688542124,-50.85439738098,
    40.792019156413));
#2263 = CARTESIAN_POINT('',(9.282723534175,-50.84232110196,
    40.777452403131));
#2264 = CARTESIAN_POINT('',(9.333409799067,-50.83033608678,
    40.764992137613));
#2265 = CARTESIAN_POINT('',(9.436641925351,-50.80696976762,
    40.745057456685));
#2266 = CARTESIAN_POINT('',(9.489228667461,-50.79555794786,
    40.737464231756));
#2267 = CARTESIAN_POINT('',(9.54291073991,-50.7844366627,40.732468768358
    ));
#2268 = CARTESIAN_POINT('',(9.597254827605,-50.77373035714,
    40.730292644493));
#2269 = CARTESIAN_POINT('',(9.651812832991,-50.76354217759,
    40.731031529482));
#2270 = CARTESIAN_POINT('',(9.706120160699,-50.75395232877,
    40.734644855023));
#2271 = CARTESIAN_POINT('',(9.759694253328,-50.74501794288,
    40.740953726508));
#2272 = CARTESIAN_POINT('',(9.849645653207,-50.73085047772,
    40.755894343653));
#2273 = CARTESIAN_POINT('',(9.88668885803,-50.72527249005,40.7633845079)
  );
#2274 = CARTESIAN_POINT('',(9.923060797359,-50.72004203177,
    40.772024487104));
#2275 = CARTESIAN_POINT('',(9.958695136819,-50.71515168368,
    40.78170989374));
#2276 = CARTESIAN_POINT('',(9.993553845001,-50.7105884441,
    40.792335170217));
#2277 = CARTESIAN_POINT('',(10.027621591171,-50.70633621301,
    40.803801027154));
#2278 = CARTESIAN_POINT('',(10.06090209882,-50.70237738998,
    40.816019182693));
#2279 = CARTESIAN_POINT('',(10.204411058388,-50.68611814431,
    40.872934952888));
#2280 = CARTESIAN_POINT('',(10.305821717802,-50.67682169044,
    40.924584504834));
#2281 = CARTESIAN_POINT('',(10.399824595829,-50.66988064969,
    40.981189391046));
#2282 = CARTESIAN_POINT('',(10.487296372581,-50.66484124892,
    41.04124481388));
#2283 = CARTESIAN_POINT('',(10.569241464613,-50.66128850269,
    41.103576347454));
#2284 = CARTESIAN_POINT('',(10.646420805821,-50.65896358307,
    41.167584503466));
#2285 = CARTESIAN_POINT('',(10.719698060354,-50.65765271921,
    41.233006260325));
#2286 = CARTESIAN_POINT('',(10.789939539241,-50.65722264099,
    41.300000000001));
#2287 = PCURVE('',#131,#2288);
#2288 = DEFINITIONAL_REPRESENTATION('',(#2289),#2327);
#2289 = B_SPLINE_CURVE_WITH_KNOTS('',8,(#2290,#2291,#2292,#2293,#2294,
    #2295,#2296,#2297,#2298,#2299,#2300,#2301,#2302,#2303,#2304,#2305,
    #2306,#2307,#2308,#2309,#2310,#2311,#2312,#2313,#2314,#2315,#2316,
    #2317,#2318,#2319,#2320,#2321,#2322,#2323,#2324,#2325,#2326),
  .UNSPECIFIED.,.F.,.F.,(9,7,7,7,7,9),(0.,0.285821575257,0.426280485771,
    0.563803450625,0.662631078097,1.),.UNSPECIFIED.);
#2290 = CARTESIAN_POINT('',(4.876767521286,243.66973003828));
#2291 = CARTESIAN_POINT('',(4.877891466972,243.61303687367));
#2292 = CARTESIAN_POINT('',(4.879062462538,243.5573241066));
#2293 = CARTESIAN_POINT('',(4.880288999858,243.50262061826));
#2294 = CARTESIAN_POINT('',(4.881579984271,243.44911104395));
#2295 = CARTESIAN_POINT('',(4.882944507682,243.39712642883));
#2296 = CARTESIAN_POINT('',(4.884393855328,243.34720110527));
#2297 = CARTESIAN_POINT('',(4.88594050356,243.30004321722));
#2298 = CARTESIAN_POINT('',(4.888426677617,243.23551109186));
#2299 = CARTESIAN_POINT('',(4.889273753324,243.21521716879));
#2300 = CARTESIAN_POINT('',(4.890151193978,243.19602615709));
#2301 = CARTESIAN_POINT('',(4.891060696974,243.17812389775));
#2302 = CARTESIAN_POINT('',(4.892003158181,243.16174919469));
#2303 = CARTESIAN_POINT('',(4.892978445861,243.14718244141));
#2304 = CARTESIAN_POINT('',(4.893984966815,243.13472217589));
#2305 = CARTESIAN_POINT('',(4.896031468268,243.11478749496));
#2306 = CARTESIAN_POINT('',(4.897072329856,243.10719427003));
#2307 = CARTESIAN_POINT('',(4.898133075669,243.10219880664));
#2308 = CARTESIAN_POINT('',(4.899204977159,243.10002268277));
#2309 = CARTESIAN_POINT('',(4.900279092031,243.10076156776));
#2310 = CARTESIAN_POINT('',(4.901346245284,243.1043748933));
#2311 = CARTESIAN_POINT('',(4.902397010321,243.11068376479));
#2312 = CARTESIAN_POINT('',(4.904158052103,243.12562438193));
#2313 = CARTESIAN_POINT('',(4.904882287855,243.13311454618));
#2314 = CARTESIAN_POINT('',(4.905592436943,243.14175452538));
#2315 = CARTESIAN_POINT('',(4.906287255984,243.15143993202));
#2316 = CARTESIAN_POINT('',(4.906966062701,243.1620652085));
#2317 = CARTESIAN_POINT('',(4.907628620035,243.17353106543));
#2318 = CARTESIAN_POINT('',(4.908275060375,243.18574922097));
#2319 = CARTESIAN_POINT('',(4.91105918275,243.24266499117));
#2320 = CARTESIAN_POINT('',(4.913017410749,243.29431454311));
#2321 = CARTESIAN_POINT('',(4.914825196756,243.35091942933));
#2322 = CARTESIAN_POINT('',(4.916500926591,243.41097485216));
#2323 = CARTESIAN_POINT('',(4.918065292454,243.47330638573));
#2324 = CARTESIAN_POINT('',(4.91953378576,243.53731454174));
#2325 = CARTESIAN_POINT('',(4.920923643681,243.6027362986));
#2326 = CARTESIAN_POINT('',(4.92225179894,243.66973003828));
#2327 = ( GEOMETRIC_REPRESENTATION_CONTEXT(2) 
PARAMETRIC_REPRESENTATION_CONTEXT() REPRESENTATION_CONTEXT('2D SPACE',''
  ) );
#2328 = PCURVE('',#501,#2329);
#2329 = DEFINITIONAL_REPRESENTATION('',(#2330),#2368);
#2330 = B_SPLINE_CURVE_WITH_KNOTS('',8,(#2331,#2332,#2333,#2334,#2335,
    #2336,#2337,#2338,#2339,#2340,#2341,#2342,#2343,#2344,#2345,#2346,
    #2347,#2348,#2349,#2350,#2351,#2352,#2353,#2354,#2355,#2356,#2357,
    #2358,#2359,#2360,#2361,#2362,#2363,#2364,#2365,#2366,#2367),
  .UNSPECIFIED.,.F.,.F.,(9,7,7,7,7,9),(0.,0.285821575257,0.426280485771,
    0.563803450625,0.662631078097,1.),.UNSPECIFIED.);
#2331 = CARTESIAN_POINT('',(1.202677743334,166.77297573937));
#2332 = CARTESIAN_POINT('',(1.211762807171,166.82966890398));
#2333 = CARTESIAN_POINT('',(1.221203872017,166.88538167105));
#2334 = CARTESIAN_POINT('',(1.231067829985,166.9400851594));
#2335 = CARTESIAN_POINT('',(1.241424231542,166.99359473371));
#2336 = CARTESIAN_POINT('',(1.252343680971,167.04557934883));
#2337 = CARTESIAN_POINT('',(1.26391396209,167.09550467238));
#2338 = CARTESIAN_POINT('',(1.276232375319,167.14266256043));
#2339 = CARTESIAN_POINT('',(1.295990743987,167.20719468579));
#2340 = CARTESIAN_POINT('',(1.302716250026,167.22748860887));
#2341 = CARTESIAN_POINT('',(1.309676464964,167.24667962056));
#2342 = CARTESIAN_POINT('',(1.316884738927,167.26458187991));
#2343 = CARTESIAN_POINT('',(1.324348177972,167.28095658296));
#2344 = CARTESIAN_POINT('',(1.33206595505,167.29552333624));
#2345 = CARTESIAN_POINT('',(1.340025964384,167.30798360176));
#2346 = CARTESIAN_POINT('',(1.35620281999,167.32791828269));
#2347 = CARTESIAN_POINT('',(1.364426789953,167.33551150762));
#2348 = CARTESIAN_POINT('',(1.372805009474,167.34050697102));
#2349 = CARTESIAN_POINT('',(1.38126966123,167.34268309488));
#2350 = CARTESIAN_POINT('',(1.389751491519,167.34194420989));
#2351 = CARTESIAN_POINT('',(1.398179451974,167.33833088435));
#2352 = CARTESIAN_POINT('',(1.40648032173,167.33202201287));
#2353 = CARTESIAN_POINT('',(1.420397737939,167.31708139572));
#2354 = CARTESIAN_POINT('',(1.42612302207,167.30959123147));
#2355 = CARTESIAN_POINT('',(1.431738998353,167.30095125227));
#2356 = CARTESIAN_POINT('',(1.437236085727,167.29126584563));
#2357 = CARTESIAN_POINT('',(1.442609058054,167.28064056916));
#2358 = CARTESIAN_POINT('',(1.447856140085,167.26917471222));
#2359 = CARTESIAN_POINT('',(1.452978427489,167.25695655668));
#2360 = CARTESIAN_POINT('',(1.475052292405,167.20004078649));
#2361 = CARTESIAN_POINT('',(1.490613066294,167.14839123454));
#2362 = CARTESIAN_POINT('',(1.505015871438,167.09178634833));
#2363 = CARTESIAN_POINT('',(1.518403780016,167.03173092549));
#2364 = CARTESIAN_POINT('',(1.530937601063,166.96939939192));
#2365 = CARTESIAN_POINT('',(1.542737291301,166.90539123591));
#2366 = CARTESIAN_POINT('',(1.553937822678,166.83996947905));
#2367 = CARTESIAN_POINT('',(1.564673550799,166.77297573937));
#2368 = ( GEOMETRIC_REPRESENTATION_CONTEXT(2) 
PARAMETRIC_REPRESENTATION_CONTEXT() REPRESENTATION_CONTEXT('2D SPACE',''
  ) );
#2369 = ORIENTED_EDGE('',*,*,#541,.F.);
#2370 = ORIENTED_EDGE('',*,*,#2371,.F.);
#2371 = EDGE_CURVE('',#115,#542,#2372,.T.);
#2372 = SURFACE_CURVE('',#2373,(#2411,#2452),.PCURVE_S1.);
#2373 = B_SPLINE_CURVE_WITH_KNOTS('',8,(#2374,#2375,#2376,#2377,#2378,
    #2379,#2380,#2381,#2382,#2383,#2384,#2385,#2386,#2387,#2388,#2389,
    #2390,#2391,#2392,#2393,#2394,#2395,#2396,#2397,#2398,#2399,#2400,
    #2401,#2402,#2403,#2404,#2405,#2406,#2407,#2408,#2409,#2410),
  .UNSPECIFIED.,.F.,.F.,(9,7,7,7,7,9),(0.,0.287710624145,0.42865011233,
    0.565812555293,0.662912357044,1.),.UNSPECIFIED.);
#2374 = CARTESIAN_POINT('',(-10.78993953924,-50.65722264099,
    41.300000000001));
#2375 = CARTESIAN_POINT('',(-10.73010300674,-50.65758901126,
    41.242930115587));
#2376 = CARTESIAN_POINT('',(-10.66791397792,-50.6585952909,
    41.186857496068));
#2377 = CARTESIAN_POINT('',(-10.60293129567,-50.66032980555,
    41.131808053083));
#2378 = CARTESIAN_POINT('',(-10.53469954877,-50.66291464645,
    41.077969453685));
#2379 = CARTESIAN_POINT('',(-10.46276142612,-50.6665012665,
    41.025680693206));
#2380 = CARTESIAN_POINT('',(-10.38655216839,-50.67130193149,
    40.975492227585));
#2381 = CARTESIAN_POINT('',(-10.30545443593,-50.67757300571,
    40.928133280089));
#2382 = CARTESIAN_POINT('',(-10.17561738134,-50.68976480282,
    40.863518786471));
#2383 = CARTESIAN_POINT('',(-10.13153773622,-50.69422637429,
    40.84326157587));
#2384 = CARTESIAN_POINT('',(-10.08594685234,-50.69919025635,
    40.8241298915));
#2385 = CARTESIAN_POINT('',(-10.03876642359,-50.70470781014,
    40.806314643087));
#2386 = CARTESIAN_POINT('',(-9.989962498812,-50.71083233587,
    40.790060740221));
#2387 = CARTESIAN_POINT('',(-9.939557029069,-50.71761453953,
    40.775654850776));
#2388 = CARTESIAN_POINT('',(-9.887650115913,-50.72509350538,
    40.763400235477));
#2389 = CARTESIAN_POINT('',(-9.782681438666,-50.74125336806,
    40.744020290742));
#2390 = CARTESIAN_POINT('',(-9.729588102058,-50.7499119711,
    40.73674748022));
#2391 = CARTESIAN_POINT('',(-9.675626661117,-50.75923483652,
    40.732082793648));
#2392 = CARTESIAN_POINT('',(-9.62125092722,-50.7691763401,
    40.730236813528));
#2393 = CARTESIAN_POINT('',(-9.566915457207,-50.77966625405,
    40.731292305666));
#2394 = CARTESIAN_POINT('',(-9.513076500383,-50.79060813352,
    40.735196680421));
#2395 = CARTESIAN_POINT('',(-9.460193248012,-50.80187921621,
    40.741762747804));
#2396 = CARTESIAN_POINT('',(-9.372297175753,-50.82143935327,
    40.756988871157));
#2397 = CARTESIAN_POINT('',(-9.336509918544,-50.82965263092,
    40.764488711882));
#2398 = CARTESIAN_POINT('',(-9.301454688045,-50.83793806897,
    40.773087880015));
#2399 = CARTESIAN_POINT('',(-9.267185020679,-50.84626656841,
    40.782687296479));
#2400 = CARTESIAN_POINT('',(-9.233728389212,-50.8546138476,
    40.793187267724));
#2401 = CARTESIAN_POINT('',(-9.201091748507,-50.86296066676,
    40.804494145666));
#2402 = CARTESIAN_POINT('',(-9.169265152748,-50.87129295963,
    40.816524591563));
#2403 = CARTESIAN_POINT('',(-9.030460336474,-50.90844674793,
    40.873236707506));
#2404 = CARTESIAN_POINT('',(-8.932791543639,-50.93683963901,
    40.924867962373));
#2405 = CARTESIAN_POINT('',(-8.842862021573,-50.96471712872,
    40.981439239893));
#2406 = CARTESIAN_POINT('',(-8.759690867986,-50.99197828577,
    41.041451680319));
#2407 = CARTESIAN_POINT('',(-8.682195350605,-51.01860421468,
    41.103735652677));
#2408 = CARTESIAN_POINT('',(-8.609574343916,-51.04463221118,
    41.167693600245));
#2409 = CARTESIAN_POINT('',(-8.540949066568,-51.07017847271,
    41.233062822754));
#2410 = CARTESIAN_POINT('',(-8.475467446241,-51.09543475231,
    41.300000000001));
#2411 = PCURVE('',#131,#2412);
#2412 = DEFINITIONAL_REPRESENTATION('',(#2413),#2451);
#2413 = B_SPLINE_CURVE_WITH_KNOTS('',8,(#2414,#2415,#2416,#2417,#2418,
    #2419,#2420,#2421,#2422,#2423,#2424,#2425,#2426,#2427,#2428,#2429,
    #2430,#2431,#2432,#2433,#2434,#2435,#2436,#2437,#2438,#2439,#2440,
    #2441,#2442,#2443,#2444,#2445,#2446,#2447,#2448,#2449,#2450),
  .UNSPECIFIED.,.F.,.F.,(9,7,7,7,7,9),(0.,0.287710624145,0.42865011233,
    0.565812555293,0.662912357044,1.),.UNSPECIFIED.);
#2414 = CARTESIAN_POINT('',(4.502526161829,243.66973003828));
#2415 = CARTESIAN_POINT('',(4.503657576011,243.61266015387));
#2416 = CARTESIAN_POINT('',(4.504836592615,243.55658753435));
#2417 = CARTESIAN_POINT('',(4.506071925899,243.50153809136));
#2418 = CARTESIAN_POINT('',(4.507372705797,243.44769949196));
#2419 = CARTESIAN_POINT('',(4.508748220273,243.39541073148));
#2420 = CARTESIAN_POINT('',(4.510210024937,243.34522226586));
#2421 = CARTESIAN_POINT('',(4.511770829864,243.29786331837));
#2422 = CARTESIAN_POINT('',(4.514278991425,243.23324882475));
#2423 = CARTESIAN_POINT('',(4.515131908454,243.21299161415));
#2424 = CARTESIAN_POINT('',(4.516015558179,243.19385992978));
#2425 = CARTESIAN_POINT('',(4.516931616624,243.17604468137));
#2426 = CARTESIAN_POINT('',(4.517880919983,243.1597907785));
#2427 = CARTESIAN_POINT('',(4.518863225045,243.14538488905));
#2428 = CARTESIAN_POINT('',(4.519876750639,243.13313027376));
#2429 = CARTESIAN_POINT('',(4.521930358444,243.11375032902));
#2430 = CARTESIAN_POINT('',(4.522970953254,243.1064775185));
#2431 = CARTESIAN_POINT('',(4.524030544744,243.10181283193));
#2432 = CARTESIAN_POINT('',(4.525100297746,243.09996685181));
#2433 = CARTESIAN_POINT('',(4.526171265618,243.10102234395));
#2434 = CARTESIAN_POINT('',(4.527234374278,243.1049267187));
#2435 = CARTESIAN_POINT('',(4.528280406333,243.11149278608));
#2436 = CARTESIAN_POINT('',(4.530021763923,243.12671890944));
#2437 = CARTESIAN_POINT('',(4.530731600568,243.13421875016));
#2438 = CARTESIAN_POINT('',(4.531427707742,243.14281791829));
#2439 = CARTESIAN_POINT('',(4.532108954625,243.15241733476));
#2440 = CARTESIAN_POINT('',(4.532774725946,243.162917306));
#2441 = CARTESIAN_POINT('',(4.533424816944,243.17422418394));
#2442 = CARTESIAN_POINT('',(4.534059364436,243.18625462984));
#2443 = CARTESIAN_POINT('',(4.536829269309,243.24296674579));
#2444 = CARTESIAN_POINT('',(4.538785094481,243.29459800065));
#2445 = CARTESIAN_POINT('',(4.540590801097,243.35116927817));
#2446 = CARTESIAN_POINT('',(4.54226475948,243.4111817186));
#2447 = CARTESIAN_POINT('',(4.543827588603,243.47346569096));
#2448 = CARTESIAN_POINT('',(4.545294746214,243.53742363852));
#2449 = CARTESIAN_POINT('',(4.546683405578,243.60279286103));
#2450 = CARTESIAN_POINT('',(4.548010439484,243.66973003828));
#2451 = ( GEOMETRIC_REPRESENTATION_CONTEXT(2) 
PARAMETRIC_REPRESENTATION_CONTEXT() REPRESENTATION_CONTEXT('2D SPACE',''
  ) );
#2452 = PCURVE('',#586,#2453);
#2453 = DEFINITIONAL_REPRESENTATION('',(#2454),#2492);
#2454 = B_SPLINE_CURVE_WITH_KNOTS('',8,(#2455,#2456,#2457,#2458,#2459,
    #2460,#2461,#2462,#2463,#2464,#2465,#2466,#2467,#2468,#2469,#2470,
    #2471,#2472,#2473,#2474,#2475,#2476,#2477,#2478,#2479,#2480,#2481,
    #2482,#2483,#2484,#2485,#2486,#2487,#2488,#2489,#2490,#2491),
  .UNSPECIFIED.,.F.,.F.,(9,7,7,7,7,9),(0.,0.287710624145,0.42865011233,
    0.565812555293,0.662912357044,1.),.UNSPECIFIED.);
#2455 = CARTESIAN_POINT('',(1.57691910279,166.77297573937));
#2456 = CARTESIAN_POINT('',(1.586064535871,166.83004562379));
#2457 = CARTESIAN_POINT('',(1.595570112072,166.88611824331));
#2458 = CARTESIAN_POINT('',(1.605504491898,166.94116768629));
#2459 = CARTESIAN_POINT('',(1.615938985961,166.99500628569));
#2460 = CARTESIAN_POINT('',(1.626945715787,167.04729504617));
#2461 = CARTESIAN_POINT('',(1.638614565954,167.09748351179));
#2462 = CARTESIAN_POINT('',(1.651044655385,167.14484245929));
#2463 = CARTESIAN_POINT('',(1.670975910303,167.2094569529));
#2464 = CARTESIAN_POINT('',(1.677747171467,167.2297141635));
#2465 = CARTESIAN_POINT('',(1.684756008046,167.24884584787));
#2466 = CARTESIAN_POINT('',(1.692015604562,167.26666109629));
#2467 = CARTESIAN_POINT('',(1.699532605298,167.28291499915));
#2468 = CARTESIAN_POINT('',(1.707305321629,167.2973208886));
#2469 = CARTESIAN_POINT('',(1.715320191644,167.3095755039));
#2470 = CARTESIAN_POINT('',(1.731552335416,167.32895544863));
#2471 = CARTESIAN_POINT('',(1.739773860003,167.33622825915));
#2472 = CARTESIAN_POINT('',(1.748142742294,167.34089294573));
#2473 = CARTESIAN_POINT('',(1.756590340626,167.34273892585));
#2474 = CARTESIAN_POINT('',(1.765047367913,167.34168343371));
#2475 = CARTESIAN_POINT('',(1.773443554167,167.33777905895));
#2476 = CARTESIAN_POINT('',(1.781707298849,167.33121299157));
#2477 = CARTESIAN_POINT('',(1.795469728646,167.31598686822));
#2478 = CARTESIAN_POINT('',(1.80108143611,167.30848702749));
#2479 = CARTESIAN_POINT('',(1.806586613361,167.29988785936));
#2480 = CARTESIAN_POINT('',(1.811976549757,167.2902884429));
#2481 = CARTESIAN_POINT('',(1.817246535744,167.27978847165));
#2482 = CARTESIAN_POINT('',(1.822395043951,167.26848159371));
#2483 = CARTESIAN_POINT('',(1.827423201724,167.25645114781));
#2484 = CARTESIAN_POINT('',(1.849384605652,167.19973903187));
#2485 = CARTESIAN_POINT('',(1.864926474781,167.148107777));
#2486 = CARTESIAN_POINT('',(1.87931286813,167.09153649948));
#2487 = CARTESIAN_POINT('',(1.892686741273,167.03152405905));
#2488 = CARTESIAN_POINT('',(1.90520833375,166.9692400867));
#2489 = CARTESIAN_POINT('',(1.916997345694,166.90528213913));
#2490 = CARTESIAN_POINT('',(1.928188246248,166.83991291662));
#2491 = CARTESIAN_POINT('',(1.938914910256,166.77297573937));
#2492 = ( GEOMETRIC_REPRESENTATION_CONTEXT(2) 
PARAMETRIC_REPRESENTATION_CONTEXT() REPRESENTATION_CONTEXT('2D SPACE',''
  ) );
#2493 = ORIENTED_EDGE('',*,*,#112,.F.);
#2494 = ORIENTED_EDGE('',*,*,#2495,.T.);
#2495 = EDGE_CURVE('',#113,#2496,#2498,.T.);
#2496 = VERTEX_POINT('',#2497);
#2497 = CARTESIAN_POINT('',(-31.32322669338,-39.57111636564,35.05142));
#2498 = SURFACE_CURVE('',#2499,(#2508,#2520),.PCURVE_S1.);
#2499 = B_SPLINE_CURVE_WITH_KNOTS('',7,(#2500,#2501,#2502,#2503,#2504,
    #2505,#2506,#2507),.UNSPECIFIED.,.F.,.F.,(8,8),(0.,1.),
  .PIECEWISE_BEZIER_KNOTS.);
#2500 = CARTESIAN_POINT('',(-33.01708863549,-39.90549910721,41.3));
#2501 = CARTESIAN_POINT('',(-32.74152434954,-39.8884759392,
    40.410137050008));
#2502 = CARTESIAN_POINT('',(-32.47963181727,-39.85859033506,
    39.518951512894));
#2503 = CARTESIAN_POINT('',(-32.22935632947,-39.81800828863,
    38.626761613935));
#2504 = CARTESIAN_POINT('',(-31.98944931875,-39.76805359967,
    37.73378392967));
#2505 = CARTESIAN_POINT('',(-31.7589299557,-39.70976156522,
    36.840175914075));
#2506 = CARTESIAN_POINT('',(-31.53705808818,-39.64390713302,
    35.946037324564));
#2507 = CARTESIAN_POINT('',(-31.32322654997,-39.57111631682,35.0514194)
  );
#2508 = PCURVE('',#131,#2509);
#2509 = DEFINITIONAL_REPRESENTATION('',(#2510),#2519);
#2510 = B_SPLINE_CURVE_WITH_KNOTS('',7,(#2511,#2512,#2513,#2514,#2515,
    #2516,#2517,#2518),.UNSPECIFIED.,.F.,.F.,(8,8),(0.,1.),
  .PIECEWISE_BEZIER_KNOTS.);
#2511 = CARTESIAN_POINT('',(4.021173307105,243.66973003828));
#2512 = CARTESIAN_POINT('',(4.025063027667,242.77986708829));
#2513 = CARTESIAN_POINT('',(4.028624139638,241.88868155117));
#2514 = CARTESIAN_POINT('',(4.031909026054,240.99649165221));
#2515 = CARTESIAN_POINT('',(4.03494889429,240.10351396795));
#2516 = CARTESIAN_POINT('',(4.037767890628,239.20990595235));
#2517 = CARTESIAN_POINT('',(4.040383775372,238.31576736284));
#2518 = CARTESIAN_POINT('',(4.042810735058,237.42114943828));
#2519 = ( GEOMETRIC_REPRESENTATION_CONTEXT(2) 
PARAMETRIC_REPRESENTATION_CONTEXT() REPRESENTATION_CONTEXT('2D SPACE',''
  ) );
#2520 = PCURVE('',#164,#2521);
#2521 = DEFINITIONAL_REPRESENTATION('',(#2522),#2531);
#2522 = B_SPLINE_CURVE_WITH_KNOTS('',7,(#2523,#2524,#2525,#2526,#2527,
    #2528,#2529,#2530),.UNSPECIFIED.,.F.,.F.,(8,8),(0.,0.999999904189),
  .PIECEWISE_BEZIER_KNOTS.);
#2523 = CARTESIAN_POINT('',(7.130280735191,6.24858));
#2524 = CARTESIAN_POINT('',(7.172756053282,5.358717135266));
#2525 = CARTESIAN_POINT('',(7.213254073964,4.467531683664));
#2526 = CARTESIAN_POINT('',(7.252194642371,3.575341870379));
#2527 = CARTESIAN_POINT('',(7.289830803207,2.682364271898));
#2528 = CARTESIAN_POINT('',(7.326362161279,1.788756342162));
#2529 = CARTESIAN_POINT('',(7.361940203577,0.894617838575));
#2530 = CARTESIAN_POINT('',(7.3966911931,9.567697688655E-16));
#2531 = ( GEOMETRIC_REPRESENTATION_CONTEXT(2) 
PARAMETRIC_REPRESENTATION_CONTEXT() REPRESENTATION_CONTEXT('2D SPACE',''
  ) );
#2532 = ORIENTED_EDGE('',*,*,#2533,.F.);
#2533 = EDGE_CURVE('',#2534,#2496,#2536,.T.);
#2534 = VERTEX_POINT('',#2535);
#2535 = CARTESIAN_POINT('',(-33.5919376085,-37.66430018751,35.05142));
#2536 = SURFACE_CURVE('',#2537,(#2542,#2549),.PCURVE_S1.);
#2537 = CIRCLE('',#2538,50.467987684358);
#2538 = AXIS2_PLACEMENT_3D('',#2539,#2540,#2541);
#2539 = CARTESIAN_POINT('',(0.,0.,35.05142));
#2540 = DIRECTION('',(0.,0.,1.));
#2541 = DIRECTION('',(1.,0.,-0.));
#2542 = PCURVE('',#131,#2543);
#2543 = DEFINITIONAL_REPRESENTATION('',(#2544),#2548);
#2544 = LINE('',#2545,#2546);
#2545 = CARTESIAN_POINT('',(0.,237.42115003828));
#2546 = VECTOR('',#2547,1.);
#2547 = DIRECTION('',(1.,0.));
#2548 = ( GEOMETRIC_REPRESENTATION_CONTEXT(2) 
PARAMETRIC_REPRESENTATION_CONTEXT() REPRESENTATION_CONTEXT('2D SPACE',''
  ) );
#2549 = PCURVE('',#2550,#2555);
#2550 = PLANE('',#2551);
#2551 = AXIS2_PLACEMENT_3D('',#2552,#2553,#2554);
#2552 = CARTESIAN_POINT('',(-33.41786647887,-33.41786647887,35.05142));
#2553 = DIRECTION('',(0.,0.,1.));
#2554 = DIRECTION('',(-0.707106781187,-0.707106781187,0.));
#2555 = DEFINITIONAL_REPRESENTATION('',(#2556),#2560);
#2556 = CIRCLE('',#2557,50.467987684358);
#2557 = AXIS2_PLACEMENT_2D('',#2558,#2559);
#2558 = CARTESIAN_POINT('',(-47.26,-4.076474809443E-15));
#2559 = DIRECTION('',(-0.707106781187,0.707106781187));
#2560 = ( GEOMETRIC_REPRESENTATION_CONTEXT(2) 
PARAMETRIC_REPRESENTATION_CONTEXT() REPRESENTATION_CONTEXT('2D SPACE',''
  ) );
#2561 = ORIENTED_EDGE('',*,*,#2562,.F.);
#2562 = EDGE_CURVE('',#2563,#2534,#2565,.T.);
#2563 = VERTEX_POINT('',#2564);
#2564 = CARTESIAN_POINT('',(-30.41266265883,-30.41266265883,
    -0.103528498001));
#2565 = SURFACE_CURVE('',#2566,(#2660,#2757),.PCURVE_S1.);
#2566 = B_SPLINE_CURVE_WITH_KNOTS('',8,(#2567,#2568,#2569,#2570,#2571,
    #2572,#2573,#2574,#2575,#2576,#2577,#2578,#2579,#2580,#2581,#2582,
    #2583,#2584,#2585,#2586,#2587,#2588,#2589,#2590,#2591,#2592,#2593,
    #2594,#2595,#2596,#2597,#2598,#2599,#2600,#2601,#2602,#2603,#2604,
    #2605,#2606,#2607,#2608,#2609,#2610,#2611,#2612,#2613,#2614,#2615,
    #2616,#2617,#2618,#2619,#2620,#2621,#2622,#2623,#2624,#2625,#2626,
    #2627,#2628,#2629,#2630,#2631,#2632,#2633,#2634,#2635,#2636,#2637,
    #2638,#2639,#2640,#2641,#2642,#2643,#2644,#2645,#2646,#2647,#2648,
    #2649,#2650,#2651,#2652,#2653,#2654,#2655,#2656,#2657,#2658,#2659),
  .UNSPECIFIED.,.F.,.F.,(9,7,7,7,7,7,7,7,7,7,7,7,7,9),(0.,
    6.993228466789E-03,1.240143273814E-02,1.961052288133E-02,
    3.013593338787E-02,6.142172249525E-02,0.129900497133,0.218956090813,
    0.326243667938,0.548981172112,0.780210213961,0.883728719727,
    0.974937305925,1.),.UNSPECIFIED.);
#2567 = CARTESIAN_POINT('',(-30.41266265883,-30.41266265883,
    -0.103528498001));
#2568 = CARTESIAN_POINT('',(-30.37441303464,-30.45091228302,
    -0.103528498001));
#2569 = CARTESIAN_POINT('',(-30.33714899317,-30.48928925846,
    -9.94524145882E-02));
#2570 = CARTESIAN_POINT('',(-30.30143469084,-30.52718493464,
    -9.146318623743E-02));
#2571 = CARTESIAN_POINT('',(-30.2675103548,-30.56422322007,
    -8.005891664473E-02));
#2572 = CARTESIAN_POINT('',(-30.23546750709,-30.60015561334,
    -6.581529673193E-02));
#2573 = CARTESIAN_POINT('',(-30.20531893199,-30.63481769104,
    -4.928841683249E-02));
#2574 = CARTESIAN_POINT('',(-30.1770161874,-30.66811868597,
    -3.098861860222E-02));
#2575 = CARTESIAN_POINT('',(-30.12993603742,-30.72471884005,
    3.862263213822E-03));
#2576 = CARTESIAN_POINT('',(-30.11038292785,-30.74865917859,
    1.992175300863E-02));
#2577 = CARTESIAN_POINT('',(-30.09171948394,-30.77190696252,
    3.670126806913E-02));
#2578 = CARTESIAN_POINT('',(-30.07387089974,-30.79450566212,
    5.408588438184E-02));
#2579 = CARTESIAN_POINT('',(-30.05677083878,-30.81649633076,
    7.198287822027E-02));
#2580 = CARTESIAN_POINT('',(-30.04035783666,-30.83792047419,
    9.031905164455E-02));
#2581 = CARTESIAN_POINT('',(-30.02457347894,-30.85882151863,
    0.109039424317));
#2582 = CARTESIAN_POINT('',(-29.98908605526,-30.90646904118,
    0.153524596051));
#2583 = CARTESIAN_POINT('',(-29.96984157292,-30.93282650553,
    0.179542311414));
#2584 = CARTESIAN_POINT('',(-29.95150632077,-30.95841202821,
    0.206058329951));
#2585 = CARTESIAN_POINT('',(-29.93398600716,-30.98329828476,
    0.232993344146));
#2586 = CARTESIAN_POINT('',(-29.9172040785,-31.00754493025,
    0.260285357374));
#2587 = CARTESIAN_POINT('',(-29.90109468794,-31.03120464478,
    0.287886060831));
#2588 = CARTESIAN_POINT('',(-29.88559918962,-31.054326163,0.315759076746
    ));
#2589 = CARTESIAN_POINT('',(-29.84886364516,-31.10999178582,
    0.38493725675));
#2590 = CARTESIAN_POINT('',(-29.82826745738,-31.14196615559,
    0.426508264376));
#2591 = CARTESIAN_POINT('',(-29.8087220607,-31.17300867158,
    0.468504021062));
#2592 = CARTESIAN_POINT('',(-29.7901107686,-31.203217507,0.510856562772)
  );
#2593 = CARTESIAN_POINT('',(-29.77234131825,-31.23267064103,
    0.553513455974));
#2594 = CARTESIAN_POINT('',(-29.75533628273,-31.26143444759,
    0.596434121572));
#2595 = CARTESIAN_POINT('',(-29.73902831994,-31.28956796589,
    0.639588057947));
#2596 = CARTESIAN_POINT('',(-29.67678842286,-31.39902715171,
    0.811858994707));
#2597 = CARTESIAN_POINT('',(-29.63589868715,-31.47576748204,
    0.942560023907));
#2598 = CARTESIAN_POINT('',(-29.59917789895,-31.54869998889,
    1.074480696044));
#2599 = CARTESIAN_POINT('',(-29.56592444787,-31.61844160912,
    1.207309764588));
#2600 = CARTESIAN_POINT('',(-29.53555090636,-31.68551555545,
    1.340811440881));
#2601 = CARTESIAN_POINT('',(-29.50768022428,-31.75026304122,1.4748540543
    ));
#2602 = CARTESIAN_POINT('',(-29.48198645733,-31.81298991049,
    1.609363378341));
#2603 = CARTESIAN_POINT('',(-29.40619767737,-32.00736296763,
    2.039751946473));
#2604 = CARTESIAN_POINT('',(-29.36346216419,-32.13214302327,
    2.337036044404));
#2605 = CARTESIAN_POINT('',(-29.32742484549,-32.2507018291,
    2.635552889202));
#2606 = CARTESIAN_POINT('',(-29.29697065053,-32.36406611195,
    2.93497672545));
#2607 = CARTESIAN_POINT('',(-29.27114233837,-32.47312529826,
    3.235058143699));
#2608 = CARTESIAN_POINT('',(-29.24936412714,-32.5784196361,
    3.535666277336));
#2609 = CARTESIAN_POINT('',(-29.23113244847,-32.68043379714,
    3.836730587186));
#2610 = CARTESIAN_POINT('',(-29.19649625713,-32.90842699331,
    4.530381884596));
#2611 = CARTESIAN_POINT('',(-29.18229155804,-33.03235575754,
    4.923158322157));
#2612 = CARTESIAN_POINT('',(-29.17263593896,-33.15211481863,
    5.316441805064));
#2613 = CARTESIAN_POINT('',(-29.16698783928,-33.26821881262,
    5.71013251753));
#2614 = CARTESIAN_POINT('',(-29.16493819671,-33.3810567142,
    6.104156142125));
#2615 = CARTESIAN_POINT('',(-29.16615934053,-33.49094152703,
    6.498458375958));
#2616 = CARTESIAN_POINT('',(-29.17039469411,-33.59812036055,
    6.893003868544));
#2617 = CARTESIAN_POINT('',(-29.1859031701,-33.82891782332,
    7.763360963651));
#2618 = CARTESIAN_POINT('',(-29.19843928923,-33.95140509143,
    8.23925514184));
#2619 = CARTESIAN_POINT('',(-29.2146641102,-34.07062456138,
    8.715403698479));
#2620 = CARTESIAN_POINT('',(-29.2342963688,-34.18684648822,
    9.191765696053));
#2621 = CARTESIAN_POINT('',(-29.25711586993,-34.30028227249,
    9.668308543664));
#2622 = CARTESIAN_POINT('',(-29.28294255507,-34.41110500906,
    10.145006468716));
#2623 = CARTESIAN_POINT('',(-29.31162544242,-34.5194603638,
    10.621839731177));
#2624 = CARTESIAN_POINT('',(-29.40826353638,-34.84554756269,
    12.088990608348));
#2625 = CARTESIAN_POINT('',(-29.48526234299,-35.05550359697,
    13.079685830679));
#2626 = CARTESIAN_POINT('',(-29.5729273412,-35.2564107919,
    14.070747433013));
#2627 = CARTESIAN_POINT('',(-29.670591766,-35.44890722533,
    15.062070512694));
#2628 = CARTESIAN_POINT('',(-29.77781670895,-35.63340789231,
    16.053569442777));
#2629 = CARTESIAN_POINT('',(-29.89432040362,-35.81017486274,
    17.045175145376));
#2630 = CARTESIAN_POINT('',(-30.01997112593,-35.97932444937,
    18.03683469372));
#2631 = CARTESIAN_POINT('',(-30.2946918667,-36.30853752714,
    20.057990771176));
#2632 = CARTESIAN_POINT('',(-30.44446786954,-36.46800345639,
    21.087456552364));
#2633 = CARTESIAN_POINT('',(-30.60408525024,-36.61924123418,
    22.116862304525));
#2634 = CARTESIAN_POINT('',(-30.77368319799,-36.76209389137,
    23.146150125118));
#2635 = CARTESIAN_POINT('',(-30.95355193705,-36.89624861378,
    24.175247983125));
#2636 = CARTESIAN_POINT('',(-31.14413783928,-37.02123134975,
    25.204069398781));
#2637 = CARTESIAN_POINT('',(-31.34610187193,-37.13634775039,
    26.232512128289));
#2638 = CARTESIAN_POINT('',(-31.65646403172,-37.28714908129,
    27.720651775989));
#2639 = CARTESIAN_POINT('',(-31.75493022443,-37.33158831987,
    28.180744909654));
#2640 = CARTESIAN_POINT('',(-31.85597838031,-37.37373550898,
    28.64072253944));
#2641 = CARTESIAN_POINT('',(-31.95971782546,-37.41347650858,
    29.100570110898));
#2642 = CARTESIAN_POINT('',(-32.06627563528,-37.45067827388,
    29.560269547629));
#2643 = CARTESIAN_POINT('',(-32.17580196172,-37.48518341435,
    30.019798959465));
#2644 = CARTESIAN_POINT('',(-32.28847901127,-37.51680103224,
    30.479132139499));
#2645 = CARTESIAN_POINT('',(-32.50678767751,-37.57039842204,
    31.342748931885));
#2646 = CARTESIAN_POINT('',(-32.6116623367,-37.59307680094,
    31.747077706332));
#2647 = CARTESIAN_POINT('',(-32.71931438763,-37.61316637622,
    32.15120680936));
#2648 = CARTESIAN_POINT('',(-32.82992593659,-37.63047643443,
    32.555110352752));
#2649 = CARTESIAN_POINT('',(-32.94371550794,-37.6447767253,
    32.95875289096));
#2650 = CARTESIAN_POINT('',(-33.06094669943,-37.65578851846,
    33.362088660227));
#2651 = CARTESIAN_POINT('',(-33.18195000646,-37.66316210523,
    33.765059648978));
#2652 = CARTESIAN_POINT('',(-33.34158280251,-37.6673212219,
    34.278200399121));
#2653 = CARTESIAN_POINT('',(-33.3763107677,-37.66790732747,
    34.38877622451));
#2654 = CARTESIAN_POINT('',(-33.41136655686,-37.66817318911,
    34.499316865428));
#2655 = CARTESIAN_POINT('',(-33.44676007125,-37.66810829426,
    34.609820474197));
#2656 = CARTESIAN_POINT('',(-33.48250195076,-37.66770132842,
    34.720285010631));
#2657 = CARTESIAN_POINT('',(-33.51860369535,-37.66694004891,
    34.83070822792));
#2658 = CARTESIAN_POINT('',(-33.55507778657,-37.66581115852,
    34.941087658513));
#2659 = CARTESIAN_POINT('',(-33.59193780895,-37.66430017929,35.0514206)
  );
#2660 = PCURVE('',#131,#2661);
#2661 = DEFINITIONAL_REPRESENTATION('',(#2662),#2756);
#2662 = B_SPLINE_CURVE_WITH_KNOTS('',8,(#2663,#2664,#2665,#2666,#2667,
    #2668,#2669,#2670,#2671,#2672,#2673,#2674,#2675,#2676,#2677,#2678,
    #2679,#2680,#2681,#2682,#2683,#2684,#2685,#2686,#2687,#2688,#2689,
    #2690,#2691,#2692,#2693,#2694,#2695,#2696,#2697,#2698,#2699,#2700,
    #2701,#2702,#2703,#2704,#2705,#2706,#2707,#2708,#2709,#2710,#2711,
    #2712,#2713,#2714,#2715,#2716,#2717,#2718,#2719,#2720,#2721,#2722,
    #2723,#2724,#2725,#2726,#2727,#2728,#2729,#2730,#2731,#2732,#2733,
    #2734,#2735,#2736,#2737,#2738,#2739,#2740,#2741,#2742,#2743,#2744,
    #2745,#2746,#2747,#2748,#2749,#2750,#2751,#2752,#2753,#2754,#2755),
  .UNSPECIFIED.,.F.,.F.,(9,7,7,7,7,7,7,7,7,7,7,7,7,9),(0.,
    6.993228466789E-03,1.240143273814E-02,1.961052288133E-02,
    3.013593338787E-02,6.142172249525E-02,0.129900497133,0.218956090813,
    0.326243667938,0.548981172112,0.780210213961,0.883728719727,
    0.974937305925,1.),.UNSPECIFIED.);
#2663 = CARTESIAN_POINT('',(3.926990816987,202.26620154028));
#2664 = CARTESIAN_POINT('',(3.928248504439,202.26620154028));
#2665 = CARTESIAN_POINT('',(3.929492082295,202.27027762369));
#2666 = CARTESIAN_POINT('',(3.930702170029,202.27826685204));
#2667 = CARTESIAN_POINT('',(3.931868548096,202.28967112163));
#2668 = CARTESIAN_POINT('',(3.932985575254,202.30391474155));
#2669 = CARTESIAN_POINT('',(3.934050319726,202.32044162145));
#2670 = CARTESIAN_POINT('',(3.935062086403,202.33874141968));
#2671 = CARTESIAN_POINT('',(3.936764387451,202.37359230149));
#2672 = CARTESIAN_POINT('',(3.937478309956,202.38965179129));
#2673 = CARTESIAN_POINT('',(3.938166072983,202.40643130635));
#2674 = CARTESIAN_POINT('',(3.938829624596,202.42381592266));
#2675 = CARTESIAN_POINT('',(3.939470735067,202.4417129165));
#2676 = CARTESIAN_POINT('',(3.940091102188,202.46004908992));
#2677 = CARTESIAN_POINT('',(3.940692404588,202.4787694626));
#2678 = CARTESIAN_POINT('',(3.942054634668,202.52325463433));
#2679 = CARTESIAN_POINT('',(3.942801531,202.54927234969));
#2680 = CARTESIAN_POINT('',(3.943520574621,202.57578836823));
#2681 = CARTESIAN_POINT('',(3.944214519888,202.60272338243));
#2682 = CARTESIAN_POINT('',(3.944885615009,202.63001539565));
#2683 = CARTESIAN_POINT('',(3.945535816644,202.65761609911));
#2684 = CARTESIAN_POINT('',(3.94616689703,202.68548911503));
#2685 = CARTESIAN_POINT('',(3.947676233456,202.75466729503));
#2686 = CARTESIAN_POINT('',(3.948534341528,202.79623830266));
#2687 = CARTESIAN_POINT('',(3.94935950214,202.83823405934));
#2688 = CARTESIAN_POINT('',(3.950155264873,202.88058660105));
#2689 = CARTESIAN_POINT('',(3.950924443996,202.92324349425));
#2690 = CARTESIAN_POINT('',(3.951669417282,202.96616415985));
#2691 = CARTESIAN_POINT('',(3.952392274232,203.00931809623));
#2692 = CARTESIAN_POINT('',(3.95518304602,203.18158903299));
#2693 = CARTESIAN_POINT('',(3.957090468408,203.31229006219));
#2694 = CARTESIAN_POINT('',(3.958864519973,203.44421073432));
#2695 = CARTESIAN_POINT('',(3.960527077677,203.57703980287));
#2696 = CARTESIAN_POINT('',(3.962096568681,203.71054147916));
#2697 = CARTESIAN_POINT('',(3.963584934614,203.84458409258));
#2698 = CARTESIAN_POINT('',(3.965002667862,203.97909341662));
#2699 = CARTESIAN_POINT('',(3.969324704345,204.40948198475));
#2700 = CARTESIAN_POINT('',(3.971989359173,204.70676608268));
#2701 = CARTESIAN_POINT('',(3.97443526837,205.00528292748));
#2702 = CARTESIAN_POINT('',(3.976698333812,205.30470676373));
#2703 = CARTESIAN_POINT('',(3.978809496832,205.60478818198));
#2704 = CARTESIAN_POINT('',(3.980787572401,205.90539631561));
#2705 = CARTESIAN_POINT('',(3.982649201816,206.20646062546));
#2706 = CARTESIAN_POINT('',(3.986692828445,206.90011192287));
#2707 = CARTESIAN_POINT('',(3.98880231371,207.29288836044));
#2708 = CARTESIAN_POINT('',(3.990762702098,207.68617184334));
#2709 = CARTESIAN_POINT('',(3.992592004284,208.07986255581));
#2710 = CARTESIAN_POINT('',(3.994303907508,208.4738861804));
#2711 = CARTESIAN_POINT('',(3.995909453381,208.86818841424));
#2712 = CARTESIAN_POINT('',(3.997417381533,209.26273390682));
#2713 = CARTESIAN_POINT('',(4.000543082685,210.13309100193));
#2714 = CARTESIAN_POINT('',(4.002120076243,210.60898518012));
#2715 = CARTESIAN_POINT('',(4.003578875217,211.08513373676));
#2716 = CARTESIAN_POINT('',(4.004929220622,211.56149573433));
#2717 = CARTESIAN_POINT('',(4.006178830824,212.03803858194));
#2718 = CARTESIAN_POINT('',(4.007334097061,212.514736507));
#2719 = CARTESIAN_POINT('',(4.008400452969,212.99156976946));
#2720 = CARTESIAN_POINT('',(4.011421055385,214.45872064663));
#2721 = CARTESIAN_POINT('',(4.013095962985,215.44941586896));
#2722 = CARTESIAN_POINT('',(4.014447840304,216.44047747129));
#2723 = CARTESIAN_POINT('',(4.01550252412,217.43180055097));
#2724 = CARTESIAN_POINT('',(4.016278281975,218.42329948106));
#2725 = CARTESIAN_POINT('',(4.01678825744,219.41490518365));
#2726 = CARTESIAN_POINT('',(4.017040814265,220.406564732));
#2727 = CARTESIAN_POINT('',(4.017040227673,222.42772080945));
#2728 = CARTESIAN_POINT('',(4.016767432625,223.45718659064));
#2729 = CARTESIAN_POINT('',(4.016227166172,224.4865923428));
#2730 = CARTESIAN_POINT('',(4.015419919507,225.5158801634));
#2731 = CARTESIAN_POINT('',(4.014341683525,226.54497802141));
#2732 = CARTESIAN_POINT('',(4.01298393844,227.57379943706));
#2733 = CARTESIAN_POINT('',(4.011332155377,228.60224216657));
#2734 = CARTESIAN_POINT('',(4.00847906652,230.09038181427));
#2735 = CARTESIAN_POINT('',(4.007532834148,230.55047494793));
#2736 = CARTESIAN_POINT('',(4.006520435249,231.01045257772));
#2737 = CARTESIAN_POINT('',(4.005439186827,231.47030014918));
#2738 = CARTESIAN_POINT('',(4.004285912181,231.92999958591));
#2739 = CARTESIAN_POINT('',(4.003056797024,232.38952899774));
#2740 = CARTESIAN_POINT('',(4.001747145776,232.84886217778));
#2741 = CARTESIAN_POINT('',(3.999120948677,233.71247897016));
#2742 = CARTESIAN_POINT('',(3.997823758959,234.11680774461));
#2743 = CARTESIAN_POINT('',(3.996455392433,234.52093684764));
#2744 = CARTESIAN_POINT('',(3.99501105625,234.92484039103));
#2745 = CARTESIAN_POINT('',(3.993484937335,235.32848292924));
#2746 = CARTESIAN_POINT('',(3.991869965388,235.73181869851));
#2747 = CARTESIAN_POINT('',(3.990157212663,236.13478968726));
#2748 = CARTESIAN_POINT('',(3.987833647643,236.6479304374));
#2749 = CARTESIAN_POINT('',(3.987324493671,236.75850626279));
#2750 = CARTESIAN_POINT('',(3.986806785671,236.86904690371));
#2751 = CARTESIAN_POINT('',(3.986280253326,236.97955051248));
#2752 = CARTESIAN_POINT('',(3.985744605518,237.09001504891));
#2753 = CARTESIAN_POINT('',(3.985199526958,237.2004382662));
#2754 = CARTESIAN_POINT('',(3.984644674818,237.31081769679));
#2755 = CARTESIAN_POINT('',(3.984079675362,237.42115063828));
#2756 = ( GEOMETRIC_REPRESENTATION_CONTEXT(2) 
PARAMETRIC_REPRESENTATION_CONTEXT() REPRESENTATION_CONTEXT('2D SPACE',''
  ) );
#2757 = PCURVE('',#681,#2758);
#2758 = DEFINITIONAL_REPRESENTATION('',(#2759),#2853);
#2759 = B_SPLINE_CURVE_WITH_KNOTS('',8,(#2760,#2761,#2762,#2763,#2764,
    #2765,#2766,#2767,#2768,#2769,#2770,#2771,#2772,#2773,#2774,#2775,
    #2776,#2777,#2778,#2779,#2780,#2781,#2782,#2783,#2784,#2785,#2786,
    #2787,#2788,#2789,#2790,#2791,#2792,#2793,#2794,#2795,#2796,#2797,
    #2798,#2799,#2800,#2801,#2802,#2803,#2804,#2805,#2806,#2807,#2808,
    #2809,#2810,#2811,#2812,#2813,#2814,#2815,#2816,#2817,#2818,#2819,
    #2820,#2821,#2822,#2823,#2824,#2825,#2826,#2827,#2828,#2829,#2830,
    #2831,#2832,#2833,#2834,#2835,#2836,#2837,#2838,#2839,#2840,#2841,
    #2842,#2843,#2844,#2845,#2846,#2847,#2848,#2849,#2850,#2851,#2852),
  .UNSPECIFIED.,.F.,.F.,(9,7,7,7,7,7,7,7,7,7,7,7,7,9),(0.,
    6.993228466789E-03,1.240143273814E-02,1.961052288133E-02,
    3.013593338787E-02,6.142172249525E-02,0.129900497133,0.218956090813,
    0.326243667938,0.548981172112,0.780210213961,0.883728719727,
    0.974937305925,1.),.UNSPECIFIED.);
#2760 = CARTESIAN_POINT('',(0.,208.17650415798));
#2761 = CARTESIAN_POINT('',(1.272779700849E-02,208.17650415798));
#2762 = CARTESIAN_POINT('',(2.531279742164E-02,208.17242807457));
#2763 = CARTESIAN_POINT('',(3.756304200636E-02,208.16443884621));
#2764 = CARTESIAN_POINT('',(4.937877278222E-02,208.15303457662));
#2765 = CARTESIAN_POINT('',(6.07050639149E-02,208.13879095671));
#2766 = CARTESIAN_POINT('',(7.151303997432E-02,208.12226407681));
#2767 = CARTESIAN_POINT('',(8.179565514663E-02,208.10396427858));
#2768 = CARTESIAN_POINT('',(9.911834936599E-02,208.06911339676));
#2769 = CARTESIAN_POINT('',(0.106391134842,208.05305390697));
#2770 = CARTESIAN_POINT('',(0.113405430237,208.03627439191));
#2771 = CARTESIAN_POINT('',(0.120180810282,208.0188897756));
#2772 = CARTESIAN_POINT('',(0.126735000332,208.00099278176));
#2773 = CARTESIAN_POINT('',(0.133084984043,207.98265660833));
#2774 = CARTESIAN_POINT('',(0.139247576009,207.96393623566));
#2775 = CARTESIAN_POINT('',(0.15322658874,207.91945106393));
#2776 = CARTESIAN_POINT('',(0.160905149381,207.89343334856));
#2777 = CARTESIAN_POINT('',(0.168311023514,207.86691733003));
#2778 = CARTESIAN_POINT('',(0.175471711328,207.83998231583));
#2779 = CARTESIAN_POINT('',(0.182409609224,207.8126903026));
#2780 = CARTESIAN_POINT('',(0.189144197969,207.78508959915));
#2781 = CARTESIAN_POINT('',(0.195693140776,207.75721658323));
#2782 = CARTESIAN_POINT('',(0.211385973938,207.68803840323));
#2783 = CARTESIAN_POINT('',(0.220334535524,207.6464673956));
#2784 = CARTESIAN_POINT('',(0.228965136165,207.60447163892));
#2785 = CARTESIAN_POINT('',(0.23731302093,207.56211909721));
#2786 = CARTESIAN_POINT('',(0.245406065497,207.51946220401));
#2787 = CARTESIAN_POINT('',(0.253267801425,207.47654153841));
#2788 = CARTESIAN_POINT('',(0.26091892103,207.43338760203));
#2789 = CARTESIAN_POINT('',(0.290546475911,207.26111666527));
#2790 = CARTESIAN_POINT('',(0.31099860759,207.13041563607));
#2791 = CARTESIAN_POINT('',(0.330203559769,206.99849496395));
#2792 = CARTESIAN_POINT('',(0.348375248085,206.86566589537));
#2793 = CARTESIAN_POINT('',(0.365693921298,206.73216421911));
#2794 = CARTESIAN_POINT('',(0.382275595088,206.59812160567));
#2795 = CARTESIAN_POINT('',(0.398222759942,206.46361228164));
#2796 = CARTESIAN_POINT('',(0.44731123991,206.03322371351));
#2797 = CARTESIAN_POINT('',(0.478318349566,205.73593961558));
#2798 = CARTESIAN_POINT('',(0.507447120502,205.43742277077));
#2799 = CARTESIAN_POINT('',(0.535038593334,205.13799893453));
#2800 = CARTESIAN_POINT('',(0.561387694491,204.83791751628));
#2801 = CARTESIAN_POINT('',(0.586671124671,204.53730938264));
#2802 = CARTESIAN_POINT('',(0.611046534551,204.23624507279));
#2803 = CARTESIAN_POINT('',(0.665307502446,203.54259377538));
#2804 = CARTESIAN_POINT('',(0.694638450714,203.14981733782));
#2805 = CARTESIAN_POINT('',(0.72288252144,202.75653385491));
#2806 = CARTESIAN_POINT('',(0.75020679664,202.36284314245));
#2807 = CARTESIAN_POINT('',(0.776737657377,201.96881951785));
#2808 = CARTESIAN_POINT('',(0.802577031238,201.57451728402));
#2809 = CARTESIAN_POINT('',(0.827805624353,201.17997179143));
#2810 = CARTESIAN_POINT('',(0.882233371016,200.30961469633));
#2811 = CARTESIAN_POINT('',(0.911186852828,199.83372051814));
#2812 = CARTESIAN_POINT('',(0.939471308017,199.3575719615));
#2813 = CARTESIAN_POINT('',(0.967177253072,198.88120996393));
#2814 = CARTESIAN_POINT('',(0.994377069043,198.40466711632));
#2815 = CARTESIAN_POINT('',(1.021131631851,197.92796919126));
#2816 = CARTESIAN_POINT('',(1.04749384111,197.4511359288));
#2817 = CARTESIAN_POINT('',(1.127518675485,195.98398505163));
#2818 = CARTESIAN_POINT('',(1.18003185213,194.9932898293));
#2819 = CARTESIAN_POINT('',(1.231456428001,194.00222822696));
#2820 = CARTESIAN_POINT('',(1.282077443181,193.01090514728));
#2821 = CARTESIAN_POINT('',(1.33212707727,192.0194062172));
#2822 = CARTESIAN_POINT('',(1.381809690577,191.0278005146));
#2823 = CARTESIAN_POINT('',(1.431309822051,190.03614096626));
#2824 = CARTESIAN_POINT('',(1.532199356621,188.0149848888));
#2825 = CARTESIAN_POINT('',(1.583587066295,186.98551910762));
#2826 = CARTESIAN_POINT('',(1.635179083548,185.95611335545));
#2827 = CARTESIAN_POINT('',(1.687173701435,184.92682553486));
#2828 = CARTESIAN_POINT('',(1.739781841489,183.89772767685));
#2829 = CARTESIAN_POINT('',(1.793236988254,182.8689062612));
#2830 = CARTESIAN_POINT('',(1.847817106479,181.84046353169));
#2831 = CARTESIAN_POINT('',(1.929007458789,180.35232388399));
#2832 = CARTESIAN_POINT('',(1.954416039704,179.89223075032));
#2833 = CARTESIAN_POINT('',(1.980159417189,179.43225312054));
#2834 = CARTESIAN_POINT('',(2.006275660569,178.97240554908));
#2835 = CARTESIAN_POINT('',(2.032807681421,178.51270611235));
#2836 = CARTESIAN_POINT('',(2.05980495452,178.05317670051));
#2837 = CARTESIAN_POINT('',(2.087326381807,177.59384352048));
#2838 = CARTESIAN_POINT('',(2.140218570357,176.73022672809));
#2839 = CARTESIAN_POINT('',(2.165455560327,176.32589795365));
#2840 = CARTESIAN_POINT('',(2.19120518312,175.92176885062));
#2841 = CARTESIAN_POINT('',(2.217525029818,175.51786530723));
#2842 = CARTESIAN_POINT('',(2.244483961662,175.11422276902));
#2843 = CARTESIAN_POINT('',(2.272164885211,174.71088699975));
#2844 = CARTESIAN_POINT('',(2.300671787496,174.307916011));
#2845 = CARTESIAN_POINT('',(2.338245191788,173.79477526086));
#2846 = CARTESIAN_POINT('',(2.346417296908,173.68419943547));
#2847 = CARTESIAN_POINT('',(2.354665359233,173.57365879455));
#2848 = CARTESIAN_POINT('',(2.362992512713,173.46315518578));
#2849 = CARTESIAN_POINT('',(2.371402130079,173.35269064935));
#2850 = CARTESIAN_POINT('',(2.379897862647,173.24226743206));
#2851 = CARTESIAN_POINT('',(2.38848368012,173.13188800147));
#2852 = CARTESIAN_POINT('',(2.397163910398,173.02155505998));
#2853 = ( GEOMETRIC_REPRESENTATION_CONTEXT(2) 
PARAMETRIC_REPRESENTATION_CONTEXT() REPRESENTATION_CONTEXT('2D SPACE',''
  ) );
#2854 = ORIENTED_EDGE('',*,*,#2855,.F.);
#2855 = EDGE_CURVE('',#2856,#2563,#2858,.T.);
#2856 = VERTEX_POINT('',#2857);
#2857 = CARTESIAN_POINT('',(-37.66430018751,-33.5919376085,35.05142));
#2858 = SURFACE_CURVE('',#2859,(#2953,#3050),.PCURVE_S1.);
#2859 = B_SPLINE_CURVE_WITH_KNOTS('',8,(#2860,#2861,#2862,#2863,#2864,
    #2865,#2866,#2867,#2868,#2869,#2870,#2871,#2872,#2873,#2874,#2875,
    #2876,#2877,#2878,#2879,#2880,#2881,#2882,#2883,#2884,#2885,#2886,
    #2887,#2888,#2889,#2890,#2891,#2892,#2893,#2894,#2895,#2896,#2897,
    #2898,#2899,#2900,#2901,#2902,#2903,#2904,#2905,#2906,#2907,#2908,
    #2909,#2910,#2911,#2912,#2913,#2914,#2915,#2916,#2917,#2918,#2919,
    #2920,#2921,#2922,#2923,#2924,#2925,#2926,#2927,#2928,#2929,#2930,
    #2931,#2932,#2933,#2934,#2935,#2936,#2937,#2938,#2939,#2940,#2941,
    #2942,#2943,#2944,#2945,#2946,#2947,#2948,#2949,#2950,#2951,#2952),
  .UNSPECIFIED.,.F.,.F.,(9,7,7,7,7,7,7,7,7,7,7,7,7,9),(0.,0.111370321444
    ,0.245186191895,0.451203810917,0.662612969901,0.757596823913,
    0.841181625088,0.887369009715,0.926488817371,0.96398783095,
    0.982301563422,0.992211884285,0.995800527577,1.),.UNSPECIFIED.);
#2860 = CARTESIAN_POINT('',(-37.66430017929,-33.59193780895,35.0514206)
  );
#2861 = CARTESIAN_POINT('',(-37.67101461576,-33.42814053515,
    34.561126946913));
#2862 = CARTESIAN_POINT('',(-37.67018424008,-33.27196866566,
    34.069929994689));
#2863 = CARTESIAN_POINT('',(-37.66307839874,-33.12222215911,
    33.578038626123));
#2864 = CARTESIAN_POINT('',(-37.65050379056,-32.97814244517,
    33.085598319026));
#2865 = CARTESIAN_POINT('',(-37.63306468442,-32.8391606649,
    32.592716389361));
#2866 = CARTESIAN_POINT('',(-37.61124372985,-32.70481948225,
    32.099469507493));
#2867 = CARTESIAN_POINT('',(-37.58541288953,-32.57476258512,
    31.60590458354));
#2868 = CARTESIAN_POINT('',(-37.52040391373,-32.297199957,30.51865112729
    ));
#2869 = CARTESIAN_POINT('',(-37.47958626915,-32.15146908147,
    29.924863520455));
#2870 = CARTESIAN_POINT('',(-37.43396948808,-32.01097797407,
    29.33075031051));
#2871 = CARTESIAN_POINT('',(-37.38395145228,-31.87534704636,
    28.736366666172));
#2872 = CARTESIAN_POINT('',(-37.3298465968,-31.74427651134,
    28.141756964733));
#2873 = CARTESIAN_POINT('',(-37.27191098378,-31.61752180132,
    27.546956105047));
#2874 = CARTESIAN_POINT('',(-37.21035246721,-31.49488363487,
    26.951990037341));
#2875 = CARTESIAN_POINT('',(-37.04525709137,-31.19346911292,
    25.440663162139));
#2876 = CARTESIAN_POINT('',(-36.9369936007,-31.02010957961,
    24.524118528183));
#2877 = CARTESIAN_POINT('',(-36.82117990674,-30.85551470326,
    23.607317236791));
#2878 = CARTESIAN_POINT('',(-36.69824221713,-30.69927943863,
    22.690324453561));
#2879 = CARTESIAN_POINT('',(-36.56847741197,-30.55112509273,
    21.773197243366));
#2880 = CARTESIAN_POINT('',(-36.43208169987,-30.41087093876,
    20.855985139005));
#2881 = CARTESIAN_POINT('',(-36.28915561861,-30.27842936804,
    19.938730358523));
#2882 = CARTESIAN_POINT('',(-35.9863429637,-30.02591967172,
    18.080200941258));
#2883 = CARTESIAN_POINT('',(-35.82611367117,-29.90626856201,
    17.138945142462));
#2884 = CARTESIAN_POINT('',(-35.65902132458,-29.7948580127,
    16.197735846476));
#2885 = CARTESIAN_POINT('',(-35.48497043528,-29.6917969499,
    15.25661915779));
#2886 = CARTESIAN_POINT('',(-35.30374979037,-29.59731319142,
    14.315653237307));
#2887 = CARTESIAN_POINT('',(-35.11502417553,-29.51176171066,
    13.374908716461));
#2888 = CARTESIAN_POINT('',(-34.91828324825,-29.43567615676,
    12.434470624654));
#2889 = CARTESIAN_POINT('',(-34.62032943347,-29.34036876749,
    11.07210013281));
#2890 = CARTESIAN_POINT('',(-34.52617679177,-29.31290721591,
    10.649842303788));
#2891 = CARTESIAN_POINT('',(-34.43016410643,-29.28760764397,
    10.22768003653));
#2892 = CARTESIAN_POINT('',(-34.3322025878,-29.26456218835,
    9.805625726991));
#2893 = CARTESIAN_POINT('',(-34.23218823435,-29.24387899357,
    9.383694700593));
#2894 = CARTESIAN_POINT('',(-34.12999710915,-29.22568700912,
    8.961905530017));
#2895 = CARTESIAN_POINT('',(-34.02547736397,-29.21014410039,8.5402805808
    ));
#2896 = CARTESIAN_POINT('',(-33.82424449644,-29.18627645395,
    7.74798943827));
#2897 = CARTESIAN_POINT('',(-33.72810058344,-29.1773098866,7.37728472652
    ));
#2898 = CARTESIAN_POINT('',(-33.62987659856,-29.17068237375,
    7.006747543882));
#2899 = CARTESIAN_POINT('',(-33.52941581752,-29.16655668155,
    6.636400409331));
#2900 = CARTESIAN_POINT('',(-33.42653408764,-29.16512508122,
    6.266273432006));
#2901 = CARTESIAN_POINT('',(-33.32100744673,-29.1666220266,
    5.896405506696));
#2902 = CARTESIAN_POINT('',(-33.2125477384,-29.17134916812,
    5.526846739216));
#2903 = CARTESIAN_POINT('',(-33.03899786702,-29.18433423459,
    4.953657634164));
#2904 = CARTESIAN_POINT('',(-32.97621567955,-29.19006628952,
    4.749769672246));
#2905 = CARTESIAN_POINT('',(-32.91235388039,-29.19697742445,
    4.546008580564));
#2906 = CARTESIAN_POINT('',(-32.84733644622,-29.20514737986,
    4.342388152871));
#2907 = CARTESIAN_POINT('',(-32.78107602943,-29.21466819074,
    4.138925740974));
#2908 = CARTESIAN_POINT('',(-32.71346991248,-29.22564836959,
    3.935642784204));
#2909 = CARTESIAN_POINT('',(-32.64439299866,-29.23822016182,
    3.732565739374));
#2910 = CARTESIAN_POINT('',(-32.51380195753,-29.26468685761,
    3.357927331044));
#2911 = CARTESIAN_POINT('',(-32.45274933167,-29.27808495168,
    3.186303326038));
#2912 = CARTESIAN_POINT('',(-32.39043414901,-29.29284432159,
    3.014871641666));
#2913 = CARTESIAN_POINT('',(-32.32674171952,-29.30908633089,
    2.843656969424));
#2914 = CARTESIAN_POINT('',(-32.26153858002,-29.32695339616,
    2.672692346795));
#2915 = CARTESIAN_POINT('',(-32.19466332366,-29.34661857025,
    2.502020723153));
#2916 = CARTESIAN_POINT('',(-32.12590815464,-29.36830485349,
    2.331698191632));
#2917 = CARTESIAN_POINT('',(-31.98701238158,-29.41532886618,
    1.998938773013));
#2918 = CARTESIAN_POINT('',(-31.9170721927,-29.44047017184,
    1.836529403344));
#2919 = CARTESIAN_POINT('',(-31.84490267911,-29.46800756149,
    1.674577594165));
#2920 = CARTESIAN_POINT('',(-31.77016962439,-29.49829478202,
    1.513155591211));
#2921 = CARTESIAN_POINT('',(-31.69249784809,-29.53174200039,1.3523920056
    ));
#2922 = CARTESIAN_POINT('',(-31.61130597702,-29.56899364973,
    1.192518469796));
#2923 = CARTESIAN_POINT('',(-31.52590699041,-29.61081987956,
    1.033840728208));
#2924 = CARTESIAN_POINT('',(-31.39028067408,-29.68237086039,
    0.800296174009));
#2925 = CARTESIAN_POINT('',(-31.34445221045,-29.7073179758,
    0.724153988446));
#2926 = CARTESIAN_POINT('',(-31.29709686238,-29.73393891055,
    0.648515146587));
#2927 = CARTESIAN_POINT('',(-31.24798125654,-29.76248945925,
    0.573462150233));
#2928 = CARTESIAN_POINT('',(-31.19685155379,-29.79326290325,
    0.499139761032));
#2929 = CARTESIAN_POINT('',(-31.14334130853,-29.82669369411,
    0.42579749883));
#2930 = CARTESIAN_POINT('',(-31.08702102071,-29.86330141114,
    0.353766081825));
#2931 = CARTESIAN_POINT('',(-30.99449497011,-29.92626015034,
    0.24568309292));
#2932 = CARTESIAN_POINT('',(-30.96098806539,-29.94956175855,
    0.20836963711));
#2933 = CARTESIAN_POINT('',(-30.9262713904,-29.97425759036,
    0.171722824084));
#2934 = CARTESIAN_POINT('',(-30.89016652641,-30.00055682062,
    0.135855573419));
#2935 = CARTESIAN_POINT('',(-30.85248176613,-30.02871165371,
    0.100989725655));
#2936 = CARTESIAN_POINT('',(-30.813019504,-30.059007949,
    6.744893474315E-02));
#2937 = CARTESIAN_POINT('',(-30.77154416764,-30.09180350714,
    3.56815696148E-02));
#2938 = CARTESIAN_POINT('',(-30.71173825062,-30.14070432278,
    -4.236397977392E-03));
#2939 = CARTESIAN_POINT('',(-30.69553317062,-30.15410109698,
    -1.45167950006E-02));
#2940 = CARTESIAN_POINT('',(-30.67900671224,-30.16791924927,
    -2.443171099203E-02));
#2941 = CARTESIAN_POINT('',(-30.66214773689,-30.18218169674,
    -3.393795171826E-02));
#2942 = CARTESIAN_POINT('',(-30.64495008373,-30.19690863915,
    -4.298403751347E-02));
#2943 = CARTESIAN_POINT('',(-30.62741323406,-30.21211660624,
    -5.151125914086E-02));
#2944 = CARTESIAN_POINT('',(-30.60954297566,-30.227817505,
    -5.945473365406E-02));
#2945 = CARTESIAN_POINT('',(-30.57006485323,-30.26297528617,
    -7.527498373154E-02));
#2946 = CARTESIAN_POINT('',(-30.54832248203,-30.2826308333,
    -8.291693748765E-02));
#2947 = CARTESIAN_POINT('',(-30.52617387964,-30.30296963212,
    -8.95447585724E-02));
#2948 = CARTESIAN_POINT('',(-30.50368955845,-30.32395630826,
    -9.502961296173E-02));
#2949 = CARTESIAN_POINT('',(-30.48096303766,-30.3455306662,
    -9.924931738197E-02));
#2950 = CARTESIAN_POINT('',(-30.45811305863,-30.36760155495,
    -0.102102714003));
#2951 = CARTESIAN_POINT('',(-30.43528659517,-30.39003872249,
    -0.103528498001));
#2952 = CARTESIAN_POINT('',(-30.41266265883,-30.41266265883,
    -0.103528498001));
#2953 = PCURVE('',#131,#2954);
#2954 = DEFINITIONAL_REPRESENTATION('',(#2955),#3049);
#2955 = B_SPLINE_CURVE_WITH_KNOTS('',8,(#2956,#2957,#2958,#2959,#2960,
    #2961,#2962,#2963,#2964,#2965,#2966,#2967,#2968,#2969,#2970,#2971,
    #2972,#2973,#2974,#2975,#2976,#2977,#2978,#2979,#2980,#2981,#2982,
    #2983,#2984,#2985,#2986,#2987,#2988,#2989,#2990,#2991,#2992,#2993,
    #2994,#2995,#2996,#2997,#2998,#2999,#3000,#3001,#3002,#3003,#3004,
    #3005,#3006,#3007,#3008,#3009,#3010,#3011,#3012,#3013,#3014,#3015,
    #3016,#3017,#3018,#3019,#3020,#3021,#3022,#3023,#3024,#3025,#3026,
    #3027,#3028,#3029,#3030,#3031,#3032,#3033,#3034,#3035,#3036,#3037,
    #3038,#3039,#3040,#3041,#3042,#3043,#3044,#3045,#3046,#3047,#3048),
  .UNSPECIFIED.,.F.,.F.,(9,7,7,7,7,7,7,7,7,7,7,7,7,9),(0.,0.111370321444
    ,0.245186191895,0.451203810917,0.662612969901,0.757596823913,
    0.841181625088,0.887369009715,0.926488817371,0.96398783095,
    0.982301563422,0.992211884285,0.995800527577,1.),.UNSPECIFIED.);
#2956 = CARTESIAN_POINT('',(3.869901958613,237.42115063828));
#2957 = CARTESIAN_POINT('',(3.86739123386,236.93085698519));
#2958 = CARTESIAN_POINT('',(3.865080949945,236.43966003297));
#2959 = CARTESIAN_POINT('',(3.862938207493,235.9477686644));
#2960 = CARTESIAN_POINT('',(3.860942352701,235.4553283573));
#2961 = CARTESIAN_POINT('',(3.859078017083,234.96244642764));
#2962 = CARTESIAN_POINT('',(3.857332962432,234.46919954577));
#2963 = CARTESIAN_POINT('',(3.855697797156,233.97563462182));
#2964 = CARTESIAN_POINT('',(3.85232246896,232.88838116557));
#2965 = CARTESIAN_POINT('',(3.850627678866,232.29459355874));
#2966 = CARTESIAN_POINT('',(3.849066782817,231.70048034879));
#2967 = CARTESIAN_POINT('',(3.847630021384,231.10609670445));
#2968 = CARTESIAN_POINT('',(3.84630982847,230.51148700301));
#2969 = CARTESIAN_POINT('',(3.845100165851,229.91668614332));
#2970 = CARTESIAN_POINT('',(3.843996257983,229.32172007562));
#2971 = CARTESIAN_POINT('',(3.84145164517,227.81039320042));
#2972 = CARTESIAN_POINT('',(3.840150625042,226.89384856646));
#2973 = CARTESIAN_POINT('',(3.839077261797,225.97704727507));
#2974 = CARTESIAN_POINT('',(3.838223044585,225.06005449184));
#2975 = CARTESIAN_POINT('',(3.837583022377,224.14292728165));
#2976 = CARTESIAN_POINT('',(3.837155088072,223.22571517728));
#2977 = CARTESIAN_POINT('',(3.836939924074,222.3084603968));
#2978 = CARTESIAN_POINT('',(3.836942329096,220.44993097954));
#2979 = CARTESIAN_POINT('',(3.837171365701,219.50867518074));
#2980 = CARTESIAN_POINT('',(3.837632131833,218.56746588475));
#2981 = CARTESIAN_POINT('',(3.838331664904,217.62634919607));
#2982 = CARTESIAN_POINT('',(3.839280784176,216.68538327559));
#2983 = CARTESIAN_POINT('',(3.840494450098,215.74463875474));
#2984 = CARTESIAN_POINT('',(3.841993550774,214.80420066293));
#2985 = CARTESIAN_POINT('',(3.844625877329,213.44183017109));
#2986 = CARTESIAN_POINT('',(3.845505942322,213.01957234207));
#2987 = CARTESIAN_POINT('',(3.846452906214,212.59741007481));
#2988 = CARTESIAN_POINT('',(3.847470118911,212.17535576527));
#2989 = CARTESIAN_POINT('',(3.848561458802,211.75342473887));
#2990 = CARTESIAN_POINT('',(3.84973149345,211.3316355683));
#2991 = CARTESIAN_POINT('',(3.850985749904,210.91001061908));
#2992 = CARTESIAN_POINT('',(3.853514983967,210.11771947655));
#2993 = CARTESIAN_POINT('',(3.854769409959,209.7470147648));
#2994 = CARTESIAN_POINT('',(3.85609901781,209.37647758216));
#2995 = CARTESIAN_POINT('',(3.857509400311,209.00613044761));
#2996 = CARTESIAN_POINT('',(3.859007112007,208.63600347028));
#2997 = CARTESIAN_POINT('',(3.860600087816,208.26613554497));
#2998 = CARTESIAN_POINT('',(3.862298466079,207.89657677749));
#2999 = CARTESIAN_POINT('',(3.865120049398,207.32338767244));
#3000 = CARTESIAN_POINT('',(3.866160606277,207.11949971052));
#3001 = CARTESIAN_POINT('',(3.867239779406,206.91573861884));
#3002 = CARTESIAN_POINT('',(3.86836022035,206.71211819115));
#3003 = CARTESIAN_POINT('',(3.869524976201,206.50865577925));
#3004 = CARTESIAN_POINT('',(3.870737626182,206.30537282248));
#3005 = CARTESIAN_POINT('',(3.872002518182,206.10229577765));
#3006 = CARTESIAN_POINT('',(3.874445310506,205.72765736932));
#3007 = CARTESIAN_POINT('',(3.875606885279,205.55603336432));
#3008 = CARTESIAN_POINT('',(3.876813129195,205.38460167994));
#3009 = CARTESIAN_POINT('',(3.878068009948,205.2133870077));
#3010 = CARTESIAN_POINT('',(3.879376159631,205.04242238507));
#3011 = CARTESIAN_POINT('',(3.88074318493,204.87175076143));
#3012 = CARTESIAN_POINT('',(3.882176291192,204.70142822991));
#3013 = CARTESIAN_POINT('',(3.885131632262,204.36866881129));
#3014 = CARTESIAN_POINT('',(3.886647192188,204.20625944162));
#3015 = CARTESIAN_POINT('',(3.888240839691,204.04430763245));
#3016 = CARTESIAN_POINT('',(3.889924025658,203.88288562948));
#3017 = CARTESIAN_POINT('',(3.891709835494,203.72212204388));
#3018 = CARTESIAN_POINT('',(3.893618640517,203.56224850807));
#3019 = CARTESIAN_POINT('',(3.895674657581,203.40357076649));
#3020 = CARTESIAN_POINT('',(3.899032474773,203.17002621229));
#3021 = CARTESIAN_POINT('',(3.900180993503,203.09388402672));
#3022 = CARTESIAN_POINT('',(3.901382936813,203.01824518487));
#3023 = CARTESIAN_POINT('',(3.902646393305,202.94319218851));
#3024 = CARTESIAN_POINT('',(3.903980420272,202.86886979931));
#3025 = CARTESIAN_POINT('',(3.905398262929,202.79552753711));
#3026 = CARTESIAN_POINT('',(3.906915615357,202.7234961201));
#3027 = CARTESIAN_POINT('',(3.909457621586,202.6154131312));
#3028 = CARTESIAN_POINT('',(3.910386940476,202.57809967539));
#3029 = CARTESIAN_POINT('',(3.911359435752,202.54145286236));
#3030 = CARTESIAN_POINT('',(3.912381499161,202.5055856117));
#3031 = CARTESIAN_POINT('',(3.913460456945,202.47071976393));
#3032 = CARTESIAN_POINT('',(3.914604289833,202.43717897302));
#3033 = CARTESIAN_POINT('',(3.915822782531,202.40541160789));
#3034 = CARTESIAN_POINT('',(3.917607156261,202.3654936403));
#3035 = CARTESIAN_POINT('',(3.918093140665,202.35521324328));
#3036 = CARTESIAN_POINT('',(3.918591401575,202.34529832729));
#3037 = CARTESIAN_POINT('',(3.919102499492,202.33579208656));
#3038 = CARTESIAN_POINT('',(3.919626868027,202.32674600077));
#3039 = CARTESIAN_POINT('',(3.920164786924,202.31821877914));
#3040 = CARTESIAN_POINT('',(3.92071635508,202.31027530462));
#3041 = CARTESIAN_POINT('',(3.921942760134,202.29445505455));
#3042 = CARTESIAN_POINT('',(3.922623096669,202.28681310079));
#3043 = CARTESIAN_POINT('',(3.923321422883,202.28018527971));
#3044 = CARTESIAN_POINT('',(3.924035990091,202.27470042532));
#3045 = CARTESIAN_POINT('',(3.924764258656,202.2704807209));
#3046 = CARTESIAN_POINT('',(3.925502760746,202.26762732428));
#3047 = CARTESIAN_POINT('',(3.926246918415,202.26620154028));
#3048 = CARTESIAN_POINT('',(3.926990816987,202.26620154028));
#3049 = ( GEOMETRIC_REPRESENTATION_CONTEXT(2) 
PARAMETRIC_REPRESENTATION_CONTEXT() REPRESENTATION_CONTEXT('2D SPACE',''
  ) );
#3050 = PCURVE('',#681,#3051);
#3051 = DEFINITIONAL_REPRESENTATION('',(#3052),#3146);
#3052 = B_SPLINE_CURVE_WITH_KNOTS('',8,(#3053,#3054,#3055,#3056,#3057,
    #3058,#3059,#3060,#3061,#3062,#3063,#3064,#3065,#3066,#3067,#3068,
    #3069,#3070,#3071,#3072,#3073,#3074,#3075,#3076,#3077,#3078,#3079,
    #3080,#3081,#3082,#3083,#3084,#3085,#3086,#3087,#3088,#3089,#3090,
    #3091,#3092,#3093,#3094,#3095,#3096,#3097,#3098,#3099,#3100,#3101,
    #3102,#3103,#3104,#3105,#3106,#3107,#3108,#3109,#3110,#3111,#3112,
    #3113,#3114,#3115,#3116,#3117,#3118,#3119,#3120,#3121,#3122,#3123,
    #3124,#3125,#3126,#3127,#3128,#3129,#3130,#3131,#3132,#3133,#3134,
    #3135,#3136,#3137,#3138,#3139,#3140,#3141,#3142,#3143,#3144,#3145),
  .UNSPECIFIED.,.F.,.F.,(9,7,7,7,7,7,7,7,7,7,7,7,7,9),(0.,0.111370321444
    ,0.245186191895,0.451203810917,0.662612969901,0.757596823913,
    0.841181625088,0.887369009715,0.926488817371,0.96398783095,
    0.982301563422,0.992211884285,0.995800527577,1.),.UNSPECIFIED.);
#3053 = CARTESIAN_POINT('',(3.886021396781,173.02155505998));
#3054 = CARTESIAN_POINT('',(3.924594299445,173.51184871307));
#3055 = CARTESIAN_POINT('',(3.961301838057,174.00304566529));
#3056 = CARTESIAN_POINT('',(3.996525466856,174.49493703385));
#3057 = CARTESIAN_POINT('',(4.030504348499,174.98737734095));
#3058 = CARTESIAN_POINT('',(4.06341736422,175.48025927062));
#3059 = CARTESIAN_POINT('',(4.095408404301,175.97350615248));
#3060 = CARTESIAN_POINT('',(4.126589644901,176.46707107644));
#3061 = CARTESIAN_POINT('',(4.193665877713,177.55432453269));
#3062 = CARTESIAN_POINT('',(4.229242169695,178.14811213952));
#3063 = CARTESIAN_POINT('',(4.263950270099,178.74222534947));
#3064 = CARTESIAN_POINT('',(4.297913053962,179.33660899381));
#3065 = CARTESIAN_POINT('',(4.331230172365,179.93121869524));
#3066 = CARTESIAN_POINT('',(4.363985888266,180.52601955493));
#3067 = CARTESIAN_POINT('',(4.39625234446,181.12098562264));
#3068 = CARTESIAN_POINT('',(4.477115233126,182.63231249784));
#3069 = CARTESIAN_POINT('',(4.525128094086,183.54885713179));
#3070 = CARTESIAN_POINT('',(4.572365069934,184.46565842319));
#3071 = CARTESIAN_POINT('',(4.619010423693,185.38265120642));
#3072 = CARTESIAN_POINT('',(4.665224143927,186.29977841661));
#3073 = CARTESIAN_POINT('',(4.711153373137,187.21699052097));
#3074 = CARTESIAN_POINT('',(4.756939040498,188.13424530146));
#3075 = CARTESIAN_POINT('',(4.849710785007,189.99277471872));
#3076 = CARTESIAN_POINT('',(4.896695875195,190.93403051751));
#3077 = CARTESIAN_POINT('',(4.943837744602,191.87523981351));
#3078 = CARTESIAN_POINT('',(4.9912944523,192.81635650219));
#3079 = CARTESIAN_POINT('',(5.039238921015,193.75732242267));
#3080 = CARTESIAN_POINT('',(5.08786613037,194.69806694352));
#3081 = CARTESIAN_POINT('',(5.137411678637,195.63850503532));
#3082 = CARTESIAN_POINT('',(5.211017746609,197.00087552717));
#3083 = CARTESIAN_POINT('',(5.234086737408,197.42313335619));
#3084 = CARTESIAN_POINT('',(5.257435654985,197.84529562345));
#3085 = CARTESIAN_POINT('',(5.281097656619,198.26734993299));
#3086 = CARTESIAN_POINT('',(5.305110253962,198.68928095939));
#3087 = CARTESIAN_POINT('',(5.32951684931,199.11107012996));
#3088 = CARTESIAN_POINT('',(5.354369308739,199.53269507918));
#3089 = CARTESIAN_POINT('',(5.402050099426,200.32498622171));
#3090 = CARTESIAN_POINT('',(5.424763272528,200.69569093346));
#3091 = CARTESIAN_POINT('',(5.447914439407,201.0662281161));
#3092 = CARTESIAN_POINT('',(5.471555451345,201.43657525065));
#3093 = CARTESIAN_POINT('',(5.495746770822,201.80670222797));
#3094 = CARTESIAN_POINT('',(5.52056149855,202.17657015328));
#3095 = CARTESIAN_POINT('',(5.546093319642,202.54612892076));
#3096 = CARTESIAN_POINT('',(5.587042723689,203.11931802581));
#3097 = CARTESIAN_POINT('',(5.601874463797,203.32320598773));
#3098 = CARTESIAN_POINT('',(5.616984919288,203.52696707941));
#3099 = CARTESIAN_POINT('',(5.632398784605,203.73058750711));
#3100 = CARTESIAN_POINT('',(5.648144471959,203.93404991901));
#3101 = CARTESIAN_POINT('',(5.664255447242,204.13733287578));
#3102 = CARTESIAN_POINT('',(5.680772548482,204.3404099206));
#3103 = CARTESIAN_POINT('',(5.712124556864,204.71504832894));
#3104 = CARTESIAN_POINT('',(5.726829840645,204.88667233394));
#3105 = CARTESIAN_POINT('',(5.741894373581,205.05810401831));
#3106 = CARTESIAN_POINT('',(5.757355777008,205.22931869055));
#3107 = CARTESIAN_POINT('',(5.773258014223,205.40028331318));
#3108 = CARTESIAN_POINT('',(5.7896544623,205.57095493683));
#3109 = CARTESIAN_POINT('',(5.806614099716,205.74127746835));
#3110 = CARTESIAN_POINT('',(5.84111763229,206.07403688697));
#3111 = CARTESIAN_POINT('',(5.858602069937,206.23644625663));
#3112 = CARTESIAN_POINT('',(5.876771372116,206.39839806582));
#3113 = CARTESIAN_POINT('',(5.895736696672,206.55982006877));
#3114 = CARTESIAN_POINT('',(5.91562436402,206.72058365438));
#3115 = CARTESIAN_POINT('',(5.936632638952,206.88045719018));
#3116 = CARTESIAN_POINT('',(5.958997074212,207.03913493177));
#3117 = CARTESIAN_POINT('',(5.995077753156,207.27267948597));
#3118 = CARTESIAN_POINT('',(6.007354031077,207.34882167153));
#3119 = CARTESIAN_POINT('',(6.020134332884,207.42446051339));
#3120 = CARTESIAN_POINT('',(6.033498756766,207.49951350975));
#3121 = CARTESIAN_POINT('',(6.047536537829,207.57383589894));
#3122 = CARTESIAN_POINT('',(6.062378650644,207.64717816115));
#3123 = CARTESIAN_POINT('',(6.078180347507,207.71920957815));
#3124 = CARTESIAN_POINT('',(6.104513189506,207.82729256706));
#3125 = CARTESIAN_POINT('',(6.114115678577,207.86460602287));
#3126 = CARTESIAN_POINT('',(6.124139287058,207.9012528359));
#3127 = CARTESIAN_POINT('',(6.134647922865,207.93712008656));
#3128 = CARTESIAN_POINT('',(6.145714590032,207.97198593432));
#3129 = CARTESIAN_POINT('',(6.157418744882,208.00552672524));
#3130 = CARTESIAN_POINT('',(6.169858231049,208.03729409036));
#3131 = CARTESIAN_POINT('',(6.188035424991,208.07721205796));
#3132 = CARTESIAN_POINT('',(6.192982566513,208.08749245498));
#3133 = CARTESIAN_POINT('',(6.198051179412,208.09740737097));
#3134 = CARTESIAN_POINT('',(6.20324691307,208.1069136117));
#3135 = CARTESIAN_POINT('',(6.20857414867,208.11595969749));
#3136 = CARTESIAN_POINT('',(6.214035742636,208.12448691912));
#3137 = CARTESIAN_POINT('',(6.219632770058,208.13243039363));
#3138 = CARTESIAN_POINT('',(6.23207133433,208.14825064371));
#3139 = CARTESIAN_POINT('',(6.238967593021,208.15589259747));
#3140 = CARTESIAN_POINT('',(6.246042613844,208.16252041855));
#3141 = CARTESIAN_POINT('',(6.253279033822,208.16800527294));
#3142 = CARTESIAN_POINT('',(6.260651679961,208.17222497736));
#3143 = CARTESIAN_POINT('',(6.268126178904,208.17507837398));
#3144 = CARTESIAN_POINT('',(6.275657053624,208.17650415798));
#3145 = CARTESIAN_POINT('',(6.28318530718,208.17650415798));
#3146 = ( GEOMETRIC_REPRESENTATION_CONTEXT(2) 
PARAMETRIC_REPRESENTATION_CONTEXT() REPRESENTATION_CONTEXT('2D SPACE',''
  ) );
#3147 = ORIENTED_EDGE('',*,*,#3148,.F.);
#3148 = EDGE_CURVE('',#3149,#2856,#3151,.T.);
#3149 = VERTEX_POINT('',#3150);
#3150 = CARTESIAN_POINT('',(-39.57111636564,-31.32322669338,35.05142));
#3151 = SURFACE_CURVE('',#3152,(#3157,#3164),.PCURVE_S1.);
#3152 = CIRCLE('',#3153,50.467987684358);
#3153 = AXIS2_PLACEMENT_3D('',#3154,#3155,#3156);
#3154 = CARTESIAN_POINT('',(0.,0.,35.05142));
#3155 = DIRECTION('',(0.,0.,1.));
#3156 = DIRECTION('',(1.,0.,-0.));
#3157 = PCURVE('',#131,#3158);
#3158 = DEFINITIONAL_REPRESENTATION('',(#3159),#3163);
#3159 = LINE('',#3160,#3161);
#3160 = CARTESIAN_POINT('',(0.,237.42115003828));
#3161 = VECTOR('',#3162,1.);
#3162 = DIRECTION('',(1.,0.));
#3163 = ( GEOMETRIC_REPRESENTATION_CONTEXT(2) 
PARAMETRIC_REPRESENTATION_CONTEXT() REPRESENTATION_CONTEXT('2D SPACE',''
  ) );
#3164 = PCURVE('',#2550,#3165);
#3165 = DEFINITIONAL_REPRESENTATION('',(#3166),#3170);
#3166 = CIRCLE('',#3167,50.467987684358);
#3167 = AXIS2_PLACEMENT_2D('',#3168,#3169);
#3168 = CARTESIAN_POINT('',(-47.26,-4.076474809443E-15));
#3169 = DIRECTION('',(-0.707106781187,0.707106781187));
#3170 = ( GEOMETRIC_REPRESENTATION_CONTEXT(2) 
PARAMETRIC_REPRESENTATION_CONTEXT() REPRESENTATION_CONTEXT('2D SPACE',''
  ) );
#3171 = ORIENTED_EDGE('',*,*,#3172,.T.);
#3172 = EDGE_CURVE('',#3149,#144,#3173,.T.);
#3173 = SURFACE_CURVE('',#3174,(#3187,#3203),.PCURVE_S1.);
#3174 = B_SPLINE_CURVE_WITH_KNOTS('',6,(#3175,#3176,#3177,#3178,#3179,
    #3180,#3181,#3182,#3183,#3184,#3185,#3186),.UNSPECIFIED.,.F.,.F.,(7,
    5,7),(0.,0.526922011955,1.),.UNSPECIFIED.);
#3175 = CARTESIAN_POINT('',(-39.57111631682,-31.32322654997,35.0514194)
  );
#3176 = CARTESIAN_POINT('',(-39.61586349107,-31.4546766092,
    35.601373724586));
#3177 = CARTESIAN_POINT('',(-39.65791524397,-31.58925376412,
    36.151149762475));
#3178 = CARTESIAN_POINT('',(-39.69711022799,-31.72711242275,
    36.700727714814));
#3179 = CARTESIAN_POINT('',(-39.73326161435,-31.86843053549,
    37.250082077666));
#3180 = CARTESIAN_POINT('',(-39.76614096471,-32.01342531335,
    37.799180602093));
#3181 = CARTESIAN_POINT('',(-39.82178703315,-32.29609263317,
    38.840705988573));
#3182 = CARTESIAN_POINT('',(-39.84524343508,-32.43299916085,
    39.33318846609));
#3183 = CARTESIAN_POINT('',(-39.86562360215,-32.57328652986,
    39.825403012866));
#3184 = CARTESIAN_POINT('',(-39.88267792751,-32.71719117295,
    40.31731173617));
#3185 = CARTESIAN_POINT('',(-39.8961036609,-32.86499880962,
    40.808865611338));
#3186 = CARTESIAN_POINT('',(-39.90549911869,-33.01708882129,41.3000006)
  );
#3187 = PCURVE('',#131,#3188);
#3188 = DEFINITIONAL_REPRESENTATION('',(#3189),#3202);
#3189 = B_SPLINE_CURVE_WITH_KNOTS('',6,(#3190,#3191,#3192,#3193,#3194,
    #3195,#3196,#3197,#3198,#3199,#3200,#3201),.UNSPECIFIED.,.F.,.F.,(7,
    5,7),(0.,0.526922011955,1.),.UNSPECIFIED.);
#3190 = CARTESIAN_POINT('',(3.811170898916,237.42114943828));
#3191 = CARTESIAN_POINT('',(3.812662839709,237.97110376286));
#3192 = CARTESIAN_POINT('',(3.814228234936,238.52087980075));
#3193 = CARTESIAN_POINT('',(3.815870712405,239.07045775309));
#3194 = CARTESIAN_POINT('',(3.817594523428,239.61981211594));
#3195 = CARTESIAN_POINT('',(3.819404950788,240.16891064037));
#3196 = CARTESIAN_POINT('',(3.82301794451,241.21043602685));
#3197 = CARTESIAN_POINT('',(3.824802410496,241.70291850437));
#3198 = CARTESIAN_POINT('',(3.826667001321,242.19513305115));
#3199 = CARTESIAN_POINT('',(3.828617627559,242.68704177445));
#3200 = CARTESIAN_POINT('',(3.830661506817,243.17859564962));
#3201 = CARTESIAN_POINT('',(3.832808329492,243.66973063828));
#3202 = ( GEOMETRIC_REPRESENTATION_CONTEXT(2) 
PARAMETRIC_REPRESENTATION_CONTEXT() REPRESENTATION_CONTEXT('2D SPACE',''
  ) );
#3203 = PCURVE('',#164,#3204);
#3204 = DEFINITIONAL_REPRESENTATION('',(#3205),#3218);
#3205 = B_SPLINE_CURVE_WITH_KNOTS('',6,(#3206,#3207,#3208,#3209,#3210,
    #3211,#3212,#3213,#3214,#3215,#3216,#3217),.UNSPECIFIED.,.F.,.F.,(7,
    5,7),(9.581196253757E-08,0.526922011955,0.999999903677),
  .UNSPECIFIED.);
#3206 = CARTESIAN_POINT('',(5.16967942126,1.195719054177E-15));
#3207 = CARTESIAN_POINT('',(5.191042122367,0.549954224424));
#3208 = CARTESIAN_POINT('',(5.212726592446,1.099730162201));
#3209 = CARTESIAN_POINT('',(5.234764991657,1.649308014486));
#3210 = CARTESIAN_POINT('',(5.257193945407,2.198662277354));
#3211 = CARTESIAN_POINT('',(5.28005782315,2.747760701884));
#3212 = CARTESIAN_POINT('',(5.3243797404,3.78928588825));
#3213 = CARTESIAN_POINT('',(5.345742673058,4.281768265542));
#3214 = CARTESIAN_POINT('',(5.367541097848,4.773982712207));
#3215 = CARTESIAN_POINT('',(5.389823093447,5.26589133554));
#3216 = CARTESIAN_POINT('',(5.412646816797,5.757445110912));
#3217 = CARTESIAN_POINT('',(5.436089879168,6.24858));
#3218 = ( GEOMETRIC_REPRESENTATION_CONTEXT(2) 
PARAMETRIC_REPRESENTATION_CONTEXT() REPRESENTATION_CONTEXT('2D SPACE',''
  ) );
#3219 = ORIENTED_EDGE('',*,*,#176,.F.);
#3220 = ORIENTED_EDGE('',*,*,#3221,.F.);
#3221 = EDGE_CURVE('',#234,#177,#3222,.T.);
#3222 = SURFACE_CURVE('',#3223,(#3394,#3568),.PCURVE_S1.);
#3223 = B_SPLINE_CURVE_WITH_KNOTS('',8,(#3224,#3225,#3226,#3227,#3228,
    #3229,#3230,#3231,#3232,#3233,#3234,#3235,#3236,#3237,#3238,#3239,
    #3240,#3241,#3242,#3243,#3244,#3245,#3246,#3247,#3248,#3249,#3250,
    #3251,#3252,#3253,#3254,#3255,#3256,#3257,#3258,#3259,#3260,#3261,
    #3262,#3263,#3264,#3265,#3266,#3267,#3268,#3269,#3270,#3271,#3272,
    #3273,#3274,#3275,#3276,#3277,#3278,#3279,#3280,#3281,#3282,#3283,
    #3284,#3285,#3286,#3287,#3288,#3289,#3290,#3291,#3292,#3293,#3294,
    #3295,#3296,#3297,#3298,#3299,#3300,#3301,#3302,#3303,#3304,#3305,
    #3306,#3307,#3308,#3309,#3310,#3311,#3312,#3313,#3314,#3315,#3316,
    #3317,#3318,#3319,#3320,#3321,#3322,#3323,#3324,#3325,#3326,#3327,
    #3328,#3329,#3330,#3331,#3332,#3333,#3334,#3335,#3336,#3337,#3338,
    #3339,#3340,#3341,#3342,#3343,#3344,#3345,#3346,#3347,#3348,#3349,
    #3350,#3351,#3352,#3353,#3354,#3355,#3356,#3357,#3358,#3359,#3360,
    #3361,#3362,#3363,#3364,#3365,#3366,#3367,#3368,#3369,#3370,#3371,
    #3372,#3373,#3374,#3375,#3376,#3377,#3378,#3379,#3380,#3381,#3382,
    #3383,#3384,#3385,#3386,#3387,#3388,#3389,#3390,#3391,#3392,#3393),
  .UNSPECIFIED.,.F.,.F.,(9,7,7,7,7,7,7,7,7,7,7,7,7,7,7,7,7,7,7,7,7,7,7,7
    ,9),(0.,9.076420789982E-02,0.190307152807,0.309522545562,
    0.363907196171,0.411475793464,0.437037417028,0.458968509865,
    0.479822771651,0.490037384879,0.49559551624,0.498532535664,
    0.501239684116,0.50348743215,0.506280182463,0.509966665967,
    0.515469459931,0.531296826532,0.546927282697,0.565554965009,
    0.607117872236,0.657064387705,0.80994056092,0.909483398652,1.),
  .UNSPECIFIED.);
#3224 = CARTESIAN_POINT('',(-48.42963124985,18.36158538805,
    41.300000000001));
#3225 = CARTESIAN_POINT('',(-48.16198631196,18.425940110323,
    40.227876732129));
#3226 = CARTESIAN_POINT('',(-47.89922154753,18.47550863439,
    39.155054816332));
#3227 = CARTESIAN_POINT('',(-47.64098620086,18.511793275996,
    38.081665538853));
#3228 = CARTESIAN_POINT('',(-47.38703077115,18.535873245291,
    37.007813959656));
#3229 = CARTESIAN_POINT('',(-47.13716206256,18.548586310922,
    35.933584354364));
#3230 = CARTESIAN_POINT('',(-46.89122467803,18.550603883674,
    34.859042386082));
#3231 = CARTESIAN_POINT('',(-46.64909453697,18.542457708133,
    33.784235868947));
#3232 = CARTESIAN_POINT('',(-46.14918497609,18.504965504249,
    31.530177973537));
#3233 = CARTESIAN_POINT('',(-45.89216087137,18.473645486031,
    30.350896536836));
#3234 = CARTESIAN_POINT('',(-45.63946667434,18.431179714351,
    29.171404575329));
#3235 = CARTESIAN_POINT('',(-45.39100883218,18.377980114362,
    27.991750903656));
#3236 = CARTESIAN_POINT('',(-45.14672277939,18.314340561724,
    26.811980443991));
#3237 = CARTESIAN_POINT('',(-44.90656798228,18.240456540221,
    25.632134363212));
#3238 = CARTESIAN_POINT('',(-44.67052649649,18.156431013489,
    24.452250154062));
#3239 = CARTESIAN_POINT('',(-44.16084946335,17.949492489819,
    21.859294462832));
#3240 = CARTESIAN_POINT('',(-43.88900730055,17.822178345912,
    20.446242335107));
#3241 = CARTESIAN_POINT('',(-43.62308826963,17.68032704818,
    19.033253964542));
#3242 = CARTESIAN_POINT('',(-43.36315449828,17.523748414545,
    17.620393710335));
#3243 = CARTESIAN_POINT('',(-43.10932962023,17.352023857626,
    16.207743063007));
#3244 = CARTESIAN_POINT('',(-42.86180333211,17.16448825924,
    14.795401226051));
#3245 = CARTESIAN_POINT('',(-42.6208581039,16.960126899141,
    13.383487958205));
#3246 = CARTESIAN_POINT('',(-42.28023623072,16.635627693584,
    11.328316977141));
#3247 = CARTESIAN_POINT('',(-42.17499188895,16.53012454407,
    10.684606515523));
#3248 = CARTESIAN_POINT('',(-42.0712543631,16.420619341961,
    10.041034474986));
#3249 = CARTESIAN_POINT('',(-41.96907474958,16.306925710333,
    9.397619161413));
#3250 = CARTESIAN_POINT('',(-41.86851337932,16.188824410132,
    8.754383275564));
#3251 = CARTESIAN_POINT('',(-41.76964253376,16.066053012577,
    8.111354413474));
#3252 = CARTESIAN_POINT('',(-41.67255108873,15.938288302241,
    7.468565933277));
#3253 = CARTESIAN_POINT('',(-41.49408254393,15.688644387216,
    6.264076235253));
#3254 = CARTESIAN_POINT('',(-41.41226207064,15.568035818113,
    5.702315911649));
#3255 = CARTESIAN_POINT('',(-41.33196420612,15.443019896396,
    5.140799332698));
#3256 = CARTESIAN_POINT('',(-41.25327787516,15.313272588994,
    4.579559146338));
#3257 = CARTESIAN_POINT('',(-41.17631230123,15.17839954121,
    4.018640145816));
#3258 = CARTESIAN_POINT('',(-41.10120135344,15.037919744282,
    3.458100400401));
#3259 = CARTESIAN_POINT('',(-41.02811511801,14.891222330373,
    2.898014259791));
#3260 = CARTESIAN_POINT('',(-40.91922730754,14.654839683075,
    2.037806129275));
#3261 = CARTESIAN_POINT('',(-40.88181976273,14.570177227105,
    1.737295016264));
#3262 = CARTESIAN_POINT('',(-40.84510090152,14.483345958286,
    1.436960665518));
#3263 = CARTESIAN_POINT('',(-40.80911293479,14.394194745439,
    1.136822156995));
#3264 = CARTESIAN_POINT('',(-40.77390481871,14.302549675529,
    0.836903419224));
#3265 = CARTESIAN_POINT('',(-40.73953440708,14.208206141467,
    0.537233958506));
#3266 = CARTESIAN_POINT('',(-40.70607217145,14.110915201364,
    0.237850131844));
#3267 = CARTESIAN_POINT('',(-40.64575192401,13.924094527002,
    -0.317781527196));
#3268 = CARTESIAN_POINT('',(-40.61863167167,13.835427297158,
    -0.574109910725));
#3269 = CARTESIAN_POINT('',(-40.59230122921,13.744162601177,
    -0.830164587384));
#3270 = CARTESIAN_POINT('',(-40.56682639614,13.650068419362,
    -1.085911042702));
#3271 = CARTESIAN_POINT('',(-40.54228765387,13.55286488773,
    -1.341301880286));
#3272 = CARTESIAN_POINT('',(-40.51878326704,13.452213086029,
    -1.596275482964));
#3273 = CARTESIAN_POINT('',(-40.49643777932,13.347684455579,
    -1.850752340963));
#3274 = CARTESIAN_POINT('',(-40.45543923541,13.135041284919,
    -2.346034463504));
#3275 = CARTESIAN_POINT('',(-40.43666602112,13.0273901531,
    -2.586812822689));
#3276 = CARTESIAN_POINT('',(-40.41924063691,12.915201643415,
    -2.826949814803));
#3277 = CARTESIAN_POINT('',(-40.40335521831,12.797798718619,
    -3.066344090821));
#3278 = CARTESIAN_POINT('',(-40.38924124844,12.674408656986,
    -3.304816315125));
#3279 = CARTESIAN_POINT('',(-40.37726648166,12.543830877644,
    -3.542045227197));
#3280 = CARTESIAN_POINT('',(-40.36787717401,12.404633539257,
    -3.777606218503));
#3281 = CARTESIAN_POINT('',(-40.35915151458,12.179765075445,
    -4.124886108085));
#3282 = CARTESIAN_POINT('',(-40.35713287071,12.103078956034,
    -4.238376806288));
#3283 = CARTESIAN_POINT('',(-40.35607056126,12.023235074084,
    -4.351163209444));
#3284 = CARTESIAN_POINT('',(-40.35610982453,11.939750388315,
    -4.463130203406));
#3285 = CARTESIAN_POINT('',(-40.35742656352,11.852086031578,
    -4.574076352389));
#3286 = CARTESIAN_POINT('',(-40.36028851031,11.759452202743,
    -4.683654056722));
#3287 = CARTESIAN_POINT('',(-40.365022238,11.660912381258,
    -4.791402495187));
#3288 = CARTESIAN_POINT('',(-40.37623511567,11.496611582577,
    -4.953685043021));
#3289 = CARTESIAN_POINT('',(-40.38092648091,11.436510239362,
    -5.009962570705));
#3290 = CARTESIAN_POINT('',(-40.38646431218,11.373810472188,
    -5.065301768418));
#3291 = CARTESIAN_POINT('',(-40.39298620663,11.308099147033,
    -5.1195336509));
#3292 = CARTESIAN_POINT('',(-40.4006567393,11.238954779843,
    -5.172358070444));
#3293 = CARTESIAN_POINT('',(-40.40970294073,11.165848713373,
    -5.223289575664));
#3294 = CARTESIAN_POINT('',(-40.42039720711,11.088191681652,
    -5.271684404655));
#3295 = CARTESIAN_POINT('',(-40.43999349495,10.960846188414,
    -5.340198951256));
#3296 = CARTESIAN_POINT('',(-40.44735136652,10.91531039361,
    -5.362851251575));
#3297 = CARTESIAN_POINT('',(-40.45536081599,10.86810152396,
    -5.384327184497));
#3298 = CARTESIAN_POINT('',(-40.46409364699,10.819101885633,
    -5.404406230586));
#3299 = CARTESIAN_POINT('',(-40.4736204239,10.768249262534,
    -5.422799370077));
#3300 = CARTESIAN_POINT('',(-40.48400754241,10.715543354134,
    -5.439155820007));
#3301 = CARTESIAN_POINT('',(-40.49530729206,10.661067689187,
    -5.453085949859));
#3302 = CARTESIAN_POINT('',(-40.51880087978,10.553406877415,
    -5.474483834272));
#3303 = CARTESIAN_POINT('',(-40.5308792878,10.500345504388,
    -5.482393708365));
#3304 = CARTESIAN_POINT('',(-40.54371429152,10.446342369451,
    -5.487581339233));
#3305 = CARTESIAN_POINT('',(-40.55722871923,10.391882293119,
    -5.48979876674));
#3306 = CARTESIAN_POINT('',(-40.57131744777,10.33745392645,
    -5.488940681523));
#3307 = CARTESIAN_POINT('',(-40.58584493208,10.283550829483,
    -5.485056099344));
#3308 = CARTESIAN_POINT('',(-40.60064447645,10.230673052916,
    -5.478350011624));
#3309 = CARTESIAN_POINT('',(-40.62786978411,10.136698390307,
    -5.461557001037));
#3310 = CARTESIAN_POINT('',(-40.64029959917,10.095030564184,
    -5.452219821087));
#3311 = CARTESIAN_POINT('',(-40.65274350441,10.054462206577,
    -5.441323569291));
#3312 = CARTESIAN_POINT('',(-40.66514973522,10.015064404861,
    -5.429045830474));
#3313 = CARTESIAN_POINT('',(-40.67747925188,9.976860779753,
    -5.415561123022));
#3314 = CARTESIAN_POINT('',(-40.68970520967,9.939840128193,
    -5.401026589471));
#3315 = CARTESIAN_POINT('',(-40.70181259764,9.903963801163,
    -5.385573931949));
#3316 = CARTESIAN_POINT('',(-40.72868955704,9.825934991574,
    -5.349097220159));
#3317 = CARTESIAN_POINT('',(-40.74338398164,9.784395697386,
    -5.327642615769));
#3318 = CARTESIAN_POINT('',(-40.75787653255,9.744421130255,
    -5.305143466227));
#3319 = CARTESIAN_POINT('',(-40.77216500376,9.70589844623,
    -5.281764198339));
#3320 = CARTESIAN_POINT('',(-40.78625082424,9.668723239855,
    -5.257638579938));
#3321 = CARTESIAN_POINT('',(-40.80013977853,9.632794467155,
    -5.232872787297));
#3322 = CARTESIAN_POINT('',(-40.8138423943,9.59801181278,-5.207546938813
    ));
#3323 = CARTESIAN_POINT('',(-40.84523596897,9.519742928914,
    -5.147616570039));
#3324 = CARTESIAN_POINT('',(-40.86278791578,9.477063376386,
    -5.112659641546));
#3325 = CARTESIAN_POINT('',(-40.880056139,9.43602726271,-5.076988947106)
  );
#3326 = CARTESIAN_POINT('',(-40.89706079433,9.396472507789,
    -5.040717314735));
#3327 = CARTESIAN_POINT('',(-40.91381915614,9.358266248397,
    -5.003933248704));
#3328 = CARTESIAN_POINT('',(-40.93034780831,9.321292628277,
    -4.966705881193));
#3329 = CARTESIAN_POINT('',(-40.94666376098,9.285446662435,
    -4.929087389759));
#3330 = CARTESIAN_POINT('',(-40.98684782295,9.198669765104,
    -4.834428536441));
#3331 = CARTESIAN_POINT('',(-41.01046710688,9.149027201881,
    -4.776972927653));
#3332 = CARTESIAN_POINT('',(-41.03369352918,9.101405929188,
    -4.718882321351));
#3333 = CARTESIAN_POINT('',(-41.05656485636,9.055581992581,
    -4.660260212655));
#3334 = CARTESIAN_POINT('',(-41.07911130059,9.011378652117,
    -4.60118611046));
#3335 = CARTESIAN_POINT('',(-41.10135941382,8.968646922869,
    -4.541721304589));
#3336 = CARTESIAN_POINT('',(-41.12333401285,8.927256043817,
    -4.481911614299));
#3337 = CARTESIAN_POINT('',(-41.2075419662,8.771577762301,
    -4.248854522772));
#3338 = CARTESIAN_POINT('',(-41.26791187397,8.666301547395,
    -4.073436216149));
#3339 = CARTESIAN_POINT('',(-41.32670419896,8.568589122196,
    -3.896320121267));
#3340 = CARTESIAN_POINT('',(-41.38415886872,8.477186549788,
    -3.717935664666));
#3341 = CARTESIAN_POINT('',(-41.44048256104,8.391046867566,
    -3.538607204091));
#3342 = CARTESIAN_POINT('',(-41.4958157638,8.30948560415,-3.358518500448
    ));
#3343 = CARTESIAN_POINT('',(-41.55029166729,8.231905632686,
    -3.177774185278));
#3344 = CARTESIAN_POINT('',(-41.65709677467,8.084687355012,
    -2.817260038171));
#3345 = CARTESIAN_POINT('',(-41.70942068032,8.014993956219,
    -2.63758668868));
#3346 = CARTESIAN_POINT('',(-41.76109366347,7.948323987116,
    -2.457459163421));
#3347 = CARTESIAN_POINT('',(-41.81218570273,7.884353096839,
    -2.276946758779));
#3348 = CARTESIAN_POINT('',(-41.86275206218,7.822825867896,
    -2.096103187485));
#3349 = CARTESIAN_POINT('',(-41.91283919385,7.763530063687,
    -1.914970281373));
#3350 = CARTESIAN_POINT('',(-41.96248778411,7.706283392802,
    -1.733579856498));
#3351 = CARTESIAN_POINT('',(-42.0704211341,7.584968404188,
    -1.335499815631));
#3352 = CARTESIAN_POINT('',(-42.12853443864,7.52169862565,
    -1.118718790835));
#3353 = CARTESIAN_POINT('',(-42.18613109161,7.460863953882,
    -0.901654328572));
#3354 = CARTESIAN_POINT('',(-42.24325761926,7.402256740248,
    -0.684341728015));
#3355 = CARTESIAN_POINT('',(-42.2999524978,7.345705618007,
    -0.466809689538));
#3356 = CARTESIAN_POINT('',(-42.35624873937,7.29106450746,
    -0.249081555039));
#3357 = CARTESIAN_POINT('',(-42.41217540586,7.23820619633,
    -3.117602422293E-02));
#3358 = CARTESIAN_POINT('',(-42.59177650164,7.072812699415,
    0.673457114398));
#3359 = CARTESIAN_POINT('',(-42.71407819796,6.966934915201,
    1.160816899578));
#3360 = CARTESIAN_POINT('',(-42.83494691428,6.868160174091,
    1.648809580752));
#3361 = CARTESIAN_POINT('',(-42.95457387963,6.775656329145,
    2.137318672073));
#3362 = CARTESIAN_POINT('',(-43.07310584566,6.688785773967,
    2.626256332462));
#3363 = CARTESIAN_POINT('',(-43.1906625341,6.607033014105,3.11555722876)
  );
#3364 = CARTESIAN_POINT('',(-43.30734127287,6.529985636366,
    3.605176952762));
#3365 = CARTESIAN_POINT('',(-43.56248709638,6.369940301124,
    4.683819313655));
#3366 = CARTESIAN_POINT('',(-43.70059746294,6.288879546222,
    5.272952951876));
#3367 = CARTESIAN_POINT('',(-43.83769930101,6.213512775231,
    5.862425615906));
#3368 = CARTESIAN_POINT('',(-43.97390069146,6.143380927849,
    6.452186648212));
#3369 = CARTESIAN_POINT('',(-44.10928749979,6.078119061944,
    7.042195599345));
#3370 = CARTESIAN_POINT('',(-44.24393113198,6.017424755992,7.63242030711
    ));
#3371 = CARTESIAN_POINT('',(-44.37789277153,5.96104091687,8.222835873494
    ));
#3372 = CARTESIAN_POINT('',(-44.91932429787,5.748710242831,
    10.621096893119));
#3373 = CARTESIAN_POINT('',(-45.32150186429,5.627042086089,
    12.430307090857));
#3374 = CARTESIAN_POINT('',(-45.71924992464,5.537555848397,14.2405528702
    ));
#3375 = CARTESIAN_POINT('',(-46.11323928466,5.477379866501,
    16.051494043656));
#3376 = CARTESIAN_POINT('',(-46.50394433236,5.444458725104,
    17.862865998597));
#3377 = CARTESIAN_POINT('',(-46.89159898341,5.43773512703,19.67448733407
    ));
#3378 = CARTESIAN_POINT('',(-47.27632603184,5.45663225794,
    21.486238428429));
#3379 = CARTESIAN_POINT('',(-47.90670199711,5.530167656103,
    24.477808253958));
#3380 = CARTESIAN_POINT('',(-48.15403855903,5.570035867903,
    25.657545483547));
#3381 = CARTESIAN_POINT('',(-48.40011198112,5.620773522456,
    26.837243971559));
#3382 = CARTESIAN_POINT('',(-48.64488823054,5.682480792931,
    28.01686623289));
#3383 = CARTESIAN_POINT('',(-48.88830865209,5.755349828614,
    29.196371082053));
#3384 = CARTESIAN_POINT('',(-49.13028839046,5.839670685733,
    30.375713551575));
#3385 = CARTESIAN_POINT('',(-49.37071126588,5.935851062877,
    31.554844753198));
#3386 = CARTESIAN_POINT('',(-49.82648547117,6.143201218123,
    33.805682606775));
#3387 = CARTESIAN_POINT('',(-50.04213051001,6.252219652049,
    34.877420805278));
#3388 = CARTESIAN_POINT('',(-50.25624011565,6.371927726025,
    35.948895216573));
#3389 = CARTESIAN_POINT('',(-50.46866856057,6.502848456984,
    37.020058297777));
#3390 = CARTESIAN_POINT('',(-50.67923087047,6.645641138322,
    38.090844821902));
#3391 = CARTESIAN_POINT('',(-50.88769573501,6.801127701293,
    39.16117111789));
#3392 = CARTESIAN_POINT('',(-51.09376590061,6.970366620705,
    40.230932920776));
#3393 = CARTESIAN_POINT('',(-51.29703099334,7.154831390595,
    41.300000000001));
#3394 = PCURVE('',#131,#3395);
#3395 = DEFINITIONAL_REPRESENTATION('',(#3396),#3567);
#3396 = B_SPLINE_CURVE_WITH_KNOTS('',8,(#3397,#3398,#3399,#3400,#3401,
    #3402,#3403,#3404,#3405,#3406,#3407,#3408,#3409,#3410,#3411,#3412,
    #3413,#3414,#3415,#3416,#3417,#3418,#3419,#3420,#3421,#3422,#3423,
    #3424,#3425,#3426,#3427,#3428,#3429,#3430,#3431,#3432,#3433,#3434,
    #3435,#3436,#3437,#3438,#3439,#3440,#3441,#3442,#3443,#3444,#3445,
    #3446,#3447,#3448,#3449,#3450,#3451,#3452,#3453,#3454,#3455,#3456,
    #3457,#3458,#3459,#3460,#3461,#3462,#3463,#3464,#3465,#3466,#3467,
    #3468,#3469,#3470,#3471,#3472,#3473,#3474,#3475,#3476,#3477,#3478,
    #3479,#3480,#3481,#3482,#3483,#3484,#3485,#3486,#3487,#3488,#3489,
    #3490,#3491,#3492,#3493,#3494,#3495,#3496,#3497,#3498,#3499,#3500,
    #3501,#3502,#3503,#3504,#3505,#3506,#3507,#3508,#3509,#3510,#3511,
    #3512,#3513,#3514,#3515,#3516,#3517,#3518,#3519,#3520,#3521,#3522,
    #3523,#3524,#3525,#3526,#3527,#3528,#3529,#3530,#3531,#3532,#3533,
    #3534,#3535,#3536,#3537,#3538,#3539,#3540,#3541,#3542,#3543,#3544,
    #3545,#3546,#3547,#3548,#3549,#3550,#3551,#3552,#3553,#3554,#3555,
    #3556,#3557,#3558,#3559,#3560,#3561,#3562,#3563,#3564,#3565,#3566),
  .UNSPECIFIED.,.F.,.F.,(9,7,7,7,7,7,7,7,7,7,7,7,7,7,7,7,7,7,7,7,7,7,7,7
    ,9),(0.,9.076420789982E-02,0.190307152807,0.309522545562,
    0.363907196171,0.411475793464,0.437037417028,0.458968509865,
    0.479822771651,0.490037384879,0.49559551624,0.498532535664,
    0.501239684116,0.50348743215,0.506280182463,0.509966665967,
    0.515469459931,0.531296826532,0.546927282697,0.565554965009,
    0.607117872236,0.657064387705,0.80994056092,0.909483398652,1.),
  .UNSPECIFIED.);
#3397 = CARTESIAN_POINT('',(2.779197795063,243.66973003828));
#3398 = CARTESIAN_POINT('',(2.776204009294,242.59760677041));
#3399 = CARTESIAN_POINT('',(2.773480518459,241.52478485461));
#3400 = CARTESIAN_POINT('',(2.771002470371,240.45139557713));
#3401 = CARTESIAN_POINT('',(2.768752705333,239.37754399794));
#3402 = CARTESIAN_POINT('',(2.766718452604,238.30331439265));
#3403 = CARTESIAN_POINT('',(2.764889982702,237.22877242436));
#3404 = CARTESIAN_POINT('',(2.763260149771,236.15396590723));
#3405 = CARTESIAN_POINT('',(2.760248438685,233.89990801182));
#3406 = CARTESIAN_POINT('',(2.758905813709,232.72062657512));
#3407 = CARTESIAN_POINT('',(2.757789081176,231.54113461361));
#3408 = CARTESIAN_POINT('',(2.756894339795,230.36148094193));
#3409 = CARTESIAN_POINT('',(2.756220017697,229.18171048227));
#3410 = CARTESIAN_POINT('',(2.755766578238,228.00186440149));
#3411 = CARTESIAN_POINT('',(2.755536503094,226.82198019234));
#3412 = CARTESIAN_POINT('',(2.755532216725,224.22902450111));
#3413 = CARTESIAN_POINT('',(2.755857069198,222.81597237339));
#3414 = CARTESIAN_POINT('',(2.75651731759,221.40298400282));
#3415 = CARTESIAN_POINT('',(2.757525603182,219.99012374861));
#3416 = CARTESIAN_POINT('',(2.758900131311,218.57747310129));
#3417 = CARTESIAN_POINT('',(2.760665300411,217.16513126433));
#3418 = CARTESIAN_POINT('',(2.762854465004,215.75321799648));
#3419 = CARTESIAN_POINT('',(2.766732298177,213.69804701542));
#3420 = CARTESIAN_POINT('',(2.768045737071,213.0543365538));
#3421 = CARTESIAN_POINT('',(2.769462503896,212.41076451326));
#3422 = CARTESIAN_POINT('',(2.770988091132,211.76734919969));
#3423 = CARTESIAN_POINT('',(2.772628845836,211.12411331384));
#3424 = CARTESIAN_POINT('',(2.774392235058,210.48108445175));
#3425 = CARTESIAN_POINT('',(2.7762872952,209.83829597156));
#3426 = CARTESIAN_POINT('',(2.780107815689,208.63380627353));
#3427 = CARTESIAN_POINT('',(2.781999678291,208.07204594993));
#3428 = CARTESIAN_POINT('',(2.784008418989,207.51052937098));
#3429 = CARTESIAN_POINT('',(2.78614285881,206.94928918462));
#3430 = CARTESIAN_POINT('',(2.788413633334,206.38837018409));
#3431 = CARTESIAN_POINT('',(2.790833609268,205.82783043868));
#3432 = CARTESIAN_POINT('',(2.793418976407,205.26774429807));
#3433 = CARTESIAN_POINT('',(2.797681864966,204.40753616755));
#3434 = CARTESIAN_POINT('',(2.799226025377,204.10702505454));
#3435 = CARTESIAN_POINT('',(2.800827733374,203.8066907038));
#3436 = CARTESIAN_POINT('',(2.802490935585,203.50655219527));
#3437 = CARTESIAN_POINT('',(2.804220161686,203.2066334575));
#3438 = CARTESIAN_POINT('',(2.806020723141,202.90696399678));
#3439 = CARTESIAN_POINT('',(2.807899055301,202.60758017012));
#3440 = CARTESIAN_POINT('',(2.811548381518,202.05194851108));
#3441 = CARTESIAN_POINT('',(2.813296686851,201.79562012755));
#3442 = CARTESIAN_POINT('',(2.815113251768,201.53956545089));
#3443 = CARTESIAN_POINT('',(2.817004032777,201.28381899558));
#3444 = CARTESIAN_POINT('',(2.818976203661,201.02842815799));
#3445 = CARTESIAN_POINT('',(2.821038436567,200.77345455531));
#3446 = CARTESIAN_POINT('',(2.823201666586,200.51897769732));
#3447 = CARTESIAN_POINT('',(2.827648291631,200.02369557477));
#3448 = CARTESIAN_POINT('',(2.829919836163,199.78291721559));
#3449 = CARTESIAN_POINT('',(2.832308932533,199.54278022348));
#3450 = CARTESIAN_POINT('',(2.834832700098,199.30338594746));
#3451 = CARTESIAN_POINT('',(2.837510778639,199.06491372315));
#3452 = CARTESIAN_POINT('',(2.840373613734,198.82768481108));
#3453 = CARTESIAN_POINT('',(2.8434575608,198.59212381978));
#3454 = CARTESIAN_POINT('',(2.84849858673,198.24484393019));
#3455 = CARTESIAN_POINT('',(2.850226477053,198.13135323199));
#3456 = CARTESIAN_POINT('',(2.852034908104,198.01856682884));
#3457 = CARTESIAN_POINT('',(2.853936021976,197.90659983487));
#3458 = CARTESIAN_POINT('',(2.85594346903,197.79565368589));
#3459 = CARTESIAN_POINT('',(2.858077285179,197.68607598156));
#3460 = CARTESIAN_POINT('',(2.860361278996,197.57832754309));
#3461 = CARTESIAN_POINT('',(2.864196285489,197.41604499526));
#3462 = CARTESIAN_POINT('',(2.865603889659,197.35976746757));
#3463 = CARTESIAN_POINT('',(2.867077465277,197.30442826986));
#3464 = CARTESIAN_POINT('',(2.868627431322,197.25019638738));
#3465 = CARTESIAN_POINT('',(2.870264581625,197.19737196784));
#3466 = CARTESIAN_POINT('',(2.872002569018,197.14644046261));
#3467 = CARTESIAN_POINT('',(2.873856714983,197.09804563362));
#3468 = CARTESIAN_POINT('',(2.876911833584,197.02953108702));
#3469 = CARTESIAN_POINT('',(2.878006760501,197.0068787867));
#3470 = CARTESIAN_POINT('',(2.879144583656,196.98540285378));
#3471 = CARTESIAN_POINT('',(2.880328457699,196.96532380769));
#3472 = CARTESIAN_POINT('',(2.881560242833,196.9469306682));
#3473 = CARTESIAN_POINT('',(2.882840329472,196.93057421827));
#3474 = CARTESIAN_POINT('',(2.884167064074,196.91664408842));
#3475 = CARTESIAN_POINT('',(2.886796478864,196.89524620401));
#3476 = CARTESIAN_POINT('',(2.88809557462,196.88733632991));
#3477 = CARTESIAN_POINT('',(2.889421105673,196.88214869905));
#3478 = CARTESIAN_POINT('',(2.890761330712,196.87993127154));
#3479 = CARTESIAN_POINT('',(2.892104238395,196.88078935676));
#3480 = CARTESIAN_POINT('',(2.893437521153,196.88467393893));
#3481 = CARTESIAN_POINT('',(2.894748548895,196.89138002665));
#3482 = CARTESIAN_POINT('',(2.897083635408,196.90817303724));
#3483 = CARTESIAN_POINT('',(2.898120986078,196.91751021719));
#3484 = CARTESIAN_POINT('',(2.899132822956,196.92840646899));
#3485 = CARTESIAN_POINT('',(2.900117175556,196.94068420781));
#3486 = CARTESIAN_POINT('',(2.901073255069,196.95416891526));
#3487 = CARTESIAN_POINT('',(2.902001156974,196.96870344881));
#3488 = CARTESIAN_POINT('',(2.90290168575,196.98415610633));
#3489 = CARTESIAN_POINT('',(2.90486298222,197.02063281812));
#3490 = CARTESIAN_POINT('',(2.905909012736,197.04208742251));
#3491 = CARTESIAN_POINT('',(2.906917345651,197.06458657205));
#3492 = CARTESIAN_POINT('',(2.907890584851,197.08796583994));
#3493 = CARTESIAN_POINT('',(2.908831163373,197.11209145834));
#3494 = CARTESIAN_POINT('',(2.909741462969,197.13685725098));
#3495 = CARTESIAN_POINT('',(2.91062387561,197.16218309947));
#3496 = CARTESIAN_POINT('',(2.912611972475,197.22211346824));
#3497 = CARTESIAN_POINT('',(2.913697980154,197.25707039673));
#3498 = CARTESIAN_POINT('',(2.91474385302,197.29274109117));
#3499 = CARTESIAN_POINT('',(2.915753478956,197.32901272354));
#3500 = CARTESIAN_POINT('',(2.916730052026,197.36579678958));
#3501 = CARTESIAN_POINT('',(2.917676367094,197.40302415709));
#3502 = CARTESIAN_POINT('',(2.918594967703,197.44064264852));
#3503 = CARTESIAN_POINT('',(2.920821391342,197.53530150184));
#3504 = CARTESIAN_POINT('',(2.922097502212,197.59275711063));
#3505 = CARTESIAN_POINT('',(2.923323777722,197.65084771693));
#3506 = CARTESIAN_POINT('',(2.924505660084,197.70946982562));
#3507 = CARTESIAN_POINT('',(2.925647450549,197.76854392782));
#3508 = CARTESIAN_POINT('',(2.926752782618,197.82800873369));
#3509 = CARTESIAN_POINT('',(2.927824853714,197.88781842398));
#3510 = CARTESIAN_POINT('',(2.931862198419,198.12087551551));
#3511 = CARTESIAN_POINT('',(2.934603631337,198.29629382213));
#3512 = CARTESIAN_POINT('',(2.937156322148,198.47340991701));
#3513 = CARTESIAN_POINT('',(2.939551091187,198.65179437361));
#3514 = CARTESIAN_POINT('',(2.94181371165,198.83112283419));
#3515 = CARTESIAN_POINT('',(2.943961110824,199.01121153783));
#3516 = CARTESIAN_POINT('',(2.946008097948,199.191955853));
#3517 = CARTESIAN_POINT('',(2.949900384003,199.55247000011));
#3518 = CARTESIAN_POINT('',(2.951747034949,199.7321433496));
#3519 = CARTESIAN_POINT('',(2.953517090769,199.91227087486));
#3520 = CARTESIAN_POINT('',(2.955218623737,200.0927832795));
#3521 = CARTESIAN_POINT('',(2.956858005899,200.27362685079));
#3522 = CARTESIAN_POINT('',(2.958440543511,200.45475975691));
#3523 = CARTESIAN_POINT('',(2.95997080338,200.63615018178));
#3524 = CARTESIAN_POINT('',(2.963218607442,201.03423022265));
#3525 = CARTESIAN_POINT('',(2.964915750749,201.25101124744));
#3526 = CARTESIAN_POINT('',(2.9665505765,201.46807570971));
#3527 = CARTESIAN_POINT('',(2.968128313752,201.68538831026));
#3528 = CARTESIAN_POINT('',(2.96965329043,201.90292034874));
#3529 = CARTESIAN_POINT('',(2.97112920553,202.12064848324));
#3530 = CARTESIAN_POINT('',(2.972559288251,202.33855401406));
#3531 = CARTESIAN_POINT('',(2.977041204105,203.04318715268));
#3532 = CARTESIAN_POINT('',(2.979921772997,203.53054693786));
#3533 = CARTESIAN_POINT('',(2.982619285968,204.01853961903));
#3534 = CARTESIAN_POINT('',(2.985155111154,204.50704871035));
#3535 = CARTESIAN_POINT('',(2.987545732281,204.99598637074));
#3536 = CARTESIAN_POINT('',(2.989804557047,205.48528726704));
#3537 = CARTESIAN_POINT('',(2.991942398151,205.97490699104));
#3538 = CARTESIAN_POINT('',(2.996403227186,207.05354935193));
#3539 = CARTESIAN_POINT('',(2.998676504307,207.64268299015));
#3540 = CARTESIAN_POINT('',(3.00080411669,208.23215565418));
#3541 = CARTESIAN_POINT('',(3.002798325042,208.82191668649));
#3542 = CARTESIAN_POINT('',(3.004668997111,209.41192563762));
#3543 = CARTESIAN_POINT('',(3.006424404382,210.00215034539));
#3544 = CARTESIAN_POINT('',(3.008071657713,210.59256591177));
#3545 = CARTESIAN_POINT('',(3.014346094317,212.9908269314));
#3546 = CARTESIAN_POINT('',(3.018118526246,214.80003712913));
#3547 = CARTESIAN_POINT('',(3.021107850721,216.61028290848));
#3548 = CARTESIAN_POINT('',(3.023402666071,218.42122408193));
#3549 = CARTESIAN_POINT('',(3.025070330787,220.23259603688));
#3550 = CARTESIAN_POINT('',(3.026152978954,222.04421737235));
#3551 = CARTESIAN_POINT('',(3.026681077474,223.85596846671));
#3552 = CARTESIAN_POINT('',(3.026665108454,226.84753829224));
#3553 = CARTESIAN_POINT('',(3.02643082017,228.02727552183));
#3554 = CARTESIAN_POINT('',(3.025973269171,229.20697400984));
#3555 = CARTESIAN_POINT('',(3.025294908034,230.38659627117));
#3556 = CARTESIAN_POINT('',(3.024396172621,231.56610112033));
#3557 = CARTESIAN_POINT('',(3.023275463256,232.74544358985));
#3558 = CARTESIAN_POINT('',(3.021928848268,233.92457479148));
#3559 = CARTESIAN_POINT('',(3.018913342875,236.17541264505));
#3560 = CARTESIAN_POINT('',(3.017284767534,237.24715084356));
#3561 = CARTESIAN_POINT('',(3.015458584131,238.31862525485));
#3562 = CARTESIAN_POINT('',(3.013427679423,239.38978833606));
#3563 = CARTESIAN_POINT('',(3.011182380696,240.46057486018));
#3564 = CARTESIAN_POINT('',(3.008710000713,241.53090115617));
#3565 = CARTESIAN_POINT('',(3.005993505057,242.60066295905));
#3566 = CARTESIAN_POINT('',(3.003008253358,243.66973003828));
#3567 = ( GEOMETRIC_REPRESENTATION_CONTEXT(2) 
PARAMETRIC_REPRESENTATION_CONTEXT() REPRESENTATION_CONTEXT('2D SPACE',''
  ) );
#3568 = PCURVE('',#221,#3569);
#3569 = DEFINITIONAL_REPRESENTATION('',(#3570),#3909);
#3570 = B_SPLINE_CURVE_WITH_KNOTS('',9,(#3571,#3572,#3573,#3574,#3575,
    #3576,#3577,#3578,#3579,#3580,#3581,#3582,#3583,#3584,#3585,#3586,
    #3587,#3588,#3589,#3590,#3591,#3592,#3593,#3594,#3595,#3596,#3597,
    #3598,#3599,#3600,#3601,#3602,#3603,#3604,#3605,#3606,#3607,#3608,
    #3609,#3610,#3611,#3612,#3613,#3614,#3615,#3616,#3617,#3618,#3619,
    #3620,#3621,#3622,#3623,#3624,#3625,#3626,#3627,#3628,#3629,#3630,
    #3631,#3632,#3633,#3634,#3635,#3636,#3637,#3638,#3639,#3640,#3641,
    #3642,#3643,#3644,#3645,#3646,#3647,#3648,#3649,#3650,#3651,#3652,
    #3653,#3654,#3655,#3656,#3657,#3658,#3659,#3660,#3661,#3662,#3663,
    #3664,#3665,#3666,#3667,#3668,#3669,#3670,#3671,#3672,#3673,#3674,
    #3675,#3676,#3677,#3678,#3679,#3680,#3681,#3682,#3683,#3684,#3685,
    #3686,#3687,#3688,#3689,#3690,#3691,#3692,#3693,#3694,#3695,#3696,
    #3697,#3698,#3699,#3700,#3701,#3702,#3703,#3704,#3705,#3706,#3707,
    #3708,#3709,#3710,#3711,#3712,#3713,#3714,#3715,#3716,#3717,#3718,
    #3719,#3720,#3721,#3722,#3723,#3724,#3725,#3726,#3727,#3728,#3729,
    #3730,#3731,#3732,#3733,#3734,#3735,#3736,#3737,#3738,#3739,#3740,
    #3741,#3742,#3743,#3744,#3745,#3746,#3747,#3748,#3749,#3750,#3751,
    #3752,#3753,#3754,#3755,#3756,#3757,#3758,#3759,#3760,#3761,#3762,
    #3763,#3764,#3765,#3766,#3767,#3768,#3769,#3770,#3771,#3772,#3773,
    #3774,#3775,#3776,#3777,#3778,#3779,#3780,#3781,#3782,#3783,#3784,
    #3785,#3786,#3787,#3788,#3789,#3790,#3791,#3792,#3793,#3794,#3795,
    #3796,#3797,#3798,#3799,#3800,#3801,#3802,#3803,#3804,#3805,#3806,
    #3807,#3808,#3809,#3810,#3811,#3812,#3813,#3814,#3815,#3816,#3817,
    #3818,#3819,#3820,#3821,#3822,#3823,#3824,#3825,#3826,#3827,#3828,
    #3829,#3830,#3831,#3832,#3833,#3834,#3835,#3836,#3837,#3838,#3839,
    #3840,#3841,#3842,#3843,#3844,#3845,#3846,#3847,#3848,#3849,#3850,
    #3851,#3852,#3853,#3854,#3855,#3856,#3857,#3858,#3859,#3860,#3861,
    #3862,#3863,#3864,#3865,#3866,#3867,#3868,#3869,#3870,#3871,#3872,
    #3873,#3874,#3875,#3876,#3877,#3878,#3879,#3880,#3881,#3882,#3883,
    #3884,#3885,#3886,#3887,#3888,#3889,#3890,#3891,#3892,#3893,#3894,
    #3895,#3896,#3897,#3898,#3899,#3900,#3901,#3902,#3903,#3904,#3905,
    #3906,#3907,#3908),.UNSPECIFIED.,.F.,.F.,(10,8,8,8,8,8,8,8,8,8,8,8,8
    ,8,8,8,8,8,8,8,8,8,8,8,8,8,8,8,8,8,8,8,8,8,8,8,8,8,8,8,8,8,10),(0.,
    6.250000000087E-02,9.179687500127E-02,0.148559570315,0.201774597171,
    0.301552772526,0.345205724244,0.365668045362,0.405313792528,
    0.423897736512,0.441900932246,0.45062123018,0.459205273459,
    0.476105108664,0.478151573083,0.480190043501,0.488312074071,
    0.489311464551,0.490308903097,0.494290864792,0.495278577946,
    0.496264361974,0.49823207931,0.49921209478,0.501168297535,
    0.503116858873,0.505057808643,0.50602449261,0.507954084436,
    0.509876138794,0.513705231459,0.515604820399,0.530742169761,
    0.53440824656,0.548957988855,0.563053051703,0.590362235972,
    0.615964596224,0.663969021696,0.747976766272,0.810982574704,
    0.905491287352,1.),.UNSPECIFIED.);
#3571 = CARTESIAN_POINT('',(1.334827674655,166.77297573937));
#3572 = CARTESIAN_POINT('',(1.360579412699,167.42920802685));
#3573 = CARTESIAN_POINT('',(1.385869048704,168.08569793424));
#3574 = CARTESIAN_POINT('',(1.410743739865,168.74241699665));
#3575 = CARTESIAN_POINT('',(1.435244251207,169.39933984797));
#3576 = CARTESIAN_POINT('',(1.459405930625,170.05644402831));
#3577 = CARTESIAN_POINT('',(1.48325968393,170.71370979139));
#3578 = CARTESIAN_POINT('',(1.506832949896,171.37111991192));
#3579 = CARTESIAN_POINT('',(1.530150675303,172.02865949298));
#3580 = CARTESIAN_POINT('',(1.564057671863,172.99459215487));
#3581 = CARTESIAN_POINT('',(1.574828021661,173.30289430946));
#3582 = CARTESIAN_POINT('',(1.585549696421,173.61122066496));
#3583 = CARTESIAN_POINT('',(1.596224962079,173.91957003026));
#3584 = CARTESIAN_POINT('',(1.606855997668,174.22794146378));
#3585 = CARTESIAN_POINT('',(1.61744489951,174.53633414209));
#3586 = CARTESIAN_POINT('',(1.627993685414,174.84474722834));
#3587 = CARTESIAN_POINT('',(1.638504298873,175.15317974082));
#3588 = CARTESIAN_POINT('',(1.669272597389,176.05925361518));
#3589 = CARTESIAN_POINT('',(1.689430244042,176.6569425995));
#3590 = CARTESIAN_POINT('',(1.709465223561,177.2546908623));
#3591 = CARTESIAN_POINT('',(1.72939037811,177.85249212963));
#3592 = CARTESIAN_POINT('',(1.749217850135,178.45034036183));
#3593 = CARTESIAN_POINT('',(1.76895921082,179.04822974971));
#3594 = CARTESIAN_POINT('',(1.788625588539,179.64615471068));
#3595 = CARTESIAN_POINT('',(1.808227797313,180.2441098849));
#3596 = CARTESIAN_POINT('',(1.84610334147,181.40269661262));
#3597 = CARTESIAN_POINT('',(1.864383156069,181.96332525189));
#3598 = CARTESIAN_POINT('',(1.882624610267,182.52397072049));
#3599 = CARTESIAN_POINT('',(1.900836401873,183.08463295608));
#3600 = CARTESIAN_POINT('',(1.919026763763,183.64530091521));
#3601 = CARTESIAN_POINT('',(1.93720427101,184.20597507132));
#3602 = CARTESIAN_POINT('',(1.955377640734,184.7666592676));
#3603 = CARTESIAN_POINT('',(1.973554914602,185.32733371403));
#3604 = CARTESIAN_POINT('',(2.025851639454,186.93925531695));
#3605 = CARTESIAN_POINT('',(2.060003494268,187.99048380003));
#3606 = CARTESIAN_POINT('',(2.094258001821,189.04166559366));
#3607 = CARTESIAN_POINT('',(2.128675291739,190.0927741612));
#3608 = CARTESIAN_POINT('',(2.163318919476,191.14377841457));
#3609 = CARTESIAN_POINT('',(2.198257810293,192.19464247647));
#3610 = CARTESIAN_POINT('',(2.233569493379,193.24532517318));
#3611 = CARTESIAN_POINT('',(2.269344626136,194.29577925773));
#3612 = CARTESIAN_POINT('',(2.321595138451,195.80540022221));
#3613 = CARTESIAN_POINT('',(2.337607178177,196.26479612747));
#3614 = CARTESIAN_POINT('',(2.353738158551,196.72413373823));
#3615 = CARTESIAN_POINT('',(2.369997885925,197.18340453597));
#3616 = CARTESIAN_POINT('',(2.386397154369,197.64260279196));
#3617 = CARTESIAN_POINT('',(2.402947844064,198.1017241031));
#3618 = CARTESIAN_POINT('',(2.419662956648,198.56076116037));
#3619 = CARTESIAN_POINT('',(2.436556838144,199.01970241397));
#3620 = CARTESIAN_POINT('',(2.461656309852,199.69361908918));
#3621 = CARTESIAN_POINT('',(2.469709654565,199.90867601392));
#3622 = CARTESIAN_POINT('',(2.477807543021,200.12370870044));
#3623 = CARTESIAN_POINT('',(2.485951742842,200.33871605462));
#3624 = CARTESIAN_POINT('',(2.494144125859,200.55369708849));
#3625 = CARTESIAN_POINT('',(2.502386673418,200.76865074741));
#3626 = CARTESIAN_POINT('',(2.510681481692,200.9835757373));
#3627 = CARTESIAN_POINT('',(2.519030766991,201.19847035186));
#3628 = CARTESIAN_POINT('',(2.543723697721,201.82962732402));
#3629 = CARTESIAN_POINT('',(2.56022364757,202.24579991954));
#3630 = CARTESIAN_POINT('',(2.57695456604,202.66184057704));
#3631 = CARTESIAN_POINT('',(2.593935677145,203.07773717519));
#3632 = CARTESIAN_POINT('',(2.611188577671,203.49347452557));
#3633 = CARTESIAN_POINT('',(2.628738231365,203.90903391746));
#3634 = CARTESIAN_POINT('',(2.646613963113,204.32439266276));
#3635 = CARTESIAN_POINT('',(2.664850453128,204.7395236408));
#3636 = CARTESIAN_POINT('',(2.692225423949,205.34886571936));
#3637 = CARTESIAN_POINT('',(2.701050443625,205.54327933449));
#3638 = CARTESIAN_POINT('',(2.709968129238,205.73763319223));
#3639 = CARTESIAN_POINT('',(2.718983098056,205.93192279352));
#3640 = CARTESIAN_POINT('',(2.728100369174,206.12614318033));
#3641 = CARTESIAN_POINT('',(2.737325466809,206.32028966087));
#3642 = CARTESIAN_POINT('',(2.746664503245,206.51435771646));
#3643 = CARTESIAN_POINT('',(2.756124241444,206.70834208988));
#3644 = CARTESIAN_POINT('',(2.77500041142,207.09006886586));
#3645 = CARTESIAN_POINT('',(2.784408996599,207.27781763046));
#3646 = CARTESIAN_POINT('',(2.793944461139,207.46547039422));
#3647 = CARTESIAN_POINT('',(2.803615330382,207.65303912743));
#3648 = CARTESIAN_POINT('',(2.813427521156,207.84047159287));
#3649 = CARTESIAN_POINT('',(2.823393849212,208.02782302722));
#3650 = CARTESIAN_POINT('',(2.83352166565,208.21502808253));
#3651 = CARTESIAN_POINT('',(2.843824145823,208.40209811518));
#3652 = CARTESIAN_POINT('',(2.859396170586,208.67955426766));
#3653 = CARTESIAN_POINT('',(2.864521712992,208.77005693405));
#3654 = CARTESIAN_POINT('',(2.869692961944,208.86052240476));
#3655 = CARTESIAN_POINT('',(2.874911571215,208.95094897055));
#3656 = CARTESIAN_POINT('',(2.880179302578,209.04133473924));
#3657 = CARTESIAN_POINT('',(2.885498041721,209.13167762342));
#3658 = CARTESIAN_POINT('',(2.890869814165,209.22197532818));
#3659 = CARTESIAN_POINT('',(2.896296801181,209.31222533875));
#3660 = CARTESIAN_POINT('',(2.907180214078,209.49121510947));
#3661 = CARTESIAN_POINT('',(2.912634912315,209.57995727402));
#3662 = CARTESIAN_POINT('',(2.918147204074,209.66864127229));
#3663 = CARTESIAN_POINT('',(2.923721496844,209.75729439751));
#3664 = CARTESIAN_POINT('',(2.929355667407,209.84584186001));
#3665 = CARTESIAN_POINT('',(2.935059910357,209.93439201373));
#3666 = CARTESIAN_POINT('',(2.940829465087,210.02282233844));
#3667 = CARTESIAN_POINT('',(2.946673461936,210.11121634075));
#3668 = CARTESIAN_POINT('',(2.964246230348,210.37338475766));
#3669 = CARTESIAN_POINT('',(2.976191974698,210.54692134396));
#3670 = CARTESIAN_POINT('',(2.988458893829,210.72013024857));
#3671 = CARTESIAN_POINT('',(3.00108228761,210.89298392895));
#3672 = CARTESIAN_POINT('',(3.014102523762,211.06543393598));
#3673 = CARTESIAN_POINT('',(3.02756682287,211.23740887338));
#3674 = CARTESIAN_POINT('',(3.041534109872,211.40880889333));
#3675 = CARTESIAN_POINT('',(3.056082932046,211.57949672827));
#3676 = CARTESIAN_POINT('',(3.073167853053,211.76984558867));
#3677 = CARTESIAN_POINT('',(3.075023395718,211.79039272591));
#3678 = CARTESIAN_POINT('',(3.076889268154,211.81092633511));
#3679 = CARTESIAN_POINT('',(3.078765674399,211.83144606924));
#3680 = CARTESIAN_POINT('',(3.080652826432,211.85195156907));
#3681 = CARTESIAN_POINT('',(3.082550944759,211.87244246246));
#3682 = CARTESIAN_POINT('',(3.084460259004,211.8929183637));
#3683 = CARTESIAN_POINT('',(3.086381008504,211.91337887283));
#3684 = CARTESIAN_POINT('',(3.090238328713,211.95418841511));
#3685 = CARTESIAN_POINT('',(3.092174842118,211.97453791285));
#3686 = CARTESIAN_POINT('',(3.094122988111,211.99486921221));
#3687 = CARTESIAN_POINT('',(3.096083732572,212.01518906897));
#3688 = CARTESIAN_POINT('',(3.098056352644,212.03548698374));
#3689 = CARTESIAN_POINT('',(3.100041458482,212.05576588337));
#3690 = CARTESIAN_POINT('',(3.102040383943,212.07603585813));
#3691 = CARTESIAN_POINT('',(3.104051802361,212.09627976526));
#3692 = CARTESIAN_POINT('',(3.114144064255,212.19707901577));
#3693 = CARTESIAN_POINT('',(3.122422929135,212.2773149738));
#3694 = CARTESIAN_POINT('',(3.130934617626,212.35719934807));
#3695 = CARTESIAN_POINT('',(3.139704145838,212.43669841993));
#3696 = CARTESIAN_POINT('',(3.148759430359,212.51575724838));
#3697 = CARTESIAN_POINT('',(3.158132401181,212.59429766636));
#3698 = CARTESIAN_POINT('',(3.167861902389,212.67221311544));
#3699 = CARTESIAN_POINT('',(3.177998380592,212.74936031903));
#3700 = CARTESIAN_POINT('',(3.189916132155,212.83492242462));
#3701 = CARTESIAN_POINT('',(3.191229105575,212.84428251928));
#3702 = CARTESIAN_POINT('',(3.192549410772,212.85362771812));
#3703 = CARTESIAN_POINT('',(3.193877181751,212.86295764951));
#3704 = CARTESIAN_POINT('',(3.195212557494,212.87227192931));
#3705 = CARTESIAN_POINT('',(3.196555682325,212.88157016021));
#3706 = CARTESIAN_POINT('',(3.197906706275,212.89085193106));
#3707 = CARTESIAN_POINT('',(3.19926578545,212.90011681627));
#3708 = CARTESIAN_POINT('',(3.201997708844,212.91859387233));
#3709 = CARTESIAN_POINT('',(3.203370599532,212.92780661785));
#3710 = CARTESIAN_POINT('',(3.204751210449,212.93699761121));
#3711 = CARTESIAN_POINT('',(3.206142528198,212.94618463859));
#3712 = CARTESIAN_POINT('',(3.207538247742,212.95532523307));
#3713 = CARTESIAN_POINT('',(3.208947707456,212.96447840459));
#3714 = CARTESIAN_POINT('',(3.210363548896,212.97359434354));
#3715 = CARTESIAN_POINT('',(3.21178857461,212.98268982116));
#3716 = CARTESIAN_POINT('',(3.218947778247,213.02798026372));
#3717 = CARTESIAN_POINT('',(3.224817486481,213.0638300932));
#3718 = CARTESIAN_POINT('',(3.230847179788,213.09929627974));
#3719 = CARTESIAN_POINT('',(3.237052925559,213.13434284568));
#3720 = CARTESIAN_POINT('',(3.243451403936,213.16891329212));
#3721 = CARTESIAN_POINT('',(3.250060309867,213.20292937285));
#3722 = CARTESIAN_POINT('',(3.256899212874,213.23628847977));
#3723 = CARTESIAN_POINT('',(3.263990874531,213.26885963953));
#3724 = CARTESIAN_POINT('',(3.273191662189,213.30832098729));
#3725 = CARTESIAN_POINT('',(3.27503756076,213.31610523041));
#3726 = CARTESIAN_POINT('',(3.276901146341,213.32382832566));
#3727 = CARTESIAN_POINT('',(3.278782865497,213.33148761775));
#3728 = CARTESIAN_POINT('',(3.280683187938,213.33908031058));
#3729 = CARTESIAN_POINT('',(3.282602610091,213.3466034564));
#3730 = CARTESIAN_POINT('',(3.28454165866,213.35405394493));
#3731 = CARTESIAN_POINT('',(3.286500894197,213.36142849255));
#3732 = CARTESIAN_POINT('',(3.290457067917,213.376004522));
#3733 = CARTESIAN_POINT('',(3.292454126458,213.38320699916));
#3734 = CARTESIAN_POINT('',(3.294470661604,213.39032065319));
#3735 = CARTESIAN_POINT('',(3.296515862794,213.39737152484));
#3736 = CARTESIAN_POINT('',(3.298572092962,213.40429147641));
#3737 = CARTESIAN_POINT('',(3.30065844057,213.41114225729));
#3738 = CARTESIAN_POINT('',(3.302764289821,213.41787881237));
#3739 = CARTESIAN_POINT('',(3.304894401425,213.42451135852));
#3740 = CARTESIAN_POINT('',(3.311347697351,213.44404411283));
#3741 = CARTESIAN_POINT('',(3.315742295249,213.45660776824));
#3742 = CARTESIAN_POINT('',(3.320235678008,213.46867711172));
#3743 = CARTESIAN_POINT('',(3.324830675476,213.48019873077));
#3744 = CARTESIAN_POINT('',(3.329529150452,213.49111185553));
#3745 = CARTESIAN_POINT('',(3.334331781467,213.50134979402));
#3746 = CARTESIAN_POINT('',(3.339237845566,213.51084136733));
#3747 = CARTESIAN_POINT('',(3.34424500109,213.51951234478));
#3748 = CARTESIAN_POINT('',(3.351891136265,213.53115896177));
#3749 = CARTESIAN_POINT('',(3.354457068724,213.53480862402));
#3750 = CARTESIAN_POINT('',(3.357048504057,213.5382287518));
#3751 = CARTESIAN_POINT('',(3.359653089683,213.54139739824));
#3752 = CARTESIAN_POINT('',(3.362301664494,213.54434206037));
#3753 = CARTESIAN_POINT('',(3.364951759199,213.54700215107));
#3754 = CARTESIAN_POINT('',(3.367628781471,213.54940434499));
#3755 = CARTESIAN_POINT('',(3.370318670013,213.55152541962));
#3756 = CARTESIAN_POINT('',(3.378417873875,213.55703006933));
#3757 = CARTESIAN_POINT('',(3.383865846406,213.55956525931));
#3758 = CARTESIAN_POINT('',(3.389347123535,213.56091601065));
#3759 = CARTESIAN_POINT('',(3.394842770722,213.56105213687));
#3760 = CARTESIAN_POINT('',(3.400333599143,213.559965807));
#3761 = CARTESIAN_POINT('',(3.405800127392,213.55767183323));
#3762 = CARTESIAN_POINT('',(3.411222543183,213.55420795853));
#3763 = CARTESIAN_POINT('',(3.416580665053,213.54963514423));
#3764 = CARTESIAN_POINT('',(3.427106544489,213.53846243549));
#3765 = CARTESIAN_POINT('',(3.432271950069,213.53187389591));
#3766 = CARTESIAN_POINT('',(3.437370086317,213.52430969164));
#3767 = CARTESIAN_POINT('',(3.442339338073,213.51589867273));
#3768 = CARTESIAN_POINT('',(3.447244069492,213.50664945695));
#3769 = CARTESIAN_POINT('',(3.452020790668,213.49669581296));
#3770 = CARTESIAN_POINT('',(3.456706699683,213.48607091611));
#3771 = CARTESIAN_POINT('',(3.461287610074,213.4748520147));
#3772 = CARTESIAN_POINT('',(3.470234357045,213.45137469375));
#3773 = CARTESIAN_POINT('',(3.474600134323,213.43912211904));
#3774 = CARTESIAN_POINT('',(3.478873240226,213.42637625359));
#3775 = CARTESIAN_POINT('',(3.483046057133,213.4132159301));
#3776 = CARTESIAN_POINT('',(3.487136254995,213.39964504759));
#3777 = CARTESIAN_POINT('',(3.491138725734,213.38572220242));
#3778 = CARTESIAN_POINT('',(3.495060370489,213.37147267294));
#3779 = CARTESIAN_POINT('',(3.498904101775,213.35692589579));
#3780 = CARTESIAN_POINT('',(3.504550616914,213.3347269669));
#3781 = CARTESIAN_POINT('',(3.506409410041,213.32727917982));
#3782 = CARTESIAN_POINT('',(3.508250158131,213.31976705927));
#3783 = CARTESIAN_POINT('',(3.510073284228,213.3121934909));
#3784 = CARTESIAN_POINT('',(3.511879209517,213.30456114309));
#3785 = CARTESIAN_POINT('',(3.513668354097,213.29687246961));
#3786 = CARTESIAN_POINT('',(3.515441137749,213.28912971228));
#3787 = CARTESIAN_POINT('',(3.51719798071,213.28133490373));
#3788 = CARTESIAN_POINT('',(3.522415149847,213.25783044727));
#3789 = CARTESIAN_POINT('',(3.525829009748,213.24197164911));
#3790 = CARTESIAN_POINT('',(3.529186452396,213.22591728101));
#3791 = CARTESIAN_POINT('',(3.532480061693,213.20972967289));
#3792 = CARTESIAN_POINT('',(3.535728970775,213.19334417381));
#3793 = CARTESIAN_POINT('',(3.538919614173,213.1768463281));
#3794 = CARTESIAN_POINT('',(3.542064480175,213.1601985883));
#3795 = CARTESIAN_POINT('',(3.545161403249,213.14342967233));
#3796 = CARTESIAN_POINT('',(3.551253394519,213.10972221291));
#3797 = CARTESIAN_POINT('',(3.55424870356,213.09278511873));
#3798 = CARTESIAN_POINT('',(3.55720119575,213.07573973062));
#3799 = CARTESIAN_POINT('',(3.560112659104,213.05859326098));
#3800 = CARTESIAN_POINT('',(3.562984774921,213.04135211735));
#3801 = CARTESIAN_POINT('',(3.565819131935,213.02402193755));
#3802 = CARTESIAN_POINT('',(3.568617240471,213.00660762483));
#3803 = CARTESIAN_POINT('',(3.571380546597,212.98911338298));
#3804 = CARTESIAN_POINT('',(3.579548918308,212.93653875898));
#3805 = CARTESIAN_POINT('',(3.584854842023,212.90123117725));
#3806 = CARTESIAN_POINT('',(3.590034242184,212.86568169016));
#3807 = CARTESIAN_POINT('',(3.595105347631,212.82985490764));
#3808 = CARTESIAN_POINT('',(3.600063067487,212.79386023288));
#3809 = CARTESIAN_POINT('',(3.604926385874,212.75763557168));
#3810 = CARTESIAN_POINT('',(3.609693412824,212.72125143518));
#3811 = CARTESIAN_POINT('',(3.614372955321,212.68470010002));
#3812 = CARTESIAN_POINT('',(3.621249289993,212.62979301492));
#3813 = CARTESIAN_POINT('',(3.623508923808,212.61154958178));
#3814 = CARTESIAN_POINT('',(3.625748722226,212.59327043172));
#3815 = CARTESIAN_POINT('',(3.627969209466,212.57495746864));
#3816 = CARTESIAN_POINT('',(3.630170898785,212.5566123303));
#3817 = CARTESIAN_POINT('',(3.63235434944,212.5382358857));
#3818 = CARTESIAN_POINT('',(3.634520142692,212.51982847173));
#3819 = CARTESIAN_POINT('',(3.636668776865,212.50139086889));
#3820 = CARTESIAN_POINT('',(3.655787502263,212.33578422273));
#3821 = CARTESIAN_POINT('',(3.671700910292,212.18690282949));
#3822 = CARTESIAN_POINT('',(3.686773568444,212.03673051819));
#3823 = CARTESIAN_POINT('',(3.701143606656,211.88555992787));
#3824 = CARTESIAN_POINT('',(3.714908499076,211.73359939653));
#3825 = CARTESIAN_POINT('',(3.728146980404,211.58100215281));
#3826 = CARTESIAN_POINT('',(3.740923032313,211.42787176371));
#3827 = CARTESIAN_POINT('',(3.75328617088,211.27426264398));
#3828 = CARTESIAN_POINT('',(3.768187570223,211.08288103782));
#3829 = CARTESIAN_POINT('',(3.771071325931,211.04554078125));
#3830 = CARTESIAN_POINT('',(3.773934415085,211.0081704759));
#3831 = CARTESIAN_POINT('',(3.776776156172,210.97078749088));
#3832 = CARTESIAN_POINT('',(3.779598038631,210.93337989726));
#3833 = CARTESIAN_POINT('',(3.782400774274,210.89594569121));
#3834 = CARTESIAN_POINT('',(3.785183947599,210.85849752273));
#3835 = CARTESIAN_POINT('',(3.787948730235,210.82102664499));
#3836 = CARTESIAN_POINT('',(3.801595788613,210.63475040277));
#3837 = CARTESIAN_POINT('',(3.812210100101,210.48566202161));
#3838 = CARTESIAN_POINT('',(3.822566154662,210.33630629086));
#3839 = CARTESIAN_POINT('',(3.832685736684,210.18673106684));
#3840 = CARTESIAN_POINT('',(3.842589869699,210.03692208472));
#3841 = CARTESIAN_POINT('',(3.852291775734,209.8869612266));
#3842 = CARTESIAN_POINT('',(3.86180937829,209.73680401166));
#3843 = CARTESIAN_POINT('',(3.871153229125,209.58649789854));
#3844 = CARTESIAN_POINT('',(3.889229735676,209.29030173276));
#3845 = CARTESIAN_POINT('',(3.897972360725,209.14442083978));
#3846 = CARTESIAN_POINT('',(3.90657293381,208.99841767906));
#3847 = CARTESIAN_POINT('',(3.915040400126,208.85230223674));
#3848 = CARTESIAN_POINT('',(3.923382689109,208.70608328955));
#3849 = CARTESIAN_POINT('',(3.931606865393,208.55976851488));
#3850 = CARTESIAN_POINT('',(3.939719279784,208.41336460082));
#3851 = CARTESIAN_POINT('',(3.94772572022,208.26687735618));
#3852 = CARTESIAN_POINT('',(3.970949132617,207.83634109542));
#3853 = CARTESIAN_POINT('',(3.985889085477,207.55207445328));
#3854 = CARTESIAN_POINT('',(4.000489495894,207.26755851743));
#3855 = CARTESIAN_POINT('',(4.014782052607,206.98281750733));
#3856 = CARTESIAN_POINT('',(4.02879338136,206.69787222416));
#3857 = CARTESIAN_POINT('',(4.042545993097,206.41274548486));
#3858 = CARTESIAN_POINT('',(4.056059377869,206.12745728726));
#3859 = CARTESIAN_POINT('',(4.069350984288,205.84201949818));
#3860 = CARTESIAN_POINT('',(4.094703287233,205.2887215543));
#3861 = CARTESIAN_POINT('',(4.106789018874,205.02087736448));
#3862 = CARTESIAN_POINT('',(4.11870573152,204.75292665476));
#3863 = CARTESIAN_POINT('',(4.130465148911,204.48486596849));
#3864 = CARTESIAN_POINT('',(4.142075477064,204.21673798852));
#3865 = CARTESIAN_POINT('',(4.153548579247,203.94848392194));
#3866 = CARTESIAN_POINT('',(4.164889633731,203.6801752388));
#3867 = CARTESIAN_POINT('',(4.176107331568,203.41178490875));
#3868 = CARTESIAN_POINT('',(4.208021900118,202.63996490139));
#3869 = CARTESIAN_POINT('',(4.228424598848,202.13635974676));
#3870 = CARTESIAN_POINT('',(4.248460548828,201.63253593881));
#3871 = CARTESIAN_POINT('',(4.268165545094,201.12854354344));
#3872 = CARTESIAN_POINT('',(4.287572420264,200.62434465398));
#3873 = CARTESIAN_POINT('',(4.306705114745,200.12005260881));
#3874 = CARTESIAN_POINT('',(4.325590825936,199.61558043328));
#3875 = CARTESIAN_POINT('',(4.344248318411,199.11100449346));
#3876 = CARTESIAN_POINT('',(4.394982405272,197.72312068619));
#3877 = CARTESIAN_POINT('',(4.426628436767,196.8395915758));
#3878 = CARTESIAN_POINT('',(4.457736198901,195.95578375201));
#3879 = CARTESIAN_POINT('',(4.488387123634,195.07174156226));
#3880 = CARTESIAN_POINT('',(4.518648815894,194.18750339243));
#3881 = CARTESIAN_POINT('',(4.548579441157,193.30310264927));
#3882 = CARTESIAN_POINT('',(4.578230732481,192.41856842371));
#3883 = CARTESIAN_POINT('',(4.607649616967,191.53392583501));
#3884 = CARTESIAN_POINT('',(4.658800095201,189.98564872136));
#3885 = CARTESIAN_POINT('',(4.680614908807,189.32205141975));
#3886 = CARTESIAN_POINT('',(4.70234064925,188.65842131081));
#3887 = CARTESIAN_POINT('',(4.723995167373,187.99473379296));
#3888 = CARTESIAN_POINT('',(4.745591923036,187.33107088249));
#3889 = CARTESIAN_POINT('',(4.767149834394,186.66732383685));
#3890 = CARTESIAN_POINT('',(4.788679880509,186.00361441561));
#3891 = CARTESIAN_POINT('',(4.810199152701,185.33986409126));
#3892 = CARTESIAN_POINT('',(4.864003098779,183.68048735859));
#3893 = CARTESIAN_POINT('',(4.896290378576,182.68486626298));
#3894 = CARTESIAN_POINT('',(4.92863075428,181.68926953106));
#3895 = CARTESIAN_POINT('',(4.961071203897,180.69371821242));
#3896 = CARTESIAN_POINT('',(4.99365888073,179.69823502347));
#3897 = CARTESIAN_POINT('',(5.026442494426,178.70284438432));
#3898 = CARTESIAN_POINT('',(5.059473692024,177.70757245573));
#3899 = CARTESIAN_POINT('',(5.092808439007,176.71244717601));
#3900 = CARTESIAN_POINT('',(5.160208361682,174.72254941981));
#3901 = CARTESIAN_POINT('',(5.194273802319,173.72777318844));
#3902 = CARTESIAN_POINT('',(5.228765098243,172.73324966231));
#3903 = CARTESIAN_POINT('',(5.263754367068,171.73890565093));
#3904 = CARTESIAN_POINT('',(5.29931391286,170.7449153449));
#3905 = CARTESIAN_POINT('',(5.335536221527,169.75121760564));
#3906 = CARTESIAN_POINT('',(5.372522813364,168.75795102076));
#3907 = CARTESIAN_POINT('',(5.41040145965,167.76516847297));
#3908 = CARTESIAN_POINT('',(5.449336891283,166.77297573937));
#3909 = ( GEOMETRIC_REPRESENTATION_CONTEXT(2) 
PARAMETRIC_REPRESENTATION_CONTEXT() REPRESENTATION_CONTEXT('2D SPACE',''
  ) );
#3910 = ORIENTED_EDGE('',*,*,#261,.F.);
#3911 = ORIENTED_EDGE('',*,*,#3912,.T.);
#3912 = EDGE_CURVE('',#262,#3913,#3915,.T.);
#3913 = VERTEX_POINT('',#3914);
#3914 = CARTESIAN_POINT('',(-39.57111636564,31.323226693382,35.05142));
#3915 = SURFACE_CURVE('',#3916,(#3925,#3937),.PCURVE_S1.);
#3916 = B_SPLINE_CURVE_WITH_KNOTS('',7,(#3917,#3918,#3919,#3920,#3921,
    #3922,#3923,#3924),.UNSPECIFIED.,.F.,.F.,(8,8),(0.,1.),
  .PIECEWISE_BEZIER_KNOTS.);
#3917 = CARTESIAN_POINT('',(-39.90549910721,33.017088635497,41.3));
#3918 = CARTESIAN_POINT('',(-39.8884759392,32.741524349545,
    40.410137050007));
#3919 = CARTESIAN_POINT('',(-39.85859033506,32.479631817277,
    39.518951512895));
#3920 = CARTESIAN_POINT('',(-39.81800828863,32.229356329477,
    38.626761613933));
#3921 = CARTESIAN_POINT('',(-39.76805359967,31.989449318755,
    37.733783929671));
#3922 = CARTESIAN_POINT('',(-39.70976156522,31.758929955709,
    36.840175914075));
#3923 = CARTESIAN_POINT('',(-39.64390713302,31.537058088182,
    35.946037324564));
#3924 = CARTESIAN_POINT('',(-39.57111631682,31.32322654997,35.0514194));
#3925 = PCURVE('',#131,#3926);
#3926 = DEFINITIONAL_REPRESENTATION('',(#3927),#3936);
#3927 = B_SPLINE_CURVE_WITH_KNOTS('',7,(#3928,#3929,#3930,#3931,#3932,
    #3933,#3934,#3935),.UNSPECIFIED.,.F.,.F.,(8,8),(0.,1.),
  .PIECEWISE_BEZIER_KNOTS.);
#3928 = CARTESIAN_POINT('',(2.45037698031,243.66973003828));
#3929 = CARTESIAN_POINT('',(2.454266700872,242.77986708829));
#3930 = CARTESIAN_POINT('',(2.457827812843,241.88868155117));
#3931 = CARTESIAN_POINT('',(2.461112699259,240.99649165221));
#3932 = CARTESIAN_POINT('',(2.464152567496,240.10351396795));
#3933 = CARTESIAN_POINT('',(2.466971563833,239.20990595235));
#3934 = CARTESIAN_POINT('',(2.469587448577,238.31576736284));
#3935 = CARTESIAN_POINT('',(2.472014408263,237.42114943828));
#3936 = ( GEOMETRIC_REPRESENTATION_CONTEXT(2) 
PARAMETRIC_REPRESENTATION_CONTEXT() REPRESENTATION_CONTEXT('2D SPACE',''
  ) );
#3937 = PCURVE('',#306,#3938);
#3938 = DEFINITIONAL_REPRESENTATION('',(#3939),#3948);
#3939 = B_SPLINE_CURVE_WITH_KNOTS('',7,(#3940,#3941,#3942,#3943,#3944,
    #3945,#3946,#3947),.UNSPECIFIED.,.F.,.F.,(8,8),(0.,0.999999904189),
  .PIECEWISE_BEZIER_KNOTS.);
#3940 = CARTESIAN_POINT('',(7.130280735191,6.24858));
#3941 = CARTESIAN_POINT('',(7.172756053282,5.358717135266));
#3942 = CARTESIAN_POINT('',(7.213254073964,4.467531683666));
#3943 = CARTESIAN_POINT('',(7.252194642371,3.575341870378));
#3944 = CARTESIAN_POINT('',(7.289830803207,2.682364271899));
#3945 = CARTESIAN_POINT('',(7.326362161279,1.788756342162));
#3946 = CARTESIAN_POINT('',(7.361940203577,0.894617838575));
#3947 = CARTESIAN_POINT('',(7.3966911931,1.652014781753E-15));
#3948 = ( GEOMETRIC_REPRESENTATION_CONTEXT(2) 
PARAMETRIC_REPRESENTATION_CONTEXT() REPRESENTATION_CONTEXT('2D SPACE',''
  ) );
#3949 = ORIENTED_EDGE('',*,*,#3950,.F.);
#3950 = EDGE_CURVE('',#3951,#3913,#3953,.T.);
#3951 = VERTEX_POINT('',#3952);
#3952 = CARTESIAN_POINT('',(-37.66430018751,33.591937608502,35.05142));
#3953 = SURFACE_CURVE('',#3954,(#3959,#3966),.PCURVE_S1.);
#3954 = CIRCLE('',#3955,50.467987684358);
#3955 = AXIS2_PLACEMENT_3D('',#3956,#3957,#3958);
#3956 = CARTESIAN_POINT('',(0.,0.,35.05142));
#3957 = DIRECTION('',(0.,0.,1.));
#3958 = DIRECTION('',(1.,0.,-0.));
#3959 = PCURVE('',#131,#3960);
#3960 = DEFINITIONAL_REPRESENTATION('',(#3961),#3965);
#3961 = LINE('',#3962,#3963);
#3962 = CARTESIAN_POINT('',(0.,237.42115003828));
#3963 = VECTOR('',#3964,1.);
#3964 = DIRECTION('',(1.,0.));
#3965 = ( GEOMETRIC_REPRESENTATION_CONTEXT(2) 
PARAMETRIC_REPRESENTATION_CONTEXT() REPRESENTATION_CONTEXT('2D SPACE',''
  ) );
#3966 = PCURVE('',#3967,#3972);
#3967 = PLANE('',#3968);
#3968 = AXIS2_PLACEMENT_3D('',#3969,#3970,#3971);
#3969 = CARTESIAN_POINT('',(-33.41786647887,33.417866478876,35.05142));
#3970 = DIRECTION('',(0.,0.,1.));
#3971 = DIRECTION('',(-0.707106781187,0.707106781187,0.));
#3972 = DEFINITIONAL_REPRESENTATION('',(#3973),#3977);
#3973 = CIRCLE('',#3974,50.467987684358);
#3974 = AXIS2_PLACEMENT_2D('',#3975,#3976);
#3975 = CARTESIAN_POINT('',(-47.26,-5.26749883904E-15));
#3976 = DIRECTION('',(-0.707106781187,-0.707106781187));
#3977 = ( GEOMETRIC_REPRESENTATION_CONTEXT(2) 
PARAMETRIC_REPRESENTATION_CONTEXT() REPRESENTATION_CONTEXT('2D SPACE',''
  ) );
#3978 = ORIENTED_EDGE('',*,*,#3979,.F.);
#3979 = EDGE_CURVE('',#3980,#3951,#3982,.T.);
#3980 = VERTEX_POINT('',#3981);
#3981 = CARTESIAN_POINT('',(-30.41266265883,30.412662658833,
    -0.103528498001));
#3982 = SURFACE_CURVE('',#3983,(#4077,#4174),.PCURVE_S1.);
#3983 = B_SPLINE_CURVE_WITH_KNOTS('',8,(#3984,#3985,#3986,#3987,#3988,
    #3989,#3990,#3991,#3992,#3993,#3994,#3995,#3996,#3997,#3998,#3999,
    #4000,#4001,#4002,#4003,#4004,#4005,#4006,#4007,#4008,#4009,#4010,
    #4011,#4012,#4013,#4014,#4015,#4016,#4017,#4018,#4019,#4020,#4021,
    #4022,#4023,#4024,#4025,#4026,#4027,#4028,#4029,#4030,#4031,#4032,
    #4033,#4034,#4035,#4036,#4037,#4038,#4039,#4040,#4041,#4042,#4043,
    #4044,#4045,#4046,#4047,#4048,#4049,#4050,#4051,#4052,#4053,#4054,
    #4055,#4056,#4057,#4058,#4059,#4060,#4061,#4062,#4063,#4064,#4065,
    #4066,#4067,#4068,#4069,#4070,#4071,#4072,#4073,#4074,#4075,#4076),
  .UNSPECIFIED.,.F.,.F.,(9,7,7,7,7,7,7,7,7,7,7,7,7,9),(0.,
    6.993228465901E-03,1.240143273675E-02,1.961052287938E-02,
    3.013593338518E-02,6.142172249121E-02,0.129900497129,0.218956090809,
    0.326243667935,0.548981172109,0.78021021396,0.883728719726,
    0.974937305925,1.),.UNSPECIFIED.);
#3984 = CARTESIAN_POINT('',(-30.41266265883,30.412662658833,
    -0.103528498001));
#3985 = CARTESIAN_POINT('',(-30.45091228301,30.374413034654,
    -0.103528498001));
#3986 = CARTESIAN_POINT('',(-30.48928925847,30.33714899316,
    -9.945241458722E-02));
#3987 = CARTESIAN_POINT('',(-30.52718493463,30.301434690846,
    -9.14631862387E-02));
#3988 = CARTESIAN_POINT('',(-30.56422322006,30.267510354808,
    -8.005891664449E-02));
#3989 = CARTESIAN_POINT('',(-30.60015561335,30.235467507092,
    -6.581529673065E-02));
#3990 = CARTESIAN_POINT('',(-30.63481769104,30.205318932002,
    -4.928841683389E-02));
#3991 = CARTESIAN_POINT('',(-30.66811868597,30.1770161874,
    -3.098861860169E-02));
#3992 = CARTESIAN_POINT('',(-30.72471884005,30.129936037423,
    3.862263213905E-03));
#3993 = CARTESIAN_POINT('',(-30.74865917859,30.110382927854,
    1.992175300845E-02));
#3994 = CARTESIAN_POINT('',(-30.77190696252,30.091719483949,
    3.670126806916E-02));
#3995 = CARTESIAN_POINT('',(-30.79450566212,30.073870899744,
    5.408588438203E-02));
#3996 = CARTESIAN_POINT('',(-30.81649633076,30.056770838784,
    7.198287822025E-02));
#3997 = CARTESIAN_POINT('',(-30.83792047419,30.040357836665,
    9.031905164435E-02));
#3998 = CARTESIAN_POINT('',(-30.85882151863,30.024573478945,
    0.109039424317));
#3999 = CARTESIAN_POINT('',(-30.90646904118,29.989086055264,
    0.153524596052));
#4000 = CARTESIAN_POINT('',(-30.93282650553,29.969841572925,
    0.179542311414));
#4001 = CARTESIAN_POINT('',(-30.95841202821,29.951506320779,
    0.206058329951));
#4002 = CARTESIAN_POINT('',(-30.98329828476,29.933986007168,
    0.232993344147));
#4003 = CARTESIAN_POINT('',(-31.00754493025,29.917204078506,
    0.260285357374));
#4004 = CARTESIAN_POINT('',(-31.03120464478,29.901094687949,
    0.287886060831));
#4005 = CARTESIAN_POINT('',(-31.054326163,29.885599189625,0.315759076747
    ));
#4006 = CARTESIAN_POINT('',(-31.10999178582,29.848863645164,
    0.38493725675));
#4007 = CARTESIAN_POINT('',(-31.14196615559,29.828267457386,
    0.426508264376));
#4008 = CARTESIAN_POINT('',(-31.17300867158,29.808722060702,
    0.468504021062));
#4009 = CARTESIAN_POINT('',(-31.203217507,29.790110768609,0.510856562772
    ));
#4010 = CARTESIAN_POINT('',(-31.23267064103,29.772341318256,
    0.553513455974));
#4011 = CARTESIAN_POINT('',(-31.26143444759,29.755336282737,
    0.596434121572));
#4012 = CARTESIAN_POINT('',(-31.28956796589,29.739028319948,
    0.639588057947));
#4013 = CARTESIAN_POINT('',(-31.39902715171,29.676788422864,
    0.811858994711));
#4014 = CARTESIAN_POINT('',(-31.47576748202,29.635898687162,
    0.942560023889));
#4015 = CARTESIAN_POINT('',(-31.54869998891,29.599177898947,
    1.074480696086));
#4016 = CARTESIAN_POINT('',(-31.61844160909,29.565924447893,
    1.207309764531));
#4017 = CARTESIAN_POINT('',(-31.68551555548,29.535550906354,
    1.340811440929));
#4018 = CARTESIAN_POINT('',(-31.7502630412,29.507680224294,
    1.474854054276));
#4019 = CARTESIAN_POINT('',(-31.8129899105,29.481986457337,
    1.609363378347));
#4020 = CARTESIAN_POINT('',(-32.00736296763,29.406197677376,
    2.039751946473));
#4021 = CARTESIAN_POINT('',(-32.13214302327,29.363462164195,
    2.337036044401));
#4022 = CARTESIAN_POINT('',(-32.25070182911,29.327424845487,
    2.635552889208));
#4023 = CARTESIAN_POINT('',(-32.36406611194,29.296970650538,
    2.934976725443));
#4024 = CARTESIAN_POINT('',(-32.47312529827,29.271142338372,
    3.235058143703));
#4025 = CARTESIAN_POINT('',(-32.5784196361,29.249364127148,
    3.535666277334));
#4026 = CARTESIAN_POINT('',(-32.68043379714,29.231132448479,
    3.836730587186));
#4027 = CARTESIAN_POINT('',(-32.90842699331,29.196496257133,
    4.530381884596));
#4028 = CARTESIAN_POINT('',(-33.03235575754,29.182291558043,
    4.923158322156));
#4029 = CARTESIAN_POINT('',(-33.15211481863,29.172635938969,
    5.316441805066));
#4030 = CARTESIAN_POINT('',(-33.26821881262,29.166987839286,
    5.71013251753));
#4031 = CARTESIAN_POINT('',(-33.3810567142,29.164938196718,
    6.104156142123));
#4032 = CARTESIAN_POINT('',(-33.49094152703,29.166159340531,
    6.498458375959));
#4033 = CARTESIAN_POINT('',(-33.59812036055,29.170394694116,
    6.893003868544));
#4034 = CARTESIAN_POINT('',(-33.82891782332,29.185903170108,
    7.763360963652));
#4035 = CARTESIAN_POINT('',(-33.95140509143,29.198439289233,
    8.239255141839));
#4036 = CARTESIAN_POINT('',(-34.07062456138,29.214664110201,
    8.715403698479));
#4037 = CARTESIAN_POINT('',(-34.18684648822,29.234296368807,
    9.191765696054));
#4038 = CARTESIAN_POINT('',(-34.30028227249,29.25711586993,
    9.668308543664));
#4039 = CARTESIAN_POINT('',(-34.41110500906,29.282942555075,
    10.145006468715));
#4040 = CARTESIAN_POINT('',(-34.5194603638,29.311625442426,
    10.621839731177));
#4041 = CARTESIAN_POINT('',(-34.84554756269,29.408263536382,
    12.088990608349));
#4042 = CARTESIAN_POINT('',(-35.05550359697,29.485262342998,
    13.079685830677));
#4043 = CARTESIAN_POINT('',(-35.2564107919,29.572927341207,
    14.070747433016));
#4044 = CARTESIAN_POINT('',(-35.44890722533,29.670591766005,
    15.062070512694));
#4045 = CARTESIAN_POINT('',(-35.63340789231,29.777816708951,
    16.053569442774));
#4046 = CARTESIAN_POINT('',(-35.81017486274,29.89432040362,
    17.045175145379));
#4047 = CARTESIAN_POINT('',(-35.97932444937,30.019971125937,
    18.036834693718));
#4048 = CARTESIAN_POINT('',(-36.30853752714,30.294691866701,
    20.057990771179));
#4049 = CARTESIAN_POINT('',(-36.46800345639,30.444467869543,
    21.087456552355));
#4050 = CARTESIAN_POINT('',(-36.61924123418,30.604085250244,
    22.116862304536));
#4051 = CARTESIAN_POINT('',(-36.76209389137,30.773683197991,
    23.146150125117));
#4052 = CARTESIAN_POINT('',(-36.89624861378,30.953551937056,
    24.175247983115));
#4053 = CARTESIAN_POINT('',(-37.02123134975,31.14413783929,
    25.204069398791));
#4054 = CARTESIAN_POINT('',(-37.13634775039,31.346101871932,
    26.232512128285));
#4055 = CARTESIAN_POINT('',(-37.28714908129,31.656464031723,
    27.72065177599));
#4056 = CARTESIAN_POINT('',(-37.33158831987,31.754930224439,
    28.180744909653));
#4057 = CARTESIAN_POINT('',(-37.37373550898,31.855978380313,
    28.640722539441));
#4058 = CARTESIAN_POINT('',(-37.41347650858,31.959717825461,
    29.100570110899));
#4059 = CARTESIAN_POINT('',(-37.45067827388,32.066275635286,
    29.560269547629));
#4060 = CARTESIAN_POINT('',(-37.48518341435,32.175801961728,
    30.019798959464));
#4061 = CARTESIAN_POINT('',(-37.51680103224,32.288479011276,
    30.479132139499));
#4062 = CARTESIAN_POINT('',(-37.57039842204,32.506787677519,
    31.342748931888));
#4063 = CARTESIAN_POINT('',(-37.59307680094,32.611662336702,
    31.747077706321));
#4064 = CARTESIAN_POINT('',(-37.61316637622,32.719314387638,
    32.151206809372));
#4065 = CARTESIAN_POINT('',(-37.63047643443,32.829925936596,
    32.555110352753));
#4066 = CARTESIAN_POINT('',(-37.6447767253,32.943715507944,
    32.958752890948));
#4067 = CARTESIAN_POINT('',(-37.65578851846,33.060946699434,
    33.362088660236));
#4068 = CARTESIAN_POINT('',(-37.66316210523,33.181950006469,
    33.765059648976));
#4069 = CARTESIAN_POINT('',(-37.6673212219,33.341582802516,
    34.278200399121));
#4070 = CARTESIAN_POINT('',(-37.66790732747,33.3763107677,34.38877622451
    ));
#4071 = CARTESIAN_POINT('',(-37.66817318911,33.411366556863,
    34.499316865428));
#4072 = CARTESIAN_POINT('',(-37.66810829426,33.446760071256,
    34.609820474197));
#4073 = CARTESIAN_POINT('',(-37.66770132842,33.482501950762,
    34.720285010632));
#4074 = CARTESIAN_POINT('',(-37.66694004891,33.518603695357,
    34.83070822792));
#4075 = CARTESIAN_POINT('',(-37.66581115852,33.555077786571,
    34.941087658513));
#4076 = CARTESIAN_POINT('',(-37.66430017929,33.59193780895,35.0514206));
#4077 = PCURVE('',#131,#4078);
#4078 = DEFINITIONAL_REPRESENTATION('',(#4079),#4173);
#4079 = B_SPLINE_CURVE_WITH_KNOTS('',8,(#4080,#4081,#4082,#4083,#4084,
    #4085,#4086,#4087,#4088,#4089,#4090,#4091,#4092,#4093,#4094,#4095,
    #4096,#4097,#4098,#4099,#4100,#4101,#4102,#4103,#4104,#4105,#4106,
    #4107,#4108,#4109,#4110,#4111,#4112,#4113,#4114,#4115,#4116,#4117,
    #4118,#4119,#4120,#4121,#4122,#4123,#4124,#4125,#4126,#4127,#4128,
    #4129,#4130,#4131,#4132,#4133,#4134,#4135,#4136,#4137,#4138,#4139,
    #4140,#4141,#4142,#4143,#4144,#4145,#4146,#4147,#4148,#4149,#4150,
    #4151,#4152,#4153,#4154,#4155,#4156,#4157,#4158,#4159,#4160,#4161,
    #4162,#4163,#4164,#4165,#4166,#4167,#4168,#4169,#4170,#4171,#4172),
  .UNSPECIFIED.,.F.,.F.,(9,7,7,7,7,7,7,7,7,7,7,7,7,9),(0.,
    6.993228465901E-03,1.240143273675E-02,1.961052287938E-02,
    3.013593338518E-02,6.142172249121E-02,0.129900497129,0.218956090809,
    0.326243667935,0.548981172109,0.78021021396,0.883728719726,
    0.974937305925,1.),.UNSPECIFIED.);
#4080 = CARTESIAN_POINT('',(2.356194490192,202.26620154028));
#4081 = CARTESIAN_POINT('',(2.357452177643,202.26620154028));
#4082 = CARTESIAN_POINT('',(2.3586957555,202.27027762369));
#4083 = CARTESIAN_POINT('',(2.359905843234,202.27826685204));
#4084 = CARTESIAN_POINT('',(2.361072221301,202.28967112163));
#4085 = CARTESIAN_POINT('',(2.362189248459,202.30391474155));
#4086 = CARTESIAN_POINT('',(2.363253992931,202.32044162144));
#4087 = CARTESIAN_POINT('',(2.364265759609,202.33874141968));
#4088 = CARTESIAN_POINT('',(2.365968060656,202.37359230149));
#4089 = CARTESIAN_POINT('',(2.366681983161,202.38965179129));
#4090 = CARTESIAN_POINT('',(2.367369746188,202.40643130635));
#4091 = CARTESIAN_POINT('',(2.368033297801,202.42381592266));
#4092 = CARTESIAN_POINT('',(2.368674408272,202.4417129165));
#4093 = CARTESIAN_POINT('',(2.369294775393,202.46004908992));
#4094 = CARTESIAN_POINT('',(2.369896077793,202.4787694626));
#4095 = CARTESIAN_POINT('',(2.371258307874,202.52325463433));
#4096 = CARTESIAN_POINT('',(2.372005204205,202.54927234969));
#4097 = CARTESIAN_POINT('',(2.372724247826,202.57578836823));
#4098 = CARTESIAN_POINT('',(2.373418193093,202.60272338243));
#4099 = CARTESIAN_POINT('',(2.374089288214,202.63001539565));
#4100 = CARTESIAN_POINT('',(2.374739489849,202.65761609911));
#4101 = CARTESIAN_POINT('',(2.375370570235,202.68548911503));
#4102 = CARTESIAN_POINT('',(2.376879906661,202.75466729503));
#4103 = CARTESIAN_POINT('',(2.377738014734,202.79623830266));
#4104 = CARTESIAN_POINT('',(2.378563175345,202.83823405934));
#4105 = CARTESIAN_POINT('',(2.379358938078,202.88058660105));
#4106 = CARTESIAN_POINT('',(2.380128117201,202.92324349425));
#4107 = CARTESIAN_POINT('',(2.380873090487,202.96616415985));
#4108 = CARTESIAN_POINT('',(2.381595947437,203.00931809623));
#4109 = CARTESIAN_POINT('',(2.384386719226,203.18158903299));
#4110 = CARTESIAN_POINT('',(2.386294141613,203.31229006217));
#4111 = CARTESIAN_POINT('',(2.388068193179,203.44421073436));
#4112 = CARTESIAN_POINT('',(2.389730750881,203.57703980281));
#4113 = CARTESIAN_POINT('',(2.391300241886,203.71054147921));
#4114 = CARTESIAN_POINT('',(2.392788607819,203.84458409255));
#4115 = CARTESIAN_POINT('',(2.394206341067,203.97909341663));
#4116 = CARTESIAN_POINT('',(2.39852837755,204.40948198475));
#4117 = CARTESIAN_POINT('',(2.401193032378,204.70676608268));
#4118 = CARTESIAN_POINT('',(2.403638941575,205.00528292749));
#4119 = CARTESIAN_POINT('',(2.405902007017,205.30470676372));
#4120 = CARTESIAN_POINT('',(2.408013170037,205.60478818198));
#4121 = CARTESIAN_POINT('',(2.409991245606,205.90539631561));
#4122 = CARTESIAN_POINT('',(2.411852875021,206.20646062546));
#4123 = CARTESIAN_POINT('',(2.41589650165,206.90011192288));
#4124 = CARTESIAN_POINT('',(2.418005986915,207.29288836043));
#4125 = CARTESIAN_POINT('',(2.419966375303,207.68617184334));
#4126 = CARTESIAN_POINT('',(2.421795677489,208.07986255581));
#4127 = CARTESIAN_POINT('',(2.423507580713,208.4738861804));
#4128 = CARTESIAN_POINT('',(2.425113126586,208.86818841424));
#4129 = CARTESIAN_POINT('',(2.426621054738,209.26273390682));
#4130 = CARTESIAN_POINT('',(2.42974675589,210.13309100193));
#4131 = CARTESIAN_POINT('',(2.431323749449,210.60898518012));
#4132 = CARTESIAN_POINT('',(2.432782548422,211.08513373676));
#4133 = CARTESIAN_POINT('',(2.434132893827,211.56149573433));
#4134 = CARTESIAN_POINT('',(2.435382504029,212.03803858194));
#4135 = CARTESIAN_POINT('',(2.436537770266,212.51473650699));
#4136 = CARTESIAN_POINT('',(2.437604126174,212.99156976946));
#4137 = CARTESIAN_POINT('',(2.44062472859,214.45872064663));
#4138 = CARTESIAN_POINT('',(2.44229963619,215.44941586896));
#4139 = CARTESIAN_POINT('',(2.443651513509,216.4404774713));
#4140 = CARTESIAN_POINT('',(2.444706197325,217.43180055097));
#4141 = CARTESIAN_POINT('',(2.44548195518,218.42329948105));
#4142 = CARTESIAN_POINT('',(2.445991930645,219.41490518366));
#4143 = CARTESIAN_POINT('',(2.44624448747,220.406564732));
#4144 = CARTESIAN_POINT('',(2.446243900879,222.42772080946));
#4145 = CARTESIAN_POINT('',(2.44597110583,223.45718659063));
#4146 = CARTESIAN_POINT('',(2.445430839377,224.48659234281));
#4147 = CARTESIAN_POINT('',(2.444623592712,225.5158801634));
#4148 = CARTESIAN_POINT('',(2.44354535673,226.54497802139));
#4149 = CARTESIAN_POINT('',(2.442187611645,227.57379943707));
#4150 = CARTESIAN_POINT('',(2.440535828582,228.60224216656));
#4151 = CARTESIAN_POINT('',(2.437682739725,230.09038181427));
#4152 = CARTESIAN_POINT('',(2.436736507353,230.55047494793));
#4153 = CARTESIAN_POINT('',(2.435724108454,231.01045257772));
#4154 = CARTESIAN_POINT('',(2.434642860032,231.47030014918));
#4155 = CARTESIAN_POINT('',(2.433489585386,231.92999958591));
#4156 = CARTESIAN_POINT('',(2.432260470229,232.38952899774));
#4157 = CARTESIAN_POINT('',(2.430950818981,232.84886217778));
#4158 = CARTESIAN_POINT('',(2.428324621882,233.71247897017));
#4159 = CARTESIAN_POINT('',(2.427027432164,234.1168077446));
#4160 = CARTESIAN_POINT('',(2.425659065638,234.52093684765));
#4161 = CARTESIAN_POINT('',(2.424214729455,234.92484039103));
#4162 = CARTESIAN_POINT('',(2.42268861054,235.32848292923));
#4163 = CARTESIAN_POINT('',(2.421073638593,235.73181869851));
#4164 = CARTESIAN_POINT('',(2.419360885868,236.13478968725));
#4165 = CARTESIAN_POINT('',(2.417037320848,236.6479304374));
#4166 = CARTESIAN_POINT('',(2.416528166876,236.75850626279));
#4167 = CARTESIAN_POINT('',(2.416010458876,236.86904690371));
#4168 = CARTESIAN_POINT('',(2.415483926531,236.97955051248));
#4169 = CARTESIAN_POINT('',(2.414948278723,237.09001504891));
#4170 = CARTESIAN_POINT('',(2.414403200163,237.2004382662));
#4171 = CARTESIAN_POINT('',(2.413848348023,237.31081769679));
#4172 = CARTESIAN_POINT('',(2.413283348567,237.42115063828));
#4173 = ( GEOMETRIC_REPRESENTATION_CONTEXT(2) 
PARAMETRIC_REPRESENTATION_CONTEXT() REPRESENTATION_CONTEXT('2D SPACE',''
  ) );
#4174 = PCURVE('',#881,#4175);
#4175 = DEFINITIONAL_REPRESENTATION('',(#4176),#4270);
#4176 = B_SPLINE_CURVE_WITH_KNOTS('',8,(#4177,#4178,#4179,#4180,#4181,
    #4182,#4183,#4184,#4185,#4186,#4187,#4188,#4189,#4190,#4191,#4192,
    #4193,#4194,#4195,#4196,#4197,#4198,#4199,#4200,#4201,#4202,#4203,
    #4204,#4205,#4206,#4207,#4208,#4209,#4210,#4211,#4212,#4213,#4214,
    #4215,#4216,#4217,#4218,#4219,#4220,#4221,#4222,#4223,#4224,#4225,
    #4226,#4227,#4228,#4229,#4230,#4231,#4232,#4233,#4234,#4235,#4236,
    #4237,#4238,#4239,#4240,#4241,#4242,#4243,#4244,#4245,#4246,#4247,
    #4248,#4249,#4250,#4251,#4252,#4253,#4254,#4255,#4256,#4257,#4258,
    #4259,#4260,#4261,#4262,#4263,#4264,#4265,#4266,#4267,#4268,#4269),
  .UNSPECIFIED.,.F.,.F.,(9,7,7,7,7,7,7,7,7,7,7,7,7,9),(0.,
    6.993228465901E-03,1.240143273675E-02,1.961052287938E-02,
    3.013593338518E-02,6.142172249121E-02,0.129900497129,0.218956090809,
    0.326243667935,0.548981172109,0.78021021396,0.883728719726,
    0.974937305925,1.),.UNSPECIFIED.);
#4177 = CARTESIAN_POINT('',(-8.881784197001E-16,208.17650415798));
#4178 = CARTESIAN_POINT('',(1.272779700475E-02,208.17650415798));
#4179 = CARTESIAN_POINT('',(2.531279742547E-02,208.17242807456));
#4180 = CARTESIAN_POINT('',(3.756304200494E-02,208.16443884622));
#4181 = CARTESIAN_POINT('',(4.93787727811E-02,208.15303457662));
#4182 = CARTESIAN_POINT('',(6.070506391677E-02,208.13879095671));
#4183 = CARTESIAN_POINT('',(7.15130399732E-02,208.12226407681));
#4184 = CARTESIAN_POINT('',(8.179565514689E-02,208.10396427858));
#4185 = CARTESIAN_POINT('',(9.911834936603E-02,208.06911339676));
#4186 = CARTESIAN_POINT('',(0.106391134842,208.05305390697));
#4187 = CARTESIAN_POINT('',(0.113405430237,208.03627439191));
#4188 = CARTESIAN_POINT('',(0.120180810282,208.0188897756));
#4189 = CARTESIAN_POINT('',(0.126735000332,208.00099278176));
#4190 = CARTESIAN_POINT('',(0.133084984043,207.98265660833));
#4191 = CARTESIAN_POINT('',(0.139247576009,207.96393623566));
#4192 = CARTESIAN_POINT('',(0.15322658874,207.91945106393));
#4193 = CARTESIAN_POINT('',(0.160905149381,207.89343334857));
#4194 = CARTESIAN_POINT('',(0.168311023514,207.86691733003));
#4195 = CARTESIAN_POINT('',(0.175471711329,207.83998231583));
#4196 = CARTESIAN_POINT('',(0.182409609224,207.8126903026));
#4197 = CARTESIAN_POINT('',(0.189144197969,207.78508959915));
#4198 = CARTESIAN_POINT('',(0.195693140776,207.75721658323));
#4199 = CARTESIAN_POINT('',(0.211385973938,207.68803840323));
#4200 = CARTESIAN_POINT('',(0.220334535524,207.6464673956));
#4201 = CARTESIAN_POINT('',(0.228965136165,207.60447163892));
#4202 = CARTESIAN_POINT('',(0.23731302093,207.56211909721));
#4203 = CARTESIAN_POINT('',(0.245406065497,207.51946220401));
#4204 = CARTESIAN_POINT('',(0.253267801425,207.47654153841));
#4205 = CARTESIAN_POINT('',(0.26091892103,207.43338760203));
#4206 = CARTESIAN_POINT('',(0.290546475912,207.26111666527));
#4207 = CARTESIAN_POINT('',(0.310998607587,207.13041563609));
#4208 = CARTESIAN_POINT('',(0.330203559775,206.99849496389));
#4209 = CARTESIAN_POINT('',(0.348375248077,206.86566589546));
#4210 = CARTESIAN_POINT('',(0.365693921304,206.73216421904));
#4211 = CARTESIAN_POINT('',(0.382275595085,206.5981216057));
#4212 = CARTESIAN_POINT('',(0.398222759942,206.46361228163));
#4213 = CARTESIAN_POINT('',(0.44731123991,206.03322371351));
#4214 = CARTESIAN_POINT('',(0.478318349566,205.73593961557));
#4215 = CARTESIAN_POINT('',(0.507447120503,205.43742277079));
#4216 = CARTESIAN_POINT('',(0.535038593333,205.1379989345));
#4217 = CARTESIAN_POINT('',(0.561387694492,204.8379175163));
#4218 = CARTESIAN_POINT('',(0.586671124671,204.53730938264));
#4219 = CARTESIAN_POINT('',(0.611046534551,204.23624507279));
#4220 = CARTESIAN_POINT('',(0.665307502446,203.54259377538));
#4221 = CARTESIAN_POINT('',(0.694638450714,203.14981733782));
#4222 = CARTESIAN_POINT('',(0.72288252144,202.75653385491));
#4223 = CARTESIAN_POINT('',(0.75020679664,202.36284314245));
#4224 = CARTESIAN_POINT('',(0.776737657377,201.96881951785));
#4225 = CARTESIAN_POINT('',(0.802577031238,201.57451728402));
#4226 = CARTESIAN_POINT('',(0.827805624353,201.17997179143));
#4227 = CARTESIAN_POINT('',(0.882233371016,200.30961469633));
#4228 = CARTESIAN_POINT('',(0.911186852828,199.83372051814));
#4229 = CARTESIAN_POINT('',(0.939471308017,199.3575719615));
#4230 = CARTESIAN_POINT('',(0.967177253072,198.88120996392));
#4231 = CARTESIAN_POINT('',(0.994377069043,198.40466711631));
#4232 = CARTESIAN_POINT('',(1.021131631851,197.92796919126));
#4233 = CARTESIAN_POINT('',(1.04749384111,197.4511359288));
#4234 = CARTESIAN_POINT('',(1.127518675485,195.98398505163));
#4235 = CARTESIAN_POINT('',(1.18003185213,194.9932898293));
#4236 = CARTESIAN_POINT('',(1.231456428001,194.00222822696));
#4237 = CARTESIAN_POINT('',(1.282077443181,193.01090514728));
#4238 = CARTESIAN_POINT('',(1.33212707727,192.01940621721));
#4239 = CARTESIAN_POINT('',(1.381809690577,191.0278005146));
#4240 = CARTESIAN_POINT('',(1.431309822051,190.03614096626));
#4241 = CARTESIAN_POINT('',(1.532199356621,188.0149848888));
#4242 = CARTESIAN_POINT('',(1.583587066294,186.98551910762));
#4243 = CARTESIAN_POINT('',(1.635179083548,185.95611335544));
#4244 = CARTESIAN_POINT('',(1.687173701435,184.92682553486));
#4245 = CARTESIAN_POINT('',(1.739781841488,183.89772767686));
#4246 = CARTESIAN_POINT('',(1.793236988255,182.86890626119));
#4247 = CARTESIAN_POINT('',(1.847817106479,181.84046353169));
#4248 = CARTESIAN_POINT('',(1.929007458789,180.35232388399));
#4249 = CARTESIAN_POINT('',(1.954416039704,179.89223075033));
#4250 = CARTESIAN_POINT('',(1.980159417189,179.43225312054));
#4251 = CARTESIAN_POINT('',(2.006275660569,178.97240554908));
#4252 = CARTESIAN_POINT('',(2.032807681421,178.51270611235));
#4253 = CARTESIAN_POINT('',(2.05980495452,178.05317670051));
#4254 = CARTESIAN_POINT('',(2.087326381807,177.59384352048));
#4255 = CARTESIAN_POINT('',(2.140218570357,176.73022672809));
#4256 = CARTESIAN_POINT('',(2.165455560327,176.32589795366));
#4257 = CARTESIAN_POINT('',(2.191205183121,175.92176885061));
#4258 = CARTESIAN_POINT('',(2.217525029818,175.51786530723));
#4259 = CARTESIAN_POINT('',(2.244483961661,175.11422276903));
#4260 = CARTESIAN_POINT('',(2.272164885212,174.71088699974));
#4261 = CARTESIAN_POINT('',(2.300671787496,174.307916011));
#4262 = CARTESIAN_POINT('',(2.338245191788,173.79477526086));
#4263 = CARTESIAN_POINT('',(2.346417296908,173.68419943547));
#4264 = CARTESIAN_POINT('',(2.354665359233,173.57365879455));
#4265 = CARTESIAN_POINT('',(2.362992512713,173.46315518578));
#4266 = CARTESIAN_POINT('',(2.371402130079,173.35269064935));
#4267 = CARTESIAN_POINT('',(2.379897862647,173.24226743206));
#4268 = CARTESIAN_POINT('',(2.38848368012,173.13188800147));
#4269 = CARTESIAN_POINT('',(2.397163910398,173.02155505998));
#4270 = ( GEOMETRIC_REPRESENTATION_CONTEXT(2) 
PARAMETRIC_REPRESENTATION_CONTEXT() REPRESENTATION_CONTEXT('2D SPACE',''
  ) );
#4271 = ORIENTED_EDGE('',*,*,#4272,.F.);
#4272 = EDGE_CURVE('',#4273,#3980,#4275,.T.);
#4273 = VERTEX_POINT('',#4274);
#4274 = CARTESIAN_POINT('',(-33.5919376085,37.664300187511,35.05142));
#4275 = SURFACE_CURVE('',#4276,(#4370,#4467),.PCURVE_S1.);
#4276 = B_SPLINE_CURVE_WITH_KNOTS('',8,(#4277,#4278,#4279,#4280,#4281,
    #4282,#4283,#4284,#4285,#4286,#4287,#4288,#4289,#4290,#4291,#4292,
    #4293,#4294,#4295,#4296,#4297,#4298,#4299,#4300,#4301,#4302,#4303,
    #4304,#4305,#4306,#4307,#4308,#4309,#4310,#4311,#4312,#4313,#4314,
    #4315,#4316,#4317,#4318,#4319,#4320,#4321,#4322,#4323,#4324,#4325,
    #4326,#4327,#4328,#4329,#4330,#4331,#4332,#4333,#4334,#4335,#4336,
    #4337,#4338,#4339,#4340,#4341,#4342,#4343,#4344,#4345,#4346,#4347,
    #4348,#4349,#4350,#4351,#4352,#4353,#4354,#4355,#4356,#4357,#4358,
    #4359,#4360,#4361,#4362,#4363,#4364,#4365,#4366,#4367,#4368,#4369),
  .UNSPECIFIED.,.F.,.F.,(9,7,7,7,7,7,7,7,7,7,7,7,7,9),(0.,0.111370321443
    ,0.245186191894,0.451203810915,0.662612969899,0.75759682391,
    0.841181625085,0.887369009711,0.926488817367,0.963987830947,
    0.98230156342,0.992211884284,0.995800527577,1.),.UNSPECIFIED.);
#4277 = CARTESIAN_POINT('',(-33.59193780895,37.664300179294,35.0514206)
  );
#4278 = CARTESIAN_POINT('',(-33.42814053515,37.671014615766,
    34.561126946916));
#4279 = CARTESIAN_POINT('',(-33.27196866565,37.670184240089,
    34.069929994675));
#4280 = CARTESIAN_POINT('',(-33.12222215911,37.663078398745,
    33.57803862614));
#4281 = CARTESIAN_POINT('',(-32.97814244517,37.650503790567,
    33.085598319026));
#4282 = CARTESIAN_POINT('',(-32.8391606649,37.63306468442,
    32.592716389345));
#4283 = CARTESIAN_POINT('',(-32.70481948226,37.611243729856,
    32.099469507508));
#4284 = CARTESIAN_POINT('',(-32.57476258512,37.585412889538,
    31.605904583535));
#4285 = CARTESIAN_POINT('',(-32.297199957,37.520403913739,
    30.518651127288));
#4286 = CARTESIAN_POINT('',(-32.15146908147,37.479586269151,
    29.924863520465));
#4287 = CARTESIAN_POINT('',(-32.01097797407,37.433969488079,
    29.330750310496));
#4288 = CARTESIAN_POINT('',(-31.87534704636,37.38395145228,
    28.736366666173));
#4289 = CARTESIAN_POINT('',(-31.74427651135,37.329846596807,
    28.141756964747));
#4290 = CARTESIAN_POINT('',(-31.61752180132,37.271910983783,
    27.546956105035));
#4291 = CARTESIAN_POINT('',(-31.49488363487,37.210352467217,
    26.951990037345));
#4292 = CARTESIAN_POINT('',(-31.19346911292,37.045257091378,
    25.440663162139));
#4293 = CARTESIAN_POINT('',(-31.02010957961,36.936993600702,
    24.524118528184));
#4294 = CARTESIAN_POINT('',(-30.85551470326,36.821179906743,
    23.60731723679));
#4295 = CARTESIAN_POINT('',(-30.69927943863,36.69824221713,
    22.690324453561));
#4296 = CARTESIAN_POINT('',(-30.55112509273,36.568477411973,
    21.773197243367));
#4297 = CARTESIAN_POINT('',(-30.41087093876,36.432081699877,
    20.855985139003));
#4298 = CARTESIAN_POINT('',(-30.27842936804,36.289155618614,
    19.938730358524));
#4299 = CARTESIAN_POINT('',(-30.02591967172,35.986342963702,
    18.080200941256));
#4300 = CARTESIAN_POINT('',(-29.90626856201,35.826113671175,
    17.138945142469));
#4301 = CARTESIAN_POINT('',(-29.7948580127,35.659021324581,
    16.197735846468));
#4302 = CARTESIAN_POINT('',(-29.6917969499,35.48497043528,15.25661915779
    ));
#4303 = CARTESIAN_POINT('',(-29.59731319142,35.303749790376,
    14.315653237315));
#4304 = CARTESIAN_POINT('',(-29.51176171066,35.11502417553,
    13.374908716455));
#4305 = CARTESIAN_POINT('',(-29.43567615676,34.918283248255,
    12.434470624656));
#4306 = CARTESIAN_POINT('',(-29.34036876749,34.620329433478,
    11.072100132809));
#4307 = CARTESIAN_POINT('',(-29.31290721591,34.526176791772,
    10.649842303789));
#4308 = CARTESIAN_POINT('',(-29.28760764397,34.430164106432,
    10.22768003653));
#4309 = CARTESIAN_POINT('',(-29.26456218835,34.332202587807,
    9.805625726991));
#4310 = CARTESIAN_POINT('',(-29.24387899357,34.232188234357,
    9.383694700594));
#4311 = CARTESIAN_POINT('',(-29.22568700912,34.129997109152,
    8.961905530018));
#4312 = CARTESIAN_POINT('',(-29.21014410039,34.025477363973,8.5402805808
    ));
#4313 = CARTESIAN_POINT('',(-29.18627645395,33.824244496442,
    7.747989438271));
#4314 = CARTESIAN_POINT('',(-29.1773098866,33.728100583442,
    7.377284726518));
#4315 = CARTESIAN_POINT('',(-29.17068237375,33.629876598564,
    7.006747543882));
#4316 = CARTESIAN_POINT('',(-29.16655668155,33.529415817521,
    6.636400409332));
#4317 = CARTESIAN_POINT('',(-29.16512508122,33.426534087641,
    6.266273432006));
#4318 = CARTESIAN_POINT('',(-29.1666220266,33.321007446738,
    5.896405506695));
#4319 = CARTESIAN_POINT('',(-29.17134916812,33.212547738405,
    5.526846739216));
#4320 = CARTESIAN_POINT('',(-29.18433423459,33.038997867023,
    4.953657634164));
#4321 = CARTESIAN_POINT('',(-29.19006628952,32.976215679558,
    4.749769672247));
#4322 = CARTESIAN_POINT('',(-29.19697742445,32.912353880398,
    4.546008580565));
#4323 = CARTESIAN_POINT('',(-29.20514737986,32.847336446228,
    4.34238815287));
#4324 = CARTESIAN_POINT('',(-29.21466819074,32.78107602943,
    4.138925740974));
#4325 = CARTESIAN_POINT('',(-29.22564836959,32.713469912484,
    3.935642784205));
#4326 = CARTESIAN_POINT('',(-29.23822016182,32.644392998666,
    3.732565739374));
#4327 = CARTESIAN_POINT('',(-29.26468685761,32.513801957535,
    3.357927331043));
#4328 = CARTESIAN_POINT('',(-29.27808495168,32.452749331673,
    3.186303326039));
#4329 = CARTESIAN_POINT('',(-29.29284432159,32.390434149012,
    3.014871641666));
#4330 = CARTESIAN_POINT('',(-29.30908633089,32.326741719527,
    2.843656969424));
#4331 = CARTESIAN_POINT('',(-29.32695339616,32.261538580024,
    2.672692346795));
#4332 = CARTESIAN_POINT('',(-29.34661857025,32.194663323666,
    2.502020723153));
#4333 = CARTESIAN_POINT('',(-29.36830485349,32.12590815464,
    2.331698191632));
#4334 = CARTESIAN_POINT('',(-29.41532886618,31.987012381584,
    1.998938773011));
#4335 = CARTESIAN_POINT('',(-29.44047017184,31.917072192709,
    1.836529403352));
#4336 = CARTESIAN_POINT('',(-29.46800756149,31.844902679105,
    1.67457759415));
#4337 = CARTESIAN_POINT('',(-29.49829478202,31.770169624413,
    1.513155591231));
#4338 = CARTESIAN_POINT('',(-29.5317420004,31.692497848083,
    1.352392005583));
#4339 = CARTESIAN_POINT('',(-29.56899364973,31.61130597703,
    1.192518469806));
#4340 = CARTESIAN_POINT('',(-29.61081987956,31.52590699041,
    1.033840728205));
#4341 = CARTESIAN_POINT('',(-29.68237086039,31.390280674086,
    0.800296174006));
#4342 = CARTESIAN_POINT('',(-29.70731797579,31.344452210459,
    0.724153988458));
#4343 = CARTESIAN_POINT('',(-29.73393891056,31.297096862371,
    0.648515146563));
#4344 = CARTESIAN_POINT('',(-29.76248945924,31.247981256563,
    0.573462150262));
#4345 = CARTESIAN_POINT('',(-29.79326290325,31.196851553782,
    0.499139761011));
#4346 = CARTESIAN_POINT('',(-29.82669369411,31.14334130854,
    0.425797498838));
#4347 = CARTESIAN_POINT('',(-29.86330141114,31.087021020713,
    0.353766081824));
#4348 = CARTESIAN_POINT('',(-29.92626015034,30.994494970119,
    0.24568309292));
#4349 = CARTESIAN_POINT('',(-29.94956175855,30.960988065395,
    0.208369637109));
#4350 = CARTESIAN_POINT('',(-29.97425759036,30.926271390405,
    0.171722824085));
#4351 = CARTESIAN_POINT('',(-30.00055682062,30.890166526417,
    0.135855573419));
#4352 = CARTESIAN_POINT('',(-30.02871165371,30.852481766135,
    0.100989725655));
#4353 = CARTESIAN_POINT('',(-30.059007949,30.813019504008,
    6.744893474309E-02));
#4354 = CARTESIAN_POINT('',(-30.09180350714,30.771544167647,
    3.568156961492E-02));
#4355 = CARTESIAN_POINT('',(-30.14070432278,30.711738250621,
    -4.236397977381E-03));
#4356 = CARTESIAN_POINT('',(-30.15410109698,30.695533170627,
    -1.451679500062E-02));
#4357 = CARTESIAN_POINT('',(-30.16791924927,30.67900671224,
    -2.443171099206E-02));
#4358 = CARTESIAN_POINT('',(-30.18218169674,30.662147736891,
    -3.393795171825E-02));
#4359 = CARTESIAN_POINT('',(-30.19690863915,30.644950083737,
    -4.298403751342E-02));
#4360 = CARTESIAN_POINT('',(-30.21211660624,30.62741323406,
    -5.151125914083E-02));
#4361 = CARTESIAN_POINT('',(-30.227817505,30.609542975668,
    -5.945473365407E-02));
#4362 = CARTESIAN_POINT('',(-30.26297528617,30.570064853231,
    -7.527498373162E-02));
#4363 = CARTESIAN_POINT('',(-30.2826308333,30.548322482032,
    -8.291693748753E-02));
#4364 = CARTESIAN_POINT('',(-30.30296963212,30.526173879645,
    -8.954475857239E-02));
#4365 = CARTESIAN_POINT('',(-30.32395630826,30.503689558456,
    -9.502961296183E-02));
#4366 = CARTESIAN_POINT('',(-30.3455306662,30.480963037669,
    -9.924931738195E-02));
#4367 = CARTESIAN_POINT('',(-30.36760155495,30.458113058638,
    -0.102102714002));
#4368 = CARTESIAN_POINT('',(-30.39003872249,30.435286595177,
    -0.103528498001));
#4369 = CARTESIAN_POINT('',(-30.41266265883,30.412662658833,
    -0.103528498001));
#4370 = PCURVE('',#131,#4371);
#4371 = DEFINITIONAL_REPRESENTATION('',(#4372),#4466);
#4372 = B_SPLINE_CURVE_WITH_KNOTS('',8,(#4373,#4374,#4375,#4376,#4377,
    #4378,#4379,#4380,#4381,#4382,#4383,#4384,#4385,#4386,#4387,#4388,
    #4389,#4390,#4391,#4392,#4393,#4394,#4395,#4396,#4397,#4398,#4399,
    #4400,#4401,#4402,#4403,#4404,#4405,#4406,#4407,#4408,#4409,#4410,
    #4411,#4412,#4413,#4414,#4415,#4416,#4417,#4418,#4419,#4420,#4421,
    #4422,#4423,#4424,#4425,#4426,#4427,#4428,#4429,#4430,#4431,#4432,
    #4433,#4434,#4435,#4436,#4437,#4438,#4439,#4440,#4441,#4442,#4443,
    #4444,#4445,#4446,#4447,#4448,#4449,#4450,#4451,#4452,#4453,#4454,
    #4455,#4456,#4457,#4458,#4459,#4460,#4461,#4462,#4463,#4464,#4465),
  .UNSPECIFIED.,.F.,.F.,(9,7,7,7,7,7,7,7,7,7,7,7,7,9),(0.,0.111370321443
    ,0.245186191894,0.451203810915,0.662612969899,0.75759682391,
    0.841181625085,0.887369009711,0.926488817367,0.963987830947,
    0.98230156342,0.992211884284,0.995800527577,1.),.UNSPECIFIED.);
#4373 = CARTESIAN_POINT('',(2.299105631818,237.42115063828));
#4374 = CARTESIAN_POINT('',(2.296594907065,236.9308569852));
#4375 = CARTESIAN_POINT('',(2.29428462315,236.43966003295));
#4376 = CARTESIAN_POINT('',(2.292141880698,235.94776866442));
#4377 = CARTESIAN_POINT('',(2.290146025907,235.4553283573));
#4378 = CARTESIAN_POINT('',(2.288281690288,234.96244642762));
#4379 = CARTESIAN_POINT('',(2.286536635637,234.46919954579));
#4380 = CARTESIAN_POINT('',(2.284901470362,233.97563462181));
#4381 = CARTESIAN_POINT('',(2.281526142165,232.88838116557));
#4382 = CARTESIAN_POINT('',(2.279831352071,232.29459355874));
#4383 = CARTESIAN_POINT('',(2.278270456022,231.70048034878));
#4384 = CARTESIAN_POINT('',(2.276833694589,231.10609670445));
#4385 = CARTESIAN_POINT('',(2.275513501675,230.51148700302));
#4386 = CARTESIAN_POINT('',(2.274303839056,229.91668614332));
#4387 = CARTESIAN_POINT('',(2.273199931188,229.32172007562));
#4388 = CARTESIAN_POINT('',(2.270655318375,227.81039320042));
#4389 = CARTESIAN_POINT('',(2.269354298247,226.89384856646));
#4390 = CARTESIAN_POINT('',(2.268280935002,225.97704727507));
#4391 = CARTESIAN_POINT('',(2.26742671779,225.06005449184));
#4392 = CARTESIAN_POINT('',(2.266786695582,224.14292728165));
#4393 = CARTESIAN_POINT('',(2.266358761277,223.22571517728));
#4394 = CARTESIAN_POINT('',(2.266143597279,222.3084603968));
#4395 = CARTESIAN_POINT('',(2.266146002301,220.44993097954));
#4396 = CARTESIAN_POINT('',(2.266375038906,219.50867518075));
#4397 = CARTESIAN_POINT('',(2.266835805038,218.56746588475));
#4398 = CARTESIAN_POINT('',(2.267535338109,217.62634919607));
#4399 = CARTESIAN_POINT('',(2.268484457381,216.68538327559));
#4400 = CARTESIAN_POINT('',(2.269698123303,215.74463875473));
#4401 = CARTESIAN_POINT('',(2.271197223979,214.80420066293));
#4402 = CARTESIAN_POINT('',(2.273829550534,213.44183017109));
#4403 = CARTESIAN_POINT('',(2.274709615527,213.01957234207));
#4404 = CARTESIAN_POINT('',(2.275656579419,212.59741007481));
#4405 = CARTESIAN_POINT('',(2.276673792116,212.17535576527));
#4406 = CARTESIAN_POINT('',(2.277765132007,211.75342473887));
#4407 = CARTESIAN_POINT('',(2.278935166655,211.3316355683));
#4408 = CARTESIAN_POINT('',(2.280189423109,210.91001061908));
#4409 = CARTESIAN_POINT('',(2.282718657172,210.11771947655));
#4410 = CARTESIAN_POINT('',(2.283973083164,209.7470147648));
#4411 = CARTESIAN_POINT('',(2.285302691015,209.37647758216));
#4412 = CARTESIAN_POINT('',(2.286713073516,209.00613044761));
#4413 = CARTESIAN_POINT('',(2.288210785212,208.63600347028));
#4414 = CARTESIAN_POINT('',(2.289803761021,208.26613554497));
#4415 = CARTESIAN_POINT('',(2.291502139284,207.8965767775));
#4416 = CARTESIAN_POINT('',(2.294323722603,207.32338767244));
#4417 = CARTESIAN_POINT('',(2.295364279482,207.11949971053));
#4418 = CARTESIAN_POINT('',(2.296443452611,206.91573861884));
#4419 = CARTESIAN_POINT('',(2.297563893555,206.71211819115));
#4420 = CARTESIAN_POINT('',(2.298728649406,206.50865577925));
#4421 = CARTESIAN_POINT('',(2.299941299387,206.30537282248));
#4422 = CARTESIAN_POINT('',(2.301206191387,206.10229577765));
#4423 = CARTESIAN_POINT('',(2.303648983711,205.72765736932));
#4424 = CARTESIAN_POINT('',(2.304810558484,205.55603336432));
#4425 = CARTESIAN_POINT('',(2.3060168024,205.38460167994));
#4426 = CARTESIAN_POINT('',(2.307271683153,205.2133870077));
#4427 = CARTESIAN_POINT('',(2.308579832836,205.04242238507));
#4428 = CARTESIAN_POINT('',(2.309946858135,204.87175076143));
#4429 = CARTESIAN_POINT('',(2.311379964397,204.70142822991));
#4430 = CARTESIAN_POINT('',(2.314335305468,204.36866881129));
#4431 = CARTESIAN_POINT('',(2.315850865393,204.20625944163));
#4432 = CARTESIAN_POINT('',(2.317444512896,204.04430763243));
#4433 = CARTESIAN_POINT('',(2.319127698863,203.88288562951));
#4434 = CARTESIAN_POINT('',(2.320913508699,203.72212204386));
#4435 = CARTESIAN_POINT('',(2.322822313722,203.56224850808));
#4436 = CARTESIAN_POINT('',(2.324878330787,203.40357076648));
#4437 = CARTESIAN_POINT('',(2.328236147978,203.17002621228));
#4438 = CARTESIAN_POINT('',(2.329384666707,203.09388402674));
#4439 = CARTESIAN_POINT('',(2.330586610018,203.01824518484));
#4440 = CARTESIAN_POINT('',(2.331850066509,202.94319218854));
#4441 = CARTESIAN_POINT('',(2.333184093477,202.86886979929));
#4442 = CARTESIAN_POINT('',(2.334601936134,202.79552753712));
#4443 = CARTESIAN_POINT('',(2.336119288562,202.7234961201));
#4444 = CARTESIAN_POINT('',(2.338661294791,202.6154131312));
#4445 = CARTESIAN_POINT('',(2.339590613681,202.57809967539));
#4446 = CARTESIAN_POINT('',(2.340563108957,202.54145286236));
#4447 = CARTESIAN_POINT('',(2.341585172366,202.5055856117));
#4448 = CARTESIAN_POINT('',(2.34266413015,202.47071976393));
#4449 = CARTESIAN_POINT('',(2.343807963038,202.43717897302));
#4450 = CARTESIAN_POINT('',(2.345026455736,202.40541160789));
#4451 = CARTESIAN_POINT('',(2.346810829466,202.3654936403));
#4452 = CARTESIAN_POINT('',(2.34729681387,202.35521324328));
#4453 = CARTESIAN_POINT('',(2.34779507478,202.34529832729));
#4454 = CARTESIAN_POINT('',(2.348306172697,202.33579208656));
#4455 = CARTESIAN_POINT('',(2.348830541232,202.32674600077));
#4456 = CARTESIAN_POINT('',(2.349368460129,202.31821877914));
#4457 = CARTESIAN_POINT('',(2.349920028285,202.31027530462));
#4458 = CARTESIAN_POINT('',(2.351146433339,202.29445505455));
#4459 = CARTESIAN_POINT('',(2.351826769874,202.28681310079));
#4460 = CARTESIAN_POINT('',(2.352525096088,202.28018527971));
#4461 = CARTESIAN_POINT('',(2.353239663296,202.27470042532));
#4462 = CARTESIAN_POINT('',(2.353967931861,202.2704807209));
#4463 = CARTESIAN_POINT('',(2.354706433951,202.26762732428));
#4464 = CARTESIAN_POINT('',(2.35545059162,202.26620154028));
#4465 = CARTESIAN_POINT('',(2.356194490192,202.26620154028));
#4466 = ( GEOMETRIC_REPRESENTATION_CONTEXT(2) 
PARAMETRIC_REPRESENTATION_CONTEXT() REPRESENTATION_CONTEXT('2D SPACE',''
  ) );
#4467 = PCURVE('',#881,#4468);
#4468 = DEFINITIONAL_REPRESENTATION('',(#4469),#4563);
#4469 = B_SPLINE_CURVE_WITH_KNOTS('',8,(#4470,#4471,#4472,#4473,#4474,
    #4475,#4476,#4477,#4478,#4479,#4480,#4481,#4482,#4483,#4484,#4485,
    #4486,#4487,#4488,#4489,#4490,#4491,#4492,#4493,#4494,#4495,#4496,
    #4497,#4498,#4499,#4500,#4501,#4502,#4503,#4504,#4505,#4506,#4507,
    #4508,#4509,#4510,#4511,#4512,#4513,#4514,#4515,#4516,#4517,#4518,
    #4519,#4520,#4521,#4522,#4523,#4524,#4525,#4526,#4527,#4528,#4529,
    #4530,#4531,#4532,#4533,#4534,#4535,#4536,#4537,#4538,#4539,#4540,
    #4541,#4542,#4543,#4544,#4545,#4546,#4547,#4548,#4549,#4550,#4551,
    #4552,#4553,#4554,#4555,#4556,#4557,#4558,#4559,#4560,#4561,#4562),
  .UNSPECIFIED.,.F.,.F.,(9,7,7,7,7,7,7,7,7,7,7,7,7,9),(0.,0.111370321443
    ,0.245186191894,0.451203810915,0.662612969899,0.75759682391,
    0.841181625085,0.887369009711,0.926488817367,0.963987830947,
    0.98230156342,0.992211884284,0.995800527577,1.),.UNSPECIFIED.);
#4470 = CARTESIAN_POINT('',(3.886021396781,173.02155505998));
#4471 = CARTESIAN_POINT('',(3.924594299445,173.51184871306));
#4472 = CARTESIAN_POINT('',(3.961301838058,174.0030456653));
#4473 = CARTESIAN_POINT('',(3.996525466855,174.49493703384));
#4474 = CARTESIAN_POINT('',(4.030504348499,174.98737734095));
#4475 = CARTESIAN_POINT('',(4.063417364221,175.48025927064));
#4476 = CARTESIAN_POINT('',(4.0954084043,175.97350615247));
#4477 = CARTESIAN_POINT('',(4.126589644902,176.46707107644));
#4478 = CARTESIAN_POINT('',(4.193665877713,177.55432453269));
#4479 = CARTESIAN_POINT('',(4.229242169695,178.14811213951));
#4480 = CARTESIAN_POINT('',(4.2639502701,178.74222534948));
#4481 = CARTESIAN_POINT('',(4.297913053962,179.33660899381));
#4482 = CARTESIAN_POINT('',(4.331230172365,179.93121869523));
#4483 = CARTESIAN_POINT('',(4.363985888267,180.52601955494));
#4484 = CARTESIAN_POINT('',(4.39625234446,181.12098562263));
#4485 = CARTESIAN_POINT('',(4.477115233126,182.63231249784));
#4486 = CARTESIAN_POINT('',(4.525128094086,183.54885713179));
#4487 = CARTESIAN_POINT('',(4.572365069934,184.46565842319));
#4488 = CARTESIAN_POINT('',(4.619010423693,185.38265120642));
#4489 = CARTESIAN_POINT('',(4.665224143927,186.29977841661));
#4490 = CARTESIAN_POINT('',(4.711153373137,187.21699052098));
#4491 = CARTESIAN_POINT('',(4.756939040498,188.13424530145));
#4492 = CARTESIAN_POINT('',(4.849710785007,189.99277471872));
#4493 = CARTESIAN_POINT('',(4.896695875195,190.93403051751));
#4494 = CARTESIAN_POINT('',(4.943837744602,191.87523981351));
#4495 = CARTESIAN_POINT('',(4.9912944523,192.81635650219));
#4496 = CARTESIAN_POINT('',(5.039238921015,193.75732242266));
#4497 = CARTESIAN_POINT('',(5.08786613037,194.69806694352));
#4498 = CARTESIAN_POINT('',(5.137411678637,195.63850503532));
#4499 = CARTESIAN_POINT('',(5.211017746609,197.00087552717));
#4500 = CARTESIAN_POINT('',(5.234086737408,197.42313335619));
#4501 = CARTESIAN_POINT('',(5.257435654985,197.84529562345));
#4502 = CARTESIAN_POINT('',(5.281097656619,198.26734993299));
#4503 = CARTESIAN_POINT('',(5.305110253962,198.68928095939));
#4504 = CARTESIAN_POINT('',(5.32951684931,199.11107012996));
#4505 = CARTESIAN_POINT('',(5.354369308739,199.53269507918));
#4506 = CARTESIAN_POINT('',(5.402050099426,200.32498622171));
#4507 = CARTESIAN_POINT('',(5.424763272528,200.69569093346));
#4508 = CARTESIAN_POINT('',(5.447914439407,201.0662281161));
#4509 = CARTESIAN_POINT('',(5.471555451345,201.43657525065));
#4510 = CARTESIAN_POINT('',(5.495746770822,201.80670222797));
#4511 = CARTESIAN_POINT('',(5.52056149855,202.17657015328));
#4512 = CARTESIAN_POINT('',(5.546093319642,202.54612892076));
#4513 = CARTESIAN_POINT('',(5.587042723689,203.11931802582));
#4514 = CARTESIAN_POINT('',(5.601874463797,203.32320598773));
#4515 = CARTESIAN_POINT('',(5.616984919288,203.52696707941));
#4516 = CARTESIAN_POINT('',(5.632398784605,203.73058750711));
#4517 = CARTESIAN_POINT('',(5.648144471959,203.93404991901));
#4518 = CARTESIAN_POINT('',(5.664255447242,204.13733287577));
#4519 = CARTESIAN_POINT('',(5.680772548482,204.3404099206));
#4520 = CARTESIAN_POINT('',(5.712124556864,204.71504832894));
#4521 = CARTESIAN_POINT('',(5.726829840644,204.88667233394));
#4522 = CARTESIAN_POINT('',(5.741894373581,205.05810401831));
#4523 = CARTESIAN_POINT('',(5.757355777008,205.22931869056));
#4524 = CARTESIAN_POINT('',(5.773258014223,205.40028331318));
#4525 = CARTESIAN_POINT('',(5.7896544623,205.57095493683));
#4526 = CARTESIAN_POINT('',(5.806614099716,205.74127746835));
#4527 = CARTESIAN_POINT('',(5.84111763229,206.07403688697));
#4528 = CARTESIAN_POINT('',(5.858602069935,206.23644625663));
#4529 = CARTESIAN_POINT('',(5.87677137212,206.39839806583));
#4530 = CARTESIAN_POINT('',(5.895736696668,206.55982006875));
#4531 = CARTESIAN_POINT('',(5.915624364024,206.72058365439));
#4532 = CARTESIAN_POINT('',(5.93663263895,206.88045719017));
#4533 = CARTESIAN_POINT('',(5.958997074212,207.03913493177));
#4534 = CARTESIAN_POINT('',(5.995077753156,207.27267948597));
#4535 = CARTESIAN_POINT('',(6.007354031075,207.34882167152));
#4536 = CARTESIAN_POINT('',(6.020134332888,207.42446051341));
#4537 = CARTESIAN_POINT('',(6.033498756761,207.49951350973));
#4538 = CARTESIAN_POINT('',(6.047536537833,207.57383589896));
#4539 = CARTESIAN_POINT('',(6.062378650642,207.64717816114));
#4540 = CARTESIAN_POINT('',(6.078180347508,207.71920957815));
#4541 = CARTESIAN_POINT('',(6.104513189506,207.82729256706));
#4542 = CARTESIAN_POINT('',(6.114115678577,207.86460602287));
#4543 = CARTESIAN_POINT('',(6.124139287058,207.9012528359));
#4544 = CARTESIAN_POINT('',(6.134647922865,207.93712008656));
#4545 = CARTESIAN_POINT('',(6.145714590033,207.97198593432));
#4546 = CARTESIAN_POINT('',(6.157418744882,208.00552672524));
#4547 = CARTESIAN_POINT('',(6.169858231049,208.03729409036));
#4548 = CARTESIAN_POINT('',(6.188035424991,208.07721205796));
#4549 = CARTESIAN_POINT('',(6.192982566513,208.08749245498));
#4550 = CARTESIAN_POINT('',(6.198051179412,208.09740737097));
#4551 = CARTESIAN_POINT('',(6.20324691307,208.1069136117));
#4552 = CARTESIAN_POINT('',(6.20857414867,208.11595969749));
#4553 = CARTESIAN_POINT('',(6.214035742636,208.12448691912));
#4554 = CARTESIAN_POINT('',(6.219632770058,208.13243039363));
#4555 = CARTESIAN_POINT('',(6.23207133433,208.14825064371));
#4556 = CARTESIAN_POINT('',(6.238967593021,208.15589259747));
#4557 = CARTESIAN_POINT('',(6.246042613844,208.16252041855));
#4558 = CARTESIAN_POINT('',(6.253279033822,208.16800527294));
#4559 = CARTESIAN_POINT('',(6.260651679961,208.17222497736));
#4560 = CARTESIAN_POINT('',(6.268126178904,208.17507837398));
#4561 = CARTESIAN_POINT('',(6.275657053624,208.17650415798));
#4562 = CARTESIAN_POINT('',(6.28318530718,208.17650415798));
#4563 = ( GEOMETRIC_REPRESENTATION_CONTEXT(2) 
PARAMETRIC_REPRESENTATION_CONTEXT() REPRESENTATION_CONTEXT('2D SPACE',''
  ) );
#4564 = ORIENTED_EDGE('',*,*,#4565,.F.);
#4565 = EDGE_CURVE('',#4566,#4273,#4568,.T.);
#4566 = VERTEX_POINT('',#4567);
#4567 = CARTESIAN_POINT('',(-31.32322669338,39.571116365645,35.05142));
#4568 = SURFACE_CURVE('',#4569,(#4574,#4581),.PCURVE_S1.);
#4569 = CIRCLE('',#4570,50.467987684358);
#4570 = AXIS2_PLACEMENT_3D('',#4571,#4572,#4573);
#4571 = CARTESIAN_POINT('',(0.,0.,35.05142));
#4572 = DIRECTION('',(0.,0.,1.));
#4573 = DIRECTION('',(1.,0.,-0.));
#4574 = PCURVE('',#131,#4575);
#4575 = DEFINITIONAL_REPRESENTATION('',(#4576),#4580);
#4576 = LINE('',#4577,#4578);
#4577 = CARTESIAN_POINT('',(0.,237.42115003828));
#4578 = VECTOR('',#4579,1.);
#4579 = DIRECTION('',(1.,0.));
#4580 = ( GEOMETRIC_REPRESENTATION_CONTEXT(2) 
PARAMETRIC_REPRESENTATION_CONTEXT() REPRESENTATION_CONTEXT('2D SPACE',''
  ) );
#4581 = PCURVE('',#3967,#4582);
#4582 = DEFINITIONAL_REPRESENTATION('',(#4583),#4587);
#4583 = CIRCLE('',#4584,50.467987684358);
#4584 = AXIS2_PLACEMENT_2D('',#4585,#4586);
#4585 = CARTESIAN_POINT('',(-47.26,-5.26749883904E-15));
#4586 = DIRECTION('',(-0.707106781187,-0.707106781187));
#4587 = ( GEOMETRIC_REPRESENTATION_CONTEXT(2) 
PARAMETRIC_REPRESENTATION_CONTEXT() REPRESENTATION_CONTEXT('2D SPACE',''
  ) );
#4588 = ORIENTED_EDGE('',*,*,#4589,.T.);
#4589 = EDGE_CURVE('',#4566,#286,#4590,.T.);
#4590 = SURFACE_CURVE('',#4591,(#4604,#4620),.PCURVE_S1.);
#4591 = B_SPLINE_CURVE_WITH_KNOTS('',6,(#4592,#4593,#4594,#4595,#4596,
    #4597,#4598,#4599,#4600,#4601,#4602,#4603),.UNSPECIFIED.,.F.,.F.,(7,
    5,7),(0.,0.526922011955,1.),.UNSPECIFIED.);
#4592 = CARTESIAN_POINT('',(-31.32322654997,39.571116316826,35.0514194)
  );
#4593 = CARTESIAN_POINT('',(-31.4546766092,39.615863491079,
    35.601373724586));
#4594 = CARTESIAN_POINT('',(-31.58925376412,39.65791524397,
    36.151149762475));
#4595 = CARTESIAN_POINT('',(-31.72711242275,39.697110227999,
    36.700727714814));
#4596 = CARTESIAN_POINT('',(-31.86843053549,39.733261614354,
    37.250082077666));
#4597 = CARTESIAN_POINT('',(-32.01342531335,39.766140964713,
    37.799180602093));
#4598 = CARTESIAN_POINT('',(-32.29609263317,39.821787033154,
    38.840705988574));
#4599 = CARTESIAN_POINT('',(-32.43299916085,39.845243435084,
    39.333188466089));
#4600 = CARTESIAN_POINT('',(-32.57328652986,39.865623602152,
    39.825403012869));
#4601 = CARTESIAN_POINT('',(-32.71719117295,39.882677927518,
    40.317311736168));
#4602 = CARTESIAN_POINT('',(-32.86499880962,39.896103660901,
    40.808865611339));
#4603 = CARTESIAN_POINT('',(-33.01708882129,39.905499118691,41.3000006)
  );
#4604 = PCURVE('',#131,#4605);
#4605 = DEFINITIONAL_REPRESENTATION('',(#4606),#4619);
#4606 = B_SPLINE_CURVE_WITH_KNOTS('',6,(#4607,#4608,#4609,#4610,#4611,
    #4612,#4613,#4614,#4615,#4616,#4617,#4618),.UNSPECIFIED.,.F.,.F.,(7,
    5,7),(0.,0.526922011955,1.),.UNSPECIFIED.);
#4607 = CARTESIAN_POINT('',(2.240374572121,237.42114943828));
#4608 = CARTESIAN_POINT('',(2.241866512914,237.97110376286));
#4609 = CARTESIAN_POINT('',(2.243431908141,238.52087980075));
#4610 = CARTESIAN_POINT('',(2.24507438561,239.07045775309));
#4611 = CARTESIAN_POINT('',(2.246798196633,239.61981211594));
#4612 = CARTESIAN_POINT('',(2.248608623993,240.16891064037));
#4613 = CARTESIAN_POINT('',(2.252221617715,241.21043602685));
#4614 = CARTESIAN_POINT('',(2.254006083702,241.70291850437));
#4615 = CARTESIAN_POINT('',(2.255870674526,242.19513305115));
#4616 = CARTESIAN_POINT('',(2.257821300764,242.68704177445));
#4617 = CARTESIAN_POINT('',(2.259865180022,243.17859564962));
#4618 = CARTESIAN_POINT('',(2.262012002697,243.66973063828));
#4619 = ( GEOMETRIC_REPRESENTATION_CONTEXT(2) 
PARAMETRIC_REPRESENTATION_CONTEXT() REPRESENTATION_CONTEXT('2D SPACE',''
  ) );
#4620 = PCURVE('',#306,#4621);
#4621 = DEFINITIONAL_REPRESENTATION('',(#4622),#4635);
#4622 = B_SPLINE_CURVE_WITH_KNOTS('',6,(#4623,#4624,#4625,#4626,#4627,
    #4628,#4629,#4630,#4631,#4632,#4633,#4634),.UNSPECIFIED.,.F.,.F.,(7,
    5,7),(9.581196253752E-08,0.526922011955,0.999999903677),
  .UNSPECIFIED.);
#4623 = CARTESIAN_POINT('',(5.16967942126,1.195704614914E-15));
#4624 = CARTESIAN_POINT('',(5.191042122367,0.549954224424));
#4625 = CARTESIAN_POINT('',(5.212726592446,1.099730162201));
#4626 = CARTESIAN_POINT('',(5.234764991657,1.649308014486));
#4627 = CARTESIAN_POINT('',(5.257193945407,2.198662277354));
#4628 = CARTESIAN_POINT('',(5.28005782315,2.747760701884));
#4629 = CARTESIAN_POINT('',(5.3243797404,3.789285888251));
#4630 = CARTESIAN_POINT('',(5.345742673058,4.28176826554));
#4631 = CARTESIAN_POINT('',(5.367541097848,4.77398271221));
#4632 = CARTESIAN_POINT('',(5.389823093447,5.265891335539));
#4633 = CARTESIAN_POINT('',(5.412646816797,5.757445110913));
#4634 = CARTESIAN_POINT('',(5.436089879168,6.248580000001));
#4635 = ( GEOMETRIC_REPRESENTATION_CONTEXT(2) 
PARAMETRIC_REPRESENTATION_CONTEXT() REPRESENTATION_CONTEXT('2D SPACE',''
  ) );
#4636 = ORIENTED_EDGE('',*,*,#318,.F.);
#4637 = ORIENTED_EDGE('',*,*,#4638,.T.);
#4638 = EDGE_CURVE('',#319,#4639,#4641,.T.);
#4639 = VERTEX_POINT('',#4640);
#4640 = CARTESIAN_POINT('',(31.323226693382,39.571116365645,35.05142));
#4641 = SURFACE_CURVE('',#4642,(#4651,#4663),.PCURVE_S1.);
#4642 = B_SPLINE_CURVE_WITH_KNOTS('',7,(#4643,#4644,#4645,#4646,#4647,
    #4648,#4649,#4650),.UNSPECIFIED.,.F.,.F.,(8,8),(0.,1.),
  .PIECEWISE_BEZIER_KNOTS.);
#4643 = CARTESIAN_POINT('',(33.017088635497,39.905499107213,41.3));
#4644 = CARTESIAN_POINT('',(32.741524349545,39.8884759392,
    40.410137050008));
#4645 = CARTESIAN_POINT('',(32.479631817277,39.858590335062,
    39.518951512893));
#4646 = CARTESIAN_POINT('',(32.229356329478,39.818008288632,
    38.626761613935));
#4647 = CARTESIAN_POINT('',(31.989449318754,39.76805359967,
    37.733783929668));
#4648 = CARTESIAN_POINT('',(31.758929955709,39.709761565228,
    36.840175914075));
#4649 = CARTESIAN_POINT('',(31.537058088182,39.643907133028,
    35.946037324564));
#4650 = CARTESIAN_POINT('',(31.32322654997,39.571116316826,35.0514194));
#4651 = PCURVE('',#131,#4652);
#4652 = DEFINITIONAL_REPRESENTATION('',(#4653),#4662);
#4653 = B_SPLINE_CURVE_WITH_KNOTS('',7,(#4654,#4655,#4656,#4657,#4658,
    #4659,#4660,#4661),.UNSPECIFIED.,.F.,.F.,(8,8),(0.,1.),
  .PIECEWISE_BEZIER_KNOTS.);
#4654 = CARTESIAN_POINT('',(0.879580653515,243.66973003828));
#4655 = CARTESIAN_POINT('',(0.883470374077,242.77986708829));
#4656 = CARTESIAN_POINT('',(0.887031486048,241.88868155117));
#4657 = CARTESIAN_POINT('',(0.890316372464,240.99649165221));
#4658 = CARTESIAN_POINT('',(0.893356240701,240.10351396795));
#4659 = CARTESIAN_POINT('',(0.896175237038,239.20990595235));
#4660 = CARTESIAN_POINT('',(0.898791121782,238.31576736284));
#4661 = CARTESIAN_POINT('',(0.901218081468,237.42114943828));
#4662 = ( GEOMETRIC_REPRESENTATION_CONTEXT(2) 
PARAMETRIC_REPRESENTATION_CONTEXT() REPRESENTATION_CONTEXT('2D SPACE',''
  ) );
#4663 = PCURVE('',#363,#4664);
#4664 = DEFINITIONAL_REPRESENTATION('',(#4665),#4674);
#4665 = B_SPLINE_CURVE_WITH_KNOTS('',7,(#4666,#4667,#4668,#4669,#4670,
    #4671,#4672,#4673),.UNSPECIFIED.,.F.,.F.,(8,8),(0.,0.999999904189),
  .PIECEWISE_BEZIER_KNOTS.);
#4666 = CARTESIAN_POINT('',(7.130280735191,6.24858));
#4667 = CARTESIAN_POINT('',(7.172756053282,5.358717135266));
#4668 = CARTESIAN_POINT('',(7.213254073964,4.467531683664));
#4669 = CARTESIAN_POINT('',(7.252194642371,3.57534187038));
#4670 = CARTESIAN_POINT('',(7.289830803207,2.682364271897));
#4671 = CARTESIAN_POINT('',(7.326362161279,1.788756342163));
#4672 = CARTESIAN_POINT('',(7.361940203577,0.894617838574));
#4673 = CARTESIAN_POINT('',(7.3966911931,2.613707641698E-16));
#4674 = ( GEOMETRIC_REPRESENTATION_CONTEXT(2) 
PARAMETRIC_REPRESENTATION_CONTEXT() REPRESENTATION_CONTEXT('2D SPACE',''
  ) );
#4675 = ORIENTED_EDGE('',*,*,#4676,.F.);
#4676 = EDGE_CURVE('',#4677,#4639,#4679,.T.);
#4677 = VERTEX_POINT('',#4678);
#4678 = CARTESIAN_POINT('',(33.591937608502,37.664300187511,35.05142));
#4679 = SURFACE_CURVE('',#4680,(#4685,#4692),.PCURVE_S1.);
#4680 = CIRCLE('',#4681,50.467987684358);
#4681 = AXIS2_PLACEMENT_3D('',#4682,#4683,#4684);
#4682 = CARTESIAN_POINT('',(0.,0.,35.05142));
#4683 = DIRECTION('',(0.,0.,1.));
#4684 = DIRECTION('',(1.,0.,-0.));
#4685 = PCURVE('',#131,#4686);
#4686 = DEFINITIONAL_REPRESENTATION('',(#4687),#4691);
#4687 = LINE('',#4688,#4689);
#4688 = CARTESIAN_POINT('',(0.,237.42115003828));
#4689 = VECTOR('',#4690,1.);
#4690 = DIRECTION('',(1.,0.));
#4691 = ( GEOMETRIC_REPRESENTATION_CONTEXT(2) 
PARAMETRIC_REPRESENTATION_CONTEXT() REPRESENTATION_CONTEXT('2D SPACE',''
  ) );
#4692 = PCURVE('',#4693,#4698);
#4693 = PLANE('',#4694);
#4694 = AXIS2_PLACEMENT_3D('',#4695,#4696,#4697);
#4695 = CARTESIAN_POINT('',(33.417866478876,33.417866478876,35.05142));
#4696 = DIRECTION('',(0.,0.,1.));
#4697 = DIRECTION('',(0.707106781187,0.707106781187,0.));
#4698 = DEFINITIONAL_REPRESENTATION('',(#4699),#4703);
#4699 = CIRCLE('',#4700,50.467987684358);
#4700 = AXIS2_PLACEMENT_2D('',#4701,#4702);
#4701 = CARTESIAN_POINT('',(-47.26,-1.99534331963E-15));
#4702 = DIRECTION('',(0.707106781187,-0.707106781187));
#4703 = ( GEOMETRIC_REPRESENTATION_CONTEXT(2) 
PARAMETRIC_REPRESENTATION_CONTEXT() REPRESENTATION_CONTEXT('2D SPACE',''
  ) );
#4704 = ORIENTED_EDGE('',*,*,#4705,.F.);
#4705 = EDGE_CURVE('',#4706,#4677,#4708,.T.);
#4706 = VERTEX_POINT('',#4707);
#4707 = CARTESIAN_POINT('',(30.412662658833,30.412662658833,
    -0.103528498001));
#4708 = SURFACE_CURVE('',#4709,(#4803,#4900),.PCURVE_S1.);
#4709 = B_SPLINE_CURVE_WITH_KNOTS('',8,(#4710,#4711,#4712,#4713,#4714,
    #4715,#4716,#4717,#4718,#4719,#4720,#4721,#4722,#4723,#4724,#4725,
    #4726,#4727,#4728,#4729,#4730,#4731,#4732,#4733,#4734,#4735,#4736,
    #4737,#4738,#4739,#4740,#4741,#4742,#4743,#4744,#4745,#4746,#4747,
    #4748,#4749,#4750,#4751,#4752,#4753,#4754,#4755,#4756,#4757,#4758,
    #4759,#4760,#4761,#4762,#4763,#4764,#4765,#4766,#4767,#4768,#4769,
    #4770,#4771,#4772,#4773,#4774,#4775,#4776,#4777,#4778,#4779,#4780,
    #4781,#4782,#4783,#4784,#4785,#4786,#4787,#4788,#4789,#4790,#4791,
    #4792,#4793,#4794,#4795,#4796,#4797,#4798,#4799,#4800,#4801,#4802),
  .UNSPECIFIED.,.F.,.F.,(9,7,7,7,7,7,7,7,7,7,7,7,7,9),(0.,
    6.993228465578E-03,1.240143273636E-02,1.961052287891E-02,
    3.01359333846E-02,6.142172249026E-02,0.129900497127,0.218956090808,
    0.326243667934,0.548981172109,0.78021021396,0.883728719726,
    0.974937305924,1.),.UNSPECIFIED.);
#4710 = CARTESIAN_POINT('',(30.412662658833,30.412662658833,
    -0.103528498001));
#4711 = CARTESIAN_POINT('',(30.37441303465,30.450912283017,
    -0.103528498001));
#4712 = CARTESIAN_POINT('',(30.337148993159,30.489289258475,
    -9.945241458525E-02));
#4713 = CARTESIAN_POINT('',(30.30143469085,30.527184934632,
    -9.1463186241E-02));
#4714 = CARTESIAN_POINT('',(30.267510354808,30.564223220068,
    -8.005891664447E-02));
#4715 = CARTESIAN_POINT('',(30.235467507089,30.600155613355,
    -6.581529672848E-02));
#4716 = CARTESIAN_POINT('',(30.205318932005,30.634817691039,
    -4.928841683594E-02));
#4717 = CARTESIAN_POINT('',(30.177016187399,30.668118685972,
    -3.098861860095E-02));
#4718 = CARTESIAN_POINT('',(30.129936037423,30.72471884005,
    3.862263213858E-03));
#4719 = CARTESIAN_POINT('',(30.110382927853,30.748659178594,
    1.992175300858E-02));
#4720 = CARTESIAN_POINT('',(30.091719483949,30.771906962523,
    3.670126806913E-02));
#4721 = CARTESIAN_POINT('',(30.073870899744,30.794505662126,
    5.408588438189E-02));
#4722 = CARTESIAN_POINT('',(30.056770838784,30.816496330769,
    7.198287822027E-02));
#4723 = CARTESIAN_POINT('',(30.040357836665,30.837920474194,
    9.031905164451E-02));
#4724 = CARTESIAN_POINT('',(30.024573478945,30.858821518638,
    0.109039424317));
#4725 = CARTESIAN_POINT('',(29.989086055264,30.906469041186,
    0.153524596052));
#4726 = CARTESIAN_POINT('',(29.969841572925,30.932826505537,
    0.179542311414));
#4727 = CARTESIAN_POINT('',(29.951506320779,30.958412028218,
    0.206058329951));
#4728 = CARTESIAN_POINT('',(29.933986007168,30.983298284764,
    0.232993344147));
#4729 = CARTESIAN_POINT('',(29.917204078506,31.007544930253,
    0.260285357374));
#4730 = CARTESIAN_POINT('',(29.901094687949,31.031204644783,
    0.287886060831));
#4731 = CARTESIAN_POINT('',(29.885599189625,31.054326163008,
    0.315759076747));
#4732 = CARTESIAN_POINT('',(29.848863645164,31.109991785827,
    0.38493725675));
#4733 = CARTESIAN_POINT('',(29.828267457386,31.141966155599,
    0.426508264376));
#4734 = CARTESIAN_POINT('',(29.808722060702,31.173008671582,
    0.468504021062));
#4735 = CARTESIAN_POINT('',(29.790110768609,31.203217507009,
    0.510856562772));
#4736 = CARTESIAN_POINT('',(29.772341318256,31.232670641036,
    0.553513455974));
#4737 = CARTESIAN_POINT('',(29.755336282737,31.261434447598,
    0.596434121572));
#4738 = CARTESIAN_POINT('',(29.739028319948,31.289567965895,
    0.639588057947));
#4739 = CARTESIAN_POINT('',(29.676788422864,31.399027151719,
    0.811858994711));
#4740 = CARTESIAN_POINT('',(29.635898687161,31.475767482029,
    0.94256002389));
#4741 = CARTESIAN_POINT('',(29.599177898948,31.548699988916,
    1.074480696082));
#4742 = CARTESIAN_POINT('',(29.565924447891,31.618441609095,
    1.207309764539));
#4743 = CARTESIAN_POINT('',(29.535550906356,31.685515555478,
    1.340811440921));
#4744 = CARTESIAN_POINT('',(29.507680224293,31.75026304121,
    1.474854054281));
#4745 = CARTESIAN_POINT('',(29.481986457337,31.812989910501,
    1.609363378346));
#4746 = CARTESIAN_POINT('',(29.406197677375,32.007362967641,
    2.039751946477));
#4747 = CARTESIAN_POINT('',(29.363462164198,32.132143023267,
    2.337036044383));
#4748 = CARTESIAN_POINT('',(29.327424845482,32.250701829124,
    2.635552889245));
#4749 = CARTESIAN_POINT('',(29.296970650543,32.364066111929,
    2.934976725395));
#4750 = CARTESIAN_POINT('',(29.271142338369,32.473125298285,
    3.235058143741));
#4751 = CARTESIAN_POINT('',(29.249364127149,32.5784196361,3.535666277317
    ));
#4752 = CARTESIAN_POINT('',(29.231132448479,32.680433797143,
    3.83673058719));
#4753 = CARTESIAN_POINT('',(29.196496257133,32.908426993317,
    4.530381884597));
#4754 = CARTESIAN_POINT('',(29.182291558043,33.032355757546,
    4.923158322155));
#4755 = CARTESIAN_POINT('',(29.172635938969,33.152114818639,
    5.316441805066));
#4756 = CARTESIAN_POINT('',(29.166987839286,33.268218812629,
    5.71013251753));
#4757 = CARTESIAN_POINT('',(29.164938196718,33.3810567142,6.104156142123
    ));
#4758 = CARTESIAN_POINT('',(29.166159340531,33.490941527039,
    6.49845837596));
#4759 = CARTESIAN_POINT('',(29.170394694116,33.598120360554,
    6.893003868544));
#4760 = CARTESIAN_POINT('',(29.185903170108,33.828917823323,
    7.763360963651));
#4761 = CARTESIAN_POINT('',(29.198439289233,33.951405091436,
    8.239255141839));
#4762 = CARTESIAN_POINT('',(29.214664110201,34.070624561381,
    8.715403698479));
#4763 = CARTESIAN_POINT('',(29.234296368807,34.186846488226,
    9.191765696053));
#4764 = CARTESIAN_POINT('',(29.25711586993,34.300282272499,
    9.668308543664));
#4765 = CARTESIAN_POINT('',(29.282942555075,34.411105009068,
    10.145006468716));
#4766 = CARTESIAN_POINT('',(29.311625442426,34.519460363803,
    10.621839731177));
#4767 = CARTESIAN_POINT('',(29.408263536382,34.845547562692,
    12.088990608347));
#4768 = CARTESIAN_POINT('',(29.485262342998,35.055503596971,
    13.079685830681));
#4769 = CARTESIAN_POINT('',(29.572927341206,35.256410791907,
    14.070747433013));
#4770 = CARTESIAN_POINT('',(29.670591766005,35.448907225339,
    15.062070512694));
#4771 = CARTESIAN_POINT('',(29.777816708951,35.633407892312,
    16.053569442778));
#4772 = CARTESIAN_POINT('',(29.894320403619,35.810174862743,
    17.045175145376));
#4773 = CARTESIAN_POINT('',(30.019971125937,35.979324449379,
    18.036834693719));
#4774 = CARTESIAN_POINT('',(30.294691866701,36.308537527146,
    20.057990771175));
#4775 = CARTESIAN_POINT('',(30.444467869545,36.4680034564,
    21.087456552368));
#4776 = CARTESIAN_POINT('',(30.604085250242,36.619241234179,
    22.116862304521));
#4777 = CARTESIAN_POINT('',(30.773683197991,36.762093891374,
    23.146150125117));
#4778 = CARTESIAN_POINT('',(30.953551937058,36.896248613783,
    24.17524798313));
#4779 = CARTESIAN_POINT('',(31.144137839288,37.02123134975,
    25.204069398778));
#4780 = CARTESIAN_POINT('',(31.346101871933,37.136347750398,
    26.232512128289));
#4781 = CARTESIAN_POINT('',(31.656464031723,37.287149081292,
    27.72065177599));
#4782 = CARTESIAN_POINT('',(31.754930224439,37.331588319878,
    28.180744909653));
#4783 = CARTESIAN_POINT('',(31.855978380313,37.37373550898,
    28.64072253944));
#4784 = CARTESIAN_POINT('',(31.959717825462,37.413476508587,
    29.100570110899));
#4785 = CARTESIAN_POINT('',(32.066275635286,37.450678273889,
    29.560269547629));
#4786 = CARTESIAN_POINT('',(32.175801961727,37.485183414356,
    30.019798959464));
#4787 = CARTESIAN_POINT('',(32.288479011276,37.516801032248,
    30.479132139499));
#4788 = CARTESIAN_POINT('',(32.506787677519,37.570398422043,
    31.342748931884));
#4789 = CARTESIAN_POINT('',(32.611662336705,37.593076800944,
    31.747077706332));
#4790 = CARTESIAN_POINT('',(32.719314387634,37.613166376228,
    32.151206809359));
#4791 = CARTESIAN_POINT('',(32.829925936597,37.630476434439,
    32.555110352753));
#4792 = CARTESIAN_POINT('',(32.943715507948,37.644776725304,
    32.958752890961));
#4793 = CARTESIAN_POINT('',(33.060946699431,37.655788518465,
    33.362088660225));
#4794 = CARTESIAN_POINT('',(33.18195000647,37.663162105239,
    33.76505964898));
#4795 = CARTESIAN_POINT('',(33.341582802516,37.6673212219,
    34.278200399121));
#4796 = CARTESIAN_POINT('',(33.3763107677,37.667907327475,34.38877622451
    ));
#4797 = CARTESIAN_POINT('',(33.411366556863,37.668173189114,
    34.499316865428));
#4798 = CARTESIAN_POINT('',(33.446760071256,37.668108294261,
    34.609820474197));
#4799 = CARTESIAN_POINT('',(33.482501950762,37.667701328427,
    34.720285010631));
#4800 = CARTESIAN_POINT('',(33.518603695357,37.666940048913,
    34.83070822792));
#4801 = CARTESIAN_POINT('',(33.555077786571,37.665811158524,
    34.941087658513));
#4802 = CARTESIAN_POINT('',(33.59193780895,37.664300179294,35.0514206));
#4803 = PCURVE('',#131,#4804);
#4804 = DEFINITIONAL_REPRESENTATION('',(#4805),#4899);
#4805 = B_SPLINE_CURVE_WITH_KNOTS('',8,(#4806,#4807,#4808,#4809,#4810,
    #4811,#4812,#4813,#4814,#4815,#4816,#4817,#4818,#4819,#4820,#4821,
    #4822,#4823,#4824,#4825,#4826,#4827,#4828,#4829,#4830,#4831,#4832,
    #4833,#4834,#4835,#4836,#4837,#4838,#4839,#4840,#4841,#4842,#4843,
    #4844,#4845,#4846,#4847,#4848,#4849,#4850,#4851,#4852,#4853,#4854,
    #4855,#4856,#4857,#4858,#4859,#4860,#4861,#4862,#4863,#4864,#4865,
    #4866,#4867,#4868,#4869,#4870,#4871,#4872,#4873,#4874,#4875,#4876,
    #4877,#4878,#4879,#4880,#4881,#4882,#4883,#4884,#4885,#4886,#4887,
    #4888,#4889,#4890,#4891,#4892,#4893,#4894,#4895,#4896,#4897,#4898),
  .UNSPECIFIED.,.F.,.F.,(9,7,7,7,7,7,7,7,7,7,7,7,7,9),(0.,
    6.993228465578E-03,1.240143273636E-02,1.961052287891E-02,
    3.01359333846E-02,6.142172249026E-02,0.129900497127,0.218956090808,
    0.326243667934,0.548981172109,0.78021021396,0.883728719726,
    0.974937305924,1.),.UNSPECIFIED.);
#4806 = CARTESIAN_POINT('',(0.785398163397,202.26620154028));
#4807 = CARTESIAN_POINT('',(0.786655850849,202.26620154028));
#4808 = CARTESIAN_POINT('',(0.787899428705,202.27027762369));
#4809 = CARTESIAN_POINT('',(0.789109516439,202.27826685204));
#4810 = CARTESIAN_POINT('',(0.790275894506,202.28967112163));
#4811 = CARTESIAN_POINT('',(0.791392921665,202.30391474155));
#4812 = CARTESIAN_POINT('',(0.792457666136,202.32044162144));
#4813 = CARTESIAN_POINT('',(0.793469432814,202.33874141968));
#4814 = CARTESIAN_POINT('',(0.795171733861,202.37359230149));
#4815 = CARTESIAN_POINT('',(0.795885656366,202.38965179129));
#4816 = CARTESIAN_POINT('',(0.796573419393,202.40643130635));
#4817 = CARTESIAN_POINT('',(0.797236971006,202.42381592266));
#4818 = CARTESIAN_POINT('',(0.797878081477,202.4417129165));
#4819 = CARTESIAN_POINT('',(0.798498448598,202.46004908992));
#4820 = CARTESIAN_POINT('',(0.799099750998,202.4787694626));
#4821 = CARTESIAN_POINT('',(0.800461981079,202.52325463433));
#4822 = CARTESIAN_POINT('',(0.80120887741,202.54927234969));
#4823 = CARTESIAN_POINT('',(0.801927921031,202.57578836823));
#4824 = CARTESIAN_POINT('',(0.802621866299,202.60272338243));
#4825 = CARTESIAN_POINT('',(0.803292961419,202.63001539565));
#4826 = CARTESIAN_POINT('',(0.803943163054,202.65761609911));
#4827 = CARTESIAN_POINT('',(0.80457424344,202.68548911503));
#4828 = CARTESIAN_POINT('',(0.806083579866,202.75466729503));
#4829 = CARTESIAN_POINT('',(0.806941687939,202.79623830266));
#4830 = CARTESIAN_POINT('',(0.80776684855,202.83823405934));
#4831 = CARTESIAN_POINT('',(0.808562611283,202.88058660105));
#4832 = CARTESIAN_POINT('',(0.809331790406,202.92324349425));
#4833 = CARTESIAN_POINT('',(0.810076763692,202.96616415985));
#4834 = CARTESIAN_POINT('',(0.810799620642,203.00931809623));
#4835 = CARTESIAN_POINT('',(0.813590392431,203.18158903299));
#4836 = CARTESIAN_POINT('',(0.815497814818,203.31229006217));
#4837 = CARTESIAN_POINT('',(0.817271866384,203.44421073436));
#4838 = CARTESIAN_POINT('',(0.818934424086,203.57703980282));
#4839 = CARTESIAN_POINT('',(0.820503915091,203.7105414792));
#4840 = CARTESIAN_POINT('',(0.821992281024,203.84458409256));
#4841 = CARTESIAN_POINT('',(0.823410014272,203.97909341662));
#4842 = CARTESIAN_POINT('',(0.827732050755,204.40948198476));
#4843 = CARTESIAN_POINT('',(0.830396705583,204.70676608266));
#4844 = CARTESIAN_POINT('',(0.832842614781,205.00528292752));
#4845 = CARTESIAN_POINT('',(0.835105680222,205.30470676367));
#4846 = CARTESIAN_POINT('',(0.837216843243,205.60478818202));
#4847 = CARTESIAN_POINT('',(0.839194918811,205.9053963156));
#4848 = CARTESIAN_POINT('',(0.841056548226,206.20646062547));
#4849 = CARTESIAN_POINT('',(0.845100174855,206.90011192288));
#4850 = CARTESIAN_POINT('',(0.84720966012,207.29288836043));
#4851 = CARTESIAN_POINT('',(0.849170048508,207.68617184334));
#4852 = CARTESIAN_POINT('',(0.850999350695,208.07986255581));
#4853 = CARTESIAN_POINT('',(0.852711253918,208.4738861804));
#4854 = CARTESIAN_POINT('',(0.854316799791,208.86818841424));
#4855 = CARTESIAN_POINT('',(0.855824727943,209.26273390682));
#4856 = CARTESIAN_POINT('',(0.858950429095,210.13309100193));
#4857 = CARTESIAN_POINT('',(0.860527422654,210.60898518012));
#4858 = CARTESIAN_POINT('',(0.861986221627,211.08513373676));
#4859 = CARTESIAN_POINT('',(0.863336567032,211.56149573433));
#4860 = CARTESIAN_POINT('',(0.864586177234,212.03803858194));
#4861 = CARTESIAN_POINT('',(0.865741443472,212.51473650699));
#4862 = CARTESIAN_POINT('',(0.866807799379,212.99156976946));
#4863 = CARTESIAN_POINT('',(0.869828401795,214.45872064663));
#4864 = CARTESIAN_POINT('',(0.871503309395,215.44941586896));
#4865 = CARTESIAN_POINT('',(0.872855186714,216.44047747129));
#4866 = CARTESIAN_POINT('',(0.873909870531,217.43180055097));
#4867 = CARTESIAN_POINT('',(0.874685628385,218.42329948106));
#4868 = CARTESIAN_POINT('',(0.87519560385,219.41490518365));
#4869 = CARTESIAN_POINT('',(0.875448160675,220.406564732));
#4870 = CARTESIAN_POINT('',(0.875447574084,222.42772080945));
#4871 = CARTESIAN_POINT('',(0.875174779035,223.45718659065));
#4872 = CARTESIAN_POINT('',(0.874634512582,224.4865923428));
#4873 = CARTESIAN_POINT('',(0.873827265917,225.5158801634));
#4874 = CARTESIAN_POINT('',(0.872749029935,226.54497802141));
#4875 = CARTESIAN_POINT('',(0.87139128485,227.57379943706));
#4876 = CARTESIAN_POINT('',(0.869739501787,228.60224216657));
#4877 = CARTESIAN_POINT('',(0.86688641293,230.09038181427));
#4878 = CARTESIAN_POINT('',(0.865940180558,230.55047494793));
#4879 = CARTESIAN_POINT('',(0.864927781659,231.01045257772));
#4880 = CARTESIAN_POINT('',(0.863846533237,231.47030014918));
#4881 = CARTESIAN_POINT('',(0.862693258591,231.92999958591));
#4882 = CARTESIAN_POINT('',(0.861464143434,232.38952899774));
#4883 = CARTESIAN_POINT('',(0.860154492186,232.84886217778));
#4884 = CARTESIAN_POINT('',(0.857528295087,233.71247897016));
#4885 = CARTESIAN_POINT('',(0.856231105369,234.11680774461));
#4886 = CARTESIAN_POINT('',(0.854862738843,234.52093684764));
#4887 = CARTESIAN_POINT('',(0.85341840266,234.92484039103));
#4888 = CARTESIAN_POINT('',(0.851892283745,235.32848292924));
#4889 = CARTESIAN_POINT('',(0.850277311799,235.7318186985));
#4890 = CARTESIAN_POINT('',(0.848564559073,236.13478968726));
#4891 = CARTESIAN_POINT('',(0.846240994053,236.6479304374));
#4892 = CARTESIAN_POINT('',(0.845731840081,236.75850626279));
#4893 = CARTESIAN_POINT('',(0.845214132081,236.86904690371));
#4894 = CARTESIAN_POINT('',(0.844687599736,236.97955051248));
#4895 = CARTESIAN_POINT('',(0.844151951928,237.09001504891));
#4896 = CARTESIAN_POINT('',(0.843606873368,237.2004382662));
#4897 = CARTESIAN_POINT('',(0.843052021228,237.31081769679));
#4898 = CARTESIAN_POINT('',(0.842487021772,237.42115063828));
#4899 = ( GEOMETRIC_REPRESENTATION_CONTEXT(2) 
PARAMETRIC_REPRESENTATION_CONTEXT() REPRESENTATION_CONTEXT('2D SPACE',''
  ) );
#4900 = PCURVE('',#1021,#4901);
#4901 = DEFINITIONAL_REPRESENTATION('',(#4902),#4996);
#4902 = B_SPLINE_CURVE_WITH_KNOTS('',8,(#4903,#4904,#4905,#4906,#4907,
    #4908,#4909,#4910,#4911,#4912,#4913,#4914,#4915,#4916,#4917,#4918,
    #4919,#4920,#4921,#4922,#4923,#4924,#4925,#4926,#4927,#4928,#4929,
    #4930,#4931,#4932,#4933,#4934,#4935,#4936,#4937,#4938,#4939,#4940,
    #4941,#4942,#4943,#4944,#4945,#4946,#4947,#4948,#4949,#4950,#4951,
    #4952,#4953,#4954,#4955,#4956,#4957,#4958,#4959,#4960,#4961,#4962,
    #4963,#4964,#4965,#4966,#4967,#4968,#4969,#4970,#4971,#4972,#4973,
    #4974,#4975,#4976,#4977,#4978,#4979,#4980,#4981,#4982,#4983,#4984,
    #4985,#4986,#4987,#4988,#4989,#4990,#4991,#4992,#4993,#4994,#4995),
  .UNSPECIFIED.,.F.,.F.,(9,7,7,7,7,7,7,7,7,7,7,7,7,9),(0.,
    6.993228465578E-03,1.240143273636E-02,1.961052287891E-02,
    3.01359333846E-02,6.142172249026E-02,0.129900497127,0.218956090808,
    0.326243667934,0.548981172109,0.78021021396,0.883728719726,
    0.974937305924,1.),.UNSPECIFIED.);
#4903 = CARTESIAN_POINT('',(6.918664430607E-16,208.17650415798));
#4904 = CARTESIAN_POINT('',(1.272779700604E-02,208.17650415798));
#4905 = CARTESIAN_POINT('',(2.531279742571E-02,208.17242807456));
#4906 = CARTESIAN_POINT('',(3.75630420037E-02,208.16443884622));
#4907 = CARTESIAN_POINT('',(4.937877278139E-02,208.15303457662));
#4908 = CARTESIAN_POINT('',(6.070506391775E-02,208.1387909567));
#4909 = CARTESIAN_POINT('',(7.151303997218E-02,208.12226407682));
#4910 = CARTESIAN_POINT('',(8.179565514726E-02,208.10396427858));
#4911 = CARTESIAN_POINT('',(9.911834936601E-02,208.06911339676));
#4912 = CARTESIAN_POINT('',(0.106391134842,208.05305390697));
#4913 = CARTESIAN_POINT('',(0.113405430237,208.03627439191));
#4914 = CARTESIAN_POINT('',(0.120180810282,208.0188897756));
#4915 = CARTESIAN_POINT('',(0.126735000332,208.00099278176));
#4916 = CARTESIAN_POINT('',(0.133084984043,207.98265660833));
#4917 = CARTESIAN_POINT('',(0.139247576009,207.96393623566));
#4918 = CARTESIAN_POINT('',(0.15322658874,207.91945106393));
#4919 = CARTESIAN_POINT('',(0.160905149381,207.89343334857));
#4920 = CARTESIAN_POINT('',(0.168311023514,207.86691733003));
#4921 = CARTESIAN_POINT('',(0.175471711329,207.83998231583));
#4922 = CARTESIAN_POINT('',(0.182409609224,207.8126903026));
#4923 = CARTESIAN_POINT('',(0.189144197969,207.78508959915));
#4924 = CARTESIAN_POINT('',(0.195693140776,207.75721658323));
#4925 = CARTESIAN_POINT('',(0.211385973938,207.68803840323));
#4926 = CARTESIAN_POINT('',(0.220334535524,207.6464673956));
#4927 = CARTESIAN_POINT('',(0.228965136165,207.60447163892));
#4928 = CARTESIAN_POINT('',(0.23731302093,207.56211909721));
#4929 = CARTESIAN_POINT('',(0.245406065497,207.51946220401));
#4930 = CARTESIAN_POINT('',(0.253267801425,207.47654153841));
#4931 = CARTESIAN_POINT('',(0.26091892103,207.43338760203));
#4932 = CARTESIAN_POINT('',(0.290546475912,207.26111666527));
#4933 = CARTESIAN_POINT('',(0.310998607587,207.13041563609));
#4934 = CARTESIAN_POINT('',(0.330203559775,206.9984949639));
#4935 = CARTESIAN_POINT('',(0.348375248078,206.86566589543));
#4936 = CARTESIAN_POINT('',(0.365693921303,206.73216421906));
#4937 = CARTESIAN_POINT('',(0.382275595086,206.5981216057));
#4938 = CARTESIAN_POINT('',(0.398222759942,206.46361228163));
#4939 = CARTESIAN_POINT('',(0.44731123991,206.0332237135));
#4940 = CARTESIAN_POINT('',(0.478318349564,205.7359396156));
#4941 = CARTESIAN_POINT('',(0.507447120506,205.43742277073));
#4942 = CARTESIAN_POINT('',(0.535038593329,205.13799893459));
#4943 = CARTESIAN_POINT('',(0.561387694494,204.83791751623));
#4944 = CARTESIAN_POINT('',(0.586671124669,204.53730938266));
#4945 = CARTESIAN_POINT('',(0.611046534551,204.23624507279));
#4946 = CARTESIAN_POINT('',(0.665307502446,203.54259377538));
#4947 = CARTESIAN_POINT('',(0.694638450714,203.14981733782));
#4948 = CARTESIAN_POINT('',(0.72288252144,202.75653385491));
#4949 = CARTESIAN_POINT('',(0.75020679664,202.36284314245));
#4950 = CARTESIAN_POINT('',(0.776737657377,201.96881951786));
#4951 = CARTESIAN_POINT('',(0.802577031238,201.57451728402));
#4952 = CARTESIAN_POINT('',(0.827805624353,201.17997179144));
#4953 = CARTESIAN_POINT('',(0.882233371016,200.30961469633));
#4954 = CARTESIAN_POINT('',(0.911186852828,199.83372051814));
#4955 = CARTESIAN_POINT('',(0.939471308017,199.3575719615));
#4956 = CARTESIAN_POINT('',(0.967177253072,198.88120996393));
#4957 = CARTESIAN_POINT('',(0.994377069043,198.40466711631));
#4958 = CARTESIAN_POINT('',(1.021131631851,197.92796919126));
#4959 = CARTESIAN_POINT('',(1.04749384111,197.4511359288));
#4960 = CARTESIAN_POINT('',(1.127518675485,195.98398505163));
#4961 = CARTESIAN_POINT('',(1.18003185213,194.9932898293));
#4962 = CARTESIAN_POINT('',(1.231456428001,194.00222822696));
#4963 = CARTESIAN_POINT('',(1.282077443181,193.01090514728));
#4964 = CARTESIAN_POINT('',(1.33212707727,192.0194062172));
#4965 = CARTESIAN_POINT('',(1.381809690577,191.0278005146));
#4966 = CARTESIAN_POINT('',(1.431309822051,190.03614096626));
#4967 = CARTESIAN_POINT('',(1.532199356621,188.0149848888));
#4968 = CARTESIAN_POINT('',(1.583587066295,186.98551910761));
#4969 = CARTESIAN_POINT('',(1.635179083548,185.95611335546));
#4970 = CARTESIAN_POINT('',(1.687173701435,184.92682553486));
#4971 = CARTESIAN_POINT('',(1.739781841489,183.89772767685));
#4972 = CARTESIAN_POINT('',(1.793236988254,182.8689062612));
#4973 = CARTESIAN_POINT('',(1.847817106479,181.84046353169));
#4974 = CARTESIAN_POINT('',(1.929007458789,180.35232388399));
#4975 = CARTESIAN_POINT('',(1.954416039704,179.89223075033));
#4976 = CARTESIAN_POINT('',(1.980159417189,179.43225312054));
#4977 = CARTESIAN_POINT('',(2.006275660569,178.97240554908));
#4978 = CARTESIAN_POINT('',(2.032807681421,178.51270611235));
#4979 = CARTESIAN_POINT('',(2.05980495452,178.05317670051));
#4980 = CARTESIAN_POINT('',(2.087326381807,177.59384352048));
#4981 = CARTESIAN_POINT('',(2.140218570357,176.73022672809));
#4982 = CARTESIAN_POINT('',(2.165455560327,176.32589795365));
#4983 = CARTESIAN_POINT('',(2.19120518312,175.92176885062));
#4984 = CARTESIAN_POINT('',(2.217525029818,175.51786530723));
#4985 = CARTESIAN_POINT('',(2.244483961662,175.11422276902));
#4986 = CARTESIAN_POINT('',(2.272164885211,174.71088699975));
#4987 = CARTESIAN_POINT('',(2.300671787496,174.307916011));
#4988 = CARTESIAN_POINT('',(2.338245191788,173.79477526086));
#4989 = CARTESIAN_POINT('',(2.346417296908,173.68419943547));
#4990 = CARTESIAN_POINT('',(2.354665359233,173.57365879455));
#4991 = CARTESIAN_POINT('',(2.362992512713,173.46315518578));
#4992 = CARTESIAN_POINT('',(2.371402130079,173.35269064935));
#4993 = CARTESIAN_POINT('',(2.379897862647,173.24226743206));
#4994 = CARTESIAN_POINT('',(2.38848368012,173.13188800147));
#4995 = CARTESIAN_POINT('',(2.397163910398,173.02155505998));
#4996 = ( GEOMETRIC_REPRESENTATION_CONTEXT(2) 
PARAMETRIC_REPRESENTATION_CONTEXT() REPRESENTATION_CONTEXT('2D SPACE',''
  ) );
#4997 = ORIENTED_EDGE('',*,*,#4998,.F.);
#4998 = EDGE_CURVE('',#4999,#4706,#5001,.T.);
#4999 = VERTEX_POINT('',#5000);
#5000 = CARTESIAN_POINT('',(37.664300187511,33.591937608502,35.05142));
#5001 = SURFACE_CURVE('',#5002,(#5096,#5193),.PCURVE_S1.);
#5002 = B_SPLINE_CURVE_WITH_KNOTS('',8,(#5003,#5004,#5005,#5006,#5007,
    #5008,#5009,#5010,#5011,#5012,#5013,#5014,#5015,#5016,#5017,#5018,
    #5019,#5020,#5021,#5022,#5023,#5024,#5025,#5026,#5027,#5028,#5029,
    #5030,#5031,#5032,#5033,#5034,#5035,#5036,#5037,#5038,#5039,#5040,
    #5041,#5042,#5043,#5044,#5045,#5046,#5047,#5048,#5049,#5050,#5051,
    #5052,#5053,#5054,#5055,#5056,#5057,#5058,#5059,#5060,#5061,#5062,
    #5063,#5064,#5065,#5066,#5067,#5068,#5069,#5070,#5071,#5072,#5073,
    #5074,#5075,#5076,#5077,#5078,#5079,#5080,#5081,#5082,#5083,#5084,
    #5085,#5086,#5087,#5088,#5089,#5090,#5091,#5092,#5093,#5094,#5095),
  .UNSPECIFIED.,.F.,.F.,(9,7,7,7,7,7,7,7,7,7,7,7,7,9),(0.,0.111370321442
    ,0.245186191894,0.451203810916,0.662612969901,0.757596823912,
    0.841181625088,0.887369009715,0.926488817371,0.963987830948,
    0.98230156342,0.992211884284,0.995800527577,1.),.UNSPECIFIED.);
#5003 = CARTESIAN_POINT('',(37.664300179294,33.59193780895,35.0514206));
#5004 = CARTESIAN_POINT('',(37.671014615766,33.428140535158,
    34.561126946921));
#5005 = CARTESIAN_POINT('',(37.67018424009,33.271968665654,
    34.069929994662));
#5006 = CARTESIAN_POINT('',(37.663078398744,33.122222159119,
    33.578038626154));
#5007 = CARTESIAN_POINT('',(37.650503790567,32.978142445172,
    33.085598319025));
#5008 = CARTESIAN_POINT('',(37.63306468442,32.8391606649,32.59271638933)
  );
#5009 = CARTESIAN_POINT('',(37.611243729856,32.704819482265,
    32.099469507522));
#5010 = CARTESIAN_POINT('',(37.585412889538,32.574762585123,
    31.605904583531));
#5011 = CARTESIAN_POINT('',(37.520403913739,32.297199957009,
    30.518651127291));
#5012 = CARTESIAN_POINT('',(37.47958626915,32.151469081472,
    29.924863520458));
#5013 = CARTESIAN_POINT('',(37.43396948808,32.010977974073,
    29.330750310505));
#5014 = CARTESIAN_POINT('',(37.38395145228,31.875347046364,
    28.736366666173));
#5015 = CARTESIAN_POINT('',(37.329846596806,31.744276511348,
    28.141756964738));
#5016 = CARTESIAN_POINT('',(37.271910983784,31.617521801324,
    27.546956105043));
#5017 = CARTESIAN_POINT('',(37.210352467217,31.494883634874,
    26.951990037342));
#5018 = CARTESIAN_POINT('',(37.045257091378,31.193469112929,
    25.440663162139));
#5019 = CARTESIAN_POINT('',(36.936993600703,31.020109579613,
    24.524118528184));
#5020 = CARTESIAN_POINT('',(36.821179906742,30.855514703262,
    23.607317236791));
#5021 = CARTESIAN_POINT('',(36.69824221713,30.699279438636,
    22.690324453561));
#5022 = CARTESIAN_POINT('',(36.568477411975,30.551125092735,
    21.773197243366));
#5023 = CARTESIAN_POINT('',(36.432081699876,30.410870938762,
    20.855985139005));
#5024 = CARTESIAN_POINT('',(36.289155618614,30.278429368047,
    19.938730358524));
#5025 = CARTESIAN_POINT('',(35.986342963702,30.025919671721,
    18.080200941257));
#5026 = CARTESIAN_POINT('',(35.826113671175,29.906268562011,
    17.138945142469));
#5027 = CARTESIAN_POINT('',(35.65902132458,29.794858012703,
    16.197735846467));
#5028 = CARTESIAN_POINT('',(35.48497043528,29.691796949905,
    15.256619157791));
#5029 = CARTESIAN_POINT('',(35.303749790377,29.597313191428,
    14.315653237316));
#5030 = CARTESIAN_POINT('',(35.11502417553,29.511761710669,
    13.374908716454));
#5031 = CARTESIAN_POINT('',(34.918283248255,29.435676156761,
    12.434470624656));
#5032 = CARTESIAN_POINT('',(34.620329433478,29.340368767493,
    11.072100132809));
#5033 = CARTESIAN_POINT('',(34.526176791772,29.312907215911,
    10.649842303788));
#5034 = CARTESIAN_POINT('',(34.430164106432,29.287607643973,
    10.22768003653));
#5035 = CARTESIAN_POINT('',(34.332202587807,29.264562188354,
    9.805625726991));
#5036 = CARTESIAN_POINT('',(34.232188234357,29.24387899357,
    9.383694700593));
#5037 = CARTESIAN_POINT('',(34.129997109152,29.22568700912,
    8.961905530018));
#5038 = CARTESIAN_POINT('',(34.025477363973,29.210144100399,8.5402805808
    ));
#5039 = CARTESIAN_POINT('',(33.824244496441,29.186276453951,
    7.747989438271));
#5040 = CARTESIAN_POINT('',(33.728100583442,29.177309886608,
    7.377284726519));
#5041 = CARTESIAN_POINT('',(33.629876598564,29.17068237375,
    7.006747543882));
#5042 = CARTESIAN_POINT('',(33.529415817521,29.166556681551,
    6.636400409332));
#5043 = CARTESIAN_POINT('',(33.426534087641,29.165125081222,
    6.266273432006));
#5044 = CARTESIAN_POINT('',(33.321007446738,29.166622026609,
    5.896405506696));
#5045 = CARTESIAN_POINT('',(33.212547738405,29.17134916812,
    5.526846739216));
#5046 = CARTESIAN_POINT('',(33.038997867023,29.184334234592,
    4.953657634163));
#5047 = CARTESIAN_POINT('',(32.976215679558,29.190066289525,
    4.749769672247));
#5048 = CARTESIAN_POINT('',(32.912353880398,29.196977424455,
    4.546008580565));
#5049 = CARTESIAN_POINT('',(32.847336446228,29.205147379866,
    4.34238815287));
#5050 = CARTESIAN_POINT('',(32.78107602943,29.214668190743,
    4.138925740973));
#5051 = CARTESIAN_POINT('',(32.713469912484,29.225648369598,
    3.935642784205));
#5052 = CARTESIAN_POINT('',(32.644392998666,29.238220161825,
    3.732565739374));
#5053 = CARTESIAN_POINT('',(32.513801957535,29.264686857617,
    3.357927331044));
#5054 = CARTESIAN_POINT('',(32.452749331673,29.278084951686,
    3.186303326038));
#5055 = CARTESIAN_POINT('',(32.390434149012,29.292844321593,
    3.014871641666));
#5056 = CARTESIAN_POINT('',(32.326741719528,29.309086330899,
    2.843656969424));
#5057 = CARTESIAN_POINT('',(32.261538580024,29.326953396163,
    2.672692346795));
#5058 = CARTESIAN_POINT('',(32.194663323666,29.346618570254,
    2.502020723153));
#5059 = CARTESIAN_POINT('',(32.12590815464,29.368304853499,
    2.331698191632));
#5060 = CARTESIAN_POINT('',(31.987012381588,29.415328866183,
    1.998938773022));
#5061 = CARTESIAN_POINT('',(31.91707219269,29.440470171846,
    1.836529403308));
#5062 = CARTESIAN_POINT('',(31.844902679145,29.468007561487,
    1.674577594235));
#5063 = CARTESIAN_POINT('',(31.770169624364,29.498294782037,
    1.513155591131));
#5064 = CARTESIAN_POINT('',(31.69249784812,29.531742000389,
    1.352392005655));
#5065 = CARTESIAN_POINT('',(31.611305977014,29.568993649738,
    1.192518469776));
#5066 = CARTESIAN_POINT('',(31.525906990414,29.610819879564,
    1.033840728211));
#5067 = CARTESIAN_POINT('',(31.390280674085,29.682370860394,
    0.800296174003));
#5068 = CARTESIAN_POINT('',(31.344452210467,29.707317975793,
    0.72415398847));
#5069 = CARTESIAN_POINT('',(31.297096862352,29.733938910576,
    0.648515146536));
#5070 = CARTESIAN_POINT('',(31.24798125659,29.76248945922,0.573462150298
    ));
#5071 = CARTESIAN_POINT('',(31.196851553758,29.793262903276,
    0.499139760981));
#5072 = CARTESIAN_POINT('',(31.143341308552,29.826693694101,
    0.425797498853));
#5073 = CARTESIAN_POINT('',(31.087021020709,29.86330141115,0.35376608182
    ));
#5074 = CARTESIAN_POINT('',(30.994494970118,29.926260150344,
    0.24568309292));
#5075 = CARTESIAN_POINT('',(30.960988065397,29.949561758556,
    0.208369637112));
#5076 = CARTESIAN_POINT('',(30.926271390403,29.97425759037,
    0.171722824083));
#5077 = CARTESIAN_POINT('',(30.890166526416,30.000556820626,
    0.135855573419));
#5078 = CARTESIAN_POINT('',(30.852481766137,30.028711653717,
    0.100989725657));
#5079 = CARTESIAN_POINT('',(30.813019504007,30.059007949009,
    6.744893474219E-02));
#5080 = CARTESIAN_POINT('',(30.771544167647,30.09180350714,
    3.568156961505E-02));
#5081 = CARTESIAN_POINT('',(30.711738250621,30.140704322781,
    -4.236397977422E-03));
#5082 = CARTESIAN_POINT('',(30.695533170627,30.154101096984,
    -1.45167950006E-02));
#5083 = CARTESIAN_POINT('',(30.67900671224,30.167919249277,
    -2.443171099201E-02));
#5084 = CARTESIAN_POINT('',(30.662147736891,30.182181696743,
    -3.393795171823E-02));
#5085 = CARTESIAN_POINT('',(30.644950083737,30.196908639154,
    -4.298403751345E-02));
#5086 = CARTESIAN_POINT('',(30.627413234059,30.212116606247,
    -5.151125914085E-02));
#5087 = CARTESIAN_POINT('',(30.609542975668,30.227817505001,
    -5.945473365405E-02));
#5088 = CARTESIAN_POINT('',(30.570064853231,30.262975286175,
    -7.527498373157E-02));
#5089 = CARTESIAN_POINT('',(30.548322482032,30.282630833302,
    -8.291693748757E-02));
#5090 = CARTESIAN_POINT('',(30.526173879645,30.30296963212,
    -8.954475857242E-02));
#5091 = CARTESIAN_POINT('',(30.503689558456,30.323956308264,
    -9.50296129618E-02));
#5092 = CARTESIAN_POINT('',(30.480963037669,30.345530666203,
    -9.924931738194E-02));
#5093 = CARTESIAN_POINT('',(30.458113058638,30.367601554954,
    -0.102102714002));
#5094 = CARTESIAN_POINT('',(30.435286595177,30.39003872249,
    -0.103528498001));
#5095 = CARTESIAN_POINT('',(30.412662658833,30.412662658833,
    -0.103528498001));
#5096 = PCURVE('',#131,#5097);
#5097 = DEFINITIONAL_REPRESENTATION('',(#5098),#5192);
#5098 = B_SPLINE_CURVE_WITH_KNOTS('',8,(#5099,#5100,#5101,#5102,#5103,
    #5104,#5105,#5106,#5107,#5108,#5109,#5110,#5111,#5112,#5113,#5114,
    #5115,#5116,#5117,#5118,#5119,#5120,#5121,#5122,#5123,#5124,#5125,
    #5126,#5127,#5128,#5129,#5130,#5131,#5132,#5133,#5134,#5135,#5136,
    #5137,#5138,#5139,#5140,#5141,#5142,#5143,#5144,#5145,#5146,#5147,
    #5148,#5149,#5150,#5151,#5152,#5153,#5154,#5155,#5156,#5157,#5158,
    #5159,#5160,#5161,#5162,#5163,#5164,#5165,#5166,#5167,#5168,#5169,
    #5170,#5171,#5172,#5173,#5174,#5175,#5176,#5177,#5178,#5179,#5180,
    #5181,#5182,#5183,#5184,#5185,#5186,#5187,#5188,#5189,#5190,#5191),
  .UNSPECIFIED.,.F.,.F.,(9,7,7,7,7,7,7,7,7,7,7,7,7,9),(0.,0.111370321442
    ,0.245186191894,0.451203810916,0.662612969901,0.757596823912,
    0.841181625088,0.887369009715,0.926488817371,0.963987830948,
    0.98230156342,0.992211884284,0.995800527577,1.),.UNSPECIFIED.);
#5099 = CARTESIAN_POINT('',(0.728309305023,237.42115063828));
#5100 = CARTESIAN_POINT('',(0.72579858027,236.9308569852));
#5101 = CARTESIAN_POINT('',(0.723488296355,236.43966003294));
#5102 = CARTESIAN_POINT('',(0.721345553903,235.94776866444));
#5103 = CARTESIAN_POINT('',(0.719349699112,235.4553283573));
#5104 = CARTESIAN_POINT('',(0.717485363493,234.9624464276));
#5105 = CARTESIAN_POINT('',(0.715740308842,234.4691995458));
#5106 = CARTESIAN_POINT('',(0.714105143567,233.97563462181));
#5107 = CARTESIAN_POINT('',(0.71072981537,232.88838116557));
#5108 = CARTESIAN_POINT('',(0.709035025277,232.29459355874));
#5109 = CARTESIAN_POINT('',(0.707474129227,231.70048034879));
#5110 = CARTESIAN_POINT('',(0.706037367794,231.10609670445));
#5111 = CARTESIAN_POINT('',(0.70471717488,230.51148700301));
#5112 = CARTESIAN_POINT('',(0.703507512261,229.91668614332));
#5113 = CARTESIAN_POINT('',(0.702403604393,229.32172007562));
#5114 = CARTESIAN_POINT('',(0.69985899158,227.81039320042));
#5115 = CARTESIAN_POINT('',(0.698557971452,226.89384856647));
#5116 = CARTESIAN_POINT('',(0.697484608207,225.97704727506));
#5117 = CARTESIAN_POINT('',(0.696630390995,225.06005449184));
#5118 = CARTESIAN_POINT('',(0.695990368787,224.14292728165));
#5119 = CARTESIAN_POINT('',(0.695562434482,223.22571517728));
#5120 = CARTESIAN_POINT('',(0.695347270484,222.3084603968));
#5121 = CARTESIAN_POINT('',(0.695349675506,220.44993097954));
#5122 = CARTESIAN_POINT('',(0.695578712111,219.50867518075));
#5123 = CARTESIAN_POINT('',(0.696039478243,218.56746588475));
#5124 = CARTESIAN_POINT('',(0.696739011314,217.62634919607));
#5125 = CARTESIAN_POINT('',(0.697688130586,216.68538327559));
#5126 = CARTESIAN_POINT('',(0.698901796508,215.74463875473));
#5127 = CARTESIAN_POINT('',(0.700400897184,214.80420066293));
#5128 = CARTESIAN_POINT('',(0.703033223739,213.44183017109));
#5129 = CARTESIAN_POINT('',(0.703913288732,213.01957234207));
#5130 = CARTESIAN_POINT('',(0.704860252625,212.59741007481));
#5131 = CARTESIAN_POINT('',(0.705877465321,212.17535576527));
#5132 = CARTESIAN_POINT('',(0.706968805212,211.75342473887));
#5133 = CARTESIAN_POINT('',(0.70813883986,211.3316355683));
#5134 = CARTESIAN_POINT('',(0.709393096314,210.91001061908));
#5135 = CARTESIAN_POINT('',(0.711922330377,210.11771947655));
#5136 = CARTESIAN_POINT('',(0.713176756369,209.7470147648));
#5137 = CARTESIAN_POINT('',(0.71450636422,209.37647758216));
#5138 = CARTESIAN_POINT('',(0.715916746721,209.00613044761));
#5139 = CARTESIAN_POINT('',(0.717414458417,208.63600347028));
#5140 = CARTESIAN_POINT('',(0.719007434226,208.26613554497));
#5141 = CARTESIAN_POINT('',(0.720705812489,207.89657677749));
#5142 = CARTESIAN_POINT('',(0.723527395809,207.32338767244));
#5143 = CARTESIAN_POINT('',(0.724567952687,207.11949971053));
#5144 = CARTESIAN_POINT('',(0.725647125816,206.91573861884));
#5145 = CARTESIAN_POINT('',(0.72676756676,206.71211819115));
#5146 = CARTESIAN_POINT('',(0.727932322611,206.50865577925));
#5147 = CARTESIAN_POINT('',(0.729144972592,206.30537282248));
#5148 = CARTESIAN_POINT('',(0.730409864592,206.10229577765));
#5149 = CARTESIAN_POINT('',(0.732852656916,205.72765736932));
#5150 = CARTESIAN_POINT('',(0.73401423169,205.55603336432));
#5151 = CARTESIAN_POINT('',(0.735220475605,205.38460167994));
#5152 = CARTESIAN_POINT('',(0.736475356358,205.2133870077));
#5153 = CARTESIAN_POINT('',(0.737783506041,205.04242238507));
#5154 = CARTESIAN_POINT('',(0.73915053134,204.87175076143));
#5155 = CARTESIAN_POINT('',(0.740583637602,204.70142822991));
#5156 = CARTESIAN_POINT('',(0.743538978673,204.3686688113));
#5157 = CARTESIAN_POINT('',(0.745054538599,204.20625944159));
#5158 = CARTESIAN_POINT('',(0.7466481861,204.04430763251));
#5159 = CARTESIAN_POINT('',(0.748331372069,203.88288562941));
#5160 = CARTESIAN_POINT('',(0.750117181903,203.72212204393));
#5161 = CARTESIAN_POINT('',(0.752025986927,203.56224850805));
#5162 = CARTESIAN_POINT('',(0.754082003992,203.40357076649));
#5163 = CARTESIAN_POINT('',(0.757439821183,203.17002621228));
#5164 = CARTESIAN_POINT('',(0.758588339912,203.09388402675));
#5165 = CARTESIAN_POINT('',(0.759790283224,203.01824518481));
#5166 = CARTESIAN_POINT('',(0.761053739714,202.94319218858));
#5167 = CARTESIAN_POINT('',(0.762387766683,202.86886979926));
#5168 = CARTESIAN_POINT('',(0.763805609339,202.79552753713));
#5169 = CARTESIAN_POINT('',(0.765322961767,202.7234961201));
#5170 = CARTESIAN_POINT('',(0.767864967996,202.6154131312));
#5171 = CARTESIAN_POINT('',(0.768794286886,202.57809967539));
#5172 = CARTESIAN_POINT('',(0.769766782162,202.54145286236));
#5173 = CARTESIAN_POINT('',(0.770788845571,202.5055856117));
#5174 = CARTESIAN_POINT('',(0.771867803356,202.47071976394));
#5175 = CARTESIAN_POINT('',(0.773011636243,202.43717897302));
#5176 = CARTESIAN_POINT('',(0.774230128941,202.40541160789));
#5177 = CARTESIAN_POINT('',(0.776014502671,202.3654936403));
#5178 = CARTESIAN_POINT('',(0.776500487075,202.35521324328));
#5179 = CARTESIAN_POINT('',(0.776998747985,202.34529832729));
#5180 = CARTESIAN_POINT('',(0.777509845902,202.33579208656));
#5181 = CARTESIAN_POINT('',(0.778034214437,202.32674600077));
#5182 = CARTESIAN_POINT('',(0.778572133335,202.31821877914));
#5183 = CARTESIAN_POINT('',(0.77912370149,202.31027530462));
#5184 = CARTESIAN_POINT('',(0.780350106545,202.29445505455));
#5185 = CARTESIAN_POINT('',(0.781030443079,202.28681310079));
#5186 = CARTESIAN_POINT('',(0.781728769293,202.28018527971));
#5187 = CARTESIAN_POINT('',(0.782443336501,202.27470042532));
#5188 = CARTESIAN_POINT('',(0.783171605066,202.2704807209));
#5189 = CARTESIAN_POINT('',(0.783910107156,202.26762732428));
#5190 = CARTESIAN_POINT('',(0.784654264825,202.26620154028));
#5191 = CARTESIAN_POINT('',(0.785398163397,202.26620154028));
#5192 = ( GEOMETRIC_REPRESENTATION_CONTEXT(2) 
PARAMETRIC_REPRESENTATION_CONTEXT() REPRESENTATION_CONTEXT('2D SPACE',''
  ) );
#5193 = PCURVE('',#1021,#5194);
#5194 = DEFINITIONAL_REPRESENTATION('',(#5195),#5289);
#5195 = B_SPLINE_CURVE_WITH_KNOTS('',8,(#5196,#5197,#5198,#5199,#5200,
    #5201,#5202,#5203,#5204,#5205,#5206,#5207,#5208,#5209,#5210,#5211,
    #5212,#5213,#5214,#5215,#5216,#5217,#5218,#5219,#5220,#5221,#5222,
    #5223,#5224,#5225,#5226,#5227,#5228,#5229,#5230,#5231,#5232,#5233,
    #5234,#5235,#5236,#5237,#5238,#5239,#5240,#5241,#5242,#5243,#5244,
    #5245,#5246,#5247,#5248,#5249,#5250,#5251,#5252,#5253,#5254,#5255,
    #5256,#5257,#5258,#5259,#5260,#5261,#5262,#5263,#5264,#5265,#5266,
    #5267,#5268,#5269,#5270,#5271,#5272,#5273,#5274,#5275,#5276,#5277,
    #5278,#5279,#5280,#5281,#5282,#5283,#5284,#5285,#5286,#5287,#5288),
  .UNSPECIFIED.,.F.,.F.,(9,7,7,7,7,7,7,7,7,7,7,7,7,9),(0.,0.111370321442
    ,0.245186191894,0.451203810916,0.662612969901,0.757596823912,
    0.841181625088,0.887369009715,0.926488817371,0.963987830948,
    0.98230156342,0.992211884284,0.995800527577,1.),.UNSPECIFIED.);
#5196 = CARTESIAN_POINT('',(3.886021396781,173.02155505998));
#5197 = CARTESIAN_POINT('',(3.924594299445,173.51184871306));
#5198 = CARTESIAN_POINT('',(3.961301838059,174.00304566532));
#5199 = CARTESIAN_POINT('',(3.996525466854,174.49493703383));
#5200 = CARTESIAN_POINT('',(4.030504348499,174.98737734095));
#5201 = CARTESIAN_POINT('',(4.063417364222,175.48025927065));
#5202 = CARTESIAN_POINT('',(4.095408404299,175.97350615246));
#5203 = CARTESIAN_POINT('',(4.126589644902,176.46707107645));
#5204 = CARTESIAN_POINT('',(4.193665877713,177.55432453269));
#5205 = CARTESIAN_POINT('',(4.229242169695,178.14811213952));
#5206 = CARTESIAN_POINT('',(4.263950270099,178.74222534947));
#5207 = CARTESIAN_POINT('',(4.297913053962,179.33660899381));
#5208 = CARTESIAN_POINT('',(4.331230172365,179.93121869524));
#5209 = CARTESIAN_POINT('',(4.363985888266,180.52601955494));
#5210 = CARTESIAN_POINT('',(4.39625234446,181.12098562264));
#5211 = CARTESIAN_POINT('',(4.477115233126,182.63231249784));
#5212 = CARTESIAN_POINT('',(4.525128094086,183.5488571318));
#5213 = CARTESIAN_POINT('',(4.572365069934,184.46565842319));
#5214 = CARTESIAN_POINT('',(4.619010423693,185.38265120642));
#5215 = CARTESIAN_POINT('',(4.665224143928,186.29977841661));
#5216 = CARTESIAN_POINT('',(4.711153373137,187.21699052097));
#5217 = CARTESIAN_POINT('',(4.756939040498,188.13424530146));
#5218 = CARTESIAN_POINT('',(4.849710785007,189.99277471872));
#5219 = CARTESIAN_POINT('',(4.896695875195,190.93403051751));
#5220 = CARTESIAN_POINT('',(4.943837744603,191.87523981351));
#5221 = CARTESIAN_POINT('',(4.9912944523,192.81635650219));
#5222 = CARTESIAN_POINT('',(5.039238921015,193.75732242267));
#5223 = CARTESIAN_POINT('',(5.087866130371,194.69806694352));
#5224 = CARTESIAN_POINT('',(5.137411678637,195.63850503532));
#5225 = CARTESIAN_POINT('',(5.211017746609,197.00087552717));
#5226 = CARTESIAN_POINT('',(5.234086737408,197.42313335619));
#5227 = CARTESIAN_POINT('',(5.257435654985,197.84529562345));
#5228 = CARTESIAN_POINT('',(5.281097656619,198.26734993299));
#5229 = CARTESIAN_POINT('',(5.305110253962,198.68928095939));
#5230 = CARTESIAN_POINT('',(5.32951684931,199.11107012996));
#5231 = CARTESIAN_POINT('',(5.354369308739,199.53269507918));
#5232 = CARTESIAN_POINT('',(5.402050099426,200.32498622171));
#5233 = CARTESIAN_POINT('',(5.424763272528,200.69569093346));
#5234 = CARTESIAN_POINT('',(5.447914439407,201.0662281161));
#5235 = CARTESIAN_POINT('',(5.471555451345,201.43657525065));
#5236 = CARTESIAN_POINT('',(5.495746770822,201.80670222797));
#5237 = CARTESIAN_POINT('',(5.52056149855,202.17657015328));
#5238 = CARTESIAN_POINT('',(5.546093319642,202.54612892076));
#5239 = CARTESIAN_POINT('',(5.587042723689,203.11931802582));
#5240 = CARTESIAN_POINT('',(5.601874463797,203.32320598773));
#5241 = CARTESIAN_POINT('',(5.616984919288,203.52696707941));
#5242 = CARTESIAN_POINT('',(5.632398784605,203.73058750711));
#5243 = CARTESIAN_POINT('',(5.648144471959,203.93404991901));
#5244 = CARTESIAN_POINT('',(5.664255447242,204.13733287577));
#5245 = CARTESIAN_POINT('',(5.680772548482,204.3404099206));
#5246 = CARTESIAN_POINT('',(5.712124556864,204.71504832894));
#5247 = CARTESIAN_POINT('',(5.726829840645,204.88667233394));
#5248 = CARTESIAN_POINT('',(5.741894373581,205.05810401831));
#5249 = CARTESIAN_POINT('',(5.757355777008,205.22931869055));
#5250 = CARTESIAN_POINT('',(5.773258014223,205.40028331318));
#5251 = CARTESIAN_POINT('',(5.7896544623,205.57095493683));
#5252 = CARTESIAN_POINT('',(5.806614099716,205.74127746835));
#5253 = CARTESIAN_POINT('',(5.841117632289,206.07403688696));
#5254 = CARTESIAN_POINT('',(5.85860206994,206.23644625668));
#5255 = CARTESIAN_POINT('',(5.876771372109,206.39839806572));
#5256 = CARTESIAN_POINT('',(5.895736696682,206.55982006887));
#5257 = CARTESIAN_POINT('',(5.915624364013,206.72058365431));
#5258 = CARTESIAN_POINT('',(5.936632638955,206.88045719021));
#5259 = CARTESIAN_POINT('',(5.958997074211,207.03913493177));
#5260 = CARTESIAN_POINT('',(5.995077753157,207.27267948598));
#5261 = CARTESIAN_POINT('',(6.007354031073,207.34882167151));
#5262 = CARTESIAN_POINT('',(6.020134332894,207.42446051343));
#5263 = CARTESIAN_POINT('',(6.033498756752,207.4995135097));
#5264 = CARTESIAN_POINT('',(6.04753653784,207.57383589899));
#5265 = CARTESIAN_POINT('',(6.062378650638,207.64717816113));
#5266 = CARTESIAN_POINT('',(6.078180347509,207.71920957816));
#5267 = CARTESIAN_POINT('',(6.104513189507,207.82729256706));
#5268 = CARTESIAN_POINT('',(6.114115678577,207.86460602287));
#5269 = CARTESIAN_POINT('',(6.124139287058,207.9012528359));
#5270 = CARTESIAN_POINT('',(6.134647922865,207.93712008656));
#5271 = CARTESIAN_POINT('',(6.145714590032,207.97198593432));
#5272 = CARTESIAN_POINT('',(6.157418744882,208.00552672524));
#5273 = CARTESIAN_POINT('',(6.169858231049,208.03729409036));
#5274 = CARTESIAN_POINT('',(6.188035424991,208.07721205796));
#5275 = CARTESIAN_POINT('',(6.192982566513,208.08749245498));
#5276 = CARTESIAN_POINT('',(6.198051179412,208.09740737097));
#5277 = CARTESIAN_POINT('',(6.20324691307,208.1069136117));
#5278 = CARTESIAN_POINT('',(6.20857414867,208.11595969749));
#5279 = CARTESIAN_POINT('',(6.214035742636,208.12448691912));
#5280 = CARTESIAN_POINT('',(6.219632770058,208.13243039363));
#5281 = CARTESIAN_POINT('',(6.23207133433,208.14825064371));
#5282 = CARTESIAN_POINT('',(6.238967593021,208.15589259747));
#5283 = CARTESIAN_POINT('',(6.246042613844,208.16252041855));
#5284 = CARTESIAN_POINT('',(6.253279033822,208.16800527294));
#5285 = CARTESIAN_POINT('',(6.260651679961,208.17222497736));
#5286 = CARTESIAN_POINT('',(6.268126178904,208.17507837398));
#5287 = CARTESIAN_POINT('',(6.275657053624,208.17650415798));
#5288 = CARTESIAN_POINT('',(6.28318530718,208.17650415798));
#5289 = ( GEOMETRIC_REPRESENTATION_CONTEXT(2) 
PARAMETRIC_REPRESENTATION_CONTEXT() REPRESENTATION_CONTEXT('2D SPACE',''
  ) );
#5290 = ORIENTED_EDGE('',*,*,#5291,.F.);
#5291 = EDGE_CURVE('',#5292,#4999,#5294,.T.);
#5292 = VERTEX_POINT('',#5293);
#5293 = CARTESIAN_POINT('',(39.571116365645,31.323226693382,35.05142));
#5294 = SURFACE_CURVE('',#5295,(#5300,#5307),.PCURVE_S1.);
#5295 = CIRCLE('',#5296,50.467987684358);
#5296 = AXIS2_PLACEMENT_3D('',#5297,#5298,#5299);
#5297 = CARTESIAN_POINT('',(0.,0.,35.05142));
#5298 = DIRECTION('',(0.,0.,1.));
#5299 = DIRECTION('',(1.,0.,-0.));
#5300 = PCURVE('',#131,#5301);
#5301 = DEFINITIONAL_REPRESENTATION('',(#5302),#5306);
#5302 = LINE('',#5303,#5304);
#5303 = CARTESIAN_POINT('',(0.,237.42115003828));
#5304 = VECTOR('',#5305,1.);
#5305 = DIRECTION('',(1.,0.));
#5306 = ( GEOMETRIC_REPRESENTATION_CONTEXT(2) 
PARAMETRIC_REPRESENTATION_CONTEXT() REPRESENTATION_CONTEXT('2D SPACE',''
  ) );
#5307 = PCURVE('',#4693,#5308);
#5308 = DEFINITIONAL_REPRESENTATION('',(#5309),#5313);
#5309 = CIRCLE('',#5310,50.467987684358);
#5310 = AXIS2_PLACEMENT_2D('',#5311,#5312);
#5311 = CARTESIAN_POINT('',(-47.26,-1.99534331963E-15));
#5312 = DIRECTION('',(0.707106781187,-0.707106781187));
#5313 = ( GEOMETRIC_REPRESENTATION_CONTEXT(2) 
PARAMETRIC_REPRESENTATION_CONTEXT() REPRESENTATION_CONTEXT('2D SPACE',''
  ) );
#5314 = ORIENTED_EDGE('',*,*,#5315,.T.);
#5315 = EDGE_CURVE('',#5292,#343,#5316,.T.);
#5316 = SURFACE_CURVE('',#5317,(#5332,#5350),.PCURVE_S1.);
#5317 = B_SPLINE_CURVE_WITH_KNOTS('',5,(#5318,#5319,#5320,#5321,#5322,
    #5323,#5324,#5325,#5326,#5327,#5328,#5329,#5330,#5331),
  .UNSPECIFIED.,.F.,.F.,(6,4,4,6),(0.,0.526922109802,0.946699792194,1.),
  .UNSPECIFIED.);
#5318 = CARTESIAN_POINT('',(39.571116316826,31.32322654997,35.0514194));
#5319 = CARTESIAN_POINT('',(39.62481292593,31.480966621047,
    35.711364589503));
#5320 = CARTESIAN_POINT('',(39.67446640299,31.64339733566,
    36.371042348961));
#5321 = CARTESIAN_POINT('',(39.719754053008,31.810827509855,
    37.030413080667));
#5322 = CARTESIAN_POINT('',(39.760276737044,31.983636586781,
    37.689420071664));
#5323 = CARTESIAN_POINT('',(39.823492871022,32.304757838674,
    38.872634092282));
#5324 = CARTESIAN_POINT('',(39.848136203249,32.450905570689,
    39.397001755475));
#5325 = CARTESIAN_POINT('',(39.869099374511,32.601090934627,
    39.921046441757));
#5326 = CARTESIAN_POINT('',(39.886022657048,32.755653901914,
    40.444711232657));
#5327 = CARTESIAN_POINT('',(39.899962154076,32.935323325639,
    41.034347145108));
#5328 = CARTESIAN_POINT('',(39.901459242435,32.955644532231,
    41.100772129439));
#5329 = CARTESIAN_POINT('',(39.902881842361,32.976045150009,
    41.167189489487));
#5330 = CARTESIAN_POINT('',(39.904228850767,32.996526218849,
    41.233599043382));
#5331 = CARTESIAN_POINT('',(39.905499118691,33.017088821299,41.3000006)
  );
#5332 = PCURVE('',#131,#5333);
#5333 = DEFINITIONAL_REPRESENTATION('',(#5334),#5349);
#5334 = B_SPLINE_CURVE_WITH_KNOTS('',5,(#5335,#5336,#5337,#5338,#5339,
    #5340,#5341,#5342,#5343,#5344,#5345,#5346,#5347,#5348),
  .UNSPECIFIED.,.F.,.F.,(6,4,4,6),(0.,0.526922109802,0.946699792194,1.),
  .UNSPECIFIED.);
#5335 = CARTESIAN_POINT('',(0.669578245327,237.42114943828));
#5336 = CARTESIAN_POINT('',(0.671368574277,238.08109462778));
#5337 = CARTESIAN_POINT('',(0.67326908488,238.74077238724));
#5338 = CARTESIAN_POINT('',(0.675287032751,239.40014311895));
#5339 = CARTESIAN_POINT('',(0.677431544014,240.05915010994));
#5340 = CARTESIAN_POINT('',(0.681536047738,241.24236413056));
#5341 = CARTESIAN_POINT('',(0.683444883805,241.76673179375));
#5342 = CARTESIAN_POINT('',(0.685449458769,242.29077648004));
#5343 = CARTESIAN_POINT('',(0.687558289882,242.81444127094));
#5344 = CARTESIAN_POINT('',(0.690066323014,243.40407718339));
#5345 = CARTESIAN_POINT('',(0.69035077568,243.47050216772));
#5346 = CARTESIAN_POINT('',(0.690637134165,243.53691952777));
#5347 = CARTESIAN_POINT('',(0.690925425013,243.60332908166));
#5348 = CARTESIAN_POINT('',(0.691215675902,243.66973063828));
#5349 = ( GEOMETRIC_REPRESENTATION_CONTEXT(2) 
PARAMETRIC_REPRESENTATION_CONTEXT() REPRESENTATION_CONTEXT('2D SPACE',''
  ) );
#5350 = PCURVE('',#363,#5351);
#5351 = DEFINITIONAL_REPRESENTATION('',(#5352),#5367);
#5352 = B_SPLINE_CURVE_WITH_KNOTS('',5,(#5353,#5354,#5355,#5356,#5357,
    #5358,#5359,#5360,#5361,#5362,#5363,#5364,#5365,#5366),
  .UNSPECIFIED.,.F.,.F.,(6,4,4,6),(9.581198032942E-08,0.526922109802,
    0.946699792194,0.999999903677),.UNSPECIFIED.);
#5353 = CARTESIAN_POINT('',(5.16967942126,8.293573062486E-16));
#5354 = CARTESIAN_POINT('',(5.195314662589,0.659945069309));
#5355 = CARTESIAN_POINT('',(5.221432557374,1.319622708647));
#5356 = CARTESIAN_POINT('',(5.24809742594,1.978993320325));
#5357 = CARTESIAN_POINT('',(5.275386984339,2.638000191412));
#5358 = CARTESIAN_POINT('',(5.325738439388,3.821214092282));
#5359 = CARTESIAN_POINT('',(5.348531564958,4.345581755475));
#5360 = CARTESIAN_POINT('',(5.371848143155,4.869626441757));
#5361 = CARTESIAN_POINT('',(5.395757233752,5.393291232657));
#5362 = CARTESIAN_POINT('',(5.423481744162,5.982927025052));
#5363 = CARTESIAN_POINT('',(5.426616526791,6.049351889354));
#5364 = CARTESIAN_POINT('',(5.429762666889,6.115769129401));
#5365 = CARTESIAN_POINT('',(5.432920377151,6.182178563324));
#5366 = CARTESIAN_POINT('',(5.436089879168,6.24858));
#5367 = ( GEOMETRIC_REPRESENTATION_CONTEXT(2) 
PARAMETRIC_REPRESENTATION_CONTEXT() REPRESENTATION_CONTEXT('2D SPACE',''
  ) );
#5368 = ORIENTED_EDGE('',*,*,#375,.F.);
#5369 = ORIENTED_EDGE('',*,*,#1499,.F.);
#5370 = ORIENTED_EDGE('',*,*,#5371,.F.);
#5371 = EDGE_CURVE('',#1039,#1037,#5372,.T.);
#5372 = SURFACE_CURVE('',#5373,(#5502,#5634),.PCURVE_S1.);
#5373 = B_SPLINE_CURVE_WITH_KNOTS('',8,(#5374,#5375,#5376,#5377,#5378,
    #5379,#5380,#5381,#5382,#5383,#5384,#5385,#5386,#5387,#5388,#5389,
    #5390,#5391,#5392,#5393,#5394,#5395,#5396,#5397,#5398,#5399,#5400,
    #5401,#5402,#5403,#5404,#5405,#5406,#5407,#5408,#5409,#5410,#5411,
    #5412,#5413,#5414,#5415,#5416,#5417,#5418,#5419,#5420,#5421,#5422,
    #5423,#5424,#5425,#5426,#5427,#5428,#5429,#5430,#5431,#5432,#5433,
    #5434,#5435,#5436,#5437,#5438,#5439,#5440,#5441,#5442,#5443,#5444,
    #5445,#5446,#5447,#5448,#5449,#5450,#5451,#5452,#5453,#5454,#5455,
    #5456,#5457,#5458,#5459,#5460,#5461,#5462,#5463,#5464,#5465,#5466,
    #5467,#5468,#5469,#5470,#5471,#5472,#5473,#5474,#5475,#5476,#5477,
    #5478,#5479,#5480,#5481,#5482,#5483,#5484,#5485,#5486,#5487,#5488,
    #5489,#5490,#5491,#5492,#5493,#5494,#5495,#5496,#5497,#5498,#5499,
    #5500,#5501),.UNSPECIFIED.,.F.,.F.,(9,7,7,7,7,7,7,7,7,7,7,7,7,7,7,7,
    7,7,9),(0.,6.076965511014E-03,1.07765789999E-02,1.704112367688E-02,
    2.618747960432E-02,5.337415916185E-02,0.112880745243,0.190268145639,
    0.283498748517,0.47705286125,0.677985938054,0.767941298779,
    0.847199603485,0.892441362664,0.930819596715,0.96650531156,
    0.983821699758,0.993363874552,1.),.UNSPECIFIED.);
#5374 = CARTESIAN_POINT('',(43.01,-1.040949779275E-15,-0.103528498001));
#5375 = CARTESIAN_POINT('',(43.01,5.40931373033E-02,-0.103528498001));
#5376 = CARTESIAN_POINT('',(43.010786963155,0.107579413266,
    -9.945241458855E-02));
#5377 = CARTESIAN_POINT('',(43.012329427396,0.159629528246,
    -9.146318623701E-02));
#5378 = CARTESIAN_POINT('',(43.014531322128,0.209807679099,
    -8.005891664465E-02));
#5379 = CARTESIAN_POINT('',(43.017281646174,0.257873432943,
    -6.581529673225E-02));
#5380 = CARTESIAN_POINT('',(43.020473174471,0.303701485034,
    -4.928841683216E-02));
#5381 = CARTESIAN_POINT('',(43.02400747117,0.347261906996,
    -3.098861860238E-02));
#5382 = CARTESIAN_POINT('',(43.030739130628,0.420574953071,
    3.862263213855E-03));
#5383 = CARTESIAN_POINT('',(43.033841369987,0.451329465169,
    1.992175300855E-02));
#5384 = CARTESIAN_POINT('',(43.037082987906,0.480965178578,
    3.670126806915E-02));
#5385 = CARTESIAN_POINT('',(43.040441826715,0.50956572724,
    5.408588438194E-02));
#5386 = CARTESIAN_POINT('',(43.043900008571,0.537207047223,
    7.198287822026E-02));
#5387 = CARTESIAN_POINT('',(43.04744342057,0.563961949418,
    9.031905164446E-02));
#5388 = CARTESIAN_POINT('',(43.05106146445,0.589902446058,0.109039424317
    ));
#5389 = CARTESIAN_POINT('',(43.059659952819,0.648687730291,
    0.153524596052));
#5390 = CARTESIAN_POINT('',(43.064689590634,0.68093317603,0.179542311413
    ));
#5391 = CARTESIAN_POINT('',(43.069816306095,0.711989853745,
    0.206058329951));
#5392 = CARTESIAN_POINT('',(43.075024814293,0.741975827071,
    0.232993344147));
#5393 = CARTESIAN_POINT('',(43.080303166182,0.770987410075,
    0.260285357374));
#5394 = CARTESIAN_POINT('',(43.085642051464,0.799108413964,0.28788606083
    ));
#5395 = CARTESIAN_POINT('',(43.091034461849,0.826414768235,
    0.315759076747));
#5396 = CARTESIAN_POINT('',(43.104420048624,0.891752260208,0.38493725675
    ));
#5397 = CARTESIAN_POINT('',(43.112465638269,0.928925257942,
    0.426508264376));
#5398 = CARTESIAN_POINT('',(43.12059532929,0.964696314036,0.468504021062
    ));
#5399 = CARTESIAN_POINT('',(43.128796030827,0.999217357263,
    0.510856562772));
#5400 = CARTESIAN_POINT('',(43.137057642781,1.032608766903,
    0.553513455974));
#5401 = CARTESIAN_POINT('',(43.145372349525,1.064972225506,
    0.596434121572));
#5402 = CARTESIAN_POINT('',(43.153734280016,1.096397098147,
    0.639588057947));
#5403 = CARTESIAN_POINT('',(43.187123359286,1.217806683995,0.81185899471
    ));
#5404 = CARTESIAN_POINT('',(43.212473557844,1.300983701347,
    0.942560023894));
#5405 = CARTESIAN_POINT('',(43.238079109674,1.378520289884,
    1.074480696072));
#5406 = CARTESIAN_POINT('',(43.263880141497,1.451348803196,
    1.207309764553));
#5407 = CARTESIAN_POINT('',(43.289831246633,1.520254582699,
    1.340811440907));
#5408 = CARTESIAN_POINT('',(43.31590708458,1.585745517218,1.474854054288
    ));
#5409 = CARTESIAN_POINT('',(43.342093442367,1.6482683487,1.609363378344)
  );
#5410 = CARTESIAN_POINT('',(43.425945188902,1.839301615735,2.03975194648
    ));
#5411 = CARTESIAN_POINT('',(43.483959441225,1.957753010385,
    2.337036044374));
#5412 = CARTESIAN_POINT('',(43.542310944382,2.067068978428,
    2.635552889263));
#5413 = CARTESIAN_POINT('',(43.600937229732,2.168763999283,
    2.934976725373));
#5414 = CARTESIAN_POINT('',(43.659790345279,2.264143864207,
    3.235058143759));
#5415 = CARTESIAN_POINT('',(43.718845164727,2.353997725322,
    3.535666277307));
#5416 = CARTESIAN_POINT('',(43.77808832616,2.439024373997,3.836730587193
    ));
#5417 = CARTESIAN_POINT('',(43.914812375463,2.624731394851,
    4.530381884597));
#5418 = CARTESIAN_POINT('',(43.992399005982,2.722406503472,
    4.923158322155));
#5419 = CARTESIAN_POINT('',(44.070253896466,2.813916501404,
    5.316441805067));
#5420 = CARTESIAN_POINT('',(44.148358008352,2.900008232463,5.71013251753
    ));
#5421 = CARTESIAN_POINT('',(44.22669713757,2.981245993997,6.104156142123
    ));
#5422 = CARTESIAN_POINT('',(44.305260912948,3.058082811234,6.49845837596
    ));
#5423 = CARTESIAN_POINT('',(44.384042640168,3.130874843972,
    6.893003868543));
#5424 = CARTESIAN_POINT('',(44.558207239712,3.283107146437,
    7.763360963652));
#5425 = CARTESIAN_POINT('',(44.653683192447,3.360854349485,
    8.239255141838));
#5426 = CARTESIAN_POINT('',(44.749456769024,3.433682564203,
    8.715403698479));
#5427 = CARTESIAN_POINT('',(44.845520184809,3.501981773608,
    9.191765696054));
#5428 = CARTESIAN_POINT('',(44.941867221085,3.566057161909,
    9.668308543664));
#5429 = CARTESIAN_POINT('',(45.038492953824,3.626158446244,
    10.145006468715));
#5430 = CARTESIAN_POINT('',(45.135393624085,3.682495388206,
    10.621839731178));
#5431 = CARTESIAN_POINT('',(45.434305545235,3.844740406242,
    12.088990608348));
#5432 = CARTESIAN_POINT('',(45.637213259126,3.938755363529,
    13.079685830679));
#5433 = CARTESIAN_POINT('',(45.841264613761,4.018829688753,
    14.070747433015));
#5434 = CARTESIAN_POINT('',(46.04643932425,4.08588604513,15.062070512694
    ));
#5435 = CARTESIAN_POINT('',(46.252720481269,4.140528233611,
    16.053569442775));
#5436 = CARTESIAN_POINT('',(46.460094157285,4.18314080456,
    17.045175145378));
#5437 = CARTESIAN_POINT('',(46.668549454841,4.213899146492,
    18.036834693719));
#5438 = CARTESIAN_POINT('',(47.095595153313,4.25243104751,
    20.057990771177));
#5439 = CARTESIAN_POINT('',(47.314262220524,4.259282860184,
    21.087456552361));
#5440 = CARTESIAN_POINT('',(47.534070011053,4.253357586137,
    22.116862304529));
#5441 = CARTESIAN_POINT('',(47.755005952593,4.234445809821,
    23.146150125117));
#5442 = CARTESIAN_POINT('',(47.977054071653,4.202121118647,
    24.175247983122));
#5443 = CARTESIAN_POINT('',(48.200194795655,4.155732674914,
    25.204069398785));
#5444 = CARTESIAN_POINT('',(48.424404520216,4.0943221254,26.232512128287
    ));
#5445 = CARTESIAN_POINT('',(48.750496351715,3.981495581276,
    27.72065177599));
#5446 = CARTESIAN_POINT('',(48.851545751257,3.943292755644,
    28.180744909652));
#5447 = CARTESIAN_POINT('',(48.952800150724,3.901643482621,
    28.640722539441));
#5448 = CARTESIAN_POINT('',(49.054256146178,3.856389747793,29.1005701109
    ));
#5449 = CARTESIAN_POINT('',(49.15590951661,3.807347618395,
    29.560269547629));
#5450 = CARTESIAN_POINT('',(49.257755143565,3.75429962906,
    30.019798959463));
#5451 = CARTESIAN_POINT('',(49.359786881402,3.696981955256,30.4791321395
    ));
#5452 = CARTESIAN_POINT('',(49.552053497472,3.580513494742,
    31.342748931884));
#5453 = CARTESIAN_POINT('',(49.642247115665,3.522391947564,
    31.747077706333));
#5454 = CARTESIAN_POINT('',(49.732574085799,3.460475927259,
    32.151206809358));
#5455 = CARTESIAN_POINT('',(49.823028321692,3.394501810453,
    32.555110352754));
#5456 = CARTESIAN_POINT('',(49.913601531867,3.324152265565,
    32.958752890962));
#5457 = CARTESIAN_POINT('',(50.004283015947,3.249043808719,
    33.362088660223));
#5458 = CARTESIAN_POINT('',(50.095059188111,3.168695462975,
    33.76505964898));
#5459 = CARTESIAN_POINT('',(50.23777284069,3.033229576422,
    34.397361669483));
#5460 = CARTESIAN_POINT('',(50.289657606911,2.982084037548,
    34.626985889568));
#5461 = CARTESIAN_POINT('',(50.341563742613,2.928898881792,
    34.856450779304));
#5462 = CARTESIAN_POINT('',(50.393487136689,2.87353404728,35.08573877458
    ));
#5463 = CARTESIAN_POINT('',(50.445422575867,2.815828267151,
    35.314827547939));
#5464 = CARTESIAN_POINT('',(50.497363585576,2.755591537668,
    35.543689354573));
#5465 = CARTESIAN_POINT('',(50.549302150983,2.692591876949,
    35.77228986306));
#5466 = CARTESIAN_POINT('',(50.64527688385,2.570502002838,
    36.194248715753));
#5467 = CARTESIAN_POINT('',(50.689314905258,2.512270676015,
    36.387685140377));
#5468 = CARTESIAN_POINT('',(50.733337475864,2.45166130183,36.58087490645
    ));
#5469 = CARTESIAN_POINT('',(50.777337207096,2.388463492713,
    36.773786365377));
#5470 = CARTESIAN_POINT('',(50.821303775343,2.322422417078,
    36.966375167879));
#5471 = CARTESIAN_POINT('',(50.865223637868,2.253228949935,
    37.158583105048));
#5472 = CARTESIAN_POINT('',(50.90907921787,2.180490665058,
    37.350334663391));
#5473 = CARTESIAN_POINT('',(50.993543873591,2.032218056595,
    37.719308232185));
#5474 = CARTESIAN_POINT('',(51.034145552609,1.957270802836,
    37.896521463619));
#5475 = CARTESIAN_POINT('',(51.074651061264,1.878356890497,
    38.073165986429));
#5476 = CARTESIAN_POINT('',(51.115039614533,1.794885567676,
    38.249152738875));
#5477 = CARTESIAN_POINT('',(51.155273511115,1.706190547715,
    38.424319200566));
#5478 = CARTESIAN_POINT('',(51.195283530767,1.611218850489,
    38.598366778987));
#5479 = CARTESIAN_POINT('',(51.234978611783,1.508739203438,
    38.770903158658));
#5480 = CARTESIAN_POINT('',(51.293213675997,1.341283925264,
    39.023823284677));
#5481 = CARTESIAN_POINT('',(51.312103982983,1.28421747464,
    39.105833314291));
#5482 = CARTESIAN_POINT('',(51.330855522067,1.224444722799,
    39.187209233229));
#5483 = CARTESIAN_POINT('',(51.349443984634,1.16154881946,
    39.267846355257));
#5484 = CARTESIAN_POINT('',(51.367826149092,1.095069895421,
    39.347558110841));
#5485 = CARTESIAN_POINT('',(51.385926962148,1.024337205557,
    39.426020442017));
#5486 = CARTESIAN_POINT('',(51.403647199358,0.948567729841,
    39.50280518738));
#5487 = CARTESIAN_POINT('',(51.430268118082,0.82068118128,
    39.618118924263));
#5488 = CARTESIAN_POINT('',(51.439531561003,0.773338688189,
    39.658237433478));
#5489 = CARTESIAN_POINT('',(51.448591661943,0.723734760657,
    39.697467790051));
#5490 = CARTESIAN_POINT('',(51.457411373049,0.671527762222,
    39.735650108283));
#5491 = CARTESIAN_POINT('',(51.465919674307,0.61635083889,
    39.772477587141));
#5492 = CARTESIAN_POINT('',(51.47401321888,0.55782250238,39.807503833673
    ));
#5493 = CARTESIAN_POINT('',(51.481550794011,0.49550039341,
    39.840119047227));
#5494 = CARTESIAN_POINT('',(51.4930374992,0.38219844684,39.8898160474));
#5495 = CARTESIAN_POINT('',(51.497384573582,0.33350232828,
    39.908621619503));
#5496 = CARTESIAN_POINT('',(51.501280895557,0.282487964617,
    39.925475601811));
#5497 = CARTESIAN_POINT('',(51.504614434367,0.22918380985,
    39.939893945293));
#5498 = CARTESIAN_POINT('',(51.507258013305,0.173769304485,
    39.951327295566));
#5499 = CARTESIAN_POINT('',(51.509084807844,0.11661067363,
    39.959227826465));
#5500 = CARTESIAN_POINT('',(51.51,5.833868873796E-02,39.96318585978));
#5501 = CARTESIAN_POINT('',(51.51,0.,39.96318585978));
#5502 = PCURVE('',#131,#5503);
#5503 = DEFINITIONAL_REPRESENTATION('',(#5504),#5633);
#5504 = B_SPLINE_CURVE_WITH_KNOTS('',8,(#5505,#5506,#5507,#5508,#5509,
    #5510,#5511,#5512,#5513,#5514,#5515,#5516,#5517,#5518,#5519,#5520,
    #5521,#5522,#5523,#5524,#5525,#5526,#5527,#5528,#5529,#5530,#5531,
    #5532,#5533,#5534,#5535,#5536,#5537,#5538,#5539,#5540,#5541,#5542,
    #5543,#5544,#5545,#5546,#5547,#5548,#5549,#5550,#5551,#5552,#5553,
    #5554,#5555,#5556,#5557,#5558,#5559,#5560,#5561,#5562,#5563,#5564,
    #5565,#5566,#5567,#5568,#5569,#5570,#5571,#5572,#5573,#5574,#5575,
    #5576,#5577,#5578,#5579,#5580,#5581,#5582,#5583,#5584,#5585,#5586,
    #5587,#5588,#5589,#5590,#5591,#5592,#5593,#5594,#5595,#5596,#5597,
    #5598,#5599,#5600,#5601,#5602,#5603,#5604,#5605,#5606,#5607,#5608,
    #5609,#5610,#5611,#5612,#5613,#5614,#5615,#5616,#5617,#5618,#5619,
    #5620,#5621,#5622,#5623,#5624,#5625,#5626,#5627,#5628,#5629,#5630,
    #5631,#5632),.UNSPECIFIED.,.F.,.F.,(9,7,7,7,7,7,7,7,7,7,7,7,7,7,7,7,
    7,7,9),(0.,6.076965511014E-03,1.07765789999E-02,1.704112367688E-02,
    2.618747960432E-02,5.337415916185E-02,0.112880745243,0.190268145639,
    0.283498748517,0.47705286125,0.677985938054,0.767941298779,
    0.847199603485,0.892441362664,0.930819596715,0.96650531156,
    0.983821699758,0.993363874552,1.),.UNSPECIFIED.);
#5505 = CARTESIAN_POINT('',(0.,202.26620154028));
#5506 = CARTESIAN_POINT('',(1.257687451832E-03,202.26620154028));
#5507 = CARTESIAN_POINT('',(2.501265307277E-03,202.27027762369));
#5508 = CARTESIAN_POINT('',(3.711353041426E-03,202.27826685204));
#5509 = CARTESIAN_POINT('',(4.87773110906E-03,202.28967112163));
#5510 = CARTESIAN_POINT('',(5.994758266824E-03,202.30391474155));
#5511 = CARTESIAN_POINT('',(7.059502738598E-03,202.32044162145));
#5512 = CARTESIAN_POINT('',(8.071269416215E-03,202.33874141968));
#5513 = CARTESIAN_POINT('',(9.773570463473E-03,202.37359230149));
#5514 = CARTESIAN_POINT('',(1.048749296869E-02,202.38965179129));
#5515 = CARTESIAN_POINT('',(1.117525599539E-02,202.40643130635));
#5516 = CARTESIAN_POINT('',(1.183880760905E-02,202.42381592266));
#5517 = CARTESIAN_POINT('',(1.247991807938E-02,202.4417129165));
#5518 = CARTESIAN_POINT('',(1.310028520056E-02,202.46004908992));
#5519 = CARTESIAN_POINT('',(1.370158760089E-02,202.4787694626));
#5520 = CARTESIAN_POINT('',(1.506381768121E-02,202.52325463433));
#5521 = CARTESIAN_POINT('',(1.581071401292E-02,202.54927234969));
#5522 = CARTESIAN_POINT('',(1.652975763379E-02,202.57578836823));
#5523 = CARTESIAN_POINT('',(1.722370290112E-02,202.60272338243));
#5524 = CARTESIAN_POINT('',(1.78947980216E-02,202.63001539565));
#5525 = CARTESIAN_POINT('',(1.854499965641E-02,202.65761609911));
#5526 = CARTESIAN_POINT('',(1.917608004244E-02,202.68548911503));
#5527 = CARTESIAN_POINT('',(2.068541646841E-02,202.75466729503));
#5528 = CARTESIAN_POINT('',(2.154352454121E-02,202.79623830266));
#5529 = CARTESIAN_POINT('',(2.23686851527E-02,202.83823405934));
#5530 = CARTESIAN_POINT('',(2.316444788577E-02,202.88058660105));
#5531 = CARTESIAN_POINT('',(2.393362700902E-02,202.92324349425));
#5532 = CARTESIAN_POINT('',(2.46786002943E-02,202.96616415985));
#5533 = CARTESIAN_POINT('',(2.540145724441E-02,203.00931809623));
#5534 = CARTESIAN_POINT('',(2.819222903319E-02,203.18158903299));
#5535 = CARTESIAN_POINT('',(3.009965142077E-02,203.31229006217));
#5536 = CARTESIAN_POINT('',(3.187370298644E-02,203.44421073435));
#5537 = CARTESIAN_POINT('',(3.35362606892E-02,203.57703980283));
#5538 = CARTESIAN_POINT('',(3.510575169379E-02,203.71054147919));
#5539 = CARTESIAN_POINT('',(3.659411762654E-02,203.84458409257));
#5540 = CARTESIAN_POINT('',(3.801185087456E-02,203.97909341662));
#5541 = CARTESIAN_POINT('',(4.233388735803E-02,204.40948198476));
#5542 = CARTESIAN_POINT('',(4.499854218539E-02,204.70676608265));
#5543 = CARTESIAN_POINT('',(4.744445138327E-02,205.00528292754));
#5544 = CARTESIAN_POINT('',(4.970751682406E-02,205.30470676365));
#5545 = CARTESIAN_POINT('',(5.18186798455E-02,205.60478818204));
#5546 = CARTESIAN_POINT('',(5.379675541341E-02,205.90539631559));
#5547 = CARTESIAN_POINT('',(5.565838482878E-02,206.20646062547));
#5548 = CARTESIAN_POINT('',(5.9702011458E-02,206.90011192288));
#5549 = CARTESIAN_POINT('',(6.1811496723E-02,207.29288836043));
#5550 = CARTESIAN_POINT('',(6.377188511106E-02,207.68617184335));
#5551 = CARTESIAN_POINT('',(6.560118729714E-02,208.07986255581));
#5552 = CARTESIAN_POINT('',(6.731309052065E-02,208.4738861804));
#5553 = CARTESIAN_POINT('',(6.891863639358E-02,208.86818841424));
#5554 = CARTESIAN_POINT('',(7.042656454595E-02,209.26273390682));
#5555 = CARTESIAN_POINT('',(7.355226569761E-02,210.13309100193));
#5556 = CARTESIAN_POINT('',(7.512925925617E-02,210.60898518012));
#5557 = CARTESIAN_POINT('',(7.658805822978E-02,211.08513373676));
#5558 = CARTESIAN_POINT('',(7.793840363502E-02,211.56149573433));
#5559 = CARTESIAN_POINT('',(7.918801383638E-02,212.03803858194));
#5560 = CARTESIAN_POINT('',(8.034328007413E-02,212.51473650699));
#5561 = CARTESIAN_POINT('',(8.140963598129E-02,212.99156976946));
#5562 = CARTESIAN_POINT('',(8.443023839783E-02,214.45872064663));
#5563 = CARTESIAN_POINT('',(8.610514599743E-02,215.44941586896));
#5564 = CARTESIAN_POINT('',(8.745702331693E-02,216.44047747129));
#5565 = CARTESIAN_POINT('',(8.85117071331E-02,217.43180055097));
#5566 = CARTESIAN_POINT('',(8.928746498797E-02,218.42329948106));
#5567 = CARTESIAN_POINT('',(8.979744045267E-02,219.41490518366));
#5568 = CARTESIAN_POINT('',(9.004999727759E-02,220.406564732));
#5569 = CARTESIAN_POINT('',(9.004941068623E-02,222.42772080946));
#5570 = CARTESIAN_POINT('',(8.977661563727E-02,223.45718659064));
#5571 = CARTESIAN_POINT('',(8.923634918494E-02,224.48659234281));
#5572 = CARTESIAN_POINT('',(8.842910251929E-02,225.5158801634));
#5573 = CARTESIAN_POINT('',(8.73508665378E-02,226.5449780214));
#5574 = CARTESIAN_POINT('',(8.599312145298E-02,227.57379943706));
#5575 = CARTESIAN_POINT('',(8.434133839003E-02,228.60224216657));
#5576 = CARTESIAN_POINT('',(8.148824953234E-02,230.09038181427));
#5577 = CARTESIAN_POINT('',(8.054201716031E-02,230.55047494793));
#5578 = CARTESIAN_POINT('',(7.952961826187E-02,231.01045257772));
#5579 = CARTESIAN_POINT('',(7.844836983973E-02,231.47030014918));
#5580 = CARTESIAN_POINT('',(7.729509519396E-02,231.92999958591));
#5581 = CARTESIAN_POINT('',(7.606598003693E-02,232.38952899774));
#5582 = CARTESIAN_POINT('',(7.475632878864E-02,232.84886217778));
#5583 = CARTESIAN_POINT('',(7.213013168975E-02,233.71247897016));
#5584 = CARTESIAN_POINT('',(7.083294197184E-02,234.11680774461));
#5585 = CARTESIAN_POINT('',(6.946457544555E-02,234.52093684763));
#5586 = CARTESIAN_POINT('',(6.802023926235E-02,234.92484039103));
#5587 = CARTESIAN_POINT('',(6.649412034766E-02,235.32848292924));
#5588 = CARTESIAN_POINT('',(6.487914840115E-02,235.7318186985));
#5589 = CARTESIAN_POINT('',(6.316639567547E-02,236.13478968726));
#5590 = CARTESIAN_POINT('',(6.03032536301E-02,236.76709170776));
#5591 = CARTESIAN_POINT('',(5.922700671022E-02,236.99671592785));
#5592 = CARTESIAN_POINT('',(5.811268509436E-02,237.22618081758));
#5593 = CARTESIAN_POINT('',(5.695766149263E-02,237.45546881286));
#5594 = CARTESIAN_POINT('',(5.575890414961E-02,237.68455758622));
#5595 = CARTESIAN_POINT('',(5.451283194253E-02,237.91341939285));
#5596 = CARTESIAN_POINT('',(5.321505938025E-02,238.14201990134));
#5597 = CARTESIAN_POINT('',(5.071057184547E-02,238.56397875403));
#5598 = CARTESIAN_POINT('',(4.951995292124E-02,238.75741517866));
#5599 = CARTESIAN_POINT('',(4.82847375737E-02,238.95060494473));
#5600 = CARTESIAN_POINT('',(4.700092916653E-02,239.14351640366));
#5601 = CARTESIAN_POINT('',(4.566367900881E-02,239.33610520616));
#5602 = CARTESIAN_POINT('',(4.426709648447E-02,239.52831314333));
#5603 = CARTESIAN_POINT('',(4.280368883511E-02,239.72006470167));
#5604 = CARTESIAN_POINT('',(3.983032004055E-02,240.08903827046));
#5605 = CARTESIAN_POINT('',(3.83314880233E-02,240.2662515019));
#5606 = CARTESIAN_POINT('',(3.675761533912E-02,240.44289602469));
#5607 = CARTESIAN_POINT('',(3.509736488688E-02,240.61888277717));
#5608 = CARTESIAN_POINT('',(3.333796715885E-02,240.79404923884));
#5609 = CARTESIAN_POINT('',(3.145918959928E-02,240.96809681727));
#5610 = CARTESIAN_POINT('',(2.943737776085E-02,241.14063319694));
#5611 = CARTESIAN_POINT('',(2.614301881206E-02,241.39355332296));
#5612 = CARTESIAN_POINT('',(2.502169441542E-02,241.47556335258));
#5613 = CARTESIAN_POINT('',(2.384859100455E-02,241.55693927147));
#5614 = CARTESIAN_POINT('',(2.261565927145E-02,241.63757639358));
#5615 = CARTESIAN_POINT('',(2.131403116975E-02,241.71728814909));
#5616 = CARTESIAN_POINT('',(1.993075974158E-02,241.79575048031));
#5617 = CARTESIAN_POINT('',(1.845072941846E-02,241.87253522566));
#5618 = CARTESIAN_POINT('',(1.595565898849E-02,241.98784896254));
#5619 = CARTESIAN_POINT('',(1.503254162084E-02,242.02796747176));
#5620 = CARTESIAN_POINT('',(1.406587793413E-02,242.06719782833));
#5621 = CARTESIAN_POINT('',(1.304905440161E-02,242.10538014656));
#5622 = CARTESIAN_POINT('',(1.197497636485E-02,242.14220762542));
#5623 = CARTESIAN_POINT('',(1.083626733927E-02,242.17723387195));
#5624 = CARTESIAN_POINT('',(9.624361482306E-03,242.20984908551));
#5625 = CARTESIAN_POINT('',(7.422120115074E-03,242.25954608568));
#5626 = CARTESIAN_POINT('',(6.475886089122E-03,242.27835165778));
#5627 = CARTESIAN_POINT('',(5.484866760555E-03,242.29520564009));
#5628 = CARTESIAN_POINT('',(4.44961059662E-03,242.30962398357));
#5629 = CARTESIAN_POINT('',(3.373582337333E-03,242.32105733384));
#5630 = CARTESIAN_POINT('',(2.263845318018E-03,242.32895786474));
#5631 = CARTESIAN_POINT('',(1.132570156047E-03,242.33291589806));
#5632 = CARTESIAN_POINT('',(0.,242.33291589806));
#5633 = ( GEOMETRIC_REPRESENTATION_CONTEXT(2) 
PARAMETRIC_REPRESENTATION_CONTEXT() REPRESENTATION_CONTEXT('2D SPACE',''
  ) );
#5634 = PCURVE('',#951,#5635);
#5635 = DEFINITIONAL_REPRESENTATION('',(#5636),#5765);
#5636 = B_SPLINE_CURVE_WITH_KNOTS('',8,(#5637,#5638,#5639,#5640,#5641,
    #5642,#5643,#5644,#5645,#5646,#5647,#5648,#5649,#5650,#5651,#5652,
    #5653,#5654,#5655,#5656,#5657,#5658,#5659,#5660,#5661,#5662,#5663,
    #5664,#5665,#5666,#5667,#5668,#5669,#5670,#5671,#5672,#5673,#5674,
    #5675,#5676,#5677,#5678,#5679,#5680,#5681,#5682,#5683,#5684,#5685,
    #5686,#5687,#5688,#5689,#5690,#5691,#5692,#5693,#5694,#5695,#5696,
    #5697,#5698,#5699,#5700,#5701,#5702,#5703,#5704,#5705,#5706,#5707,
    #5708,#5709,#5710,#5711,#5712,#5713,#5714,#5715,#5716,#5717,#5718,
    #5719,#5720,#5721,#5722,#5723,#5724,#5725,#5726,#5727,#5728,#5729,
    #5730,#5731,#5732,#5733,#5734,#5735,#5736,#5737,#5738,#5739,#5740,
    #5741,#5742,#5743,#5744,#5745,#5746,#5747,#5748,#5749,#5750,#5751,
    #5752,#5753,#5754,#5755,#5756,#5757,#5758,#5759,#5760,#5761,#5762,
    #5763,#5764),.UNSPECIFIED.,.F.,.F.,(9,7,7,7,7,7,7,7,7,7,7,7,7,7,7,7,
    7,7,9),(0.,6.076965511014E-03,1.07765789999E-02,1.704112367688E-02,
    2.618747960432E-02,5.337415916185E-02,0.112880745243,0.190268145639,
    0.283498748517,0.47705286125,0.677985938054,0.767941298779,
    0.847199603485,0.892441362664,0.930819596715,0.96650531156,
    0.983821699758,0.993363874552,1.),.UNSPECIFIED.);
#5637 = CARTESIAN_POINT('',(0.,208.17650415798));
#5638 = CARTESIAN_POINT('',(1.272779701254E-02,208.17650415798));
#5639 = CARTESIAN_POINT('',(2.531279741858E-02,208.17242807457));
#5640 = CARTESIAN_POINT('',(3.756304200667E-02,208.16443884621));
#5641 = CARTESIAN_POINT('',(4.93787727833E-02,208.15303457662));
#5642 = CARTESIAN_POINT('',(6.070506391401E-02,208.13879095671));
#5643 = CARTESIAN_POINT('',(7.151303997466E-02,208.12226407681));
#5644 = CARTESIAN_POINT('',(8.179565514655E-02,208.10396427858));
#5645 = CARTESIAN_POINT('',(9.911834936601E-02,208.06911339676));
#5646 = CARTESIAN_POINT('',(0.106391134842,208.05305390697));
#5647 = CARTESIAN_POINT('',(0.113405430237,208.03627439191));
#5648 = CARTESIAN_POINT('',(0.120180810282,208.0188897756));
#5649 = CARTESIAN_POINT('',(0.126735000332,208.00099278176));
#5650 = CARTESIAN_POINT('',(0.133084984043,207.98265660833));
#5651 = CARTESIAN_POINT('',(0.139247576009,207.96393623566));
#5652 = CARTESIAN_POINT('',(0.15322658874,207.91945106393));
#5653 = CARTESIAN_POINT('',(0.160905149381,207.89343334857));
#5654 = CARTESIAN_POINT('',(0.168311023514,207.86691733003));
#5655 = CARTESIAN_POINT('',(0.175471711329,207.83998231583));
#5656 = CARTESIAN_POINT('',(0.182409609224,207.8126903026));
#5657 = CARTESIAN_POINT('',(0.189144197969,207.78508959915));
#5658 = CARTESIAN_POINT('',(0.195693140776,207.75721658323));
#5659 = CARTESIAN_POINT('',(0.211385973938,207.68803840323));
#5660 = CARTESIAN_POINT('',(0.220334535524,207.6464673956));
#5661 = CARTESIAN_POINT('',(0.228965136165,207.60447163892));
#5662 = CARTESIAN_POINT('',(0.23731302093,207.56211909721));
#5663 = CARTESIAN_POINT('',(0.245406065497,207.51946220401));
#5664 = CARTESIAN_POINT('',(0.253267801425,207.47654153841));
#5665 = CARTESIAN_POINT('',(0.26091892103,207.43338760203));
#5666 = CARTESIAN_POINT('',(0.290546475912,207.26111666527));
#5667 = CARTESIAN_POINT('',(0.310998607588,207.13041563609));
#5668 = CARTESIAN_POINT('',(0.330203559773,206.9984949639));
#5669 = CARTESIAN_POINT('',(0.34837524808,206.86566589543));
#5670 = CARTESIAN_POINT('',(0.365693921302,206.73216421907));
#5671 = CARTESIAN_POINT('',(0.382275595087,206.59812160569));
#5672 = CARTESIAN_POINT('',(0.398222759942,206.46361228164));
#5673 = CARTESIAN_POINT('',(0.447311239911,206.0332237135));
#5674 = CARTESIAN_POINT('',(0.478318349563,205.73593961561));
#5675 = CARTESIAN_POINT('',(0.507447120508,205.4374227707));
#5676 = CARTESIAN_POINT('',(0.535038593327,205.13799893463));
#5677 = CARTESIAN_POINT('',(0.561387694496,204.8379175162));
#5678 = CARTESIAN_POINT('',(0.586671124669,204.53730938268));
#5679 = CARTESIAN_POINT('',(0.611046534552,204.23624507279));
#5680 = CARTESIAN_POINT('',(0.665307502446,203.54259377538));
#5681 = CARTESIAN_POINT('',(0.694638450714,203.14981733782));
#5682 = CARTESIAN_POINT('',(0.72288252144,202.75653385491));
#5683 = CARTESIAN_POINT('',(0.75020679664,202.36284314245));
#5684 = CARTESIAN_POINT('',(0.776737657377,201.96881951786));
#5685 = CARTESIAN_POINT('',(0.802577031238,201.57451728402));
#5686 = CARTESIAN_POINT('',(0.827805624353,201.17997179144));
#5687 = CARTESIAN_POINT('',(0.882233371016,200.30961469633));
#5688 = CARTESIAN_POINT('',(0.911186852828,199.83372051814));
#5689 = CARTESIAN_POINT('',(0.939471308017,199.3575719615));
#5690 = CARTESIAN_POINT('',(0.967177253072,198.88120996392));
#5691 = CARTESIAN_POINT('',(0.994377069043,198.40466711631));
#5692 = CARTESIAN_POINT('',(1.021131631851,197.92796919126));
#5693 = CARTESIAN_POINT('',(1.04749384111,197.4511359288));
#5694 = CARTESIAN_POINT('',(1.127518675485,195.98398505163));
#5695 = CARTESIAN_POINT('',(1.18003185213,194.9932898293));
#5696 = CARTESIAN_POINT('',(1.231456428001,194.00222822696));
#5697 = CARTESIAN_POINT('',(1.282077443181,193.01090514728));
#5698 = CARTESIAN_POINT('',(1.33212707727,192.0194062172));
#5699 = CARTESIAN_POINT('',(1.381809690577,191.0278005146));
#5700 = CARTESIAN_POINT('',(1.431309822051,190.03614096626));
#5701 = CARTESIAN_POINT('',(1.532199356621,188.0149848888));
#5702 = CARTESIAN_POINT('',(1.583587066295,186.98551910762));
#5703 = CARTESIAN_POINT('',(1.635179083548,185.95611335545));
#5704 = CARTESIAN_POINT('',(1.687173701435,184.92682553486));
#5705 = CARTESIAN_POINT('',(1.739781841489,183.89772767686));
#5706 = CARTESIAN_POINT('',(1.793236988254,182.86890626119));
#5707 = CARTESIAN_POINT('',(1.847817106479,181.84046353169));
#5708 = CARTESIAN_POINT('',(1.929007458789,180.35232388399));
#5709 = CARTESIAN_POINT('',(1.954416039704,179.89223075033));
#5710 = CARTESIAN_POINT('',(1.980159417189,179.43225312054));
#5711 = CARTESIAN_POINT('',(2.006275660569,178.97240554908));
#5712 = CARTESIAN_POINT('',(2.032807681421,178.51270611235));
#5713 = CARTESIAN_POINT('',(2.05980495452,178.05317670052));
#5714 = CARTESIAN_POINT('',(2.087326381807,177.59384352048));
#5715 = CARTESIAN_POINT('',(2.140218570357,176.73022672809));
#5716 = CARTESIAN_POINT('',(2.165455560327,176.32589795365));
#5717 = CARTESIAN_POINT('',(2.191205183119,175.92176885062));
#5718 = CARTESIAN_POINT('',(2.217525029818,175.51786530723));
#5719 = CARTESIAN_POINT('',(2.244483961662,175.11422276902));
#5720 = CARTESIAN_POINT('',(2.272164885211,174.71088699976));
#5721 = CARTESIAN_POINT('',(2.300671787496,174.307916011));
#5722 = CARTESIAN_POINT('',(2.346970467623,173.6756139905));
#5723 = CARTESIAN_POINT('',(2.364109848849,173.44598977041));
#5724 = CARTESIAN_POINT('',(2.381590492894,173.21652488068));
#5725 = CARTESIAN_POINT('',(2.399442853771,172.9872368854));
#5726 = CARTESIAN_POINT('',(2.417702009688,172.75814811204));
#5727 = CARTESIAN_POINT('',(2.436409379083,172.52928630541));
#5728 = CARTESIAN_POINT('',(2.45561574221,172.30068579692));
#5729 = CARTESIAN_POINT('',(2.492156158633,171.87872694423));
#5730 = CARTESIAN_POINT('',(2.509331607194,171.6852905196));
#5731 = CARTESIAN_POINT('',(2.52695191406,171.49210075353));
#5732 = CARTESIAN_POINT('',(2.545063497798,171.2991892946));
#5733 = CARTESIAN_POINT('',(2.563722698617,171.1066004921));
#5734 = CARTESIAN_POINT('',(2.58299804173,170.91439255493));
#5735 = CARTESIAN_POINT('',(2.602976926525,170.72264099659));
#5736 = CARTESIAN_POINT('',(2.643128228252,170.35366742779));
#5737 = CARTESIAN_POINT('',(2.663179790742,170.17645419636));
#5738 = CARTESIAN_POINT('',(2.684041973506,169.99980967356));
#5739 = CARTESIAN_POINT('',(2.705848331164,169.8238229211));
#5740 = CARTESIAN_POINT('',(2.728748454677,169.64865645942));
#5741 = CARTESIAN_POINT('',(2.752980731897,169.47460888099));
#5742 = CARTESIAN_POINT('',(2.778823607516,169.30207250132));
#5743 = CARTESIAN_POINT('',(2.820539464876,169.0491523753));
#5744 = CARTESIAN_POINT('',(2.834681822193,168.96714234569));
#5745 = CARTESIAN_POINT('',(2.849418704938,168.88576642676));
#5746 = CARTESIAN_POINT('',(2.864846170635,168.80512930472));
#5747 = CARTESIAN_POINT('',(2.881069552523,168.72541754914));
#5748 = CARTESIAN_POINT('',(2.898243048024,168.64695521796));
#5749 = CARTESIAN_POINT('',(2.916546732255,168.5701704726));
#5750 = CARTESIAN_POINT('',(2.947282703645,168.45485673572));
#5751 = CARTESIAN_POINT('',(2.958632529014,168.4147382265));
#5752 = CARTESIAN_POINT('',(2.970495558967,168.37550786993));
#5753 = CARTESIAN_POINT('',(2.982951250911,168.3373255517));
#5754 = CARTESIAN_POINT('',(2.996084560832,168.30049807284));
#5755 = CARTESIAN_POINT('',(3.00998377732,168.26547182631));
#5756 = CARTESIAN_POINT('',(3.024751911738,168.23285661275));
#5757 = CARTESIAN_POINT('',(3.051547847486,168.18315961258));
#5758 = CARTESIAN_POINT('',(3.063050494607,168.16435404048));
#5759 = CARTESIAN_POINT('',(3.075087145275,168.14750005817));
#5760 = CARTESIAN_POINT('',(3.087651327079,168.13308171469));
#5761 = CARTESIAN_POINT('',(3.100701813337,168.12164836441));
#5762 = CARTESIAN_POINT('',(3.114154849376,168.11374783351));
#5763 = CARTESIAN_POINT('',(3.127865903299,168.1097898002));
#5764 = CARTESIAN_POINT('',(3.14159265359,168.1097898002));
#5765 = ( GEOMETRIC_REPRESENTATION_CONTEXT(2) 
PARAMETRIC_REPRESENTATION_CONTEXT() REPRESENTATION_CONTEXT('2D SPACE',''
  ) );
#5766 = ORIENTED_EDGE('',*,*,#5767,.F.);
#5767 = EDGE_CURVE('',#5768,#1039,#5770,.T.);
#5768 = VERTEX_POINT('',#5769);
#5769 = CARTESIAN_POINT('',(40.2325,-9.854120469339E-15,-13.19591663079)
  );
#5770 = SEAM_CURVE('',#5771,(#5775,#5782),.PCURVE_S1.);
#5771 = LINE('',#5772,#5773);
#5772 = CARTESIAN_POINT('',(0.1,-2.449293598295E-17,-202.3697300382));
#5773 = VECTOR('',#5774,1.);
#5774 = DIRECTION('',(0.207527571686,-5.082959527997E-17,0.978229168953)
  );
#5775 = PCURVE('',#131,#5776);
#5776 = DEFINITIONAL_REPRESENTATION('',(#5777),#5781);
#5777 = LINE('',#5778,#5779);
#5778 = CARTESIAN_POINT('',(6.28318530718,-0.));
#5779 = VECTOR('',#5780,1.);
#5780 = DIRECTION('',(0.,1.));
#5781 = ( GEOMETRIC_REPRESENTATION_CONTEXT(2) 
PARAMETRIC_REPRESENTATION_CONTEXT() REPRESENTATION_CONTEXT('2D SPACE',''
  ) );
#5782 = PCURVE('',#131,#5783);
#5783 = DEFINITIONAL_REPRESENTATION('',(#5784),#5788);
#5784 = LINE('',#5785,#5786);
#5785 = CARTESIAN_POINT('',(0.,-0.));
#5786 = VECTOR('',#5787,1.);
#5787 = DIRECTION('',(0.,1.));
#5788 = ( GEOMETRIC_REPRESENTATION_CONTEXT(2) 
PARAMETRIC_REPRESENTATION_CONTEXT() REPRESENTATION_CONTEXT('2D SPACE',''
  ) );
#5789 = ORIENTED_EDGE('',*,*,#5790,.F.);
#5790 = EDGE_CURVE('',#5791,#5768,#5793,.T.);
#5791 = VERTEX_POINT('',#5792);
#5792 = CARTESIAN_POINT('',(-40.2325,-9.854120469339E-15,-13.19591663079
    ));
#5793 = SURFACE_CURVE('',#5794,(#5799,#5806),.PCURVE_S1.);
#5794 = CIRCLE('',#5795,40.2325);
#5795 = AXIS2_PLACEMENT_3D('',#5796,#5797,#5798);
#5796 = CARTESIAN_POINT('',(0.,0.,-13.19591663079));
#5797 = DIRECTION('',(0.,0.,-1.));
#5798 = DIRECTION('',(0.,1.,0.));
#5799 = PCURVE('',#131,#5800);
#5800 = DEFINITIONAL_REPRESENTATION('',(#5801),#5805);
#5801 = LINE('',#5802,#5803);
#5802 = CARTESIAN_POINT('',(7.853981633974,189.17381340749));
#5803 = VECTOR('',#5804,1.);
#5804 = DIRECTION('',(-1.,0.));
#5805 = ( GEOMETRIC_REPRESENTATION_CONTEXT(2) 
PARAMETRIC_REPRESENTATION_CONTEXT() REPRESENTATION_CONTEXT('2D SPACE',''
  ) );
#5806 = PCURVE('',#916,#5807);
#5807 = DEFINITIONAL_REPRESENTATION('',(#5808),#5812);
#5808 = LINE('',#5809,#5810);
#5809 = CARTESIAN_POINT('',(-4.712388980385,221.26889229077));
#5810 = VECTOR('',#5811,1.);
#5811 = DIRECTION('',(1.,0.));
#5812 = ( GEOMETRIC_REPRESENTATION_CONTEXT(2) 
PARAMETRIC_REPRESENTATION_CONTEXT() REPRESENTATION_CONTEXT('2D SPACE',''
  ) );
#5813 = ORIENTED_EDGE('',*,*,#5814,.F.);
#5814 = EDGE_CURVE('',#5768,#5791,#5815,.T.);
#5815 = SURFACE_CURVE('',#5816,(#5821,#5828),.PCURVE_S1.);
#5816 = CIRCLE('',#5817,40.2325);
#5817 = AXIS2_PLACEMENT_3D('',#5818,#5819,#5820);
#5818 = CARTESIAN_POINT('',(0.,0.,-13.19591663079));
#5819 = DIRECTION('',(0.,0.,-1.));
#5820 = DIRECTION('',(0.,1.,0.));
#5821 = PCURVE('',#131,#5822);
#5822 = DEFINITIONAL_REPRESENTATION('',(#5823),#5827);
#5823 = LINE('',#5824,#5825);
#5824 = CARTESIAN_POINT('',(7.853981633974,189.17381340749));
#5825 = VECTOR('',#5826,1.);
#5826 = DIRECTION('',(-1.,0.));
#5827 = ( GEOMETRIC_REPRESENTATION_CONTEXT(2) 
PARAMETRIC_REPRESENTATION_CONTEXT() REPRESENTATION_CONTEXT('2D SPACE',''
  ) );
#5828 = PCURVE('',#916,#5829);
#5829 = DEFINITIONAL_REPRESENTATION('',(#5830),#5834);
#5830 = LINE('',#5831,#5832);
#5831 = CARTESIAN_POINT('',(1.570796326795,221.26889229077));
#5832 = VECTOR('',#5833,1.);
#5833 = DIRECTION('',(1.,0.));
#5834 = ( GEOMETRIC_REPRESENTATION_CONTEXT(2) 
PARAMETRIC_REPRESENTATION_CONTEXT() REPRESENTATION_CONTEXT('2D SPACE',''
  ) );
#5835 = ORIENTED_EDGE('',*,*,#5767,.T.);
#5836 = FACE_BOUND('',#5837,.F.);
#5837 = EDGE_LOOP('',(#5838));
#5838 = ORIENTED_EDGE('',*,*,#5839,.F.);
#5839 = EDGE_CURVE('',#5840,#5840,#5842,.T.);
#5840 = VERTEX_POINT('',#5841);
#5841 = CARTESIAN_POINT('',(-43.01,6.308155662408E-15,-0.103528498001));
#5842 = SURFACE_CURVE('',#5843,(#6112,#6384),.PCURVE_S1.);
#5843 = B_SPLINE_CURVE_WITH_KNOTS('',8,(#5844,#5845,#5846,#5847,#5848,
    #5849,#5850,#5851,#5852,#5853,#5854,#5855,#5856,#5857,#5858,#5859,
    #5860,#5861,#5862,#5863,#5864,#5865,#5866,#5867,#5868,#5869,#5870,
    #5871,#5872,#5873,#5874,#5875,#5876,#5877,#5878,#5879,#5880,#5881,
    #5882,#5883,#5884,#5885,#5886,#5887,#5888,#5889,#5890,#5891,#5892,
    #5893,#5894,#5895,#5896,#5897,#5898,#5899,#5900,#5901,#5902,#5903,
    #5904,#5905,#5906,#5907,#5908,#5909,#5910,#5911,#5912,#5913,#5914,
    #5915,#5916,#5917,#5918,#5919,#5920,#5921,#5922,#5923,#5924,#5925,
    #5926,#5927,#5928,#5929,#5930,#5931,#5932,#5933,#5934,#5935,#5936,
    #5937,#5938,#5939,#5940,#5941,#5942,#5943,#5944,#5945,#5946,#5947,
    #5948,#5949,#5950,#5951,#5952,#5953,#5954,#5955,#5956,#5957,#5958,
    #5959,#5960,#5961,#5962,#5963,#5964,#5965,#5966,#5967,#5968,#5969,
    #5970,#5971,#5972,#5973,#5974,#5975,#5976,#5977,#5978,#5979,#5980,
    #5981,#5982,#5983,#5984,#5985,#5986,#5987,#5988,#5989,#5990,#5991,
    #5992,#5993,#5994,#5995,#5996,#5997,#5998,#5999,#6000,#6001,#6002,
    #6003,#6004,#6005,#6006,#6007,#6008,#6009,#6010,#6011,#6012,#6013,
    #6014,#6015,#6016,#6017,#6018,#6019,#6020,#6021,#6022,#6023,#6024,
    #6025,#6026,#6027,#6028,#6029,#6030,#6031,#6032,#6033,#6034,#6035,
    #6036,#6037,#6038,#6039,#6040,#6041,#6042,#6043,#6044,#6045,#6046,
    #6047,#6048,#6049,#6050,#6051,#6052,#6053,#6054,#6055,#6056,#6057,
    #6058,#6059,#6060,#6061,#6062,#6063,#6064,#6065,#6066,#6067,#6068,
    #6069,#6070,#6071,#6072,#6073,#6074,#6075,#6076,#6077,#6078,#6079,
    #6080,#6081,#6082,#6083,#6084,#6085,#6086,#6087,#6088,#6089,#6090,
    #6091,#6092,#6093,#6094,#6095,#6096,#6097,#6098,#6099,#6100,#6101,
    #6102,#6103,#6104,#6105,#6106,#6107,#6108,#6109,#6110,#6111),
  .UNSPECIFIED.,.T.,.F.,(9,7,7,7,7,7,7,7,7,7,7,7,7,7,7,7,7,7,7,7,7,7,7,7
    ,7,7,7,7,7,7,7,7,7,7,7,7,7,7,9),(0.,3.037556756012E-03,
    5.386647379915E-03,8.517965135828E-03,1.308974939053E-02,
    2.667894650063E-02,5.642317200936E-02,9.510508002101E-02,
    0.141706175108,0.238453737963,0.338889658457,0.383853631545,
    0.423470706625,0.446084692337,0.46526796134,0.483105381021,
    0.491760936473,0.496530569846,0.498591204582,0.501112941293,
    0.503293464769,0.505999457258,0.509757338607,0.515128533378,
    0.531246881495,0.547921582101,0.567987385978,0.620362764845,
    0.683242301883,0.76139704812,0.853226603075,0.894740989417,
    0.931032133524,0.951249194511,0.968193226742,0.984618807438,
    0.992409471423,0.996706660043,1.),.UNSPECIFIED.);
#5844 = CARTESIAN_POINT('',(-43.01,6.217248937901E-15,-0.103528498001));
#5845 = CARTESIAN_POINT('',(-43.01,-5.409313730825E-02,-0.103528498001)
  );
#5846 = CARTESIAN_POINT('',(-43.01078696315,-0.107579413261,
    -9.945241458914E-02));
#5847 = CARTESIAN_POINT('',(-43.01232942739,-0.159629528248,
    -9.14631862364E-02));
#5848 = CARTESIAN_POINT('',(-43.01453132212,-0.209807679101,
    -8.005891664455E-02));
#5849 = CARTESIAN_POINT('',(-43.01728164617,-0.25787343294,
    -6.581529673282E-02));
#5850 = CARTESIAN_POINT('',(-43.02047317447,-0.303701485036,
    -4.928841683178E-02));
#5851 = CARTESIAN_POINT('',(-43.02400747117,-0.347261906996,
    -3.098861860248E-02));
#5852 = CARTESIAN_POINT('',(-43.03073913062,-0.420574953071,
    3.862263213832E-03));
#5853 = CARTESIAN_POINT('',(-43.03384136998,-0.451329465169,
    1.992175300856E-02));
#5854 = CARTESIAN_POINT('',(-43.0370829879,-0.480965178578,
    3.670126806918E-02));
#5855 = CARTESIAN_POINT('',(-43.04044182671,-0.50956572724,
    5.408588438194E-02));
#5856 = CARTESIAN_POINT('',(-43.04390000857,-0.537207047223,
    7.198287822025E-02));
#5857 = CARTESIAN_POINT('',(-43.04744342057,-0.563961949418,
    9.031905164445E-02));
#5858 = CARTESIAN_POINT('',(-43.05106146445,-0.589902446058,
    0.109039424317));
#5859 = CARTESIAN_POINT('',(-43.05965995281,-0.648687730291,
    0.153524596052));
#5860 = CARTESIAN_POINT('',(-43.06468959063,-0.68093317603,
    0.179542311414));
#5861 = CARTESIAN_POINT('',(-43.06981630609,-0.711989853745,
    0.206058329951));
#5862 = CARTESIAN_POINT('',(-43.07502481429,-0.74197582707,
    0.232993344147));
#5863 = CARTESIAN_POINT('',(-43.08030316618,-0.770987410075,
    0.260285357374));
#5864 = CARTESIAN_POINT('',(-43.08564205146,-0.799108413964,
    0.287886060831));
#5865 = CARTESIAN_POINT('',(-43.09103446184,-0.826414768234,
    0.315759076747));
#5866 = CARTESIAN_POINT('',(-43.10442004862,-0.891752260208,
    0.38493725675));
#5867 = CARTESIAN_POINT('',(-43.11246563827,-0.928925257942,
    0.426508264377));
#5868 = CARTESIAN_POINT('',(-43.12059532929,-0.964696314036,
    0.468504021062));
#5869 = CARTESIAN_POINT('',(-43.12879603082,-0.999217357263,
    0.510856562772));
#5870 = CARTESIAN_POINT('',(-43.13705764278,-1.032608766903,
    0.553513455974));
#5871 = CARTESIAN_POINT('',(-43.14537234952,-1.064972225506,
    0.596434121572));
#5872 = CARTESIAN_POINT('',(-43.15373428001,-1.096397098147,
    0.639588057947));
#5873 = CARTESIAN_POINT('',(-43.18712335928,-1.217806683994,
    0.811858994709));
#5874 = CARTESIAN_POINT('',(-43.21247355784,-1.300983701352,
    0.942560023902));
#5875 = CARTESIAN_POINT('',(-43.23807910967,-1.378520289873,
    1.074480696055));
#5876 = CARTESIAN_POINT('',(-43.26388014149,-1.451348803209,
    1.207309764575));
#5877 = CARTESIAN_POINT('',(-43.28983124663,-1.520254582689,
    1.34081144089));
#5878 = CARTESIAN_POINT('',(-43.31590708458,-1.585745517222,
    1.474854054297));
#5879 = CARTESIAN_POINT('',(-43.34209344236,-1.648268348699,
    1.609363378342));
#5880 = CARTESIAN_POINT('',(-43.4259451889,-1.839301615734,
    2.039751946478));
#5881 = CARTESIAN_POINT('',(-43.48395944122,-1.957753010388,
    2.337036044383));
#5882 = CARTESIAN_POINT('',(-43.54231094438,-2.067068978422,
    2.635552889246));
#5883 = CARTESIAN_POINT('',(-43.60093722973,-2.16876399929,
    2.934976725395));
#5884 = CARTESIAN_POINT('',(-43.65979034527,-2.264143864202,
    3.235058143742));
#5885 = CARTESIAN_POINT('',(-43.71884516472,-2.353997725325,
    3.535666277316));
#5886 = CARTESIAN_POINT('',(-43.77808832616,-2.439024373997,
    3.83673058719));
#5887 = CARTESIAN_POINT('',(-43.91481237546,-2.624731394851,
    4.530381884597));
#5888 = CARTESIAN_POINT('',(-43.99239900598,-2.722406503472,
    4.923158322154));
#5889 = CARTESIAN_POINT('',(-44.07025389646,-2.813916501404,
    5.316441805068));
#5890 = CARTESIAN_POINT('',(-44.14835800835,-2.900008232463,
    5.710132517529));
#5891 = CARTESIAN_POINT('',(-44.22669713756,-2.981245993997,
    6.104156142121));
#5892 = CARTESIAN_POINT('',(-44.30526091294,-3.058082811235,
    6.498458375962));
#5893 = CARTESIAN_POINT('',(-44.38404264016,-3.130874843972,
    6.893003868543));
#5894 = CARTESIAN_POINT('',(-44.55820723971,-3.283107146437,
    7.763360963652));
#5895 = CARTESIAN_POINT('',(-44.65368319244,-3.360854349486,
    8.239255141839));
#5896 = CARTESIAN_POINT('',(-44.74945676902,-3.433682564203,
    8.715403698479));
#5897 = CARTESIAN_POINT('',(-44.8455201848,-3.501981773608,
    9.191765696054));
#5898 = CARTESIAN_POINT('',(-44.94186722108,-3.566057161909,
    9.668308543664));
#5899 = CARTESIAN_POINT('',(-45.03849295382,-3.626158446244,
    10.145006468716));
#5900 = CARTESIAN_POINT('',(-45.13539362408,-3.682495388206,
    10.621839731177));
#5901 = CARTESIAN_POINT('',(-45.43430554523,-3.844740406242,
    12.088990608348));
#5902 = CARTESIAN_POINT('',(-45.63721325912,-3.938755363529,
    13.07968583068));
#5903 = CARTESIAN_POINT('',(-45.84126461376,-4.018829688752,
    14.070747433013));
#5904 = CARTESIAN_POINT('',(-46.04643932425,-4.08588604513,
    15.062070512695));
#5905 = CARTESIAN_POINT('',(-46.25272048126,-4.140528233611,
    16.053569442777));
#5906 = CARTESIAN_POINT('',(-46.46009415728,-4.183140804559,
    17.045175145376));
#5907 = CARTESIAN_POINT('',(-46.66854945484,-4.213899146492,
    18.03683469372));
#5908 = CARTESIAN_POINT('',(-47.09559515331,-4.25243104751,
    20.057990771177));
#5909 = CARTESIAN_POINT('',(-47.31426222052,-4.259282860184,
    21.087456552361));
#5910 = CARTESIAN_POINT('',(-47.53407001105,-4.253357586137,
    22.116862304528));
#5911 = CARTESIAN_POINT('',(-47.75500595259,-4.234445809821,
    23.146150125118));
#5912 = CARTESIAN_POINT('',(-47.97705407165,-4.202121118647,
    24.175247983122));
#5913 = CARTESIAN_POINT('',(-48.20019479565,-4.155732674915,
    25.204069398783));
#5914 = CARTESIAN_POINT('',(-48.42440452021,-4.0943221254,
    26.232512128288));
#5915 = CARTESIAN_POINT('',(-48.75049635171,-3.981495581276,
    27.72065177599));
#5916 = CARTESIAN_POINT('',(-48.85154575125,-3.943292755644,
    28.180744909652));
#5917 = CARTESIAN_POINT('',(-48.95280015072,-3.901643482621,
    28.640722539441));
#5918 = CARTESIAN_POINT('',(-49.05425614617,-3.856389747793,
    29.1005701109));
#5919 = CARTESIAN_POINT('',(-49.15590951661,-3.807347618395,
    29.560269547629));
#5920 = CARTESIAN_POINT('',(-49.25775514356,-3.75429962906,
    30.019798959463));
#5921 = CARTESIAN_POINT('',(-49.3597868814,-3.696981955256,30.4791321395
    ));
#5922 = CARTESIAN_POINT('',(-49.55205349747,-3.580513494742,
    31.342748931887));
#5923 = CARTESIAN_POINT('',(-49.64224711566,-3.522391947565,
    31.747077706325));
#5924 = CARTESIAN_POINT('',(-49.7325740858,-3.460475927257,
    32.151206809366));
#5925 = CARTESIAN_POINT('',(-49.82302832169,-3.394501810453,
    32.555110352754));
#5926 = CARTESIAN_POINT('',(-49.91360153186,-3.324152265566,
    32.958752890954));
#5927 = CARTESIAN_POINT('',(-50.00428301594,-3.249043808717,
    33.36208866023));
#5928 = CARTESIAN_POINT('',(-50.09505918811,-3.168695462976,
    33.765059648978));
#5929 = CARTESIAN_POINT('',(-50.23777284069,-3.033229576422,
    34.397361669482));
#5930 = CARTESIAN_POINT('',(-50.28965760691,-2.982084037548,
    34.626985889569));
#5931 = CARTESIAN_POINT('',(-50.34156374261,-2.928898881792,
    34.856450779304));
#5932 = CARTESIAN_POINT('',(-50.39348713668,-2.87353404728,
    35.085738774579));
#5933 = CARTESIAN_POINT('',(-50.44542257586,-2.815828267151,
    35.314827547939));
#5934 = CARTESIAN_POINT('',(-50.49736358557,-2.755591537667,
    35.543689354575));
#5935 = CARTESIAN_POINT('',(-50.54930215098,-2.692591876949,
    35.772289863059));
#5936 = CARTESIAN_POINT('',(-50.64527688384,-2.570502002839,
    36.19424871575));
#5937 = CARTESIAN_POINT('',(-50.68931490526,-2.512270676013,
    36.387685140388));
#5938 = CARTESIAN_POINT('',(-50.73333747586,-2.451661301833,
    36.580874906438));
#5939 = CARTESIAN_POINT('',(-50.77733720709,-2.388463492713,
    36.773786365377));
#5940 = CARTESIAN_POINT('',(-50.82130377534,-2.322422417076,
    36.96637516789));
#5941 = CARTESIAN_POINT('',(-50.86522363786,-2.253228949938,
    37.158583105039));
#5942 = CARTESIAN_POINT('',(-50.90907921787,-2.180490665057,
    37.350334663394));
#5943 = CARTESIAN_POINT('',(-50.99354387359,-2.032218056595,
    37.719308232185));
#5944 = CARTESIAN_POINT('',(-51.03414555261,-1.957270802836,
    37.896521463622));
#5945 = CARTESIAN_POINT('',(-51.07465106125,-1.8783568905,
    38.073165986417));
#5946 = CARTESIAN_POINT('',(-51.11503961454,-1.794885567669,
    38.249152738894));
#5947 = CARTESIAN_POINT('',(-51.1552735111,-1.706190547722,
    38.424319200551));
#5948 = CARTESIAN_POINT('',(-51.19528353077,-1.611218850486,
    38.598366778993));
#5949 = CARTESIAN_POINT('',(-51.23497861178,-1.508739203438,
    38.770903158657));
#5950 = CARTESIAN_POINT('',(-51.29321367599,-1.341283925264,
    39.023823284676));
#5951 = CARTESIAN_POINT('',(-51.31210398298,-1.284217474636,
    39.105833314302));
#5952 = CARTESIAN_POINT('',(-51.33085552206,-1.224444722807,
    39.187209233202));
#5953 = CARTESIAN_POINT('',(-51.34944398463,-1.161548819449,
    39.267846355292));
#5954 = CARTESIAN_POINT('',(-51.36782614909,-1.09506989543,
    39.347558110816));
#5955 = CARTESIAN_POINT('',(-51.38592696214,-1.024337205553,
    39.426020442025));
#5956 = CARTESIAN_POINT('',(-51.40364719935,-0.948567729842,
    39.502805187379));
#5957 = CARTESIAN_POINT('',(-51.43026811808,-0.820681181282,
    39.618118924262));
#5958 = CARTESIAN_POINT('',(-51.439531561,-0.773338688186,
    39.658237433481));
#5959 = CARTESIAN_POINT('',(-51.44859166194,-0.723734760659,
    39.697467790047));
#5960 = CARTESIAN_POINT('',(-51.45741137304,-0.671527762222,
    39.735650108283));
#5961 = CARTESIAN_POINT('',(-51.4659196743,-0.616350838888,
    39.772477587144));
#5962 = CARTESIAN_POINT('',(-51.47401321888,-0.557822502383,
    39.80750383367));
#5963 = CARTESIAN_POINT('',(-51.48155079401,-0.495500393409,
    39.840119047227));
#5964 = CARTESIAN_POINT('',(-51.49125282607,-0.399802009879,
    39.882094694839));
#5965 = CARTESIAN_POINT('',(-51.49403418838,-0.370122455429,
    39.894127448034));
#5966 = CARTESIAN_POINT('',(-51.49665205347,-0.339595905076,
    39.90545221054));
#5967 = CARTESIAN_POINT('',(-51.49908444664,-0.308202340392,
    39.915974056888));
#5968 = CARTESIAN_POINT('',(-51.50130562804,-0.275942241645,
    39.925581793297));
#5969 = CARTESIAN_POINT('',(-51.50328734075,-0.242841335496,
    39.934153352995));
#5970 = CARTESIAN_POINT('',(-51.5050009351,-0.208958416305,
    39.941564971929));
#5971 = CARTESIAN_POINT('',(-51.50815742553,-0.132100192801,
    39.95521706189));
#5972 = CARTESIAN_POINT('',(-51.50945810449,-8.868644362557E-02,
    39.960842343679));
#5973 = CARTESIAN_POINT('',(-51.51026322496,-4.452894964208E-02,
    39.964324259687));
#5974 = CARTESIAN_POINT('',(-51.51053579164,-1.62344963861E-13,
    39.965503007706));
#5975 = CARTESIAN_POINT('',(-51.51026322496,4.45289496423E-02,
    39.964324259687));
#5976 = CARTESIAN_POINT('',(-51.50945810449,8.868644362635E-02,
    39.960842343679));
#5977 = CARTESIAN_POINT('',(-51.50815742553,0.1321001928,39.95521706189)
  );
#5978 = CARTESIAN_POINT('',(-51.50491835173,0.210969260613,
    39.941207791836));
#5979 = CARTESIAN_POINT('',(-51.50308707465,0.246778480146,
    39.93328716383));
#5980 = CARTESIAN_POINT('',(-51.50095740962,0.281705056924,
    39.924075631521));
#5981 = CARTESIAN_POINT('',(-51.49856334691,0.315683762245,
    39.913720028894));
#5982 = CARTESIAN_POINT('',(-51.49593819012,0.348688970874,
    39.902364223139));
#5983 = CARTESIAN_POINT('',(-51.49311190322,0.380724739326,
    39.890137655808));
#5984 = CARTESIAN_POINT('',(-51.49010960997,0.411818972968,
    39.877148855215));
#5985 = CARTESIAN_POINT('',(-51.48303176921,0.479502729306,
    39.846525968437));
#5986 = CARTESIAN_POINT('',(-51.47887421786,0.515588663302,
    39.828536610912));
#5987 = CARTESIAN_POINT('',(-51.47451661174,0.550379857756,
    39.809680056479));
#5988 = CARTESIAN_POINT('',(-51.46999031208,0.583964904801,
    39.790091753683));
#5989 = CARTESIAN_POINT('',(-51.46532087683,0.616426635864,
    39.769882089316));
#5990 = CARTESIAN_POINT('',(-51.46052863052,0.647846171836,
    39.749138845627));
#5991 = CARTESIAN_POINT('',(-51.45562894838,0.678305002438,
    39.727928416124));
#5992 = CARTESIAN_POINT('',(-51.44369321726,0.748963729643,
    39.676253981852));
#5993 = CARTESIAN_POINT('',(-51.436572117,0.788318484704,39.645419709366
    ));
#5994 = CARTESIAN_POINT('',(-51.42930113553,0.826149968925,
    39.613931897913));
#5995 = CARTESIAN_POINT('',(-51.42190513183,0.862611196822,
    39.581897873981));
#5996 = CARTESIAN_POINT('',(-51.41440342874,0.897826665364,
    39.549401065878));
#5997 = CARTESIAN_POINT('',(-51.40681098252,0.931904959458,
    39.516506045098));
#5998 = CARTESIAN_POINT('',(-51.3991389354,0.964944886054,
    39.483260898286));
#5999 = CARTESIAN_POINT('',(-51.38032538905,1.042902201678,
    39.401723458807));
#6000 = CARTESIAN_POINT('',(-51.36911305748,1.086810986601,
    39.353118638147));
#6001 = CARTESIAN_POINT('',(-51.35778307267,1.129007865311,
    39.303992556513));
#6002 = CARTESIAN_POINT('',(-51.34635490081,1.1696772223,39.254429208194
    ));
#6003 = CARTESIAN_POINT('',(-51.33484354975,1.208965160041,
    39.204493354559));
#6004 = CARTESIAN_POINT('',(-51.32326061715,1.246995225171,
    39.15423503542));
#6005 = CARTESIAN_POINT('',(-51.31161479491,1.283876153737,
    39.103691730302));
#6006 = CARTESIAN_POINT('',(-51.26479255528,1.427209854878,
    38.900432428965));
#6007 = CARTESIAN_POINT('',(-51.22918402593,1.525139749079,
    38.745742977861));
#6008 = CARTESIAN_POINT('',(-51.19325462128,1.616034427528,
    38.589545143772));
#6009 = CARTESIAN_POINT('',(-51.15709470451,1.701043691687,
    38.432228342001));
#6010 = CARTESIAN_POINT('',(-51.12077284492,1.781146940139,
    38.274088399781));
#6011 = CARTESIAN_POINT('',(-51.08432680544,1.856971318005,
    38.115288138763));
#6012 = CARTESIAN_POINT('',(-51.04777754284,1.929072314538,
    37.955917445004));
#6013 = CARTESIAN_POINT('',(-50.97321017216,2.069076074587,
    37.630523400986));
#6014 = CARTESIAN_POINT('',(-50.93520492138,2.136711928038,
    37.464547622938));
#6015 = CARTESIAN_POINT('',(-50.89713175927,2.201251318056,
    37.298144056319));
#6016 = CARTESIAN_POINT('',(-50.85900669789,2.263032130679,
    37.131381533254));
#6017 = CARTESIAN_POINT('',(-50.82084200881,2.322317305315,
    36.964312822754));
#6018 = CARTESIAN_POINT('',(-50.78264712458,2.379324301388,
    36.796978467319));
#6019 = CARTESIAN_POINT('',(-50.74442907875,2.434239679948,
    36.629408630288));
#6020 = CARTESIAN_POINT('',(-50.66017978407,2.550972187006,
    36.259715012397));
#6021 = CARTESIAN_POINT('',(-50.61414226856,2.611919697939,
    36.057503486053));
#6022 = CARTESIAN_POINT('',(-50.56808981298,2.670332712541,
    35.855030684524));
#6023 = CARTESIAN_POINT('',(-50.52203036518,2.72642641047,
    35.652330682964));
#6024 = CARTESIAN_POINT('',(-50.47597034663,2.780377225803,
    35.449431020788));
#6025 = CARTESIAN_POINT('',(-50.42991493282,2.832335051781,
    35.246353882089));
#6026 = CARTESIAN_POINT('',(-50.38386821315,2.882430196013,
    35.043116757761));
#6027 = CARTESIAN_POINT('',(-50.21767359589,3.056963997037,
    34.308863108859));
#6028 = CARTESIAN_POINT('',(-50.09760076025,3.171223297903,
    33.777022000577));
#6029 = CARTESIAN_POINT('',(-49.97766929212,3.27555662339,
    33.244441684811));
#6030 = CARTESIAN_POINT('',(-49.85791666032,3.371207202742,
    32.711282277269));
#6031 = CARTESIAN_POINT('',(-49.73837025002,3.459100266756,
    32.177661166437));
#6032 = CARTESIAN_POINT('',(-49.61904944552,3.539974798334,
    31.643661402642));
#6033 = CARTESIAN_POINT('',(-49.49996590242,3.614396319079,
    31.109332333073));
#6034 = CARTESIAN_POINT('',(-49.2384502183,3.765015712742,
    29.932835351093));
#6035 = CARTESIAN_POINT('',(-49.0961335436,3.838570498987,
    29.290569243007));
#6036 = CARTESIAN_POINT('',(-48.95419239104,3.904320740965,
    28.647970887629));
#6037 = CARTESIAN_POINT('',(-48.81264052064,3.962860433063,
    28.00509900926));
#6038 = CARTESIAN_POINT('',(-48.67148895553,4.014654598342,
    27.362000918966));
#6039 = CARTESIAN_POINT('',(-48.53074634082,4.060078524284,
    26.718713844172));
#6040 = CARTESIAN_POINT('',(-48.39041911156,4.099433009812,
    26.075265445186));
#6041 = CARTESIAN_POINT('',(-48.07661685594,4.174639290848,
    24.631737276022));
#6042 = CARTESIAN_POINT('',(-47.90337312552,4.207317224758,
    23.831591566896));
#6043 = CARTESIAN_POINT('',(-47.730790645,4.231466007875,23.031281082179
    ));
#6044 = CARTESIAN_POINT('',(-47.55887841739,4.247420666821,
    22.23084529085));
#6045 = CARTESIAN_POINT('',(-47.38764443484,4.255415637017,
    21.430319847845));
#6046 = CARTESIAN_POINT('',(-47.21709576461,4.255604729166,
    20.629736860749));
#6047 = CARTESIAN_POINT('',(-47.04723860558,4.248067885167,
    19.829125029946));
#6048 = CARTESIAN_POINT('',(-46.67931989137,4.214870952076,
    18.087809878191));
#6049 = CARTESIAN_POINT('',(-46.48152690788,4.186271427661,
    17.147121177072));
#6050 = CARTESIAN_POINT('',(-46.28470673205,4.147005608677,
    16.206478620379));
#6051 = CARTESIAN_POINT('',(-46.08886884937,4.096929991179,
    15.265928227463));
#6052 = CARTESIAN_POINT('',(-45.89402497119,4.035735740606,
    14.325528003631));
#6053 = CARTESIAN_POINT('',(-45.70018902573,3.962937018833,
    13.385348353311));
#6054 = CARTESIAN_POINT('',(-45.50737743414,3.877798830108,
    12.445473993783));
#6055 = CARTESIAN_POINT('',(-45.22891571627,3.734528368603,
    11.08129553977));
#6056 = CARTESIAN_POINT('',(-45.14243538781,3.687158952303,
    10.656668358252));
#6057 = CARTESIAN_POINT('',(-45.05617092293,3.636915523571,
    10.232137613071));
#6058 = CARTESIAN_POINT('',(-44.97012472241,3.583668247752,
    9.807715878572));
#6059 = CARTESIAN_POINT('',(-44.88429976198,3.527264784671,
    9.383418721278));
#6060 = CARTESIAN_POINT('',(-44.7986996457,3.467523382474,8.959265025882
    ));
#6061 = CARTESIAN_POINT('',(-44.71332870422,3.404221173217,8.53527755675
    ));
#6062 = CARTESIAN_POINT('',(-44.55376725366,3.27838200447,7.741010690327
    ));
#6063 = CARTESIAN_POINT('',(-44.47952240448,3.216750962255,
    7.370690240554));
#6064 = CARTESIAN_POINT('',(-44.40546036772,3.151998526821,
    7.000537295218));
#6065 = CARTESIAN_POINT('',(-44.33158541353,3.083898981363,
    6.630574362035));
#6066 = CARTESIAN_POINT('',(-44.25790327929,3.012186396269,6.26083153287
    ));
#6067 = CARTESIAN_POINT('',(-44.18442137916,2.93653693345,5.89134767846)
  );
#6068 = CARTESIAN_POINT('',(-44.11114924864,2.856533967719,
    5.522172871813));
#6069 = CARTESIAN_POINT('',(-43.99740453596,2.724309960241,
    4.947920570334));
#6070 = CARTESIAN_POINT('',(-43.95677923989,2.675478815245,
    4.742587503931));
#6071 = CARTESIAN_POINT('',(-43.91622533791,2.625025381578,
    4.537383413922));
#6072 = CARTESIAN_POINT('',(-43.87574552271,2.572836786025,
    4.332322431452));
#6073 = CARTESIAN_POINT('',(-43.83534319803,2.518782930988,
    4.127422375014));
#6074 = CARTESIAN_POINT('',(-43.79502258014,2.462710424481,
    3.922705303689));
#6075 = CARTESIAN_POINT('',(-43.75478888081,2.404431999966,
    3.718198494601));
#6076 = CARTESIAN_POINT('',(-43.68100675307,2.292821172338,
    3.342742171646));
#6077 = CARTESIAN_POINT('',(-43.64743148892,2.240216428818,3.17172486301
    ));
#6078 = CARTESIAN_POINT('',(-43.61392586249,2.185758637666,
    3.000900189823));
#6079 = CARTESIAN_POINT('',(-43.58049460308,2.129280885953,
    2.830292897091));
#6080 = CARTESIAN_POINT('',(-43.54714405693,2.070588097738,2.65993610095
    ));
#6081 = CARTESIAN_POINT('',(-43.51388248034,2.009443756215,
    2.489872860811));
#6082 = CARTESIAN_POINT('',(-43.48072065483,1.945543155868,
    2.320159426358));
#6083 = CARTESIAN_POINT('',(-43.41563618746,1.813455412638,
    1.986760785816));
#6084 = CARTESIAN_POINT('',(-43.38371988046,1.745484758467,1.8231176612)
  );
#6085 = CARTESIAN_POINT('',(-43.35192428393,1.674167375485,
    1.659944214733));
#6086 = CARTESIAN_POINT('',(-43.32026355906,1.598995803313,
    1.497314545041));
#6087 = CARTESIAN_POINT('',(-43.28876336584,1.519396524567,
    1.335362038949));
#6088 = CARTESIAN_POINT('',(-43.25747103629,1.434456820627,
    1.174332547239));
#6089 = CARTESIAN_POINT('',(-43.22644858255,1.343106690112,
    1.014548608652));
#6090 = CARTESIAN_POINT('',(-43.18128367727,1.195425267985,
    0.781718978623));
#6091 = CARTESIAN_POINT('',(-43.16685386338,1.145972233107,
    0.707300358194));
#6092 = CARTESIAN_POINT('',(-43.1525269802,1.094296394802,0.633381587792
    ));
#6093 = CARTESIAN_POINT('',(-43.13831878429,1.040060553534,
    0.560044651398));
#6094 = CARTESIAN_POINT('',(-43.12425684377,0.982886720068,0.48743263876
    ));
#6095 = CARTESIAN_POINT('',(-43.110388288,0.92222598794,0.415790097702)
  );
#6096 = CARTESIAN_POINT('',(-43.09677563244,0.857425270324,
    0.345441610229));
#6097 = CARTESIAN_POINT('',(-43.0762228193,0.7483747539,0.239187423391)
  );
#6098 = CARTESIAN_POINT('',(-43.0690442208,0.708027466482,0.202067387901
    ));
#6099 = CARTESIAN_POINT('',(-43.06199879965,0.66581588972,0.165628314614
    ));
#6100 = CARTESIAN_POINT('',(-43.05510887579,0.621459662641,
    0.129986091812));
#6101 = CARTESIAN_POINT('',(-43.04841873114,0.574639363005,
    9.537035483137E-02));
#6102 = CARTESIAN_POINT('',(-43.04199309377,0.525009055634,
    6.211680267703E-02));
#6103 = CARTESIAN_POINT('',(-43.03592161202,0.472146189059,
    3.069050438079E-02));
#6104 = CARTESIAN_POINT('',(-43.02606544662,0.37177027689,
    -2.033314068323E-02));
#6105 = CARTESIAN_POINT('',(-43.02207246086,0.325835224176,
    -4.100689447732E-02));
#6106 = CARTESIAN_POINT('',(-43.01843481199,0.277265092187,
    -5.984323702982E-02));
#6107 = CARTESIAN_POINT('',(-43.01526545133,0.22596685252,
    -7.625664657178E-02));
#6108 = CARTESIAN_POINT('',(-43.01270411056,0.172043637556,
    -8.95225023123E-02));
#6109 = CARTESIAN_POINT('',(-43.01090539104,0.115830587047,
    -9.883901601172E-02));
#6110 = CARTESIAN_POINT('',(-43.01,5.802402217808E-02,-0.103528498001));
#6111 = CARTESIAN_POINT('',(-43.01,6.217248937901E-15,-0.103528498001));
#6112 = PCURVE('',#131,#6113);
#6113 = DEFINITIONAL_REPRESENTATION('',(#6114),#6383);
#6114 = B_SPLINE_CURVE_WITH_KNOTS('',8,(#6115,#6116,#6117,#6118,#6119,
    #6120,#6121,#6122,#6123,#6124,#6125,#6126,#6127,#6128,#6129,#6130,
    #6131,#6132,#6133,#6134,#6135,#6136,#6137,#6138,#6139,#6140,#6141,
    #6142,#6143,#6144,#6145,#6146,#6147,#6148,#6149,#6150,#6151,#6152,
    #6153,#6154,#6155,#6156,#6157,#6158,#6159,#6160,#6161,#6162,#6163,
    #6164,#6165,#6166,#6167,#6168,#6169,#6170,#6171,#6172,#6173,#6174,
    #6175,#6176,#6177,#6178,#6179,#6180,#6181,#6182,#6183,#6184,#6185,
    #6186,#6187,#6188,#6189,#6190,#6191,#6192,#6193,#6194,#6195,#6196,
    #6197,#6198,#6199,#6200,#6201,#6202,#6203,#6204,#6205,#6206,#6207,
    #6208,#6209,#6210,#6211,#6212,#6213,#6214,#6215,#6216,#6217,#6218,
    #6219,#6220,#6221,#6222,#6223,#6224,#6225,#6226,#6227,#6228,#6229,
    #6230,#6231,#6232,#6233,#6234,#6235,#6236,#6237,#6238,#6239,#6240,
    #6241,#6242,#6243,#6244,#6245,#6246,#6247,#6248,#6249,#6250,#6251,
    #6252,#6253,#6254,#6255,#6256,#6257,#6258,#6259,#6260,#6261,#6262,
    #6263,#6264,#6265,#6266,#6267,#6268,#6269,#6270,#6271,#6272,#6273,
    #6274,#6275,#6276,#6277,#6278,#6279,#6280,#6281,#6282,#6283,#6284,
    #6285,#6286,#6287,#6288,#6289,#6290,#6291,#6292,#6293,#6294,#6295,
    #6296,#6297,#6298,#6299,#6300,#6301,#6302,#6303,#6304,#6305,#6306,
    #6307,#6308,#6309,#6310,#6311,#6312,#6313,#6314,#6315,#6316,#6317,
    #6318,#6319,#6320,#6321,#6322,#6323,#6324,#6325,#6326,#6327,#6328,
    #6329,#6330,#6331,#6332,#6333,#6334,#6335,#6336,#6337,#6338,#6339,
    #6340,#6341,#6342,#6343,#6344,#6345,#6346,#6347,#6348,#6349,#6350,
    #6351,#6352,#6353,#6354,#6355,#6356,#6357,#6358,#6359,#6360,#6361,
    #6362,#6363,#6364,#6365,#6366,#6367,#6368,#6369,#6370,#6371,#6372,
    #6373,#6374,#6375,#6376,#6377,#6378,#6379,#6380,#6381,#6382),
  .UNSPECIFIED.,.T.,.F.,(9,7,7,7,7,7,7,7,7,7,7,7,7,7,7,7,7,7,7,7,7,7,7,7
    ,7,7,7,7,7,7,7,7,7,7,7,7,7,7,9),(0.,3.037556756012E-03,
    5.386647379915E-03,8.517965135828E-03,1.308974939053E-02,
    2.667894650063E-02,5.642317200936E-02,9.510508002101E-02,
    0.141706175108,0.238453737963,0.338889658457,0.383853631545,
    0.423470706625,0.446084692337,0.46526796134,0.483105381021,
    0.491760936473,0.496530569846,0.498591204582,0.501112941293,
    0.503293464769,0.505999457258,0.509757338607,0.515128533378,
    0.531246881495,0.547921582101,0.567987385978,0.620362764845,
    0.683242301883,0.76139704812,0.853226603075,0.894740989417,
    0.931032133524,0.951249194511,0.968193226742,0.984618807438,
    0.992409471423,0.996706660043,1.),.UNSPECIFIED.);
#6115 = CARTESIAN_POINT('',(3.14159265359,202.26620154028));
#6116 = CARTESIAN_POINT('',(3.142850341042,202.26620154028));
#6117 = CARTESIAN_POINT('',(3.144093918897,202.27027762369));
#6118 = CARTESIAN_POINT('',(3.145304006631,202.27826685204));
#6119 = CARTESIAN_POINT('',(3.146470384699,202.28967112163));
#6120 = CARTESIAN_POINT('',(3.147587411857,202.30391474155));
#6121 = CARTESIAN_POINT('',(3.148652156328,202.32044162145));
#6122 = CARTESIAN_POINT('',(3.149663923006,202.33874141968));
#6123 = CARTESIAN_POINT('',(3.151366224053,202.37359230149));
#6124 = CARTESIAN_POINT('',(3.152080146558,202.38965179129));
#6125 = CARTESIAN_POINT('',(3.152767909585,202.40643130635));
#6126 = CARTESIAN_POINT('',(3.153431461199,202.42381592266));
#6127 = CARTESIAN_POINT('',(3.154072571669,202.4417129165));
#6128 = CARTESIAN_POINT('',(3.15469293879,202.46004908992));
#6129 = CARTESIAN_POINT('',(3.155294241191,202.4787694626));
#6130 = CARTESIAN_POINT('',(3.156656471271,202.52325463433));
#6131 = CARTESIAN_POINT('',(3.157403367603,202.54927234969));
#6132 = CARTESIAN_POINT('',(3.158122411224,202.57578836823));
#6133 = CARTESIAN_POINT('',(3.158816356491,202.60272338243));
#6134 = CARTESIAN_POINT('',(3.159487451611,202.63001539565));
#6135 = CARTESIAN_POINT('',(3.160137653246,202.65761609911));
#6136 = CARTESIAN_POINT('',(3.160768733632,202.68548911503));
#6137 = CARTESIAN_POINT('',(3.162278070058,202.75466729503));
#6138 = CARTESIAN_POINT('',(3.163136178131,202.79623830266));
#6139 = CARTESIAN_POINT('',(3.163961338742,202.83823405934));
#6140 = CARTESIAN_POINT('',(3.164757101476,202.88058660105));
#6141 = CARTESIAN_POINT('',(3.165526280599,202.92324349425));
#6142 = CARTESIAN_POINT('',(3.166271253884,202.96616415985));
#6143 = CARTESIAN_POINT('',(3.166994110834,203.00931809623));
#6144 = CARTESIAN_POINT('',(3.169784882623,203.18158903299));
#6145 = CARTESIAN_POINT('',(3.171692305011,203.31229006218));
#6146 = CARTESIAN_POINT('',(3.173466356576,203.44421073433));
#6147 = CARTESIAN_POINT('',(3.175128914279,203.57703980285));
#6148 = CARTESIAN_POINT('',(3.176698405283,203.71054147917));
#6149 = CARTESIAN_POINT('',(3.178186771216,203.84458409258));
#6150 = CARTESIAN_POINT('',(3.179604504464,203.97909341662));
#6151 = CARTESIAN_POINT('',(3.183926540948,204.40948198476));
#6152 = CARTESIAN_POINT('',(3.186591195775,204.70676608266));
#6153 = CARTESIAN_POINT('',(3.189037104973,205.00528292752));
#6154 = CARTESIAN_POINT('',(3.191300170414,205.30470676367));
#6155 = CARTESIAN_POINT('',(3.193411333435,205.60478818202));
#6156 = CARTESIAN_POINT('',(3.195389409003,205.90539631559));
#6157 = CARTESIAN_POINT('',(3.197251038419,206.20646062547));
#6158 = CARTESIAN_POINT('',(3.201294665048,206.90011192288));
#6159 = CARTESIAN_POINT('',(3.203404150313,207.29288836043));
#6160 = CARTESIAN_POINT('',(3.205364538701,207.68617184335));
#6161 = CARTESIAN_POINT('',(3.207193840887,208.07986255581));
#6162 = CARTESIAN_POINT('',(3.20890574411,208.4738861804));
#6163 = CARTESIAN_POINT('',(3.210511289983,208.86818841424));
#6164 = CARTESIAN_POINT('',(3.212019218136,209.26273390682));
#6165 = CARTESIAN_POINT('',(3.215144919287,210.13309100193));
#6166 = CARTESIAN_POINT('',(3.216721912846,210.60898518012));
#6167 = CARTESIAN_POINT('',(3.21818071182,211.08513373676));
#6168 = CARTESIAN_POINT('',(3.219531057225,211.56149573433));
#6169 = CARTESIAN_POINT('',(3.220780667426,212.03803858194));
#6170 = CARTESIAN_POINT('',(3.221935933664,212.51473650699));
#6171 = CARTESIAN_POINT('',(3.223002289571,212.99156976946));
#6172 = CARTESIAN_POINT('',(3.226022891988,214.45872064663));
#6173 = CARTESIAN_POINT('',(3.227697799587,215.44941586896));
#6174 = CARTESIAN_POINT('',(3.229049676907,216.44047747129));
#6175 = CARTESIAN_POINT('',(3.230104360723,217.43180055097));
#6176 = CARTESIAN_POINT('',(3.230880118578,218.42329948105));
#6177 = CARTESIAN_POINT('',(3.231390094042,219.41490518366));
#6178 = CARTESIAN_POINT('',(3.231642650867,220.406564732));
#6179 = CARTESIAN_POINT('',(3.231642064276,222.42772080946));
#6180 = CARTESIAN_POINT('',(3.231369269227,223.45718659064));
#6181 = CARTESIAN_POINT('',(3.230829002775,224.48659234281));
#6182 = CARTESIAN_POINT('',(3.230021756109,225.5158801634));
#6183 = CARTESIAN_POINT('',(3.228943520128,226.5449780214));
#6184 = CARTESIAN_POINT('',(3.227585775043,227.57379943706));
#6185 = CARTESIAN_POINT('',(3.22593399198,228.60224216657));
#6186 = CARTESIAN_POINT('',(3.223080903122,230.09038181427));
#6187 = CARTESIAN_POINT('',(3.22213467075,230.55047494793));
#6188 = CARTESIAN_POINT('',(3.221122271852,231.01045257772));
#6189 = CARTESIAN_POINT('',(3.22004102343,231.47030014918));
#6190 = CARTESIAN_POINT('',(3.218887748784,231.92999958591));
#6191 = CARTESIAN_POINT('',(3.217658633627,232.38952899774));
#6192 = CARTESIAN_POINT('',(3.216348982378,232.84886217778));
#6193 = CARTESIAN_POINT('',(3.21372278528,233.71247897017));
#6194 = CARTESIAN_POINT('',(3.212425595562,234.1168077446));
#6195 = CARTESIAN_POINT('',(3.211057229035,234.52093684764));
#6196 = CARTESIAN_POINT('',(3.209612892852,234.92484039103));
#6197 = CARTESIAN_POINT('',(3.208086773937,235.32848292923));
#6198 = CARTESIAN_POINT('',(3.206471801991,235.73181869851));
#6199 = CARTESIAN_POINT('',(3.204759049265,236.13478968726));
#6200 = CARTESIAN_POINT('',(3.20189590722,236.76709170776));
#6201 = CARTESIAN_POINT('',(3.2008196603,236.99671592785));
#6202 = CARTESIAN_POINT('',(3.199705338684,237.22618081758));
#6203 = CARTESIAN_POINT('',(3.198550315082,237.45546881286));
#6204 = CARTESIAN_POINT('',(3.197351557739,237.68455758622));
#6205 = CARTESIAN_POINT('',(3.196105485532,237.91341939285));
#6206 = CARTESIAN_POINT('',(3.19480771297,238.14201990134));
#6207 = CARTESIAN_POINT('',(3.192303225435,238.56397875403));
#6208 = CARTESIAN_POINT('',(3.191112606511,238.75741517867));
#6209 = CARTESIAN_POINT('',(3.189877391164,238.95060494472));
#6210 = CARTESIAN_POINT('',(3.188593582756,239.14351640366));
#6211 = CARTESIAN_POINT('',(3.187256332599,239.33610520617));
#6212 = CARTESIAN_POINT('',(3.185859750074,239.52831314332));
#6213 = CARTESIAN_POINT('',(3.184396342425,239.72006470167));
#6214 = CARTESIAN_POINT('',(3.18142297363,240.08903827046));
#6215 = CARTESIAN_POINT('',(3.179924141613,240.2662515019));
#6216 = CARTESIAN_POINT('',(3.178350268929,240.44289602469));
#6217 = CARTESIAN_POINT('',(3.176690018477,240.61888277718));
#6218 = CARTESIAN_POINT('',(3.174930620749,240.79404923882));
#6219 = CARTESIAN_POINT('',(3.173051843189,240.96809681727));
#6220 = CARTESIAN_POINT('',(3.171030031351,241.14063319694));
#6221 = CARTESIAN_POINT('',(3.167735672402,241.39355332295));
#6222 = CARTESIAN_POINT('',(3.166614348005,241.47556335258));
#6223 = CARTESIAN_POINT('',(3.165441244594,241.55693927149));
#6224 = CARTESIAN_POINT('',(3.164208312861,241.63757639356));
#6225 = CARTESIAN_POINT('',(3.16290668476,241.7172881491));
#6226 = CARTESIAN_POINT('',(3.161523413331,241.7957504803));
#6227 = CARTESIAN_POINT('',(3.160043383008,241.87253522566));
#6228 = CARTESIAN_POINT('',(3.157548312578,241.98784896254));
#6229 = CARTESIAN_POINT('',(3.156625195211,242.02796747176));
#6230 = CARTESIAN_POINT('',(3.155658531524,242.06719782833));
#6231 = CARTESIAN_POINT('',(3.154641707991,242.10538014656));
#6232 = CARTESIAN_POINT('',(3.153567629955,242.14220762542));
#6233 = CARTESIAN_POINT('',(3.152428920929,242.17723387195));
#6234 = CARTESIAN_POINT('',(3.151217015072,242.20984908551));
#6235 = CARTESIAN_POINT('',(3.149356932828,242.25182473312));
#6236 = CARTESIAN_POINT('',(3.148780157311,242.26385748631));
#6237 = CARTESIAN_POINT('',(3.148187023147,242.27518224882));
#6238 = CARTESIAN_POINT('',(3.147577140966,242.28570409517));
#6239 = CARTESIAN_POINT('',(3.14695051775,242.29531183158));
#6240 = CARTESIAN_POINT('',(3.146307648104,242.30388339127));
#6241 = CARTESIAN_POINT('',(3.145649665476,242.31129501021));
#6242 = CARTESIAN_POINT('',(3.144157268425,242.32494710017));
#6243 = CARTESIAN_POINT('',(3.143314370274,242.33057238196));
#6244 = CARTESIAN_POINT('',(3.142457099611,242.33405429797));
#6245 = CARTESIAN_POINT('',(3.14159265359,242.33523304598));
#6246 = CARTESIAN_POINT('',(3.140728207569,242.33405429797));
#6247 = CARTESIAN_POINT('',(3.139870936905,242.33057238196));
#6248 = CARTESIAN_POINT('',(3.139028038754,242.32494710017));
#6249 = CARTESIAN_POINT('',(3.137496596069,242.31093783012));
#6250 = CARTESIAN_POINT('',(3.136801202267,242.30301720211));
#6251 = CARTESIAN_POINT('',(3.136122866072,242.2938056698));
#6252 = CARTESIAN_POINT('',(3.135462844623,242.28345006717));
#6253 = CARTESIAN_POINT('',(3.134821630077,242.27209426142));
#6254 = CARTESIAN_POINT('',(3.134199141381,242.25986769409));
#6255 = CARTESIAN_POINT('',(3.133594836341,242.24687889349));
#6256 = CARTESIAN_POINT('',(3.13227917235,242.21625600672));
#6257 = CARTESIAN_POINT('',(3.131577539117,242.19826664919));
#6258 = CARTESIAN_POINT('',(3.130900895839,242.17941009476));
#6259 = CARTESIAN_POINT('',(3.130247525458,242.15982179196));
#6260 = CARTESIAN_POINT('',(3.129615824151,242.13961212759));
#6261 = CARTESIAN_POINT('',(3.129004221655,242.11886888391));
#6262 = CARTESIAN_POINT('',(3.128411140067,242.0976584544));
#6263 = CARTESIAN_POINT('',(3.127034878237,242.04598402013));
#6264 = CARTESIAN_POINT('',(3.126267989337,242.01514974764));
#6265 = CARTESIAN_POINT('',(3.125530439939,241.98366193619));
#6266 = CARTESIAN_POINT('',(3.124819269764,241.95162791226));
#6267 = CARTESIAN_POINT('',(3.124132071752,241.91913110416));
#6268 = CARTESIAN_POINT('',(3.123466746815,241.88623608338));
#6269 = CARTESIAN_POINT('',(3.122821384316,241.85299093656));
#6270 = CARTESIAN_POINT('',(3.121297922155,241.77145349709));
#6271 = CARTESIAN_POINT('',(3.120439207222,241.72284867643));
#6272 = CARTESIAN_POINT('',(3.119613360186,241.67372259479));
#6273 = CARTESIAN_POINT('',(3.118816819352,241.62415924647));
#6274 = CARTESIAN_POINT('',(3.118046764403,241.57422339284));
#6275 = CARTESIAN_POINT('',(3.117300811043,241.5239650737));
#6276 = CARTESIAN_POINT('',(3.116576860504,241.47342176858));
#6277 = CARTESIAN_POINT('',(3.113761209984,241.27016246724));
#6278 = CARTESIAN_POINT('',(3.111832617394,241.11547301614));
#6279 = CARTESIAN_POINT('',(3.11003823913,240.95927518206));
#6280 = CARTESIAN_POINT('',(3.108355965904,240.80195838027));
#6281 = CARTESIAN_POINT('',(3.10676696314,240.64381843807));
#6282 = CARTESIAN_POINT('',(3.105259197157,240.48501817704));
#6283 = CARTESIAN_POINT('',(3.103821995256,240.32564748328));
#6284 = CARTESIAN_POINT('',(3.101024461652,240.00025343927));
#6285 = CARTESIAN_POINT('',(3.099669217708,239.83427766122));
#6286 = CARTESIAN_POINT('',(3.098372462752,239.6678740946));
#6287 = CARTESIAN_POINT('',(3.097127732896,239.50111157153));
#6288 = CARTESIAN_POINT('',(3.095930007634,239.33404286103));
#6289 = CARTESIAN_POINT('',(3.094775140235,239.1667085056));
#6290 = CARTESIAN_POINT('',(3.093659575991,238.99913866857));
#6291 = CARTESIAN_POINT('',(3.091281662134,238.62944505068));
#6292 = CARTESIAN_POINT('',(3.090035640609,238.42723352433));
#6293 = CARTESIAN_POINT('',(3.08883713172,238.2247607228));
#6294 = CARTESIAN_POINT('',(3.087682053434,238.02206072124));
#6295 = CARTESIAN_POINT('',(3.086567067121,237.81916105907));
#6296 = CARTESIAN_POINT('',(3.085489342278,237.61608392037));
#6297 = CARTESIAN_POINT('',(3.08444642255,237.41284679604));
#6298 = CARTESIAN_POINT('',(3.08079931136,236.67859314714));
#6299 = CARTESIAN_POINT('',(3.078385258686,236.14675203885));
#6300 = CARTESIAN_POINT('',(3.076156344671,235.61417172309));
#6301 = CARTESIAN_POINT('',(3.074089436565,235.08101231555));
#6302 = CARTESIAN_POINT('',(3.072167457747,234.54739120471));
#6303 = CARTESIAN_POINT('',(3.070376864533,234.01339144092));
#6304 = CARTESIAN_POINT('',(3.068707410569,233.47906237135));
#6305 = CARTESIAN_POINT('',(3.065281360584,232.30256538937));
#6306 = CARTESIAN_POINT('',(3.063574568228,231.66029928128));
#6307 = CARTESIAN_POINT('',(3.06201552673,231.01770092591));
#6308 = CARTESIAN_POINT('',(3.060593816685,230.37482904754));
#6309 = CARTESIAN_POINT('',(3.0593014713,229.73173095724));
#6310 = CARTESIAN_POINT('',(3.058132234997,229.08844388245));
#6311 = CARTESIAN_POINT('',(3.057081281384,228.44499548346));
#6312 = CARTESIAN_POINT('',(3.054980953511,227.0014673143));
#6313 = CARTESIAN_POINT('',(3.053993999043,226.20132160517));
#6314 = CARTESIAN_POINT('',(3.05317683906,225.40101112046));
#6315 = CARTESIAN_POINT('',(3.052524921383,224.60057532913));
#6316 = CARTESIAN_POINT('',(3.052035686826,223.80004988612));
#6317 = CARTESIAN_POINT('',(3.05170822201,222.99946689903));
#6318 = CARTESIAN_POINT('',(3.051543176481,222.19885506822));
#6319 = CARTESIAN_POINT('',(3.051542671107,220.45753991647));
#6320 = CARTESIAN_POINT('',(3.051769920443,219.51685121535));
#6321 = CARTESIAN_POINT('',(3.052228580537,218.57620865866));
#6322 = CARTESIAN_POINT('',(3.052925658638,217.63565826574));
#6323 = CARTESIAN_POINT('',(3.05387193034,216.69525804191));
#6324 = CARTESIAN_POINT('',(3.055082298177,215.75507839159));
#6325 = CARTESIAN_POINT('',(3.056577567759,214.81520403206));
#6326 = CARTESIAN_POINT('',(3.05920842196,213.45102557805));
#6327 = CARTESIAN_POINT('',(3.060092180705,213.02639839653));
#6328 = CARTESIAN_POINT('',(3.061043539166,212.60186765135));
#6329 = CARTESIAN_POINT('',(3.062065897604,212.17744591685));
#6330 = CARTESIAN_POINT('',(3.063163195059,211.75314875956));
#6331 = CARTESIAN_POINT('',(3.064340074204,211.32899506416));
#6332 = CARTESIAN_POINT('',(3.065602159479,210.90500759503));
#6333 = CARTESIAN_POINT('',(3.068140344096,210.11074072861));
#6334 = CARTESIAN_POINT('',(3.069394700888,209.74042027883));
#6335 = CARTESIAN_POINT('',(3.070724159937,209.3702673335));
#6336 = CARTESIAN_POINT('',(3.072134308684,209.00030440031));
#6337 = CARTESIAN_POINT('',(3.07363169523,208.63056157115));
#6338 = CARTESIAN_POINT('',(3.075224246383,208.26107771674));
#6339 = CARTESIAN_POINT('',(3.076922089498,207.89190291009));
#6340 = CARTESIAN_POINT('',(3.079750818491,207.31765060861));
#6341 = CARTESIAN_POINT('',(3.080799736998,207.11231754221));
#6342 = CARTESIAN_POINT('',(3.081887879734,206.9071134522));
#6343 = CARTESIAN_POINT('',(3.083017963855,206.70205246973));
#6344 = CARTESIAN_POINT('',(3.084193114445,206.49715241329));
#6345 = CARTESIAN_POINT('',(3.085417007021,206.29243534197));
#6346 = CARTESIAN_POINT('',(3.086694115641,206.08792853288));
#6347 = CARTESIAN_POINT('',(3.089149734614,205.71247220993));
#6348 = CARTESIAN_POINT('',(3.090310714996,205.54145490129));
#6349 = CARTESIAN_POINT('',(3.091516306519,205.3706302281));
#6350 = CARTESIAN_POINT('',(3.092770476404,205.20002293537));
#6351 = CARTESIAN_POINT('',(3.094077856274,205.02966613923));
#6352 = CARTESIAN_POINT('',(3.095444052745,204.85960289909));
#6353 = CARTESIAN_POINT('',(3.096876272639,204.68988946464));
#6354 = CARTESIAN_POINT('',(3.099846111732,204.35649082409));
#6355 = CARTESIAN_POINT('',(3.101378592622,204.19284769948));
#6356 = CARTESIAN_POINT('',(3.102990969901,204.02967425301));
#6357 = CARTESIAN_POINT('',(3.104695186744,203.86704458332));
#6358 = CARTESIAN_POINT('',(3.106504757441,203.70509207723));
#6359 = CARTESIAN_POINT('',(3.108441130309,203.54406258552));
#6360 = CARTESIAN_POINT('',(3.110529454055,203.38427864693));
#6361 = CARTESIAN_POINT('',(3.113915447144,203.1514490169));
#6362 = CARTESIAN_POINT('',(3.115050668422,203.07703039647));
#6363 = CARTESIAN_POINT('',(3.116238348897,203.00311162607));
#6364 = CARTESIAN_POINT('',(3.11748637328,202.92977468968));
#6365 = CARTESIAN_POINT('',(3.118803589908,202.85716267704));
#6366 = CARTESIAN_POINT('',(3.120202835906,202.78552013598));
#6367 = CARTESIAN_POINT('',(3.121699382643,202.71517164851));
#6368 = CARTESIAN_POINT('',(3.124220966929,202.60891746167));
#6369 = CARTESIAN_POINT('',(3.125154482161,202.57179742618));
#6370 = CARTESIAN_POINT('',(3.126131709056,202.53535835289));
#6371 = CARTESIAN_POINT('',(3.127159185746,202.49971613009));
#6372 = CARTESIAN_POINT('',(3.128244367368,202.46510039311));
#6373 = CARTESIAN_POINT('',(3.129395329654,202.43184684096));
#6374 = CARTESIAN_POINT('',(3.130621926196,202.40042054266));
#6375 = CARTESIAN_POINT('',(3.132952175901,202.3493968976));
#6376 = CARTESIAN_POINT('',(3.134018936761,202.3287231438));
#6377 = CARTESIAN_POINT('',(3.135147258985,202.30988680125));
#6378 = CARTESIAN_POINT('',(3.136339312326,202.29347339171));
#6379 = CARTESIAN_POINT('',(3.137592690495,202.28020753597));
#6380 = CARTESIAN_POINT('',(3.138899545183,202.27089102227));
#6381 = CARTESIAN_POINT('',(3.140243571465,202.26620154028));
#6382 = CARTESIAN_POINT('',(3.14159265359,202.26620154028));
#6383 = ( GEOMETRIC_REPRESENTATION_CONTEXT(2) 
PARAMETRIC_REPRESENTATION_CONTEXT() REPRESENTATION_CONTEXT('2D SPACE',''
  ) );
#6384 = PCURVE('',#816,#6385);
#6385 = DEFINITIONAL_REPRESENTATION('',(#6386),#6655);
#6386 = B_SPLINE_CURVE_WITH_KNOTS('',8,(#6387,#6388,#6389,#6390,#6391,
    #6392,#6393,#6394,#6395,#6396,#6397,#6398,#6399,#6400,#6401,#6402,
    #6403,#6404,#6405,#6406,#6407,#6408,#6409,#6410,#6411,#6412,#6413,
    #6414,#6415,#6416,#6417,#6418,#6419,#6420,#6421,#6422,#6423,#6424,
    #6425,#6426,#6427,#6428,#6429,#6430,#6431,#6432,#6433,#6434,#6435,
    #6436,#6437,#6438,#6439,#6440,#6441,#6442,#6443,#6444,#6445,#6446,
    #6447,#6448,#6449,#6450,#6451,#6452,#6453,#6454,#6455,#6456,#6457,
    #6458,#6459,#6460,#6461,#6462,#6463,#6464,#6465,#6466,#6467,#6468,
    #6469,#6470,#6471,#6472,#6473,#6474,#6475,#6476,#6477,#6478,#6479,
    #6480,#6481,#6482,#6483,#6484,#6485,#6486,#6487,#6488,#6489,#6490,
    #6491,#6492,#6493,#6494,#6495,#6496,#6497,#6498,#6499,#6500,#6501,
    #6502,#6503,#6504,#6505,#6506,#6507,#6508,#6509,#6510,#6511,#6512,
    #6513,#6514,#6515,#6516,#6517,#6518,#6519,#6520,#6521,#6522,#6523,
    #6524,#6525,#6526,#6527,#6528,#6529,#6530,#6531,#6532,#6533,#6534,
    #6535,#6536,#6537,#6538,#6539,#6540,#6541,#6542,#6543,#6544,#6545,
    #6546,#6547,#6548,#6549,#6550,#6551,#6552,#6553,#6554,#6555,#6556,
    #6557,#6558,#6559,#6560,#6561,#6562,#6563,#6564,#6565,#6566,#6567,
    #6568,#6569,#6570,#6571,#6572,#6573,#6574,#6575,#6576,#6577,#6578,
    #6579,#6580,#6581,#6582,#6583,#6584,#6585,#6586,#6587,#6588,#6589,
    #6590,#6591,#6592,#6593,#6594,#6595,#6596,#6597,#6598,#6599,#6600,
    #6601,#6602,#6603,#6604,#6605,#6606,#6607,#6608,#6609,#6610,#6611,
    #6612,#6613,#6614,#6615,#6616,#6617,#6618,#6619,#6620,#6621,#6622,
    #6623,#6624,#6625,#6626,#6627,#6628,#6629,#6630,#6631,#6632,#6633,
    #6634,#6635,#6636,#6637,#6638,#6639,#6640,#6641,#6642,#6643,#6644,
    #6645,#6646,#6647,#6648,#6649,#6650,#6651,#6652,#6653,#6654),
  .UNSPECIFIED.,.F.,.F.,(9,7,7,7,7,7,7,7,7,7,7,7,7,7,7,7,7,7,7,7,7,7,7,7
    ,7,7,7,7,7,7,7,7,7,7,7,7,7,7,9),(0.,3.037556756012E-03,
    5.386647379915E-03,8.517965135828E-03,1.308974939053E-02,
    2.667894650063E-02,5.642317200936E-02,9.510508002101E-02,
    0.141706175108,0.238453737963,0.338889658457,0.383853631545,
    0.423470706625,0.446084692337,0.46526796134,0.483105381021,
    0.491760936473,0.496530569846,0.498591204582,0.501112941293,
    0.503293464769,0.505999457258,0.509757338607,0.515128533378,
    0.531246881495,0.547921582101,0.567987385978,0.620362764845,
    0.683242301883,0.76139704812,0.853226603075,0.894740989417,
    0.931032133524,0.951249194511,0.968193226742,0.984618807438,
    0.992409471423,0.996706660043,1.),.UNSPECIFIED.);
#6387 = CARTESIAN_POINT('',(1.305100762314E-32,208.17650415798));
#6388 = CARTESIAN_POINT('',(1.272779701371E-02,208.17650415798));
#6389 = CARTESIAN_POINT('',(2.531279741725E-02,208.17242807457));
#6390 = CARTESIAN_POINT('',(3.756304200718E-02,208.16443884621));
#6391 = CARTESIAN_POINT('',(4.937877278373E-02,208.15303457662));
#6392 = CARTESIAN_POINT('',(6.070506391336E-02,208.13879095672));
#6393 = CARTESIAN_POINT('',(7.151303997496E-02,208.12226407681));
#6394 = CARTESIAN_POINT('',(8.17956551465E-02,208.10396427858));
#6395 = CARTESIAN_POINT('',(9.911834936599E-02,208.06911339676));
#6396 = CARTESIAN_POINT('',(0.106391134842,208.05305390697));
#6397 = CARTESIAN_POINT('',(0.113405430237,208.03627439191));
#6398 = CARTESIAN_POINT('',(0.120180810282,208.0188897756));
#6399 = CARTESIAN_POINT('',(0.126735000332,208.00099278176));
#6400 = CARTESIAN_POINT('',(0.133084984043,207.98265660833));
#6401 = CARTESIAN_POINT('',(0.139247576009,207.96393623566));
#6402 = CARTESIAN_POINT('',(0.15322658874,207.91945106393));
#6403 = CARTESIAN_POINT('',(0.160905149381,207.89343334857));
#6404 = CARTESIAN_POINT('',(0.168311023514,207.86691733003));
#6405 = CARTESIAN_POINT('',(0.175471711329,207.83998231583));
#6406 = CARTESIAN_POINT('',(0.182409609224,207.8126903026));
#6407 = CARTESIAN_POINT('',(0.189144197969,207.78508959915));
#6408 = CARTESIAN_POINT('',(0.195693140776,207.75721658323));
#6409 = CARTESIAN_POINT('',(0.211385973938,207.68803840323));
#6410 = CARTESIAN_POINT('',(0.220334535524,207.6464673956));
#6411 = CARTESIAN_POINT('',(0.228965136165,207.60447163892));
#6412 = CARTESIAN_POINT('',(0.23731302093,207.56211909721));
#6413 = CARTESIAN_POINT('',(0.245406065497,207.51946220401));
#6414 = CARTESIAN_POINT('',(0.253267801425,207.47654153841));
#6415 = CARTESIAN_POINT('',(0.26091892103,207.43338760203));
#6416 = CARTESIAN_POINT('',(0.290546475912,207.26111666527));
#6417 = CARTESIAN_POINT('',(0.310998607589,207.13041563608));
#6418 = CARTESIAN_POINT('',(0.330203559771,206.99849496393));
#6419 = CARTESIAN_POINT('',(0.348375248083,206.8656658954));
#6420 = CARTESIAN_POINT('',(0.365693921299,206.73216421909));
#6421 = CARTESIAN_POINT('',(0.382275595088,206.59812160568));
#6422 = CARTESIAN_POINT('',(0.398222759942,206.46361228164));
#6423 = CARTESIAN_POINT('',(0.44731123991,206.0332237135));
#6424 = CARTESIAN_POINT('',(0.478318349564,205.7359396156));
#6425 = CARTESIAN_POINT('',(0.507447120506,205.43742277073));
#6426 = CARTESIAN_POINT('',(0.535038593329,205.13799893459));
#6427 = CARTESIAN_POINT('',(0.561387694495,204.83791751623));
#6428 = CARTESIAN_POINT('',(0.586671124669,204.53730938266));
#6429 = CARTESIAN_POINT('',(0.611046534551,204.23624507279));
#6430 = CARTESIAN_POINT('',(0.665307502446,203.54259377538));
#6431 = CARTESIAN_POINT('',(0.694638450714,203.14981733782));
#6432 = CARTESIAN_POINT('',(0.72288252144,202.75653385491));
#6433 = CARTESIAN_POINT('',(0.75020679664,202.36284314245));
#6434 = CARTESIAN_POINT('',(0.776737657377,201.96881951786));
#6435 = CARTESIAN_POINT('',(0.802577031238,201.57451728402));
#6436 = CARTESIAN_POINT('',(0.827805624353,201.17997179144));
#6437 = CARTESIAN_POINT('',(0.882233371016,200.30961469633));
#6438 = CARTESIAN_POINT('',(0.911186852828,199.83372051814));
#6439 = CARTESIAN_POINT('',(0.939471308017,199.3575719615));
#6440 = CARTESIAN_POINT('',(0.967177253072,198.88120996393));
#6441 = CARTESIAN_POINT('',(0.994377069043,198.40466711632));
#6442 = CARTESIAN_POINT('',(1.021131631851,197.92796919126));
#6443 = CARTESIAN_POINT('',(1.04749384111,197.4511359288));
#6444 = CARTESIAN_POINT('',(1.127518675485,195.98398505163));
#6445 = CARTESIAN_POINT('',(1.18003185213,194.9932898293));
#6446 = CARTESIAN_POINT('',(1.231456428001,194.00222822696));
#6447 = CARTESIAN_POINT('',(1.282077443181,193.01090514728));
#6448 = CARTESIAN_POINT('',(1.33212707727,192.0194062172));
#6449 = CARTESIAN_POINT('',(1.381809690577,191.0278005146));
#6450 = CARTESIAN_POINT('',(1.431309822051,190.03614096626));
#6451 = CARTESIAN_POINT('',(1.532199356621,188.0149848888));
#6452 = CARTESIAN_POINT('',(1.583587066295,186.98551910762));
#6453 = CARTESIAN_POINT('',(1.635179083548,185.95611335545));
#6454 = CARTESIAN_POINT('',(1.687173701435,184.92682553486));
#6455 = CARTESIAN_POINT('',(1.739781841489,183.89772767686));
#6456 = CARTESIAN_POINT('',(1.793236988254,182.8689062612));
#6457 = CARTESIAN_POINT('',(1.847817106479,181.84046353169));
#6458 = CARTESIAN_POINT('',(1.929007458789,180.35232388399));
#6459 = CARTESIAN_POINT('',(1.954416039704,179.89223075033));
#6460 = CARTESIAN_POINT('',(1.980159417189,179.43225312054));
#6461 = CARTESIAN_POINT('',(2.006275660569,178.97240554908));
#6462 = CARTESIAN_POINT('',(2.032807681421,178.51270611235));
#6463 = CARTESIAN_POINT('',(2.05980495452,178.05317670052));
#6464 = CARTESIAN_POINT('',(2.087326381807,177.59384352048));
#6465 = CARTESIAN_POINT('',(2.140218570357,176.73022672809));
#6466 = CARTESIAN_POINT('',(2.165455560327,176.32589795365));
#6467 = CARTESIAN_POINT('',(2.19120518312,175.92176885061));
#6468 = CARTESIAN_POINT('',(2.217525029818,175.51786530722));
#6469 = CARTESIAN_POINT('',(2.244483961662,175.11422276902));
#6470 = CARTESIAN_POINT('',(2.272164885211,174.71088699975));
#6471 = CARTESIAN_POINT('',(2.300671787496,174.307916011));
#6472 = CARTESIAN_POINT('',(2.346970467623,173.6756139905));
#6473 = CARTESIAN_POINT('',(2.364109848849,173.44598977041));
#6474 = CARTESIAN_POINT('',(2.381590492894,173.21652488068));
#6475 = CARTESIAN_POINT('',(2.399442853771,172.9872368854));
#6476 = CARTESIAN_POINT('',(2.417702009688,172.75814811204));
#6477 = CARTESIAN_POINT('',(2.436409379083,172.5292863054));
#6478 = CARTESIAN_POINT('',(2.45561574221,172.30068579692));
#6479 = CARTESIAN_POINT('',(2.492156158633,171.87872694423));
#6480 = CARTESIAN_POINT('',(2.509331607195,171.68529051959));
#6481 = CARTESIAN_POINT('',(2.526951914059,171.49210075354));
#6482 = CARTESIAN_POINT('',(2.545063497798,171.2991892946));
#6483 = CARTESIAN_POINT('',(2.563722698618,171.10660049209));
#6484 = CARTESIAN_POINT('',(2.582998041729,170.91439255494));
#6485 = CARTESIAN_POINT('',(2.602976926525,170.72264099658));
#6486 = CARTESIAN_POINT('',(2.643128228252,170.35366742779));
#6487 = CARTESIAN_POINT('',(2.663179790743,170.17645419636));
#6488 = CARTESIAN_POINT('',(2.684041973504,169.99980967356));
#6489 = CARTESIAN_POINT('',(2.705848331166,169.82382292108));
#6490 = CARTESIAN_POINT('',(2.728748454675,169.64865645943));
#6491 = CARTESIAN_POINT('',(2.752980731898,169.47460888099));
#6492 = CARTESIAN_POINT('',(2.778823607515,169.30207250132));
#6493 = CARTESIAN_POINT('',(2.820539464876,169.0491523753));
#6494 = CARTESIAN_POINT('',(2.834681822193,168.96714234568));
#6495 = CARTESIAN_POINT('',(2.849418704938,168.88576642677));
#6496 = CARTESIAN_POINT('',(2.864846170635,168.8051293047));
#6497 = CARTESIAN_POINT('',(2.881069552523,168.72541754915));
#6498 = CARTESIAN_POINT('',(2.898243048024,168.64695521796));
#6499 = CARTESIAN_POINT('',(2.916546732255,168.5701704726));
#6500 = CARTESIAN_POINT('',(2.947282703645,168.45485673572));
#6501 = CARTESIAN_POINT('',(2.958632529015,168.4147382265));
#6502 = CARTESIAN_POINT('',(2.970495558967,168.37550786993));
#6503 = CARTESIAN_POINT('',(2.982951250911,168.3373255517));
#6504 = CARTESIAN_POINT('',(2.996084560832,168.30049807283));
#6505 = CARTESIAN_POINT('',(3.009983777319,168.26547182631));
#6506 = CARTESIAN_POINT('',(3.024751911738,168.23285661275));
#6507 = CARTESIAN_POINT('',(3.047384600883,168.19088096514));
#6508 = CARTESIAN_POINT('',(3.054398419702,168.17884821194));
#6509 = CARTESIAN_POINT('',(3.061607123907,168.16752344944));
#6510 = CARTESIAN_POINT('',(3.069015466555,168.15700160309));
#6511 = CARTESIAN_POINT('',(3.076623460393,168.14739386668));
#6512 = CARTESIAN_POINT('',(3.084425306807,168.13882230698));
#6513 = CARTESIAN_POINT('',(3.092407587572,168.13141068805));
#6514 = CARTESIAN_POINT('',(3.110507120078,168.11775859809));
#6515 = CARTESIAN_POINT('',(3.120726077376,168.1121333163));
#6516 = CARTESIAN_POINT('',(3.13111659644,168.10865140029));
#6517 = CARTESIAN_POINT('',(3.14159265359,168.10747265227));
#6518 = CARTESIAN_POINT('',(3.15206871074,168.10865140029));
#6519 = CARTESIAN_POINT('',(3.162459229804,168.1121333163));
#6520 = CARTESIAN_POINT('',(3.172678187101,168.11775859809));
#6521 = CARTESIAN_POINT('',(3.19125125829,168.13176786814));
#6522 = CARTESIAN_POINT('',(3.199687540337,168.13968849615));
#6523 = CARTESIAN_POINT('',(3.207920175894,168.14890002846));
#6524 = CARTESIAN_POINT('',(3.215934296767,168.15925563109));
#6525 = CARTESIAN_POINT('',(3.223724153939,168.17061143684));
#6526 = CARTESIAN_POINT('',(3.23129082627,168.18283800417));
#6527 = CARTESIAN_POINT('',(3.238640908534,168.19582680476));
#6528 = CARTESIAN_POINT('',(3.254653337446,168.22644969154));
#6529 = CARTESIAN_POINT('',(3.263199841043,168.24443904907));
#6530 = CARTESIAN_POINT('',(3.271449308209,168.2632956035));
#6531 = CARTESIAN_POINT('',(3.279422448346,168.2828839063));
#6532 = CARTESIAN_POINT('',(3.287138542812,168.30309357066));
#6533 = CARTESIAN_POINT('',(3.294616451817,168.32383681435));
#6534 = CARTESIAN_POINT('',(3.301875147017,168.34504724385));
#6535 = CARTESIAN_POINT('',(3.318736260785,168.39672167813));
#6536 = CARTESIAN_POINT('',(3.328145936136,168.42755595061));
#6537 = CARTESIAN_POINT('',(3.337209503321,168.45904376207));
#6538 = CARTESIAN_POINT('',(3.34596245908,168.491077786));
#6539 = CARTESIAN_POINT('',(3.354433609959,168.5235745941));
#6540 = CARTESIAN_POINT('',(3.362648065799,168.55646961488));
#6541 = CARTESIAN_POINT('',(3.370628706198,168.58971476169));
#6542 = CARTESIAN_POINT('',(3.389498198003,168.67125220117));
#6543 = CARTESIAN_POINT('',(3.400160269059,168.71985702183));
#6544 = CARTESIAN_POINT('',(3.410439347302,168.76898310347));
#6545 = CARTESIAN_POINT('',(3.420377952473,168.81854645178));
#6546 = CARTESIAN_POINT('',(3.430009687317,168.86848230542));
#6547 = CARTESIAN_POINT('',(3.439362941456,168.91874062456));
#6548 = CARTESIAN_POINT('',(3.448462721692,168.96928392968));
#6549 = CARTESIAN_POINT('',(3.483942134901,169.17254323101));
#6550 = CARTESIAN_POINT('',(3.508447106386,169.32723268212));
#6551 = CARTESIAN_POINT('',(3.5314306043,169.4834305162));
#6552 = CARTESIAN_POINT('',(3.553153420614,169.64074731798));
#6553 = CARTESIAN_POINT('',(3.573837865422,169.79888726019));
#6554 = CARTESIAN_POINT('',(3.593625239857,169.95768752122));
#6555 = CARTESIAN_POINT('',(3.612641525349,170.11705821497));
#6556 = CARTESIAN_POINT('',(3.649964650529,170.44245225899));
#6557 = CARTESIAN_POINT('',(3.66821467716,170.60842803704));
#6558 = CARTESIAN_POINT('',(3.685839510843,170.77483160366));
#6559 = CARTESIAN_POINT('',(3.70291476506,170.94159412672));
#6560 = CARTESIAN_POINT('',(3.719498981712,171.10866283722));
#6561 = CARTESIAN_POINT('',(3.735640448474,171.27599719266));
#6562 = CARTESIAN_POINT('',(3.751380571682,171.44356702969));
#6563 = CARTESIAN_POINT('',(3.785253464037,171.81326064758));
#6564 = CARTESIAN_POINT('',(3.803221206754,172.01547217393));
#6565 = CARTESIAN_POINT('',(3.820717064557,172.21794497546));
#6566 = CARTESIAN_POINT('',(3.83778837893,172.42064497701));
#6567 = CARTESIAN_POINT('',(3.854473800654,172.62354463919));
#6568 = CARTESIAN_POINT('',(3.870806084969,172.82662177789));
#6569 = CARTESIAN_POINT('',(3.88681368243,173.02985890222));
#6570 = CARTESIAN_POINT('',(3.943520393923,173.76411255112));
#6571 = CARTESIAN_POINT('',(3.982472856922,174.2959536594));
#6572 = CARTESIAN_POINT('',(4.019815608855,174.82853397516));
#6573 = CARTESIAN_POINT('',(4.055816923112,175.36169338271));
#6574 = CARTESIAN_POINT('',(4.090676297759,175.89531449354));
#6575 = CARTESIAN_POINT('',(4.124554026027,176.42931425733));
#6576 = CARTESIAN_POINT('',(4.157573901093,176.96364332691));
#6577 = CARTESIAN_POINT('',(4.228583098717,178.14014030889));
#6578 = CARTESIAN_POINT('',(4.266238408199,178.78240641697));
#6579 = CARTESIAN_POINT('',(4.302989168903,179.42500477235));
#6580 = CARTESIAN_POINT('',(4.338970340741,180.06787665072));
#6581 = CARTESIAN_POINT('',(4.374291490156,180.71097474101));
#6582 = CARTESIAN_POINT('',(4.40904558626,181.35426181581));
#6583 = CARTESIAN_POINT('',(4.443312608516,181.99771021479));
#6584 = CARTESIAN_POINT('',(4.519239304303,183.44123838396));
#6585 = CARTESIAN_POINT('',(4.560672055964,184.24138409308));
#6586 = CARTESIAN_POINT('',(4.601599035533,185.0416945778));
#6587 = CARTESIAN_POINT('',(4.64213608012,185.84213036913));
#6588 = CARTESIAN_POINT('',(4.682386239998,186.64265581213));
#6589 = CARTESIAN_POINT('',(4.722446059158,187.44323879923));
#6590 = CARTESIAN_POINT('',(4.762410183635,188.24385063003));
#6591 = CARTESIAN_POINT('',(4.849330969792,189.98516578179));
#6592 = CARTESIAN_POINT('',(4.896286864456,190.9258544829));
#6593 = CARTESIAN_POINT('',(4.943398365879,191.8664970396));
#6594 = CARTESIAN_POINT('',(4.990823200554,192.80704743252));
#6595 = CARTESIAN_POINT('',(5.038733862638,193.74744765634));
#6596 = CARTESIAN_POINT('',(5.08732479639,194.68762730667));
#6597 = CARTESIAN_POINT('',(5.136830860955,195.6275016662));
#6598 = CARTESIAN_POINT('',(5.21051487854,196.99168012021));
#6599 = CARTESIAN_POINT('',(5.233707988055,197.41630730173));
#6600 = CARTESIAN_POINT('',(5.257183664718,197.84083804691));
#6601 = CARTESIAN_POINT('',(5.280975574352,198.26525978141));
#6602 = CARTESIAN_POINT('',(5.305121819862,198.6895569387));
#6603 = CARTESIAN_POINT('',(5.329666517324,199.1137106341));
#6604 = CARTESIAN_POINT('',(5.354662443603,199.53769810323));
#6605 = CARTESIAN_POINT('',(5.402477168439,200.33196496965));
#6606 = CARTESIAN_POINT('',(5.425174063496,200.70228541942));
#6607 = CARTESIAN_POINT('',(5.448308746597,201.07243836476));
#6608 = CARTESIAN_POINT('',(5.471933017379,201.44240129794));
#6609 = CARTESIAN_POINT('',(5.496107278079,201.81214412711));
#6610 = CARTESIAN_POINT('',(5.52090455529,202.18162798152));
#6611 = CARTESIAN_POINT('',(5.546418434607,202.55080278817));
#6612 = CARTESIAN_POINT('',(5.587457565443,203.12505508964));
#6613 = CARTESIAN_POINT('',(5.602401617326,203.33038815605));
#6614 = CARTESIAN_POINT('',(5.61762889226,203.53559224606));
#6615 = CARTESIAN_POINT('',(5.633164697364,203.74065322853));
#6616 = CARTESIAN_POINT('',(5.649038173806,203.94555328496));
#6617 = CARTESIAN_POINT('',(5.665283690534,204.15027035629));
#6618 = CARTESIAN_POINT('',(5.681943276329,204.35477716538));
#6619 = CARTESIAN_POINT('',(5.713424168952,204.73023348833));
#6620 = CARTESIAN_POINT('',(5.728106152049,204.90125079697));
#6621 = CARTESIAN_POINT('',(5.743147273091,205.07207547016));
#6622 = CARTESIAN_POINT('',(5.758585156475,205.24268276289));
#6623 = CARTESIAN_POINT('',(5.774463769722,205.41303955903));
#6624 = CARTESIAN_POINT('',(5.790836499468,205.58310279917));
#6625 = CARTESIAN_POINT('',(5.807772351132,205.75281623362));
#6626 = CARTESIAN_POINT('',(5.842419887175,206.08621487416));
#6627 = CARTESIAN_POINT('',(5.860085252023,206.24985799878));
#6628 = CARTESIAN_POINT('',(5.878451864845,206.41303144525));
#6629 = CARTESIAN_POINT('',(5.897635723855,206.57566111494));
#6630 = CARTESIAN_POINT('',(5.917767272749,206.73761362103));
#6631 = CARTESIAN_POINT('',(5.939055339847,206.89864311274));
#6632 = CARTESIAN_POINT('',(5.961744508007,207.05842705133));
#6633 = CARTESIAN_POINT('',(5.998081775605,207.29125668136));
#6634 = CARTESIAN_POINT('',(6.010202011561,207.36567530178));
#6635 = CARTESIAN_POINT('',(6.022817715441,207.43959407219));
#6636 = CARTESIAN_POINT('',(6.036006984755,207.51293100858));
#6637 = CARTESIAN_POINT('',(6.049857030877,207.58554302122));
#6638 = CARTESIAN_POINT('',(6.064494822322,207.65718556228));
#6639 = CARTESIAN_POINT('',(6.080071483583,207.72753404975));
#6640 = CARTESIAN_POINT('',(6.106182169736,207.83378823659));
#6641 = CARTESIAN_POINT('',(6.115824231085,207.87090827208));
#6642 = CARTESIAN_POINT('',(6.125892803032,207.90734734536));
#6643 = CARTESIAN_POINT('',(6.136453269875,207.94298956817));
#6644 = CARTESIAN_POINT('',(6.147579925814,207.97760530515));
#6645 = CARTESIAN_POINT('',(6.159353176559,208.0108588573));
#6646 = CARTESIAN_POINT('',(6.171871573349,208.0422851556));
#6647 = CARTESIAN_POINT('',(6.195603020945,208.09330880066));
#6648 = CARTESIAN_POINT('',(6.206451355846,208.11398255446));
#6649 = CARTESIAN_POINT('',(6.217910204846,208.13281889701));
#6650 = CARTESIAN_POINT('',(6.230001263067,208.14923230655));
#6651 = CARTESIAN_POINT('',(6.242700560273,208.16249816229));
#6652 = CARTESIAN_POINT('',(6.255931055578,208.17181467599));
#6653 = CARTESIAN_POINT('',(6.269532596079,208.17650415798));
#6654 = CARTESIAN_POINT('',(6.28318530718,208.17650415798));
#6655 = ( GEOMETRIC_REPRESENTATION_CONTEXT(2) 
PARAMETRIC_REPRESENTATION_CONTEXT() REPRESENTATION_CONTEXT('2D SPACE',''
  ) );
#6656 = FACE_BOUND('',#6657,.F.);
#6657 = EDGE_LOOP('',(#6658));
#6658 = ORIENTED_EDGE('',*,*,#6659,.F.);
#6659 = EDGE_CURVE('',#6660,#6660,#6662,.T.);
#6660 = VERTEX_POINT('',#6661);
#6661 = CARTESIAN_POINT('',(-1.05910882371E-14,-43.01,-0.103528498001));
#6662 = SURFACE_CURVE('',#6663,(#6932,#7204),.PCURVE_S1.);
#6663 = B_SPLINE_CURVE_WITH_KNOTS('',8,(#6664,#6665,#6666,#6667,#6668,
    #6669,#6670,#6671,#6672,#6673,#6674,#6675,#6676,#6677,#6678,#6679,
    #6680,#6681,#6682,#6683,#6684,#6685,#6686,#6687,#6688,#6689,#6690,
    #6691,#6692,#6693,#6694,#6695,#6696,#6697,#6698,#6699,#6700,#6701,
    #6702,#6703,#6704,#6705,#6706,#6707,#6708,#6709,#6710,#6711,#6712,
    #6713,#6714,#6715,#6716,#6717,#6718,#6719,#6720,#6721,#6722,#6723,
    #6724,#6725,#6726,#6727,#6728,#6729,#6730,#6731,#6732,#6733,#6734,
    #6735,#6736,#6737,#6738,#6739,#6740,#6741,#6742,#6743,#6744,#6745,
    #6746,#6747,#6748,#6749,#6750,#6751,#6752,#6753,#6754,#6755,#6756,
    #6757,#6758,#6759,#6760,#6761,#6762,#6763,#6764,#6765,#6766,#6767,
    #6768,#6769,#6770,#6771,#6772,#6773,#6774,#6775,#6776,#6777,#6778,
    #6779,#6780,#6781,#6782,#6783,#6784,#6785,#6786,#6787,#6788,#6789,
    #6790,#6791,#6792,#6793,#6794,#6795,#6796,#6797,#6798,#6799,#6800,
    #6801,#6802,#6803,#6804,#6805,#6806,#6807,#6808,#6809,#6810,#6811,
    #6812,#6813,#6814,#6815,#6816,#6817,#6818,#6819,#6820,#6821,#6822,
    #6823,#6824,#6825,#6826,#6827,#6828,#6829,#6830,#6831,#6832,#6833,
    #6834,#6835,#6836,#6837,#6838,#6839,#6840,#6841,#6842,#6843,#6844,
    #6845,#6846,#6847,#6848,#6849,#6850,#6851,#6852,#6853,#6854,#6855,
    #6856,#6857,#6858,#6859,#6860,#6861,#6862,#6863,#6864,#6865,#6866,
    #6867,#6868,#6869,#6870,#6871,#6872,#6873,#6874,#6875,#6876,#6877,
    #6878,#6879,#6880,#6881,#6882,#6883,#6884,#6885,#6886,#6887,#6888,
    #6889,#6890,#6891,#6892,#6893,#6894,#6895,#6896,#6897,#6898,#6899,
    #6900,#6901,#6902,#6903,#6904,#6905,#6906,#6907,#6908,#6909,#6910,
    #6911,#6912,#6913,#6914,#6915,#6916,#6917,#6918,#6919,#6920,#6921,
    #6922,#6923,#6924,#6925,#6926,#6927,#6928,#6929,#6930,#6931),
  .UNSPECIFIED.,.T.,.F.,(9,7,7,7,7,7,7,7,7,7,7,7,7,7,7,7,7,7,7,7,7,7,7,7
    ,7,7,7,7,7,7,7,7,7,7,7,7,7,7,9),(0.,3.037556755985E-03,
    5.386647379841E-03,8.517965135685E-03,1.308974939029E-02,
    2.667894650007E-02,5.642317200838E-02,9.510508001926E-02,
    0.141706175105,0.238453737959,0.338889658451,0.383853631538,
    0.423470706617,0.446084692329,0.465267961331,0.483105381013,
    0.491760936465,0.496530569838,0.498591204575,0.501112941286,
    0.503293464763,0.505999457252,0.509757338601,0.515128533372,
    0.53124688149,0.547921582097,0.567987385974,0.620362764841,
    0.68324230188,0.761397048118,0.853226603074,0.894740989417,
    0.931032133524,0.951249194511,0.968193226743,0.984618807439,
    0.992409471423,0.996706660043,1.),.UNSPECIFIED.);
#6664 = CARTESIAN_POINT('',(-1.06581410364E-14,-43.01,-0.103528498001));
#6665 = CARTESIAN_POINT('',(5.409313733658E-02,-43.01,-0.103528498001));
#6666 = CARTESIAN_POINT('',(0.107579413238,-43.01078696315,
    -9.945241458916E-02));
#6667 = CARTESIAN_POINT('',(0.159629528251,-43.01232942739,
    -9.146318623629E-02));
#6668 = CARTESIAN_POINT('',(0.209807679109,-43.01453132212,
    -8.005891664466E-02));
#6669 = CARTESIAN_POINT('',(0.257873432933,-43.01728164617,
    -6.581529673292E-02));
#6670 = CARTESIAN_POINT('',(0.303701485038,-43.02047317447,
    -4.928841683151E-02));
#6671 = CARTESIAN_POINT('',(0.347261906996,-43.02400747117,
    -3.098861860262E-02));
#6672 = CARTESIAN_POINT('',(0.420574953071,-43.03073913062,
    3.862263213782E-03));
#6673 = CARTESIAN_POINT('',(0.451329465169,-43.03384136998,
    1.99217530086E-02));
#6674 = CARTESIAN_POINT('',(0.480965178578,-43.0370829879,
    3.67012680692E-02));
#6675 = CARTESIAN_POINT('',(0.50956572724,-43.04044182671,
    5.408588438192E-02));
#6676 = CARTESIAN_POINT('',(0.537207047223,-43.04390000857,
    7.198287822023E-02));
#6677 = CARTESIAN_POINT('',(0.563961949418,-43.04744342057,
    9.031905164446E-02));
#6678 = CARTESIAN_POINT('',(0.589902446058,-43.05106146445,
    0.109039424317));
#6679 = CARTESIAN_POINT('',(0.648687730291,-43.05965995281,
    0.153524596052));
#6680 = CARTESIAN_POINT('',(0.680933176031,-43.06468959063,
    0.179542311414));
#6681 = CARTESIAN_POINT('',(0.711989853745,-43.06981630609,
    0.206058329951));
#6682 = CARTESIAN_POINT('',(0.74197582707,-43.07502481429,0.232993344147
    ));
#6683 = CARTESIAN_POINT('',(0.770987410076,-43.08030316618,
    0.260285357374));
#6684 = CARTESIAN_POINT('',(0.799108413964,-43.08564205146,
    0.287886060831));
#6685 = CARTESIAN_POINT('',(0.826414768234,-43.09103446184,
    0.315759076746));
#6686 = CARTESIAN_POINT('',(0.891752260208,-43.10442004862,0.38493725675
    ));
#6687 = CARTESIAN_POINT('',(0.928925257942,-43.11246563826,
    0.426508264377));
#6688 = CARTESIAN_POINT('',(0.964696314036,-43.12059532929,
    0.468504021062));
#6689 = CARTESIAN_POINT('',(0.999217357263,-43.12879603082,
    0.510856562772));
#6690 = CARTESIAN_POINT('',(1.032608766903,-43.13705764278,
    0.553513455974));
#6691 = CARTESIAN_POINT('',(1.064972225506,-43.14537234952,
    0.596434121572));
#6692 = CARTESIAN_POINT('',(1.096397098147,-43.15373428001,
    0.639588057947));
#6693 = CARTESIAN_POINT('',(1.217806683993,-43.18712335928,
    0.811858994708));
#6694 = CARTESIAN_POINT('',(1.300983701351,-43.21247355784,0.9425600239)
  );
#6695 = CARTESIAN_POINT('',(1.378520289877,-43.23807910966,
    1.074480696063));
#6696 = CARTESIAN_POINT('',(1.451348803203,-43.2638801415,1.207309764561
    ));
#6697 = CARTESIAN_POINT('',(1.520254582696,-43.28983124662,
    1.340811440905));
#6698 = CARTESIAN_POINT('',(1.585745517218,-43.31590708458,
    1.474854054288));
#6699 = CARTESIAN_POINT('',(1.6482683487,-43.34209344236,1.609363378344)
  );
#6700 = CARTESIAN_POINT('',(1.839301615733,-43.4259451889,2.039751946475
    ));
#6701 = CARTESIAN_POINT('',(1.957753010392,-43.48395944122,
    2.337036044392));
#6702 = CARTESIAN_POINT('',(2.067068978415,-43.54231094437,
    2.635552889228));
#6703 = CARTESIAN_POINT('',(2.168763999297,-43.60093722973,
    2.934976725414));
#6704 = CARTESIAN_POINT('',(2.264143864198,-43.65979034527,
    3.235058143728));
#6705 = CARTESIAN_POINT('',(2.353997725327,-43.71884516472,
    3.535666277322));
#6706 = CARTESIAN_POINT('',(2.439024373996,-43.77808832616,
    3.836730587189));
#6707 = CARTESIAN_POINT('',(2.624731394851,-43.91481237546,
    4.530381884596));
#6708 = CARTESIAN_POINT('',(2.722406503472,-43.99239900598,
    4.923158322157));
#6709 = CARTESIAN_POINT('',(2.813916501403,-44.07025389646,
    5.316441805065));
#6710 = CARTESIAN_POINT('',(2.900008232463,-44.14835800835,5.71013251753
    ));
#6711 = CARTESIAN_POINT('',(2.981245993998,-44.22669713757,
    6.104156142124));
#6712 = CARTESIAN_POINT('',(3.058082811234,-44.30526091294,
    6.498458375959));
#6713 = CARTESIAN_POINT('',(3.130874843972,-44.38404264016,
    6.893003868544));
#6714 = CARTESIAN_POINT('',(3.283107146437,-44.55820723971,
    7.763360963652));
#6715 = CARTESIAN_POINT('',(3.360854349486,-44.65368319244,
    8.239255141839));
#6716 = CARTESIAN_POINT('',(3.433682564203,-44.74945676902,
    8.715403698479));
#6717 = CARTESIAN_POINT('',(3.501981773608,-44.8455201848,9.191765696054
    ));
#6718 = CARTESIAN_POINT('',(3.566057161909,-44.94186722108,
    9.668308543664));
#6719 = CARTESIAN_POINT('',(3.626158446244,-45.03849295382,
    10.145006468716));
#6720 = CARTESIAN_POINT('',(3.682495388206,-45.13539362408,
    10.621839731177));
#6721 = CARTESIAN_POINT('',(3.844740406242,-45.43430554523,
    12.088990608346));
#6722 = CARTESIAN_POINT('',(3.93875536353,-45.63721325912,
    13.079685830683));
#6723 = CARTESIAN_POINT('',(4.018829688752,-45.84126461375,
    14.07074743301));
#6724 = CARTESIAN_POINT('',(4.08588604513,-46.04643932425,
    15.062070512694));
#6725 = CARTESIAN_POINT('',(4.140528233611,-46.25272048127,
    16.053569442781));
#6726 = CARTESIAN_POINT('',(4.183140804559,-46.46009415728,
    17.045175145373));
#6727 = CARTESIAN_POINT('',(4.213899146492,-46.66854945484,
    18.036834693721));
#6728 = CARTESIAN_POINT('',(4.25243104751,-47.09559515331,
    20.057990771176));
#6729 = CARTESIAN_POINT('',(4.259282860183,-47.31426222052,
    21.087456552365));
#6730 = CARTESIAN_POINT('',(4.253357586138,-47.53407001105,
    22.116862304523));
#6731 = CARTESIAN_POINT('',(4.234445809821,-47.75500595259,
    23.146150125118));
#6732 = CARTESIAN_POINT('',(4.202121118646,-47.97705407165,
    24.175247983128));
#6733 = CARTESIAN_POINT('',(4.155732674915,-48.20019479565,
    25.204069398779));
#6734 = CARTESIAN_POINT('',(4.0943221254,-48.42440452021,26.232512128289
    ));
#6735 = CARTESIAN_POINT('',(3.981495581276,-48.75049635171,
    27.72065177599));
#6736 = CARTESIAN_POINT('',(3.943292755644,-48.85154575125,
    28.180744909653));
#6737 = CARTESIAN_POINT('',(3.901643482621,-48.95280015072,
    28.640722539441));
#6738 = CARTESIAN_POINT('',(3.856389747793,-49.05425614617,
    29.100570110899));
#6739 = CARTESIAN_POINT('',(3.807347618395,-49.15590951661,
    29.560269547629));
#6740 = CARTESIAN_POINT('',(3.754299629059,-49.25775514356,
    30.019798959464));
#6741 = CARTESIAN_POINT('',(3.696981955257,-49.3597868814,
    30.479132139499));
#6742 = CARTESIAN_POINT('',(3.580513494742,-49.55205349747,
    31.342748931885));
#6743 = CARTESIAN_POINT('',(3.522391947565,-49.64224711566,
    31.747077706331));
#6744 = CARTESIAN_POINT('',(3.460475927258,-49.7325740858,
    32.151206809361));
#6745 = CARTESIAN_POINT('',(3.394501810453,-49.82302832169,
    32.555110352753));
#6746 = CARTESIAN_POINT('',(3.324152265566,-49.91360153186,
    32.958752890959));
#6747 = CARTESIAN_POINT('',(3.249043808718,-50.00428301594,
    33.362088660227));
#6748 = CARTESIAN_POINT('',(3.168695462975,-50.09505918811,
    33.765059648979));
#6749 = CARTESIAN_POINT('',(3.033229576422,-50.23777284069,
    34.397361669483));
#6750 = CARTESIAN_POINT('',(2.982084037548,-50.28965760691,
    34.626985889568));
#6751 = CARTESIAN_POINT('',(2.928898881792,-50.34156374261,
    34.856450779304));
#6752 = CARTESIAN_POINT('',(2.87353404728,-50.39348713668,35.08573877458
    ));
#6753 = CARTESIAN_POINT('',(2.815828267151,-50.44542257586,
    35.314827547939));
#6754 = CARTESIAN_POINT('',(2.755591537668,-50.49736358557,
    35.543689354573));
#6755 = CARTESIAN_POINT('',(2.692591876949,-50.54930215098,
    35.772289863061));
#6756 = CARTESIAN_POINT('',(2.57050200284,-50.64527688384,
    36.194248715748));
#6757 = CARTESIAN_POINT('',(2.512270676012,-50.68931490526,
    36.387685140392));
#6758 = CARTESIAN_POINT('',(2.451661301833,-50.73333747586,
    36.580874906435));
#6759 = CARTESIAN_POINT('',(2.388463492713,-50.77733720709,
    36.773786365376));
#6760 = CARTESIAN_POINT('',(2.322422417075,-50.82130377534,
    36.966375167893));
#6761 = CARTESIAN_POINT('',(2.253228949939,-50.86522363786,
    37.158583105036));
#6762 = CARTESIAN_POINT('',(2.180490665057,-50.90907921787,
    37.350334663395));
#6763 = CARTESIAN_POINT('',(2.032218056592,-50.99354387359,
    37.719308232192));
#6764 = CARTESIAN_POINT('',(1.957270802845,-51.0341455526,
    37.896521463595));
#6765 = CARTESIAN_POINT('',(1.878356890485,-51.07465106126,
    38.073165986469));
#6766 = CARTESIAN_POINT('',(1.794885567687,-51.11503961453,
    38.249152738836));
#6767 = CARTESIAN_POINT('',(1.706190547709,-51.15527351111,
    38.424319200589));
#6768 = CARTESIAN_POINT('',(1.611218850492,-51.19528353076,
    38.598366778979));
#6769 = CARTESIAN_POINT('',(1.508739203437,-51.23497861178,
    38.77090315866));
#6770 = CARTESIAN_POINT('',(1.341283925263,-51.29321367599,
    39.023823284679));
#6771 = CARTESIAN_POINT('',(1.284217474645,-51.31210398298,
    39.10583331429));
#6772 = CARTESIAN_POINT('',(1.224444722786,-51.33085552207,
    39.187209233228));
#6773 = CARTESIAN_POINT('',(1.161548819479,-51.34944398462,
    39.267846355258));
#6774 = CARTESIAN_POINT('',(1.095069895405,-51.36782614909,
    39.347558110842));
#6775 = CARTESIAN_POINT('',(1.024337205565,-51.38592696214,
    39.426020442014));
#6776 = CARTESIAN_POINT('',(0.948567729839,-51.40364719935,
    39.502805187382));
#6777 = CARTESIAN_POINT('',(0.820681181281,-51.43026811808,
    39.618118924262));
#6778 = CARTESIAN_POINT('',(0.773338688187,-51.439531561,39.658237433479
    ));
#6779 = CARTESIAN_POINT('',(0.723734760658,-51.44859166194,
    39.697467790049));
#6780 = CARTESIAN_POINT('',(0.671527762222,-51.45741137304,
    39.735650108283));
#6781 = CARTESIAN_POINT('',(0.616350838889,-51.4659196743,
    39.772477587143));
#6782 = CARTESIAN_POINT('',(0.557822502383,-51.47401321888,
    39.807503833671));
#6783 = CARTESIAN_POINT('',(0.495500393409,-51.48155079401,
    39.840119047227));
#6784 = CARTESIAN_POINT('',(0.399802009879,-51.49125282607,
    39.882094694839));
#6785 = CARTESIAN_POINT('',(0.370122455429,-51.49403418838,
    39.894127448034));
#6786 = CARTESIAN_POINT('',(0.339595905075,-51.49665205347,
    39.90545221054));
#6787 = CARTESIAN_POINT('',(0.308202340392,-51.49908444664,
    39.915974056888));
#6788 = CARTESIAN_POINT('',(0.275942241645,-51.50130562804,
    39.925581793297));
#6789 = CARTESIAN_POINT('',(0.242841335496,-51.50328734075,
    39.934153352995));
#6790 = CARTESIAN_POINT('',(0.208958416305,-51.5050009351,
    39.941564971929));
#6791 = CARTESIAN_POINT('',(0.1321001928,-51.50815742553,39.95521706189)
  );
#6792 = CARTESIAN_POINT('',(8.868644362565E-02,-51.50945810449,
    39.960842343679));
#6793 = CARTESIAN_POINT('',(4.452894964217E-02,-51.51026322496,
    39.964324259687));
#6794 = CARTESIAN_POINT('',(1.272627836446E-13,-51.51053579164,
    39.965503007706));
#6795 = CARTESIAN_POINT('',(-4.452894964238E-02,-51.51026322496,
    39.964324259687));
#6796 = CARTESIAN_POINT('',(-8.868644362636E-02,-51.50945810449,
    39.960842343679));
#6797 = CARTESIAN_POINT('',(-0.1321001928,-51.50815742553,39.95521706189
    ));
#6798 = CARTESIAN_POINT('',(-0.210969260613,-51.50491835173,
    39.941207791836));
#6799 = CARTESIAN_POINT('',(-0.246778480146,-51.50308707465,
    39.93328716383));
#6800 = CARTESIAN_POINT('',(-0.281705056924,-51.50095740962,
    39.924075631521));
#6801 = CARTESIAN_POINT('',(-0.315683762245,-51.49856334691,
    39.913720028893));
#6802 = CARTESIAN_POINT('',(-0.348688970874,-51.49593819012,
    39.902364223139));
#6803 = CARTESIAN_POINT('',(-0.380724739325,-51.49311190322,
    39.890137655808));
#6804 = CARTESIAN_POINT('',(-0.411818972968,-51.49010960997,
    39.877148855215));
#6805 = CARTESIAN_POINT('',(-0.479502729306,-51.48303176921,
    39.846525968437));
#6806 = CARTESIAN_POINT('',(-0.515588663302,-51.47887421786,
    39.828536610912));
#6807 = CARTESIAN_POINT('',(-0.550379857756,-51.47451661174,
    39.809680056479));
#6808 = CARTESIAN_POINT('',(-0.583964904801,-51.46999031208,
    39.790091753683));
#6809 = CARTESIAN_POINT('',(-0.616426635865,-51.46532087683,
    39.769882089316));
#6810 = CARTESIAN_POINT('',(-0.647846171836,-51.46052863052,
    39.749138845627));
#6811 = CARTESIAN_POINT('',(-0.678305002438,-51.45562894838,
    39.727928416124));
#6812 = CARTESIAN_POINT('',(-0.748963729643,-51.44369321726,
    39.676253981852));
#6813 = CARTESIAN_POINT('',(-0.788318484704,-51.436572117,
    39.645419709366));
#6814 = CARTESIAN_POINT('',(-0.826149968925,-51.42930113553,
    39.613931897913));
#6815 = CARTESIAN_POINT('',(-0.862611196823,-51.42190513183,
    39.581897873981));
#6816 = CARTESIAN_POINT('',(-0.897826665364,-51.41440342874,
    39.549401065878));
#6817 = CARTESIAN_POINT('',(-0.931904959458,-51.40681098252,
    39.516506045098));
#6818 = CARTESIAN_POINT('',(-0.964944886054,-51.3991389354,
    39.483260898285));
#6819 = CARTESIAN_POINT('',(-1.042902201677,-51.38032538905,
    39.401723458808));
#6820 = CARTESIAN_POINT('',(-1.086810986602,-51.36911305748,
    39.353118638146));
#6821 = CARTESIAN_POINT('',(-1.129007865311,-51.35778307267,
    39.303992556513));
#6822 = CARTESIAN_POINT('',(-1.1696772223,-51.34635490081,
    39.254429208195));
#6823 = CARTESIAN_POINT('',(-1.208965160041,-51.33484354975,
    39.204493354559));
#6824 = CARTESIAN_POINT('',(-1.246995225172,-51.32326061715,
    39.154235035419));
#6825 = CARTESIAN_POINT('',(-1.283876153737,-51.31161479491,
    39.103691730302));
#6826 = CARTESIAN_POINT('',(-1.427209854873,-51.26479255528,
    38.900432428973));
#6827 = CARTESIAN_POINT('',(-1.525139749101,-51.22918402592,
    38.745742977821));
#6828 = CARTESIAN_POINT('',(-1.616034427483,-51.19325462129,
    38.589545143861));
#6829 = CARTESIAN_POINT('',(-1.70104369174,-51.15709470449,
    38.432228341889));
#6830 = CARTESIAN_POINT('',(-1.781146940103,-51.12077284493,
    38.274088399863));
#6831 = CARTESIAN_POINT('',(-1.85697131802,-51.08432680544,
    38.11528813873));
#6832 = CARTESIAN_POINT('',(-1.929072314536,-51.04777754284,
    37.95591744501));
#6833 = CARTESIAN_POINT('',(-2.069076074587,-50.97321017216,
    37.630523400986));
#6834 = CARTESIAN_POINT('',(-2.136711928038,-50.93520492138,
    37.464547622939));
#6835 = CARTESIAN_POINT('',(-2.201251318056,-50.89713175927,
    37.298144056319));
#6836 = CARTESIAN_POINT('',(-2.263032130679,-50.85900669789,
    37.131381533254));
#6837 = CARTESIAN_POINT('',(-2.322317305315,-50.82084200881,
    36.964312822754));
#6838 = CARTESIAN_POINT('',(-2.379324301388,-50.78264712458,
    36.796978467319));
#6839 = CARTESIAN_POINT('',(-2.434239679949,-50.74442907875,
    36.629408630287));
#6840 = CARTESIAN_POINT('',(-2.550972187006,-50.66017978407,
    36.259715012397));
#6841 = CARTESIAN_POINT('',(-2.611919697939,-50.61414226856,
    36.057503486053));
#6842 = CARTESIAN_POINT('',(-2.670332712541,-50.56808981298,
    35.855030684524));
#6843 = CARTESIAN_POINT('',(-2.72642641047,-50.52203036518,
    35.652330682964));
#6844 = CARTESIAN_POINT('',(-2.780377225803,-50.47597034663,
    35.449431020788));
#6845 = CARTESIAN_POINT('',(-2.832335051781,-50.42991493282,
    35.246353882089));
#6846 = CARTESIAN_POINT('',(-2.882430196013,-50.38386821315,
    35.043116757761));
#6847 = CARTESIAN_POINT('',(-3.056963997036,-50.21767359589,
    34.308863108862));
#6848 = CARTESIAN_POINT('',(-3.171223297905,-50.09760076024,
    33.777022000564));
#6849 = CARTESIAN_POINT('',(-3.275556623388,-49.97766929212,
    33.244441684826));
#6850 = CARTESIAN_POINT('',(-3.371207202742,-49.85791666032,
    32.711282277269));
#6851 = CARTESIAN_POINT('',(-3.459100266758,-49.73837025002,
    32.177661166422));
#6852 = CARTESIAN_POINT('',(-3.539974798332,-49.61904944552,
    31.643661402655));
#6853 = CARTESIAN_POINT('',(-3.614396319079,-49.49996590242,
    31.10933233307));
#6854 = CARTESIAN_POINT('',(-3.765015712742,-49.2384502183,
    29.932835351092));
#6855 = CARTESIAN_POINT('',(-3.838570498986,-49.0961335436,
    29.290569243007));
#6856 = CARTESIAN_POINT('',(-3.904320740966,-48.95419239104,
    28.647970887629));
#6857 = CARTESIAN_POINT('',(-3.962860433063,-48.81264052064,
    28.005099009261));
#6858 = CARTESIAN_POINT('',(-4.014654598341,-48.67148895553,
    27.362000918967));
#6859 = CARTESIAN_POINT('',(-4.060078524285,-48.53074634082,
    26.71871384417));
#6860 = CARTESIAN_POINT('',(-4.099433009812,-48.39041911156,
    26.075265445188));
#6861 = CARTESIAN_POINT('',(-4.174639290848,-48.07661685594,
    24.631737276022));
#6862 = CARTESIAN_POINT('',(-4.207317224758,-47.90337312552,
    23.831591566896));
#6863 = CARTESIAN_POINT('',(-4.231466007875,-47.730790645,
    23.031281082179));
#6864 = CARTESIAN_POINT('',(-4.247420666822,-47.55887841739,
    22.23084529085));
#6865 = CARTESIAN_POINT('',(-4.255415637017,-47.38764443484,
    21.430319847845));
#6866 = CARTESIAN_POINT('',(-4.255604729166,-47.21709576461,
    20.629736860748));
#6867 = CARTESIAN_POINT('',(-4.248067885167,-47.04723860558,
    19.829125029946));
#6868 = CARTESIAN_POINT('',(-4.214870952076,-46.67931989137,
    18.08780987819));
#6869 = CARTESIAN_POINT('',(-4.186271427661,-46.48152690788,
    17.147121177075));
#6870 = CARTESIAN_POINT('',(-4.147005608677,-46.28470673205,
    16.206478620378));
#6871 = CARTESIAN_POINT('',(-4.096929991179,-46.08886884937,
    15.265928227463));
#6872 = CARTESIAN_POINT('',(-4.035735740606,-45.8940249712,
    14.325528003633));
#6873 = CARTESIAN_POINT('',(-3.962937018833,-45.70018902573,
    13.38534835331));
#6874 = CARTESIAN_POINT('',(-3.877798830108,-45.50737743414,
    12.445473993783));
#6875 = CARTESIAN_POINT('',(-3.734528368603,-45.22891571627,
    11.08129553977));
#6876 = CARTESIAN_POINT('',(-3.687158952303,-45.14243538781,
    10.656668358253));
#6877 = CARTESIAN_POINT('',(-3.636915523572,-45.05617092293,
    10.232137613072));
#6878 = CARTESIAN_POINT('',(-3.583668247752,-44.97012472241,
    9.807715878571));
#6879 = CARTESIAN_POINT('',(-3.527264784671,-44.88429976198,
    9.383418721278));
#6880 = CARTESIAN_POINT('',(-3.467523382474,-44.7986996457,
    8.959265025883));
#6881 = CARTESIAN_POINT('',(-3.404221173217,-44.71332870422,
    8.535277556749));
#6882 = CARTESIAN_POINT('',(-3.27838200447,-44.55376725366,
    7.741010690328));
#6883 = CARTESIAN_POINT('',(-3.216750962255,-44.47952240448,
    7.370690240554));
#6884 = CARTESIAN_POINT('',(-3.151998526821,-44.40546036772,
    7.000537295218));
#6885 = CARTESIAN_POINT('',(-3.083898981363,-44.33158541353,
    6.630574362035));
#6886 = CARTESIAN_POINT('',(-3.012186396269,-44.25790327929,
    6.26083153287));
#6887 = CARTESIAN_POINT('',(-2.936536933449,-44.18442137916,
    5.89134767846));
#6888 = CARTESIAN_POINT('',(-2.856533967719,-44.11114924864,
    5.522172871813));
#6889 = CARTESIAN_POINT('',(-2.724309960241,-43.99740453596,
    4.947920570334));
#6890 = CARTESIAN_POINT('',(-2.675478815245,-43.95677923989,
    4.742587503932));
#6891 = CARTESIAN_POINT('',(-2.625025381578,-43.91622533791,
    4.537383413922));
#6892 = CARTESIAN_POINT('',(-2.572836786025,-43.87574552271,
    4.332322431452));
#6893 = CARTESIAN_POINT('',(-2.518782930988,-43.83534319803,
    4.127422375014));
#6894 = CARTESIAN_POINT('',(-2.462710424482,-43.79502258014,
    3.92270530369));
#6895 = CARTESIAN_POINT('',(-2.404431999966,-43.75478888081,
    3.718198494601));
#6896 = CARTESIAN_POINT('',(-2.292821172338,-43.68100675307,
    3.342742171646));
#6897 = CARTESIAN_POINT('',(-2.240216428818,-43.64743148892,
    3.17172486301));
#6898 = CARTESIAN_POINT('',(-2.185758637666,-43.61392586249,
    3.000900189823));
#6899 = CARTESIAN_POINT('',(-2.129280885953,-43.58049460308,
    2.830292897091));
#6900 = CARTESIAN_POINT('',(-2.070588097738,-43.54714405693,
    2.65993610095));
#6901 = CARTESIAN_POINT('',(-2.009443756215,-43.51388248034,
    2.489872860812));
#6902 = CARTESIAN_POINT('',(-1.945543155868,-43.48072065483,
    2.320159426358));
#6903 = CARTESIAN_POINT('',(-1.813455412639,-43.41563618746,
    1.986760785817));
#6904 = CARTESIAN_POINT('',(-1.745484758468,-43.38371988046,1.8231176612
    ));
#6905 = CARTESIAN_POINT('',(-1.674167375479,-43.35192428393,
    1.659944214729));
#6906 = CARTESIAN_POINT('',(-1.598995803324,-43.32026355906,
    1.497314545052));
#6907 = CARTESIAN_POINT('',(-1.519396524557,-43.28876336584,
    1.335362038937));
#6908 = CARTESIAN_POINT('',(-1.434456820632,-43.25747103628,
    1.174332547246));
#6909 = CARTESIAN_POINT('',(-1.343106690111,-43.22644858255,
    1.01454860865));
#6910 = CARTESIAN_POINT('',(-1.195425267988,-43.18128367728,
    0.781718978628));
#6911 = CARTESIAN_POINT('',(-1.145972233093,-43.16685386337,
    0.707300358174));
#6912 = CARTESIAN_POINT('',(-1.094296394832,-43.15252698021,
    0.633381587832));
#6913 = CARTESIAN_POINT('',(-1.040060553496,-43.13831878427,
    0.560044651351));
#6914 = CARTESIAN_POINT('',(-0.982886720099,-43.12425684378,
    0.487432638794));
#6915 = CARTESIAN_POINT('',(-0.922225987925,-43.110388288,0.415790097687
    ));
#6916 = CARTESIAN_POINT('',(-0.857425270327,-43.09677563244,
    0.345441610232));
#6917 = CARTESIAN_POINT('',(-0.748374753899,-43.0762228193,0.23918742339
    ));
#6918 = CARTESIAN_POINT('',(-0.708027466486,-43.0690442208,
    0.202067387904));
#6919 = CARTESIAN_POINT('',(-0.665815889716,-43.06199879965,
    0.165628314611));
#6920 = CARTESIAN_POINT('',(-0.621459662641,-43.05510887579,
    0.129986091812));
#6921 = CARTESIAN_POINT('',(-0.57463936301,-43.04841873114,
    9.537035483469E-02));
#6922 = CARTESIAN_POINT('',(-0.52500905563,-43.04199309377,
    6.211680267428E-02));
#6923 = CARTESIAN_POINT('',(-0.472146189061,-43.03592161202,
    3.069050438161E-02));
#6924 = CARTESIAN_POINT('',(-0.37177027689,-43.02606544662,
    -2.033314068319E-02));
#6925 = CARTESIAN_POINT('',(-0.325835224176,-43.02207246086,
    -4.100689447747E-02));
#6926 = CARTESIAN_POINT('',(-0.277265092188,-43.01843481199,
    -5.984323702963E-02));
#6927 = CARTESIAN_POINT('',(-0.22596685252,-43.01526545133,
    -7.625664657177E-02));
#6928 = CARTESIAN_POINT('',(-0.172043637554,-43.01270411056,
    -8.95225023125E-02));
#6929 = CARTESIAN_POINT('',(-0.115830587049,-43.01090539104,
    -9.883901601162E-02));
#6930 = CARTESIAN_POINT('',(-5.802402217759E-02,-43.01,-0.103528498001)
  );
#6931 = CARTESIAN_POINT('',(-1.06581410364E-14,-43.01,-0.103528498001));
#6932 = PCURVE('',#131,#6933);
#6933 = DEFINITIONAL_REPRESENTATION('',(#6934),#7203);
#6934 = B_SPLINE_CURVE_WITH_KNOTS('',8,(#6935,#6936,#6937,#6938,#6939,
    #6940,#6941,#6942,#6943,#6944,#6945,#6946,#6947,#6948,#6949,#6950,
    #6951,#6952,#6953,#6954,#6955,#6956,#6957,#6958,#6959,#6960,#6961,
    #6962,#6963,#6964,#6965,#6966,#6967,#6968,#6969,#6970,#6971,#6972,
    #6973,#6974,#6975,#6976,#6977,#6978,#6979,#6980,#6981,#6982,#6983,
    #6984,#6985,#6986,#6987,#6988,#6989,#6990,#6991,#6992,#6993,#6994,
    #6995,#6996,#6997,#6998,#6999,#7000,#7001,#7002,#7003,#7004,#7005,
    #7006,#7007,#7008,#7009,#7010,#7011,#7012,#7013,#7014,#7015,#7016,
    #7017,#7018,#7019,#7020,#7021,#7022,#7023,#7024,#7025,#7026,#7027,
    #7028,#7029,#7030,#7031,#7032,#7033,#7034,#7035,#7036,#7037,#7038,
    #7039,#7040,#7041,#7042,#7043,#7044,#7045,#7046,#7047,#7048,#7049,
    #7050,#7051,#7052,#7053,#7054,#7055,#7056,#7057,#7058,#7059,#7060,
    #7061,#7062,#7063,#7064,#7065,#7066,#7067,#7068,#7069,#7070,#7071,
    #7072,#7073,#7074,#7075,#7076,#7077,#7078,#7079,#7080,#7081,#7082,
    #7083,#7084,#7085,#7086,#7087,#7088,#7089,#7090,#7091,#7092,#7093,
    #7094,#7095,#7096,#7097,#7098,#7099,#7100,#7101,#7102,#7103,#7104,
    #7105,#7106,#7107,#7108,#7109,#7110,#7111,#7112,#7113,#7114,#7115,
    #7116,#7117,#7118,#7119,#7120,#7121,#7122,#7123,#7124,#7125,#7126,
    #7127,#7128,#7129,#7130,#7131,#7132,#7133,#7134,#7135,#7136,#7137,
    #7138,#7139,#7140,#7141,#7142,#7143,#7144,#7145,#7146,#7147,#7148,
    #7149,#7150,#7151,#7152,#7153,#7154,#7155,#7156,#7157,#7158,#7159,
    #7160,#7161,#7162,#7163,#7164,#7165,#7166,#7167,#7168,#7169,#7170,
    #7171,#7172,#7173,#7174,#7175,#7176,#7177,#7178,#7179,#7180,#7181,
    #7182,#7183,#7184,#7185,#7186,#7187,#7188,#7189,#7190,#7191,#7192,
    #7193,#7194,#7195,#7196,#7197,#7198,#7199,#7200,#7201,#7202),
  .UNSPECIFIED.,.T.,.F.,(9,7,7,7,7,7,7,7,7,7,7,7,7,7,7,7,7,7,7,7,7,7,7,7
    ,7,7,7,7,7,7,7,7,7,7,7,7,7,7,9),(0.,3.037556755985E-03,
    5.386647379841E-03,8.517965135685E-03,1.308974939029E-02,
    2.667894650007E-02,5.642317200838E-02,9.510508001926E-02,
    0.141706175105,0.238453737959,0.338889658451,0.383853631538,
    0.423470706617,0.446084692329,0.465267961331,0.483105381013,
    0.491760936465,0.496530569838,0.498591204575,0.501112941286,
    0.503293464763,0.505999457252,0.509757338601,0.515128533372,
    0.53124688149,0.547921582097,0.567987385974,0.620362764841,
    0.68324230188,0.761397048118,0.853226603074,0.894740989417,
    0.931032133524,0.951249194511,0.968193226743,0.984618807439,
    0.992409471423,0.996706660043,1.),.UNSPECIFIED.);
#6935 = CARTESIAN_POINT('',(4.712388980385,202.26620154028));
#6936 = CARTESIAN_POINT('',(4.713646667837,202.26620154028));
#6937 = CARTESIAN_POINT('',(4.714890245691,202.27027762369));
#6938 = CARTESIAN_POINT('',(4.716100333426,202.27826685204));
#6939 = CARTESIAN_POINT('',(4.717266711494,202.28967112163));
#6940 = CARTESIAN_POINT('',(4.718383738651,202.30391474155));
#6941 = CARTESIAN_POINT('',(4.719448483123,202.32044162145));
#6942 = CARTESIAN_POINT('',(4.720460249801,202.33874141968));
#6943 = CARTESIAN_POINT('',(4.722162550848,202.37359230149));
#6944 = CARTESIAN_POINT('',(4.722876473353,202.38965179129));
#6945 = CARTESIAN_POINT('',(4.72356423638,202.40643130635));
#6946 = CARTESIAN_POINT('',(4.724227787994,202.42381592266));
#6947 = CARTESIAN_POINT('',(4.724868898464,202.4417129165));
#6948 = CARTESIAN_POINT('',(4.725489265585,202.46004908992));
#6949 = CARTESIAN_POINT('',(4.726090567986,202.4787694626));
#6950 = CARTESIAN_POINT('',(4.727452798066,202.52325463433));
#6951 = CARTESIAN_POINT('',(4.728199694398,202.54927234969));
#6952 = CARTESIAN_POINT('',(4.728918738018,202.57578836823));
#6953 = CARTESIAN_POINT('',(4.729612683286,202.60272338243));
#6954 = CARTESIAN_POINT('',(4.730283778406,202.63001539565));
#6955 = CARTESIAN_POINT('',(4.730933980041,202.65761609911));
#6956 = CARTESIAN_POINT('',(4.731565060427,202.68548911503));
#6957 = CARTESIAN_POINT('',(4.733074396853,202.75466729503));
#6958 = CARTESIAN_POINT('',(4.733932504926,202.79623830266));
#6959 = CARTESIAN_POINT('',(4.734757665537,202.83823405934));
#6960 = CARTESIAN_POINT('',(4.73555342827,202.88058660105));
#6961 = CARTESIAN_POINT('',(4.736322607394,202.92324349425));
#6962 = CARTESIAN_POINT('',(4.737067580679,202.96616415985));
#6963 = CARTESIAN_POINT('',(4.737790437629,203.00931809623));
#6964 = CARTESIAN_POINT('',(4.740581209418,203.18158903299));
#6965 = CARTESIAN_POINT('',(4.742488631806,203.31229006218));
#6966 = CARTESIAN_POINT('',(4.744262683371,203.44421073434));
#6967 = CARTESIAN_POINT('',(4.745925241074,203.57703980284));
#6968 = CARTESIAN_POINT('',(4.747494732078,203.71054147918));
#6969 = CARTESIAN_POINT('',(4.748983098011,203.84458409257));
#6970 = CARTESIAN_POINT('',(4.750400831259,203.97909341662));
#6971 = CARTESIAN_POINT('',(4.754722867743,204.40948198475));
#6972 = CARTESIAN_POINT('',(4.75738752257,204.70676608267));
#6973 = CARTESIAN_POINT('',(4.759833431768,205.0052829275));
#6974 = CARTESIAN_POINT('',(4.762096497209,205.3047067637));
#6975 = CARTESIAN_POINT('',(4.76420766023,205.604788182));
#6976 = CARTESIAN_POINT('',(4.766185735798,205.9053963156));
#6977 = CARTESIAN_POINT('',(4.768047365213,206.20646062547));
#6978 = CARTESIAN_POINT('',(4.772090991843,206.90011192287));
#6979 = CARTESIAN_POINT('',(4.774200477108,207.29288836044));
#6980 = CARTESIAN_POINT('',(4.776160865496,207.68617184334));
#6981 = CARTESIAN_POINT('',(4.777990167682,208.07986255581));
#6982 = CARTESIAN_POINT('',(4.779702070905,208.4738861804));
#6983 = CARTESIAN_POINT('',(4.781307616778,208.86818841424));
#6984 = CARTESIAN_POINT('',(4.782815544931,209.26273390682));
#6985 = CARTESIAN_POINT('',(4.785941246082,210.13309100193));
#6986 = CARTESIAN_POINT('',(4.787518239641,210.60898518012));
#6987 = CARTESIAN_POINT('',(4.788977038614,211.08513373676));
#6988 = CARTESIAN_POINT('',(4.79032738402,211.56149573433));
#6989 = CARTESIAN_POINT('',(4.791576994221,212.03803858194));
#6990 = CARTESIAN_POINT('',(4.792732260459,212.51473650699));
#6991 = CARTESIAN_POINT('',(4.793798616366,212.99156976946));
#6992 = CARTESIAN_POINT('',(4.796819218783,214.45872064663));
#6993 = CARTESIAN_POINT('',(4.798494126382,215.44941586896));
#6994 = CARTESIAN_POINT('',(4.799846003702,216.44047747129));
#6995 = CARTESIAN_POINT('',(4.800900687518,217.43180055097));
#6996 = CARTESIAN_POINT('',(4.801676445373,218.42329948106));
#6997 = CARTESIAN_POINT('',(4.802186420837,219.41490518365));
#6998 = CARTESIAN_POINT('',(4.802438977662,220.406564732));
#6999 = CARTESIAN_POINT('',(4.802438391071,222.42772080945));
#7000 = CARTESIAN_POINT('',(4.802165596022,223.45718659064));
#7001 = CARTESIAN_POINT('',(4.80162532957,224.4865923428));
#7002 = CARTESIAN_POINT('',(4.800818082904,225.5158801634));
#7003 = CARTESIAN_POINT('',(4.799739846922,226.54497802141));
#7004 = CARTESIAN_POINT('',(4.798382101838,227.57379943706));
#7005 = CARTESIAN_POINT('',(4.796730318775,228.60224216657));
#7006 = CARTESIAN_POINT('',(4.793877229917,230.09038181427));
#7007 = CARTESIAN_POINT('',(4.792930997545,230.55047494793));
#7008 = CARTESIAN_POINT('',(4.791918598647,231.01045257772));
#7009 = CARTESIAN_POINT('',(4.790837350224,231.47030014918));
#7010 = CARTESIAN_POINT('',(4.789684075579,231.92999958591));
#7011 = CARTESIAN_POINT('',(4.788454960422,232.38952899774));
#7012 = CARTESIAN_POINT('',(4.787145309173,232.84886217778));
#7013 = CARTESIAN_POINT('',(4.784519112074,233.71247897016));
#7014 = CARTESIAN_POINT('',(4.783221922357,234.11680774461));
#7015 = CARTESIAN_POINT('',(4.78185355583,234.52093684764));
#7016 = CARTESIAN_POINT('',(4.780409219647,234.92484039103));
#7017 = CARTESIAN_POINT('',(4.778883100732,235.32848292924));
#7018 = CARTESIAN_POINT('',(4.777268128786,235.73181869851));
#7019 = CARTESIAN_POINT('',(4.77555537606,236.13478968726));
#7020 = CARTESIAN_POINT('',(4.772692234015,236.76709170776));
#7021 = CARTESIAN_POINT('',(4.771615987095,236.99671592785));
#7022 = CARTESIAN_POINT('',(4.770501665479,237.22618081758));
#7023 = CARTESIAN_POINT('',(4.769346641877,237.45546881286));
#7024 = CARTESIAN_POINT('',(4.768147884534,237.68455758622));
#7025 = CARTESIAN_POINT('',(4.766901812327,237.91341939285));
#7026 = CARTESIAN_POINT('',(4.765604039765,238.14201990134));
#7027 = CARTESIAN_POINT('',(4.76309955223,238.56397875403));
#7028 = CARTESIAN_POINT('',(4.761908933306,238.75741517867));
#7029 = CARTESIAN_POINT('',(4.760673717958,238.95060494471));
#7030 = CARTESIAN_POINT('',(4.759389909551,239.14351640366));
#7031 = CARTESIAN_POINT('',(4.758052659393,239.33610520617));
#7032 = CARTESIAN_POINT('',(4.756656076869,239.52831314331));
#7033 = CARTESIAN_POINT('',(4.75519266922,239.72006470167));
#7034 = CARTESIAN_POINT('',(4.752219300425,240.08903827047));
#7035 = CARTESIAN_POINT('',(4.750720468408,240.26625150188));
#7036 = CARTESIAN_POINT('',(4.749146595724,240.44289602474));
#7037 = CARTESIAN_POINT('',(4.747486345272,240.61888277713));
#7038 = CARTESIAN_POINT('',(4.745726947543,240.79404923886));
#7039 = CARTESIAN_POINT('',(4.743848169984,240.96809681726));
#7040 = CARTESIAN_POINT('',(4.741826358146,241.14063319694));
#7041 = CARTESIAN_POINT('',(4.738531999197,241.39355332296));
#7042 = CARTESIAN_POINT('',(4.7374106748,241.47556335256));
#7043 = CARTESIAN_POINT('',(4.736237571389,241.55693927153));
#7044 = CARTESIAN_POINT('',(4.735004639656,241.63757639351));
#7045 = CARTESIAN_POINT('',(4.733703011554,241.71728814914));
#7046 = CARTESIAN_POINT('',(4.732319740126,241.79575048029));
#7047 = CARTESIAN_POINT('',(4.730839709803,241.87253522566));
#7048 = CARTESIAN_POINT('',(4.728344639373,241.98784896254));
#7049 = CARTESIAN_POINT('',(4.727421522005,242.02796747176));
#7050 = CARTESIAN_POINT('',(4.726454858319,242.06719782833));
#7051 = CARTESIAN_POINT('',(4.725438034786,242.10538014656));
#7052 = CARTESIAN_POINT('',(4.72436395675,242.14220762542));
#7053 = CARTESIAN_POINT('',(4.723225247724,242.17723387195));
#7054 = CARTESIAN_POINT('',(4.722013341867,242.20984908551));
#7055 = CARTESIAN_POINT('',(4.720153259623,242.25182473312));
#7056 = CARTESIAN_POINT('',(4.719576484106,242.26385748631));
#7057 = CARTESIAN_POINT('',(4.718983349942,242.27518224882));
#7058 = CARTESIAN_POINT('',(4.718373467761,242.28570409517));
#7059 = CARTESIAN_POINT('',(4.717746844545,242.29531183158));
#7060 = CARTESIAN_POINT('',(4.717103974899,242.30388339127));
#7061 = CARTESIAN_POINT('',(4.716445992271,242.31129501021));
#7062 = CARTESIAN_POINT('',(4.71495359522,242.32494710017));
#7063 = CARTESIAN_POINT('',(4.714110697069,242.33057238196));
#7064 = CARTESIAN_POINT('',(4.713253426406,242.33405429797));
#7065 = CARTESIAN_POINT('',(4.712388980385,242.33523304598));
#7066 = CARTESIAN_POINT('',(4.711524534364,242.33405429797));
#7067 = CARTESIAN_POINT('',(4.7106672637,242.33057238196));
#7068 = CARTESIAN_POINT('',(4.709824365549,242.32494710017));
#7069 = CARTESIAN_POINT('',(4.708292922864,242.31093783012));
#7070 = CARTESIAN_POINT('',(4.707597529062,242.30301720211));
#7071 = CARTESIAN_POINT('',(4.706919192867,242.2938056698));
#7072 = CARTESIAN_POINT('',(4.706259171418,242.28345006717));
#7073 = CARTESIAN_POINT('',(4.705617956872,242.27209426142));
#7074 = CARTESIAN_POINT('',(4.704995468176,242.25986769409));
#7075 = CARTESIAN_POINT('',(4.704391163135,242.24687889349));
#7076 = CARTESIAN_POINT('',(4.703075499144,242.21625600672));
#7077 = CARTESIAN_POINT('',(4.702373865912,242.19826664919));
#7078 = CARTESIAN_POINT('',(4.701697222634,242.17941009476));
#7079 = CARTESIAN_POINT('',(4.701043852252,242.15982179196));
#7080 = CARTESIAN_POINT('',(4.700412150946,242.13961212759));
#7081 = CARTESIAN_POINT('',(4.69980054845,242.11886888391));
#7082 = CARTESIAN_POINT('',(4.699207466861,242.0976584544));
#7083 = CARTESIAN_POINT('',(4.697831205032,242.04598402013));
#7084 = CARTESIAN_POINT('',(4.697064316132,242.01514974764));
#7085 = CARTESIAN_POINT('',(4.696326766734,241.98366193619));
#7086 = CARTESIAN_POINT('',(4.695615596559,241.95162791226));
#7087 = CARTESIAN_POINT('',(4.694928398547,241.91913110416));
#7088 = CARTESIAN_POINT('',(4.69426307361,241.88623608338));
#7089 = CARTESIAN_POINT('',(4.693617711111,241.85299093656));
#7090 = CARTESIAN_POINT('',(4.692094248949,241.77145349709));
#7091 = CARTESIAN_POINT('',(4.691235534017,241.72284867643));
#7092 = CARTESIAN_POINT('',(4.690409686981,241.67372259479));
#7093 = CARTESIAN_POINT('',(4.689613146147,241.62415924647));
#7094 = CARTESIAN_POINT('',(4.688843091198,241.57422339284));
#7095 = CARTESIAN_POINT('',(4.688097137838,241.5239650737));
#7096 = CARTESIAN_POINT('',(4.687373187298,241.47342176858));
#7097 = CARTESIAN_POINT('',(4.684557536779,241.27016246725));
#7098 = CARTESIAN_POINT('',(4.682628944188,241.1154730161));
#7099 = CARTESIAN_POINT('',(4.680834565926,240.95927518213));
#7100 = CARTESIAN_POINT('',(4.679152292697,240.80195838018));
#7101 = CARTESIAN_POINT('',(4.677563289936,240.64381843814));
#7102 = CARTESIAN_POINT('',(4.676055523951,240.48501817701));
#7103 = CARTESIAN_POINT('',(4.674618322051,240.32564748329));
#7104 = CARTESIAN_POINT('',(4.671820788446,240.00025343926));
#7105 = CARTESIAN_POINT('',(4.670465544503,239.83427766122));
#7106 = CARTESIAN_POINT('',(4.669168789547,239.6678740946));
#7107 = CARTESIAN_POINT('',(4.667924059691,239.50111157153));
#7108 = CARTESIAN_POINT('',(4.666726334429,239.33404286103));
#7109 = CARTESIAN_POINT('',(4.66557146703,239.1667085056));
#7110 = CARTESIAN_POINT('',(4.664455902786,238.99913866857));
#7111 = CARTESIAN_POINT('',(4.662077988929,238.62944505068));
#7112 = CARTESIAN_POINT('',(4.660831967404,238.42723352433));
#7113 = CARTESIAN_POINT('',(4.659633458515,238.2247607228));
#7114 = CARTESIAN_POINT('',(4.658478380228,238.02206072124));
#7115 = CARTESIAN_POINT('',(4.657363393916,237.81916105907));
#7116 = CARTESIAN_POINT('',(4.656285669073,237.61608392037));
#7117 = CARTESIAN_POINT('',(4.655242749345,237.41284679604));
#7118 = CARTESIAN_POINT('',(4.651595638155,236.67859314714));
#7119 = CARTESIAN_POINT('',(4.649181585481,236.14675203884));
#7120 = CARTESIAN_POINT('',(4.646952671466,235.6141717231));
#7121 = CARTESIAN_POINT('',(4.64488576336,235.08101231555));
#7122 = CARTESIAN_POINT('',(4.642963784542,234.5473912047));
#7123 = CARTESIAN_POINT('',(4.641173191328,234.01339144093));
#7124 = CARTESIAN_POINT('',(4.639503737364,233.47906237135));
#7125 = CARTESIAN_POINT('',(4.636077687379,232.30256538937));
#7126 = CARTESIAN_POINT('',(4.634370895023,231.66029928129));
#7127 = CARTESIAN_POINT('',(4.632811853525,231.01770092591));
#7128 = CARTESIAN_POINT('',(4.63139014348,230.37482904754));
#7129 = CARTESIAN_POINT('',(4.630097798095,229.73173095725));
#7130 = CARTESIAN_POINT('',(4.628928561792,229.08844388245));
#7131 = CARTESIAN_POINT('',(4.627877608179,228.44499548347));
#7132 = CARTESIAN_POINT('',(4.625777280306,227.0014673143));
#7133 = CARTESIAN_POINT('',(4.624790325838,226.20132160517));
#7134 = CARTESIAN_POINT('',(4.623973165855,225.40101112046));
#7135 = CARTESIAN_POINT('',(4.623321248178,224.60057532913));
#7136 = CARTESIAN_POINT('',(4.622832013621,223.80004988612));
#7137 = CARTESIAN_POINT('',(4.622504548805,222.99946689903));
#7138 = CARTESIAN_POINT('',(4.622339503276,222.19885506822));
#7139 = CARTESIAN_POINT('',(4.622338997901,220.45753991647));
#7140 = CARTESIAN_POINT('',(4.622566247238,219.51685121535));
#7141 = CARTESIAN_POINT('',(4.623024907332,218.57620865866));
#7142 = CARTESIAN_POINT('',(4.623721985433,217.63565826574));
#7143 = CARTESIAN_POINT('',(4.624668257135,216.69525804191));
#7144 = CARTESIAN_POINT('',(4.625878624972,215.75507839159));
#7145 = CARTESIAN_POINT('',(4.627373894554,214.81520403206));
#7146 = CARTESIAN_POINT('',(4.630004748755,213.45102557805));
#7147 = CARTESIAN_POINT('',(4.6308885075,213.02639839653));
#7148 = CARTESIAN_POINT('',(4.631839865961,212.60186765135));
#7149 = CARTESIAN_POINT('',(4.632862224399,212.17744591685));
#7150 = CARTESIAN_POINT('',(4.633959521854,211.75314875956));
#7151 = CARTESIAN_POINT('',(4.635136400999,211.32899506416));
#7152 = CARTESIAN_POINT('',(4.636398486274,210.90500759503));
#7153 = CARTESIAN_POINT('',(4.638936670891,210.11074072861));
#7154 = CARTESIAN_POINT('',(4.640191027683,209.74042027883));
#7155 = CARTESIAN_POINT('',(4.641520486732,209.3702673335));
#7156 = CARTESIAN_POINT('',(4.642930635479,209.00030440031));
#7157 = CARTESIAN_POINT('',(4.644428022025,208.63056157115));
#7158 = CARTESIAN_POINT('',(4.646020573178,208.26107771674));
#7159 = CARTESIAN_POINT('',(4.647718416293,207.89190291009));
#7160 = CARTESIAN_POINT('',(4.650547145286,207.31765060861));
#7161 = CARTESIAN_POINT('',(4.651596063793,207.11231754221));
#7162 = CARTESIAN_POINT('',(4.652684206529,206.9071134522));
#7163 = CARTESIAN_POINT('',(4.653814290649,206.70205246973));
#7164 = CARTESIAN_POINT('',(4.65498944124,206.49715241329));
#7165 = CARTESIAN_POINT('',(4.656213333816,206.29243534197));
#7166 = CARTESIAN_POINT('',(4.657490442436,206.08792853288));
#7167 = CARTESIAN_POINT('',(4.659946061409,205.71247220993));
#7168 = CARTESIAN_POINT('',(4.66110704179,205.54145490129));
#7169 = CARTESIAN_POINT('',(4.662312633314,205.3706302281));
#7170 = CARTESIAN_POINT('',(4.663566803199,205.20002293537));
#7171 = CARTESIAN_POINT('',(4.664874183069,205.02966613923));
#7172 = CARTESIAN_POINT('',(4.666240379539,204.85960289909));
#7173 = CARTESIAN_POINT('',(4.667672599434,204.68988946464));
#7174 = CARTESIAN_POINT('',(4.670642438527,204.3564908241));
#7175 = CARTESIAN_POINT('',(4.672174919417,204.19284769948));
#7176 = CARTESIAN_POINT('',(4.673787296696,204.02967425301));
#7177 = CARTESIAN_POINT('',(4.675491513539,203.86704458333));
#7178 = CARTESIAN_POINT('',(4.677301084236,203.70509207722));
#7179 = CARTESIAN_POINT('',(4.679237457104,203.54406258552));
#7180 = CARTESIAN_POINT('',(4.68132578085,203.38427864693));
#7181 = CARTESIAN_POINT('',(4.684711773939,203.15144901691));
#7182 = CARTESIAN_POINT('',(4.685846995217,203.07703039645));
#7183 = CARTESIAN_POINT('',(4.687034675691,203.00311162611));
#7184 = CARTESIAN_POINT('',(4.688282700076,202.92977468963));
#7185 = CARTESIAN_POINT('',(4.689599916703,202.85716267707));
#7186 = CARTESIAN_POINT('',(4.690999162701,202.78552013597));
#7187 = CARTESIAN_POINT('',(4.692495709438,202.71517164851));
#7188 = CARTESIAN_POINT('',(4.695017293724,202.60891746167));
#7189 = CARTESIAN_POINT('',(4.695950808956,202.57179742618));
#7190 = CARTESIAN_POINT('',(4.696928035851,202.53535835289));
#7191 = CARTESIAN_POINT('',(4.697955512541,202.49971613009));
#7192 = CARTESIAN_POINT('',(4.699040694163,202.46510039311));
#7193 = CARTESIAN_POINT('',(4.700191656449,202.43184684095));
#7194 = CARTESIAN_POINT('',(4.701418252991,202.40042054266));
#7195 = CARTESIAN_POINT('',(4.703748502696,202.3493968976));
#7196 = CARTESIAN_POINT('',(4.704815263556,202.3287231438));
#7197 = CARTESIAN_POINT('',(4.705943585779,202.30988680125));
#7198 = CARTESIAN_POINT('',(4.707135639121,202.29347339171));
#7199 = CARTESIAN_POINT('',(4.70838901729,202.28020753597));
#7200 = CARTESIAN_POINT('',(4.709695871977,202.27089102227));
#7201 = CARTESIAN_POINT('',(4.71103989826,202.26620154028));
#7202 = CARTESIAN_POINT('',(4.712388980385,202.26620154028));
#7203 = ( GEOMETRIC_REPRESENTATION_CONTEXT(2) 
PARAMETRIC_REPRESENTATION_CONTEXT() REPRESENTATION_CONTEXT('2D SPACE',''
  ) );
#7204 = PCURVE('',#746,#7205);
#7205 = DEFINITIONAL_REPRESENTATION('',(#7206),#7475);
#7206 = B_SPLINE_CURVE_WITH_KNOTS('',8,(#7207,#7208,#7209,#7210,#7211,
    #7212,#7213,#7214,#7215,#7216,#7217,#7218,#7219,#7220,#7221,#7222,
    #7223,#7224,#7225,#7226,#7227,#7228,#7229,#7230,#7231,#7232,#7233,
    #7234,#7235,#7236,#7237,#7238,#7239,#7240,#7241,#7242,#7243,#7244,
    #7245,#7246,#7247,#7248,#7249,#7250,#7251,#7252,#7253,#7254,#7255,
    #7256,#7257,#7258,#7259,#7260,#7261,#7262,#7263,#7264,#7265,#7266,
    #7267,#7268,#7269,#7270,#7271,#7272,#7273,#7274,#7275,#7276,#7277,
    #7278,#7279,#7280,#7281,#7282,#7283,#7284,#7285,#7286,#7287,#7288,
    #7289,#7290,#7291,#7292,#7293,#7294,#7295,#7296,#7297,#7298,#7299,
    #7300,#7301,#7302,#7303,#7304,#7305,#7306,#7307,#7308,#7309,#7310,
    #7311,#7312,#7313,#7314,#7315,#7316,#7317,#7318,#7319,#7320,#7321,
    #7322,#7323,#7324,#7325,#7326,#7327,#7328,#7329,#7330,#7331,#7332,
    #7333,#7334,#7335,#7336,#7337,#7338,#7339,#7340,#7341,#7342,#7343,
    #7344,#7345,#7346,#7347,#7348,#7349,#7350,#7351,#7352,#7353,#7354,
    #7355,#7356,#7357,#7358,#7359,#7360,#7361,#7362,#7363,#7364,#7365,
    #7366,#7367,#7368,#7369,#7370,#7371,#7372,#7373,#7374,#7375,#7376,
    #7377,#7378,#7379,#7380,#7381,#7382,#7383,#7384,#7385,#7386,#7387,
    #7388,#7389,#7390,#7391,#7392,#7393,#7394,#7395,#7396,#7397,#7398,
    #7399,#7400,#7401,#7402,#7403,#7404,#7405,#7406,#7407,#7408,#7409,
    #7410,#7411,#7412,#7413,#7414,#7415,#7416,#7417,#7418,#7419,#7420,
    #7421,#7422,#7423,#7424,#7425,#7426,#7427,#7428,#7429,#7430,#7431,
    #7432,#7433,#7434,#7435,#7436,#7437,#7438,#7439,#7440,#7441,#7442,
    #7443,#7444,#7445,#7446,#7447,#7448,#7449,#7450,#7451,#7452,#7453,
    #7454,#7455,#7456,#7457,#7458,#7459,#7460,#7461,#7462,#7463,#7464,
    #7465,#7466,#7467,#7468,#7469,#7470,#7471,#7472,#7473,#7474),
  .UNSPECIFIED.,.F.,.F.,(9,7,7,7,7,7,7,7,7,7,7,7,7,7,7,7,7,7,7,7,7,7,7,7
    ,7,7,7,7,7,7,7,7,7,7,7,7,7,7,9),(0.,3.037556755985E-03,
    5.386647379841E-03,8.517965135685E-03,1.308974939029E-02,
    2.667894650007E-02,5.642317200838E-02,9.510508001926E-02,
    0.141706175105,0.238453737959,0.338889658451,0.383853631538,
    0.423470706617,0.446084692329,0.465267961331,0.483105381013,
    0.491760936465,0.496530569838,0.498591204575,0.501112941286,
    0.503293464763,0.505999457252,0.509757338601,0.515128533372,
    0.53124688149,0.547921582097,0.567987385974,0.620362764841,
    0.68324230188,0.761397048118,0.853226603074,0.894740989417,
    0.931032133524,0.951249194511,0.968193226743,0.984618807439,
    0.992409471423,0.996706660043,1.),.UNSPECIFIED.);
#7207 = CARTESIAN_POINT('',(0.,208.17650415798));
#7208 = CARTESIAN_POINT('',(1.272779702037E-02,208.17650415798));
#7209 = CARTESIAN_POINT('',(2.531279741197E-02,208.17242807457));
#7210 = CARTESIAN_POINT('',(3.756304200793E-02,208.16443884621));
#7211 = CARTESIAN_POINT('',(4.937877278561E-02,208.15303457662));
#7212 = CARTESIAN_POINT('',(6.070506391169E-02,208.13879095671));
#7213 = CARTESIAN_POINT('',(7.151303997558E-02,208.12226407681));
#7214 = CARTESIAN_POINT('',(8.179565514643E-02,208.10396427858));
#7215 = CARTESIAN_POINT('',(9.911834936597E-02,208.06911339676));
#7216 = CARTESIAN_POINT('',(0.106391134842,208.05305390697));
#7217 = CARTESIAN_POINT('',(0.113405430237,208.03627439191));
#7218 = CARTESIAN_POINT('',(0.120180810282,208.0188897756));
#7219 = CARTESIAN_POINT('',(0.126735000332,208.00099278176));
#7220 = CARTESIAN_POINT('',(0.133084984043,207.98265660833));
#7221 = CARTESIAN_POINT('',(0.139247576009,207.96393623566));
#7222 = CARTESIAN_POINT('',(0.15322658874,207.91945106393));
#7223 = CARTESIAN_POINT('',(0.160905149381,207.89343334856));
#7224 = CARTESIAN_POINT('',(0.168311023514,207.86691733003));
#7225 = CARTESIAN_POINT('',(0.175471711329,207.83998231583));
#7226 = CARTESIAN_POINT('',(0.182409609224,207.8126903026));
#7227 = CARTESIAN_POINT('',(0.189144197969,207.78508959915));
#7228 = CARTESIAN_POINT('',(0.195693140776,207.75721658323));
#7229 = CARTESIAN_POINT('',(0.211385973938,207.68803840323));
#7230 = CARTESIAN_POINT('',(0.220334535524,207.6464673956));
#7231 = CARTESIAN_POINT('',(0.228965136165,207.60447163892));
#7232 = CARTESIAN_POINT('',(0.23731302093,207.56211909721));
#7233 = CARTESIAN_POINT('',(0.245406065497,207.51946220401));
#7234 = CARTESIAN_POINT('',(0.253267801425,207.47654153841));
#7235 = CARTESIAN_POINT('',(0.26091892103,207.43338760203));
#7236 = CARTESIAN_POINT('',(0.290546475912,207.26111666527));
#7237 = CARTESIAN_POINT('',(0.310998607589,207.13041563608));
#7238 = CARTESIAN_POINT('',(0.330203559772,206.99849496392));
#7239 = CARTESIAN_POINT('',(0.348375248082,206.86566589542));
#7240 = CARTESIAN_POINT('',(0.365693921301,206.73216421907));
#7241 = CARTESIAN_POINT('',(0.382275595087,206.59812160569));
#7242 = CARTESIAN_POINT('',(0.398222759942,206.46361228163));
#7243 = CARTESIAN_POINT('',(0.44731123991,206.0332237135));
#7244 = CARTESIAN_POINT('',(0.478318349565,205.73593961559));
#7245 = CARTESIAN_POINT('',(0.507447120504,205.43742277074));
#7246 = CARTESIAN_POINT('',(0.535038593331,205.13799893457));
#7247 = CARTESIAN_POINT('',(0.561387694493,204.83791751624));
#7248 = CARTESIAN_POINT('',(0.58667112467,204.53730938266));
#7249 = CARTESIAN_POINT('',(0.611046534551,204.23624507279));
#7250 = CARTESIAN_POINT('',(0.665307502446,203.54259377538));
#7251 = CARTESIAN_POINT('',(0.694638450714,203.14981733782));
#7252 = CARTESIAN_POINT('',(0.72288252144,202.75653385491));
#7253 = CARTESIAN_POINT('',(0.75020679664,202.36284314245));
#7254 = CARTESIAN_POINT('',(0.776737657377,201.96881951785));
#7255 = CARTESIAN_POINT('',(0.802577031238,201.57451728402));
#7256 = CARTESIAN_POINT('',(0.827805624353,201.17997179143));
#7257 = CARTESIAN_POINT('',(0.882233371016,200.30961469633));
#7258 = CARTESIAN_POINT('',(0.911186852828,199.83372051814));
#7259 = CARTESIAN_POINT('',(0.939471308017,199.3575719615));
#7260 = CARTESIAN_POINT('',(0.967177253072,198.88120996392));
#7261 = CARTESIAN_POINT('',(0.994377069043,198.40466711631));
#7262 = CARTESIAN_POINT('',(1.021131631851,197.92796919126));
#7263 = CARTESIAN_POINT('',(1.04749384111,197.4511359288));
#7264 = CARTESIAN_POINT('',(1.127518675485,195.98398505163));
#7265 = CARTESIAN_POINT('',(1.18003185213,194.9932898293));
#7266 = CARTESIAN_POINT('',(1.231456428001,194.00222822697));
#7267 = CARTESIAN_POINT('',(1.282077443181,193.01090514728));
#7268 = CARTESIAN_POINT('',(1.33212707727,192.0194062172));
#7269 = CARTESIAN_POINT('',(1.381809690577,191.02780051461));
#7270 = CARTESIAN_POINT('',(1.431309822051,190.03614096626));
#7271 = CARTESIAN_POINT('',(1.532199356621,188.0149848888));
#7272 = CARTESIAN_POINT('',(1.583587066295,186.98551910762));
#7273 = CARTESIAN_POINT('',(1.635179083548,185.95611335545));
#7274 = CARTESIAN_POINT('',(1.687173701435,184.92682553486));
#7275 = CARTESIAN_POINT('',(1.739781841489,183.89772767685));
#7276 = CARTESIAN_POINT('',(1.793236988254,182.8689062612));
#7277 = CARTESIAN_POINT('',(1.847817106479,181.84046353169));
#7278 = CARTESIAN_POINT('',(1.929007458789,180.35232388399));
#7279 = CARTESIAN_POINT('',(1.954416039704,179.89223075033));
#7280 = CARTESIAN_POINT('',(1.980159417189,179.43225312054));
#7281 = CARTESIAN_POINT('',(2.006275660569,178.97240554908));
#7282 = CARTESIAN_POINT('',(2.032807681421,178.51270611235));
#7283 = CARTESIAN_POINT('',(2.05980495452,178.05317670051));
#7284 = CARTESIAN_POINT('',(2.087326381807,177.59384352048));
#7285 = CARTESIAN_POINT('',(2.140218570357,176.73022672809));
#7286 = CARTESIAN_POINT('',(2.165455560327,176.32589795365));
#7287 = CARTESIAN_POINT('',(2.19120518312,175.92176885062));
#7288 = CARTESIAN_POINT('',(2.217525029818,175.51786530723));
#7289 = CARTESIAN_POINT('',(2.244483961662,175.11422276902));
#7290 = CARTESIAN_POINT('',(2.272164885211,174.71088699975));
#7291 = CARTESIAN_POINT('',(2.300671787496,174.307916011));
#7292 = CARTESIAN_POINT('',(2.346970467623,173.6756139905));
#7293 = CARTESIAN_POINT('',(2.364109848849,173.44598977041));
#7294 = CARTESIAN_POINT('',(2.381590492894,173.21652488067));
#7295 = CARTESIAN_POINT('',(2.399442853771,172.9872368854));
#7296 = CARTESIAN_POINT('',(2.417702009688,172.75814811204));
#7297 = CARTESIAN_POINT('',(2.436409379083,172.52928630541));
#7298 = CARTESIAN_POINT('',(2.45561574221,172.30068579692));
#7299 = CARTESIAN_POINT('',(2.492156158632,171.87872694423));
#7300 = CARTESIAN_POINT('',(2.509331607195,171.68529051959));
#7301 = CARTESIAN_POINT('',(2.526951914058,171.49210075354));
#7302 = CARTESIAN_POINT('',(2.545063497798,171.2991892946));
#7303 = CARTESIAN_POINT('',(2.563722698618,171.10660049209));
#7304 = CARTESIAN_POINT('',(2.582998041729,170.91439255494));
#7305 = CARTESIAN_POINT('',(2.602976926525,170.72264099658));
#7306 = CARTESIAN_POINT('',(2.643128228253,170.35366742779));
#7307 = CARTESIAN_POINT('',(2.66317979074,170.17645419638));
#7308 = CARTESIAN_POINT('',(2.684041973509,169.99980967352));
#7309 = CARTESIAN_POINT('',(2.705848331162,169.82382292113));
#7310 = CARTESIAN_POINT('',(2.728748454678,169.6486564594));
#7311 = CARTESIAN_POINT('',(2.752980731896,169.474608881));
#7312 = CARTESIAN_POINT('',(2.778823607516,169.30207250132));
#7313 = CARTESIAN_POINT('',(2.820539464876,169.0491523753));
#7314 = CARTESIAN_POINT('',(2.834681822192,168.96714234569));
#7315 = CARTESIAN_POINT('',(2.849418704941,168.88576642674));
#7316 = CARTESIAN_POINT('',(2.864846170632,168.80512930473));
#7317 = CARTESIAN_POINT('',(2.881069552526,168.72541754913));
#7318 = CARTESIAN_POINT('',(2.898243048022,168.64695521797));
#7319 = CARTESIAN_POINT('',(2.916546732256,168.5701704726));
#7320 = CARTESIAN_POINT('',(2.947282703645,168.45485673572));
#7321 = CARTESIAN_POINT('',(2.958632529015,168.4147382265));
#7322 = CARTESIAN_POINT('',(2.970495558967,168.37550786993));
#7323 = CARTESIAN_POINT('',(2.982951250911,168.3373255517));
#7324 = CARTESIAN_POINT('',(2.996084560832,168.30049807284));
#7325 = CARTESIAN_POINT('',(3.009983777319,168.26547182631));
#7326 = CARTESIAN_POINT('',(3.024751911738,168.23285661275));
#7327 = CARTESIAN_POINT('',(3.047384600883,168.19088096514));
#7328 = CARTESIAN_POINT('',(3.054398419702,168.17884821194));
#7329 = CARTESIAN_POINT('',(3.061607123907,168.16752344944));
#7330 = CARTESIAN_POINT('',(3.069015466555,168.15700160309));
#7331 = CARTESIAN_POINT('',(3.076623460393,168.14739386668));
#7332 = CARTESIAN_POINT('',(3.084425306807,168.13882230698));
#7333 = CARTESIAN_POINT('',(3.092407587572,168.13141068805));
#7334 = CARTESIAN_POINT('',(3.110507120078,168.11775859809));
#7335 = CARTESIAN_POINT('',(3.120726077376,168.1121333163));
#7336 = CARTESIAN_POINT('',(3.13111659644,168.10865140029));
#7337 = CARTESIAN_POINT('',(3.14159265359,168.10747265227));
#7338 = CARTESIAN_POINT('',(3.15206871074,168.10865140029));
#7339 = CARTESIAN_POINT('',(3.162459229804,168.1121333163));
#7340 = CARTESIAN_POINT('',(3.172678187101,168.11775859809));
#7341 = CARTESIAN_POINT('',(3.19125125829,168.13176786814));
#7342 = CARTESIAN_POINT('',(3.199687540337,168.13968849615));
#7343 = CARTESIAN_POINT('',(3.207920175894,168.14890002846));
#7344 = CARTESIAN_POINT('',(3.215934296768,168.15925563109));
#7345 = CARTESIAN_POINT('',(3.223724153939,168.17061143684));
#7346 = CARTESIAN_POINT('',(3.23129082627,168.18283800417));
#7347 = CARTESIAN_POINT('',(3.238640908534,168.19582680476));
#7348 = CARTESIAN_POINT('',(3.254653337446,168.22644969154));
#7349 = CARTESIAN_POINT('',(3.263199841043,168.24443904907));
#7350 = CARTESIAN_POINT('',(3.271449308209,168.2632956035));
#7351 = CARTESIAN_POINT('',(3.279422448346,168.2828839063));
#7352 = CARTESIAN_POINT('',(3.287138542812,168.30309357066));
#7353 = CARTESIAN_POINT('',(3.294616451817,168.32383681435));
#7354 = CARTESIAN_POINT('',(3.301875147017,168.34504724385));
#7355 = CARTESIAN_POINT('',(3.318736260785,168.39672167813));
#7356 = CARTESIAN_POINT('',(3.328145936136,168.42755595061));
#7357 = CARTESIAN_POINT('',(3.337209503321,168.45904376207));
#7358 = CARTESIAN_POINT('',(3.34596245908,168.491077786));
#7359 = CARTESIAN_POINT('',(3.354433609959,168.5235745941));
#7360 = CARTESIAN_POINT('',(3.362648065799,168.55646961488));
#7361 = CARTESIAN_POINT('',(3.370628706198,168.58971476169));
#7362 = CARTESIAN_POINT('',(3.389498198003,168.67125220117));
#7363 = CARTESIAN_POINT('',(3.400160269059,168.71985702183));
#7364 = CARTESIAN_POINT('',(3.410439347302,168.76898310347));
#7365 = CARTESIAN_POINT('',(3.420377952473,168.81854645178));
#7366 = CARTESIAN_POINT('',(3.430009687317,168.86848230542));
#7367 = CARTESIAN_POINT('',(3.439362941457,168.91874062456));
#7368 = CARTESIAN_POINT('',(3.448462721692,168.96928392968));
#7369 = CARTESIAN_POINT('',(3.4839421349,169.17254323101));
#7370 = CARTESIAN_POINT('',(3.508447106392,169.32723268215));
#7371 = CARTESIAN_POINT('',(3.531430604289,169.48343051613));
#7372 = CARTESIAN_POINT('',(3.553153420627,169.64074731807));
#7373 = CARTESIAN_POINT('',(3.573837865412,169.79888726013));
#7374 = CARTESIAN_POINT('',(3.593625239861,169.95768752124));
#7375 = CARTESIAN_POINT('',(3.612641525348,170.11705821497));
#7376 = CARTESIAN_POINT('',(3.649964650529,170.44245225899));
#7377 = CARTESIAN_POINT('',(3.66821467716,170.60842803704));
#7378 = CARTESIAN_POINT('',(3.685839510843,170.77483160366));
#7379 = CARTESIAN_POINT('',(3.70291476506,170.94159412673));
#7380 = CARTESIAN_POINT('',(3.719498981712,171.10866283722));
#7381 = CARTESIAN_POINT('',(3.735640448474,171.27599719266));
#7382 = CARTESIAN_POINT('',(3.751380571682,171.44356702969));
#7383 = CARTESIAN_POINT('',(3.785253464037,171.81326064758));
#7384 = CARTESIAN_POINT('',(3.803221206754,172.01547217393));
#7385 = CARTESIAN_POINT('',(3.820717064557,172.21794497545));
#7386 = CARTESIAN_POINT('',(3.83778837893,172.42064497701));
#7387 = CARTESIAN_POINT('',(3.854473800654,172.62354463919));
#7388 = CARTESIAN_POINT('',(3.870806084969,172.82662177789));
#7389 = CARTESIAN_POINT('',(3.88681368243,173.02985890222));
#7390 = CARTESIAN_POINT('',(3.943520393923,173.76411255112));
#7391 = CARTESIAN_POINT('',(3.982472856924,174.29595365941));
#7392 = CARTESIAN_POINT('',(4.019815608854,174.82853397515));
#7393 = CARTESIAN_POINT('',(4.055816923112,175.36169338271));
#7394 = CARTESIAN_POINT('',(4.090676297761,175.89531449356));
#7395 = CARTESIAN_POINT('',(4.124554026026,176.42931425732));
#7396 = CARTESIAN_POINT('',(4.157573901093,176.96364332691));
#7397 = CARTESIAN_POINT('',(4.228583098717,178.14014030889));
#7398 = CARTESIAN_POINT('',(4.266238408199,178.78240641697));
#7399 = CARTESIAN_POINT('',(4.302989168903,179.42500477235));
#7400 = CARTESIAN_POINT('',(4.338970340741,180.06787665072));
#7401 = CARTESIAN_POINT('',(4.374291490157,180.71097474101));
#7402 = CARTESIAN_POINT('',(4.40904558626,181.35426181581));
#7403 = CARTESIAN_POINT('',(4.443312608516,181.99771021479));
#7404 = CARTESIAN_POINT('',(4.519239304303,183.44123838396));
#7405 = CARTESIAN_POINT('',(4.560672055964,184.24138409308));
#7406 = CARTESIAN_POINT('',(4.601599035533,185.0416945778));
#7407 = CARTESIAN_POINT('',(4.64213608012,185.84213036913));
#7408 = CARTESIAN_POINT('',(4.682386239998,186.64265581213));
#7409 = CARTESIAN_POINT('',(4.722446059158,187.44323879923));
#7410 = CARTESIAN_POINT('',(4.762410183635,188.24385063003));
#7411 = CARTESIAN_POINT('',(4.849330969792,189.98516578179));
#7412 = CARTESIAN_POINT('',(4.896286864456,190.9258544829));
#7413 = CARTESIAN_POINT('',(4.943398365879,191.8664970396));
#7414 = CARTESIAN_POINT('',(4.990823200555,192.80704743252));
#7415 = CARTESIAN_POINT('',(5.038733862638,193.74744765634));
#7416 = CARTESIAN_POINT('',(5.08732479639,194.68762730667));
#7417 = CARTESIAN_POINT('',(5.136830860955,195.6275016662));
#7418 = CARTESIAN_POINT('',(5.21051487854,196.99168012021));
#7419 = CARTESIAN_POINT('',(5.233707988055,197.41630730173));
#7420 = CARTESIAN_POINT('',(5.257183664718,197.84083804691));
#7421 = CARTESIAN_POINT('',(5.280975574352,198.26525978141));
#7422 = CARTESIAN_POINT('',(5.305121819862,198.6895569387));
#7423 = CARTESIAN_POINT('',(5.329666517324,199.1137106341));
#7424 = CARTESIAN_POINT('',(5.354662443603,199.53769810323));
#7425 = CARTESIAN_POINT('',(5.402477168439,200.33196496965));
#7426 = CARTESIAN_POINT('',(5.425174063496,200.70228541943));
#7427 = CARTESIAN_POINT('',(5.448308746597,201.07243836476));
#7428 = CARTESIAN_POINT('',(5.471933017379,201.44240129794));
#7429 = CARTESIAN_POINT('',(5.496107278079,201.81214412711));
#7430 = CARTESIAN_POINT('',(5.52090455529,202.18162798152));
#7431 = CARTESIAN_POINT('',(5.546418434607,202.55080278817));
#7432 = CARTESIAN_POINT('',(5.587457565443,203.12505508964));
#7433 = CARTESIAN_POINT('',(5.602401617326,203.33038815605));
#7434 = CARTESIAN_POINT('',(5.61762889226,203.53559224606));
#7435 = CARTESIAN_POINT('',(5.633164697364,203.74065322853));
#7436 = CARTESIAN_POINT('',(5.649038173806,203.94555328496));
#7437 = CARTESIAN_POINT('',(5.665283690534,204.15027035629));
#7438 = CARTESIAN_POINT('',(5.681943276329,204.35477716538));
#7439 = CARTESIAN_POINT('',(5.713424168952,204.73023348833));
#7440 = CARTESIAN_POINT('',(5.728106152049,204.90125079697));
#7441 = CARTESIAN_POINT('',(5.743147273091,205.07207547016));
#7442 = CARTESIAN_POINT('',(5.758585156475,205.24268276289));
#7443 = CARTESIAN_POINT('',(5.774463769722,205.41303955903));
#7444 = CARTESIAN_POINT('',(5.790836499468,205.58310279917));
#7445 = CARTESIAN_POINT('',(5.807772351132,205.75281623362));
#7446 = CARTESIAN_POINT('',(5.842419887175,206.08621487416));
#7447 = CARTESIAN_POINT('',(5.860085252024,206.24985799878));
#7448 = CARTESIAN_POINT('',(5.878451864842,206.41303144525));
#7449 = CARTESIAN_POINT('',(5.897635723858,206.57566111492));
#7450 = CARTESIAN_POINT('',(5.917767272748,206.73761362104));
#7451 = CARTESIAN_POINT('',(5.939055339847,206.89864311273));
#7452 = CARTESIAN_POINT('',(5.961744508007,207.05842705133));
#7453 = CARTESIAN_POINT('',(5.998081775604,207.29125668135));
#7454 = CARTESIAN_POINT('',(6.010202011565,207.36567530181));
#7455 = CARTESIAN_POINT('',(6.022817715434,207.43959407213));
#7456 = CARTESIAN_POINT('',(6.036006984765,207.51293100864));
#7457 = CARTESIAN_POINT('',(6.04985703087,207.58554302117));
#7458 = CARTESIAN_POINT('',(6.064494822325,207.65718556229));
#7459 = CARTESIAN_POINT('',(6.080071483582,207.72753404975));
#7460 = CARTESIAN_POINT('',(6.106182169736,207.83378823659));
#7461 = CARTESIAN_POINT('',(6.115824231084,207.87090827207));
#7462 = CARTESIAN_POINT('',(6.125892803033,207.90734734537));
#7463 = CARTESIAN_POINT('',(6.136453269875,207.94298956817));
#7464 = CARTESIAN_POINT('',(6.147579925812,207.97760530514));
#7465 = CARTESIAN_POINT('',(6.159353176561,208.01085885731));
#7466 = CARTESIAN_POINT('',(6.171871573349,208.0422851556));
#7467 = CARTESIAN_POINT('',(6.195603020945,208.09330880066));
#7468 = CARTESIAN_POINT('',(6.206451355846,208.11398255446));
#7469 = CARTESIAN_POINT('',(6.217910204846,208.13281889701));
#7470 = CARTESIAN_POINT('',(6.230001263067,208.14923230655));
#7471 = CARTESIAN_POINT('',(6.242700560273,208.16249816229));
#7472 = CARTESIAN_POINT('',(6.255931055578,208.17181467599));
#7473 = CARTESIAN_POINT('',(6.269532596079,208.17650415798));
#7474 = CARTESIAN_POINT('',(6.28318530718,208.17650415798));
#7475 = ( GEOMETRIC_REPRESENTATION_CONTEXT(2) 
PARAMETRIC_REPRESENTATION_CONTEXT() REPRESENTATION_CONTEXT('2D SPACE',''
  ) );
#7476 = FACE_BOUND('',#7477,.F.);
#7477 = EDGE_LOOP('',(#7478));
#7478 = ORIENTED_EDGE('',*,*,#7479,.F.);
#7479 = EDGE_CURVE('',#7480,#7480,#7482,.T.);
#7480 = VERTEX_POINT('',#7481);
#7481 = CARTESIAN_POINT('',(5.816019008188E-15,43.01,-0.103528498001));
#7482 = SURFACE_CURVE('',#7483,(#7752,#8024),.PCURVE_S1.);
#7483 = B_SPLINE_CURVE_WITH_KNOTS('',8,(#7484,#7485,#7486,#7487,#7488,
    #7489,#7490,#7491,#7492,#7493,#7494,#7495,#7496,#7497,#7498,#7499,
    #7500,#7501,#7502,#7503,#7504,#7505,#7506,#7507,#7508,#7509,#7510,
    #7511,#7512,#7513,#7514,#7515,#7516,#7517,#7518,#7519,#7520,#7521,
    #7522,#7523,#7524,#7525,#7526,#7527,#7528,#7529,#7530,#7531,#7532,
    #7533,#7534,#7535,#7536,#7537,#7538,#7539,#7540,#7541,#7542,#7543,
    #7544,#7545,#7546,#7547,#7548,#7549,#7550,#7551,#7552,#7553,#7554,
    #7555,#7556,#7557,#7558,#7559,#7560,#7561,#7562,#7563,#7564,#7565,
    #7566,#7567,#7568,#7569,#7570,#7571,#7572,#7573,#7574,#7575,#7576,
    #7577,#7578,#7579,#7580,#7581,#7582,#7583,#7584,#7585,#7586,#7587,
    #7588,#7589,#7590,#7591,#7592,#7593,#7594,#7595,#7596,#7597,#7598,
    #7599,#7600,#7601,#7602,#7603,#7604,#7605,#7606,#7607,#7608,#7609,
    #7610,#7611,#7612,#7613,#7614,#7615,#7616,#7617,#7618,#7619,#7620,
    #7621,#7622,#7623,#7624,#7625,#7626,#7627,#7628,#7629,#7630,#7631,
    #7632,#7633,#7634,#7635,#7636,#7637,#7638,#7639,#7640,#7641,#7642,
    #7643,#7644,#7645,#7646,#7647,#7648,#7649,#7650,#7651,#7652,#7653,
    #7654,#7655,#7656,#7657,#7658,#7659,#7660,#7661,#7662,#7663,#7664,
    #7665,#7666,#7667,#7668,#7669,#7670,#7671,#7672,#7673,#7674,#7675,
    #7676,#7677,#7678,#7679,#7680,#7681,#7682,#7683,#7684,#7685,#7686,
    #7687,#7688,#7689,#7690,#7691,#7692,#7693,#7694,#7695,#7696,#7697,
    #7698,#7699,#7700,#7701,#7702,#7703,#7704,#7705,#7706,#7707,#7708,
    #7709,#7710,#7711,#7712,#7713,#7714,#7715,#7716,#7717,#7718,#7719,
    #7720,#7721,#7722,#7723,#7724,#7725,#7726,#7727,#7728,#7729,#7730,
    #7731,#7732,#7733,#7734,#7735,#7736,#7737,#7738,#7739,#7740,#7741,
    #7742,#7743,#7744,#7745,#7746,#7747,#7748,#7749,#7750,#7751),
  .UNSPECIFIED.,.T.,.F.,(9,7,7,7,7,7,7,7,7,7,7,7,7,7,7,7,7,7,7,7,7,7,7,7
    ,7,7,7,7,7,7,7,7,7,7,7,7,7,7,9),(0.,3.037556755982E-03,
    5.386647379919E-03,8.517965135853E-03,1.308974939062E-02,
    2.66789465012E-02,5.64231720118E-02,9.510508002602E-02,
    0.141706175116,0.238453737978,0.338889658479,0.383853631569,
    0.423470706652,0.446084692366,0.46526796137,0.483105381052,
    0.491760936504,0.496530569877,0.498591204614,0.501112941325,
    0.503293464801,0.50599945729,0.509757338639,0.515128533411,
    0.531246881528,0.547921582133,0.567987386008,0.620362764872,
    0.683242301906,0.761397048137,0.853226603087,0.894740989426,
    0.93103213353,0.951249194515,0.968193226746,0.98461880744,
    0.992409471424,0.996706660044,1.),.UNSPECIFIED.);
#7484 = CARTESIAN_POINT('',(6.217248937901E-15,43.01,-0.103528498001));
#7485 = CARTESIAN_POINT('',(-5.409313729342E-02,43.01,-0.103528498001));
#7486 = CARTESIAN_POINT('',(-0.107579413278,43.010786963155,
    -9.945241458702E-02));
#7487 = CARTESIAN_POINT('',(-0.159629528241,43.012329427395,
    -9.146318623873E-02));
#7488 = CARTESIAN_POINT('',(-0.209807679096,43.014531322128,
    -8.005891664469E-02));
#7489 = CARTESIAN_POINT('',(-0.257873432949,43.017281646174,
    -6.581529673062E-02));
#7490 = CARTESIAN_POINT('',(-0.30370148503,43.020473174471,
    -4.928841683364E-02));
#7491 = CARTESIAN_POINT('',(-0.347261906997,43.02400747117,
    -3.098861860186E-02));
#7492 = CARTESIAN_POINT('',(-0.420574953071,43.030739130628,
    3.862263213732E-03));
#7493 = CARTESIAN_POINT('',(-0.45132946517,43.033841369987,
    1.992175300869E-02));
#7494 = CARTESIAN_POINT('',(-0.480965178578,43.037082987906,
    3.670126806921E-02));
#7495 = CARTESIAN_POINT('',(-0.509565727239,43.040441826715,
    5.408588438185E-02));
#7496 = CARTESIAN_POINT('',(-0.537207047223,43.043900008571,
    7.198287822023E-02));
#7497 = CARTESIAN_POINT('',(-0.563961949418,43.04744342057,
    9.031905164454E-02));
#7498 = CARTESIAN_POINT('',(-0.589902446058,43.05106146445,
    0.109039424317));
#7499 = CARTESIAN_POINT('',(-0.64868773029,43.059659952819,
    0.153524596051));
#7500 = CARTESIAN_POINT('',(-0.680933176031,43.064689590634,
    0.179542311414));
#7501 = CARTESIAN_POINT('',(-0.711989853745,43.069816306095,
    0.206058329951));
#7502 = CARTESIAN_POINT('',(-0.74197582707,43.075024814293,
    0.232993344146));
#7503 = CARTESIAN_POINT('',(-0.770987410075,43.080303166182,
    0.260285357374));
#7504 = CARTESIAN_POINT('',(-0.799108413964,43.085642051464,
    0.287886060831));
#7505 = CARTESIAN_POINT('',(-0.826414768234,43.091034461849,
    0.315759076746));
#7506 = CARTESIAN_POINT('',(-0.891752260209,43.104420048624,
    0.38493725675));
#7507 = CARTESIAN_POINT('',(-0.928925257942,43.112465638269,
    0.426508264376));
#7508 = CARTESIAN_POINT('',(-0.964696314036,43.12059532929,
    0.468504021062));
#7509 = CARTESIAN_POINT('',(-0.999217357263,43.128796030827,
    0.510856562772));
#7510 = CARTESIAN_POINT('',(-1.032608766903,43.137057642781,
    0.553513455974));
#7511 = CARTESIAN_POINT('',(-1.064972225505,43.145372349525,
    0.596434121572));
#7512 = CARTESIAN_POINT('',(-1.096397098148,43.153734280016,
    0.639588057948));
#7513 = CARTESIAN_POINT('',(-1.217806683995,43.187123359286,
    0.811858994711));
#7514 = CARTESIAN_POINT('',(-1.300983701345,43.212473557844,
    0.942560023892));
#7515 = CARTESIAN_POINT('',(-1.378520289888,43.238079109675,
    1.074480696078));
#7516 = CARTESIAN_POINT('',(-1.451348803189,43.263880141495,
    1.207309764544));
#7517 = CARTESIAN_POINT('',(-1.520254582704,43.289831246634,
    1.340811440916));
#7518 = CARTESIAN_POINT('',(-1.585745517215,43.315907084579,
    1.474854054284));
#7519 = CARTESIAN_POINT('',(-1.648268348701,43.342093442367,
    1.609363378345));
#7520 = CARTESIAN_POINT('',(-1.839301615734,43.425945188902,
    2.039751946479));
#7521 = CARTESIAN_POINT('',(-1.957753010387,43.483959441226,
    2.337036044379));
#7522 = CARTESIAN_POINT('',(-2.067068978424,43.54231094438,
    2.635552889254));
#7523 = CARTESIAN_POINT('',(-2.168763999287,43.600937229734,
    2.934976725384));
#7524 = CARTESIAN_POINT('',(-2.264143864205,43.659790345277,
    3.23505814375));
#7525 = CARTESIAN_POINT('',(-2.353997725324,43.718845164728,
    3.535666277311));
#7526 = CARTESIAN_POINT('',(-2.439024373997,43.77808832616,
    3.836730587191));
#7527 = CARTESIAN_POINT('',(-2.624731394851,43.914812375463,
    4.530381884597));
#7528 = CARTESIAN_POINT('',(-2.722406503472,43.992399005982,
    4.923158322155));
#7529 = CARTESIAN_POINT('',(-2.813916501404,44.070253896466,
    5.316441805067));
#7530 = CARTESIAN_POINT('',(-2.900008232463,44.148358008352,
    5.71013251753));
#7531 = CARTESIAN_POINT('',(-2.981245993997,44.22669713757,
    6.104156142123));
#7532 = CARTESIAN_POINT('',(-3.058082811234,44.305260912948,
    6.49845837596));
#7533 = CARTESIAN_POINT('',(-3.130874843972,44.384042640168,
    6.893003868544));
#7534 = CARTESIAN_POINT('',(-3.283107146437,44.558207239712,
    7.763360963652));
#7535 = CARTESIAN_POINT('',(-3.360854349486,44.653683192447,
    8.239255141839));
#7536 = CARTESIAN_POINT('',(-3.433682564203,44.749456769024,
    8.715403698479));
#7537 = CARTESIAN_POINT('',(-3.501981773608,44.845520184809,
    9.191765696054));
#7538 = CARTESIAN_POINT('',(-3.566057161909,44.941867221085,
    9.668308543664));
#7539 = CARTESIAN_POINT('',(-3.626158446244,45.038492953824,
    10.145006468716));
#7540 = CARTESIAN_POINT('',(-3.682495388206,45.135393624085,
    10.621839731177));
#7541 = CARTESIAN_POINT('',(-3.844740406242,45.434305545235,
    12.088990608348));
#7542 = CARTESIAN_POINT('',(-3.938755363529,45.637213259126,
    13.079685830678));
#7543 = CARTESIAN_POINT('',(-4.018829688752,45.841264613761,
    14.070747433016));
#7544 = CARTESIAN_POINT('',(-4.08588604513,46.04643932425,
    15.062070512694));
#7545 = CARTESIAN_POINT('',(-4.140528233611,46.252720481269,
    16.053569442775));
#7546 = CARTESIAN_POINT('',(-4.183140804559,46.460094157285,
    17.045175145378));
#7547 = CARTESIAN_POINT('',(-4.213899146492,46.668549454841,
    18.036834693719));
#7548 = CARTESIAN_POINT('',(-4.25243104751,47.095595153313,
    20.057990771176));
#7549 = CARTESIAN_POINT('',(-4.259282860184,47.314262220525,
    21.087456552363));
#7550 = CARTESIAN_POINT('',(-4.253357586137,47.534070011053,
    22.116862304526));
#7551 = CARTESIAN_POINT('',(-4.234445809821,47.755005952593,
    23.146150125118));
#7552 = CARTESIAN_POINT('',(-4.202121118647,47.977054071653,
    24.175247983125));
#7553 = CARTESIAN_POINT('',(-4.155732674915,48.200194795654,
    25.204069398782));
#7554 = CARTESIAN_POINT('',(-4.0943221254,48.424404520216,
    26.232512128288));
#7555 = CARTESIAN_POINT('',(-3.981495581276,48.750496351715,
    27.72065177599));
#7556 = CARTESIAN_POINT('',(-3.943292755644,48.851545751257,
    28.180744909653));
#7557 = CARTESIAN_POINT('',(-3.901643482621,48.952800150724,
    28.64072253944));
#7558 = CARTESIAN_POINT('',(-3.856389747793,49.054256146178,
    29.100570110899));
#7559 = CARTESIAN_POINT('',(-3.807347618395,49.15590951661,
    29.560269547629));
#7560 = CARTESIAN_POINT('',(-3.75429962906,49.257755143565,
    30.019798959464));
#7561 = CARTESIAN_POINT('',(-3.696981955257,49.359786881402,
    30.479132139499));
#7562 = CARTESIAN_POINT('',(-3.580513494742,49.552053497472,
    31.342748931885));
#7563 = CARTESIAN_POINT('',(-3.522391947565,49.642247115664,
    31.74707770633));
#7564 = CARTESIAN_POINT('',(-3.460475927258,49.7325740858,
    32.151206809362));
#7565 = CARTESIAN_POINT('',(-3.394501810453,49.823028321692,
    32.555110352753));
#7566 = CARTESIAN_POINT('',(-3.324152265566,49.913601531866,
    32.958752890958));
#7567 = CARTESIAN_POINT('',(-3.249043808718,50.004283015949,
    33.362088660228));
#7568 = CARTESIAN_POINT('',(-3.168695462975,50.09505918811,
    33.765059648978));
#7569 = CARTESIAN_POINT('',(-3.033229576422,50.23777284069,
    34.397361669484));
#7570 = CARTESIAN_POINT('',(-2.982084037549,50.289657606911,
    34.626985889566));
#7571 = CARTESIAN_POINT('',(-2.928898881792,50.341563742613,
    34.856450779304));
#7572 = CARTESIAN_POINT('',(-2.873534047279,50.39348713669,
    35.085738774582));
#7573 = CARTESIAN_POINT('',(-2.815828267151,50.445422575867,
    35.314827547939));
#7574 = CARTESIAN_POINT('',(-2.755591537668,50.497363585575,
    35.543689354572));
#7575 = CARTESIAN_POINT('',(-2.692591876948,50.549302150983,
    35.772289863061));
#7576 = CARTESIAN_POINT('',(-2.570502002839,50.645276883849,
    36.19424871575));
#7577 = CARTESIAN_POINT('',(-2.512270676014,50.689314905259,
    36.387685140386));
#7578 = CARTESIAN_POINT('',(-2.451661301831,50.733337475863,
    36.580874906442));
#7579 = CARTESIAN_POINT('',(-2.388463492713,50.777337207095,
    36.773786365376));
#7580 = CARTESIAN_POINT('',(-2.322422417077,50.821303775343,
    36.966375167886));
#7581 = CARTESIAN_POINT('',(-2.253228949936,50.865223637868,
    37.158583105043));
#7582 = CARTESIAN_POINT('',(-2.180490665058,50.90907921787,
    37.350334663392));
#7583 = CARTESIAN_POINT('',(-2.032218056596,50.993543873591,
    37.719308232182));
#7584 = CARTESIAN_POINT('',(-1.95727080283,51.034145552613,
    37.896521463637));
#7585 = CARTESIAN_POINT('',(-1.87835689051,51.074651061255,
    38.073165986389));
#7586 = CARTESIAN_POINT('',(-1.794885567658,51.115039614545,
    38.249152738923));
#7587 = CARTESIAN_POINT('',(-1.706190547729,51.155273511106,
    38.424319200534));
#7588 = CARTESIAN_POINT('',(-1.611218850483,51.195283530771,
    38.598366778999));
#7589 = CARTESIAN_POINT('',(-1.508739203439,51.234978611782,
    38.770903158656));
#7590 = CARTESIAN_POINT('',(-1.341283925265,51.293213675996,
    39.023823284675));
#7591 = CARTESIAN_POINT('',(-1.284217474633,51.312103982983,
    39.1058333143));
#7592 = CARTESIAN_POINT('',(-1.224444722808,51.330855522068,
    39.187209233216));
#7593 = CARTESIAN_POINT('',(-1.161548819455,51.34944398463,
    39.267846355265));
#7594 = CARTESIAN_POINT('',(-1.095069895418,51.367826149097,
    39.347558110842));
#7595 = CARTESIAN_POINT('',(-1.024337205562,51.385926962145,
    39.426020442012));
#7596 = CARTESIAN_POINT('',(-0.948567729839,51.403647199359,
    39.502805187382));
#7597 = CARTESIAN_POINT('',(-0.820681181281,51.430268118082,
    39.618118924262));
#7598 = CARTESIAN_POINT('',(-0.773338688185,51.439531561004,
    39.658237433481));
#7599 = CARTESIAN_POINT('',(-0.723734760661,51.448591661942,
    39.697467790047));
#7600 = CARTESIAN_POINT('',(-0.671527762222,51.457411373049,
    39.735650108283));
#7601 = CARTESIAN_POINT('',(-0.616350838886,51.465919674308,
    39.772477587145));
#7602 = CARTESIAN_POINT('',(-0.557822502385,51.474013218879,
    39.80750383367));
#7603 = CARTESIAN_POINT('',(-0.495500393408,51.481550794011,
    39.840119047227));
#7604 = CARTESIAN_POINT('',(-0.399802009879,51.491252826077,
    39.882094694839));
#7605 = CARTESIAN_POINT('',(-0.370122455429,51.494034188386,
    39.894127448034));
#7606 = CARTESIAN_POINT('',(-0.339595905076,51.496652053476,
    39.90545221054));
#7607 = CARTESIAN_POINT('',(-0.308202340392,51.499084446645,
    39.915974056888));
#7608 = CARTESIAN_POINT('',(-0.275942241645,51.50130562804,
    39.925581793297));
#7609 = CARTESIAN_POINT('',(-0.242841335496,51.503287340752,
    39.934153352995));
#7610 = CARTESIAN_POINT('',(-0.208958416305,51.505000935101,
    39.941564971929));
#7611 = CARTESIAN_POINT('',(-0.1321001928,51.508157425534,39.95521706189
    ));
#7612 = CARTESIAN_POINT('',(-8.868644362567E-02,51.509458104492,
    39.960842343679));
#7613 = CARTESIAN_POINT('',(-4.452894964215E-02,51.510263224969,
    39.964324259687));
#7614 = CARTESIAN_POINT('',(-1.124161527755E-13,51.510535791648,
    39.965503007706));
#7615 = CARTESIAN_POINT('',(4.452894964238E-02,51.510263224969,
    39.964324259687));
#7616 = CARTESIAN_POINT('',(8.868644362635E-02,51.509458104492,
    39.960842343679));
#7617 = CARTESIAN_POINT('',(0.1321001928,51.508157425534,39.95521706189)
  );
#7618 = CARTESIAN_POINT('',(0.210969260613,51.504918351735,
    39.941207791836));
#7619 = CARTESIAN_POINT('',(0.246778480146,51.503087074654,
    39.93328716383));
#7620 = CARTESIAN_POINT('',(0.281705056924,51.500957409622,
    39.924075631521));
#7621 = CARTESIAN_POINT('',(0.315683762245,51.498563346919,
    39.913720028893));
#7622 = CARTESIAN_POINT('',(0.348688970874,51.495938190127,
    39.902364223139));
#7623 = CARTESIAN_POINT('',(0.380724739326,51.493111903226,
    39.890137655808));
#7624 = CARTESIAN_POINT('',(0.411818972968,51.490109609975,
    39.877148855215));
#7625 = CARTESIAN_POINT('',(0.479502729306,51.483031769214,
    39.846525968437));
#7626 = CARTESIAN_POINT('',(0.515588663303,51.478874217863,
    39.828536610912));
#7627 = CARTESIAN_POINT('',(0.550379857756,51.474516611748,
    39.809680056479));
#7628 = CARTESIAN_POINT('',(0.583964904801,51.469990312088,
    39.790091753683));
#7629 = CARTESIAN_POINT('',(0.616426635864,51.46532087683,
    39.769882089316));
#7630 = CARTESIAN_POINT('',(0.647846171836,51.460528630523,
    39.749138845627));
#7631 = CARTESIAN_POINT('',(0.678305002438,51.45562894838,
    39.727928416124));
#7632 = CARTESIAN_POINT('',(0.748963729644,51.443693217261,
    39.676253981852));
#7633 = CARTESIAN_POINT('',(0.788318484704,51.436572117003,
    39.645419709366));
#7634 = CARTESIAN_POINT('',(0.826149968924,51.429301135534,
    39.613931897913));
#7635 = CARTESIAN_POINT('',(0.862611196823,51.421905131835,
    39.581897873981));
#7636 = CARTESIAN_POINT('',(0.897826665365,51.41440342874,
    39.549401065878));
#7637 = CARTESIAN_POINT('',(0.931904959457,51.406810982522,
    39.516506045098));
#7638 = CARTESIAN_POINT('',(0.964944886054,51.399138935403,
    39.483260898286));
#7639 = CARTESIAN_POINT('',(1.042902201678,51.380325389058,
    39.401723458808));
#7640 = CARTESIAN_POINT('',(1.086810986602,51.369113057482,
    39.353118638147));
#7641 = CARTESIAN_POINT('',(1.129007865311,51.35778307267,
    39.303992556513));
#7642 = CARTESIAN_POINT('',(1.1696772223,51.346354900813,39.254429208195
    ));
#7643 = CARTESIAN_POINT('',(1.208965160041,51.334843549756,
    39.204493354559));
#7644 = CARTESIAN_POINT('',(1.246995225172,51.323260617156,
    39.154235035419));
#7645 = CARTESIAN_POINT('',(1.283876153737,51.311614794918,
    39.103691730302));
#7646 = CARTESIAN_POINT('',(1.42720985487,51.264792555283,
    38.900432428976));
#7647 = CARTESIAN_POINT('',(1.52513974911,51.229184025922,38.74574297781
    ));
#7648 = CARTESIAN_POINT('',(1.616034427464,51.19325462131,
    38.589545143882));
#7649 = CARTESIAN_POINT('',(1.701043691761,51.157094704477,
    38.432228341865));
#7650 = CARTESIAN_POINT('',(1.781146940088,51.120772844946,
    38.274088399882));
#7651 = CARTESIAN_POINT('',(1.856971318026,51.084326805435,
    38.115288138719));
#7652 = CARTESIAN_POINT('',(1.929072314534,51.047777542843,
    37.955917445013));
#7653 = CARTESIAN_POINT('',(2.069076074587,50.973210172169,
    37.630523400986));
#7654 = CARTESIAN_POINT('',(2.136711928038,50.935204921383,
    37.464547622939));
#7655 = CARTESIAN_POINT('',(2.201251318056,50.897131759272,
    37.298144056319));
#7656 = CARTESIAN_POINT('',(2.263032130679,50.859006697894,
    37.131381533254));
#7657 = CARTESIAN_POINT('',(2.322317305315,50.820842008815,
    36.964312822754));
#7658 = CARTESIAN_POINT('',(2.379324301388,50.782647124587,
    36.796978467319));
#7659 = CARTESIAN_POINT('',(2.434239679948,50.744429078758,
    36.629408630288));
#7660 = CARTESIAN_POINT('',(2.550972187006,50.660179784076,
    36.259715012396));
#7661 = CARTESIAN_POINT('',(2.611919697939,50.614142268565,
    36.057503486055));
#7662 = CARTESIAN_POINT('',(2.670332712541,50.568089812984,
    35.855030684524));
#7663 = CARTESIAN_POINT('',(2.72642641047,50.522030365184,
    35.652330682963));
#7664 = CARTESIAN_POINT('',(2.780377225803,50.475970346637,
    35.449431020788));
#7665 = CARTESIAN_POINT('',(2.832335051781,50.429914932823,
    35.246353882091));
#7666 = CARTESIAN_POINT('',(2.882430196013,50.383868213153,
    35.04311675776));
#7667 = CARTESIAN_POINT('',(3.056963997037,50.217673595891,
    34.30886310886));
#7668 = CARTESIAN_POINT('',(3.171223297903,50.09760076025,
    33.777022000573));
#7669 = CARTESIAN_POINT('',(3.275556623389,49.977669292124,
    33.244441684815));
#7670 = CARTESIAN_POINT('',(3.371207202742,49.857916660327,
    32.711282277269));
#7671 = CARTESIAN_POINT('',(3.459100266757,49.738370250023,
    32.177661166433));
#7672 = CARTESIAN_POINT('',(3.539974798333,49.619049445525,
    31.643661402645));
#7673 = CARTESIAN_POINT('',(3.614396319079,49.499965902421,
    31.109332333072));
#7674 = CARTESIAN_POINT('',(3.765015712742,49.238450218309,
    29.932835351093));
#7675 = CARTESIAN_POINT('',(3.838570498987,49.096133543606,
    29.290569243004));
#7676 = CARTESIAN_POINT('',(3.904320740965,48.954192391043,
    28.647970887632));
#7677 = CARTESIAN_POINT('',(3.962860433063,48.812640520643,
    28.00509900926));
#7678 = CARTESIAN_POINT('',(4.014654598342,48.671488955537,
    27.362000918963));
#7679 = CARTESIAN_POINT('',(4.060078524284,48.530746340821,
    26.718713844174));
#7680 = CARTESIAN_POINT('',(4.099433009812,48.390419111564,
    26.075265445186));
#7681 = CARTESIAN_POINT('',(4.174639290848,48.07661685594,
    24.631737276022));
#7682 = CARTESIAN_POINT('',(4.207317224758,47.903373125526,
    23.831591566896));
#7683 = CARTESIAN_POINT('',(4.231466007875,47.730790645005,
    23.031281082179));
#7684 = CARTESIAN_POINT('',(4.247420666822,47.558878417399,
    22.23084529085));
#7685 = CARTESIAN_POINT('',(4.255415637017,47.387644434845,
    21.430319847845));
#7686 = CARTESIAN_POINT('',(4.255604729166,47.217095764613,
    20.629736860748));
#7687 = CARTESIAN_POINT('',(4.248067885167,47.047238605587,
    19.829125029946));
#7688 = CARTESIAN_POINT('',(4.214870952076,46.679319891375,
    18.087809878191));
#7689 = CARTESIAN_POINT('',(4.186271427661,46.481526907885,
    17.147121177073));
#7690 = CARTESIAN_POINT('',(4.147005608677,46.284706732053,
    16.206478620378));
#7691 = CARTESIAN_POINT('',(4.096929991179,46.088868849371,
    15.265928227463));
#7692 = CARTESIAN_POINT('',(4.035735740606,45.8940249712,14.325528003633
    ));
#7693 = CARTESIAN_POINT('',(3.962937018833,45.700189025731,
    13.38534835331));
#7694 = CARTESIAN_POINT('',(3.877798830108,45.507377434145,
    12.445473993782));
#7695 = CARTESIAN_POINT('',(3.734528368603,45.228915716278,
    11.08129553977));
#7696 = CARTESIAN_POINT('',(3.687158952303,45.142435387817,
    10.656668358253));
#7697 = CARTESIAN_POINT('',(3.636915523571,45.056170922931,
    10.232137613072));
#7698 = CARTESIAN_POINT('',(3.583668247752,44.97012472241,9.807715878572
    ));
#7699 = CARTESIAN_POINT('',(3.527264784671,44.884299761981,
    9.383418721278));
#7700 = CARTESIAN_POINT('',(3.467523382474,44.798699645701,
    8.959265025882));
#7701 = CARTESIAN_POINT('',(3.404221173217,44.713328704221,8.53527755675
    ));
#7702 = CARTESIAN_POINT('',(3.27838200447,44.553767253665,7.741010690328
    ));
#7703 = CARTESIAN_POINT('',(3.216750962255,44.479522404482,
    7.370690240554));
#7704 = CARTESIAN_POINT('',(3.151998526821,44.405460367724,
    7.000537295218));
#7705 = CARTESIAN_POINT('',(3.083898981363,44.331585413534,
    6.630574362035));
#7706 = CARTESIAN_POINT('',(3.012186396269,44.257903279296,6.26083153287
    ));
#7707 = CARTESIAN_POINT('',(2.93653693345,44.184421379163,5.89134767846)
  );
#7708 = CARTESIAN_POINT('',(2.856533967719,44.111149248649,
    5.522172871813));
#7709 = CARTESIAN_POINT('',(2.724309960241,43.99740453596,4.947920570334
    ));
#7710 = CARTESIAN_POINT('',(2.675478815245,43.956779239893,
    4.742587503932));
#7711 = CARTESIAN_POINT('',(2.625025381578,43.916225337912,
    4.537383413922));
#7712 = CARTESIAN_POINT('',(2.572836786025,43.875745522716,
    4.332322431452));
#7713 = CARTESIAN_POINT('',(2.518782930988,43.835343198031,
    4.127422375014));
#7714 = CARTESIAN_POINT('',(2.462710424482,43.795022580148,3.92270530369
    ));
#7715 = CARTESIAN_POINT('',(2.404431999966,43.754788880813,
    3.718198494601));
#7716 = CARTESIAN_POINT('',(2.292821172337,43.681006753073,
    3.342742171646));
#7717 = CARTESIAN_POINT('',(2.240216428818,43.647431488921,3.17172486301
    ));
#7718 = CARTESIAN_POINT('',(2.185758637666,43.613925862495,
    3.000900189823));
#7719 = CARTESIAN_POINT('',(2.129280885953,43.580494603087,
    2.830292897091));
#7720 = CARTESIAN_POINT('',(2.070588097738,43.547144056935,2.65993610095
    ));
#7721 = CARTESIAN_POINT('',(2.009443756215,43.513882480344,
    2.489872860811));
#7722 = CARTESIAN_POINT('',(1.945543155868,43.480720654834,
    2.320159426358));
#7723 = CARTESIAN_POINT('',(1.81345541264,43.415636187463,1.986760785819
    ));
#7724 = CARTESIAN_POINT('',(1.745484758462,43.383719880465,
    1.823117661186));
#7725 = CARTESIAN_POINT('',(1.674167375495,43.351924283938,
    1.659944214761));
#7726 = CARTESIAN_POINT('',(1.598995803298,43.320263559058,
    1.497314545005));
#7727 = CARTESIAN_POINT('',(1.51939652458,43.288763365852,1.335362038978
    ));
#7728 = CARTESIAN_POINT('',(1.43445682062,43.257471036286,1.174332547225
    ));
#7729 = CARTESIAN_POINT('',(1.343106690114,43.226448582559,
    1.014548608655));
#7730 = CARTESIAN_POINT('',(1.195425267987,43.181283677279,
    0.781718978626));
#7731 = CARTESIAN_POINT('',(1.145972233099,43.166853863379,
    0.707300358182));
#7732 = CARTESIAN_POINT('',(1.094296394819,43.152526980205,
    0.633381587818));
#7733 = CARTESIAN_POINT('',(1.040060553511,43.138318784289,
    0.560044651368));
#7734 = CARTESIAN_POINT('',(0.982886720087,43.124256843778,
    0.487432638783));
#7735 = CARTESIAN_POINT('',(0.92222598793,43.110388288004,0.415790097692
    ));
#7736 = CARTESIAN_POINT('',(0.857425270326,43.096775632444,
    0.345441610231));
#7737 = CARTESIAN_POINT('',(0.748374753898,43.0762228193,0.239187423389)
  );
#7738 = CARTESIAN_POINT('',(0.708027466487,43.069044220807,
    0.202067387905));
#7739 = CARTESIAN_POINT('',(0.665815889713,43.06199879965,0.165628314609
    ));
#7740 = CARTESIAN_POINT('',(0.621459662641,43.055108875799,
    0.129986091812));
#7741 = CARTESIAN_POINT('',(0.574639363012,43.048418731145,
    9.537035483606E-02));
#7742 = CARTESIAN_POINT('',(0.525009055627,43.041993093777,
    6.211680267286E-02));
#7743 = CARTESIAN_POINT('',(0.472146189062,43.035921612026,
    3.069050438212E-02));
#7744 = CARTESIAN_POINT('',(0.371770276889,43.026065446624,
    -2.033314068339E-02));
#7745 = CARTESIAN_POINT('',(0.325835224177,43.022072460863,
    -4.100689447706E-02));
#7746 = CARTESIAN_POINT('',(0.277265092187,43.018434811996,
    -5.984323702989E-02));
#7747 = CARTESIAN_POINT('',(0.225966852519,43.015265451335,
    -7.625664657189E-02));
#7748 = CARTESIAN_POINT('',(0.172043637555,43.012704110566,
    -8.952250231222E-02));
#7749 = CARTESIAN_POINT('',(0.115830587048,43.010905391045,
    -9.883901601174E-02));
#7750 = CARTESIAN_POINT('',(5.802402217785E-02,43.01,-0.103528498001));
#7751 = CARTESIAN_POINT('',(6.217248937901E-15,43.01,-0.103528498001));
#7752 = PCURVE('',#131,#7753);
#7753 = DEFINITIONAL_REPRESENTATION('',(#7754),#8023);
#7754 = B_SPLINE_CURVE_WITH_KNOTS('',8,(#7755,#7756,#7757,#7758,#7759,
    #7760,#7761,#7762,#7763,#7764,#7765,#7766,#7767,#7768,#7769,#7770,
    #7771,#7772,#7773,#7774,#7775,#7776,#7777,#7778,#7779,#7780,#7781,
    #7782,#7783,#7784,#7785,#7786,#7787,#7788,#7789,#7790,#7791,#7792,
    #7793,#7794,#7795,#7796,#7797,#7798,#7799,#7800,#7801,#7802,#7803,
    #7804,#7805,#7806,#7807,#7808,#7809,#7810,#7811,#7812,#7813,#7814,
    #7815,#7816,#7817,#7818,#7819,#7820,#7821,#7822,#7823,#7824,#7825,
    #7826,#7827,#7828,#7829,#7830,#7831,#7832,#7833,#7834,#7835,#7836,
    #7837,#7838,#7839,#7840,#7841,#7842,#7843,#7844,#7845,#7846,#7847,
    #7848,#7849,#7850,#7851,#7852,#7853,#7854,#7855,#7856,#7857,#7858,
    #7859,#7860,#7861,#7862,#7863,#7864,#7865,#7866,#7867,#7868,#7869,
    #7870,#7871,#7872,#7873,#7874,#7875,#7876,#7877,#7878,#7879,#7880,
    #7881,#7882,#7883,#7884,#7885,#7886,#7887,#7888,#7889,#7890,#7891,
    #7892,#7893,#7894,#7895,#7896,#7897,#7898,#7899,#7900,#7901,#7902,
    #7903,#7904,#7905,#7906,#7907,#7908,#7909,#7910,#7911,#7912,#7913,
    #7914,#7915,#7916,#7917,#7918,#7919,#7920,#7921,#7922,#7923,#7924,
    #7925,#7926,#7927,#7928,#7929,#7930,#7931,#7932,#7933,#7934,#7935,
    #7936,#7937,#7938,#7939,#7940,#7941,#7942,#7943,#7944,#7945,#7946,
    #7947,#7948,#7949,#7950,#7951,#7952,#7953,#7954,#7955,#7956,#7957,
    #7958,#7959,#7960,#7961,#7962,#7963,#7964,#7965,#7966,#7967,#7968,
    #7969,#7970,#7971,#7972,#7973,#7974,#7975,#7976,#7977,#7978,#7979,
    #7980,#7981,#7982,#7983,#7984,#7985,#7986,#7987,#7988,#7989,#7990,
    #7991,#7992,#7993,#7994,#7995,#7996,#7997,#7998,#7999,#8000,#8001,
    #8002,#8003,#8004,#8005,#8006,#8007,#8008,#8009,#8010,#8011,#8012,
    #8013,#8014,#8015,#8016,#8017,#8018,#8019,#8020,#8021,#8022),
  .UNSPECIFIED.,.T.,.F.,(9,7,7,7,7,7,7,7,7,7,7,7,7,7,7,7,7,7,7,7,7,7,7,7
    ,7,7,7,7,7,7,7,7,7,7,7,7,7,7,9),(0.,3.037556755982E-03,
    5.386647379919E-03,8.517965135853E-03,1.308974939062E-02,
    2.66789465012E-02,5.64231720118E-02,9.510508002602E-02,
    0.141706175116,0.238453737978,0.338889658479,0.383853631569,
    0.423470706652,0.446084692366,0.46526796137,0.483105381052,
    0.491760936504,0.496530569877,0.498591204614,0.501112941325,
    0.503293464801,0.50599945729,0.509757338639,0.515128533411,
    0.531246881528,0.547921582133,0.567987386008,0.620362764872,
    0.683242301906,0.761397048137,0.853226603087,0.894740989426,
    0.93103213353,0.951249194515,0.968193226746,0.98461880744,
    0.992409471424,0.996706660044,1.),.UNSPECIFIED.);
#7755 = CARTESIAN_POINT('',(1.570796326795,202.26620154028));
#7756 = CARTESIAN_POINT('',(1.572054014246,202.26620154028));
#7757 = CARTESIAN_POINT('',(1.573297592102,202.27027762369));
#7758 = CARTESIAN_POINT('',(1.574507679836,202.27826685204));
#7759 = CARTESIAN_POINT('',(1.575674057904,202.28967112163));
#7760 = CARTESIAN_POINT('',(1.576791085062,202.30391474155));
#7761 = CARTESIAN_POINT('',(1.577855829533,202.32044162145));
#7762 = CARTESIAN_POINT('',(1.578867596211,202.33874141968));
#7763 = CARTESIAN_POINT('',(1.580569897258,202.37359230149));
#7764 = CARTESIAN_POINT('',(1.581283819764,202.38965179129));
#7765 = CARTESIAN_POINT('',(1.58197158279,202.40643130635));
#7766 = CARTESIAN_POINT('',(1.582635134404,202.42381592266));
#7767 = CARTESIAN_POINT('',(1.583276244874,202.4417129165));
#7768 = CARTESIAN_POINT('',(1.583896611995,202.46004908992));
#7769 = CARTESIAN_POINT('',(1.584497914396,202.4787694626));
#7770 = CARTESIAN_POINT('',(1.585860144476,202.52325463433));
#7771 = CARTESIAN_POINT('',(1.586607040808,202.54927234969));
#7772 = CARTESIAN_POINT('',(1.587326084429,202.57578836823));
#7773 = CARTESIAN_POINT('',(1.588020029696,202.60272338243));
#7774 = CARTESIAN_POINT('',(1.588691124816,202.63001539565));
#7775 = CARTESIAN_POINT('',(1.589341326451,202.65761609911));
#7776 = CARTESIAN_POINT('',(1.589972406837,202.68548911503));
#7777 = CARTESIAN_POINT('',(1.591481743263,202.75466729503));
#7778 = CARTESIAN_POINT('',(1.592339851336,202.79623830265));
#7779 = CARTESIAN_POINT('',(1.593165011948,202.83823405934));
#7780 = CARTESIAN_POINT('',(1.593960774681,202.88058660105));
#7781 = CARTESIAN_POINT('',(1.594729953804,202.92324349425));
#7782 = CARTESIAN_POINT('',(1.595474927089,202.96616415985));
#7783 = CARTESIAN_POINT('',(1.596197784039,203.00931809623));
#7784 = CARTESIAN_POINT('',(1.598988555828,203.18158903299));
#7785 = CARTESIAN_POINT('',(1.600895978216,203.31229006217));
#7786 = CARTESIAN_POINT('',(1.602670029781,203.44421073436));
#7787 = CARTESIAN_POINT('',(1.604332587484,203.57703980282));
#7788 = CARTESIAN_POINT('',(1.605902078489,203.7105414792));
#7789 = CARTESIAN_POINT('',(1.607390444421,203.84458409256));
#7790 = CARTESIAN_POINT('',(1.608808177669,203.97909341662));
#7791 = CARTESIAN_POINT('',(1.613130214153,204.40948198476));
#7792 = CARTESIAN_POINT('',(1.61579486898,204.70676608266));
#7793 = CARTESIAN_POINT('',(1.618240778178,205.00528292753));
#7794 = CARTESIAN_POINT('',(1.620503843619,205.30470676367));
#7795 = CARTESIAN_POINT('',(1.62261500664,205.60478818203));
#7796 = CARTESIAN_POINT('',(1.624593082208,205.90539631559));
#7797 = CARTESIAN_POINT('',(1.626454711624,206.20646062547));
#7798 = CARTESIAN_POINT('',(1.630498338253,206.90011192288));
#7799 = CARTESIAN_POINT('',(1.632607823518,207.29288836043));
#7800 = CARTESIAN_POINT('',(1.634568211906,207.68617184335));
#7801 = CARTESIAN_POINT('',(1.636397514092,208.07986255581));
#7802 = CARTESIAN_POINT('',(1.638109417316,208.4738861804));
#7803 = CARTESIAN_POINT('',(1.639714963188,208.86818841424));
#7804 = CARTESIAN_POINT('',(1.641222891341,209.26273390682));
#7805 = CARTESIAN_POINT('',(1.644348592493,210.13309100193));
#7806 = CARTESIAN_POINT('',(1.645925586051,210.60898518012));
#7807 = CARTESIAN_POINT('',(1.647384385025,211.08513373676));
#7808 = CARTESIAN_POINT('',(1.64873473043,211.56149573433));
#7809 = CARTESIAN_POINT('',(1.649984340631,212.03803858194));
#7810 = CARTESIAN_POINT('',(1.651139606869,212.51473650699));
#7811 = CARTESIAN_POINT('',(1.652205962776,212.99156976946));
#7812 = CARTESIAN_POINT('',(1.655226565193,214.45872064663));
#7813 = CARTESIAN_POINT('',(1.656901472792,215.44941586896));
#7814 = CARTESIAN_POINT('',(1.658253350112,216.44047747129));
#7815 = CARTESIAN_POINT('',(1.659308033928,217.43180055097));
#7816 = CARTESIAN_POINT('',(1.660083791783,218.42329948105));
#7817 = CARTESIAN_POINT('',(1.660593767248,219.41490518366));
#7818 = CARTESIAN_POINT('',(1.660846324072,220.406564732));
#7819 = CARTESIAN_POINT('',(1.660845737481,222.42772080946));
#7820 = CARTESIAN_POINT('',(1.660572942432,223.45718659064));
#7821 = CARTESIAN_POINT('',(1.66003267598,224.48659234281));
#7822 = CARTESIAN_POINT('',(1.659225429314,225.5158801634));
#7823 = CARTESIAN_POINT('',(1.658147193333,226.5449780214));
#7824 = CARTESIAN_POINT('',(1.656789448248,227.57379943706));
#7825 = CARTESIAN_POINT('',(1.655137665185,228.60224216657));
#7826 = CARTESIAN_POINT('',(1.652284576327,230.09038181427));
#7827 = CARTESIAN_POINT('',(1.651338343955,230.55047494793));
#7828 = CARTESIAN_POINT('',(1.650325945057,231.01045257772));
#7829 = CARTESIAN_POINT('',(1.649244696635,231.47030014918));
#7830 = CARTESIAN_POINT('',(1.648091421989,231.92999958591));
#7831 = CARTESIAN_POINT('',(1.646862306832,232.38952899774));
#7832 = CARTESIAN_POINT('',(1.645552655584,232.84886217778));
#7833 = CARTESIAN_POINT('',(1.642926458485,233.71247897016));
#7834 = CARTESIAN_POINT('',(1.641629268767,234.11680774461));
#7835 = CARTESIAN_POINT('',(1.64026090224,234.52093684764));
#7836 = CARTESIAN_POINT('',(1.638816566057,234.92484039103));
#7837 = CARTESIAN_POINT('',(1.637290447143,235.32848292924));
#7838 = CARTESIAN_POINT('',(1.635675475196,235.73181869851));
#7839 = CARTESIAN_POINT('',(1.63396272247,236.13478968726));
#7840 = CARTESIAN_POINT('',(1.631099580425,236.76709170776));
#7841 = CARTESIAN_POINT('',(1.630023333505,236.99671592785));
#7842 = CARTESIAN_POINT('',(1.628909011889,237.22618081758));
#7843 = CARTESIAN_POINT('',(1.627753988288,237.45546881286));
#7844 = CARTESIAN_POINT('',(1.626555230945,237.68455758622));
#7845 = CARTESIAN_POINT('',(1.625309158737,237.91341939285));
#7846 = CARTESIAN_POINT('',(1.624011386175,238.14201990134));
#7847 = CARTESIAN_POINT('',(1.62150689864,238.56397875403));
#7848 = CARTESIAN_POINT('',(1.620316279716,238.75741517866));
#7849 = CARTESIAN_POINT('',(1.619081064369,238.95060494472));
#7850 = CARTESIAN_POINT('',(1.617797255961,239.14351640365));
#7851 = CARTESIAN_POINT('',(1.616460005804,239.33610520616));
#7852 = CARTESIAN_POINT('',(1.615063423279,239.52831314332));
#7853 = CARTESIAN_POINT('',(1.61360001563,239.72006470167));
#7854 = CARTESIAN_POINT('',(1.610626646835,240.08903827046));
#7855 = CARTESIAN_POINT('',(1.609127814818,240.26625150191));
#7856 = CARTESIAN_POINT('',(1.607553942134,240.44289602467));
#7857 = CARTESIAN_POINT('',(1.605893691681,240.6188827772));
#7858 = CARTESIAN_POINT('',(1.604134293954,240.79404923881));
#7859 = CARTESIAN_POINT('',(1.602255516394,240.96809681728));
#7860 = CARTESIAN_POINT('',(1.600233704556,241.14063319694));
#7861 = CARTESIAN_POINT('',(1.596939345607,241.39355332295));
#7862 = CARTESIAN_POINT('',(1.59581802121,241.47556335258));
#7863 = CARTESIAN_POINT('',(1.5946449178,241.5569392715));
#7864 = CARTESIAN_POINT('',(1.593411986066,241.63757639353));
#7865 = CARTESIAN_POINT('',(1.592110357965,241.71728814913));
#7866 = CARTESIAN_POINT('',(1.590727086537,241.79575048029));
#7867 = CARTESIAN_POINT('',(1.589247056213,241.87253522566));
#7868 = CARTESIAN_POINT('',(1.586751985783,241.98784896254));
#7869 = CARTESIAN_POINT('',(1.585828868416,242.02796747176));
#7870 = CARTESIAN_POINT('',(1.584862204729,242.06719782832));
#7871 = CARTESIAN_POINT('',(1.583845381196,242.10538014656));
#7872 = CARTESIAN_POINT('',(1.58277130316,242.14220762542));
#7873 = CARTESIAN_POINT('',(1.581632594134,242.17723387195));
#7874 = CARTESIAN_POINT('',(1.580420688277,242.20984908551));
#7875 = CARTESIAN_POINT('',(1.578560606034,242.25182473312));
#7876 = CARTESIAN_POINT('',(1.577983830516,242.26385748631));
#7877 = CARTESIAN_POINT('',(1.577390696352,242.27518224882));
#7878 = CARTESIAN_POINT('',(1.576780814171,242.28570409517));
#7879 = CARTESIAN_POINT('',(1.576154190955,242.29531183158));
#7880 = CARTESIAN_POINT('',(1.575511321309,242.30388339127));
#7881 = CARTESIAN_POINT('',(1.574853338681,242.31129501021));
#7882 = CARTESIAN_POINT('',(1.57336094163,242.32494710017));
#7883 = CARTESIAN_POINT('',(1.572518043479,242.33057238196));
#7884 = CARTESIAN_POINT('',(1.571660772816,242.33405429797));
#7885 = CARTESIAN_POINT('',(1.570796326795,242.33523304598));
#7886 = CARTESIAN_POINT('',(1.569931880774,242.33405429797));
#7887 = CARTESIAN_POINT('',(1.569074610111,242.33057238196));
#7888 = CARTESIAN_POINT('',(1.56823171196,242.32494710017));
#7889 = CARTESIAN_POINT('',(1.566700269274,242.31093783012));
#7890 = CARTESIAN_POINT('',(1.566004875472,242.30301720211));
#7891 = CARTESIAN_POINT('',(1.565326539277,242.2938056698));
#7892 = CARTESIAN_POINT('',(1.564666517828,242.28345006717));
#7893 = CARTESIAN_POINT('',(1.564025303282,242.27209426142));
#7894 = CARTESIAN_POINT('',(1.563402814586,242.25986769409));
#7895 = CARTESIAN_POINT('',(1.562798509546,242.24687889349));
#7896 = CARTESIAN_POINT('',(1.561482845555,242.21625600672));
#7897 = CARTESIAN_POINT('',(1.560781212322,242.19826664919));
#7898 = CARTESIAN_POINT('',(1.560104569044,242.17941009476));
#7899 = CARTESIAN_POINT('',(1.559451198663,242.15982179196));
#7900 = CARTESIAN_POINT('',(1.558819497356,242.13961212759));
#7901 = CARTESIAN_POINT('',(1.55820789486,242.11886888391));
#7902 = CARTESIAN_POINT('',(1.557614813272,242.0976584544));
#7903 = CARTESIAN_POINT('',(1.556238551442,242.04598402013));
#7904 = CARTESIAN_POINT('',(1.555471662542,242.01514974764));
#7905 = CARTESIAN_POINT('',(1.554734113144,241.98366193619));
#7906 = CARTESIAN_POINT('',(1.55402294297,241.95162791226));
#7907 = CARTESIAN_POINT('',(1.553335744957,241.91913110416));
#7908 = CARTESIAN_POINT('',(1.55267042002,241.88623608338));
#7909 = CARTESIAN_POINT('',(1.552025057522,241.85299093656));
#7910 = CARTESIAN_POINT('',(1.55050159536,241.77145349709));
#7911 = CARTESIAN_POINT('',(1.549642880427,241.72284867643));
#7912 = CARTESIAN_POINT('',(1.548817033391,241.67372259479));
#7913 = CARTESIAN_POINT('',(1.548020492557,241.62415924647));
#7914 = CARTESIAN_POINT('',(1.547250437608,241.57422339284));
#7915 = CARTESIAN_POINT('',(1.546504484248,241.5239650737));
#7916 = CARTESIAN_POINT('',(1.545780533709,241.47342176858));
#7917 = CARTESIAN_POINT('',(1.542964883189,241.27016246725));
#7918 = CARTESIAN_POINT('',(1.541036290598,241.11547301608));
#7919 = CARTESIAN_POINT('',(1.539241912337,240.95927518218));
#7920 = CARTESIAN_POINT('',(1.537559639107,240.80195838012));
#7921 = CARTESIAN_POINT('',(1.535970636346,240.64381843818));
#7922 = CARTESIAN_POINT('',(1.534462870361,240.48501817699));
#7923 = CARTESIAN_POINT('',(1.533025668461,240.32564748329));
#7924 = CARTESIAN_POINT('',(1.530228134857,240.00025343927));
#7925 = CARTESIAN_POINT('',(1.528872890914,239.83427766122));
#7926 = CARTESIAN_POINT('',(1.527576135957,239.6678740946));
#7927 = CARTESIAN_POINT('',(1.526331406101,239.50111157153));
#7928 = CARTESIAN_POINT('',(1.525133680839,239.33404286103));
#7929 = CARTESIAN_POINT('',(1.52397881344,239.1667085056));
#7930 = CARTESIAN_POINT('',(1.522863249196,238.99913866857));
#7931 = CARTESIAN_POINT('',(1.520485335339,238.62944505068));
#7932 = CARTESIAN_POINT('',(1.519239313815,238.42723352433));
#7933 = CARTESIAN_POINT('',(1.518040804925,238.2247607228));
#7934 = CARTESIAN_POINT('',(1.516885726639,238.02206072124));
#7935 = CARTESIAN_POINT('',(1.515770740326,237.81916105907));
#7936 = CARTESIAN_POINT('',(1.514693015483,237.61608392037));
#7937 = CARTESIAN_POINT('',(1.513650095755,237.41284679604));
#7938 = CARTESIAN_POINT('',(1.510002984565,236.67859314714));
#7939 = CARTESIAN_POINT('',(1.507588931891,236.14675203885));
#7940 = CARTESIAN_POINT('',(1.505360017876,235.6141717231));
#7941 = CARTESIAN_POINT('',(1.50329310977,235.08101231555));
#7942 = CARTESIAN_POINT('',(1.501371130952,234.54739120471));
#7943 = CARTESIAN_POINT('',(1.499580537738,234.01339144092));
#7944 = CARTESIAN_POINT('',(1.497911083774,233.47906237135));
#7945 = CARTESIAN_POINT('',(1.494485033789,232.30256538937));
#7946 = CARTESIAN_POINT('',(1.492778241433,231.66029928128));
#7947 = CARTESIAN_POINT('',(1.491219199935,231.01770092591));
#7948 = CARTESIAN_POINT('',(1.48979748989,230.37482904754));
#7949 = CARTESIAN_POINT('',(1.488505144505,229.73173095724));
#7950 = CARTESIAN_POINT('',(1.487335908203,229.08844388245));
#7951 = CARTESIAN_POINT('',(1.486284954589,228.44499548346));
#7952 = CARTESIAN_POINT('',(1.484184626716,227.0014673143));
#7953 = CARTESIAN_POINT('',(1.483197672248,226.20132160517));
#7954 = CARTESIAN_POINT('',(1.482380512265,225.40101112046));
#7955 = CARTESIAN_POINT('',(1.481728594589,224.60057532913));
#7956 = CARTESIAN_POINT('',(1.481239360031,223.80004988612));
#7957 = CARTESIAN_POINT('',(1.480911895215,222.99946689903));
#7958 = CARTESIAN_POINT('',(1.480746849686,222.19885506822));
#7959 = CARTESIAN_POINT('',(1.480746344312,220.45753991647));
#7960 = CARTESIAN_POINT('',(1.480973593648,219.51685121535));
#7961 = CARTESIAN_POINT('',(1.481432253742,218.57620865866));
#7962 = CARTESIAN_POINT('',(1.482129331843,217.63565826574));
#7963 = CARTESIAN_POINT('',(1.483075603545,216.69525804191));
#7964 = CARTESIAN_POINT('',(1.484285971382,215.75507839159));
#7965 = CARTESIAN_POINT('',(1.485781240964,214.81520403206));
#7966 = CARTESIAN_POINT('',(1.488412095165,213.45102557805));
#7967 = CARTESIAN_POINT('',(1.48929585391,213.02639839653));
#7968 = CARTESIAN_POINT('',(1.490247212371,212.60186765135));
#7969 = CARTESIAN_POINT('',(1.491269570809,212.17744591685));
#7970 = CARTESIAN_POINT('',(1.492366868264,211.75314875956));
#7971 = CARTESIAN_POINT('',(1.493543747409,211.32899506416));
#7972 = CARTESIAN_POINT('',(1.494805832684,210.90500759503));
#7973 = CARTESIAN_POINT('',(1.497344017301,210.11074072861));
#7974 = CARTESIAN_POINT('',(1.498598374093,209.74042027883));
#7975 = CARTESIAN_POINT('',(1.499927833142,209.3702673335));
#7976 = CARTESIAN_POINT('',(1.50133798189,209.00030440031));
#7977 = CARTESIAN_POINT('',(1.502835368435,208.63056157115));
#7978 = CARTESIAN_POINT('',(1.504427919588,208.26107771674));
#7979 = CARTESIAN_POINT('',(1.506125762703,207.89190291009));
#7980 = CARTESIAN_POINT('',(1.508954491696,207.31765060861));
#7981 = CARTESIAN_POINT('',(1.510003410203,207.11231754221));
#7982 = CARTESIAN_POINT('',(1.511091552939,206.9071134522));
#7983 = CARTESIAN_POINT('',(1.51222163706,206.70205246973));
#7984 = CARTESIAN_POINT('',(1.51339678765,206.49715241329));
#7985 = CARTESIAN_POINT('',(1.514620680227,206.29243534197));
#7986 = CARTESIAN_POINT('',(1.515897788846,206.08792853288));
#7987 = CARTESIAN_POINT('',(1.518353407819,205.71247220993));
#7988 = CARTESIAN_POINT('',(1.519514388201,205.54145490129));
#7989 = CARTESIAN_POINT('',(1.520719979725,205.3706302281));
#7990 = CARTESIAN_POINT('',(1.521974149609,205.20002293537));
#7991 = CARTESIAN_POINT('',(1.523281529479,205.02966613923));
#7992 = CARTESIAN_POINT('',(1.52464772595,204.85960289909));
#7993 = CARTESIAN_POINT('',(1.526079945845,204.68988946464));
#7994 = CARTESIAN_POINT('',(1.529049784937,204.3564908241));
#7995 = CARTESIAN_POINT('',(1.530582265827,204.19284769947));
#7996 = CARTESIAN_POINT('',(1.532194643106,204.02967425304));
#7997 = CARTESIAN_POINT('',(1.53389885995,203.86704458328));
#7998 = CARTESIAN_POINT('',(1.535708430646,203.70509207726));
#7999 = CARTESIAN_POINT('',(1.537644803514,203.5440625855));
#8000 = CARTESIAN_POINT('',(1.53973312726,203.38427864693));
#8001 = CARTESIAN_POINT('',(1.543119120349,203.1514490169));
#8002 = CARTESIAN_POINT('',(1.544254341627,203.07703039646));
#8003 = CARTESIAN_POINT('',(1.545442022102,203.0031116261));
#8004 = CARTESIAN_POINT('',(1.546690046486,202.92977468965));
#8005 = CARTESIAN_POINT('',(1.548007263113,202.85716267706));
#8006 = CARTESIAN_POINT('',(1.549406509111,202.78552013597));
#8007 = CARTESIAN_POINT('',(1.550903055848,202.71517164851));
#8008 = CARTESIAN_POINT('',(1.553424640135,202.60891746167));
#8009 = CARTESIAN_POINT('',(1.554358155366,202.57179742618));
#8010 = CARTESIAN_POINT('',(1.555335382262,202.53535835289));
#8011 = CARTESIAN_POINT('',(1.556362858951,202.49971613009));
#8012 = CARTESIAN_POINT('',(1.557448040573,202.46510039311));
#8013 = CARTESIAN_POINT('',(1.55859900286,202.43184684095));
#8014 = CARTESIAN_POINT('',(1.559825599401,202.40042054266));
#8015 = CARTESIAN_POINT('',(1.562155849106,202.3493968976));
#8016 = CARTESIAN_POINT('',(1.563222609966,202.3287231438));
#8017 = CARTESIAN_POINT('',(1.56435093219,202.30988680125));
#8018 = CARTESIAN_POINT('',(1.565542985531,202.29347339171));
#8019 = CARTESIAN_POINT('',(1.5667963637,202.28020753597));
#8020 = CARTESIAN_POINT('',(1.568103218388,202.27089102227));
#8021 = CARTESIAN_POINT('',(1.56944724467,202.26620154028));
#8022 = CARTESIAN_POINT('',(1.570796326795,202.26620154028));
#8023 = ( GEOMETRIC_REPRESENTATION_CONTEXT(2) 
PARAMETRIC_REPRESENTATION_CONTEXT() REPRESENTATION_CONTEXT('2D SPACE',''
  ) );
#8024 = PCURVE('',#986,#8025);
#8025 = DEFINITIONAL_REPRESENTATION('',(#8026),#8295);
#8026 = B_SPLINE_CURVE_WITH_KNOTS('',8,(#8027,#8028,#8029,#8030,#8031,
    #8032,#8033,#8034,#8035,#8036,#8037,#8038,#8039,#8040,#8041,#8042,
    #8043,#8044,#8045,#8046,#8047,#8048,#8049,#8050,#8051,#8052,#8053,
    #8054,#8055,#8056,#8057,#8058,#8059,#8060,#8061,#8062,#8063,#8064,
    #8065,#8066,#8067,#8068,#8069,#8070,#8071,#8072,#8073,#8074,#8075,
    #8076,#8077,#8078,#8079,#8080,#8081,#8082,#8083,#8084,#8085,#8086,
    #8087,#8088,#8089,#8090,#8091,#8092,#8093,#8094,#8095,#8096,#8097,
    #8098,#8099,#8100,#8101,#8102,#8103,#8104,#8105,#8106,#8107,#8108,
    #8109,#8110,#8111,#8112,#8113,#8114,#8115,#8116,#8117,#8118,#8119,
    #8120,#8121,#8122,#8123,#8124,#8125,#8126,#8127,#8128,#8129,#8130,
    #8131,#8132,#8133,#8134,#8135,#8136,#8137,#8138,#8139,#8140,#8141,
    #8142,#8143,#8144,#8145,#8146,#8147,#8148,#8149,#8150,#8151,#8152,
    #8153,#8154,#8155,#8156,#8157,#8158,#8159,#8160,#8161,#8162,#8163,
    #8164,#8165,#8166,#8167,#8168,#8169,#8170,#8171,#8172,#8173,#8174,
    #8175,#8176,#8177,#8178,#8179,#8180,#8181,#8182,#8183,#8184,#8185,
    #8186,#8187,#8188,#8189,#8190,#8191,#8192,#8193,#8194,#8195,#8196,
    #8197,#8198,#8199,#8200,#8201,#8202,#8203,#8204,#8205,#8206,#8207,
    #8208,#8209,#8210,#8211,#8212,#8213,#8214,#8215,#8216,#8217,#8218,
    #8219,#8220,#8221,#8222,#8223,#8224,#8225,#8226,#8227,#8228,#8229,
    #8230,#8231,#8232,#8233,#8234,#8235,#8236,#8237,#8238,#8239,#8240,
    #8241,#8242,#8243,#8244,#8245,#8246,#8247,#8248,#8249,#8250,#8251,
    #8252,#8253,#8254,#8255,#8256,#8257,#8258,#8259,#8260,#8261,#8262,
    #8263,#8264,#8265,#8266,#8267,#8268,#8269,#8270,#8271,#8272,#8273,
    #8274,#8275,#8276,#8277,#8278,#8279,#8280,#8281,#8282,#8283,#8284,
    #8285,#8286,#8287,#8288,#8289,#8290,#8291,#8292,#8293,#8294),
  .UNSPECIFIED.,.F.,.F.,(9,7,7,7,7,7,7,7,7,7,7,7,7,7,7,7,7,7,7,7,7,7,7,7
    ,7,7,7,7,7,7,7,7,7,7,7,7,7,7,9),(0.,3.037556755982E-03,
    5.386647379919E-03,8.517965135853E-03,1.308974939062E-02,
    2.66789465012E-02,5.64231720118E-02,9.510508002602E-02,
    0.141706175116,0.238453737978,0.338889658479,0.383853631569,
    0.423470706652,0.446084692366,0.46526796137,0.483105381052,
    0.491760936504,0.496530569877,0.498591204614,0.501112941325,
    0.503293464801,0.50599945729,0.509757338639,0.515128533411,
    0.531246881528,0.547921582133,0.567987386008,0.620362764872,
    0.683242301906,0.761397048137,0.853226603087,0.894740989426,
    0.93103213353,0.951249194515,0.968193226746,0.98461880744,
    0.992409471424,0.996706660044,1.),.UNSPECIFIED.);
#8027 = CARTESIAN_POINT('',(0.,208.17650415798));
#8028 = CARTESIAN_POINT('',(1.272779701022E-02,208.17650415798));
#8029 = CARTESIAN_POINT('',(2.531279742139E-02,208.17242807457));
#8030 = CARTESIAN_POINT('',(3.756304200541E-02,208.16443884622));
#8031 = CARTESIAN_POINT('',(4.937877278253E-02,208.15303457662));
#8032 = CARTESIAN_POINT('',(6.070506391553E-02,208.13879095671));
#8033 = CARTESIAN_POINT('',(7.15130399737E-02,208.12226407681));
#8034 = CARTESIAN_POINT('',(8.179565514681E-02,208.10396427858));
#8035 = CARTESIAN_POINT('',(9.911834936594E-02,208.06911339676));
#8036 = CARTESIAN_POINT('',(0.106391134842,208.05305390697));
#8037 = CARTESIAN_POINT('',(0.113405430237,208.03627439191));
#8038 = CARTESIAN_POINT('',(0.120180810281,208.0188897756));
#8039 = CARTESIAN_POINT('',(0.126735000332,208.00099278176));
#8040 = CARTESIAN_POINT('',(0.133084984043,207.98265660833));
#8041 = CARTESIAN_POINT('',(0.139247576009,207.96393623566));
#8042 = CARTESIAN_POINT('',(0.15322658874,207.91945106393));
#8043 = CARTESIAN_POINT('',(0.160905149381,207.89343334856));
#8044 = CARTESIAN_POINT('',(0.168311023514,207.86691733003));
#8045 = CARTESIAN_POINT('',(0.175471711328,207.83998231583));
#8046 = CARTESIAN_POINT('',(0.182409609224,207.8126903026));
#8047 = CARTESIAN_POINT('',(0.189144197969,207.78508959915));
#8048 = CARTESIAN_POINT('',(0.195693140776,207.75721658323));
#8049 = CARTESIAN_POINT('',(0.211385973938,207.68803840323));
#8050 = CARTESIAN_POINT('',(0.220334535524,207.6464673956));
#8051 = CARTESIAN_POINT('',(0.228965136165,207.60447163892));
#8052 = CARTESIAN_POINT('',(0.23731302093,207.56211909721));
#8053 = CARTESIAN_POINT('',(0.245406065497,207.51946220401));
#8054 = CARTESIAN_POINT('',(0.253267801425,207.47654153841));
#8055 = CARTESIAN_POINT('',(0.26091892103,207.43338760203));
#8056 = CARTESIAN_POINT('',(0.290546475912,207.26111666527));
#8057 = CARTESIAN_POINT('',(0.310998607588,207.13041563609));
#8058 = CARTESIAN_POINT('',(0.330203559774,206.9984949639));
#8059 = CARTESIAN_POINT('',(0.348375248079,206.86566589544));
#8060 = CARTESIAN_POINT('',(0.365693921302,206.73216421906));
#8061 = CARTESIAN_POINT('',(0.382275595086,206.5981216057));
#8062 = CARTESIAN_POINT('',(0.398222759942,206.46361228163));
#8063 = CARTESIAN_POINT('',(0.447311239911,206.0332237135));
#8064 = CARTESIAN_POINT('',(0.478318349564,205.73593961561));
#8065 = CARTESIAN_POINT('',(0.507447120507,205.43742277071));
#8066 = CARTESIAN_POINT('',(0.535038593328,205.13799893462));
#8067 = CARTESIAN_POINT('',(0.561387694495,204.83791751621));
#8068 = CARTESIAN_POINT('',(0.586671124669,204.53730938267));
#8069 = CARTESIAN_POINT('',(0.611046534551,204.23624507279));
#8070 = CARTESIAN_POINT('',(0.665307502446,203.54259377538));
#8071 = CARTESIAN_POINT('',(0.694638450714,203.14981733782));
#8072 = CARTESIAN_POINT('',(0.72288252144,202.75653385491));
#8073 = CARTESIAN_POINT('',(0.75020679664,202.36284314245));
#8074 = CARTESIAN_POINT('',(0.776737657377,201.96881951786));
#8075 = CARTESIAN_POINT('',(0.802577031238,201.57451728402));
#8076 = CARTESIAN_POINT('',(0.827805624353,201.17997179144));
#8077 = CARTESIAN_POINT('',(0.882233371016,200.30961469633));
#8078 = CARTESIAN_POINT('',(0.911186852828,199.83372051814));
#8079 = CARTESIAN_POINT('',(0.939471308017,199.3575719615));
#8080 = CARTESIAN_POINT('',(0.967177253072,198.88120996392));
#8081 = CARTESIAN_POINT('',(0.994377069043,198.40466711631));
#8082 = CARTESIAN_POINT('',(1.021131631851,197.92796919126));
#8083 = CARTESIAN_POINT('',(1.04749384111,197.4511359288));
#8084 = CARTESIAN_POINT('',(1.127518675485,195.98398505163));
#8085 = CARTESIAN_POINT('',(1.18003185213,194.9932898293));
#8086 = CARTESIAN_POINT('',(1.231456428001,194.00222822696));
#8087 = CARTESIAN_POINT('',(1.282077443181,193.01090514728));
#8088 = CARTESIAN_POINT('',(1.33212707727,192.0194062172));
#8089 = CARTESIAN_POINT('',(1.381809690577,191.0278005146));
#8090 = CARTESIAN_POINT('',(1.431309822051,190.03614096626));
#8091 = CARTESIAN_POINT('',(1.532199356621,188.0149848888));
#8092 = CARTESIAN_POINT('',(1.583587066295,186.98551910762));
#8093 = CARTESIAN_POINT('',(1.635179083548,185.95611335545));
#8094 = CARTESIAN_POINT('',(1.687173701435,184.92682553486));
#8095 = CARTESIAN_POINT('',(1.739781841488,183.89772767685));
#8096 = CARTESIAN_POINT('',(1.793236988254,182.8689062612));
#8097 = CARTESIAN_POINT('',(1.847817106479,181.84046353169));
#8098 = CARTESIAN_POINT('',(1.929007458789,180.35232388399));
#8099 = CARTESIAN_POINT('',(1.954416039704,179.89223075033));
#8100 = CARTESIAN_POINT('',(1.980159417189,179.43225312054));
#8101 = CARTESIAN_POINT('',(2.006275660569,178.97240554908));
#8102 = CARTESIAN_POINT('',(2.032807681421,178.51270611235));
#8103 = CARTESIAN_POINT('',(2.05980495452,178.05317670051));
#8104 = CARTESIAN_POINT('',(2.087326381807,177.59384352048));
#8105 = CARTESIAN_POINT('',(2.140218570357,176.73022672809));
#8106 = CARTESIAN_POINT('',(2.165455560327,176.32589795365));
#8107 = CARTESIAN_POINT('',(2.19120518312,175.92176885062));
#8108 = CARTESIAN_POINT('',(2.217525029818,175.51786530723));
#8109 = CARTESIAN_POINT('',(2.244483961662,175.11422276902));
#8110 = CARTESIAN_POINT('',(2.272164885211,174.71088699975));
#8111 = CARTESIAN_POINT('',(2.300671787496,174.307916011));
#8112 = CARTESIAN_POINT('',(2.346970467623,173.6756139905));
#8113 = CARTESIAN_POINT('',(2.364109848849,173.44598977041));
#8114 = CARTESIAN_POINT('',(2.381590492894,173.21652488068));
#8115 = CARTESIAN_POINT('',(2.399442853771,172.9872368854));
#8116 = CARTESIAN_POINT('',(2.417702009688,172.75814811204));
#8117 = CARTESIAN_POINT('',(2.436409379083,172.52928630541));
#8118 = CARTESIAN_POINT('',(2.45561574221,172.30068579692));
#8119 = CARTESIAN_POINT('',(2.492156158633,171.87872694423));
#8120 = CARTESIAN_POINT('',(2.509331607195,171.68529051959));
#8121 = CARTESIAN_POINT('',(2.526951914059,171.49210075354));
#8122 = CARTESIAN_POINT('',(2.545063497798,171.2991892946));
#8123 = CARTESIAN_POINT('',(2.563722698618,171.10660049209));
#8124 = CARTESIAN_POINT('',(2.58299804173,170.91439255493));
#8125 = CARTESIAN_POINT('',(2.602976926525,170.72264099659));
#8126 = CARTESIAN_POINT('',(2.643128228252,170.3536674278));
#8127 = CARTESIAN_POINT('',(2.663179790743,170.17645419634));
#8128 = CARTESIAN_POINT('',(2.684041973503,169.99980967359));
#8129 = CARTESIAN_POINT('',(2.705848331167,169.82382292106));
#8130 = CARTESIAN_POINT('',(2.728748454674,169.64865645944));
#8131 = CARTESIAN_POINT('',(2.752980731898,169.47460888098));
#8132 = CARTESIAN_POINT('',(2.778823607515,169.30207250132));
#8133 = CARTESIAN_POINT('',(2.820539464875,169.0491523753));
#8134 = CARTESIAN_POINT('',(2.834681822194,168.96714234568));
#8135 = CARTESIAN_POINT('',(2.849418704937,168.88576642677));
#8136 = CARTESIAN_POINT('',(2.864846170635,168.80512930471));
#8137 = CARTESIAN_POINT('',(2.881069552525,168.72541754914));
#8138 = CARTESIAN_POINT('',(2.898243048022,168.64695521797));
#8139 = CARTESIAN_POINT('',(2.916546732256,168.5701704726));
#8140 = CARTESIAN_POINT('',(2.947282703645,168.45485673572));
#8141 = CARTESIAN_POINT('',(2.958632529015,168.4147382265));
#8142 = CARTESIAN_POINT('',(2.970495558966,168.37550786993));
#8143 = CARTESIAN_POINT('',(2.982951250911,168.3373255517));
#8144 = CARTESIAN_POINT('',(2.996084560833,168.30049807283));
#8145 = CARTESIAN_POINT('',(3.009983777319,168.26547182631));
#8146 = CARTESIAN_POINT('',(3.024751911738,168.23285661275));
#8147 = CARTESIAN_POINT('',(3.047384600883,168.19088096514));
#8148 = CARTESIAN_POINT('',(3.054398419702,168.17884821194));
#8149 = CARTESIAN_POINT('',(3.061607123907,168.16752344944));
#8150 = CARTESIAN_POINT('',(3.069015466555,168.15700160309));
#8151 = CARTESIAN_POINT('',(3.076623460393,168.14739386668));
#8152 = CARTESIAN_POINT('',(3.084425306807,168.13882230698));
#8153 = CARTESIAN_POINT('',(3.092407587572,168.13141068805));
#8154 = CARTESIAN_POINT('',(3.110507120078,168.11775859809));
#8155 = CARTESIAN_POINT('',(3.120726077376,168.1121333163));
#8156 = CARTESIAN_POINT('',(3.13111659644,168.10865140029));
#8157 = CARTESIAN_POINT('',(3.14159265359,168.10747265227));
#8158 = CARTESIAN_POINT('',(3.15206871074,168.10865140029));
#8159 = CARTESIAN_POINT('',(3.162459229804,168.1121333163));
#8160 = CARTESIAN_POINT('',(3.172678187101,168.11775859809));
#8161 = CARTESIAN_POINT('',(3.19125125829,168.13176786814));
#8162 = CARTESIAN_POINT('',(3.199687540337,168.13968849615));
#8163 = CARTESIAN_POINT('',(3.207920175894,168.14890002846));
#8164 = CARTESIAN_POINT('',(3.215934296767,168.15925563109));
#8165 = CARTESIAN_POINT('',(3.223724153939,168.17061143684));
#8166 = CARTESIAN_POINT('',(3.23129082627,168.18283800417));
#8167 = CARTESIAN_POINT('',(3.238640908534,168.19582680476));
#8168 = CARTESIAN_POINT('',(3.254653337446,168.22644969154));
#8169 = CARTESIAN_POINT('',(3.263199841043,168.24443904907));
#8170 = CARTESIAN_POINT('',(3.271449308209,168.2632956035));
#8171 = CARTESIAN_POINT('',(3.279422448345,168.2828839063));
#8172 = CARTESIAN_POINT('',(3.287138542812,168.30309357066));
#8173 = CARTESIAN_POINT('',(3.294616451817,168.32383681435));
#8174 = CARTESIAN_POINT('',(3.301875147017,168.34504724385));
#8175 = CARTESIAN_POINT('',(3.318736260785,168.39672167813));
#8176 = CARTESIAN_POINT('',(3.328145936136,168.42755595061));
#8177 = CARTESIAN_POINT('',(3.337209503321,168.45904376207));
#8178 = CARTESIAN_POINT('',(3.34596245908,168.491077786));
#8179 = CARTESIAN_POINT('',(3.354433609959,168.5235745941));
#8180 = CARTESIAN_POINT('',(3.362648065799,168.55646961488));
#8181 = CARTESIAN_POINT('',(3.370628706198,168.58971476169));
#8182 = CARTESIAN_POINT('',(3.389498198003,168.67125220117));
#8183 = CARTESIAN_POINT('',(3.400160269059,168.71985702183));
#8184 = CARTESIAN_POINT('',(3.410439347302,168.76898310347));
#8185 = CARTESIAN_POINT('',(3.420377952473,168.81854645178));
#8186 = CARTESIAN_POINT('',(3.430009687317,168.86848230542));
#8187 = CARTESIAN_POINT('',(3.439362941457,168.91874062456));
#8188 = CARTESIAN_POINT('',(3.448462721692,168.96928392968));
#8189 = CARTESIAN_POINT('',(3.483942134899,169.172543231));
#8190 = CARTESIAN_POINT('',(3.508447106394,169.32723268217));
#8191 = CARTESIAN_POINT('',(3.531430604284,169.4834305161));
#8192 = CARTESIAN_POINT('',(3.553153420633,169.64074731811));
#8193 = CARTESIAN_POINT('',(3.573837865408,169.7988872601));
#8194 = CARTESIAN_POINT('',(3.593625239863,169.95768752126));
#8195 = CARTESIAN_POINT('',(3.612641525348,170.11705821497));
#8196 = CARTESIAN_POINT('',(3.649964650529,170.44245225899));
#8197 = CARTESIAN_POINT('',(3.66821467716,170.60842803704));
#8198 = CARTESIAN_POINT('',(3.685839510843,170.77483160366));
#8199 = CARTESIAN_POINT('',(3.70291476506,170.94159412672));
#8200 = CARTESIAN_POINT('',(3.719498981712,171.10866283722));
#8201 = CARTESIAN_POINT('',(3.735640448474,171.27599719266));
#8202 = CARTESIAN_POINT('',(3.751380571682,171.44356702969));
#8203 = CARTESIAN_POINT('',(3.785253464037,171.81326064758));
#8204 = CARTESIAN_POINT('',(3.803221206754,172.01547217392));
#8205 = CARTESIAN_POINT('',(3.820717064557,172.21794497545));
#8206 = CARTESIAN_POINT('',(3.83778837893,172.42064497702));
#8207 = CARTESIAN_POINT('',(3.854473800654,172.62354463919));
#8208 = CARTESIAN_POINT('',(3.870806084969,172.82662177789));
#8209 = CARTESIAN_POINT('',(3.88681368243,173.02985890222));
#8210 = CARTESIAN_POINT('',(3.943520393923,173.76411255112));
#8211 = CARTESIAN_POINT('',(3.982472856923,174.29595365941));
#8212 = CARTESIAN_POINT('',(4.019815608855,174.82853397516));
#8213 = CARTESIAN_POINT('',(4.055816923112,175.36169338271));
#8214 = CARTESIAN_POINT('',(4.09067629776,175.89531449355));
#8215 = CARTESIAN_POINT('',(4.124554026027,176.42931425733));
#8216 = CARTESIAN_POINT('',(4.157573901093,176.96364332691));
#8217 = CARTESIAN_POINT('',(4.228583098717,178.14014030889));
#8218 = CARTESIAN_POINT('',(4.266238408199,178.78240641697));
#8219 = CARTESIAN_POINT('',(4.302989168902,179.42500477235));
#8220 = CARTESIAN_POINT('',(4.338970340741,180.06787665072));
#8221 = CARTESIAN_POINT('',(4.374291490157,180.71097474102));
#8222 = CARTESIAN_POINT('',(4.40904558626,181.35426181581));
#8223 = CARTESIAN_POINT('',(4.443312608516,181.99771021479));
#8224 = CARTESIAN_POINT('',(4.519239304303,183.44123838396));
#8225 = CARTESIAN_POINT('',(4.560672055964,184.24138409308));
#8226 = CARTESIAN_POINT('',(4.601599035533,185.0416945778));
#8227 = CARTESIAN_POINT('',(4.64213608012,185.84213036913));
#8228 = CARTESIAN_POINT('',(4.682386239998,186.64265581213));
#8229 = CARTESIAN_POINT('',(4.722446059158,187.44323879923));
#8230 = CARTESIAN_POINT('',(4.762410183635,188.24385063003));
#8231 = CARTESIAN_POINT('',(4.849330969792,189.98516578179));
#8232 = CARTESIAN_POINT('',(4.896286864456,190.92585448291));
#8233 = CARTESIAN_POINT('',(4.943398365879,191.8664970396));
#8234 = CARTESIAN_POINT('',(4.990823200554,192.80704743252));
#8235 = CARTESIAN_POINT('',(5.038733862638,193.74744765635));
#8236 = CARTESIAN_POINT('',(5.08732479639,194.68762730667));
#8237 = CARTESIAN_POINT('',(5.136830860955,195.6275016662));
#8238 = CARTESIAN_POINT('',(5.21051487854,196.99168012021));
#8239 = CARTESIAN_POINT('',(5.233707988055,197.41630730173));
#8240 = CARTESIAN_POINT('',(5.257183664718,197.84083804691));
#8241 = CARTESIAN_POINT('',(5.280975574352,198.26525978141));
#8242 = CARTESIAN_POINT('',(5.305121819862,198.6895569387));
#8243 = CARTESIAN_POINT('',(5.329666517324,199.1137106341));
#8244 = CARTESIAN_POINT('',(5.354662443603,199.53769810323));
#8245 = CARTESIAN_POINT('',(5.402477168439,200.33196496965));
#8246 = CARTESIAN_POINT('',(5.425174063496,200.70228541943));
#8247 = CARTESIAN_POINT('',(5.448308746597,201.07243836476));
#8248 = CARTESIAN_POINT('',(5.471933017379,201.44240129794));
#8249 = CARTESIAN_POINT('',(5.496107278079,201.81214412711));
#8250 = CARTESIAN_POINT('',(5.52090455529,202.18162798152));
#8251 = CARTESIAN_POINT('',(5.546418434607,202.55080278817));
#8252 = CARTESIAN_POINT('',(5.587457565443,203.12505508964));
#8253 = CARTESIAN_POINT('',(5.602401617326,203.33038815605));
#8254 = CARTESIAN_POINT('',(5.61762889226,203.53559224606));
#8255 = CARTESIAN_POINT('',(5.633164697364,203.74065322853));
#8256 = CARTESIAN_POINT('',(5.649038173806,203.94555328496));
#8257 = CARTESIAN_POINT('',(5.665283690534,204.15027035629));
#8258 = CARTESIAN_POINT('',(5.681943276329,204.35477716538));
#8259 = CARTESIAN_POINT('',(5.713424168952,204.73023348833));
#8260 = CARTESIAN_POINT('',(5.728106152049,204.90125079697));
#8261 = CARTESIAN_POINT('',(5.743147273091,205.07207547016));
#8262 = CARTESIAN_POINT('',(5.758585156475,205.24268276289));
#8263 = CARTESIAN_POINT('',(5.774463769722,205.41303955903));
#8264 = CARTESIAN_POINT('',(5.790836499468,205.58310279917));
#8265 = CARTESIAN_POINT('',(5.807772351132,205.75281623362));
#8266 = CARTESIAN_POINT('',(5.842419887175,206.08621487416));
#8267 = CARTESIAN_POINT('',(5.860085252026,206.2498579988));
#8268 = CARTESIAN_POINT('',(5.878451864838,206.41303144519));
#8269 = CARTESIAN_POINT('',(5.897635723864,206.575661115));
#8270 = CARTESIAN_POINT('',(5.917767272742,206.73761362098));
#8271 = CARTESIAN_POINT('',(5.93905533985,206.89864311276));
#8272 = CARTESIAN_POINT('',(5.961744508006,207.05842705132));
#8273 = CARTESIAN_POINT('',(5.998081775604,207.29125668135));
#8274 = CARTESIAN_POINT('',(6.010202011564,207.3656753018));
#8275 = CARTESIAN_POINT('',(6.022817715436,207.43959407214));
#8276 = CARTESIAN_POINT('',(6.036006984762,207.51293100864));
#8277 = CARTESIAN_POINT('',(6.049857030872,207.58554302118));
#8278 = CARTESIAN_POINT('',(6.064494822325,207.65718556229));
#8279 = CARTESIAN_POINT('',(6.080071483582,207.72753404975));
#8280 = CARTESIAN_POINT('',(6.106182169736,207.83378823659));
#8281 = CARTESIAN_POINT('',(6.115824231083,207.87090827207));
#8282 = CARTESIAN_POINT('',(6.125892803033,207.90734734537));
#8283 = CARTESIAN_POINT('',(6.136453269875,207.94298956817));
#8284 = CARTESIAN_POINT('',(6.147579925812,207.97760530514));
#8285 = CARTESIAN_POINT('',(6.159353176561,208.01085885731));
#8286 = CARTESIAN_POINT('',(6.171871573349,208.0422851556));
#8287 = CARTESIAN_POINT('',(6.195603020945,208.09330880066));
#8288 = CARTESIAN_POINT('',(6.206451355846,208.11398255445));
#8289 = CARTESIAN_POINT('',(6.217910204846,208.13281889701));
#8290 = CARTESIAN_POINT('',(6.230001263067,208.14923230655));
#8291 = CARTESIAN_POINT('',(6.242700560273,208.16249816229));
#8292 = CARTESIAN_POINT('',(6.255931055578,208.17181467599));
#8293 = CARTESIAN_POINT('',(6.269532596079,208.17650415798));
#8294 = CARTESIAN_POINT('',(6.28318530718,208.17650415798));
#8295 = ( GEOMETRIC_REPRESENTATION_CONTEXT(2) 
PARAMETRIC_REPRESENTATION_CONTEXT() REPRESENTATION_CONTEXT('2D SPACE',''
  ) );
#8296 = ADVANCED_FACE('',(#8297),#586,.F.);
#8297 = FACE_BOUND('',#8298,.F.);
#8298 = EDGE_LOOP('',(#8299,#8300,#8321,#8322,#8323,#8324));
#8299 = ORIENTED_EDGE('',*,*,#630,.F.);
#8300 = ORIENTED_EDGE('',*,*,#8301,.F.);
#8301 = EDGE_CURVE('',#566,#631,#8302,.T.);
#8302 = SEAM_CURVE('',#8303,(#8307,#8314),.PCURVE_S1.);
#8303 = LINE('',#8304,#8305);
#8304 = CARTESIAN_POINT('',(-17.3729,-57.2,208.07297573937));
#8305 = VECTOR('',#8306,1.);
#8306 = DIRECTION('',(0.,0.,-1.));
#8307 = PCURVE('',#586,#8308);
#8308 = DEFINITIONAL_REPRESENTATION('',(#8309),#8313);
#8309 = LINE('',#8310,#8311);
#8310 = CARTESIAN_POINT('',(6.28318530718,-0.));
#8311 = VECTOR('',#8312,1.);
#8312 = DIRECTION('',(0.,1.));
#8313 = ( GEOMETRIC_REPRESENTATION_CONTEXT(2) 
PARAMETRIC_REPRESENTATION_CONTEXT() REPRESENTATION_CONTEXT('2D SPACE',''
  ) );
#8314 = PCURVE('',#586,#8315);
#8315 = DEFINITIONAL_REPRESENTATION('',(#8316),#8320);
#8316 = LINE('',#8317,#8318);
#8317 = CARTESIAN_POINT('',(0.,-0.));
#8318 = VECTOR('',#8319,1.);
#8319 = DIRECTION('',(0.,1.));
#8320 = ( GEOMETRIC_REPRESENTATION_CONTEXT(2) 
PARAMETRIC_REPRESENTATION_CONTEXT() REPRESENTATION_CONTEXT('2D SPACE',''
  ) );
#8321 = ORIENTED_EDGE('',*,*,#598,.T.);
#8322 = ORIENTED_EDGE('',*,*,#2371,.T.);
#8323 = ORIENTED_EDGE('',*,*,#565,.T.);
#8324 = ORIENTED_EDGE('',*,*,#8301,.T.);
#8325 = ADVANCED_FACE('',(#8326),#501,.F.);
#8326 = FACE_BOUND('',#8327,.F.);
#8327 = EDGE_LOOP('',(#8328,#8329,#8350,#8351,#8352,#8353));
#8328 = ORIENTED_EDGE('',*,*,#695,.F.);
#8329 = ORIENTED_EDGE('',*,*,#8330,.F.);
#8330 = EDGE_CURVE('',#481,#696,#8331,.T.);
#8331 = SEAM_CURVE('',#8332,(#8336,#8343),.PCURVE_S1.);
#8332 = LINE('',#8333,#8334);
#8333 = CARTESIAN_POINT('',(4.2871,-57.2,208.07297573937));
#8334 = VECTOR('',#8335,1.);
#8335 = DIRECTION('',(0.,0.,-1.));
#8336 = PCURVE('',#501,#8337);
#8337 = DEFINITIONAL_REPRESENTATION('',(#8338),#8342);
#8338 = LINE('',#8339,#8340);
#8339 = CARTESIAN_POINT('',(6.28318530718,-0.));
#8340 = VECTOR('',#8341,1.);
#8341 = DIRECTION('',(0.,1.));
#8342 = ( GEOMETRIC_REPRESENTATION_CONTEXT(2) 
PARAMETRIC_REPRESENTATION_CONTEXT() REPRESENTATION_CONTEXT('2D SPACE',''
  ) );
#8343 = PCURVE('',#501,#8344);
#8344 = DEFINITIONAL_REPRESENTATION('',(#8345),#8349);
#8345 = LINE('',#8346,#8347);
#8346 = CARTESIAN_POINT('',(0.,-0.));
#8347 = VECTOR('',#8348,1.);
#8348 = DIRECTION('',(0.,1.));
#8349 = ( GEOMETRIC_REPRESENTATION_CONTEXT(2) 
PARAMETRIC_REPRESENTATION_CONTEXT() REPRESENTATION_CONTEXT('2D SPACE',''
  ) );
#8350 = ORIENTED_EDGE('',*,*,#513,.T.);
#8351 = ORIENTED_EDGE('',*,*,#2247,.T.);
#8352 = ORIENTED_EDGE('',*,*,#480,.T.);
#8353 = ORIENTED_EDGE('',*,*,#8330,.T.);
#8354 = ADVANCED_FACE('',(#8355),#444,.F.);
#8355 = FACE_BOUND('',#8356,.F.);
#8356 = EDGE_LOOP('',(#8357,#8383,#8384,#8385));
#8357 = ORIENTED_EDGE('',*,*,#8358,.F.);
#8358 = EDGE_CURVE('',#1522,#2175,#8359,.T.);
#8359 = SURFACE_CURVE('',#8360,(#8365,#8372),.PCURVE_S1.);
#8360 = CIRCLE('',#8361,6.5);
#8361 = AXIS2_PLACEMENT_3D('',#8362,#8363,#8364);
#8362 = CARTESIAN_POINT('',(33.417866478876,-33.41786647887,35.05142));
#8363 = DIRECTION('',(0.,0.,-1.));
#8364 = DIRECTION('',(0.946653828734,0.322252274691,0.));
#8365 = PCURVE('',#444,#8366);
#8366 = DEFINITIONAL_REPRESENTATION('',(#8367),#8371);
#8367 = LINE('',#8368,#8369);
#8368 = CARTESIAN_POINT('',(7.3966911931,0.));
#8369 = VECTOR('',#8370,1.);
#8370 = DIRECTION('',(-1.,-0.));
#8371 = ( GEOMETRIC_REPRESENTATION_CONTEXT(2) 
PARAMETRIC_REPRESENTATION_CONTEXT() REPRESENTATION_CONTEXT('2D SPACE',''
  ) );
#8372 = PCURVE('',#1576,#8373);
#8373 = DEFINITIONAL_REPRESENTATION('',(#8374),#8382);
#8374 = ( BOUNDED_CURVE() B_SPLINE_CURVE(2,(#8375,#8376,#8377,#8378,
#8379,#8380,#8381),.UNSPECIFIED.,.T.,.F.) B_SPLINE_CURVE_WITH_KNOTS((1,2
    ,2,2,2,1),(-2.094395102393,0.,2.094395102393,4.188790204786,
6.28318530718,8.377580409573),.UNSPECIFIED.) CURVE() 
GEOMETRIC_REPRESENTATION_ITEM() RATIONAL_B_SPLINE_CURVE((1.,0.5,1.,0.5,
1.,0.5,1.)) REPRESENTATION_ITEM('') );
#8375 = CARTESIAN_POINT('',(2.869870724804,5.832138717736));
#8376 = CARTESIAN_POINT('',(12.971431300712,0.861376811221));
#8377 = CARTESIAN_POINT('',(3.615844925552,-5.401450312125));
#8378 = CARTESIAN_POINT('',(-5.739741449608,-11.66427743547));
#8379 = CARTESIAN_POINT('',(-6.485715650356,-0.43068840561));
#8380 = CARTESIAN_POINT('',(-7.231689851104,10.802900624251));
#8381 = CARTESIAN_POINT('',(2.869870724804,5.832138717736));
#8382 = ( GEOMETRIC_REPRESENTATION_CONTEXT(2) 
PARAMETRIC_REPRESENTATION_CONTEXT() REPRESENTATION_CONTEXT('2D SPACE',''
  ) );
#8383 = ORIENTED_EDGE('',*,*,#1521,.F.);
#8384 = ORIENTED_EDGE('',*,*,#423,.T.);
#8385 = ORIENTED_EDGE('',*,*,#2198,.F.);
#8386 = ADVANCED_FACE('',(#8387),#363,.F.);
#8387 = FACE_BOUND('',#8388,.F.);
#8388 = EDGE_LOOP('',(#8389,#8415,#8416,#8417));
#8389 = ORIENTED_EDGE('',*,*,#8390,.F.);
#8390 = EDGE_CURVE('',#4639,#5292,#8391,.T.);
#8391 = SURFACE_CURVE('',#8392,(#8397,#8404),.PCURVE_S1.);
#8392 = CIRCLE('',#8393,6.5);
#8393 = AXIS2_PLACEMENT_3D('',#8394,#8395,#8396);
#8394 = CARTESIAN_POINT('',(33.417866478876,33.417866478876,35.05142));
#8395 = DIRECTION('',(0.,0.,-1.));
#8396 = DIRECTION('',(-0.322252274691,0.946653828734,0.));
#8397 = PCURVE('',#363,#8398);
#8398 = DEFINITIONAL_REPRESENTATION('',(#8399),#8403);
#8399 = LINE('',#8400,#8401);
#8400 = CARTESIAN_POINT('',(7.3966911931,0.));
#8401 = VECTOR('',#8402,1.);
#8402 = DIRECTION('',(-1.,-0.));
#8403 = ( GEOMETRIC_REPRESENTATION_CONTEXT(2) 
PARAMETRIC_REPRESENTATION_CONTEXT() REPRESENTATION_CONTEXT('2D SPACE',''
  ) );
#8404 = PCURVE('',#4693,#8405);
#8405 = DEFINITIONAL_REPRESENTATION('',(#8406),#8414);
#8406 = ( BOUNDED_CURVE() B_SPLINE_CURVE(2,(#8407,#8408,#8409,#8410,
#8411,#8412,#8413),.UNSPECIFIED.,.T.,.F.) B_SPLINE_CURVE_WITH_KNOTS((1,2
    ,2,2,2,1),(-2.094395102393,0.,2.094395102393,4.188790204786,
6.28318530718,8.377580409573),.UNSPECIFIED.) CURVE() 
GEOMETRIC_REPRESENTATION_ITEM() RATIONAL_B_SPLINE_CURVE((1.,0.5,1.,0.5,
1.,0.5,1.)) REPRESENTATION_ITEM('') );
#8407 = CARTESIAN_POINT('',(2.869870724804,5.832138717736));
#8408 = CARTESIAN_POINT('',(12.971431300712,0.861376811221));
#8409 = CARTESIAN_POINT('',(3.615844925552,-5.401450312125));
#8410 = CARTESIAN_POINT('',(-5.739741449608,-11.66427743547));
#8411 = CARTESIAN_POINT('',(-6.485715650356,-0.43068840561));
#8412 = CARTESIAN_POINT('',(-7.231689851104,10.802900624251));
#8413 = CARTESIAN_POINT('',(2.869870724804,5.832138717736));
#8414 = ( GEOMETRIC_REPRESENTATION_CONTEXT(2) 
PARAMETRIC_REPRESENTATION_CONTEXT() REPRESENTATION_CONTEXT('2D SPACE',''
  ) );
#8415 = ORIENTED_EDGE('',*,*,#4638,.F.);
#8416 = ORIENTED_EDGE('',*,*,#342,.T.);
#8417 = ORIENTED_EDGE('',*,*,#5315,.F.);
#8418 = ADVANCED_FACE('',(#8419),#306,.F.);
#8419 = FACE_BOUND('',#8420,.F.);
#8420 = EDGE_LOOP('',(#8421,#8447,#8448,#8449));
#8421 = ORIENTED_EDGE('',*,*,#8422,.F.);
#8422 = EDGE_CURVE('',#3913,#4566,#8423,.T.);
#8423 = SURFACE_CURVE('',#8424,(#8429,#8436),.PCURVE_S1.);
#8424 = CIRCLE('',#8425,6.5);
#8425 = AXIS2_PLACEMENT_3D('',#8426,#8427,#8428);
#8426 = CARTESIAN_POINT('',(-33.41786647887,33.417866478876,35.05142));
#8427 = DIRECTION('',(-0.,0.,-1.));
#8428 = DIRECTION('',(-0.946653828734,-0.322252274691,0.));
#8429 = PCURVE('',#306,#8430);
#8430 = DEFINITIONAL_REPRESENTATION('',(#8431),#8435);
#8431 = LINE('',#8432,#8433);
#8432 = CARTESIAN_POINT('',(7.3966911931,0.));
#8433 = VECTOR('',#8434,1.);
#8434 = DIRECTION('',(-1.,-0.));
#8435 = ( GEOMETRIC_REPRESENTATION_CONTEXT(2) 
PARAMETRIC_REPRESENTATION_CONTEXT() REPRESENTATION_CONTEXT('2D SPACE',''
  ) );
#8436 = PCURVE('',#3967,#8437);
#8437 = DEFINITIONAL_REPRESENTATION('',(#8438),#8446);
#8438 = ( BOUNDED_CURVE() B_SPLINE_CURVE(2,(#8439,#8440,#8441,#8442,
#8443,#8444,#8445),.UNSPECIFIED.,.T.,.F.) B_SPLINE_CURVE_WITH_KNOTS((1,2
    ,2,2,2,1),(-2.094395102393,0.,2.094395102393,4.188790204786,
6.28318530718,8.377580409573),.UNSPECIFIED.) CURVE() 
GEOMETRIC_REPRESENTATION_ITEM() RATIONAL_B_SPLINE_CURVE((1.,0.5,1.,0.5,
1.,0.5,1.)) REPRESENTATION_ITEM('') );
#8439 = CARTESIAN_POINT('',(2.869870724804,5.832138717736));
#8440 = CARTESIAN_POINT('',(12.971431300712,0.861376811221));
#8441 = CARTESIAN_POINT('',(3.615844925552,-5.401450312125));
#8442 = CARTESIAN_POINT('',(-5.739741449608,-11.66427743547));
#8443 = CARTESIAN_POINT('',(-6.485715650356,-0.43068840561));
#8444 = CARTESIAN_POINT('',(-7.231689851104,10.802900624251));
#8445 = CARTESIAN_POINT('',(2.869870724804,5.832138717736));
#8446 = ( GEOMETRIC_REPRESENTATION_CONTEXT(2) 
PARAMETRIC_REPRESENTATION_CONTEXT() REPRESENTATION_CONTEXT('2D SPACE',''
  ) );
#8447 = ORIENTED_EDGE('',*,*,#3912,.F.);
#8448 = ORIENTED_EDGE('',*,*,#285,.T.);
#8449 = ORIENTED_EDGE('',*,*,#4589,.F.);
#8450 = ADVANCED_FACE('',(#8451),#221,.F.);
#8451 = FACE_BOUND('',#8452,.F.);
#8452 = EDGE_LOOP('',(#8453,#8454,#8475,#8476,#8477,#8478));
#8453 = ORIENTED_EDGE('',*,*,#830,.F.);
#8454 = ORIENTED_EDGE('',*,*,#8455,.F.);
#8455 = EDGE_CURVE('',#201,#831,#8456,.T.);
#8456 = SEAM_CURVE('',#8457,(#8461,#8468),.PCURVE_S1.);
#8457 = LINE('',#8458,#8459);
#8458 = CARTESIAN_POINT('',(-53.4429,12.,208.07297573937));
#8459 = VECTOR('',#8460,1.);
#8460 = DIRECTION('',(0.,0.,-1.));
#8461 = PCURVE('',#221,#8462);
#8462 = DEFINITIONAL_REPRESENTATION('',(#8463),#8467);
#8463 = LINE('',#8464,#8465);
#8464 = CARTESIAN_POINT('',(6.28318530718,-0.));
#8465 = VECTOR('',#8466,1.);
#8466 = DIRECTION('',(0.,1.));
#8467 = ( GEOMETRIC_REPRESENTATION_CONTEXT(2) 
PARAMETRIC_REPRESENTATION_CONTEXT() REPRESENTATION_CONTEXT('2D SPACE',''
  ) );
#8468 = PCURVE('',#221,#8469);
#8469 = DEFINITIONAL_REPRESENTATION('',(#8470),#8474);
#8470 = LINE('',#8471,#8472);
#8471 = CARTESIAN_POINT('',(0.,-0.));
#8472 = VECTOR('',#8473,1.);
#8473 = DIRECTION('',(0.,1.));
#8474 = ( GEOMETRIC_REPRESENTATION_CONTEXT(2) 
PARAMETRIC_REPRESENTATION_CONTEXT() REPRESENTATION_CONTEXT('2D SPACE',''
  ) );
#8475 = ORIENTED_EDGE('',*,*,#233,.T.);
#8476 = ORIENTED_EDGE('',*,*,#3221,.T.);
#8477 = ORIENTED_EDGE('',*,*,#200,.T.);
#8478 = ORIENTED_EDGE('',*,*,#8455,.T.);
#8479 = ADVANCED_FACE('',(#8480),#164,.F.);
#8480 = FACE_BOUND('',#8481,.F.);
#8481 = EDGE_LOOP('',(#8482,#8483,#8484,#8510));
#8482 = ORIENTED_EDGE('',*,*,#143,.T.);
#8483 = ORIENTED_EDGE('',*,*,#3172,.F.);
#8484 = ORIENTED_EDGE('',*,*,#8485,.F.);
#8485 = EDGE_CURVE('',#2496,#3149,#8486,.T.);
#8486 = SURFACE_CURVE('',#8487,(#8492,#8499),.PCURVE_S1.);
#8487 = CIRCLE('',#8488,6.5);
#8488 = AXIS2_PLACEMENT_3D('',#8489,#8490,#8491);
#8489 = CARTESIAN_POINT('',(-33.41786647887,-33.41786647887,35.05142));
#8490 = DIRECTION('',(0.,-0.,-1.));
#8491 = DIRECTION('',(0.322252274691,-0.946653828734,0.));
#8492 = PCURVE('',#164,#8493);
#8493 = DEFINITIONAL_REPRESENTATION('',(#8494),#8498);
#8494 = LINE('',#8495,#8496);
#8495 = CARTESIAN_POINT('',(7.3966911931,0.));
#8496 = VECTOR('',#8497,1.);
#8497 = DIRECTION('',(-1.,-0.));
#8498 = ( GEOMETRIC_REPRESENTATION_CONTEXT(2) 
PARAMETRIC_REPRESENTATION_CONTEXT() REPRESENTATION_CONTEXT('2D SPACE',''
  ) );
#8499 = PCURVE('',#2550,#8500);
#8500 = DEFINITIONAL_REPRESENTATION('',(#8501),#8509);
#8501 = ( BOUNDED_CURVE() B_SPLINE_CURVE(2,(#8502,#8503,#8504,#8505,
#8506,#8507,#8508),.UNSPECIFIED.,.T.,.F.) B_SPLINE_CURVE_WITH_KNOTS((1,2
    ,2,2,2,1),(-2.094395102393,0.,2.094395102393,4.188790204786,
6.28318530718,8.377580409573),.UNSPECIFIED.) CURVE() 
GEOMETRIC_REPRESENTATION_ITEM() RATIONAL_B_SPLINE_CURVE((1.,0.5,1.,0.5,
1.,0.5,1.)) REPRESENTATION_ITEM('') );
#8502 = CARTESIAN_POINT('',(2.869870724804,5.832138717736));
#8503 = CARTESIAN_POINT('',(12.971431300712,0.861376811221));
#8504 = CARTESIAN_POINT('',(3.615844925552,-5.401450312125));
#8505 = CARTESIAN_POINT('',(-5.739741449608,-11.66427743547));
#8506 = CARTESIAN_POINT('',(-6.485715650356,-0.43068840561));
#8507 = CARTESIAN_POINT('',(-7.231689851104,10.802900624251));
#8508 = CARTESIAN_POINT('',(2.869870724804,5.832138717736));
#8509 = ( GEOMETRIC_REPRESENTATION_CONTEXT(2) 
PARAMETRIC_REPRESENTATION_CONTEXT() REPRESENTATION_CONTEXT('2D SPACE',''
  ) );
#8510 = ORIENTED_EDGE('',*,*,#2495,.F.);
#8511 = ADVANCED_FACE('',(#8512),#681,.F.);
#8512 = FACE_BOUND('',#8513,.F.);
#8513 = EDGE_LOOP('',(#8514,#8515,#8536,#8537,#8538,#8539));
#8514 = ORIENTED_EDGE('',*,*,#2855,.T.);
#8515 = ORIENTED_EDGE('',*,*,#8516,.T.);
#8516 = EDGE_CURVE('',#2563,#661,#8517,.T.);
#8517 = SEAM_CURVE('',#8518,(#8522,#8529),.PCURVE_S1.);
#8518 = LINE('',#8519,#8520);
#8519 = CARTESIAN_POINT('',(-30.41266265883,-30.41266265883,
    208.07297565998));
#8520 = VECTOR('',#8521,1.);
#8521 = DIRECTION('',(0.,-0.,-1.));
#8522 = PCURVE('',#681,#8523);
#8523 = DEFINITIONAL_REPRESENTATION('',(#8524),#8528);
#8524 = LINE('',#8525,#8526);
#8525 = CARTESIAN_POINT('',(0.,-0.));
#8526 = VECTOR('',#8527,1.);
#8527 = DIRECTION('',(0.,1.));
#8528 = ( GEOMETRIC_REPRESENTATION_CONTEXT(2) 
PARAMETRIC_REPRESENTATION_CONTEXT() REPRESENTATION_CONTEXT('2D SPACE',''
  ) );
#8529 = PCURVE('',#681,#8530);
#8530 = DEFINITIONAL_REPRESENTATION('',(#8531),#8535);
#8531 = LINE('',#8532,#8533);
#8532 = CARTESIAN_POINT('',(6.28318530718,-0.));
#8533 = VECTOR('',#8534,1.);
#8534 = DIRECTION('',(0.,1.));
#8535 = ( GEOMETRIC_REPRESENTATION_CONTEXT(2) 
PARAMETRIC_REPRESENTATION_CONTEXT() REPRESENTATION_CONTEXT('2D SPACE',''
  ) );
#8536 = ORIENTED_EDGE('',*,*,#660,.F.);
#8537 = ORIENTED_EDGE('',*,*,#8516,.F.);
#8538 = ORIENTED_EDGE('',*,*,#2562,.T.);
#8539 = ORIENTED_EDGE('',*,*,#8540,.T.);
#8540 = EDGE_CURVE('',#2534,#2856,#8541,.T.);
#8541 = SURFACE_CURVE('',#8542,(#8547,#8554),.PCURVE_S1.);
#8542 = CIRCLE('',#8543,4.25);
#8543 = AXIS2_PLACEMENT_3D('',#8544,#8545,#8546);
#8544 = CARTESIAN_POINT('',(-33.41786647887,-33.41786647887,35.05142));
#8545 = DIRECTION('',(0.,0.,-1.));
#8546 = DIRECTION('',(0.707106781187,0.707106781187,0.));
#8547 = PCURVE('',#681,#8548);
#8548 = DEFINITIONAL_REPRESENTATION('',(#8549),#8553);
#8549 = LINE('',#8550,#8551);
#8550 = CARTESIAN_POINT('',(4.26642158859E-17,173.02155565998));
#8551 = VECTOR('',#8552,1.);
#8552 = DIRECTION('',(1.,0.));
#8553 = ( GEOMETRIC_REPRESENTATION_CONTEXT(2) 
PARAMETRIC_REPRESENTATION_CONTEXT() REPRESENTATION_CONTEXT('2D SPACE',''
  ) );
#8554 = PCURVE('',#2550,#8555);
#8555 = DEFINITIONAL_REPRESENTATION('',(#8556),#8564);
#8556 = ( BOUNDED_CURVE() B_SPLINE_CURVE(2,(#8557,#8558,#8559,#8560,
#8561,#8562,#8563),.UNSPECIFIED.,.T.,.F.) B_SPLINE_CURVE_WITH_KNOTS((1,2
    ,2,2,2,1),(-2.094395102393,0.,2.094395102393,4.188790204786,
6.28318530718,8.377580409573),.UNSPECIFIED.) CURVE() 
GEOMETRIC_REPRESENTATION_ITEM() RATIONAL_B_SPLINE_CURVE((1.,0.5,1.,0.5,
1.,0.5,1.)) REPRESENTATION_ITEM('') );
#8557 = CARTESIAN_POINT('',(-4.25,-1.813229175151E-16));
#8558 = CARTESIAN_POINT('',(-4.25,7.361215932168));
#8559 = CARTESIAN_POINT('',(2.125,3.680607966084));
#8560 = CARTESIAN_POINT('',(8.5,1.403595614305E-15));
#8561 = CARTESIAN_POINT('',(2.125,-3.680607966084));
#8562 = CARTESIAN_POINT('',(-4.25,-7.361215932168));
#8563 = CARTESIAN_POINT('',(-4.25,-1.813229175151E-16));
#8564 = ( GEOMETRIC_REPRESENTATION_CONTEXT(2) 
PARAMETRIC_REPRESENTATION_CONTEXT() REPRESENTATION_CONTEXT('2D SPACE',''
  ) );
#8565 = ADVANCED_FACE('',(#8566),#746,.F.);
#8566 = FACE_BOUND('',#8567,.F.);
#8567 = EDGE_LOOP('',(#8568,#8589,#8590,#8591));
#8568 = ORIENTED_EDGE('',*,*,#8569,.T.);
#8569 = EDGE_CURVE('',#6660,#726,#8570,.T.);
#8570 = SEAM_CURVE('',#8571,(#8575,#8582),.PCURVE_S1.);
#8571 = LINE('',#8572,#8573);
#8572 = CARTESIAN_POINT('',(-1.05910882371E-14,-43.01,208.07297565998));
#8573 = VECTOR('',#8574,1.);
#8574 = DIRECTION('',(0.,-0.,-1.));
#8575 = PCURVE('',#746,#8576);
#8576 = DEFINITIONAL_REPRESENTATION('',(#8577),#8581);
#8577 = LINE('',#8578,#8579);
#8578 = CARTESIAN_POINT('',(6.28318530718,-0.));
#8579 = VECTOR('',#8580,1.);
#8580 = DIRECTION('',(0.,1.));
#8581 = ( GEOMETRIC_REPRESENTATION_CONTEXT(2) 
PARAMETRIC_REPRESENTATION_CONTEXT() REPRESENTATION_CONTEXT('2D SPACE',''
  ) );
#8582 = PCURVE('',#746,#8583);
#8583 = DEFINITIONAL_REPRESENTATION('',(#8584),#8588);
#8584 = LINE('',#8585,#8586);
#8585 = CARTESIAN_POINT('',(0.,-0.));
#8586 = VECTOR('',#8587,1.);
#8587 = DIRECTION('',(0.,1.));
#8588 = ( GEOMETRIC_REPRESENTATION_CONTEXT(2) 
PARAMETRIC_REPRESENTATION_CONTEXT() REPRESENTATION_CONTEXT('2D SPACE',''
  ) );
#8589 = ORIENTED_EDGE('',*,*,#725,.F.);
#8590 = ORIENTED_EDGE('',*,*,#8569,.F.);
#8591 = ORIENTED_EDGE('',*,*,#6659,.T.);
#8592 = ADVANCED_FACE('',(#8593),#781,.F.);
#8593 = FACE_BOUND('',#8594,.F.);
#8594 = EDGE_LOOP('',(#8595,#8596,#8617,#8618,#8619,#8620));
#8595 = ORIENTED_EDGE('',*,*,#1881,.T.);
#8596 = ORIENTED_EDGE('',*,*,#8597,.T.);
#8597 = EDGE_CURVE('',#1589,#761,#8598,.T.);
#8598 = SEAM_CURVE('',#8599,(#8603,#8610),.PCURVE_S1.);
#8599 = LINE('',#8600,#8601);
#8600 = CARTESIAN_POINT('',(30.412662658833,-30.41266265883,
    208.07297565998));
#8601 = VECTOR('',#8602,1.);
#8602 = DIRECTION('',(0.,0.,-1.));
#8603 = PCURVE('',#781,#8604);
#8604 = DEFINITIONAL_REPRESENTATION('',(#8605),#8609);
#8605 = LINE('',#8606,#8607);
#8606 = CARTESIAN_POINT('',(0.,-0.));
#8607 = VECTOR('',#8608,1.);
#8608 = DIRECTION('',(0.,1.));
#8609 = ( GEOMETRIC_REPRESENTATION_CONTEXT(2) 
PARAMETRIC_REPRESENTATION_CONTEXT() REPRESENTATION_CONTEXT('2D SPACE',''
  ) );
#8610 = PCURVE('',#781,#8611);
#8611 = DEFINITIONAL_REPRESENTATION('',(#8612),#8616);
#8612 = LINE('',#8613,#8614);
#8613 = CARTESIAN_POINT('',(6.28318530718,-0.));
#8614 = VECTOR('',#8615,1.);
#8615 = DIRECTION('',(0.,1.));
#8616 = ( GEOMETRIC_REPRESENTATION_CONTEXT(2) 
PARAMETRIC_REPRESENTATION_CONTEXT() REPRESENTATION_CONTEXT('2D SPACE',''
  ) );
#8617 = ORIENTED_EDGE('',*,*,#760,.F.);
#8618 = ORIENTED_EDGE('',*,*,#8597,.F.);
#8619 = ORIENTED_EDGE('',*,*,#1588,.T.);
#8620 = ORIENTED_EDGE('',*,*,#8621,.T.);
#8621 = EDGE_CURVE('',#1560,#1882,#8622,.T.);
#8622 = SURFACE_CURVE('',#8623,(#8628,#8635),.PCURVE_S1.);
#8623 = CIRCLE('',#8624,4.25);
#8624 = AXIS2_PLACEMENT_3D('',#8625,#8626,#8627);
#8625 = CARTESIAN_POINT('',(33.417866478876,-33.41786647887,35.05142));
#8626 = DIRECTION('',(0.,0.,-1.));
#8627 = DIRECTION('',(-0.707106781187,0.707106781187,0.));
#8628 = PCURVE('',#781,#8629);
#8629 = DEFINITIONAL_REPRESENTATION('',(#8630),#8634);
#8630 = LINE('',#8631,#8632);
#8631 = CARTESIAN_POINT('',(0.,173.02155565998));
#8632 = VECTOR('',#8633,1.);
#8633 = DIRECTION('',(1.,0.));
#8634 = ( GEOMETRIC_REPRESENTATION_CONTEXT(2) 
PARAMETRIC_REPRESENTATION_CONTEXT() REPRESENTATION_CONTEXT('2D SPACE',''
  ) );
#8635 = PCURVE('',#1576,#8636);
#8636 = DEFINITIONAL_REPRESENTATION('',(#8637),#8645);
#8637 = ( BOUNDED_CURVE() B_SPLINE_CURVE(2,(#8638,#8639,#8640,#8641,
#8642,#8643,#8644),.UNSPECIFIED.,.T.,.F.) B_SPLINE_CURVE_WITH_KNOTS((1,2
    ,2,2,2,1),(-2.094395102393,0.,2.094395102393,4.188790204786,
6.28318530718,8.377580409573),.UNSPECIFIED.) CURVE() 
GEOMETRIC_REPRESENTATION_ITEM() RATIONAL_B_SPLINE_CURVE((1.,0.5,1.,0.5,
1.,0.5,1.)) REPRESENTATION_ITEM('') );
#8638 = CARTESIAN_POINT('',(-4.25,4.312277951967E-17));
#8639 = CARTESIAN_POINT('',(-4.25,7.361215932168));
#8640 = CARTESIAN_POINT('',(2.125,3.680607966084));
#8641 = CARTESIAN_POINT('',(8.5,9.547042202359E-16));
#8642 = CARTESIAN_POINT('',(2.125,-3.680607966084));
#8643 = CARTESIAN_POINT('',(-4.25,-7.361215932168));
#8644 = CARTESIAN_POINT('',(-4.25,4.312277951967E-17));
#8645 = ( GEOMETRIC_REPRESENTATION_CONTEXT(2) 
PARAMETRIC_REPRESENTATION_CONTEXT() REPRESENTATION_CONTEXT('2D SPACE',''
  ) );
#8646 = ADVANCED_FACE('',(#8647),#816,.F.);
#8647 = FACE_BOUND('',#8648,.F.);
#8648 = EDGE_LOOP('',(#8649,#8670,#8671,#8672));
#8649 = ORIENTED_EDGE('',*,*,#8650,.T.);
#8650 = EDGE_CURVE('',#5840,#796,#8651,.T.);
#8651 = SEAM_CURVE('',#8652,(#8656,#8663),.PCURVE_S1.);
#8652 = LINE('',#8653,#8654);
#8653 = CARTESIAN_POINT('',(-43.01,6.308155662408E-15,208.07297565998));
#8654 = VECTOR('',#8655,1.);
#8655 = DIRECTION('',(-0.,0.,-1.));
#8656 = PCURVE('',#816,#8657);
#8657 = DEFINITIONAL_REPRESENTATION('',(#8658),#8662);
#8658 = LINE('',#8659,#8660);
#8659 = CARTESIAN_POINT('',(6.28318530718,-0.));
#8660 = VECTOR('',#8661,1.);
#8661 = DIRECTION('',(0.,1.));
#8662 = ( GEOMETRIC_REPRESENTATION_CONTEXT(2) 
PARAMETRIC_REPRESENTATION_CONTEXT() REPRESENTATION_CONTEXT('2D SPACE',''
  ) );
#8663 = PCURVE('',#816,#8664);
#8664 = DEFINITIONAL_REPRESENTATION('',(#8665),#8669);
#8665 = LINE('',#8666,#8667);
#8666 = CARTESIAN_POINT('',(0.,-0.));
#8667 = VECTOR('',#8668,1.);
#8668 = DIRECTION('',(0.,1.));
#8669 = ( GEOMETRIC_REPRESENTATION_CONTEXT(2) 
PARAMETRIC_REPRESENTATION_CONTEXT() REPRESENTATION_CONTEXT('2D SPACE',''
  ) );
#8670 = ORIENTED_EDGE('',*,*,#795,.F.);
#8671 = ORIENTED_EDGE('',*,*,#8650,.F.);
#8672 = ORIENTED_EDGE('',*,*,#5839,.T.);
#8673 = ADVANCED_FACE('',(#8674),#881,.F.);
#8674 = FACE_BOUND('',#8675,.F.);
#8675 = EDGE_LOOP('',(#8676,#8677,#8698,#8699,#8700,#8701));
#8676 = ORIENTED_EDGE('',*,*,#4272,.T.);
#8677 = ORIENTED_EDGE('',*,*,#8678,.T.);
#8678 = EDGE_CURVE('',#3980,#861,#8679,.T.);
#8679 = SEAM_CURVE('',#8680,(#8684,#8691),.PCURVE_S1.);
#8680 = LINE('',#8681,#8682);
#8681 = CARTESIAN_POINT('',(-30.41266265883,30.412662658833,
    208.07297565998));
#8682 = VECTOR('',#8683,1.);
#8683 = DIRECTION('',(-0.,0.,-1.));
#8684 = PCURVE('',#881,#8685);
#8685 = DEFINITIONAL_REPRESENTATION('',(#8686),#8690);
#8686 = LINE('',#8687,#8688);
#8687 = CARTESIAN_POINT('',(0.,-0.));
#8688 = VECTOR('',#8689,1.);
#8689 = DIRECTION('',(0.,1.));
#8690 = ( GEOMETRIC_REPRESENTATION_CONTEXT(2) 
PARAMETRIC_REPRESENTATION_CONTEXT() REPRESENTATION_CONTEXT('2D SPACE',''
  ) );
#8691 = PCURVE('',#881,#8692);
#8692 = DEFINITIONAL_REPRESENTATION('',(#8693),#8697);
#8693 = LINE('',#8694,#8695);
#8694 = CARTESIAN_POINT('',(6.28318530718,-0.));
#8695 = VECTOR('',#8696,1.);
#8696 = DIRECTION('',(0.,1.));
#8697 = ( GEOMETRIC_REPRESENTATION_CONTEXT(2) 
PARAMETRIC_REPRESENTATION_CONTEXT() REPRESENTATION_CONTEXT('2D SPACE',''
  ) );
#8698 = ORIENTED_EDGE('',*,*,#860,.F.);
#8699 = ORIENTED_EDGE('',*,*,#8678,.F.);
#8700 = ORIENTED_EDGE('',*,*,#3979,.T.);
#8701 = ORIENTED_EDGE('',*,*,#8702,.T.);
#8702 = EDGE_CURVE('',#3951,#4273,#8703,.T.);
#8703 = SURFACE_CURVE('',#8704,(#8709,#8716),.PCURVE_S1.);
#8704 = CIRCLE('',#8705,4.25);
#8705 = AXIS2_PLACEMENT_3D('',#8706,#8707,#8708);
#8706 = CARTESIAN_POINT('',(-33.41786647887,33.417866478876,35.05142));
#8707 = DIRECTION('',(-0.,0.,-1.));
#8708 = DIRECTION('',(0.707106781187,-0.707106781187,-0.));
#8709 = PCURVE('',#881,#8710);
#8710 = DEFINITIONAL_REPRESENTATION('',(#8711),#8715);
#8711 = LINE('',#8712,#8713);
#8712 = CARTESIAN_POINT('',(0.,173.02155565998));
#8713 = VECTOR('',#8714,1.);
#8714 = DIRECTION('',(1.,0.));
#8715 = ( GEOMETRIC_REPRESENTATION_CONTEXT(2) 
PARAMETRIC_REPRESENTATION_CONTEXT() REPRESENTATION_CONTEXT('2D SPACE',''
  ) );
#8716 = PCURVE('',#3967,#8717);
#8717 = DEFINITIONAL_REPRESENTATION('',(#8718),#8726);
#8718 = ( BOUNDED_CURVE() B_SPLINE_CURVE(2,(#8719,#8720,#8721,#8722,
#8723,#8724,#8725),.UNSPECIFIED.,.T.,.F.) B_SPLINE_CURVE_WITH_KNOTS((1,2
    ,2,2,2,1),(-2.094395102393,0.,2.094395102393,4.188790204786,
6.28318530718,8.377580409573),.UNSPECIFIED.) CURVE() 
GEOMETRIC_REPRESENTATION_ITEM() RATIONAL_B_SPLINE_CURVE((1.,0.5,1.,0.5,
1.,0.5,1.)) REPRESENTATION_ITEM('') );
#8719 = CARTESIAN_POINT('',(-4.25,4.312277951967E-17));
#8720 = CARTESIAN_POINT('',(-4.25,7.361215932168));
#8721 = CARTESIAN_POINT('',(2.125,3.680607966084));
#8722 = CARTESIAN_POINT('',(8.5,9.547042202359E-16));
#8723 = CARTESIAN_POINT('',(2.125,-3.680607966084));
#8724 = CARTESIAN_POINT('',(-4.25,-7.361215932168));
#8725 = CARTESIAN_POINT('',(-4.25,4.312277951967E-17));
#8726 = ( GEOMETRIC_REPRESENTATION_CONTEXT(2) 
PARAMETRIC_REPRESENTATION_CONTEXT() REPRESENTATION_CONTEXT('2D SPACE',''
  ) );
#8727 = ADVANCED_FACE('',(#8728),#916,.F.);
#8728 = FACE_BOUND('',#8729,.F.);
#8729 = EDGE_LOOP('',(#8730,#8751,#8752,#8753,#8754));
#8730 = ORIENTED_EDGE('',*,*,#8731,.T.);
#8731 = EDGE_CURVE('',#5791,#896,#8732,.T.);
#8732 = SEAM_CURVE('',#8733,(#8737,#8744),.PCURVE_S1.);
#8733 = LINE('',#8734,#8735);
#8734 = CARTESIAN_POINT('',(-40.2325,-9.854120469339E-15,208.07297565998
    ));
#8735 = VECTOR('',#8736,1.);
#8736 = DIRECTION('',(0.,0.,-1.));
#8737 = PCURVE('',#916,#8738);
#8738 = DEFINITIONAL_REPRESENTATION('',(#8739),#8743);
#8739 = LINE('',#8740,#8741);
#8740 = CARTESIAN_POINT('',(6.28318530718,-0.));
#8741 = VECTOR('',#8742,1.);
#8742 = DIRECTION('',(0.,1.));
#8743 = ( GEOMETRIC_REPRESENTATION_CONTEXT(2) 
PARAMETRIC_REPRESENTATION_CONTEXT() REPRESENTATION_CONTEXT('2D SPACE',''
  ) );
#8744 = PCURVE('',#916,#8745);
#8745 = DEFINITIONAL_REPRESENTATION('',(#8746),#8750);
#8746 = LINE('',#8747,#8748);
#8747 = CARTESIAN_POINT('',(0.,-0.));
#8748 = VECTOR('',#8749,1.);
#8749 = DIRECTION('',(0.,1.));
#8750 = ( GEOMETRIC_REPRESENTATION_CONTEXT(2) 
PARAMETRIC_REPRESENTATION_CONTEXT() REPRESENTATION_CONTEXT('2D SPACE',''
  ) );
#8751 = ORIENTED_EDGE('',*,*,#895,.F.);
#8752 = ORIENTED_EDGE('',*,*,#8731,.F.);
#8753 = ORIENTED_EDGE('',*,*,#5790,.T.);
#8754 = ORIENTED_EDGE('',*,*,#5814,.T.);
#8755 = ADVANCED_FACE('',(#8756),#951,.F.);
#8756 = FACE_BOUND('',#8757,.F.);
#8757 = EDGE_LOOP('',(#8758,#8779,#8780,#8781,#8782));
#8758 = ORIENTED_EDGE('',*,*,#8759,.T.);
#8759 = EDGE_CURVE('',#1039,#931,#8760,.T.);
#8760 = SEAM_CURVE('',#8761,(#8765,#8772),.PCURVE_S1.);
#8761 = LINE('',#8762,#8763);
#8762 = CARTESIAN_POINT('',(43.01,-1.040949779275E-15,208.07297565998));
#8763 = VECTOR('',#8764,1.);
#8764 = DIRECTION('',(0.,0.,-1.));
#8765 = PCURVE('',#951,#8766);
#8766 = DEFINITIONAL_REPRESENTATION('',(#8767),#8771);
#8767 = LINE('',#8768,#8769);
#8768 = CARTESIAN_POINT('',(6.28318530718,-0.));
#8769 = VECTOR('',#8770,1.);
#8770 = DIRECTION('',(0.,1.));
#8771 = ( GEOMETRIC_REPRESENTATION_CONTEXT(2) 
PARAMETRIC_REPRESENTATION_CONTEXT() REPRESENTATION_CONTEXT('2D SPACE',''
  ) );
#8772 = PCURVE('',#951,#8773);
#8773 = DEFINITIONAL_REPRESENTATION('',(#8774),#8778);
#8774 = LINE('',#8775,#8776);
#8775 = CARTESIAN_POINT('',(0.,-0.));
#8776 = VECTOR('',#8777,1.);
#8777 = DIRECTION('',(0.,1.));
#8778 = ( GEOMETRIC_REPRESENTATION_CONTEXT(2) 
PARAMETRIC_REPRESENTATION_CONTEXT() REPRESENTATION_CONTEXT('2D SPACE',''
  ) );
#8779 = ORIENTED_EDGE('',*,*,#930,.F.);
#8780 = ORIENTED_EDGE('',*,*,#8759,.F.);
#8781 = ORIENTED_EDGE('',*,*,#5371,.T.);
#8782 = ORIENTED_EDGE('',*,*,#1036,.T.);
#8783 = ADVANCED_FACE('',(#8784),#986,.F.);
#8784 = FACE_BOUND('',#8785,.F.);
#8785 = EDGE_LOOP('',(#8786,#8807,#8808,#8809));
#8786 = ORIENTED_EDGE('',*,*,#8787,.T.);
#8787 = EDGE_CURVE('',#7480,#966,#8788,.T.);
#8788 = SEAM_CURVE('',#8789,(#8793,#8800),.PCURVE_S1.);
#8789 = LINE('',#8790,#8791);
#8790 = CARTESIAN_POINT('',(5.816019008188E-15,43.01,208.07297565998));
#8791 = VECTOR('',#8792,1.);
#8792 = DIRECTION('',(0.,0.,-1.));
#8793 = PCURVE('',#986,#8794);
#8794 = DEFINITIONAL_REPRESENTATION('',(#8795),#8799);
#8795 = LINE('',#8796,#8797);
#8796 = CARTESIAN_POINT('',(6.28318530718,-0.));
#8797 = VECTOR('',#8798,1.);
#8798 = DIRECTION('',(0.,1.));
#8799 = ( GEOMETRIC_REPRESENTATION_CONTEXT(2) 
PARAMETRIC_REPRESENTATION_CONTEXT() REPRESENTATION_CONTEXT('2D SPACE',''
  ) );
#8800 = PCURVE('',#986,#8801);
#8801 = DEFINITIONAL_REPRESENTATION('',(#8802),#8806);
#8802 = LINE('',#8803,#8804);
#8803 = CARTESIAN_POINT('',(0.,-0.));
#8804 = VECTOR('',#8805,1.);
#8805 = DIRECTION('',(0.,1.));
#8806 = ( GEOMETRIC_REPRESENTATION_CONTEXT(2) 
PARAMETRIC_REPRESENTATION_CONTEXT() REPRESENTATION_CONTEXT('2D SPACE',''
  ) );
#8807 = ORIENTED_EDGE('',*,*,#965,.F.);
#8808 = ORIENTED_EDGE('',*,*,#8787,.F.);
#8809 = ORIENTED_EDGE('',*,*,#7479,.T.);
#8810 = ADVANCED_FACE('',(#8811),#1021,.F.);
#8811 = FACE_BOUND('',#8812,.F.);
#8812 = EDGE_LOOP('',(#8813,#8814,#8835,#8836,#8837,#8838));
#8813 = ORIENTED_EDGE('',*,*,#4998,.T.);
#8814 = ORIENTED_EDGE('',*,*,#8815,.T.);
#8815 = EDGE_CURVE('',#4706,#1001,#8816,.T.);
#8816 = SEAM_CURVE('',#8817,(#8821,#8828),.PCURVE_S1.);
#8817 = LINE('',#8818,#8819);
#8818 = CARTESIAN_POINT('',(30.412662658833,30.412662658833,
    208.07297565998));
#8819 = VECTOR('',#8820,1.);
#8820 = DIRECTION('',(0.,0.,-1.));
#8821 = PCURVE('',#1021,#8822);
#8822 = DEFINITIONAL_REPRESENTATION('',(#8823),#8827);
#8823 = LINE('',#8824,#8825);
#8824 = CARTESIAN_POINT('',(0.,-0.));
#8825 = VECTOR('',#8826,1.);
#8826 = DIRECTION('',(0.,1.));
#8827 = ( GEOMETRIC_REPRESENTATION_CONTEXT(2) 
PARAMETRIC_REPRESENTATION_CONTEXT() REPRESENTATION_CONTEXT('2D SPACE',''
  ) );
#8828 = PCURVE('',#1021,#8829);
#8829 = DEFINITIONAL_REPRESENTATION('',(#8830),#8834);
#8830 = LINE('',#8831,#8832);
#8831 = CARTESIAN_POINT('',(6.28318530718,-0.));
#8832 = VECTOR('',#8833,1.);
#8833 = DIRECTION('',(0.,1.));
#8834 = ( GEOMETRIC_REPRESENTATION_CONTEXT(2) 
PARAMETRIC_REPRESENTATION_CONTEXT() REPRESENTATION_CONTEXT('2D SPACE',''
  ) );
#8835 = ORIENTED_EDGE('',*,*,#1000,.F.);
#8836 = ORIENTED_EDGE('',*,*,#8815,.F.);
#8837 = ORIENTED_EDGE('',*,*,#4705,.T.);
#8838 = ORIENTED_EDGE('',*,*,#8839,.T.);
#8839 = EDGE_CURVE('',#4677,#4999,#8840,.T.);
#8840 = SURFACE_CURVE('',#8841,(#8846,#8853),.PCURVE_S1.);
#8841 = CIRCLE('',#8842,4.25);
#8842 = AXIS2_PLACEMENT_3D('',#8843,#8844,#8845);
#8843 = CARTESIAN_POINT('',(33.417866478876,33.417866478876,35.05142));
#8844 = DIRECTION('',(0.,0.,-1.));
#8845 = DIRECTION('',(-0.707106781187,-0.707106781187,-0.));
#8846 = PCURVE('',#1021,#8847);
#8847 = DEFINITIONAL_REPRESENTATION('',(#8848),#8852);
#8848 = LINE('',#8849,#8850);
#8849 = CARTESIAN_POINT('',(1.014653635757E-17,173.02155565998));
#8850 = VECTOR('',#8851,1.);
#8851 = DIRECTION('',(1.,0.));
#8852 = ( GEOMETRIC_REPRESENTATION_CONTEXT(2) 
PARAMETRIC_REPRESENTATION_CONTEXT() REPRESENTATION_CONTEXT('2D SPACE',''
  ) );
#8853 = PCURVE('',#4693,#8854);
#8854 = DEFINITIONAL_REPRESENTATION('',(#8855),#8863);
#8855 = ( BOUNDED_CURVE() B_SPLINE_CURVE(2,(#8856,#8857,#8858,#8859,
#8860,#8861,#8862),.UNSPECIFIED.,.T.,.F.) B_SPLINE_CURVE_WITH_KNOTS((1,2
    ,2,2,2,1),(-2.094395102393,0.,2.094395102393,4.188790204786,
6.28318530718,8.377580409573),.UNSPECIFIED.) CURVE() 
GEOMETRIC_REPRESENTATION_ITEM() RATIONAL_B_SPLINE_CURVE((1.,0.5,1.,0.5,
1.,0.5,1.)) REPRESENTATION_ITEM('') );
#8856 = CARTESIAN_POINT('',(-4.25,-4.312277951967E-17));
#8857 = CARTESIAN_POINT('',(-4.25,7.361215932168));
#8858 = CARTESIAN_POINT('',(2.125,3.680607966084));
#8859 = CARTESIAN_POINT('',(8.5,1.127195338315E-15));
#8860 = CARTESIAN_POINT('',(2.125,-3.680607966084));
#8861 = CARTESIAN_POINT('',(-4.25,-7.361215932168));
#8862 = CARTESIAN_POINT('',(-4.25,-4.312277951967E-17));
#8863 = ( GEOMETRIC_REPRESENTATION_CONTEXT(2) 
PARAMETRIC_REPRESENTATION_CONTEXT() REPRESENTATION_CONTEXT('2D SPACE',''
  ) );
#8864 = ADVANCED_FACE('',(#8865),#4693,.T.);
#8865 = FACE_BOUND('',#8866,.T.);
#8866 = EDGE_LOOP('',(#8867,#8868,#8869,#8870));
#8867 = ORIENTED_EDGE('',*,*,#5291,.F.);
#8868 = ORIENTED_EDGE('',*,*,#8390,.F.);
#8869 = ORIENTED_EDGE('',*,*,#4676,.F.);
#8870 = ORIENTED_EDGE('',*,*,#8839,.T.);
#8871 = ADVANCED_FACE('',(#8872),#3967,.T.);
#8872 = FACE_BOUND('',#8873,.T.);
#8873 = EDGE_LOOP('',(#8874,#8875,#8876,#8877));
#8874 = ORIENTED_EDGE('',*,*,#4565,.F.);
#8875 = ORIENTED_EDGE('',*,*,#8422,.F.);
#8876 = ORIENTED_EDGE('',*,*,#3950,.F.);
#8877 = ORIENTED_EDGE('',*,*,#8702,.T.);
#8878 = ADVANCED_FACE('',(#8879),#2550,.T.);
#8879 = FACE_BOUND('',#8880,.T.);
#8880 = EDGE_LOOP('',(#8881,#8882,#8883,#8884));
#8881 = ORIENTED_EDGE('',*,*,#3148,.F.);
#8882 = ORIENTED_EDGE('',*,*,#8485,.F.);
#8883 = ORIENTED_EDGE('',*,*,#2533,.F.);
#8884 = ORIENTED_EDGE('',*,*,#8540,.T.);
#8885 = ADVANCED_FACE('',(#8886),#1576,.T.);
#8886 = FACE_BOUND('',#8887,.T.);
#8887 = EDGE_LOOP('',(#8888,#8889,#8890,#8891));
#8888 = ORIENTED_EDGE('',*,*,#2174,.F.);
#8889 = ORIENTED_EDGE('',*,*,#8358,.F.);
#8890 = ORIENTED_EDGE('',*,*,#1559,.F.);
#8891 = ORIENTED_EDGE('',*,*,#8621,.T.);
#8892 = ( GEOMETRIC_REPRESENTATION_CONTEXT(3) 
GLOBAL_UNCERTAINTY_ASSIGNED_CONTEXT((#8896)) 
GLOBAL_UNIT_ASSIGNED_CONTEXT((#8893,#8894,#8895)) REPRESENTATION_CONTEXT
('Context #1','3D Context with UNIT and UNCERTAINTY') );
#8893 = ( LENGTH_UNIT() NAMED_UNIT(*) SI_UNIT(.MILLI.,.METRE.) );
#8894 = ( NAMED_UNIT(*) PLANE_ANGLE_UNIT() SI_UNIT($,.RADIAN.) );
#8895 = ( NAMED_UNIT(*) SI_UNIT($,.STERADIAN.) SOLID_ANGLE_UNIT() );
#8896 = UNCERTAINTY_MEASURE_WITH_UNIT(LENGTH_MEASURE(1.E-07),#8893,
  'distance_accuracy_value','confusion accuracy');
#8897 = PRODUCT_RELATED_PRODUCT_CATEGORY('part',$,(#7));
ENDSEC;
END-ISO-10303-21;
