ISO-10303-21;
HEADER;
FILE_DESCRIPTION(('ArchDisc Geometry Kernel Export'),'2;1');
FILE_NAME('TPSL-SEAL-CRG-0002.step','20260509T193852',('ArchDisc'),('ArchDisc Inc'),'ArchDisc Kernel 1.0','ArchDisc','');
FILE_SCHEMA(('AUTOMOTIVE_DESIGN'));
ENDSEC;
DATA;
#1=APPLICATION_CONTEXT('automotive design');
#2=APPLICATION_PROTOCOL_DEFINITION('international standard','automotive_design',2009,#1);
#3=PRODUCT_CONTEXT('',#1,'mechanical');
#4=PRODUCT('TPSL-SEAL-CRG-0002','TPSL-SEAL-CRG-0002','',(#3));
#5=PRODUCT_DEFINITION_FORMATION('','',#4);
#6=PRODUCT_DEFINITION_CONTEXT('design',#1,'design');
#7=PRODUCT_DEFINITION('design','',#5,#6);
#8=PRODUCT_DEFINITION_SHAPE('','',#7);
#9=(GEOMETRIC_REPRESENTATION_CONTEXT(3) GLOBAL_UNCERTAINTY_ASSIGNED_CONTEXT((#0)) GLOBAL_UNIT_ASSIGNED_CONTEXT((#0,#0,#0)) REPRESENTATION_CONTEXT('Context3D','');
#10=CARTESIAN_POINT('',(0.08650000000000001,0,0));
#11=VERTEX_POINT('',#10);
#12=CARTESIAN_POINT('',(0.0857599805088346,0,0.011290515627034462));
#13=VERTEX_POINT('',#12);
#14=CARTESIAN_POINT('',(0.08532439929374885,0.0010606601717798212,0.01123317027216627));
#15=VERTEX_POINT('',#14);
#16=CARTESIAN_POINT('',(0.08606066017177982,0.0010606601717798212,0));
#17=VERTEX_POINT('',#16);
#18=CARTESIAN_POINT('',(0.08427281321677389,0.0015,0.011094726338704385));
#19=VERTEX_POINT('',#18);
#20=CARTESIAN_POINT('',(0.085,0.0015,0));
#21=VERTEX_POINT('',#20);
#22=CARTESIAN_POINT('',(0.08322122713979893,0.0010606601717798214,0.010956282405242499));
#23=VERTEX_POINT('',#22);
#24=CARTESIAN_POINT('',(0.08393933982822019,0.0010606601717798214,0));
#25=VERTEX_POINT('',#24);
#26=CARTESIAN_POINT('',(0.08278564592471317,1.8369701987210298e-19,0.010898937050374306));
#27=VERTEX_POINT('',#26);
#28=CARTESIAN_POINT('',(0.0835,1.8369701987210298e-19,0));
#29=VERTEX_POINT('',#28);
#30=CARTESIAN_POINT('',(0.08322122713979893,-0.0010606601717798212,0.010956282405242499));
#31=VERTEX_POINT('',#30);
#32=CARTESIAN_POINT('',(0.08393933982822019,-0.0010606601717798212,0));
#33=VERTEX_POINT('',#32);
#34=CARTESIAN_POINT('',(0.08427281321677389,-0.0015,0.011094726338704385));
#35=VERTEX_POINT('',#34);
#36=CARTESIAN_POINT('',(0.085,-0.0015,0));
#37=VERTEX_POINT('',#36);
#38=CARTESIAN_POINT('',(0.08532439929374885,-0.0010606601717798216,0.01123317027216627));
#39=VERTEX_POINT('',#38);
#40=CARTESIAN_POINT('',(0.08606066017177982,-0.0010606601717798216,0));
#41=VERTEX_POINT('',#40);
#42=CARTESIAN_POINT('',(0.08355258397400442,0,0.022387847401368045));
#43=VERTEX_POINT('',#42);
#44=CARTESIAN_POINT('',(0.08312821428740914,0.0010606601717798212,0.02227413788655259));
#45=VERTEX_POINT('',#44);
#46=CARTESIAN_POINT('',(0.08210369523457081,0.0015,0.021999618833714263));
#47=VERTEX_POINT('',#46);
#48=CARTESIAN_POINT('',(0.08107917618173249,0.0010606601717798214,0.021725099780875938));
#49=VERTEX_POINT('',#48);
#50=CARTESIAN_POINT('',(0.0806548064951372,1.8369701987210298e-19,0.021611390266060484));
#51=VERTEX_POINT('',#50);
#52=CARTESIAN_POINT('',(0.08107917618173249,-0.0010606601717798212,0.021725099780875938));
#53=VERTEX_POINT('',#52);
#54=CARTESIAN_POINT('',(0.08210369523457081,-0.0015,0.021999618833714263));
#55=VERTEX_POINT('',#54);
#56=CARTESIAN_POINT('',(0.08312821428740914,-0.0010606601717798216,0.02227413788655259));
#57=VERTEX_POINT('',#56);
#58=CARTESIAN_POINT('',(0.07991557956222631,0,0.03310211689958027));
#59=VERTEX_POINT('',#58);
#60=CARTESIAN_POINT('',(0.07950968248711665,0.0010606601717798212,0.03293398882614228));
#61=VERTEX_POINT('',#60);
#62=CARTESIAN_POINT('',(0.07852976026345938,0.0015,0.032528091751032634));
#63=VERTEX_POINT('',#62);
#64=CARTESIAN_POINT('',(0.0775498380398021,0.0010606601717798214,0.03212219467592299));
#65=VERTEX_POINT('',#64);
#66=CARTESIAN_POINT('',(0.07714394096469245,1.8369701987210298e-19,0.031954066602484996));
#67=VERTEX_POINT('',#66);
#68=CARTESIAN_POINT('',(0.0775498380398021,-0.0010606601717798212,0.03212219467592299));
#69=VERTEX_POINT('',#68);
#70=CARTESIAN_POINT('',(0.07852976026345938,-0.0015,0.032528091751032634));
#71=VERTEX_POINT('',#70);
#72=CARTESIAN_POINT('',(0.07950968248711665,-0.0010606601717798216,0.03293398882614228));
#73=VERTEX_POINT('',#72);
#74=CARTESIAN_POINT('',(0.07491119742735396,0,0.04325));
#75=VERTEX_POINT('',#74);
#76=CARTESIAN_POINT('',(0.07453071797522098,0.0010606601717798212,0.043030330085889905));
#77=VERTEX_POINT('',#76);
#78=CARTESIAN_POINT('',(0.07361215932167729,0.0015,0.042499999999999996));
#79=VERTEX_POINT('',#78);
#80=CARTESIAN_POINT('',(0.0726936006681336,0.0010606601717798214,0.04196966991411009));
#81=VERTEX_POINT('',#80);
#82=CARTESIAN_POINT('',(0.07231312121600064,1.8369701987210298e-19,0.041749999999999995));
#83=VERTEX_POINT('',#82);
#84=CARTESIAN_POINT('',(0.0726936006681336,-0.0010606601717798212,0.04196966991411009));
#85=VERTEX_POINT('',#84);
#86=CARTESIAN_POINT('',(0.07361215932167729,-0.0015,0.042499999999999996));
#87=VERTEX_POINT('',#86);
#88=CARTESIAN_POINT('',(0.07453071797522098,-0.0010606601717798216,0.043030330085889905));
#89=VERTEX_POINT('',#88);
#90=CARTESIAN_POINT('',(0.06862506393519185,0,0.05265786360925434));
#91=VERTEX_POINT('',#90);
#92=CARTESIAN_POINT('',(0.06827651221495039,0.0010606601717798212,0.05239041046760658));
#93=VERTEX_POINT('',#92);
#94=CARTESIAN_POINT('',(0.067435033924755,0.0015,0.05174472146574126));
#95=VERTEX_POINT('',#94);
#96=CARTESIAN_POINT('',(0.0665935556345596,0.0010606601717798214,0.05109903246387594));
#97=VERTEX_POINT('',#96);
#98=CARTESIAN_POINT('',(0.06624500391431815,1.8369701987210298e-19,0.050831579322228176));
#99=VERTEX_POINT('',#98);
#100=CARTESIAN_POINT('',(0.0665935556345596,-0.0010606601717798212,0.05109903246387594));
#101=VERTEX_POINT('',#100);
#102=CARTESIAN_POINT('',(0.067435033924755,-0.0015,0.05174472146574126));
#103=VERTEX_POINT('',#102);
#104=CARTESIAN_POINT('',(0.06827651221495039,-0.0010606601717798216,0.05239041046760658));
#105=VERTEX_POINT('',#104);
#106=CARTESIAN_POINT('',(0.06116473657263637,0,0.06116473657263636));
#107=VERTEX_POINT('',#106);
#108=CARTESIAN_POINT('',(0.06085407640085654,0.0010606601717798212,0.060854076400856535));
#109=VERTEX_POINT('',#108);
#110=CARTESIAN_POINT('',(0.06010407640085655,0.0015,0.06010407640085654));
#111=VERTEX_POINT('',#110);
#112=CARTESIAN_POINT('',(0.05935407640085655,0.0010606601717798214,0.05935407640085654));
#113=VERTEX_POINT('',#112);
#114=CARTESIAN_POINT('',(0.059043416229076724,1.8369701987210298e-19,0.05904341622907672));
#115=VERTEX_POINT('',#114);
#116=CARTESIAN_POINT('',(0.05935407640085655,-0.0010606601717798212,0.05935407640085654));
#117=VERTEX_POINT('',#116);
#118=CARTESIAN_POINT('',(0.06010407640085655,-0.0015,0.06010407640085654));
#119=VERTEX_POINT('',#118);
#120=CARTESIAN_POINT('',(0.06085407640085654,-0.0010606601717798216,0.060854076400856535));
#121=VERTEX_POINT('',#120);
#122=CARTESIAN_POINT('',(0.05265786360925434,0,0.06862506393519185));
#123=VERTEX_POINT('',#122);
#124=CARTESIAN_POINT('',(0.05239041046760658,0.0010606601717798212,0.06827651221495039));
#125=VERTEX_POINT('',#124);
#126=CARTESIAN_POINT('',(0.05174472146574126,0.0015,0.067435033924755));
#127=VERTEX_POINT('',#126);
#128=CARTESIAN_POINT('',(0.05109903246387594,0.0010606601717798214,0.0665935556345596));
#129=VERTEX_POINT('',#128);
#130=CARTESIAN_POINT('',(0.050831579322228176,1.8369701987210298e-19,0.06624500391431815));
#131=VERTEX_POINT('',#130);
#132=CARTESIAN_POINT('',(0.05109903246387594,-0.0010606601717798212,0.0665935556345596));
#133=VERTEX_POINT('',#132);
#134=CARTESIAN_POINT('',(0.05174472146574126,-0.0015,0.067435033924755));
#135=VERTEX_POINT('',#134);
#136=CARTESIAN_POINT('',(0.05239041046760658,-0.0010606601717798216,0.06827651221495039));
#137=VERTEX_POINT('',#136);
#138=CARTESIAN_POINT('',(0.04325000000000001,0,0.07491119742735394));
#139=VERTEX_POINT('',#138);
#140=CARTESIAN_POINT('',(0.04303033008588992,0.0010606601717798212,0.07453071797522097));
#141=VERTEX_POINT('',#140);
#142=CARTESIAN_POINT('',(0.04250000000000001,0.0015,0.07361215932167729));
#143=VERTEX_POINT('',#142);
#144=CARTESIAN_POINT('',(0.0419696699141101,0.0010606601717798214,0.0726936006681336));
#145=VERTEX_POINT('',#144);
#146=CARTESIAN_POINT('',(0.04175000000000001,1.8369701987210298e-19,0.07231312121600063));
#147=VERTEX_POINT('',#146);
#148=CARTESIAN_POINT('',(0.0419696699141101,-0.0010606601717798212,0.0726936006681336));
#149=VERTEX_POINT('',#148);
#150=CARTESIAN_POINT('',(0.04250000000000001,-0.0015,0.07361215932167729));
#151=VERTEX_POINT('',#150);
#152=CARTESIAN_POINT('',(0.04303033008588992,-0.0010606601717798216,0.07453071797522097));
#153=VERTEX_POINT('',#152);
#154=CARTESIAN_POINT('',(0.03310211689958027,0,0.07991557956222631));
#155=VERTEX_POINT('',#154);
#156=CARTESIAN_POINT('',(0.032933988826142284,0.0010606601717798212,0.07950968248711665));
#157=VERTEX_POINT('',#156);
#158=CARTESIAN_POINT('',(0.03252809175103264,0.0015,0.07852976026345938));
#159=VERTEX_POINT('',#158);
#160=CARTESIAN_POINT('',(0.03212219467592299,0.0010606601717798214,0.0775498380398021));
#161=VERTEX_POINT('',#160);
#162=CARTESIAN_POINT('',(0.031954066602485,1.8369701987210298e-19,0.07714394096469245));
#163=VERTEX_POINT('',#162);
#164=CARTESIAN_POINT('',(0.03212219467592299,-0.0010606601717798212,0.0775498380398021));
#165=VERTEX_POINT('',#164);
#166=CARTESIAN_POINT('',(0.03252809175103264,-0.0015,0.07852976026345938));
#167=VERTEX_POINT('',#166);
#168=CARTESIAN_POINT('',(0.032933988826142284,-0.0010606601717798216,0.07950968248711665));
#169=VERTEX_POINT('',#168);
#170=CARTESIAN_POINT('',(0.022387847401368045,0,0.08355258397400442));
#171=VERTEX_POINT('',#170);
#172=CARTESIAN_POINT('',(0.02227413788655259,0.0010606601717798212,0.08312821428740914));
#173=VERTEX_POINT('',#172);
#174=CARTESIAN_POINT('',(0.021999618833714263,0.0015,0.08210369523457081));
#175=VERTEX_POINT('',#174);
#176=CARTESIAN_POINT('',(0.021725099780875938,0.0010606601717798214,0.08107917618173249));
#177=VERTEX_POINT('',#176);
#178=CARTESIAN_POINT('',(0.021611390266060484,1.8369701987210298e-19,0.0806548064951372));
#179=VERTEX_POINT('',#178);
#180=CARTESIAN_POINT('',(0.021725099780875938,-0.0010606601717798212,0.08107917618173249));
#181=VERTEX_POINT('',#180);
#182=CARTESIAN_POINT('',(0.021999618833714263,-0.0015,0.08210369523457081));
#183=VERTEX_POINT('',#182);
#184=CARTESIAN_POINT('',(0.02227413788655259,-0.0010606601717798216,0.08312821428740914));
#185=VERTEX_POINT('',#184);
#186=CARTESIAN_POINT('',(0.011290515627034474,0,0.0857599805088346));
#187=VERTEX_POINT('',#186);
#188=CARTESIAN_POINT('',(0.011233170272166281,0.0010606601717798212,0.08532439929374885));
#189=VERTEX_POINT('',#188);
#190=CARTESIAN_POINT('',(0.011094726338704397,0.0015,0.08427281321677389));
#191=VERTEX_POINT('',#190);
#192=CARTESIAN_POINT('',(0.010956282405242511,0.0010606601717798214,0.08322122713979893));
#193=VERTEX_POINT('',#192);
#194=CARTESIAN_POINT('',(0.010898937050374318,1.8369701987210298e-19,0.08278564592471317));
#195=VERTEX_POINT('',#194);
#196=CARTESIAN_POINT('',(0.010956282405242511,-0.0010606601717798212,0.08322122713979893));
#197=VERTEX_POINT('',#196);
#198=CARTESIAN_POINT('',(0.011094726338704397,-0.0015,0.08427281321677389));
#199=VERTEX_POINT('',#198);
#200=CARTESIAN_POINT('',(0.011233170272166281,-0.0010606601717798216,0.08532439929374885));
#201=VERTEX_POINT('',#200);
#202=CARTESIAN_POINT('',(5.296597406312303e-18,0,0.08650000000000001));
#203=VERTEX_POINT('',#202);
#204=CARTESIAN_POINT('',(5.269695600593913e-18,0.0010606601717798212,0.08606066017177982));
#205=VERTEX_POINT('',#204);
#206=CARTESIAN_POINT('',(5.204748896376251e-18,0.0015,0.085));
#207=VERTEX_POINT('',#206);
#208=CARTESIAN_POINT('',(5.139802192158589e-18,0.0010606601717798214,0.08393933982822019));
#209=VERTEX_POINT('',#208);
#210=CARTESIAN_POINT('',(5.1129003864402e-18,1.8369701987210298e-19,0.0835));
#211=VERTEX_POINT('',#210);
#212=CARTESIAN_POINT('',(5.139802192158589e-18,-0.0010606601717798212,0.08393933982822019));
#213=VERTEX_POINT('',#212);
#214=CARTESIAN_POINT('',(5.204748896376251e-18,-0.0015,0.085));
#215=VERTEX_POINT('',#214);
#216=CARTESIAN_POINT('',(5.269695600593913e-18,-0.0010606601717798216,0.08606066017177982));
#217=VERTEX_POINT('',#216);
#218=CARTESIAN_POINT('',(-0.011290515627034444,0,0.08575998050883461));
#219=VERTEX_POINT('',#218);
#220=CARTESIAN_POINT('',(-0.011233170272166254,0.0010606601717798212,0.08532439929374887));
#221=VERTEX_POINT('',#220);
#222=CARTESIAN_POINT('',(-0.011094726338704368,0.0015,0.08427281321677389));
#223=VERTEX_POINT('',#222);
#224=CARTESIAN_POINT('',(-0.010956282405242483,0.0010606601717798214,0.08322122713979893));
#225=VERTEX_POINT('',#224);
#226=CARTESIAN_POINT('',(-0.01089893705037429,1.8369701987210298e-19,0.08278564592471319));
#227=VERTEX_POINT('',#226);
#228=CARTESIAN_POINT('',(-0.010956282405242483,-0.0010606601717798212,0.08322122713979893));
#229=VERTEX_POINT('',#228);
#230=CARTESIAN_POINT('',(-0.011094726338704368,-0.0015,0.08427281321677389));
#231=VERTEX_POINT('',#230);
#232=CARTESIAN_POINT('',(-0.011233170272166254,-0.0010606601717798216,0.08532439929374887));
#233=VERTEX_POINT('',#232);
#234=CARTESIAN_POINT('',(-0.022387847401368056,0,0.08355258397400442));
#235=VERTEX_POINT('',#234);
#236=CARTESIAN_POINT('',(-0.0222741378865526,0.0010606601717798212,0.08312821428740914));
#237=VERTEX_POINT('',#236);
#238=CARTESIAN_POINT('',(-0.021999618833714273,0.0015,0.08210369523457081));
#239=VERTEX_POINT('',#238);
#240=CARTESIAN_POINT('',(-0.021725099780875945,0.0010606601717798214,0.08107917618173249));
#241=VERTEX_POINT('',#240);
#242=CARTESIAN_POINT('',(-0.02161139026606049,1.8369701987210298e-19,0.0806548064951372));
#243=VERTEX_POINT('',#242);
#244=CARTESIAN_POINT('',(-0.021725099780875945,-0.0010606601717798212,0.08107917618173249));
#245=VERTEX_POINT('',#244);
#246=CARTESIAN_POINT('',(-0.021999618833714273,-0.0015,0.08210369523457081));
#247=VERTEX_POINT('',#246);
#248=CARTESIAN_POINT('',(-0.0222741378865526,-0.0010606601717798216,0.08312821428740914));
#249=VERTEX_POINT('',#248);
#250=CARTESIAN_POINT('',(-0.033102116899580265,0,0.07991557956222631));
#251=VERTEX_POINT('',#250);
#252=CARTESIAN_POINT('',(-0.03293398882614228,0.0010606601717798212,0.07950968248711665));
#253=VERTEX_POINT('',#252);
#254=CARTESIAN_POINT('',(-0.03252809175103263,0.0015,0.07852976026345938));
#255=VERTEX_POINT('',#254);
#256=CARTESIAN_POINT('',(-0.032122194675922984,0.0010606601717798214,0.0775498380398021));
#257=VERTEX_POINT('',#256);
#258=CARTESIAN_POINT('',(-0.031954066602484996,1.8369701987210298e-19,0.07714394096469245));
#259=VERTEX_POINT('',#258);
#260=CARTESIAN_POINT('',(-0.032122194675922984,-0.0010606601717798212,0.0775498380398021));
#261=VERTEX_POINT('',#260);
#262=CARTESIAN_POINT('',(-0.03252809175103263,-0.0015,0.07852976026345938));
#263=VERTEX_POINT('',#262);
#264=CARTESIAN_POINT('',(-0.03293398882614228,-0.0010606601717798216,0.07950968248711665));
#265=VERTEX_POINT('',#264);
#266=CARTESIAN_POINT('',(-0.04324999999999998,0,0.07491119742735396));
#267=VERTEX_POINT('',#266);
#268=CARTESIAN_POINT('',(-0.04303033008588989,0.0010606601717798212,0.07453071797522098));
#269=VERTEX_POINT('',#268);
#270=CARTESIAN_POINT('',(-0.04249999999999998,0.0015,0.07361215932167729));
#271=VERTEX_POINT('',#270);
#272=CARTESIAN_POINT('',(-0.041969669914110073,0.0010606601717798214,0.0726936006681336));
#273=VERTEX_POINT('',#272);
#274=CARTESIAN_POINT('',(-0.04174999999999998,1.8369701987210298e-19,0.07231312121600064));
#275=VERTEX_POINT('',#274);
#276=CARTESIAN_POINT('',(-0.041969669914110073,-0.0010606601717798212,0.0726936006681336));
#277=VERTEX_POINT('',#276);
#278=CARTESIAN_POINT('',(-0.04249999999999998,-0.0015,0.07361215932167729));
#279=VERTEX_POINT('',#278);
#280=CARTESIAN_POINT('',(-0.04303033008588989,-0.0010606601717798216,0.07453071797522098));
#281=VERTEX_POINT('',#280);
#282=CARTESIAN_POINT('',(-0.05265786360925434,0,0.06862506393519185));
#283=VERTEX_POINT('',#282);
#284=CARTESIAN_POINT('',(-0.05239041046760658,0.0010606601717798212,0.06827651221495039));
#285=VERTEX_POINT('',#284);
#286=CARTESIAN_POINT('',(-0.05174472146574126,0.0015,0.067435033924755));
#287=VERTEX_POINT('',#286);
#288=CARTESIAN_POINT('',(-0.05109903246387594,0.0010606601717798214,0.0665935556345596));
#289=VERTEX_POINT('',#288);
#290=CARTESIAN_POINT('',(-0.050831579322228176,1.8369701987210298e-19,0.06624500391431815));
#291=VERTEX_POINT('',#290);
#292=CARTESIAN_POINT('',(-0.05109903246387594,-0.0010606601717798212,0.0665935556345596));
#293=VERTEX_POINT('',#292);
#294=CARTESIAN_POINT('',(-0.05174472146574126,-0.0015,0.067435033924755));
#295=VERTEX_POINT('',#294);
#296=CARTESIAN_POINT('',(-0.05239041046760658,-0.0010606601717798216,0.06827651221495039));
#297=VERTEX_POINT('',#296);
#298=CARTESIAN_POINT('',(-0.06116473657263636,0,0.06116473657263637));
#299=VERTEX_POINT('',#298);
#300=CARTESIAN_POINT('',(-0.060854076400856535,0.0010606601717798212,0.06085407640085654));
#301=VERTEX_POINT('',#300);
#302=CARTESIAN_POINT('',(-0.06010407640085654,0.0015,0.06010407640085655));
#303=VERTEX_POINT('',#302);
#304=CARTESIAN_POINT('',(-0.05935407640085654,0.0010606601717798214,0.05935407640085655));
#305=VERTEX_POINT('',#304);
#306=CARTESIAN_POINT('',(-0.05904341622907672,1.8369701987210298e-19,0.059043416229076724));
#307=VERTEX_POINT('',#306);
#308=CARTESIAN_POINT('',(-0.05935407640085654,-0.0010606601717798212,0.05935407640085655));
#309=VERTEX_POINT('',#308);
#310=CARTESIAN_POINT('',(-0.06010407640085654,-0.0015,0.06010407640085655));
#311=VERTEX_POINT('',#310);
#312=CARTESIAN_POINT('',(-0.060854076400856535,-0.0010606601717798216,0.06085407640085654));
#313=VERTEX_POINT('',#312);
#314=CARTESIAN_POINT('',(-0.06862506393519184,0,0.05265786360925436));
#315=VERTEX_POINT('',#314);
#316=CARTESIAN_POINT('',(-0.06827651221495037,0.0010606601717798212,0.0523904104676066));
#317=VERTEX_POINT('',#316);
#318=CARTESIAN_POINT('',(-0.06743503392475499,0.0015,0.05174472146574128));
#319=VERTEX_POINT('',#318);
#320=CARTESIAN_POINT('',(-0.06659355563455958,0.0010606601717798214,0.05109903246387596));
#321=VERTEX_POINT('',#320);
#322=CARTESIAN_POINT('',(-0.06624500391431813,1.8369701987210298e-19,0.0508315793222282));
#323=VERTEX_POINT('',#322);
#324=CARTESIAN_POINT('',(-0.06659355563455958,-0.0010606601717798212,0.05109903246387596));
#325=VERTEX_POINT('',#324);
#326=CARTESIAN_POINT('',(-0.06743503392475499,-0.0015,0.05174472146574128));
#327=VERTEX_POINT('',#326);
#328=CARTESIAN_POINT('',(-0.06827651221495037,-0.0010606601717798216,0.0523904104676066));
#329=VERTEX_POINT('',#328);
#330=CARTESIAN_POINT('',(-0.07491119742735396,0,0.04325));
#331=VERTEX_POINT('',#330);
#332=CARTESIAN_POINT('',(-0.07453071797522098,0.0010606601717798212,0.043030330085889905));
#333=VERTEX_POINT('',#332);
#334=CARTESIAN_POINT('',(-0.07361215932167729,0.0015,0.042499999999999996));
#335=VERTEX_POINT('',#334);
#336=CARTESIAN_POINT('',(-0.0726936006681336,0.0010606601717798214,0.04196966991411009));
#337=VERTEX_POINT('',#336);
#338=CARTESIAN_POINT('',(-0.07231312121600064,1.8369701987210298e-19,0.041749999999999995));
#339=VERTEX_POINT('',#338);
#340=CARTESIAN_POINT('',(-0.0726936006681336,-0.0010606601717798212,0.04196966991411009));
#341=VERTEX_POINT('',#340);
#342=CARTESIAN_POINT('',(-0.07361215932167729,-0.0015,0.042499999999999996));
#343=VERTEX_POINT('',#342);
#344=CARTESIAN_POINT('',(-0.07453071797522098,-0.0010606601717798216,0.043030330085889905));
#345=VERTEX_POINT('',#344);
#346=CARTESIAN_POINT('',(-0.07991557956222631,0,0.03310211689958028));
#347=VERTEX_POINT('',#346);
#348=CARTESIAN_POINT('',(-0.07950968248711665,0.0010606601717798212,0.03293398882614229));
#349=VERTEX_POINT('',#348);
#350=CARTESIAN_POINT('',(-0.07852976026345938,0.0015,0.03252809175103264));
#351=VERTEX_POINT('',#350);
#352=CARTESIAN_POINT('',(-0.0775498380398021,0.0010606601717798214,0.032122194675923));
#353=VERTEX_POINT('',#352);
#354=CARTESIAN_POINT('',(-0.07714394096469245,1.8369701987210298e-19,0.03195406660248501));
#355=VERTEX_POINT('',#354);
#356=CARTESIAN_POINT('',(-0.0775498380398021,-0.0010606601717798212,0.032122194675923));
#357=VERTEX_POINT('',#356);
#358=CARTESIAN_POINT('',(-0.07852976026345938,-0.0015,0.03252809175103264));
#359=VERTEX_POINT('',#358);
#360=CARTESIAN_POINT('',(-0.07950968248711665,-0.0010606601717798216,0.03293398882614229));
#361=VERTEX_POINT('',#360);
#362=CARTESIAN_POINT('',(-0.0835525839740044,0,0.02238784740136807));
#363=VERTEX_POINT('',#362);
#364=CARTESIAN_POINT('',(-0.08312821428740913,0.0010606601717798212,0.022274137886552615));
#365=VERTEX_POINT('',#364);
#366=CARTESIAN_POINT('',(-0.0821036952345708,0.0015,0.021999618833714287));
#367=VERTEX_POINT('',#366);
#368=CARTESIAN_POINT('',(-0.08107917618173248,0.0010606601717798214,0.02172509978087596));
#369=VERTEX_POINT('',#368);
#370=CARTESIAN_POINT('',(-0.0806548064951372,1.8369701987210298e-19,0.021611390266060505));
#371=VERTEX_POINT('',#370);
#372=CARTESIAN_POINT('',(-0.08107917618173248,-0.0010606601717798212,0.02172509978087596));
#373=VERTEX_POINT('',#372);
#374=CARTESIAN_POINT('',(-0.0821036952345708,-0.0015,0.021999618833714287));
#375=VERTEX_POINT('',#374);
#376=CARTESIAN_POINT('',(-0.08312821428740913,-0.0010606601717798216,0.022274137886552615));
#377=VERTEX_POINT('',#376);
#378=CARTESIAN_POINT('',(-0.0857599805088346,0,0.011290515627034462));
#379=VERTEX_POINT('',#378);
#380=CARTESIAN_POINT('',(-0.08532439929374885,0.0010606601717798212,0.01123317027216627));
#381=VERTEX_POINT('',#380);
#382=CARTESIAN_POINT('',(-0.08427281321677389,0.0015,0.011094726338704385));
#383=VERTEX_POINT('',#382);
#384=CARTESIAN_POINT('',(-0.08322122713979893,0.0010606601717798214,0.010956282405242499));
#385=VERTEX_POINT('',#384);
#386=CARTESIAN_POINT('',(-0.08278564592471317,1.8369701987210298e-19,0.010898937050374306));
#387=VERTEX_POINT('',#386);
#388=CARTESIAN_POINT('',(-0.08322122713979893,-0.0010606601717798212,0.010956282405242499));
#389=VERTEX_POINT('',#388);
#390=CARTESIAN_POINT('',(-0.08427281321677389,-0.0015,0.011094726338704385));
#391=VERTEX_POINT('',#390);
#392=CARTESIAN_POINT('',(-0.08532439929374885,-0.0010606601717798216,0.01123317027216627));
#393=VERTEX_POINT('',#392);
#394=CARTESIAN_POINT('',(-0.08650000000000001,0,1.0593194812624606e-17));
#395=VERTEX_POINT('',#394);
#396=CARTESIAN_POINT('',(-0.08606066017177982,0.0010606601717798212,1.0539391201187826e-17));
#397=VERTEX_POINT('',#396);
#398=CARTESIAN_POINT('',(-0.085,0.0015,1.0409497792752502e-17));
#399=VERTEX_POINT('',#398);
#400=CARTESIAN_POINT('',(-0.08393933982822019,0.0010606601717798214,1.0279604384317179e-17));
#401=VERTEX_POINT('',#400);
#402=CARTESIAN_POINT('',(-0.0835,1.8369701987210298e-19,1.02258007728804e-17));
#403=VERTEX_POINT('',#402);
#404=CARTESIAN_POINT('',(-0.08393933982822019,-0.0010606601717798212,1.0279604384317179e-17));
#405=VERTEX_POINT('',#404);
#406=CARTESIAN_POINT('',(-0.085,-0.0015,1.0409497792752502e-17));
#407=VERTEX_POINT('',#406);
#408=CARTESIAN_POINT('',(-0.08606066017177982,-0.0010606601717798216,1.0539391201187826e-17));
#409=VERTEX_POINT('',#408);
#410=CARTESIAN_POINT('',(-0.0857599805088346,0,-0.011290515627034479));
#411=VERTEX_POINT('',#410);
#412=CARTESIAN_POINT('',(-0.08532439929374885,0.0010606601717798212,-0.011233170272166287));
#413=VERTEX_POINT('',#412);
#414=CARTESIAN_POINT('',(-0.08427281321677389,0.0015,-0.0110947263387044));
#415=VERTEX_POINT('',#414);
#416=CARTESIAN_POINT('',(-0.08322122713979893,0.0010606601717798214,-0.010956282405242516));
#417=VERTEX_POINT('',#416);
#418=CARTESIAN_POINT('',(-0.08278564592471317,1.8369701987210298e-19,-0.010898937050374324));
#419=VERTEX_POINT('',#418);
#420=CARTESIAN_POINT('',(-0.08322122713979893,-0.0010606601717798212,-0.010956282405242516));
#421=VERTEX_POINT('',#420);
#422=CARTESIAN_POINT('',(-0.08427281321677389,-0.0015,-0.0110947263387044));
#423=VERTEX_POINT('',#422);
#424=CARTESIAN_POINT('',(-0.08532439929374885,-0.0010606601717798216,-0.011233170272166287));
#425=VERTEX_POINT('',#424);
#426=CARTESIAN_POINT('',(-0.08355258397400443,0,-0.02238784740136801));
#427=VERTEX_POINT('',#426);
#428=CARTESIAN_POINT('',(-0.08312821428740914,0.0010606601717798212,-0.02227413788655256));
#429=VERTEX_POINT('',#428);
#430=CARTESIAN_POINT('',(-0.08210369523457083,0.0015,-0.02199961883371423));
#431=VERTEX_POINT('',#430);
#432=CARTESIAN_POINT('',(-0.08107917618173249,0.0010606601717798214,-0.021725099780875903));
#433=VERTEX_POINT('',#432);
#434=CARTESIAN_POINT('',(-0.08065480649513722,1.8369701987210298e-19,-0.02161139026606045));
#435=VERTEX_POINT('',#434);
#436=CARTESIAN_POINT('',(-0.08107917618173249,-0.0010606601717798212,-0.021725099780875903));
#437=VERTEX_POINT('',#436);
#438=CARTESIAN_POINT('',(-0.08210369523457083,-0.0015,-0.02199961883371423));
#439=VERTEX_POINT('',#438);
#440=CARTESIAN_POINT('',(-0.08312821428740914,-0.0010606601717798216,-0.02227413788655256));
#441=VERTEX_POINT('',#440);
#442=CARTESIAN_POINT('',(-0.07991557956222632,0,-0.03310211689958026));
#443=VERTEX_POINT('',#442);
#444=CARTESIAN_POINT('',(-0.07950968248711666,0.0010606601717798212,-0.03293398882614227));
#445=VERTEX_POINT('',#444);
#446=CARTESIAN_POINT('',(-0.07852976026345938,0.0015,-0.03252809175103263));
#447=VERTEX_POINT('',#446);
#448=CARTESIAN_POINT('',(-0.0775498380398021,0.0010606601717798214,-0.03212219467592298));
#449=VERTEX_POINT('',#448);
#450=CARTESIAN_POINT('',(-0.07714394096469246,1.8369701987210298e-19,-0.03195406660248499));
#451=VERTEX_POINT('',#450);
#452=CARTESIAN_POINT('',(-0.0775498380398021,-0.0010606601717798212,-0.03212219467592298));
#453=VERTEX_POINT('',#452);
#454=CARTESIAN_POINT('',(-0.07852976026345938,-0.0015,-0.03252809175103263));
#455=VERTEX_POINT('',#454);
#456=CARTESIAN_POINT('',(-0.07950968248711666,-0.0010606601717798216,-0.03293398882614227));
#457=VERTEX_POINT('',#456);
#458=CARTESIAN_POINT('',(-0.07491119742735394,0,-0.04325000000000001));
#459=VERTEX_POINT('',#458);
#460=CARTESIAN_POINT('',(-0.07453071797522097,0.0010606601717798212,-0.04303033008588992));
#461=VERTEX_POINT('',#460);
#462=CARTESIAN_POINT('',(-0.07361215932167729,0.0015,-0.04250000000000001));
#463=VERTEX_POINT('',#462);
#464=CARTESIAN_POINT('',(-0.0726936006681336,0.0010606601717798214,-0.0419696699141101));
#465=VERTEX_POINT('',#464);
#466=CARTESIAN_POINT('',(-0.07231312121600063,1.8369701987210298e-19,-0.04175000000000001));
#467=VERTEX_POINT('',#466);
#468=CARTESIAN_POINT('',(-0.0726936006681336,-0.0010606601717798212,-0.0419696699141101));
#469=VERTEX_POINT('',#468);
#470=CARTESIAN_POINT('',(-0.07361215932167729,-0.0015,-0.04250000000000001));
#471=VERTEX_POINT('',#470);
#472=CARTESIAN_POINT('',(-0.07453071797522097,-0.0010606601717798216,-0.04303033008588992));
#473=VERTEX_POINT('',#472);
#474=CARTESIAN_POINT('',(-0.06862506393519187,0,-0.05265786360925431));
#475=VERTEX_POINT('',#474);
#476=CARTESIAN_POINT('',(-0.0682765122149504,0.0010606601717798212,-0.05239041046760655));
#477=VERTEX_POINT('',#476);
#478=CARTESIAN_POINT('',(-0.06743503392475501,0.0015,-0.05174472146574123));
#479=VERTEX_POINT('',#478);
#480=CARTESIAN_POINT('',(-0.06659355563455963,0.0010606601717798214,-0.05109903246387591));
#481=VERTEX_POINT('',#480);
#482=CARTESIAN_POINT('',(-0.06624500391431816,1.8369701987210298e-19,-0.05083157932222815));
#483=VERTEX_POINT('',#482);
#484=CARTESIAN_POINT('',(-0.06659355563455963,-0.0010606601717798212,-0.05109903246387591));
#485=VERTEX_POINT('',#484);
#486=CARTESIAN_POINT('',(-0.06743503392475501,-0.0015,-0.05174472146574123));
#487=VERTEX_POINT('',#486);
#488=CARTESIAN_POINT('',(-0.0682765122149504,-0.0010606601717798216,-0.05239041046760655));
#489=VERTEX_POINT('',#488);
#490=CARTESIAN_POINT('',(-0.06116473657263638,0,-0.06116473657263636));
#491=VERTEX_POINT('',#490);
#492=CARTESIAN_POINT('',(-0.060854076400856556,0.0010606601717798212,-0.060854076400856535));
#493=VERTEX_POINT('',#492);
#494=CARTESIAN_POINT('',(-0.060104076400856556,0.0015,-0.06010407640085654));
#495=VERTEX_POINT('',#494);
#496=CARTESIAN_POINT('',(-0.05935407640085656,0.0010606601717798214,-0.05935407640085654));
#497=VERTEX_POINT('',#496);
#498=CARTESIAN_POINT('',(-0.05904341622907674,1.8369701987210298e-19,-0.05904341622907672));
#499=VERTEX_POINT('',#498);
#500=CARTESIAN_POINT('',(-0.05935407640085656,-0.0010606601717798212,-0.05935407640085654));
#501=VERTEX_POINT('',#500);
#502=CARTESIAN_POINT('',(-0.060104076400856556,-0.0015,-0.06010407640085654));
#503=VERTEX_POINT('',#502);
#504=CARTESIAN_POINT('',(-0.060854076400856556,-0.0010606601717798216,-0.060854076400856535));
#505=VERTEX_POINT('',#504);
#506=CARTESIAN_POINT('',(-0.05265786360925436,0,-0.06862506393519183));
#507=VERTEX_POINT('',#506);
#508=CARTESIAN_POINT('',(-0.0523904104676066,0.0010606601717798212,-0.06827651221495037));
#509=VERTEX_POINT('',#508);
#510=CARTESIAN_POINT('',(-0.05174472146574128,0.0015,-0.06743503392475497));
#511=VERTEX_POINT('',#510);
#512=CARTESIAN_POINT('',(-0.05109903246387596,0.0010606601717798214,-0.06659355563455958));
#513=VERTEX_POINT('',#512);
#514=CARTESIAN_POINT('',(-0.0508315793222282,1.8369701987210298e-19,-0.06624500391431812));
#515=VERTEX_POINT('',#514);
#516=CARTESIAN_POINT('',(-0.05109903246387596,-0.0010606601717798212,-0.06659355563455958));
#517=VERTEX_POINT('',#516);
#518=CARTESIAN_POINT('',(-0.05174472146574128,-0.0015,-0.06743503392475497));
#519=VERTEX_POINT('',#518);
#520=CARTESIAN_POINT('',(-0.0523904104676066,-0.0010606601717798216,-0.06827651221495037));
#521=VERTEX_POINT('',#520);
#522=CARTESIAN_POINT('',(-0.043250000000000045,0,-0.07491119742735393));
#523=VERTEX_POINT('',#522);
#524=CARTESIAN_POINT('',(-0.04303033008588995,0.0010606601717798212,-0.07453071797522096));
#525=VERTEX_POINT('',#524);
#526=CARTESIAN_POINT('',(-0.04250000000000004,0.0015,-0.07361215932167726));
#527=VERTEX_POINT('',#526);
#528=CARTESIAN_POINT('',(-0.04196966991411013,0.0010606601717798214,-0.07269360066813357));
#529=VERTEX_POINT('',#528);
#530=CARTESIAN_POINT('',(-0.04175000000000004,1.8369701987210298e-19,-0.07231312121600061));
#531=VERTEX_POINT('',#530);
#532=CARTESIAN_POINT('',(-0.04196966991411013,-0.0010606601717798212,-0.07269360066813357));
#533=VERTEX_POINT('',#532);
#534=CARTESIAN_POINT('',(-0.04250000000000004,-0.0015,-0.07361215932167726));
#535=VERTEX_POINT('',#534);
#536=CARTESIAN_POINT('',(-0.04303033008588995,-0.0010606601717798216,-0.07453071797522096));
#537=VERTEX_POINT('',#536);
#538=CARTESIAN_POINT('',(-0.033102116899580314,0,-0.0799155795622263));
#539=VERTEX_POINT('',#538);
#540=CARTESIAN_POINT('',(-0.032933988826142326,0.0010606601717798212,-0.07950968248711664));
#541=VERTEX_POINT('',#540);
#542=CARTESIAN_POINT('',(-0.03252809175103268,0.0015,-0.07852976026345936));
#543=VERTEX_POINT('',#542);
#544=CARTESIAN_POINT('',(-0.03212219467592303,0.0010606601717798214,-0.07754983803980207));
#545=VERTEX_POINT('',#544);
#546=CARTESIAN_POINT('',(-0.031954066602485044,1.8369701987210298e-19,-0.07714394096469243));
#547=VERTEX_POINT('',#546);
#548=CARTESIAN_POINT('',(-0.03212219467592303,-0.0010606601717798212,-0.07754983803980207));
#549=VERTEX_POINT('',#548);
#550=CARTESIAN_POINT('',(-0.03252809175103268,-0.0015,-0.07852976026345936));
#551=VERTEX_POINT('',#550);
#552=CARTESIAN_POINT('',(-0.032933988826142326,-0.0010606601717798216,-0.07950968248711664));
#553=VERTEX_POINT('',#552);
#554=CARTESIAN_POINT('',(-0.022387847401368035,0,-0.08355258397400442));
#555=VERTEX_POINT('',#554);
#556=CARTESIAN_POINT('',(-0.022274137886552584,0.0010606601717798212,-0.08312821428740914));
#557=VERTEX_POINT('',#556);
#558=CARTESIAN_POINT('',(-0.021999618833714256,0.0015,-0.08210369523457081));
#559=VERTEX_POINT('',#558);
#560=CARTESIAN_POINT('',(-0.021725099780875928,0.0010606601717798214,-0.08107917618173249));
#561=VERTEX_POINT('',#560);
#562=CARTESIAN_POINT('',(-0.021611390266060473,1.8369701987210298e-19,-0.0806548064951372));
#563=VERTEX_POINT('',#562);
#564=CARTESIAN_POINT('',(-0.021725099780875928,-0.0010606601717798212,-0.08107917618173249));
#565=VERTEX_POINT('',#564);
#566=CARTESIAN_POINT('',(-0.021999618833714256,-0.0015,-0.08210369523457081));
#567=VERTEX_POINT('',#566);
#568=CARTESIAN_POINT('',(-0.022274137886552584,-0.0010606601717798216,-0.08312821428740914));
#569=VERTEX_POINT('',#568);
#570=CARTESIAN_POINT('',(-0.011290515627034467,0,-0.0857599805088346));
#571=VERTEX_POINT('',#570);
#572=CARTESIAN_POINT('',(-0.011233170272166275,0.0010606601717798212,-0.08532439929374885));
#573=VERTEX_POINT('',#572);
#574=CARTESIAN_POINT('',(-0.011094726338704388,0.0015,-0.08427281321677389));
#575=VERTEX_POINT('',#574);
#576=CARTESIAN_POINT('',(-0.010956282405242504,0.0010606601717798214,-0.08322122713979893));
#577=VERTEX_POINT('',#576);
#578=CARTESIAN_POINT('',(-0.010898937050374312,1.8369701987210298e-19,-0.08278564592471317));
#579=VERTEX_POINT('',#578);
#580=CARTESIAN_POINT('',(-0.010956282405242504,-0.0010606601717798212,-0.08322122713979893));
#581=VERTEX_POINT('',#580);
#582=CARTESIAN_POINT('',(-0.011094726338704388,-0.0015,-0.08427281321677389));
#583=VERTEX_POINT('',#582);
#584=CARTESIAN_POINT('',(-0.011233170272166275,-0.0010606601717798216,-0.08532439929374885));
#585=VERTEX_POINT('',#584);
#586=CARTESIAN_POINT('',(-1.588979221893691e-17,0,-0.08650000000000001));
#587=VERTEX_POINT('',#586);
#588=CARTESIAN_POINT('',(-1.580908680178174e-17,0.0010606601717798212,-0.08606066017177982));
#589=VERTEX_POINT('',#588);
#590=CARTESIAN_POINT('',(-1.5614246689128753e-17,0.0015,-0.085));
#591=VERTEX_POINT('',#590);
#592=CARTESIAN_POINT('',(-1.541940657647577e-17,0.0010606601717798214,-0.08393933982822019));
#593=VERTEX_POINT('',#592);
#594=CARTESIAN_POINT('',(-1.53387011593206e-17,1.8369701987210298e-19,-0.0835));
#595=VERTEX_POINT('',#594);
#596=CARTESIAN_POINT('',(-1.541940657647577e-17,-0.0010606601717798212,-0.08393933982822019));
#597=VERTEX_POINT('',#596);
#598=CARTESIAN_POINT('',(-1.5614246689128753e-17,-0.0015,-0.085));
#599=VERTEX_POINT('',#598);
#600=CARTESIAN_POINT('',(-1.580908680178174e-17,-0.0010606601717798216,-0.08606066017177982));
#601=VERTEX_POINT('',#600);
#602=CARTESIAN_POINT('',(0.011290515627034436,0,-0.08575998050883461));
#603=VERTEX_POINT('',#602);
#604=CARTESIAN_POINT('',(0.011233170272166243,0.0010606601717798212,-0.08532439929374887));
#605=VERTEX_POINT('',#604);
#606=CARTESIAN_POINT('',(0.011094726338704359,0.0015,-0.08427281321677389));
#607=VERTEX_POINT('',#606);
#608=CARTESIAN_POINT('',(0.010956282405242473,0.0010606601717798214,-0.08322122713979893));
#609=VERTEX_POINT('',#608);
#610=CARTESIAN_POINT('',(0.010898937050374282,1.8369701987210298e-19,-0.08278564592471319));
#611=VERTEX_POINT('',#610);
#612=CARTESIAN_POINT('',(0.010956282405242473,-0.0010606601717798212,-0.08322122713979893));
#613=VERTEX_POINT('',#612);
#614=CARTESIAN_POINT('',(0.011094726338704359,-0.0015,-0.08427281321677389));
#615=VERTEX_POINT('',#614);
#616=CARTESIAN_POINT('',(0.011233170272166243,-0.0010606601717798216,-0.08532439929374887));
#617=VERTEX_POINT('',#616);
#618=CARTESIAN_POINT('',(0.022387847401368007,0,-0.08355258397400443));
#619=VERTEX_POINT('',#618);
#620=CARTESIAN_POINT('',(0.022274137886552553,0.0010606601717798212,-0.08312821428740914));
#621=VERTEX_POINT('',#620);
#622=CARTESIAN_POINT('',(0.021999618833714228,0.0015,-0.08210369523457083));
#623=VERTEX_POINT('',#622);
#624=CARTESIAN_POINT('',(0.0217250997808759,0.0010606601717798214,-0.08107917618173249));
#625=VERTEX_POINT('',#624);
#626=CARTESIAN_POINT('',(0.021611390266060446,1.8369701987210298e-19,-0.08065480649513722));
#627=VERTEX_POINT('',#626);
#628=CARTESIAN_POINT('',(0.0217250997808759,-0.0010606601717798212,-0.08107917618173249));
#629=VERTEX_POINT('',#628);
#630=CARTESIAN_POINT('',(0.021999618833714228,-0.0015,-0.08210369523457083));
#631=VERTEX_POINT('',#630);
#632=CARTESIAN_POINT('',(0.022274137886552553,-0.0010606601717798216,-0.08312821428740914));
#633=VERTEX_POINT('',#632);
#634=CARTESIAN_POINT('',(0.033102116899580286,0,-0.0799155795622263));
#635=VERTEX_POINT('',#634);
#636=CARTESIAN_POINT('',(0.0329339888261423,0.0010606601717798212,-0.07950968248711665));
#637=VERTEX_POINT('',#636);
#638=CARTESIAN_POINT('',(0.032528091751032655,0.0015,-0.07852976026345937));
#639=VERTEX_POINT('',#638);
#640=CARTESIAN_POINT('',(0.032122194675923005,0.0010606601717798214,-0.07754983803980209));
#641=VERTEX_POINT('',#640);
#642=CARTESIAN_POINT('',(0.031954066602485016,1.8369701987210298e-19,-0.07714394096469243));
#643=VERTEX_POINT('',#642);
#644=CARTESIAN_POINT('',(0.032122194675923005,-0.0010606601717798212,-0.07754983803980209));
#645=VERTEX_POINT('',#644);
#646=CARTESIAN_POINT('',(0.032528091751032655,-0.0015,-0.07852976026345937));
#647=VERTEX_POINT('',#646);
#648=CARTESIAN_POINT('',(0.0329339888261423,-0.0010606601717798216,-0.07950968248711665));
#649=VERTEX_POINT('',#648);
#650=CARTESIAN_POINT('',(0.04325000000000001,0,-0.07491119742735394));
#651=VERTEX_POINT('',#650);
#652=CARTESIAN_POINT('',(0.04303033008588992,0.0010606601717798212,-0.07453071797522097));
#653=VERTEX_POINT('',#652);
#654=CARTESIAN_POINT('',(0.04250000000000001,0.0015,-0.07361215932167729));
#655=VERTEX_POINT('',#654);
#656=CARTESIAN_POINT('',(0.0419696699141101,0.0010606601717798214,-0.0726936006681336));
#657=VERTEX_POINT('',#656);
#658=CARTESIAN_POINT('',(0.04175000000000001,1.8369701987210298e-19,-0.07231312121600063));
#659=VERTEX_POINT('',#658);
#660=CARTESIAN_POINT('',(0.0419696699141101,-0.0010606601717798212,-0.0726936006681336));
#661=VERTEX_POINT('',#660);
#662=CARTESIAN_POINT('',(0.04250000000000001,-0.0015,-0.07361215932167729));
#663=VERTEX_POINT('',#662);
#664=CARTESIAN_POINT('',(0.04303033008588992,-0.0010606601717798216,-0.07453071797522097));
#665=VERTEX_POINT('',#664);
#666=CARTESIAN_POINT('',(0.052657863609254334,0,-0.06862506393519185));
#667=VERTEX_POINT('',#666);
#668=CARTESIAN_POINT('',(0.05239041046760657,0.0010606601717798212,-0.06827651221495039));
#669=VERTEX_POINT('',#668);
#670=CARTESIAN_POINT('',(0.05174472146574125,0.0015,-0.067435033924755));
#671=VERTEX_POINT('',#670);
#672=CARTESIAN_POINT('',(0.05109903246387593,0.0010606601717798214,-0.0665935556345596));
#673=VERTEX_POINT('',#672);
#674=CARTESIAN_POINT('',(0.05083157932222817,1.8369701987210298e-19,-0.06624500391431815));
#675=VERTEX_POINT('',#674);
#676=CARTESIAN_POINT('',(0.05109903246387593,-0.0010606601717798212,-0.0665935556345596));
#677=VERTEX_POINT('',#676);
#678=CARTESIAN_POINT('',(0.05174472146574125,-0.0015,-0.067435033924755));
#679=VERTEX_POINT('',#678);
#680=CARTESIAN_POINT('',(0.05239041046760657,-0.0010606601717798216,-0.06827651221495039));
#681=VERTEX_POINT('',#680);
#682=CARTESIAN_POINT('',(0.06116473657263635,0,-0.06116473657263638));
#683=VERTEX_POINT('',#682);
#684=CARTESIAN_POINT('',(0.06085407640085653,0.0010606601717798212,-0.060854076400856556));
#685=VERTEX_POINT('',#684);
#686=CARTESIAN_POINT('',(0.06010407640085653,0.0015,-0.060104076400856556));
#687=VERTEX_POINT('',#686);
#688=CARTESIAN_POINT('',(0.059354076400856534,0.0010606601717798214,-0.05935407640085656));
#689=VERTEX_POINT('',#688);
#690=CARTESIAN_POINT('',(0.05904341622907671,1.8369701987210298e-19,-0.05904341622907674));
#691=VERTEX_POINT('',#690);
#692=CARTESIAN_POINT('',(0.059354076400856534,-0.0010606601717798212,-0.05935407640085656));
#693=VERTEX_POINT('',#692);
#694=CARTESIAN_POINT('',(0.06010407640085653,-0.0015,-0.060104076400856556));
#695=VERTEX_POINT('',#694);
#696=CARTESIAN_POINT('',(0.06085407640085653,-0.0010606601717798216,-0.060854076400856556));
#697=VERTEX_POINT('',#696);
#698=CARTESIAN_POINT('',(0.06862506393519183,0,-0.05265786360925436));
#699=VERTEX_POINT('',#698);
#700=CARTESIAN_POINT('',(0.06827651221495037,0.0010606601717798212,-0.0523904104676066));
#701=VERTEX_POINT('',#700);
#702=CARTESIAN_POINT('',(0.06743503392475497,0.0015,-0.05174472146574128));
#703=VERTEX_POINT('',#702);
#704=CARTESIAN_POINT('',(0.06659355563455958,0.0010606601717798214,-0.05109903246387596));
#705=VERTEX_POINT('',#704);
#706=CARTESIAN_POINT('',(0.06624500391431812,1.8369701987210298e-19,-0.0508315793222282));
#707=VERTEX_POINT('',#706);
#708=CARTESIAN_POINT('',(0.06659355563455958,-0.0010606601717798212,-0.05109903246387596));
#709=VERTEX_POINT('',#708);
#710=CARTESIAN_POINT('',(0.06743503392475497,-0.0015,-0.05174472146574128));
#711=VERTEX_POINT('',#710);
#712=CARTESIAN_POINT('',(0.06827651221495037,-0.0010606601717798216,-0.0523904104676066));
#713=VERTEX_POINT('',#712);
#714=CARTESIAN_POINT('',(0.07491119742735393,0,-0.043250000000000045));
#715=VERTEX_POINT('',#714);
#716=CARTESIAN_POINT('',(0.07453071797522096,0.0010606601717798212,-0.04303033008588995));
#717=VERTEX_POINT('',#716);
#718=CARTESIAN_POINT('',(0.07361215932167726,0.0015,-0.04250000000000004));
#719=VERTEX_POINT('',#718);
#720=CARTESIAN_POINT('',(0.07269360066813357,0.0010606601717798214,-0.04196966991411013));
#721=VERTEX_POINT('',#720);
#722=CARTESIAN_POINT('',(0.07231312121600061,1.8369701987210298e-19,-0.04175000000000004));
#723=VERTEX_POINT('',#722);
#724=CARTESIAN_POINT('',(0.07269360066813357,-0.0010606601717798212,-0.04196966991411013));
#725=VERTEX_POINT('',#724);
#726=CARTESIAN_POINT('',(0.07361215932167726,-0.0015,-0.04250000000000004));
#727=VERTEX_POINT('',#726);
#728=CARTESIAN_POINT('',(0.07453071797522096,-0.0010606601717798216,-0.04303033008588995));
#729=VERTEX_POINT('',#728);
#730=CARTESIAN_POINT('',(0.0799155795622263,0,-0.03310211689958032));
#731=VERTEX_POINT('',#730);
#732=CARTESIAN_POINT('',(0.07950968248711664,0.0010606601717798212,-0.03293398882614233));
#733=VERTEX_POINT('',#732);
#734=CARTESIAN_POINT('',(0.07852976026345936,0.0015,-0.03252809175103268));
#735=VERTEX_POINT('',#734);
#736=CARTESIAN_POINT('',(0.07754983803980207,0.0010606601717798214,-0.03212219467592304));
#737=VERTEX_POINT('',#736);
#738=CARTESIAN_POINT('',(0.07714394096469243,1.8369701987210298e-19,-0.03195406660248505));
#739=VERTEX_POINT('',#738);
#740=CARTESIAN_POINT('',(0.07754983803980207,-0.0010606601717798212,-0.03212219467592304));
#741=VERTEX_POINT('',#740);
#742=CARTESIAN_POINT('',(0.07852976026345936,-0.0015,-0.03252809175103268));
#743=VERTEX_POINT('',#742);
#744=CARTESIAN_POINT('',(0.07950968248711664,-0.0010606601717798216,-0.03293398882614233));
#745=VERTEX_POINT('',#744);
#746=CARTESIAN_POINT('',(0.08355258397400442,0,-0.022387847401368042));
#747=VERTEX_POINT('',#746);
#748=CARTESIAN_POINT('',(0.08312821428740914,0.0010606601717798212,-0.022274137886552588));
#749=VERTEX_POINT('',#748);
#750=CARTESIAN_POINT('',(0.08210369523457081,0.0015,-0.02199961883371426));
#751=VERTEX_POINT('',#750);
#752=CARTESIAN_POINT('',(0.08107917618173249,0.0010606601717798214,-0.02172509978087593));
#753=VERTEX_POINT('',#752);
#754=CARTESIAN_POINT('',(0.0806548064951372,1.8369701987210298e-19,-0.021611390266060477));
#755=VERTEX_POINT('',#754);
#756=CARTESIAN_POINT('',(0.08107917618173249,-0.0010606601717798212,-0.02172509978087593));
#757=VERTEX_POINT('',#756);
#758=CARTESIAN_POINT('',(0.08210369523457081,-0.0015,-0.02199961883371426));
#759=VERTEX_POINT('',#758);
#760=CARTESIAN_POINT('',(0.08312821428740914,-0.0010606601717798216,-0.022274137886552588));
#761=VERTEX_POINT('',#760);
#762=CARTESIAN_POINT('',(0.0857599805088346,0,-0.011290515627034472));
#763=VERTEX_POINT('',#762);
#764=CARTESIAN_POINT('',(0.08532439929374885,0.0010606601717798212,-0.01123317027216628));
#765=VERTEX_POINT('',#764);
#766=CARTESIAN_POINT('',(0.08427281321677389,0.0015,-0.011094726338704394));
#767=VERTEX_POINT('',#766);
#768=CARTESIAN_POINT('',(0.08322122713979893,0.0010606601717798214,-0.01095628240524251));
#769=VERTEX_POINT('',#768);
#770=CARTESIAN_POINT('',(0.08278564592471317,1.8369701987210298e-19,-0.010898937050374317));
#771=VERTEX_POINT('',#770);
#772=CARTESIAN_POINT('',(0.08322122713979893,-0.0010606601717798212,-0.01095628240524251));
#773=VERTEX_POINT('',#772);
#774=CARTESIAN_POINT('',(0.08427281321677389,-0.0015,-0.011094726338704394));
#775=VERTEX_POINT('',#774);
#776=CARTESIAN_POINT('',(0.08532439929374885,-0.0010606601717798216,-0.01123317027216628));
#777=VERTEX_POINT('',#776);
#778=CARTESIAN_POINT('',(0.08650000000000001,0,0));
#779=DIRECTION('',(-0.06540312923014385,0,0.9978589232386034));
#780=VECTOR('',#779,0.011314741356814751);
#781=LINE('',#778,#780);
#782=EDGE_CURVE('',#11,#13,#781,.T.);
#783=CARTESIAN_POINT('',(0.0857599805088346,0,0.011290515627034462));
#784=DIRECTION('',(-0.37940952255125776,0.9238795325112878,-0.0499502112523157));
#785=VECTOR('',#784,0.001148050297095268);
#786=LINE('',#783,#785);
#787=EDGE_CURVE('',#13,#15,#786,.T.);
#788=CARTESIAN_POINT('',(0.08532439929374885,0.0010606601717798212,0.01123317027216627));
#789=DIRECTION('',(0.0654031292301431,0,-0.9978589232386035));
#790=VECTOR('',#789,0.011257272957692683);
#791=LINE('',#788,#790);
#792=EDGE_CURVE('',#15,#17,#791,.T.);
#793=CARTESIAN_POINT('',(0.08606066017177982,0.0010606601717798212,0));
#794=DIRECTION('',(0.38268343236509356,-0.9238795325112852,0));
#795=VECTOR('',#794,0.0011480502970952712);
#796=LINE('',#793,#795);
#797=EDGE_CURVE('',#17,#11,#796,.T.);
#798=CARTESIAN_POINT('',(0.08606066017177982,0.0010606601717798212,0));
#799=DIRECTION('',(-0.0654031292301431,0,0.9978589232386035));
#800=VECTOR('',#799,0.011257272957692683);
#801=LINE('',#798,#800);
#802=EDGE_CURVE('',#17,#15,#801,.T.);
#803=CARTESIAN_POINT('',(0.08532439929374885,0.0010606601717798212,0.01123317027216627));
#804=DIRECTION('',(-0.9159756150367528,0.3826834323650916,-0.1205904774487389));
#805=VECTOR('',#804,0.001148050297095264);
#806=LINE('',#803,#805);
#807=EDGE_CURVE('',#15,#19,#806,.T.);
#808=CARTESIAN_POINT('',(0.08427281321677389,0.0015,0.011094726338704385));
#809=DIRECTION('',(0.06540312923014295,0,-0.9978589232386036));
#810=VECTOR('',#809,0.01111853196912432);
#811=LINE('',#808,#810);
#812=EDGE_CURVE('',#19,#21,#811,.T.);
#813=CARTESIAN_POINT('',(0.085,0.0015,0));
#814=DIRECTION('',(0.9238795325112863,-0.38268343236509106,0));
#815=VECTOR('',#814,0.0011480502970952658);
#816=LINE('',#813,#815);
#817=EDGE_CURVE('',#21,#17,#816,.T.);
#818=CARTESIAN_POINT('',(0.085,0.0015,0));
#819=DIRECTION('',(-0.06540312923014295,0,0.9978589232386036));
#820=VECTOR('',#819,0.01111853196912432);
#821=LINE('',#818,#820);
#822=EDGE_CURVE('',#21,#19,#821,.T.);
#823=CARTESIAN_POINT('',(0.08427281321677389,0.0015,0.011094726338704385));
#824=DIRECTION('',(-0.9159756150367527,-0.38268343236509134,-0.12059047744874038));
#825=VECTOR('',#824,0.0011480502970952643);
#826=LINE('',#823,#825);
#827=EDGE_CURVE('',#19,#23,#826,.T.);
#828=CARTESIAN_POINT('',(0.08322122713979893,0.0010606601717798214,0.010956282405242499));
#829=DIRECTION('',(0.06540312923014278,0,-0.9978589232386036));
#830=VECTOR('',#829,0.010979790980555957);
#831=LINE('',#828,#830);
#832=EDGE_CURVE('',#23,#25,#831,.T.);
#833=CARTESIAN_POINT('',(0.08393933982822019,0.0010606601717798214,0));
#834=DIRECTION('',(0.9238795325112863,0.38268343236509084,0));
#835=VECTOR('',#834,0.0011480502970952658);
#836=LINE('',#833,#835);
#837=EDGE_CURVE('',#25,#21,#836,.T.);
#838=CARTESIAN_POINT('',(0.08393933982822019,0.0010606601717798214,0));
#839=DIRECTION('',(-0.06540312923014278,0,0.9978589232386036));
#840=VECTOR('',#839,0.010979790980555957);
#841=LINE('',#838,#840);
#842=EDGE_CURVE('',#25,#23,#841,.T.);
#843=CARTESIAN_POINT('',(0.08322122713979893,0.0010606601717798214,0.010956282405242499));
#844=DIRECTION('',(-0.3794095225512681,-0.9238795325112836,-0.049950211252315475));
#845=VECTOR('',#844,0.0011480502970952731);
#846=LINE('',#843,#845);
#847=EDGE_CURVE('',#23,#27,#846,.T.);
#848=CARTESIAN_POINT('',(0.08278564592471317,1.8369701987210298e-19,0.010898937050374306));
#849=DIRECTION('',(0.06540312923014326,0,-0.9978589232386035));
#850=VECTOR('',#849,0.01092232258143389);
#851=LINE('',#848,#850);
#852=EDGE_CURVE('',#27,#29,#851,.T.);
#853=CARTESIAN_POINT('',(0.0835,1.8369701987210298e-19,0));
#854=DIRECTION('',(0.38268343236509356,0.9238795325112852,0));
#855=VECTOR('',#854,0.0011480502970952712);
#856=LINE('',#853,#855);
#857=EDGE_CURVE('',#29,#25,#856,.T.);
#858=CARTESIAN_POINT('',(0.0835,1.8369701987210298e-19,0));
#859=DIRECTION('',(-0.06540312923014326,0,0.9978589232386035));
#860=VECTOR('',#859,0.01092232258143389);
#861=LINE('',#858,#860);
#862=EDGE_CURVE('',#29,#27,#861,.T.);
#863=CARTESIAN_POINT('',(0.08278564592471317,1.8369701987210298e-19,0.010898937050374306));
#864=DIRECTION('',(0.37940952255126803,-0.9238795325112836,0.04995021125231546));
#865=VECTOR('',#864,0.0011480502970952734);
#866=LINE('',#863,#865);
#867=EDGE_CURVE('',#27,#31,#866,.T.);
#868=CARTESIAN_POINT('',(0.08322122713979893,-0.0010606601717798212,0.010956282405242499));
#869=DIRECTION('',(0.06540312923014278,0,-0.9978589232386036));
#870=VECTOR('',#869,0.010979790980555957);
#871=LINE('',#868,#870);
#872=EDGE_CURVE('',#31,#33,#871,.T.);
#873=CARTESIAN_POINT('',(0.08393933982822019,-0.0010606601717798212,0));
#874=DIRECTION('',(-0.3826834323650935,0.9238795325112852,0));
#875=VECTOR('',#874,0.0011480502970952714);
#876=LINE('',#873,#875);
#877=EDGE_CURVE('',#33,#29,#876,.T.);
#878=CARTESIAN_POINT('',(0.08393933982822019,-0.0010606601717798212,0));
#879=DIRECTION('',(-0.06540312923014278,0,0.9978589232386036));
#880=VECTOR('',#879,0.010979790980555957);
#881=LINE('',#878,#880);
#882=EDGE_CURVE('',#33,#31,#881,.T.);
#883=CARTESIAN_POINT('',(0.08322122713979893,-0.0010606601717798212,0.010956282405242499));
#884=DIRECTION('',(0.9159756150367527,-0.38268343236509156,0.12059047744874038));
#885=VECTOR('',#884,0.0011480502970952643);
#886=LINE('',#883,#885);
#887=EDGE_CURVE('',#31,#35,#886,.T.);
#888=CARTESIAN_POINT('',(0.08427281321677389,-0.0015,0.011094726338704385));
#889=DIRECTION('',(0.06540312923014295,0,-0.9978589232386036));
#890=VECTOR('',#889,0.01111853196912432);
#891=LINE('',#888,#890);
#892=EDGE_CURVE('',#35,#37,#891,.T.);
#893=CARTESIAN_POINT('',(0.085,-0.0015,0));
#894=DIRECTION('',(-0.9238795325112863,0.38268343236509106,0));
#895=VECTOR('',#894,0.0011480502970952658);
#896=LINE('',#893,#895);
#897=EDGE_CURVE('',#37,#33,#896,.T.);
#898=CARTESIAN_POINT('',(0.085,-0.0015,0));
#899=DIRECTION('',(-0.06540312923014295,0,0.9978589232386036));
#900=VECTOR('',#899,0.01111853196912432);
#901=LINE('',#898,#900);
#902=EDGE_CURVE('',#37,#35,#901,.T.);
#903=CARTESIAN_POINT('',(0.08427281321677389,-0.0015,0.011094726338704385));
#904=DIRECTION('',(0.9159756150367528,0.3826834323650912,0.1205904774487389));
#905=VECTOR('',#904,0.001148050297095264);
#906=LINE('',#903,#905);
#907=EDGE_CURVE('',#35,#39,#906,.T.);
#908=CARTESIAN_POINT('',(0.08532439929374885,-0.0010606601717798216,0.01123317027216627));
#909=DIRECTION('',(0.0654031292301431,0,-0.9978589232386035));
#910=VECTOR('',#909,0.011257272957692683);
#911=LINE('',#908,#910);
#912=EDGE_CURVE('',#39,#41,#911,.T.);
#913=CARTESIAN_POINT('',(0.08606066017177982,-0.0010606601717798216,0));
#914=DIRECTION('',(-0.9238795325112863,-0.38268343236509067,0));
#915=VECTOR('',#914,0.0011480502970952658);
#916=LINE('',#913,#915);
#917=EDGE_CURVE('',#41,#37,#916,.T.);
#918=CARTESIAN_POINT('',(0.08606066017177982,-0.0010606601717798216,0));
#919=DIRECTION('',(-0.0654031292301431,0,0.9978589232386035));
#920=VECTOR('',#919,0.011257272957692683);
#921=LINE('',#918,#920);
#922=EDGE_CURVE('',#41,#39,#921,.T.);
#923=CARTESIAN_POINT('',(0.08532439929374885,-0.0010606601717798216,0.01123317027216627));
#924=DIRECTION('',(0.37940952255125765,0.923879532511288,0.04995021125231569));
#925=VECTOR('',#924,0.0011480502970952682);
#926=LINE('',#923,#925);
#927=EDGE_CURVE('',#39,#13,#926,.T.);
#928=CARTESIAN_POINT('',(0.0857599805088346,0,0.011290515627034462));
#929=DIRECTION('',(0.06540312923014385,0,-0.9978589232386034));
#930=VECTOR('',#929,0.011314741356814751);
#931=LINE('',#928,#930);
#932=EDGE_CURVE('',#13,#11,#931,.T.);
#933=CARTESIAN_POINT('',(0.08650000000000001,0,0));
#934=DIRECTION('',(-0.38268343236509345,-0.9238795325112852,0));
#935=VECTOR('',#934,0.0011480502970952716);
#936=LINE('',#933,#935);
#937=EDGE_CURVE('',#11,#41,#936,.T.);
#938=CARTESIAN_POINT('',(0.0857599805088346,0,0.011290515627034462));
#939=DIRECTION('',(-0.19509032201612714,0,0.9807852804032308));
#940=VECTOR('',#939,0.011314741356814748);
#941=LINE('',#938,#940);
#942=EDGE_CURVE('',#13,#43,#941,.T.);
#943=CARTESIAN_POINT('',(0.08355258397400442,0,0.022387847401368045));
#944=DIRECTION('',(-0.3696438106143869,0.9238795325112862,-0.09904576054128934));
#945=VECTOR('',#944,0.00114805029709527);
#946=LINE('',#943,#945);
#947=EDGE_CURVE('',#43,#45,#946,.T.);
#948=CARTESIAN_POINT('',(0.08312821428740914,0.0010606601717798212,0.02227413788655259));
#949=DIRECTION('',(0.19509032201612755,0,-0.9807852804032307));
#950=VECTOR('',#949,0.01125727295769268);
#951=LINE('',#948,#950);
#952=EDGE_CURVE('',#45,#15,#951,.T.);
#953=CARTESIAN_POINT('',(0.08532439929374885,0.0010606601717798212,0.01123317027216627));
#954=DIRECTION('',(0.37940952255125776,-0.9238795325112878,0.0499502112523157));
#955=VECTOR('',#954,0.001148050297095268);
#956=LINE('',#953,#955);
#957=EDGE_CURVE('',#15,#13,#956,.T.);
#958=CARTESIAN_POINT('',(0.08532439929374885,0.0010606601717798212,0.01123317027216627));
#959=DIRECTION('',(-0.19509032201612755,0,0.9807852804032307));
#960=VECTOR('',#959,0.01125727295769268);
#961=LINE('',#958,#960);
#962=EDGE_CURVE('',#15,#45,#961,.T.);
#963=CARTESIAN_POINT('',(0.08312821428740914,0.0010606601717798212,0.02227413788655259));
#964=DIRECTION('',(-0.8923991008325235,0.3826834323650889,-0.23911761839433332));
#965=VECTOR('',#964,0.0011480502970952723);
#966=LINE('',#963,#965);
#967=EDGE_CURVE('',#45,#47,#966,.T.);
#968=CARTESIAN_POINT('',(0.08210369523457081,0.0015,0.021999618833714263));
#969=DIRECTION('',(0.19509032201612833,0,-0.9807852804032304));
#970=VECTOR('',#969,0.01111853196912432);
#971=LINE('',#968,#970);
#972=EDGE_CURVE('',#47,#19,#971,.T.);
#973=CARTESIAN_POINT('',(0.08427281321677389,0.0015,0.011094726338704385));
#974=DIRECTION('',(0.9159756150367528,-0.3826834323650916,0.1205904774487389));
#975=VECTOR('',#974,0.001148050297095264);
#976=LINE('',#973,#975);
#977=EDGE_CURVE('',#19,#15,#976,.T.);
#978=CARTESIAN_POINT('',(0.08427281321677389,0.0015,0.011094726338704385));
#979=DIRECTION('',(-0.19509032201612833,0,0.9807852804032304));
#980=VECTOR('',#979,0.01111853196912432);
#981=LINE('',#978,#980);
#982=EDGE_CURVE('',#19,#47,#981,.T.);
#983=CARTESIAN_POINT('',(0.08210369523457081,0.0015,0.021999618833714263));
#984=DIRECTION('',(-0.8923991008325217,-0.3826834323650931,-0.23911761839433304));
#985=VECTOR('',#984,0.001148050297095259);
#986=LINE('',#983,#985);
#987=EDGE_CURVE('',#47,#49,#986,.T.);
#988=CARTESIAN_POINT('',(0.08107917618173249,0.0010606601717798214,0.021725099780875938));
#989=DIRECTION('',(0.1950903220161278,0,-0.9807852804032305));
#990=VECTOR('',#989,0.01097979098055596);
#991=LINE('',#988,#990);
#992=EDGE_CURVE('',#49,#23,#991,.T.);
#993=CARTESIAN_POINT('',(0.08322122713979893,0.0010606601717798214,0.010956282405242499));
#994=DIRECTION('',(0.9159756150367527,0.38268343236509134,0.12059047744874038));
#995=VECTOR('',#994,0.0011480502970952643);
#996=LINE('',#993,#995);
#997=EDGE_CURVE('',#23,#19,#996,.T.);
#998=CARTESIAN_POINT('',(0.08322122713979893,0.0010606601717798214,0.010956282405242499));
#999=DIRECTION('',(-0.1950903220161278,0,0.9807852804032305));
#1000=VECTOR('',#999,0.01097979098055596);
#1001=LINE('',#998,#1000);
#1002=EDGE_CURVE('',#23,#49,#1001,.T.);
#1003=CARTESIAN_POINT('',(0.08107917618173249,0.0010606601717798214,0.021725099780875938));
#1004=DIRECTION('',(-0.3696438106143973,-0.9238795325112821,-0.09904576054128889));
#1005=VECTOR('',#1004,0.001148050297095275);
#1006=LINE('',#1003,#1005);
#1007=EDGE_CURVE('',#49,#51,#1006,.T.);
#1008=CARTESIAN_POINT('',(0.0806548064951372,1.8369701987210298e-19,0.021611390266060484));
#1009=DIRECTION('',(0.19509032201612825,0,-0.9807852804032304));
#1010=VECTOR('',#1009,0.010922322581433894);
#1011=LINE('',#1008,#1010);
#1012=EDGE_CURVE('',#51,#27,#1011,.T.);
#1013=CARTESIAN_POINT('',(0.08278564592471317,1.8369701987210298e-19,0.010898937050374306));
#1014=DIRECTION('',(0.3794095225512681,0.9238795325112836,0.049950211252315475));
#1015=VECTOR('',#1014,0.0011480502970952731);
#1016=LINE('',#1013,#1015);
#1017=EDGE_CURVE('',#27,#23,#1016,.T.);
#1018=CARTESIAN_POINT('',(0.08278564592471317,1.8369701987210298e-19,0.010898937050374306));
#1019=DIRECTION('',(-0.19509032201612825,0,0.9807852804032304));
#1020=VECTOR('',#1019,0.010922322581433894);
#1021=LINE('',#1018,#1020);
#1022=EDGE_CURVE('',#27,#51,#1021,.T.);
#1023=CARTESIAN_POINT('',(0.0806548064951372,1.8369701987210298e-19,0.021611390266060484));
#1024=DIRECTION('',(0.3696438106143973,-0.9238795325112822,0.09904576054128889));
#1025=VECTOR('',#1024,0.001148050297095275);
#1026=LINE('',#1023,#1025);
#1027=EDGE_CURVE('',#51,#53,#1026,.T.);
#1028=CARTESIAN_POINT('',(0.08107917618173249,-0.0010606601717798212,0.021725099780875938));
#1029=DIRECTION('',(0.1950903220161278,0,-0.9807852804032305));
#1030=VECTOR('',#1029,0.01097979098055596);
#1031=LINE('',#1028,#1030);
#1032=EDGE_CURVE('',#53,#31,#1031,.T.);
#1033=CARTESIAN_POINT('',(0.08322122713979893,-0.0010606601717798212,0.010956282405242499));
#1034=DIRECTION('',(-0.37940952255126803,0.9238795325112836,-0.04995021125231546));
#1035=VECTOR('',#1034,0.0011480502970952734);
#1036=LINE('',#1033,#1035);
#1037=EDGE_CURVE('',#31,#27,#1036,.T.);
#1038=CARTESIAN_POINT('',(0.08322122713979893,-0.0010606601717798212,0.010956282405242499));
#1039=DIRECTION('',(-0.1950903220161278,0,0.9807852804032305));
#1040=VECTOR('',#1039,0.01097979098055596);
#1041=LINE('',#1038,#1040);
#1042=EDGE_CURVE('',#31,#53,#1041,.T.);
#1043=CARTESIAN_POINT('',(0.08107917618173249,-0.0010606601717798212,0.021725099780875938));
#1044=DIRECTION('',(0.8923991008325217,-0.3826834323650933,0.23911761839433304));
#1045=VECTOR('',#1044,0.001148050297095259);
#1046=LINE('',#1043,#1045);
#1047=EDGE_CURVE('',#53,#55,#1046,.T.);
#1048=CARTESIAN_POINT('',(0.08210369523457081,-0.0015,0.021999618833714263));
#1049=DIRECTION('',(0.19509032201612833,0,-0.9807852804032304));
#1050=VECTOR('',#1049,0.01111853196912432);
#1051=LINE('',#1048,#1050);
#1052=EDGE_CURVE('',#55,#35,#1051,.T.);
#1053=CARTESIAN_POINT('',(0.08427281321677389,-0.0015,0.011094726338704385));
#1054=DIRECTION('',(-0.9159756150367527,0.38268343236509156,-0.12059047744874038));
#1055=VECTOR('',#1054,0.0011480502970952643);
#1056=LINE('',#1053,#1055);
#1057=EDGE_CURVE('',#35,#31,#1056,.T.);
#1058=CARTESIAN_POINT('',(0.08427281321677389,-0.0015,0.011094726338704385));
#1059=DIRECTION('',(-0.19509032201612833,0,0.9807852804032304));
#1060=VECTOR('',#1059,0.01111853196912432);
#1061=LINE('',#1058,#1060);
#1062=EDGE_CURVE('',#35,#55,#1061,.T.);
#1063=CARTESIAN_POINT('',(0.08210369523457081,-0.0015,0.021999618833714263));
#1064=DIRECTION('',(0.8923991008325237,0.38268343236508856,0.23911761839433338));
#1065=VECTOR('',#1064,0.001148050297095272);
#1066=LINE('',#1063,#1065);
#1067=EDGE_CURVE('',#55,#57,#1066,.T.);
#1068=CARTESIAN_POINT('',(0.08312821428740914,-0.0010606601717798216,0.02227413788655259));
#1069=DIRECTION('',(0.19509032201612755,0,-0.9807852804032307));
#1070=VECTOR('',#1069,0.01125727295769268);
#1071=LINE('',#1068,#1070);
#1072=EDGE_CURVE('',#57,#39,#1071,.T.);
#1073=CARTESIAN_POINT('',(0.08532439929374885,-0.0010606601717798216,0.01123317027216627));
#1074=DIRECTION('',(-0.9159756150367528,-0.3826834323650912,-0.1205904774487389));
#1075=VECTOR('',#1074,0.001148050297095264);
#1076=LINE('',#1073,#1075);
#1077=EDGE_CURVE('',#39,#35,#1076,.T.);
#1078=CARTESIAN_POINT('',(0.08532439929374885,-0.0010606601717798216,0.01123317027216627));
#1079=DIRECTION('',(-0.19509032201612755,0,0.9807852804032307));
#1080=VECTOR('',#1079,0.01125727295769268);
#1081=LINE('',#1078,#1080);
#1082=EDGE_CURVE('',#39,#57,#1081,.T.);
#1083=CARTESIAN_POINT('',(0.08312821428740914,-0.0010606601717798216,0.02227413788655259));
#1084=DIRECTION('',(0.3696438106143867,0.9238795325112863,0.0990457605412893));
#1085=VECTOR('',#1084,0.0011480502970952703);
#1086=LINE('',#1083,#1085);
#1087=EDGE_CURVE('',#57,#43,#1086,.T.);
#1088=CARTESIAN_POINT('',(0.08355258397400442,0,0.022387847401368045));
#1089=DIRECTION('',(0.19509032201612714,0,-0.9807852804032308));
#1090=VECTOR('',#1089,0.011314741356814748);
#1091=LINE('',#1088,#1090);
#1092=EDGE_CURVE('',#43,#13,#1091,.T.);
#1093=CARTESIAN_POINT('',(0.0857599805088346,0,0.011290515627034462));
#1094=DIRECTION('',(-0.37940952255125765,-0.923879532511288,-0.04995021125231569));
#1095=VECTOR('',#1094,0.0011480502970952682);
#1096=LINE('',#1093,#1095);
#1097=EDGE_CURVE('',#13,#39,#1096,.T.);
#1098=CARTESIAN_POINT('',(0.08355258397400442,0,0.022387847401368045));
#1099=DIRECTION('',(-0.3214394653031621,0,0.9469301294951056));
#1100=VECTOR('',#1099,0.01131474135681476);
#1101=LINE('',#1098,#1100);
#1102=EDGE_CURVE('',#43,#59,#1101,.T.);
#1103=CARTESIAN_POINT('',(0.07991557956222631,0,0.03310211689958027));
#1104=DIRECTION('',(-0.35355339059328034,0.9238795325112831,-0.14644660940673296));
#1105=VECTOR('',#1104,0.0011480502970952738);
#1106=LINE('',#1103,#1105);
#1107=EDGE_CURVE('',#59,#61,#1106,.T.);
#1108=CARTESIAN_POINT('',(0.07950968248711665,0.0010606601717798212,0.03293398882614228));
#1109=DIRECTION('',(0.32143946530316286,0,-0.9469301294951051));
#1110=VECTOR('',#1109,0.011257272957692691);
#1111=LINE('',#1108,#1110);
#1112=EDGE_CURVE('',#61,#45,#1111,.T.);
#1113=CARTESIAN_POINT('',(0.08312821428740914,0.0010606601717798212,0.02227413788655259));
#1114=DIRECTION('',(0.3696438106143869,-0.9238795325112862,0.09904576054128934));
#1115=VECTOR('',#1114,0.00114805029709527);
#1116=LINE('',#1113,#1115);
#1117=EDGE_CURVE('',#45,#43,#1116,.T.);
#1118=CARTESIAN_POINT('',(0.08312821428740914,0.0010606601717798212,0.02227413788655259));
#1119=DIRECTION('',(-0.32143946530316286,0,0.9469301294951051));
#1120=VECTOR('',#1119,0.011257272957692691);
#1121=LINE('',#1118,#1120);
#1122=EDGE_CURVE('',#45,#61,#1121,.T.);
#1123=CARTESIAN_POINT('',(0.07950968248711665,0.0010606601717798212,0.03293398882614228));
#1124=DIRECTION('',(-0.8535533905932714,0.38268343236509467,-0.35355339059327406));
#1125=VECTOR('',#1124,0.001148050297095255);
#1126=LINE('',#1123,#1125);
#1127=EDGE_CURVE('',#61,#63,#1126,.T.);
#1128=CARTESIAN_POINT('',(0.07852976026345938,0.0015,0.032528091751032634));
#1129=DIRECTION('',(0.32143946530316125,0,-0.9469301294951057));
#1130=VECTOR('',#1129,0.011118531969124327);
#1131=LINE('',#1128,#1130);
#1132=EDGE_CURVE('',#63,#47,#1131,.T.);
#1133=CARTESIAN_POINT('',(0.08210369523457081,0.0015,0.021999618833714263));
#1134=DIRECTION('',(0.8923991008325235,-0.3826834323650889,0.23911761839433332));
#1135=VECTOR('',#1134,0.0011480502970952723);
#1136=LINE('',#1133,#1135);
#1137=EDGE_CURVE('',#47,#45,#1136,.T.);
#1138=CARTESIAN_POINT('',(0.08210369523457081,0.0015,0.021999618833714263));
#1139=DIRECTION('',(-0.32143946530316125,0,0.9469301294951057));
#1140=VECTOR('',#1139,0.011118531969124327);
#1141=LINE('',#1138,#1140);
#1142=EDGE_CURVE('',#47,#63,#1141,.T.);
#1143=CARTESIAN_POINT('',(0.07852976026345938,0.0015,0.032528091751032634));
#1144=DIRECTION('',(-0.8535533905932748,-0.38268343236509056,-0.35355339059327046));
#1145=VECTOR('',#1144,0.0011480502970952666);
#1146=LINE('',#1143,#1145);
#1147=EDGE_CURVE('',#63,#65,#1146,.T.);
#1148=CARTESIAN_POINT('',(0.0775498380398021,0.0010606601717798214,0.03212219467592299));
#1149=DIRECTION('',(0.32143946530316203,0,-0.9469301294951056));
#1150=VECTOR('',#1149,0.010979790980555966);
#1151=LINE('',#1148,#1150);
#1152=EDGE_CURVE('',#65,#49,#1151,.T.);
#1153=CARTESIAN_POINT('',(0.08107917618173249,0.0010606601717798214,0.021725099780875938));
#1154=DIRECTION('',(0.8923991008325217,0.3826834323650931,0.23911761839433304));
#1155=VECTOR('',#1154,0.001148050297095259);
#1156=LINE('',#1153,#1155);
#1157=EDGE_CURVE('',#49,#47,#1156,.T.);
#1158=CARTESIAN_POINT('',(0.08107917618173249,0.0010606601717798214,0.021725099780875938));
#1159=DIRECTION('',(-0.32143946530316203,0,0.9469301294951056));
#1160=VECTOR('',#1159,0.010979790980555966);
#1161=LINE('',#1158,#1160);
#1162=EDGE_CURVE('',#49,#65,#1161,.T.);
#1163=CARTESIAN_POINT('',(0.0775498380398021,0.0010606601717798214,0.03212219467592299));
#1164=DIRECTION('',(-0.35355339059328034,-0.9238795325112831,-0.14644660940673296));
#1165=VECTOR('',#1164,0.0011480502970952738);
#1166=LINE('',#1163,#1165);
#1167=EDGE_CURVE('',#65,#67,#1166,.T.);
#1168=CARTESIAN_POINT('',(0.07714394096469245,1.8369701987210298e-19,0.031954066602484996));
#1169=DIRECTION('',(0.32143946530316175,0,-0.9469301294951056));
#1170=VECTOR('',#1169,0.010922322581433892);
#1171=LINE('',#1168,#1170);
#1172=EDGE_CURVE('',#67,#51,#1171,.T.);
#1173=CARTESIAN_POINT('',(0.0806548064951372,1.8369701987210298e-19,0.021611390266060484));
#1174=DIRECTION('',(0.3696438106143973,0.9238795325112821,0.09904576054128889));
#1175=VECTOR('',#1174,0.001148050297095275);
#1176=LINE('',#1173,#1175);
#1177=EDGE_CURVE('',#51,#49,#1176,.T.);
#1178=CARTESIAN_POINT('',(0.0806548064951372,1.8369701987210298e-19,0.021611390266060484));
#1179=DIRECTION('',(-0.32143946530316175,0,0.9469301294951056));
#1180=VECTOR('',#1179,0.010922322581433892);
#1181=LINE('',#1178,#1180);
#1182=EDGE_CURVE('',#51,#67,#1181,.T.);
#1183=CARTESIAN_POINT('',(0.07714394096469245,1.8369701987210298e-19,0.031954066602484996));
#1184=DIRECTION('',(0.35355339059328034,-0.9238795325112833,0.14644660940673296));
#1185=VECTOR('',#1184,0.0011480502970952738);
#1186=LINE('',#1183,#1185);
#1187=EDGE_CURVE('',#67,#69,#1186,.T.);
#1188=CARTESIAN_POINT('',(0.0775498380398021,-0.0010606601717798212,0.03212219467592299));
#1189=DIRECTION('',(0.32143946530316203,0,-0.9469301294951056));
#1190=VECTOR('',#1189,0.010979790980555966);
#1191=LINE('',#1188,#1190);
#1192=EDGE_CURVE('',#69,#53,#1191,.T.);
#1193=CARTESIAN_POINT('',(0.08107917618173249,-0.0010606601717798212,0.021725099780875938));
#1194=DIRECTION('',(-0.3696438106143973,0.9238795325112822,-0.09904576054128889));
#1195=VECTOR('',#1194,0.001148050297095275);
#1196=LINE('',#1193,#1195);
#1197=EDGE_CURVE('',#53,#51,#1196,.T.);
#1198=CARTESIAN_POINT('',(0.08107917618173249,-0.0010606601717798212,0.021725099780875938));
#1199=DIRECTION('',(-0.32143946530316203,0,0.9469301294951056));
#1200=VECTOR('',#1199,0.010979790980555966);
#1201=LINE('',#1198,#1200);
#1202=EDGE_CURVE('',#53,#69,#1201,.T.);
#1203=CARTESIAN_POINT('',(0.0775498380398021,-0.0010606601717798212,0.03212219467592299));
#1204=DIRECTION('',(0.8535533905932746,-0.38268343236509067,0.3535533905932704));
#1205=VECTOR('',#1204,0.0011480502970952669);
#1206=LINE('',#1203,#1205);
#1207=EDGE_CURVE('',#69,#71,#1206,.T.);
#1208=CARTESIAN_POINT('',(0.07852976026345938,-0.0015,0.032528091751032634));
#1209=DIRECTION('',(0.32143946530316125,0,-0.9469301294951057));
#1210=VECTOR('',#1209,0.011118531969124327);
#1211=LINE('',#1208,#1210);
#1212=EDGE_CURVE('',#71,#55,#1211,.T.);
#1213=CARTESIAN_POINT('',(0.08210369523457081,-0.0015,0.021999618833714263));
#1214=DIRECTION('',(-0.8923991008325217,0.3826834323650933,-0.23911761839433304));
#1215=VECTOR('',#1214,0.001148050297095259);
#1216=LINE('',#1213,#1215);
#1217=EDGE_CURVE('',#55,#53,#1216,.T.);
#1218=CARTESIAN_POINT('',(0.08210369523457081,-0.0015,0.021999618833714263));
#1219=DIRECTION('',(-0.32143946530316125,0,0.9469301294951057));
#1220=VECTOR('',#1219,0.011118531969124327);
#1221=LINE('',#1218,#1220);
#1222=EDGE_CURVE('',#55,#71,#1221,.T.);
#1223=CARTESIAN_POINT('',(0.07852976026345938,-0.0015,0.032528091751032634));
#1224=DIRECTION('',(0.8535533905932716,0.38268343236509433,0.3535533905932741));
#1225=VECTOR('',#1224,0.0011480502970952547);
#1226=LINE('',#1223,#1225);
#1227=EDGE_CURVE('',#71,#73,#1226,.T.);
#1228=CARTESIAN_POINT('',(0.07950968248711665,-0.0010606601717798216,0.03293398882614228));
#1229=DIRECTION('',(0.32143946530316286,0,-0.9469301294951051));
#1230=VECTOR('',#1229,0.011257272957692691);
#1231=LINE('',#1228,#1230);
#1232=EDGE_CURVE('',#73,#57,#1231,.T.);
#1233=CARTESIAN_POINT('',(0.08312821428740914,-0.0010606601717798216,0.02227413788655259));
#1234=DIRECTION('',(-0.8923991008325237,-0.38268343236508856,-0.23911761839433338));
#1235=VECTOR('',#1234,0.001148050297095272);
#1236=LINE('',#1233,#1235);
#1237=EDGE_CURVE('',#57,#55,#1236,.T.);
#1238=CARTESIAN_POINT('',(0.08312821428740914,-0.0010606601717798216,0.02227413788655259));
#1239=DIRECTION('',(-0.32143946530316286,0,0.9469301294951051));
#1240=VECTOR('',#1239,0.011257272957692691);
#1241=LINE('',#1238,#1240);
#1242=EDGE_CURVE('',#57,#73,#1241,.T.);
#1243=CARTESIAN_POINT('',(0.07950968248711665,-0.0010606601717798216,0.03293398882614228));
#1244=DIRECTION('',(0.3535533905932803,0.9238795325112833,0.14644660940673293));
#1245=VECTOR('',#1244,0.001148050297095274);
#1246=LINE('',#1243,#1245);
#1247=EDGE_CURVE('',#73,#59,#1246,.T.);
#1248=CARTESIAN_POINT('',(0.07991557956222631,0,0.03310211689958027));
#1249=DIRECTION('',(0.3214394653031621,0,-0.9469301294951056));
#1250=VECTOR('',#1249,0.01131474135681476);
#1251=LINE('',#1248,#1250);
#1252=EDGE_CURVE('',#59,#43,#1251,.T.);
#1253=CARTESIAN_POINT('',(0.08355258397400442,0,0.022387847401368045));
#1254=DIRECTION('',(-0.3696438106143867,-0.9238795325112863,-0.0990457605412893));
#1255=VECTOR('',#1254,0.0011480502970952703);
#1256=LINE('',#1253,#1255);
#1257=EDGE_CURVE('',#43,#57,#1256,.T.);
#1258=CARTESIAN_POINT('',(0.07991557956222631,0,0.03310211689958027));
#1259=DIRECTION('',(-0.44228869021900097,0,0.8968727415326886));
#1260=VECTOR('',#1259,0.011314741356814735);
#1261=LINE('',#1258,#1260);
#1262=EDGE_CURVE('',#59,#75,#1261,.T.);
#1263=CARTESIAN_POINT('',(0.07491119742735396,0,0.04325));
#1264=DIRECTION('',(-0.3314135740355969,0.9238795325112845,-0.19134171618254664));
#1265=VECTOR('',#1264,0.001148050297095272);
#1266=LINE('',#1263,#1265);
#1267=EDGE_CURVE('',#75,#77,#1266,.T.);
#1268=CARTESIAN_POINT('',(0.07453071797522098,0.0010606601717798212,0.043030330085889905));
#1269=DIRECTION('',(0.4422886902190005,0,-0.8968727415326887));
#1270=VECTOR('',#1269,0.011257272957692674);
#1271=LINE('',#1268,#1270);
#1272=EDGE_CURVE('',#77,#61,#1271,.T.);
#1273=CARTESIAN_POINT('',(0.07950968248711665,0.0010606601717798212,0.03293398882614228));
#1274=DIRECTION('',(0.35355339059328034,-0.9238795325112831,0.14644660940673296));
#1275=VECTOR('',#1274,0.0011480502970952738);
#1276=LINE('',#1273,#1275);
#1277=EDGE_CURVE('',#61,#59,#1276,.T.);
#1278=CARTESIAN_POINT('',(0.07950968248711665,0.0010606601717798212,0.03293398882614228));
#1279=DIRECTION('',(-0.4422886902190005,0,0.8968727415326887));
#1280=VECTOR('',#1279,0.011257272957692674);
#1281=LINE('',#1278,#1280);
#1282=EDGE_CURVE('',#61,#77,#1281,.T.);
#1283=CARTESIAN_POINT('',(0.07453071797522098,0.0010606601717798212,0.043030330085889905));
#1284=DIRECTION('',(-0.800103145191266,0.38268343236509034,-0.4619397662556423));
#1285=VECTOR('',#1284,0.001148050297095268);
#1286=LINE('',#1283,#1285);
#1287=EDGE_CURVE('',#77,#79,#1286,.T.);
#1288=CARTESIAN_POINT('',(0.07361215932167729,0.0015,0.042499999999999996));
#1289=DIRECTION('',(0.4422886902190017,0,-0.8968727415326881));
#1290=VECTOR('',#1289,0.011118531969124315);
#1291=LINE('',#1288,#1290);
#1292=EDGE_CURVE('',#79,#63,#1291,.T.);
#1293=CARTESIAN_POINT('',(0.07852976026345938,0.0015,0.032528091751032634));
#1294=DIRECTION('',(0.8535533905932714,-0.38268343236509467,0.35355339059327406));
#1295=VECTOR('',#1294,0.001148050297095255);
#1296=LINE('',#1293,#1295);
#1297=EDGE_CURVE('',#63,#61,#1296,.T.);
#1298=CARTESIAN_POINT('',(0.07852976026345938,0.0015,0.032528091751032634));
#1299=DIRECTION('',(-0.4422886902190017,0,0.8968727415326881));
#1300=VECTOR('',#1299,0.011118531969124315);
#1301=LINE('',#1298,#1300);
#1302=EDGE_CURVE('',#63,#79,#1301,.T.);
#1303=CARTESIAN_POINT('',(0.07361215932167729,0.0015,0.042499999999999996));
#1304=DIRECTION('',(-0.800103145191266,-0.3826834323650901,-0.4619397662556423));
#1305=VECTOR('',#1304,0.001148050297095268);
#1306=LINE('',#1303,#1305);
#1307=EDGE_CURVE('',#79,#81,#1306,.T.);
#1308=CARTESIAN_POINT('',(0.0726936006681336,0.0010606601717798214,0.04196966991411009));
#1309=DIRECTION('',(0.4422886902190018,0,-0.896872741532688));
#1310=VECTOR('',#1309,0.01097979098055595);
#1311=LINE('',#1308,#1310);
#1312=EDGE_CURVE('',#81,#65,#1311,.T.);
#1313=CARTESIAN_POINT('',(0.0775498380398021,0.0010606601717798214,0.03212219467592299));
#1314=DIRECTION('',(0.8535533905932748,0.38268343236509056,0.35355339059327046));
#1315=VECTOR('',#1314,0.0011480502970952666);
#1316=LINE('',#1313,#1315);
#1317=EDGE_CURVE('',#65,#63,#1316,.T.);
#1318=CARTESIAN_POINT('',(0.0775498380398021,0.0010606601717798214,0.03212219467592299));
#1319=DIRECTION('',(-0.4422886902190018,0,0.896872741532688));
#1320=VECTOR('',#1319,0.01097979098055595);
#1321=LINE('',#1318,#1320);
#1322=EDGE_CURVE('',#65,#81,#1321,.T.);
#1323=CARTESIAN_POINT('',(0.0726936006681336,0.0010606601717798214,0.04196966991411009));
#1324=DIRECTION('',(-0.3314135740355862,-0.9238795325112883,-0.19134171618254744));
#1325=VECTOR('',#1324,0.0011480502970952673);
#1326=LINE('',#1323,#1325);
#1327=EDGE_CURVE('',#81,#83,#1326,.T.);
#1328=CARTESIAN_POINT('',(0.07231312121600064,1.8369701987210298e-19,0.041749999999999995));
#1329=DIRECTION('',(0.4422886902190004,0,-0.8968727415326888));
#1330=VECTOR('',#1329,0.010922322581433882);
#1331=LINE('',#1328,#1330);
#1332=EDGE_CURVE('',#83,#67,#1331,.T.);
#1333=CARTESIAN_POINT('',(0.07714394096469245,1.8369701987210298e-19,0.031954066602484996));
#1334=DIRECTION('',(0.35355339059328034,0.9238795325112831,0.14644660940673296));
#1335=VECTOR('',#1334,0.0011480502970952738);
#1336=LINE('',#1333,#1335);
#1337=EDGE_CURVE('',#67,#65,#1336,.T.);
#1338=CARTESIAN_POINT('',(0.07714394096469245,1.8369701987210298e-19,0.031954066602484996));
#1339=DIRECTION('',(-0.4422886902190004,0,0.8968727415326888));
#1340=VECTOR('',#1339,0.010922322581433882);
#1341=LINE('',#1338,#1340);
#1342=EDGE_CURVE('',#67,#83,#1341,.T.);
#1343=CARTESIAN_POINT('',(0.07231312121600064,1.8369701987210298e-19,0.041749999999999995));
#1344=DIRECTION('',(0.33141357403558613,-0.9238795325112883,0.19134171618254742));
#1345=VECTOR('',#1344,0.0011480502970952675);
#1346=LINE('',#1343,#1345);
#1347=EDGE_CURVE('',#83,#85,#1346,.T.);
#1348=CARTESIAN_POINT('',(0.0726936006681336,-0.0010606601717798212,0.04196966991411009));
#1349=DIRECTION('',(0.4422886902190018,0,-0.896872741532688));
#1350=VECTOR('',#1349,0.01097979098055595);
#1351=LINE('',#1348,#1350);
#1352=EDGE_CURVE('',#85,#69,#1351,.T.);
#1353=CARTESIAN_POINT('',(0.0775498380398021,-0.0010606601717798212,0.03212219467592299));
#1354=DIRECTION('',(-0.35355339059328034,0.9238795325112833,-0.14644660940673296));
#1355=VECTOR('',#1354,0.0011480502970952738);
#1356=LINE('',#1353,#1355);
#1357=EDGE_CURVE('',#69,#67,#1356,.T.);
#1358=CARTESIAN_POINT('',(0.0775498380398021,-0.0010606601717798212,0.03212219467592299));
#1359=DIRECTION('',(-0.4422886902190018,0,0.896872741532688));
#1360=VECTOR('',#1359,0.01097979098055595);
#1361=LINE('',#1358,#1360);
#1362=EDGE_CURVE('',#69,#85,#1361,.T.);
#1363=CARTESIAN_POINT('',(0.0726936006681336,-0.0010606601717798212,0.04196966991411009));
#1364=DIRECTION('',(0.800103145191266,-0.38268343236509034,0.4619397662556423));
#1365=VECTOR('',#1364,0.001148050297095268);
#1366=LINE('',#1363,#1365);
#1367=EDGE_CURVE('',#85,#87,#1366,.T.);
#1368=CARTESIAN_POINT('',(0.07361215932167729,-0.0015,0.042499999999999996));
#1369=DIRECTION('',(0.4422886902190017,0,-0.8968727415326881));
#1370=VECTOR('',#1369,0.011118531969124315);
#1371=LINE('',#1368,#1370);
#1372=EDGE_CURVE('',#87,#71,#1371,.T.);
#1373=CARTESIAN_POINT('',(0.07852976026345938,-0.0015,0.032528091751032634));
#1374=DIRECTION('',(-0.8535533905932746,0.38268343236509067,-0.3535533905932704));
#1375=VECTOR('',#1374,0.0011480502970952669);
#1376=LINE('',#1373,#1375);
#1377=EDGE_CURVE('',#71,#69,#1376,.T.);
#1378=CARTESIAN_POINT('',(0.07852976026345938,-0.0015,0.032528091751032634));
#1379=DIRECTION('',(-0.4422886902190017,0,0.8968727415326881));
#1380=VECTOR('',#1379,0.011118531969124315);
#1381=LINE('',#1378,#1380);
#1382=EDGE_CURVE('',#71,#87,#1381,.T.);
#1383=CARTESIAN_POINT('',(0.07361215932167729,-0.0015,0.042499999999999996));
#1384=DIRECTION('',(0.800103145191266,0.38268343236508995,0.4619397662556423));
#1385=VECTOR('',#1384,0.001148050297095268);
#1386=LINE('',#1383,#1385);
#1387=EDGE_CURVE('',#87,#89,#1386,.T.);
#1388=CARTESIAN_POINT('',(0.07453071797522098,-0.0010606601717798216,0.043030330085889905));
#1389=DIRECTION('',(0.4422886902190005,0,-0.8968727415326887));
#1390=VECTOR('',#1389,0.011257272957692674);
#1391=LINE('',#1388,#1390);
#1392=EDGE_CURVE('',#89,#73,#1391,.T.);
#1393=CARTESIAN_POINT('',(0.07950968248711665,-0.0010606601717798216,0.03293398882614228));
#1394=DIRECTION('',(-0.8535533905932716,-0.38268343236509433,-0.3535533905932741));
#1395=VECTOR('',#1394,0.0011480502970952547);
#1396=LINE('',#1393,#1395);
#1397=EDGE_CURVE('',#73,#71,#1396,.T.);
#1398=CARTESIAN_POINT('',(0.07950968248711665,-0.0010606601717798216,0.03293398882614228));
#1399=DIRECTION('',(-0.4422886902190005,0,0.8968727415326887));
#1400=VECTOR('',#1399,0.011257272957692674);
#1401=LINE('',#1398,#1400);
#1402=EDGE_CURVE('',#73,#89,#1401,.T.);
#1403=CARTESIAN_POINT('',(0.07453071797522098,-0.0010606601717798216,0.043030330085889905));
#1404=DIRECTION('',(0.33141357403559685,0.9238795325112847,0.1913417161825466));
#1405=VECTOR('',#1404,0.0011480502970952723);
#1406=LINE('',#1403,#1405);
#1407=EDGE_CURVE('',#89,#75,#1406,.T.);
#1408=CARTESIAN_POINT('',(0.07491119742735396,0,0.04325));
#1409=DIRECTION('',(0.44228869021900097,0,-0.8968727415326886));
#1410=VECTOR('',#1409,0.011314741356814735);
#1411=LINE('',#1408,#1410);
#1412=EDGE_CURVE('',#75,#59,#1411,.T.);
#1413=CARTESIAN_POINT('',(0.07991557956222631,0,0.03310211689958027));
#1414=DIRECTION('',(-0.3535533905932803,-0.9238795325112833,-0.14644660940673293));
#1415=VECTOR('',#1414,0.001148050297095274);
#1416=LINE('',#1413,#1415);
#1417=EDGE_CURVE('',#59,#73,#1416,.T.);
#1418=CARTESIAN_POINT('',(0.07491119742735396,0,0.04325));
#1419=DIRECTION('',(-0.555570233019602,0,0.8314696123025455));
#1420=VECTOR('',#1419,0.011314741356814758);
#1421=LINE('',#1418,#1420);
#1422=EDGE_CURVE('',#75,#91,#1421,.T.);
#1423=CARTESIAN_POINT('',(0.06862506393519185,0,0.05265786360925434));
#1424=DIRECTION('',(-0.3036031793409667,0.923879532511284,-0.23296291314453516));
#1425=VECTOR('',#1424,0.0011480502970952727);
#1426=LINE('',#1423,#1425);
#1427=EDGE_CURVE('',#91,#93,#1426,.T.);
#1428=CARTESIAN_POINT('',(0.06827651221495039,0.0010606601717798212,0.05239041046760658));
#1429=DIRECTION('',(0.5555702330196021,0,-0.8314696123025452));
#1430=VECTOR('',#1429,0.011257272957692695);
#1431=LINE('',#1428,#1430);
#1432=EDGE_CURVE('',#93,#77,#1431,.T.);
#1433=CARTESIAN_POINT('',(0.07453071797522098,0.0010606601717798212,0.043030330085889905));
#1434=DIRECTION('',(0.3314135740355969,-0.9238795325112845,0.19134171618254664));
#1435=VECTOR('',#1434,0.001148050297095272);
#1436=LINE('',#1433,#1435);
#1437=EDGE_CURVE('',#77,#75,#1436,.T.);
#1438=CARTESIAN_POINT('',(0.07453071797522098,0.0010606601717798212,0.043030330085889905));
#1439=DIRECTION('',(-0.5555702330196021,0,0.8314696123025452));
#1440=VECTOR('',#1439,0.011257272957692695);
#1441=LINE('',#1438,#1440);
#1442=EDGE_CURVE('',#77,#93,#1441,.T.);
#1443=CARTESIAN_POINT('',(0.06827651221495039,0.0010606601717798212,0.05239041046760658));
#1444=DIRECTION('',(-0.7329629131445311,0.38268343236509206,-0.5624222244434822));
#1445=VECTOR('',#1444,0.0011480502970952627);
#1446=LINE('',#1443,#1445);
#1447=EDGE_CURVE('',#93,#95,#1446,.T.);
#1448=CARTESIAN_POINT('',(0.067435033924755,0.0015,0.05174472146574126));
#1449=DIRECTION('',(0.5555702330196016,0,-0.8314696123025456));
#1450=VECTOR('',#1449,0.011118531969124327);
#1451=LINE('',#1448,#1450);
#1452=EDGE_CURVE('',#95,#79,#1451,.T.);
#1453=CARTESIAN_POINT('',(0.07361215932167729,0.0015,0.042499999999999996));
#1454=DIRECTION('',(0.800103145191266,-0.38268343236509034,0.4619397662556423));
#1455=VECTOR('',#1454,0.001148050297095268);
#1456=LINE('',#1453,#1455);
#1457=EDGE_CURVE('',#79,#77,#1456,.T.);
#1458=CARTESIAN_POINT('',(0.07361215932167729,0.0015,0.042499999999999996));
#1459=DIRECTION('',(-0.5555702330196016,0,0.8314696123025456));
#1460=VECTOR('',#1459,0.011118531969124327);
#1461=LINE('',#1458,#1460);
#1462=EDGE_CURVE('',#79,#95,#1461,.T.);
#1463=CARTESIAN_POINT('',(0.067435033924755,0.0015,0.05174472146574126));
#1464=DIRECTION('',(-0.7329629131445368,-0.38268343236508845,-0.5624222244434772));
#1465=VECTOR('',#1464,0.001148050297095273);
#1466=LINE('',#1463,#1465);
#1467=EDGE_CURVE('',#95,#97,#1466,.T.);
#1468=CARTESIAN_POINT('',(0.0665935556345596,0.0010606601717798214,0.05109903246387594));
#1469=DIRECTION('',(0.5555702330196021,0,-0.8314696123025453));
#1470=VECTOR('',#1469,0.010979790980555966);
#1471=LINE('',#1468,#1470);
#1472=EDGE_CURVE('',#97,#81,#1471,.T.);
#1473=CARTESIAN_POINT('',(0.0726936006681336,0.0010606601717798214,0.04196966991411009));
#1474=DIRECTION('',(0.800103145191266,0.3826834323650901,0.4619397662556423));
#1475=VECTOR('',#1474,0.001148050297095268);
#1476=LINE('',#1473,#1475);
#1477=EDGE_CURVE('',#81,#79,#1476,.T.);
#1478=CARTESIAN_POINT('',(0.0726936006681336,0.0010606601717798214,0.04196966991411009));
#1479=DIRECTION('',(-0.5555702330196021,0,0.8314696123025453));
#1480=VECTOR('',#1479,0.010979790980555966);
#1481=LINE('',#1478,#1480);
#1482=EDGE_CURVE('',#81,#97,#1481,.T.);
#1483=CARTESIAN_POINT('',(0.0665935556345596,0.0010606601717798214,0.05109903246387594));
#1484=DIRECTION('',(-0.3036031793409557,-0.9238795325112873,-0.232962913144536));
#1485=VECTOR('',#1484,0.0011480502970952686);
#1486=LINE('',#1483,#1485);
#1487=EDGE_CURVE('',#97,#99,#1486,.T.);
#1488=CARTESIAN_POINT('',(0.06624500391431815,1.8369701987210298e-19,0.050831579322228176));
#1489=DIRECTION('',(0.5555702330196023,0,-0.8314696123025452));
#1490=VECTOR('',#1489,0.010922322581433901);
#1491=LINE('',#1488,#1490);
#1492=EDGE_CURVE('',#99,#83,#1491,.T.);
#1493=CARTESIAN_POINT('',(0.07231312121600064,1.8369701987210298e-19,0.041749999999999995));
#1494=DIRECTION('',(0.3314135740355862,0.9238795325112883,0.19134171618254744));
#1495=VECTOR('',#1494,0.0011480502970952673);
#1496=LINE('',#1493,#1495);
#1497=EDGE_CURVE('',#83,#81,#1496,.T.);
#1498=CARTESIAN_POINT('',(0.07231312121600064,1.8369701987210298e-19,0.041749999999999995));
#1499=DIRECTION('',(-0.5555702330196023,0,0.8314696123025452));
#1500=VECTOR('',#1499,0.010922322581433901);
#1501=LINE('',#1498,#1500);
#1502=EDGE_CURVE('',#83,#99,#1501,.T.);
#1503=CARTESIAN_POINT('',(0.06624500391431815,1.8369701987210298e-19,0.050831579322228176));
#1504=DIRECTION('',(0.30360317934095565,-0.9238795325112873,0.23296291314453593));
#1505=VECTOR('',#1504,0.0011480502970952688);
#1506=LINE('',#1503,#1505);
#1507=EDGE_CURVE('',#99,#101,#1506,.T.);
#1508=CARTESIAN_POINT('',(0.0665935556345596,-0.0010606601717798212,0.05109903246387594));
#1509=DIRECTION('',(0.5555702330196021,0,-0.8314696123025453));
#1510=VECTOR('',#1509,0.010979790980555966);
#1511=LINE('',#1508,#1510);
#1512=EDGE_CURVE('',#101,#85,#1511,.T.);
#1513=CARTESIAN_POINT('',(0.0726936006681336,-0.0010606601717798212,0.04196966991411009));
#1514=DIRECTION('',(-0.33141357403558613,0.9238795325112883,-0.19134171618254742));
#1515=VECTOR('',#1514,0.0011480502970952675);
#1516=LINE('',#1513,#1515);
#1517=EDGE_CURVE('',#85,#83,#1516,.T.);
#1518=CARTESIAN_POINT('',(0.0726936006681336,-0.0010606601717798212,0.04196966991411009));
#1519=DIRECTION('',(-0.5555702330196021,0,0.8314696123025453));
#1520=VECTOR('',#1519,0.010979790980555966);
#1521=LINE('',#1518,#1520);
#1522=EDGE_CURVE('',#85,#101,#1521,.T.);
#1523=CARTESIAN_POINT('',(0.0665935556345596,-0.0010606601717798212,0.05109903246387594));
#1524=DIRECTION('',(0.7329629131445368,-0.38268343236508867,0.5624222244434772));
#1525=VECTOR('',#1524,0.001148050297095273);
#1526=LINE('',#1523,#1525);
#1527=EDGE_CURVE('',#101,#103,#1526,.T.);
#1528=CARTESIAN_POINT('',(0.067435033924755,-0.0015,0.05174472146574126));
#1529=DIRECTION('',(0.5555702330196016,0,-0.8314696123025456));
#1530=VECTOR('',#1529,0.011118531969124327);
#1531=LINE('',#1528,#1530);
#1532=EDGE_CURVE('',#103,#87,#1531,.T.);
#1533=CARTESIAN_POINT('',(0.07361215932167729,-0.0015,0.042499999999999996));
#1534=DIRECTION('',(-0.800103145191266,0.38268343236509034,-0.4619397662556423));
#1535=VECTOR('',#1534,0.001148050297095268);
#1536=LINE('',#1533,#1535);
#1537=EDGE_CURVE('',#87,#85,#1536,.T.);
#1538=CARTESIAN_POINT('',(0.07361215932167729,-0.0015,0.042499999999999996));
#1539=DIRECTION('',(-0.5555702330196016,0,0.8314696123025456));
#1540=VECTOR('',#1539,0.011118531969124327);
#1541=LINE('',#1538,#1540);
#1542=EDGE_CURVE('',#87,#103,#1541,.T.);
#1543=CARTESIAN_POINT('',(0.067435033924755,-0.0015,0.05174472146574126));
#1544=DIRECTION('',(0.7329629131445311,0.38268343236509167,0.5624222244434822));
#1545=VECTOR('',#1544,0.0011480502970952627);
#1546=LINE('',#1543,#1545);
#1547=EDGE_CURVE('',#103,#105,#1546,.T.);
#1548=CARTESIAN_POINT('',(0.06827651221495039,-0.0010606601717798216,0.05239041046760658));
#1549=DIRECTION('',(0.5555702330196021,0,-0.8314696123025452));
#1550=VECTOR('',#1549,0.011257272957692695);
#1551=LINE('',#1548,#1550);
#1552=EDGE_CURVE('',#105,#89,#1551,.T.);
#1553=CARTESIAN_POINT('',(0.07453071797522098,-0.0010606601717798216,0.043030330085889905));
#1554=DIRECTION('',(-0.800103145191266,-0.38268343236508995,-0.4619397662556423));
#1555=VECTOR('',#1554,0.001148050297095268);
#1556=LINE('',#1553,#1555);
#1557=EDGE_CURVE('',#89,#87,#1556,.T.);
#1558=CARTESIAN_POINT('',(0.07453071797522098,-0.0010606601717798216,0.043030330085889905));
#1559=DIRECTION('',(-0.5555702330196021,0,0.8314696123025452));
#1560=VECTOR('',#1559,0.011257272957692695);
#1561=LINE('',#1558,#1560);
#1562=EDGE_CURVE('',#89,#105,#1561,.T.);
#1563=CARTESIAN_POINT('',(0.06827651221495039,-0.0010606601717798216,0.05239041046760658));
#1564=DIRECTION('',(0.3036031793409666,0.923879532511284,0.23296291314453507));
#1565=VECTOR('',#1564,0.0011480502970952731);
#1566=LINE('',#1563,#1565);
#1567=EDGE_CURVE('',#105,#91,#1566,.T.);
#1568=CARTESIAN_POINT('',(0.06862506393519185,0,0.05265786360925434));
#1569=DIRECTION('',(0.555570233019602,0,-0.8314696123025455));
#1570=VECTOR('',#1569,0.011314741356814758);
#1571=LINE('',#1568,#1570);
#1572=EDGE_CURVE('',#91,#75,#1571,.T.);
#1573=CARTESIAN_POINT('',(0.07491119742735396,0,0.04325));
#1574=DIRECTION('',(-0.33141357403559685,-0.9238795325112847,-0.1913417161825466));
#1575=VECTOR('',#1574,0.0011480502970952723);
#1576=LINE('',#1573,#1575);
#1577=EDGE_CURVE('',#75,#89,#1576,.T.);
#1578=CARTESIAN_POINT('',(0.06862506393519185,0,0.05265786360925434));
#1579=DIRECTION('',(-0.6593458151000692,0,0.751839807478977));
#1580=VECTOR('',#1579,0.011314741356814746);
#1581=LINE('',#1578,#1580);
#1582=EDGE_CURVE('',#91,#107,#1581,.T.);
#1583=CARTESIAN_POINT('',(0.06116473657263637,0,0.06116473657263636));
#1584=DIRECTION('',(-0.270598050073106,0.9238795325112842,-0.27059805007309995));
#1585=VECTOR('',#1584,0.0011480502970952725);
#1586=LINE('',#1583,#1585);
#1587=EDGE_CURVE('',#107,#109,#1586,.T.);
#1588=CARTESIAN_POINT('',(0.06085407640085654,0.0010606601717798212,0.060854076400856535));
#1589=DIRECTION('',(0.6593458151000692,0,-0.751839807478977));
#1590=VECTOR('',#1589,0.011257272957692679);
#1591=LINE('',#1588,#1590);
#1592=EDGE_CURVE('',#109,#93,#1591,.T.);
#1593=CARTESIAN_POINT('',(0.06827651221495039,0.0010606601717798212,0.05239041046760658));
#1594=DIRECTION('',(0.3036031793409667,-0.923879532511284,0.23296291314453516));
#1595=VECTOR('',#1594,0.0011480502970952727);
#1596=LINE('',#1593,#1595);
#1597=EDGE_CURVE('',#93,#91,#1596,.T.);
#1598=CARTESIAN_POINT('',(0.06827651221495039,0.0010606601717798212,0.05239041046760658));
#1599=DIRECTION('',(-0.6593458151000692,0,0.751839807478977));
#1600=VECTOR('',#1599,0.011257272957692679);
#1601=LINE('',#1598,#1600);
#1602=EDGE_CURVE('',#93,#109,#1601,.T.);
#1603=CARTESIAN_POINT('',(0.06085407640085654,0.0010606601717798212,0.060854076400856535));
#1604=DIRECTION('',(-0.6532814824381874,0.38268343236509256,-0.6532814824381874));
#1605=VECTOR('',#1604,0.0011480502970952612);
#1606=LINE('',#1603,#1605);
#1607=EDGE_CURVE('',#109,#111,#1606,.T.);
#1608=CARTESIAN_POINT('',(0.06010407640085655,0.0015,0.06010407640085654));
#1609=DIRECTION('',(0.6593458151000691,0,-0.7518398074789772));
#1610=VECTOR('',#1609,0.011118531969124322);
#1611=LINE('',#1608,#1610);
#1612=EDGE_CURVE('',#111,#95,#1611,.T.);
#1613=CARTESIAN_POINT('',(0.067435033924755,0.0015,0.05174472146574126));
#1614=DIRECTION('',(0.7329629131445311,-0.38268343236509206,0.5624222244434822));
#1615=VECTOR('',#1614,0.0011480502970952627);
#1616=LINE('',#1613,#1615);
#1617=EDGE_CURVE('',#95,#93,#1616,.T.);
#1618=CARTESIAN_POINT('',(0.067435033924755,0.0015,0.05174472146574126));
#1619=DIRECTION('',(-0.6593458151000691,0,0.7518398074789772));
#1620=VECTOR('',#1619,0.011118531969124322);
#1621=LINE('',#1618,#1620);
#1622=EDGE_CURVE('',#95,#111,#1621,.T.);
#1623=CARTESIAN_POINT('',(0.06010407640085655,0.0015,0.06010407640085654));
#1624=DIRECTION('',(-0.6532814824381884,-0.3826834323650894,-0.6532814824381884));
#1625=VECTOR('',#1624,0.0011480502970952701);
#1626=LINE('',#1623,#1625);
#1627=EDGE_CURVE('',#111,#113,#1626,.T.);
#1628=CARTESIAN_POINT('',(0.05935407640085655,0.0010606601717798214,0.05935407640085654));
#1629=DIRECTION('',(0.6593458151000688,0,-0.7518398074789774));
#1630=VECTOR('',#1629,0.010979790980555954);
#1631=LINE('',#1628,#1630);
#1632=EDGE_CURVE('',#113,#97,#1631,.T.);
#1633=CARTESIAN_POINT('',(0.0665935556345596,0.0010606601717798214,0.05109903246387594));
#1634=DIRECTION('',(0.7329629131445368,0.38268343236508845,0.5624222244434772));
#1635=VECTOR('',#1634,0.001148050297095273);
#1636=LINE('',#1633,#1635);
#1637=EDGE_CURVE('',#97,#95,#1636,.T.);
#1638=CARTESIAN_POINT('',(0.0665935556345596,0.0010606601717798214,0.05109903246387594));
#1639=DIRECTION('',(-0.6593458151000688,0,0.7518398074789774));
#1640=VECTOR('',#1639,0.010979790980555954);
#1641=LINE('',#1638,#1640);
#1642=EDGE_CURVE('',#97,#113,#1641,.T.);
#1643=CARTESIAN_POINT('',(0.05935407640085655,0.0010606601717798214,0.05935407640085654));
#1644=DIRECTION('',(-0.2705980500731004,-0.9238795325112857,-0.2705980500731004));
#1645=VECTOR('',#1644,0.0011480502970952705);
#1646=LINE('',#1643,#1645);
#1647=EDGE_CURVE('',#113,#115,#1646,.T.);
#1648=CARTESIAN_POINT('',(0.059043416229076724,1.8369701987210298e-19,0.05904341622907672));
#1649=DIRECTION('',(0.6593458151000692,0,-0.751839807478977));
#1650=VECTOR('',#1649,0.010922322581433892);
#1651=LINE('',#1648,#1650);
#1652=EDGE_CURVE('',#115,#99,#1651,.T.);
#1653=CARTESIAN_POINT('',(0.06624500391431815,1.8369701987210298e-19,0.050831579322228176));
#1654=DIRECTION('',(0.3036031793409557,0.9238795325112873,0.232962913144536));
#1655=VECTOR('',#1654,0.0011480502970952686);
#1656=LINE('',#1653,#1655);
#1657=EDGE_CURVE('',#99,#97,#1656,.T.);
#1658=CARTESIAN_POINT('',(0.06624500391431815,1.8369701987210298e-19,0.050831579322228176));
#1659=DIRECTION('',(-0.6593458151000692,0,0.751839807478977));
#1660=VECTOR('',#1659,0.010922322581433892);
#1661=LINE('',#1658,#1660);
#1662=EDGE_CURVE('',#99,#115,#1661,.T.);
#1663=CARTESIAN_POINT('',(0.059043416229076724,1.8369701987210298e-19,0.05904341622907672));
#1664=DIRECTION('',(0.27059805007310034,-0.9238795325112857,0.27059805007310034));
#1665=VECTOR('',#1664,0.0011480502970952708);
#1666=LINE('',#1663,#1665);
#1667=EDGE_CURVE('',#115,#117,#1666,.T.);
#1668=CARTESIAN_POINT('',(0.05935407640085655,-0.0010606601717798212,0.05935407640085654));
#1669=DIRECTION('',(0.6593458151000688,0,-0.7518398074789774));
#1670=VECTOR('',#1669,0.010979790980555954);
#1671=LINE('',#1668,#1670);
#1672=EDGE_CURVE('',#117,#101,#1671,.T.);
#1673=CARTESIAN_POINT('',(0.0665935556345596,-0.0010606601717798212,0.05109903246387594));
#1674=DIRECTION('',(-0.30360317934095565,0.9238795325112873,-0.23296291314453593));
#1675=VECTOR('',#1674,0.0011480502970952688);
#1676=LINE('',#1673,#1675);
#1677=EDGE_CURVE('',#101,#99,#1676,.T.);
#1678=CARTESIAN_POINT('',(0.0665935556345596,-0.0010606601717798212,0.05109903246387594));
#1679=DIRECTION('',(-0.6593458151000688,0,0.7518398074789774));
#1680=VECTOR('',#1679,0.010979790980555954);
#1681=LINE('',#1678,#1680);
#1682=EDGE_CURVE('',#101,#117,#1681,.T.);
#1683=CARTESIAN_POINT('',(0.05935407640085655,-0.0010606601717798212,0.05935407640085654));
#1684=DIRECTION('',(0.6532814824381884,-0.3826834323650896,0.6532814824381884));
#1685=VECTOR('',#1684,0.0011480502970952701);
#1686=LINE('',#1683,#1685);
#1687=EDGE_CURVE('',#117,#119,#1686,.T.);
#1688=CARTESIAN_POINT('',(0.06010407640085655,-0.0015,0.06010407640085654));
#1689=DIRECTION('',(0.6593458151000691,0,-0.7518398074789772));
#1690=VECTOR('',#1689,0.011118531969124322);
#1691=LINE('',#1688,#1690);
#1692=EDGE_CURVE('',#119,#103,#1691,.T.);
#1693=CARTESIAN_POINT('',(0.067435033924755,-0.0015,0.05174472146574126));
#1694=DIRECTION('',(-0.7329629131445368,0.38268343236508867,-0.5624222244434772));
#1695=VECTOR('',#1694,0.001148050297095273);
#1696=LINE('',#1693,#1695);
#1697=EDGE_CURVE('',#103,#101,#1696,.T.);
#1698=CARTESIAN_POINT('',(0.067435033924755,-0.0015,0.05174472146574126));
#1699=DIRECTION('',(-0.6593458151000691,0,0.7518398074789772));
#1700=VECTOR('',#1699,0.011118531969124322);
#1701=LINE('',#1698,#1700);
#1702=EDGE_CURVE('',#103,#119,#1701,.T.);
#1703=CARTESIAN_POINT('',(0.06010407640085655,-0.0015,0.06010407640085654));
#1704=DIRECTION('',(0.6532814824381875,0.3826834323650923,0.6532814824381875));
#1705=VECTOR('',#1704,0.001148050297095261);
#1706=LINE('',#1703,#1705);
#1707=EDGE_CURVE('',#119,#121,#1706,.T.);
#1708=CARTESIAN_POINT('',(0.06085407640085654,-0.0010606601717798216,0.060854076400856535));
#1709=DIRECTION('',(0.6593458151000692,0,-0.751839807478977));
#1710=VECTOR('',#1709,0.011257272957692679);
#1711=LINE('',#1708,#1710);
#1712=EDGE_CURVE('',#121,#105,#1711,.T.);
#1713=CARTESIAN_POINT('',(0.06827651221495039,-0.0010606601717798216,0.05239041046760658));
#1714=DIRECTION('',(-0.7329629131445311,-0.38268343236509167,-0.5624222244434822));
#1715=VECTOR('',#1714,0.0011480502970952627);
#1716=LINE('',#1713,#1715);
#1717=EDGE_CURVE('',#105,#103,#1716,.T.);
#1718=CARTESIAN_POINT('',(0.06827651221495039,-0.0010606601717798216,0.05239041046760658));
#1719=DIRECTION('',(-0.6593458151000692,0,0.751839807478977));
#1720=VECTOR('',#1719,0.011257272957692679);
#1721=LINE('',#1718,#1720);
#1722=EDGE_CURVE('',#105,#121,#1721,.T.);
#1723=CARTESIAN_POINT('',(0.06085407640085654,-0.0010606601717798216,0.060854076400856535));
#1724=DIRECTION('',(0.2705980500731059,0.9238795325112842,0.27059805007309984));
#1725=VECTOR('',#1724,0.001148050297095273);
#1726=LINE('',#1723,#1725);
#1727=EDGE_CURVE('',#121,#107,#1726,.T.);
#1728=CARTESIAN_POINT('',(0.06116473657263637,0,0.06116473657263636));
#1729=DIRECTION('',(0.6593458151000692,0,-0.751839807478977));
#1730=VECTOR('',#1729,0.011314741356814746);
#1731=LINE('',#1728,#1730);
#1732=EDGE_CURVE('',#107,#91,#1731,.T.);
#1733=CARTESIAN_POINT('',(0.06862506393519185,0,0.05265786360925434));
#1734=DIRECTION('',(-0.3036031793409666,-0.923879532511284,-0.23296291314453507));
#1735=VECTOR('',#1734,0.0011480502970952731);
#1736=LINE('',#1733,#1735);
#1737=EDGE_CURVE('',#91,#105,#1736,.T.);
#1738=CARTESIAN_POINT('',(0.06116473657263637,0,0.06116473657263636));
#1739=DIRECTION('',(-0.751839807478977,0,0.6593458151000693));
#1740=VECTOR('',#1739,0.011314741356814765);
#1741=LINE('',#1738,#1740);
#1742=EDGE_CURVE('',#107,#123,#1741,.T.);
#1743=CARTESIAN_POINT('',(0.05265786360925434,0,0.06862506393519185));
#1744=DIRECTION('',(-0.23296291314453516,0.923879532511284,-0.3036031793409667));
#1745=VECTOR('',#1744,0.0011480502970952727);
#1746=LINE('',#1743,#1745);
#1747=EDGE_CURVE('',#123,#125,#1746,.T.);
#1748=CARTESIAN_POINT('',(0.05239041046760658,0.0010606601717798212,0.06827651221495039));
#1749=DIRECTION('',(0.7518398074789772,0,-0.6593458151000693));
#1750=VECTOR('',#1749,0.011257272957692688);
#1751=LINE('',#1748,#1750);
#1752=EDGE_CURVE('',#125,#109,#1751,.T.);
#1753=CARTESIAN_POINT('',(0.06085407640085654,0.0010606601717798212,0.060854076400856535));
#1754=DIRECTION('',(0.270598050073106,-0.9238795325112842,0.27059805007309995));
#1755=VECTOR('',#1754,0.0011480502970952725);
#1756=LINE('',#1753,#1755);
#1757=EDGE_CURVE('',#109,#107,#1756,.T.);
#1758=CARTESIAN_POINT('',(0.06085407640085654,0.0010606601717798212,0.060854076400856535));
#1759=DIRECTION('',(-0.7518398074789772,0,0.6593458151000693));
#1760=VECTOR('',#1759,0.011257272957692688);
#1761=LINE('',#1758,#1760);
#1762=EDGE_CURVE('',#109,#125,#1761,.T.);
#1763=CARTESIAN_POINT('',(0.05239041046760658,0.0010606601717798212,0.06827651221495039));
#1764=DIRECTION('',(-0.5624222244434822,0.38268343236509206,-0.7329629131445311));
#1765=VECTOR('',#1764,0.0011480502970952627);
#1766=LINE('',#1763,#1765);
#1767=EDGE_CURVE('',#125,#127,#1766,.T.);
#1768=CARTESIAN_POINT('',(0.05174472146574126,0.0015,0.067435033924755));
#1769=DIRECTION('',(0.7518398074789773,0,-0.6593458151000692));
#1770=VECTOR('',#1769,0.01111853196912433);
#1771=LINE('',#1768,#1770);
#1772=EDGE_CURVE('',#127,#111,#1771,.T.);
#1773=CARTESIAN_POINT('',(0.06010407640085655,0.0015,0.06010407640085654));
#1774=DIRECTION('',(0.6532814824381874,-0.38268343236509256,0.6532814824381874));
#1775=VECTOR('',#1774,0.0011480502970952612);
#1776=LINE('',#1773,#1775);
#1777=EDGE_CURVE('',#111,#109,#1776,.T.);
#1778=CARTESIAN_POINT('',(0.06010407640085655,0.0015,0.06010407640085654));
#1779=DIRECTION('',(-0.7518398074789773,0,0.6593458151000692));
#1780=VECTOR('',#1779,0.01111853196912433);
#1781=LINE('',#1778,#1780);
#1782=EDGE_CURVE('',#111,#127,#1781,.T.);
#1783=CARTESIAN_POINT('',(0.05174472146574126,0.0015,0.067435033924755));
#1784=DIRECTION('',(-0.5624222244434772,-0.38268343236508845,-0.7329629131445368));
#1785=VECTOR('',#1784,0.001148050297095273);
#1786=LINE('',#1783,#1785);
#1787=EDGE_CURVE('',#127,#129,#1786,.T.);
#1788=CARTESIAN_POINT('',(0.05109903246387594,0.0010606601717798214,0.0665935556345596));
#1789=DIRECTION('',(0.7518398074789773,0,-0.6593458151000688));
#1790=VECTOR('',#1789,0.010979790980555964);
#1791=LINE('',#1788,#1790);
#1792=EDGE_CURVE('',#129,#113,#1791,.T.);
#1793=CARTESIAN_POINT('',(0.05935407640085655,0.0010606601717798214,0.05935407640085654));
#1794=DIRECTION('',(0.6532814824381884,0.3826834323650894,0.6532814824381884));
#1795=VECTOR('',#1794,0.0011480502970952701);
#1796=LINE('',#1793,#1795);
#1797=EDGE_CURVE('',#113,#111,#1796,.T.);
#1798=CARTESIAN_POINT('',(0.05935407640085655,0.0010606601717798214,0.05935407640085654));
#1799=DIRECTION('',(-0.7518398074789773,0,0.6593458151000688));
#1800=VECTOR('',#1799,0.010979790980555964);
#1801=LINE('',#1798,#1800);
#1802=EDGE_CURVE('',#113,#129,#1801,.T.);
#1803=CARTESIAN_POINT('',(0.05109903246387594,0.0010606601717798214,0.0665935556345596));
#1804=DIRECTION('',(-0.232962913144536,-0.9238795325112873,-0.3036031793409557));
#1805=VECTOR('',#1804,0.0011480502970952686);
#1806=LINE('',#1803,#1805);
#1807=EDGE_CURVE('',#129,#131,#1806,.T.);
#1808=CARTESIAN_POINT('',(0.050831579322228176,1.8369701987210298e-19,0.06624500391431815));
#1809=DIRECTION('',(0.751839807478977,0,-0.6593458151000693));
#1810=VECTOR('',#1809,0.010922322581433901);
#1811=LINE('',#1808,#1810);
#1812=EDGE_CURVE('',#131,#115,#1811,.T.);
#1813=CARTESIAN_POINT('',(0.059043416229076724,1.8369701987210298e-19,0.05904341622907672));
#1814=DIRECTION('',(0.2705980500731004,0.9238795325112857,0.2705980500731004));
#1815=VECTOR('',#1814,0.0011480502970952705);
#1816=LINE('',#1813,#1815);
#1817=EDGE_CURVE('',#115,#113,#1816,.T.);
#1818=CARTESIAN_POINT('',(0.059043416229076724,1.8369701987210298e-19,0.05904341622907672));
#1819=DIRECTION('',(-0.751839807478977,0,0.6593458151000693));
#1820=VECTOR('',#1819,0.010922322581433901);
#1821=LINE('',#1818,#1820);
#1822=EDGE_CURVE('',#115,#131,#1821,.T.);
#1823=CARTESIAN_POINT('',(0.050831579322228176,1.8369701987210298e-19,0.06624500391431815));
#1824=DIRECTION('',(0.23296291314453593,-0.9238795325112873,0.30360317934095565));
#1825=VECTOR('',#1824,0.0011480502970952688);
#1826=LINE('',#1823,#1825);
#1827=EDGE_CURVE('',#131,#133,#1826,.T.);
#1828=CARTESIAN_POINT('',(0.05109903246387594,-0.0010606601717798212,0.0665935556345596));
#1829=DIRECTION('',(0.7518398074789773,0,-0.6593458151000688));
#1830=VECTOR('',#1829,0.010979790980555964);
#1831=LINE('',#1828,#1830);
#1832=EDGE_CURVE('',#133,#117,#1831,.T.);
#1833=CARTESIAN_POINT('',(0.05935407640085655,-0.0010606601717798212,0.05935407640085654));
#1834=DIRECTION('',(-0.27059805007310034,0.9238795325112857,-0.27059805007310034));
#1835=VECTOR('',#1834,0.0011480502970952708);
#1836=LINE('',#1833,#1835);
#1837=EDGE_CURVE('',#117,#115,#1836,.T.);
#1838=CARTESIAN_POINT('',(0.05935407640085655,-0.0010606601717798212,0.05935407640085654));
#1839=DIRECTION('',(-0.7518398074789773,0,0.6593458151000688));
#1840=VECTOR('',#1839,0.010979790980555964);
#1841=LINE('',#1838,#1840);
#1842=EDGE_CURVE('',#117,#133,#1841,.T.);
#1843=CARTESIAN_POINT('',(0.05109903246387594,-0.0010606601717798212,0.0665935556345596));
#1844=DIRECTION('',(0.5624222244434772,-0.38268343236508867,0.7329629131445368));
#1845=VECTOR('',#1844,0.001148050297095273);
#1846=LINE('',#1843,#1845);
#1847=EDGE_CURVE('',#133,#135,#1846,.T.);
#1848=CARTESIAN_POINT('',(0.05174472146574126,-0.0015,0.067435033924755));
#1849=DIRECTION('',(0.7518398074789773,0,-0.6593458151000692));
#1850=VECTOR('',#1849,0.01111853196912433);
#1851=LINE('',#1848,#1850);
#1852=EDGE_CURVE('',#135,#119,#1851,.T.);
#1853=CARTESIAN_POINT('',(0.06010407640085655,-0.0015,0.06010407640085654));
#1854=DIRECTION('',(-0.6532814824381884,0.3826834323650896,-0.6532814824381884));
#1855=VECTOR('',#1854,0.0011480502970952701);
#1856=LINE('',#1853,#1855);
#1857=EDGE_CURVE('',#119,#117,#1856,.T.);
#1858=CARTESIAN_POINT('',(0.06010407640085655,-0.0015,0.06010407640085654));
#1859=DIRECTION('',(-0.7518398074789773,0,0.6593458151000692));
#1860=VECTOR('',#1859,0.01111853196912433);
#1861=LINE('',#1858,#1860);
#1862=EDGE_CURVE('',#119,#135,#1861,.T.);
#1863=CARTESIAN_POINT('',(0.05174472146574126,-0.0015,0.067435033924755));
#1864=DIRECTION('',(0.5624222244434822,0.38268343236509167,0.7329629131445311));
#1865=VECTOR('',#1864,0.0011480502970952627);
#1866=LINE('',#1863,#1865);
#1867=EDGE_CURVE('',#135,#137,#1866,.T.);
#1868=CARTESIAN_POINT('',(0.05239041046760658,-0.0010606601717798216,0.06827651221495039));
#1869=DIRECTION('',(0.7518398074789772,0,-0.6593458151000693));
#1870=VECTOR('',#1869,0.011257272957692688);
#1871=LINE('',#1868,#1870);
#1872=EDGE_CURVE('',#137,#121,#1871,.T.);
#1873=CARTESIAN_POINT('',(0.06085407640085654,-0.0010606601717798216,0.060854076400856535));
#1874=DIRECTION('',(-0.6532814824381875,-0.3826834323650923,-0.6532814824381875));
#1875=VECTOR('',#1874,0.001148050297095261);
#1876=LINE('',#1873,#1875);
#1877=EDGE_CURVE('',#121,#119,#1876,.T.);
#1878=CARTESIAN_POINT('',(0.06085407640085654,-0.0010606601717798216,0.060854076400856535));
#1879=DIRECTION('',(-0.7518398074789772,0,0.6593458151000693));
#1880=VECTOR('',#1879,0.011257272957692688);
#1881=LINE('',#1878,#1880);
#1882=EDGE_CURVE('',#121,#137,#1881,.T.);
#1883=CARTESIAN_POINT('',(0.05239041046760658,-0.0010606601717798216,0.06827651221495039));
#1884=DIRECTION('',(0.23296291314453507,0.923879532511284,0.3036031793409666));
#1885=VECTOR('',#1884,0.0011480502970952731);
#1886=LINE('',#1883,#1885);
#1887=EDGE_CURVE('',#137,#123,#1886,.T.);
#1888=CARTESIAN_POINT('',(0.05265786360925434,0,0.06862506393519185));
#1889=DIRECTION('',(0.751839807478977,0,-0.6593458151000693));
#1890=VECTOR('',#1889,0.011314741356814765);
#1891=LINE('',#1888,#1890);
#1892=EDGE_CURVE('',#123,#107,#1891,.T.);
#1893=CARTESIAN_POINT('',(0.06116473657263637,0,0.06116473657263636));
#1894=DIRECTION('',(-0.2705980500731059,-0.9238795325112842,-0.27059805007309984));
#1895=VECTOR('',#1894,0.001148050297095273);
#1896=LINE('',#1893,#1895);
#1897=EDGE_CURVE('',#107,#121,#1896,.T.);
#1898=CARTESIAN_POINT('',(0.05265786360925434,0,0.06862506393519185));
#1899=DIRECTION('',(-0.8314696123025456,0,0.5555702330196016));
#1900=VECTOR('',#1899,0.011314741356814739);
#1901=LINE('',#1898,#1900);
#1902=EDGE_CURVE('',#123,#139,#1901,.T.);
#1903=CARTESIAN_POINT('',(0.04325000000000001,0,0.07491119742735394));
#1904=DIRECTION('',(-0.19134171618254664,0.9238795325112845,-0.3314135740355969));
#1905=VECTOR('',#1904,0.001148050297095272);
#1906=LINE('',#1903,#1905);
#1907=EDGE_CURVE('',#139,#141,#1906,.T.);
#1908=CARTESIAN_POINT('',(0.04303033008588992,0.0010606601717798212,0.07453071797522097));
#1909=DIRECTION('',(0.8314696123025455,0,-0.5555702330196017));
#1910=VECTOR('',#1909,0.011257272957692676);
#1911=LINE('',#1908,#1910);
#1912=EDGE_CURVE('',#141,#125,#1911,.T.);
#1913=CARTESIAN_POINT('',(0.05239041046760658,0.0010606601717798212,0.06827651221495039));
#1914=DIRECTION('',(0.23296291314453516,-0.923879532511284,0.3036031793409667));
#1915=VECTOR('',#1914,0.0011480502970952727);
#1916=LINE('',#1913,#1915);
#1917=EDGE_CURVE('',#125,#123,#1916,.T.);
#1918=CARTESIAN_POINT('',(0.05239041046760658,0.0010606601717798212,0.06827651221495039));
#1919=DIRECTION('',(-0.8314696123025455,0,0.5555702330196017));
#1920=VECTOR('',#1919,0.011257272957692676);
#1921=LINE('',#1918,#1920);
#1922=EDGE_CURVE('',#125,#141,#1921,.T.);
#1923=CARTESIAN_POINT('',(0.04303033008588992,0.0010606601717798212,0.07453071797522097));
#1924=DIRECTION('',(-0.46193976625564676,0.382683432365094,-0.8001031451912617));
#1925=VECTOR('',#1924,0.0011480502970952569);
#1926=LINE('',#1923,#1925);
#1927=EDGE_CURVE('',#141,#143,#1926,.T.);
#1928=CARTESIAN_POINT('',(0.04250000000000001,0.0015,0.07361215932167729));
#1929=DIRECTION('',(0.8314696123025452,0,-0.5555702330196022));
#1930=VECTOR('',#1929,0.011118531969124315);
#1931=LINE('',#1928,#1930);
#1932=EDGE_CURVE('',#143,#127,#1931,.T.);
#1933=CARTESIAN_POINT('',(0.05174472146574126,0.0015,0.067435033924755));
#1934=DIRECTION('',(0.5624222244434822,-0.38268343236509206,0.7329629131445311));
#1935=VECTOR('',#1934,0.0011480502970952627);
#1936=LINE('',#1933,#1935);
#1937=EDGE_CURVE('',#127,#125,#1936,.T.);
#1938=CARTESIAN_POINT('',(0.05174472146574126,0.0015,0.067435033924755));
#1939=DIRECTION('',(-0.8314696123025452,0,0.5555702330196022));
#1940=VECTOR('',#1939,0.011118531969124315);
#1941=LINE('',#1938,#1940);
#1942=EDGE_CURVE('',#127,#143,#1941,.T.);
#1943=CARTESIAN_POINT('',(0.04250000000000001,0.0015,0.07361215932167729));
#1944=DIRECTION('',(-0.4619397662556423,-0.3826834323650901,-0.800103145191266));
#1945=VECTOR('',#1944,0.001148050297095268);
#1946=LINE('',#1943,#1945);
#1947=EDGE_CURVE('',#143,#145,#1946,.T.);
#1948=CARTESIAN_POINT('',(0.0419696699141101,0.0010606601717798214,0.0726936006681336));
#1949=DIRECTION('',(0.831469612302545,0,-0.5555702330196027));
#1950=VECTOR('',#1949,0.010979790980555954);
#1951=LINE('',#1948,#1950);
#1952=EDGE_CURVE('',#145,#129,#1951,.T.);
#1953=CARTESIAN_POINT('',(0.05109903246387594,0.0010606601717798214,0.0665935556345596));
#1954=DIRECTION('',(0.5624222244434772,0.38268343236508845,0.7329629131445368));
#1955=VECTOR('',#1954,0.001148050297095273);
#1956=LINE('',#1953,#1955);
#1957=EDGE_CURVE('',#129,#127,#1956,.T.);
#1958=CARTESIAN_POINT('',(0.05109903246387594,0.0010606601717798214,0.0665935556345596));
#1959=DIRECTION('',(-0.831469612302545,0,0.5555702330196027));
#1960=VECTOR('',#1959,0.010979790980555954);
#1961=LINE('',#1958,#1960);
#1962=EDGE_CURVE('',#129,#145,#1961,.T.);
#1963=CARTESIAN_POINT('',(0.0419696699141101,0.0010606601717798214,0.0726936006681336));
#1964=DIRECTION('',(-0.19134171618254664,-0.9238795325112845,-0.3314135740355969));
#1965=VECTOR('',#1964,0.001148050297095272);
#1966=LINE('',#1963,#1965);
#1967=EDGE_CURVE('',#145,#147,#1966,.T.);
#1968=CARTESIAN_POINT('',(0.04175000000000001,1.8369701987210298e-19,0.07231312121600063));
#1969=DIRECTION('',(0.8314696123025455,0,-0.555570233019602));
#1970=VECTOR('',#1969,0.010922322581433882);
#1971=LINE('',#1968,#1970);
#1972=EDGE_CURVE('',#147,#131,#1971,.T.);
#1973=CARTESIAN_POINT('',(0.050831579322228176,1.8369701987210298e-19,0.06624500391431815));
#1974=DIRECTION('',(0.232962913144536,0.9238795325112873,0.3036031793409557));
#1975=VECTOR('',#1974,0.0011480502970952686);
#1976=LINE('',#1973,#1975);
#1977=EDGE_CURVE('',#131,#129,#1976,.T.);
#1978=CARTESIAN_POINT('',(0.050831579322228176,1.8369701987210298e-19,0.06624500391431815));
#1979=DIRECTION('',(-0.8314696123025455,0,0.555570233019602));
#1980=VECTOR('',#1979,0.010922322581433882);
#1981=LINE('',#1978,#1980);
#1982=EDGE_CURVE('',#131,#147,#1981,.T.);
#1983=CARTESIAN_POINT('',(0.04175000000000001,1.8369701987210298e-19,0.07231312121600063));
#1984=DIRECTION('',(0.19134171618254664,-0.9238795325112846,0.3314135740355969));
#1985=VECTOR('',#1984,0.001148050297095272);
#1986=LINE('',#1983,#1985);
#1987=EDGE_CURVE('',#147,#149,#1986,.T.);
#1988=CARTESIAN_POINT('',(0.0419696699141101,-0.0010606601717798212,0.0726936006681336));
#1989=DIRECTION('',(0.831469612302545,0,-0.5555702330196027));
#1990=VECTOR('',#1989,0.010979790980555954);
#1991=LINE('',#1988,#1990);
#1992=EDGE_CURVE('',#149,#133,#1991,.T.);
#1993=CARTESIAN_POINT('',(0.05109903246387594,-0.0010606601717798212,0.0665935556345596));
#1994=DIRECTION('',(-0.23296291314453593,0.9238795325112873,-0.30360317934095565));
#1995=VECTOR('',#1994,0.0011480502970952688);
#1996=LINE('',#1993,#1995);
#1997=EDGE_CURVE('',#133,#131,#1996,.T.);
#1998=CARTESIAN_POINT('',(0.05109903246387594,-0.0010606601717798212,0.0665935556345596));
#1999=DIRECTION('',(-0.831469612302545,0,0.5555702330196027));
#2000=VECTOR('',#1999,0.010979790980555954);
#2001=LINE('',#1998,#2000);
#2002=EDGE_CURVE('',#133,#149,#2001,.T.);
#2003=CARTESIAN_POINT('',(0.0419696699141101,-0.0010606601717798212,0.0726936006681336));
#2004=DIRECTION('',(0.4619397662556423,-0.38268343236509034,0.800103145191266));
#2005=VECTOR('',#2004,0.001148050297095268);
#2006=LINE('',#2003,#2005);
#2007=EDGE_CURVE('',#149,#151,#2006,.T.);
#2008=CARTESIAN_POINT('',(0.04250000000000001,-0.0015,0.07361215932167729));
#2009=DIRECTION('',(0.8314696123025452,0,-0.5555702330196022));
#2010=VECTOR('',#2009,0.011118531969124315);
#2011=LINE('',#2008,#2010);
#2012=EDGE_CURVE('',#151,#135,#2011,.T.);
#2013=CARTESIAN_POINT('',(0.05174472146574126,-0.0015,0.067435033924755));
#2014=DIRECTION('',(-0.5624222244434772,0.38268343236508867,-0.7329629131445368));
#2015=VECTOR('',#2014,0.001148050297095273);
#2016=LINE('',#2013,#2015);
#2017=EDGE_CURVE('',#135,#133,#2016,.T.);
#2018=CARTESIAN_POINT('',(0.05174472146574126,-0.0015,0.067435033924755));
#2019=DIRECTION('',(-0.8314696123025452,0,0.5555702330196022));
#2020=VECTOR('',#2019,0.011118531969124315);
#2021=LINE('',#2018,#2020);
#2022=EDGE_CURVE('',#135,#151,#2021,.T.);
#2023=CARTESIAN_POINT('',(0.04250000000000001,-0.0015,0.07361215932167729));
#2024=DIRECTION('',(0.4619397662556468,0.3826834323650937,0.8001031451912618));
#2025=VECTOR('',#2024,0.0011480502970952567);
#2026=LINE('',#2023,#2025);
#2027=EDGE_CURVE('',#151,#153,#2026,.T.);
#2028=CARTESIAN_POINT('',(0.04303033008588992,-0.0010606601717798216,0.07453071797522097));
#2029=DIRECTION('',(0.8314696123025455,0,-0.5555702330196017));
#2030=VECTOR('',#2029,0.011257272957692676);
#2031=LINE('',#2028,#2030);
#2032=EDGE_CURVE('',#153,#137,#2031,.T.);
#2033=CARTESIAN_POINT('',(0.05239041046760658,-0.0010606601717798216,0.06827651221495039));
#2034=DIRECTION('',(-0.5624222244434822,-0.38268343236509167,-0.7329629131445311));
#2035=VECTOR('',#2034,0.0011480502970952627);
#2036=LINE('',#2033,#2035);
#2037=EDGE_CURVE('',#137,#135,#2036,.T.);
#2038=CARTESIAN_POINT('',(0.05239041046760658,-0.0010606601717798216,0.06827651221495039));
#2039=DIRECTION('',(-0.8314696123025455,0,0.5555702330196017));
#2040=VECTOR('',#2039,0.011257272957692676);
#2041=LINE('',#2038,#2040);
#2042=EDGE_CURVE('',#137,#153,#2041,.T.);
#2043=CARTESIAN_POINT('',(0.04303033008588992,-0.0010606601717798216,0.07453071797522097));
#2044=DIRECTION('',(0.1913417161825466,0.9238795325112847,0.33141357403559685));
#2045=VECTOR('',#2044,0.0011480502970952723);
#2046=LINE('',#2043,#2045);
#2047=EDGE_CURVE('',#153,#139,#2046,.T.);
#2048=CARTESIAN_POINT('',(0.04325000000000001,0,0.07491119742735394));
#2049=DIRECTION('',(0.8314696123025456,0,-0.5555702330196016));
#2050=VECTOR('',#2049,0.011314741356814739);
#2051=LINE('',#2048,#2050);
#2052=EDGE_CURVE('',#139,#123,#2051,.T.);
#2053=CARTESIAN_POINT('',(0.05265786360925434,0,0.06862506393519185));
#2054=DIRECTION('',(-0.23296291314453507,-0.923879532511284,-0.3036031793409666));
#2055=VECTOR('',#2054,0.0011480502970952731);
#2056=LINE('',#2053,#2055);
#2057=EDGE_CURVE('',#123,#137,#2056,.T.);
#2058=CARTESIAN_POINT('',(0.04325000000000001,0,0.07491119742735394));
#2059=DIRECTION('',(-0.8968727415326881,0,0.44228869021900136));
#2060=VECTOR('',#2059,0.011314741356814756);
#2061=LINE('',#2058,#2060);
#2062=EDGE_CURVE('',#139,#155,#2061,.T.);
#2063=CARTESIAN_POINT('',(0.03310211689958027,0,0.07991557956222631));
#2064=DIRECTION('',(-0.14644660940672705,0.923879532511284,-0.35355339059328067));
#2065=VECTOR('',#2064,0.0011480502970952727);
#2066=LINE('',#2063,#2065);
#2067=EDGE_CURVE('',#155,#157,#2066,.T.);
#2068=CARTESIAN_POINT('',(0.032933988826142284,0.0010606601717798212,0.07950968248711665));
#2069=DIRECTION('',(0.8968727415326883,0,-0.44228869021900125));
#2070=VECTOR('',#2069,0.011257272957692688);
#2071=LINE('',#2068,#2070);
#2072=EDGE_CURVE('',#157,#141,#2071,.T.);
#2073=CARTESIAN_POINT('',(0.04303033008588992,0.0010606601717798212,0.07453071797522097));
#2074=DIRECTION('',(0.19134171618254664,-0.9238795325112845,0.3314135740355969));
#2075=VECTOR('',#2074,0.001148050297095272);
#2076=LINE('',#2073,#2075);
#2077=EDGE_CURVE('',#141,#139,#2076,.T.);
#2078=CARTESIAN_POINT('',(0.04303033008588992,0.0010606601717798212,0.07453071797522097));
#2079=DIRECTION('',(-0.8968727415326883,0,0.44228869021900125));
#2080=VECTOR('',#2079,0.011257272957692688);
#2081=LINE('',#2078,#2080);
#2082=EDGE_CURVE('',#141,#157,#2081,.T.);
#2083=CARTESIAN_POINT('',(0.032933988826142284,0.0010606601717798212,0.07950968248711665));
#2084=DIRECTION('',(-0.35355339059327406,0.38268343236509467,-0.8535533905932714));
#2085=VECTOR('',#2084,0.001148050297095255);
#2086=LINE('',#2083,#2085);
#2087=EDGE_CURVE('',#157,#159,#2086,.T.);
#2088=CARTESIAN_POINT('',(0.03252809175103264,0.0015,0.07852976026345938));
#2089=DIRECTION('',(0.8968727415326883,0,-0.4422886902190014));
#2090=VECTOR('',#2089,0.011118531969124322);
#2091=LINE('',#2088,#2090);
#2092=EDGE_CURVE('',#159,#143,#2091,.T.);
#2093=CARTESIAN_POINT('',(0.04250000000000001,0.0015,0.07361215932167729));
#2094=DIRECTION('',(0.46193976625564676,-0.382683432365094,0.8001031451912617));
#2095=VECTOR('',#2094,0.0011480502970952569);
#2096=LINE('',#2093,#2095);
#2097=EDGE_CURVE('',#143,#141,#2096,.T.);
#2098=CARTESIAN_POINT('',(0.04250000000000001,0.0015,0.07361215932167729));
#2099=DIRECTION('',(-0.8968727415326883,0,0.4422886902190014));
#2100=VECTOR('',#2099,0.011118531969124322);
#2101=LINE('',#2098,#2100);
#2102=EDGE_CURVE('',#143,#159,#2101,.T.);
#2103=CARTESIAN_POINT('',(0.03252809175103264,0.0015,0.07852976026345938));
#2104=DIRECTION('',(-0.3535533905932758,-0.3826834323650898,-0.8535533905932731));
#2105=VECTOR('',#2104,0.001148050297095269);
#2106=LINE('',#2103,#2105);
#2107=EDGE_CURVE('',#159,#161,#2106,.T.);
#2108=CARTESIAN_POINT('',(0.03212219467592299,0.0010606601717798214,0.0775498380398021));
#2109=DIRECTION('',(0.8968727415326884,0,-0.4422886902190013));
#2110=VECTOR('',#2109,0.010979790980555963);
#2111=LINE('',#2108,#2110);
#2112=EDGE_CURVE('',#161,#145,#2111,.T.);
#2113=CARTESIAN_POINT('',(0.0419696699141101,0.0010606601717798214,0.0726936006681336));
#2114=DIRECTION('',(0.4619397662556423,0.3826834323650901,0.800103145191266));
#2115=VECTOR('',#2114,0.001148050297095268);
#2116=LINE('',#2113,#2115);
#2117=EDGE_CURVE('',#145,#143,#2116,.T.);
#2118=CARTESIAN_POINT('',(0.0419696699141101,0.0010606601717798214,0.0726936006681336));
#2119=DIRECTION('',(-0.8968727415326884,0,0.4422886902190013));
#2120=VECTOR('',#2119,0.010979790980555963);
#2121=LINE('',#2118,#2120);
#2122=EDGE_CURVE('',#145,#161,#2121,.T.);
#2123=CARTESIAN_POINT('',(0.03212219467592299,0.0010606601717798214,0.0775498380398021));
#2124=DIRECTION('',(-0.14644660940672705,-0.923879532511284,-0.35355339059328067));
#2125=VECTOR('',#2124,0.0011480502970952727);
#2126=LINE('',#2123,#2125);
#2127=EDGE_CURVE('',#161,#163,#2126,.T.);
#2128=CARTESIAN_POINT('',(0.031954066602485,1.8369701987210298e-19,0.07714394096469245));
#2129=DIRECTION('',(0.8968727415326884,0,-0.4422886902190012));
#2130=VECTOR('',#2129,0.010922322581433894);
#2131=LINE('',#2128,#2130);
#2132=EDGE_CURVE('',#163,#147,#2131,.T.);
#2133=CARTESIAN_POINT('',(0.04175000000000001,1.8369701987210298e-19,0.07231312121600063));
#2134=DIRECTION('',(0.19134171618254664,0.9238795325112845,0.3314135740355969));
#2135=VECTOR('',#2134,0.001148050297095272);
#2136=LINE('',#2133,#2135);
#2137=EDGE_CURVE('',#147,#145,#2136,.T.);
#2138=CARTESIAN_POINT('',(0.04175000000000001,1.8369701987210298e-19,0.07231312121600063));
#2139=DIRECTION('',(-0.8968727415326884,0,0.4422886902190012));
#2140=VECTOR('',#2139,0.010922322581433894);
#2141=LINE('',#2138,#2140);
#2142=EDGE_CURVE('',#147,#163,#2141,.T.);
#2143=CARTESIAN_POINT('',(0.031954066602485,1.8369701987210298e-19,0.07714394096469245));
#2144=DIRECTION('',(0.14644660940672702,-0.923879532511284,0.3535533905932806));
#2145=VECTOR('',#2144,0.001148050297095273);
#2146=LINE('',#2143,#2145);
#2147=EDGE_CURVE('',#163,#165,#2146,.T.);
#2148=CARTESIAN_POINT('',(0.03212219467592299,-0.0010606601717798212,0.0775498380398021));
#2149=DIRECTION('',(0.8968727415326884,0,-0.4422886902190013));
#2150=VECTOR('',#2149,0.010979790980555963);
#2151=LINE('',#2148,#2150);
#2152=EDGE_CURVE('',#165,#149,#2151,.T.);
#2153=CARTESIAN_POINT('',(0.0419696699141101,-0.0010606601717798212,0.0726936006681336));
#2154=DIRECTION('',(-0.19134171618254664,0.9238795325112846,-0.3314135740355969));
#2155=VECTOR('',#2154,0.001148050297095272);
#2156=LINE('',#2153,#2155);
#2157=EDGE_CURVE('',#149,#147,#2156,.T.);
#2158=CARTESIAN_POINT('',(0.0419696699141101,-0.0010606601717798212,0.0726936006681336));
#2159=DIRECTION('',(-0.8968727415326884,0,0.4422886902190013));
#2160=VECTOR('',#2159,0.010979790980555963);
#2161=LINE('',#2158,#2160);
#2162=EDGE_CURVE('',#149,#165,#2161,.T.);
#2163=CARTESIAN_POINT('',(0.03212219467592299,-0.0010606601717798212,0.0775498380398021));
#2164=DIRECTION('',(0.35355339059327573,-0.3826834323650899,0.8535533905932728));
#2165=VECTOR('',#2164,0.0011480502970952692);
#2166=LINE('',#2163,#2165);
#2167=EDGE_CURVE('',#165,#167,#2166,.T.);
#2168=CARTESIAN_POINT('',(0.03252809175103264,-0.0015,0.07852976026345938));
#2169=DIRECTION('',(0.8968727415326883,0,-0.4422886902190014));
#2170=VECTOR('',#2169,0.011118531969124322);
#2171=LINE('',#2168,#2170);
#2172=EDGE_CURVE('',#167,#151,#2171,.T.);
#2173=CARTESIAN_POINT('',(0.04250000000000001,-0.0015,0.07361215932167729));
#2174=DIRECTION('',(-0.4619397662556423,0.38268343236509034,-0.800103145191266));
#2175=VECTOR('',#2174,0.001148050297095268);
#2176=LINE('',#2173,#2175);
#2177=EDGE_CURVE('',#151,#149,#2176,.T.);
#2178=CARTESIAN_POINT('',(0.04250000000000001,-0.0015,0.07361215932167729));
#2179=DIRECTION('',(-0.8968727415326883,0,0.4422886902190014));
#2180=VECTOR('',#2179,0.011118531969124322);
#2181=LINE('',#2178,#2180);
#2182=EDGE_CURVE('',#151,#167,#2181,.T.);
#2183=CARTESIAN_POINT('',(0.03252809175103264,-0.0015,0.07852976026345938));
#2184=DIRECTION('',(0.3535533905932741,0.38268343236509433,0.8535533905932716));
#2185=VECTOR('',#2184,0.0011480502970952547);
#2186=LINE('',#2183,#2185);
#2187=EDGE_CURVE('',#167,#169,#2186,.T.);
#2188=CARTESIAN_POINT('',(0.032933988826142284,-0.0010606601717798216,0.07950968248711665));
#2189=DIRECTION('',(0.8968727415326883,0,-0.44228869021900125));
#2190=VECTOR('',#2189,0.011257272957692688);
#2191=LINE('',#2188,#2190);
#2192=EDGE_CURVE('',#169,#153,#2191,.T.);
#2193=CARTESIAN_POINT('',(0.04303033008588992,-0.0010606601717798216,0.07453071797522097));
#2194=DIRECTION('',(-0.4619397662556468,-0.3826834323650937,-0.8001031451912618));
#2195=VECTOR('',#2194,0.0011480502970952567);
#2196=LINE('',#2193,#2195);
#2197=EDGE_CURVE('',#153,#151,#2196,.T.);
#2198=CARTESIAN_POINT('',(0.04303033008588992,-0.0010606601717798216,0.07453071797522097));
#2199=DIRECTION('',(-0.8968727415326883,0,0.44228869021900125));
#2200=VECTOR('',#2199,0.011257272957692688);
#2201=LINE('',#2198,#2200);
#2202=EDGE_CURVE('',#153,#169,#2201,.T.);
#2203=CARTESIAN_POINT('',(0.032933988826142284,-0.0010606601717798216,0.07950968248711665));
#2204=DIRECTION('',(0.146446609406727,0.923879532511284,0.35355339059328056));
#2205=VECTOR('',#2204,0.0011480502970952731);
#2206=LINE('',#2203,#2205);
#2207=EDGE_CURVE('',#169,#155,#2206,.T.);
#2208=CARTESIAN_POINT('',(0.03310211689958027,0,0.07991557956222631));
#2209=DIRECTION('',(0.8968727415326881,0,-0.44228869021900136));
#2210=VECTOR('',#2209,0.011314741356814756);
#2211=LINE('',#2208,#2210);
#2212=EDGE_CURVE('',#155,#139,#2211,.T.);
#2213=CARTESIAN_POINT('',(0.04325000000000001,0,0.07491119742735394));
#2214=DIRECTION('',(-0.1913417161825466,-0.9238795325112847,-0.33141357403559685));
#2215=VECTOR('',#2214,0.0011480502970952723);
#2216=LINE('',#2213,#2215);
#2217=EDGE_CURVE('',#139,#153,#2216,.T.);
#2218=CARTESIAN_POINT('',(0.03310211689958027,0,0.07991557956222631));
#2219=DIRECTION('',(-0.9469301294951056,0,0.3214394653031621));
#2220=VECTOR('',#2219,0.01131474135681476);
#2221=LINE('',#2218,#2220);
#2222=EDGE_CURVE('',#155,#171,#2221,.T.);
#2223=CARTESIAN_POINT('',(0.022387847401368045,0,0.08355258397400442));
#2224=DIRECTION('',(-0.09904576054128934,0.9238795325112862,-0.3696438106143869));
#2225=VECTOR('',#2224,0.00114805029709527);
#2226=LINE('',#2223,#2225);
#2227=EDGE_CURVE('',#171,#173,#2226,.T.);
#2228=CARTESIAN_POINT('',(0.02227413788655259,0.0010606601717798212,0.08312821428740914));
#2229=DIRECTION('',(0.9469301294951054,0,-0.3214394653031627));
#2230=VECTOR('',#2229,0.011257272957692696);
#2231=LINE('',#2228,#2230);
#2232=EDGE_CURVE('',#173,#157,#2231,.T.);
#2233=CARTESIAN_POINT('',(0.032933988826142284,0.0010606601717798212,0.07950968248711665));
#2234=DIRECTION('',(0.14644660940672705,-0.923879532511284,0.35355339059328067));
#2235=VECTOR('',#2234,0.0011480502970952727);
#2236=LINE('',#2233,#2235);
#2237=EDGE_CURVE('',#157,#155,#2236,.T.);
#2238=CARTESIAN_POINT('',(0.032933988826142284,0.0010606601717798212,0.07950968248711665));
#2239=DIRECTION('',(-0.9469301294951054,0,0.3214394653031627));
#2240=VECTOR('',#2239,0.011257272957692696);
#2241=LINE('',#2238,#2240);
#2242=EDGE_CURVE('',#157,#173,#2241,.T.);
#2243=CARTESIAN_POINT('',(0.02227413788655259,0.0010606601717798212,0.08312821428740914));
#2244=DIRECTION('',(-0.23911761839433332,0.3826834323650889,-0.8923991008325235));
#2245=VECTOR('',#2244,0.0011480502970952723);
#2246=LINE('',#2243,#2245);
#2247=EDGE_CURVE('',#173,#175,#2246,.T.);
#2248=CARTESIAN_POINT('',(0.021999618833714263,0.0015,0.08210369523457081));
#2249=DIRECTION('',(0.9469301294951058,0,-0.3214394653031611));
#2250=VECTOR('',#2249,0.011118531969124332);
#2251=LINE('',#2248,#2250);
#2252=EDGE_CURVE('',#175,#159,#2251,.T.);
#2253=CARTESIAN_POINT('',(0.03252809175103264,0.0015,0.07852976026345938));
#2254=DIRECTION('',(0.35355339059327406,-0.38268343236509467,0.8535533905932714));
#2255=VECTOR('',#2254,0.001148050297095255);
#2256=LINE('',#2253,#2255);
#2257=EDGE_CURVE('',#159,#157,#2256,.T.);
#2258=CARTESIAN_POINT('',(0.03252809175103264,0.0015,0.07852976026345938));
#2259=DIRECTION('',(-0.9469301294951058,0,0.3214394653031611));
#2260=VECTOR('',#2259,0.011118531969124332);
#2261=LINE('',#2258,#2260);
#2262=EDGE_CURVE('',#159,#175,#2261,.T.);
#2263=CARTESIAN_POINT('',(0.021999618833714263,0.0015,0.08210369523457081));
#2264=DIRECTION('',(-0.23911761839433304,-0.3826834323650931,-0.8923991008325217));
#2265=VECTOR('',#2264,0.001148050297095259);
#2266=LINE('',#2263,#2265);
#2267=EDGE_CURVE('',#175,#177,#2266,.T.);
#2268=CARTESIAN_POINT('',(0.021725099780875938,0.0010606601717798214,0.08107917618173249));
#2269=DIRECTION('',(0.9469301294951056,0,-0.32143946530316203));
#2270=VECTOR('',#2269,0.010979790980555966);
#2271=LINE('',#2268,#2270);
#2272=EDGE_CURVE('',#177,#161,#2271,.T.);
#2273=CARTESIAN_POINT('',(0.03212219467592299,0.0010606601717798214,0.0775498380398021));
#2274=DIRECTION('',(0.3535533905932758,0.3826834323650898,0.8535533905932731));
#2275=VECTOR('',#2274,0.001148050297095269);
#2276=LINE('',#2273,#2275);
#2277=EDGE_CURVE('',#161,#159,#2276,.T.);
#2278=CARTESIAN_POINT('',(0.03212219467592299,0.0010606601717798214,0.0775498380398021));
#2279=DIRECTION('',(-0.9469301294951056,0,0.32143946530316203));
#2280=VECTOR('',#2279,0.010979790980555966);
#2281=LINE('',#2278,#2280);
#2282=EDGE_CURVE('',#161,#177,#2281,.T.);
#2283=CARTESIAN_POINT('',(0.021725099780875938,0.0010606601717798214,0.08107917618173249));
#2284=DIRECTION('',(-0.09904576054128889,-0.9238795325112821,-0.3696438106143973));
#2285=VECTOR('',#2284,0.001148050297095275);
#2286=LINE('',#2283,#2285);
#2287=EDGE_CURVE('',#177,#179,#2286,.T.);
#2288=CARTESIAN_POINT('',(0.021611390266060484,1.8369701987210298e-19,0.0806548064951372));
#2289=DIRECTION('',(0.9469301294951057,0,-0.32143946530316153));
#2290=VECTOR('',#2289,0.0109223225814339);
#2291=LINE('',#2288,#2290);
#2292=EDGE_CURVE('',#179,#163,#2291,.T.);
#2293=CARTESIAN_POINT('',(0.031954066602485,1.8369701987210298e-19,0.07714394096469245));
#2294=DIRECTION('',(0.14644660940672705,0.923879532511284,0.35355339059328067));
#2295=VECTOR('',#2294,0.0011480502970952727);
#2296=LINE('',#2293,#2295);
#2297=EDGE_CURVE('',#163,#161,#2296,.T.);
#2298=CARTESIAN_POINT('',(0.031954066602485,1.8369701987210298e-19,0.07714394096469245));
#2299=DIRECTION('',(-0.9469301294951057,0,0.32143946530316153));
#2300=VECTOR('',#2299,0.0109223225814339);
#2301=LINE('',#2298,#2300);
#2302=EDGE_CURVE('',#163,#179,#2301,.T.);
#2303=CARTESIAN_POINT('',(0.021611390266060484,1.8369701987210298e-19,0.0806548064951372));
#2304=DIRECTION('',(0.09904576054128889,-0.9238795325112822,0.3696438106143973));
#2305=VECTOR('',#2304,0.001148050297095275);
#2306=LINE('',#2303,#2305);
#2307=EDGE_CURVE('',#179,#181,#2306,.T.);
#2308=CARTESIAN_POINT('',(0.021725099780875938,-0.0010606601717798212,0.08107917618173249));
#2309=DIRECTION('',(0.9469301294951056,0,-0.32143946530316203));
#2310=VECTOR('',#2309,0.010979790980555966);
#2311=LINE('',#2308,#2310);
#2312=EDGE_CURVE('',#181,#165,#2311,.T.);
#2313=CARTESIAN_POINT('',(0.03212219467592299,-0.0010606601717798212,0.0775498380398021));
#2314=DIRECTION('',(-0.14644660940672702,0.923879532511284,-0.3535533905932806));
#2315=VECTOR('',#2314,0.001148050297095273);
#2316=LINE('',#2313,#2315);
#2317=EDGE_CURVE('',#165,#163,#2316,.T.);
#2318=CARTESIAN_POINT('',(0.03212219467592299,-0.0010606601717798212,0.0775498380398021));
#2319=DIRECTION('',(-0.9469301294951056,0,0.32143946530316203));
#2320=VECTOR('',#2319,0.010979790980555966);
#2321=LINE('',#2318,#2320);
#2322=EDGE_CURVE('',#165,#181,#2321,.T.);
#2323=CARTESIAN_POINT('',(0.021725099780875938,-0.0010606601717798212,0.08107917618173249));
#2324=DIRECTION('',(0.23911761839433304,-0.3826834323650933,0.8923991008325217));
#2325=VECTOR('',#2324,0.001148050297095259);
#2326=LINE('',#2323,#2325);
#2327=EDGE_CURVE('',#181,#183,#2326,.T.);
#2328=CARTESIAN_POINT('',(0.021999618833714263,-0.0015,0.08210369523457081));
#2329=DIRECTION('',(0.9469301294951058,0,-0.3214394653031611));
#2330=VECTOR('',#2329,0.011118531969124332);
#2331=LINE('',#2328,#2330);
#2332=EDGE_CURVE('',#183,#167,#2331,.T.);
#2333=CARTESIAN_POINT('',(0.03252809175103264,-0.0015,0.07852976026345938));
#2334=DIRECTION('',(-0.35355339059327573,0.3826834323650899,-0.8535533905932728));
#2335=VECTOR('',#2334,0.0011480502970952692);
#2336=LINE('',#2333,#2335);
#2337=EDGE_CURVE('',#167,#165,#2336,.T.);
#2338=CARTESIAN_POINT('',(0.03252809175103264,-0.0015,0.07852976026345938));
#2339=DIRECTION('',(-0.9469301294951058,0,0.3214394653031611));
#2340=VECTOR('',#2339,0.011118531969124332);
#2341=LINE('',#2338,#2340);
#2342=EDGE_CURVE('',#167,#183,#2341,.T.);
#2343=CARTESIAN_POINT('',(0.021999618833714263,-0.0015,0.08210369523457081));
#2344=DIRECTION('',(0.23911761839433338,0.38268343236508856,0.8923991008325237));
#2345=VECTOR('',#2344,0.001148050297095272);
#2346=LINE('',#2343,#2345);
#2347=EDGE_CURVE('',#183,#185,#2346,.T.);
#2348=CARTESIAN_POINT('',(0.02227413788655259,-0.0010606601717798216,0.08312821428740914));
#2349=DIRECTION('',(0.9469301294951054,0,-0.3214394653031627));
#2350=VECTOR('',#2349,0.011257272957692696);
#2351=LINE('',#2348,#2350);
#2352=EDGE_CURVE('',#185,#169,#2351,.T.);
#2353=CARTESIAN_POINT('',(0.032933988826142284,-0.0010606601717798216,0.07950968248711665));
#2354=DIRECTION('',(-0.3535533905932741,-0.38268343236509433,-0.8535533905932716));
#2355=VECTOR('',#2354,0.0011480502970952547);
#2356=LINE('',#2353,#2355);
#2357=EDGE_CURVE('',#169,#167,#2356,.T.);
#2358=CARTESIAN_POINT('',(0.032933988826142284,-0.0010606601717798216,0.07950968248711665));
#2359=DIRECTION('',(-0.9469301294951054,0,0.3214394653031627));
#2360=VECTOR('',#2359,0.011257272957692696);
#2361=LINE('',#2358,#2360);
#2362=EDGE_CURVE('',#169,#185,#2361,.T.);
#2363=CARTESIAN_POINT('',(0.02227413788655259,-0.0010606601717798216,0.08312821428740914));
#2364=DIRECTION('',(0.09904576054128932,0.9238795325112864,0.3696438106143868));
#2365=VECTOR('',#2364,0.0011480502970952701);
#2366=LINE('',#2363,#2365);
#2367=EDGE_CURVE('',#185,#171,#2366,.T.);
#2368=CARTESIAN_POINT('',(0.022387847401368045,0,0.08355258397400442));
#2369=DIRECTION('',(0.9469301294951056,0,-0.3214394653031621));
#2370=VECTOR('',#2369,0.01131474135681476);
#2371=LINE('',#2368,#2370);
#2372=EDGE_CURVE('',#171,#155,#2371,.T.);
#2373=CARTESIAN_POINT('',(0.03310211689958027,0,0.07991557956222631));
#2374=DIRECTION('',(-0.146446609406727,-0.923879532511284,-0.35355339059328056));
#2375=VECTOR('',#2374,0.0011480502970952731);
#2376=LINE('',#2373,#2375);
#2377=EDGE_CURVE('',#155,#169,#2376,.T.);
#2378=CARTESIAN_POINT('',(0.022387847401368045,0,0.08355258397400442));
#2379=DIRECTION('',(-0.9807852804032308,0,0.19509032201612736));
#2380=VECTOR('',#2379,0.011314741356814735);
#2381=LINE('',#2378,#2380);
#2382=EDGE_CURVE('',#171,#187,#2381,.T.);
#2383=CARTESIAN_POINT('',(0.011290515627034474,0,0.0857599805088346));
#2384=DIRECTION('',(-0.0499502112523157,0.9238795325112878,-0.37940952255125776));
#2385=VECTOR('',#2384,0.001148050297095268);
#2386=LINE('',#2383,#2385);
#2387=EDGE_CURVE('',#187,#189,#2386,.T.);
#2388=CARTESIAN_POINT('',(0.011233170272166281,0.0010606601717798212,0.08532439929374885));
#2389=DIRECTION('',(0.9807852804032307,0,-0.19509032201612778));
#2390=VECTOR('',#2389,0.011257272957692669);
#2391=LINE('',#2388,#2390);
#2392=EDGE_CURVE('',#189,#173,#2391,.T.);
#2393=CARTESIAN_POINT('',(0.02227413788655259,0.0010606601717798212,0.08312821428740914));
#2394=DIRECTION('',(0.09904576054128934,-0.9238795325112862,0.3696438106143869));
#2395=VECTOR('',#2394,0.00114805029709527);
#2396=LINE('',#2393,#2395);
#2397=EDGE_CURVE('',#173,#171,#2396,.T.);
#2398=CARTESIAN_POINT('',(0.02227413788655259,0.0010606601717798212,0.08312821428740914));
#2399=DIRECTION('',(-0.9807852804032307,0,0.19509032201612778));
#2400=VECTOR('',#2399,0.011257272957692669);
#2401=LINE('',#2398,#2400);
#2402=EDGE_CURVE('',#173,#189,#2401,.T.);
#2403=CARTESIAN_POINT('',(0.011233170272166281,0.0010606601717798212,0.08532439929374885));
#2404=DIRECTION('',(-0.1205904774487389,0.3826834323650916,-0.9159756150367528));
#2405=VECTOR('',#2404,0.001148050297095264);
#2406=LINE('',#2403,#2405);
#2407=EDGE_CURVE('',#189,#191,#2406,.T.);
#2408=CARTESIAN_POINT('',(0.011094726338704397,0.0015,0.08427281321677389));
#2409=DIRECTION('',(0.9807852804032304,0,-0.19509032201612853));
#2410=VECTOR('',#2409,0.011118531969124308);
#2411=LINE('',#2408,#2410);
#2412=EDGE_CURVE('',#191,#175,#2411,.T.);
#2413=CARTESIAN_POINT('',(0.021999618833714263,0.0015,0.08210369523457081));
#2414=DIRECTION('',(0.23911761839433332,-0.3826834323650889,0.8923991008325235));
#2415=VECTOR('',#2414,0.0011480502970952723);
#2416=LINE('',#2413,#2415);
#2417=EDGE_CURVE('',#175,#173,#2416,.T.);
#2418=CARTESIAN_POINT('',(0.021999618833714263,0.0015,0.08210369523457081));
#2419=DIRECTION('',(-0.9807852804032304,0,0.19509032201612853));
#2420=VECTOR('',#2419,0.011118531969124308);
#2421=LINE('',#2418,#2420);
#2422=EDGE_CURVE('',#175,#191,#2421,.T.);
#2423=CARTESIAN_POINT('',(0.011094726338704397,0.0015,0.08427281321677389));
#2424=DIRECTION('',(-0.12059047744874038,-0.38268343236509134,-0.9159756150367527));
#2425=VECTOR('',#2424,0.0011480502970952643);
#2426=LINE('',#2423,#2425);
#2427=EDGE_CURVE('',#191,#193,#2426,.T.);
#2428=CARTESIAN_POINT('',(0.010956282405242511,0.0010606601717798214,0.08322122713979893));
#2429=DIRECTION('',(0.9807852804032305,0,-0.19509032201612803));
#2430=VECTOR('',#2429,0.010979790980555949);
#2431=LINE('',#2428,#2430);
#2432=EDGE_CURVE('',#193,#177,#2431,.T.);
#2433=CARTESIAN_POINT('',(0.021725099780875938,0.0010606601717798214,0.08107917618173249));
#2434=DIRECTION('',(0.23911761839433304,0.3826834323650931,0.8923991008325217));
#2435=VECTOR('',#2434,0.001148050297095259);
#2436=LINE('',#2433,#2435);
#2437=EDGE_CURVE('',#177,#175,#2436,.T.);
#2438=CARTESIAN_POINT('',(0.021725099780875938,0.0010606601717798214,0.08107917618173249));
#2439=DIRECTION('',(-0.9807852804032305,0,0.19509032201612803));
#2440=VECTOR('',#2439,0.010979790980555949);
#2441=LINE('',#2438,#2440);
#2442=EDGE_CURVE('',#177,#193,#2441,.T.);
#2443=CARTESIAN_POINT('',(0.010956282405242511,0.0010606601717798214,0.08322122713979893));
#2444=DIRECTION('',(-0.049950211252315475,-0.9238795325112836,-0.3794095225512681));
#2445=VECTOR('',#2444,0.0011480502970952731);
#2446=LINE('',#2443,#2445);
#2447=EDGE_CURVE('',#193,#195,#2446,.T.);
#2448=CARTESIAN_POINT('',(0.010898937050374318,1.8369701987210298e-19,0.08278564592471317));
#2449=DIRECTION('',(0.9807852804032304,0,-0.19509032201612847));
#2450=VECTOR('',#2449,0.010922322581433882);
#2451=LINE('',#2448,#2450);
#2452=EDGE_CURVE('',#195,#179,#2451,.T.);
#2453=CARTESIAN_POINT('',(0.021611390266060484,1.8369701987210298e-19,0.0806548064951372));
#2454=DIRECTION('',(0.09904576054128889,0.9238795325112821,0.3696438106143973));
#2455=VECTOR('',#2454,0.001148050297095275);
#2456=LINE('',#2453,#2455);
#2457=EDGE_CURVE('',#179,#177,#2456,.T.);
#2458=CARTESIAN_POINT('',(0.021611390266060484,1.8369701987210298e-19,0.0806548064951372));
#2459=DIRECTION('',(-0.9807852804032304,0,0.19509032201612847));
#2460=VECTOR('',#2459,0.010922322581433882);
#2461=LINE('',#2458,#2460);
#2462=EDGE_CURVE('',#179,#195,#2461,.T.);
#2463=CARTESIAN_POINT('',(0.010898937050374318,1.8369701987210298e-19,0.08278564592471317));
#2464=DIRECTION('',(0.04995021125231546,-0.9238795325112836,0.37940952255126803));
#2465=VECTOR('',#2464,0.0011480502970952734);
#2466=LINE('',#2463,#2465);
#2467=EDGE_CURVE('',#195,#197,#2466,.T.);
#2468=CARTESIAN_POINT('',(0.010956282405242511,-0.0010606601717798212,0.08322122713979893));
#2469=DIRECTION('',(0.9807852804032305,0,-0.19509032201612803));
#2470=VECTOR('',#2469,0.010979790980555949);
#2471=LINE('',#2468,#2470);
#2472=EDGE_CURVE('',#197,#181,#2471,.T.);
#2473=CARTESIAN_POINT('',(0.021725099780875938,-0.0010606601717798212,0.08107917618173249));
#2474=DIRECTION('',(-0.09904576054128889,0.9238795325112822,-0.3696438106143973));
#2475=VECTOR('',#2474,0.001148050297095275);
#2476=LINE('',#2473,#2475);
#2477=EDGE_CURVE('',#181,#179,#2476,.T.);
#2478=CARTESIAN_POINT('',(0.021725099780875938,-0.0010606601717798212,0.08107917618173249));
#2479=DIRECTION('',(-0.9807852804032305,0,0.19509032201612803));
#2480=VECTOR('',#2479,0.010979790980555949);
#2481=LINE('',#2478,#2480);
#2482=EDGE_CURVE('',#181,#197,#2481,.T.);
#2483=CARTESIAN_POINT('',(0.010956282405242511,-0.0010606601717798212,0.08322122713979893));
#2484=DIRECTION('',(0.12059047744874038,-0.38268343236509156,0.9159756150367527));
#2485=VECTOR('',#2484,0.0011480502970952643);
#2486=LINE('',#2483,#2485);
#2487=EDGE_CURVE('',#197,#199,#2486,.T.);
#2488=CARTESIAN_POINT('',(0.011094726338704397,-0.0015,0.08427281321677389));
#2489=DIRECTION('',(0.9807852804032304,0,-0.19509032201612853));
#2490=VECTOR('',#2489,0.011118531969124308);
#2491=LINE('',#2488,#2490);
#2492=EDGE_CURVE('',#199,#183,#2491,.T.);
#2493=CARTESIAN_POINT('',(0.021999618833714263,-0.0015,0.08210369523457081));
#2494=DIRECTION('',(-0.23911761839433304,0.3826834323650933,-0.8923991008325217));
#2495=VECTOR('',#2494,0.001148050297095259);
#2496=LINE('',#2493,#2495);
#2497=EDGE_CURVE('',#183,#181,#2496,.T.);
#2498=CARTESIAN_POINT('',(0.021999618833714263,-0.0015,0.08210369523457081));
#2499=DIRECTION('',(-0.9807852804032304,0,0.19509032201612853));
#2500=VECTOR('',#2499,0.011118531969124308);
#2501=LINE('',#2498,#2500);
#2502=EDGE_CURVE('',#183,#199,#2501,.T.);
#2503=CARTESIAN_POINT('',(0.011094726338704397,-0.0015,0.08427281321677389));
#2504=DIRECTION('',(0.1205904774487389,0.3826834323650912,0.9159756150367528));
#2505=VECTOR('',#2504,0.001148050297095264);
#2506=LINE('',#2503,#2505);
#2507=EDGE_CURVE('',#199,#201,#2506,.T.);
#2508=CARTESIAN_POINT('',(0.011233170272166281,-0.0010606601717798216,0.08532439929374885));
#2509=DIRECTION('',(0.9807852804032307,0,-0.19509032201612778));
#2510=VECTOR('',#2509,0.011257272957692669);
#2511=LINE('',#2508,#2510);
#2512=EDGE_CURVE('',#201,#185,#2511,.T.);
#2513=CARTESIAN_POINT('',(0.02227413788655259,-0.0010606601717798216,0.08312821428740914));
#2514=DIRECTION('',(-0.23911761839433338,-0.38268343236508856,-0.8923991008325237));
#2515=VECTOR('',#2514,0.001148050297095272);
#2516=LINE('',#2513,#2515);
#2517=EDGE_CURVE('',#185,#183,#2516,.T.);
#2518=CARTESIAN_POINT('',(0.02227413788655259,-0.0010606601717798216,0.08312821428740914));
#2519=DIRECTION('',(-0.9807852804032307,0,0.19509032201612778));
#2520=VECTOR('',#2519,0.011257272957692669);
#2521=LINE('',#2518,#2520);
#2522=EDGE_CURVE('',#185,#201,#2521,.T.);
#2523=CARTESIAN_POINT('',(0.011233170272166281,-0.0010606601717798216,0.08532439929374885));
#2524=DIRECTION('',(0.04995021125231569,0.923879532511288,0.37940952255125765));
#2525=VECTOR('',#2524,0.0011480502970952682);
#2526=LINE('',#2523,#2525);
#2527=EDGE_CURVE('',#201,#187,#2526,.T.);
#2528=CARTESIAN_POINT('',(0.011290515627034474,0,0.0857599805088346));
#2529=DIRECTION('',(0.9807852804032308,0,-0.19509032201612736));
#2530=VECTOR('',#2529,0.011314741356814735);
#2531=LINE('',#2528,#2530);
#2532=EDGE_CURVE('',#187,#171,#2531,.T.);
#2533=CARTESIAN_POINT('',(0.022387847401368045,0,0.08355258397400442));
#2534=DIRECTION('',(-0.09904576054128932,-0.9238795325112864,-0.3696438106143868));
#2535=VECTOR('',#2534,0.0011480502970952701);
#2536=LINE('',#2533,#2535);
#2537=EDGE_CURVE('',#171,#185,#2536,.T.);
#2538=CARTESIAN_POINT('',(0.011290515627034474,0,0.0857599805088346));
#2539=DIRECTION('',(-0.9978589232386036,0,0.06540312923014382));
#2540=VECTOR('',#2539,0.011314741356814756);
#2541=LINE('',#2538,#2540);
#2542=EDGE_CURVE('',#187,#203,#2541,.T.);
#2543=CARTESIAN_POINT('',(5.296597406312303e-18,0,0.08650000000000001));
#2544=DIRECTION('',(-2.343260202663212e-17,0.9238795325112852,-0.38268343236509356));
#2545=VECTOR('',#2544,0.0011480502970952712);
#2546=LINE('',#2543,#2545);
#2547=EDGE_CURVE('',#203,#205,#2546,.T.);
#2548=CARTESIAN_POINT('',(5.269695600593913e-18,0.0010606601717798212,0.08606066017177982));
#2549=DIRECTION('',(0.9978589232386036,0,-0.06540312923014308));
#2550=VECTOR('',#2549,0.011257272957692688);
#2551=LINE('',#2548,#2550);
#2552=EDGE_CURVE('',#205,#189,#2551,.T.);
#2553=CARTESIAN_POINT('',(0.011233170272166281,0.0010606601717798212,0.08532439929374885));
#2554=DIRECTION('',(0.0499502112523157,-0.9238795325112878,0.37940952255125776));
#2555=VECTOR('',#2554,0.001148050297095268);
#2556=LINE('',#2553,#2555);
#2557=EDGE_CURVE('',#189,#187,#2556,.T.);
#2558=CARTESIAN_POINT('',(0.011233170272166281,0.0010606601717798212,0.08532439929374885));
#2559=DIRECTION('',(-0.9978589232386036,0,0.06540312923014308));
#2560=VECTOR('',#2559,0.011257272957692688);
#2561=LINE('',#2558,#2560);
#2562=EDGE_CURVE('',#189,#205,#2561,.T.);
#2563=CARTESIAN_POINT('',(5.269695600593913e-18,0.0010606601717798212,0.08606066017177982));
#2564=DIRECTION('',(-5.657130561438503e-17,0.38268343236509106,-0.9238795325112863));
#2565=VECTOR('',#2564,0.0011480502970952658);
#2566=LINE('',#2563,#2565);
#2567=EDGE_CURVE('',#205,#207,#2566,.T.);
#2568=CARTESIAN_POINT('',(5.204748896376251e-18,0.0015,0.085));
#2569=DIRECTION('',(0.9978589232386036,0,-0.06540312923014291));
#2570=VECTOR('',#2569,0.011118531969124327);
#2571=LINE('',#2568,#2570);
#2572=EDGE_CURVE('',#207,#191,#2571,.T.);
#2573=CARTESIAN_POINT('',(0.011094726338704397,0.0015,0.08427281321677389));
#2574=DIRECTION('',(0.1205904774487389,-0.3826834323650916,0.9159756150367528));
#2575=VECTOR('',#2574,0.001148050297095264);
#2576=LINE('',#2573,#2575);
#2577=EDGE_CURVE('',#191,#189,#2576,.T.);
#2578=CARTESIAN_POINT('',(0.011094726338704397,0.0015,0.08427281321677389));
#2579=DIRECTION('',(-0.9978589232386036,0,0.06540312923014291));
#2580=VECTOR('',#2579,0.011118531969124327);
#2581=LINE('',#2578,#2580);
#2582=EDGE_CURVE('',#191,#207,#2581,.T.);
#2583=CARTESIAN_POINT('',(5.204748896376251e-18,0.0015,0.085));
#2584=DIRECTION('',(-5.657130561438503e-17,-0.38268343236509084,-0.9238795325112863));
#2585=VECTOR('',#2584,0.0011480502970952658);
#2586=LINE('',#2583,#2585);
#2587=EDGE_CURVE('',#207,#209,#2586,.T.);
#2588=CARTESIAN_POINT('',(5.139802192158589e-18,0.0010606601717798214,0.08393933982822019));
#2589=DIRECTION('',(0.9978589232386036,0,-0.06540312923014274));
#2590=VECTOR('',#2589,0.010979790980555964);
#2591=LINE('',#2588,#2590);
#2592=EDGE_CURVE('',#209,#193,#2591,.T.);
#2593=CARTESIAN_POINT('',(0.010956282405242511,0.0010606601717798214,0.08322122713979893));
#2594=DIRECTION('',(0.12059047744874038,0.38268343236509134,0.9159756150367527));
#2595=VECTOR('',#2594,0.0011480502970952643);
#2596=LINE('',#2593,#2595);
#2597=EDGE_CURVE('',#193,#191,#2596,.T.);
#2598=CARTESIAN_POINT('',(0.010956282405242511,0.0010606601717798214,0.08322122713979893));
#2599=DIRECTION('',(-0.9978589232386036,0,0.06540312923014274));
#2600=VECTOR('',#2599,0.010979790980555964);
#2601=LINE('',#2598,#2600);
#2602=EDGE_CURVE('',#193,#209,#2601,.T.);
#2603=CARTESIAN_POINT('',(5.139802192158589e-18,0.0010606601717798214,0.08393933982822019));
#2604=DIRECTION('',(-2.3432602026631447e-17,-0.9238795325112852,-0.38268343236509356));
#2605=VECTOR('',#2604,0.0011480502970952712);
#2606=LINE('',#2603,#2605);
#2607=EDGE_CURVE('',#209,#211,#2606,.T.);
#2608=CARTESIAN_POINT('',(5.1129003864402e-18,1.8369701987210298e-19,0.0835));
#2609=DIRECTION('',(0.9978589232386035,0,-0.06540312923014321));
#2610=VECTOR('',#2609,0.010922322581433897);
#2611=LINE('',#2608,#2610);
#2612=EDGE_CURVE('',#211,#195,#2611,.T.);
#2613=CARTESIAN_POINT('',(0.010898937050374318,1.8369701987210298e-19,0.08278564592471317));
#2614=DIRECTION('',(0.049950211252315475,0.9238795325112836,0.3794095225512681));
#2615=VECTOR('',#2614,0.0011480502970952731);
#2616=LINE('',#2613,#2615);
#2617=EDGE_CURVE('',#195,#193,#2616,.T.);
#2618=CARTESIAN_POINT('',(0.010898937050374318,1.8369701987210298e-19,0.08278564592471317));
#2619=DIRECTION('',(-0.9978589232386035,0,0.06540312923014321));
#2620=VECTOR('',#2619,0.010922322581433897);
#2621=LINE('',#2618,#2620);
#2622=EDGE_CURVE('',#195,#211,#2621,.T.);
#2623=CARTESIAN_POINT('',(5.1129003864402e-18,1.8369701987210298e-19,0.0835));
#2624=DIRECTION('',(2.3432602026631444e-17,-0.9238795325112852,0.3826834323650935));
#2625=VECTOR('',#2624,0.0011480502970952714);
#2626=LINE('',#2623,#2625);
#2627=EDGE_CURVE('',#211,#213,#2626,.T.);
#2628=CARTESIAN_POINT('',(5.139802192158589e-18,-0.0010606601717798212,0.08393933982822019));
#2629=DIRECTION('',(0.9978589232386036,0,-0.06540312923014274));
#2630=VECTOR('',#2629,0.010979790980555964);
#2631=LINE('',#2628,#2630);
#2632=EDGE_CURVE('',#213,#197,#2631,.T.);
#2633=CARTESIAN_POINT('',(0.010956282405242511,-0.0010606601717798212,0.08322122713979893));
#2634=DIRECTION('',(-0.04995021125231546,0.9238795325112836,-0.37940952255126803));
#2635=VECTOR('',#2634,0.0011480502970952734);
#2636=LINE('',#2633,#2635);
#2637=EDGE_CURVE('',#197,#195,#2636,.T.);
#2638=CARTESIAN_POINT('',(0.010956282405242511,-0.0010606601717798212,0.08322122713979893));
#2639=DIRECTION('',(-0.9978589232386036,0,0.06540312923014274));
#2640=VECTOR('',#2639,0.010979790980555964);
#2641=LINE('',#2638,#2640);
#2642=EDGE_CURVE('',#197,#213,#2641,.T.);
#2643=CARTESIAN_POINT('',(5.139802192158589e-18,-0.0010606601717798212,0.08393933982822019));
#2644=DIRECTION('',(5.657130561438503e-17,-0.38268343236509106,0.9238795325112863));
#2645=VECTOR('',#2644,0.0011480502970952658);
#2646=LINE('',#2643,#2645);
#2647=EDGE_CURVE('',#213,#215,#2646,.T.);
#2648=CARTESIAN_POINT('',(5.204748896376251e-18,-0.0015,0.085));
#2649=DIRECTION('',(0.9978589232386036,0,-0.06540312923014291));
#2650=VECTOR('',#2649,0.011118531969124327);
#2651=LINE('',#2648,#2650);
#2652=EDGE_CURVE('',#215,#199,#2651,.T.);
#2653=CARTESIAN_POINT('',(0.011094726338704397,-0.0015,0.08427281321677389));
#2654=DIRECTION('',(-0.12059047744874038,0.38268343236509156,-0.9159756150367527));
#2655=VECTOR('',#2654,0.0011480502970952643);
#2656=LINE('',#2653,#2655);
#2657=EDGE_CURVE('',#199,#197,#2656,.T.);
#2658=CARTESIAN_POINT('',(0.011094726338704397,-0.0015,0.08427281321677389));
#2659=DIRECTION('',(-0.9978589232386036,0,0.06540312923014291));
#2660=VECTOR('',#2659,0.011118531969124327);
#2661=LINE('',#2658,#2660);
#2662=EDGE_CURVE('',#199,#215,#2661,.T.);
#2663=CARTESIAN_POINT('',(5.204748896376251e-18,-0.0015,0.085));
#2664=DIRECTION('',(5.657130561438503e-17,0.38268343236509067,0.9238795325112863));
#2665=VECTOR('',#2664,0.0011480502970952658);
#2666=LINE('',#2663,#2665);
#2667=EDGE_CURVE('',#215,#217,#2666,.T.);
#2668=CARTESIAN_POINT('',(5.269695600593913e-18,-0.0010606601717798216,0.08606066017177982));
#2669=DIRECTION('',(0.9978589232386036,0,-0.06540312923014308));
#2670=VECTOR('',#2669,0.011257272957692688);
#2671=LINE('',#2668,#2670);
#2672=EDGE_CURVE('',#217,#201,#2671,.T.);
#2673=CARTESIAN_POINT('',(0.011233170272166281,-0.0010606601717798216,0.08532439929374885));
#2674=DIRECTION('',(-0.1205904774487389,-0.3826834323650912,-0.9159756150367528));
#2675=VECTOR('',#2674,0.001148050297095264);
#2676=LINE('',#2673,#2675);
#2677=EDGE_CURVE('',#201,#199,#2676,.T.);
#2678=CARTESIAN_POINT('',(0.011233170272166281,-0.0010606601717798216,0.08532439929374885));
#2679=DIRECTION('',(-0.9978589232386036,0,0.06540312923014308));
#2680=VECTOR('',#2679,0.011257272957692688);
#2681=LINE('',#2678,#2680);
#2682=EDGE_CURVE('',#201,#217,#2681,.T.);
#2683=CARTESIAN_POINT('',(5.269695600593913e-18,-0.0010606601717798216,0.08606066017177982));
#2684=DIRECTION('',(2.343260202663211e-17,0.9238795325112852,0.38268343236509345));
#2685=VECTOR('',#2684,0.0011480502970952716);
#2686=LINE('',#2683,#2685);
#2687=EDGE_CURVE('',#217,#203,#2686,.T.);
#2688=CARTESIAN_POINT('',(5.296597406312303e-18,0,0.08650000000000001));
#2689=DIRECTION('',(0.9978589232386036,0,-0.06540312923014382));
#2690=VECTOR('',#2689,0.011314741356814756);
#2691=LINE('',#2688,#2690);
#2692=EDGE_CURVE('',#203,#187,#2691,.T.);
#2693=CARTESIAN_POINT('',(0.011290515627034474,0,0.0857599805088346));
#2694=DIRECTION('',(-0.04995021125231569,-0.923879532511288,-0.37940952255125765));
#2695=VECTOR('',#2694,0.0011480502970952682);
#2696=LINE('',#2693,#2695);
#2697=EDGE_CURVE('',#187,#201,#2696,.T.);
#2698=CARTESIAN_POINT('',(5.296597406312303e-18,0,0.08650000000000001));
#2699=DIRECTION('',(-0.9978589232386037,0,-0.06540312923014273));
#2700=VECTOR('',#2699,0.011314741356814735);
#2701=LINE('',#2698,#2700);
#2702=EDGE_CURVE('',#203,#219,#2701,.T.);
#2703=CARTESIAN_POINT('',(-0.011290515627034444,0,0.08575998050883461));
#2704=DIRECTION('',(0.0499502112523142,0.923879532511288,-0.3794095225512578));
#2705=VECTOR('',#2704,0.0011480502970952677);
#2706=LINE('',#2703,#2705);
#2707=EDGE_CURVE('',#219,#221,#2706,.T.);
#2708=CARTESIAN_POINT('',(-0.011233170272166254,0.0010606601717798212,0.08532439929374887));
#2709=DIRECTION('',(0.9978589232386035,0,0.06540312923014194));
#2710=VECTOR('',#2709,0.011257272957692672);
#2711=LINE('',#2708,#2710);
#2712=EDGE_CURVE('',#221,#205,#2711,.T.);
#2713=CARTESIAN_POINT('',(5.269695600593913e-18,0.0010606601717798212,0.08606066017177982));
#2714=DIRECTION('',(2.343260202663212e-17,-0.9238795325112852,0.38268343236509356));
#2715=VECTOR('',#2714,0.0011480502970952712);
#2716=LINE('',#2713,#2715);
#2717=EDGE_CURVE('',#205,#203,#2716,.T.);
#2718=CARTESIAN_POINT('',(5.269695600593913e-18,0.0010606601717798212,0.08606066017177982));
#2719=DIRECTION('',(-0.9978589232386035,0,-0.06540312923014194));
#2720=VECTOR('',#2719,0.011257272957692672);
#2721=LINE('',#2718,#2720);
#2722=EDGE_CURVE('',#205,#221,#2721,.T.);
#2723=CARTESIAN_POINT('',(-0.011233170272166254,0.0010606601717798212,0.08532439929374887));
#2724=DIRECTION('',(0.12059047744873903,0.3826834323650873,-0.9159756150367545));
#2725=VECTOR('',#2724,0.001148050297095277);
#2726=LINE('',#2723,#2725);
#2727=EDGE_CURVE('',#221,#223,#2726,.T.);
#2728=CARTESIAN_POINT('',(-0.011094726338704368,0.0015,0.08427281321677389));
#2729=DIRECTION('',(0.9978589232386036,0,0.06540312923014302));
#2730=VECTOR('',#2729,0.011118531969124308);
#2731=LINE('',#2728,#2730);
#2732=EDGE_CURVE('',#223,#207,#2731,.T.);
#2733=CARTESIAN_POINT('',(5.204748896376251e-18,0.0015,0.085));
#2734=DIRECTION('',(5.657130561438503e-17,-0.38268343236509106,0.9238795325112863));
#2735=VECTOR('',#2734,0.0011480502970952658);
#2736=LINE('',#2733,#2735);
#2737=EDGE_CURVE('',#207,#205,#2736,.T.);
#2738=CARTESIAN_POINT('',(5.204748896376251e-18,0.0015,0.085));
#2739=DIRECTION('',(-0.9978589232386036,0,-0.06540312923014302));
#2740=VECTOR('',#2739,0.011118531969124308);
#2741=LINE('',#2738,#2740);
#2742=EDGE_CURVE('',#207,#223,#2741,.T.);
#2743=CARTESIAN_POINT('',(-0.011094726338704368,0.0015,0.08427281321677389));
#2744=DIRECTION('',(0.1205904774487389,-0.38268343236509145,-0.9159756150367528));
#2745=VECTOR('',#2744,0.001148050297095264);
#2746=LINE('',#2743,#2745);
#2747=EDGE_CURVE('',#223,#225,#2746,.T.);
#2748=CARTESIAN_POINT('',(-0.010956282405242483,0.0010606601717798214,0.08322122713979893));
#2749=DIRECTION('',(0.9978589232386036,0,0.06540312923014284));
#2750=VECTOR('',#2749,0.010979790980555947);
#2751=LINE('',#2748,#2750);
#2752=EDGE_CURVE('',#225,#209,#2751,.T.);
#2753=CARTESIAN_POINT('',(5.139802192158589e-18,0.0010606601717798214,0.08393933982822019));
#2754=DIRECTION('',(5.657130561438503e-17,0.38268343236509084,0.9238795325112863));
#2755=VECTOR('',#2754,0.0011480502970952658);
#2756=LINE('',#2753,#2755);
#2757=EDGE_CURVE('',#209,#207,#2756,.T.);
#2758=CARTESIAN_POINT('',(5.139802192158589e-18,0.0010606601717798214,0.08393933982822019));
#2759=DIRECTION('',(-0.9978589232386036,0,-0.06540312923014284));
#2760=VECTOR('',#2759,0.010979790980555947);
#2761=LINE('',#2758,#2760);
#2762=EDGE_CURVE('',#209,#225,#2761,.T.);
#2763=CARTESIAN_POINT('',(-0.010956282405242483,0.0010606601717798214,0.08322122713979893));
#2764=DIRECTION('',(0.0499502112523157,-0.9238795325112878,-0.37940952255125776));
#2765=VECTOR('',#2764,0.001148050297095268);
#2766=LINE('',#2763,#2765);
#2767=EDGE_CURVE('',#225,#227,#2766,.T.);
#2768=CARTESIAN_POINT('',(-0.01089893705037429,1.8369701987210298e-19,0.08278564592471319));
#2769=DIRECTION('',(0.9978589232386037,0,0.06540312923014206));
#2770=VECTOR('',#2769,0.010922322581433878);
#2771=LINE('',#2768,#2770);
#2772=EDGE_CURVE('',#227,#211,#2771,.T.);
#2773=CARTESIAN_POINT('',(5.1129003864402e-18,1.8369701987210298e-19,0.0835));
#2774=DIRECTION('',(2.3432602026631447e-17,0.9238795325112852,0.38268343236509356));
#2775=VECTOR('',#2774,0.0011480502970952712);
#2776=LINE('',#2773,#2775);
#2777=EDGE_CURVE('',#211,#209,#2776,.T.);
#2778=CARTESIAN_POINT('',(5.1129003864402e-18,1.8369701987210298e-19,0.0835));
#2779=DIRECTION('',(-0.9978589232386037,0,-0.06540312923014206));
#2780=VECTOR('',#2779,0.010922322581433878);
#2781=LINE('',#2778,#2780);
#2782=EDGE_CURVE('',#211,#227,#2781,.T.);
#2783=CARTESIAN_POINT('',(-0.01089893705037429,1.8369701987210298e-19,0.08278564592471319));
#2784=DIRECTION('',(-0.04995021125231569,-0.9238795325112878,0.37940952255125765));
#2785=VECTOR('',#2784,0.0011480502970952682);
#2786=LINE('',#2783,#2785);
#2787=EDGE_CURVE('',#227,#229,#2786,.T.);
#2788=CARTESIAN_POINT('',(-0.010956282405242483,-0.0010606601717798212,0.08322122713979893));
#2789=DIRECTION('',(0.9978589232386036,0,0.06540312923014284));
#2790=VECTOR('',#2789,0.010979790980555947);
#2791=LINE('',#2788,#2790);
#2792=EDGE_CURVE('',#229,#213,#2791,.T.);
#2793=CARTESIAN_POINT('',(5.139802192158589e-18,-0.0010606601717798212,0.08393933982822019));
#2794=DIRECTION('',(-2.3432602026631444e-17,0.9238795325112852,-0.3826834323650935));
#2795=VECTOR('',#2794,0.0011480502970952714);
#2796=LINE('',#2793,#2795);
#2797=EDGE_CURVE('',#213,#211,#2796,.T.);
#2798=CARTESIAN_POINT('',(5.139802192158589e-18,-0.0010606601717798212,0.08393933982822019));
#2799=DIRECTION('',(-0.9978589232386036,0,-0.06540312923014284));
#2800=VECTOR('',#2799,0.010979790980555947);
#2801=LINE('',#2798,#2800);
#2802=EDGE_CURVE('',#213,#229,#2801,.T.);
#2803=CARTESIAN_POINT('',(-0.010956282405242483,-0.0010606601717798212,0.08322122713979893));
#2804=DIRECTION('',(-0.1205904774487389,-0.3826834323650916,0.9159756150367528));
#2805=VECTOR('',#2804,0.001148050297095264);
#2806=LINE('',#2803,#2805);
#2807=EDGE_CURVE('',#229,#231,#2806,.T.);
#2808=CARTESIAN_POINT('',(-0.011094726338704368,-0.0015,0.08427281321677389));
#2809=DIRECTION('',(0.9978589232386036,0,0.06540312923014302));
#2810=VECTOR('',#2809,0.011118531969124308);
#2811=LINE('',#2808,#2810);
#2812=EDGE_CURVE('',#231,#215,#2811,.T.);
#2813=CARTESIAN_POINT('',(5.204748896376251e-18,-0.0015,0.085));
#2814=DIRECTION('',(-5.657130561438503e-17,0.38268343236509106,-0.9238795325112863));
#2815=VECTOR('',#2814,0.0011480502970952658);
#2816=LINE('',#2813,#2815);
#2817=EDGE_CURVE('',#215,#213,#2816,.T.);
#2818=CARTESIAN_POINT('',(5.204748896376251e-18,-0.0015,0.085));
#2819=DIRECTION('',(-0.9978589232386036,0,-0.06540312923014302));
#2820=VECTOR('',#2819,0.011118531969124308);
#2821=LINE('',#2818,#2820);
#2822=EDGE_CURVE('',#215,#231,#2821,.T.);
#2823=CARTESIAN_POINT('',(-0.011094726338704368,-0.0015,0.08427281321677389));
#2824=DIRECTION('',(-0.12059047744873906,0.38268343236508695,0.9159756150367547));
#2825=VECTOR('',#2824,0.0011480502970952768);
#2826=LINE('',#2823,#2825);
#2827=EDGE_CURVE('',#231,#233,#2826,.T.);
#2828=CARTESIAN_POINT('',(-0.011233170272166254,-0.0010606601717798216,0.08532439929374887));
#2829=DIRECTION('',(0.9978589232386035,0,0.06540312923014194));
#2830=VECTOR('',#2829,0.011257272957692672);
#2831=LINE('',#2828,#2830);
#2832=EDGE_CURVE('',#233,#217,#2831,.T.);
#2833=CARTESIAN_POINT('',(5.269695600593913e-18,-0.0010606601717798216,0.08606066017177982));
#2834=DIRECTION('',(-5.657130561438503e-17,-0.38268343236509067,-0.9238795325112863));
#2835=VECTOR('',#2834,0.0011480502970952658);
#2836=LINE('',#2833,#2835);
#2837=EDGE_CURVE('',#217,#215,#2836,.T.);
#2838=CARTESIAN_POINT('',(5.269695600593913e-18,-0.0010606601717798216,0.08606066017177982));
#2839=DIRECTION('',(-0.9978589232386035,0,-0.06540312923014194));
#2840=VECTOR('',#2839,0.011257272957692672);
#2841=LINE('',#2838,#2840);
#2842=EDGE_CURVE('',#217,#233,#2841,.T.);
#2843=CARTESIAN_POINT('',(-0.011233170272166254,-0.0010606601717798216,0.08532439929374887));
#2844=DIRECTION('',(-0.04995021125231418,0.923879532511288,0.37940952255125765));
#2845=VECTOR('',#2844,0.0011480502970952682);
#2846=LINE('',#2843,#2845);
#2847=EDGE_CURVE('',#233,#219,#2846,.T.);
#2848=CARTESIAN_POINT('',(-0.011290515627034444,0,0.08575998050883461));
#2849=DIRECTION('',(0.9978589232386037,0,0.06540312923014273));
#2850=VECTOR('',#2849,0.011314741356814735);
#2851=LINE('',#2848,#2850);
#2852=EDGE_CURVE('',#219,#203,#2851,.T.);
#2853=CARTESIAN_POINT('',(5.296597406312303e-18,0,0.08650000000000001));
#2854=DIRECTION('',(-2.343260202663211e-17,-0.9238795325112852,-0.38268343236509345));
#2855=VECTOR('',#2854,0.0011480502970952716);
#2856=LINE('',#2853,#2855);
#2857=EDGE_CURVE('',#203,#217,#2856,.T.);
#2858=CARTESIAN_POINT('',(-0.011290515627034444,0,0.08575998050883461));
#2859=DIRECTION('',(-0.9807852804032304,0,-0.19509032201612783));
#2860=VECTOR('',#2859,0.011314741356814779);
#2861=LINE('',#2858,#2860);
#2862=EDGE_CURVE('',#219,#235,#2861,.T.);
#2863=CARTESIAN_POINT('',(-0.022387847401368056,0,0.08355258397400442));
#2864=DIRECTION('',(0.09904576054128934,0.9238795325112862,-0.3696438106143869));
#2865=VECTOR('',#2864,0.00114805029709527);
#2866=LINE('',#2863,#2865);
#2867=EDGE_CURVE('',#235,#237,#2866,.T.);
#2868=CARTESIAN_POINT('',(-0.0222741378865526,0.0010606601717798212,0.08312821428740914));
#2869=DIRECTION('',(0.9807852804032304,0,0.19509032201612828));
#2870=VECTOR('',#2869,0.01125727295769271);
#2871=LINE('',#2868,#2870);
#2872=EDGE_CURVE('',#237,#221,#2871,.T.);
#2873=CARTESIAN_POINT('',(-0.011233170272166254,0.0010606601717798212,0.08532439929374887));
#2874=DIRECTION('',(-0.0499502112523142,-0.923879532511288,0.3794095225512578));
#2875=VECTOR('',#2874,0.0011480502970952677);
#2876=LINE('',#2873,#2875);
#2877=EDGE_CURVE('',#221,#219,#2876,.T.);
#2878=CARTESIAN_POINT('',(-0.011233170272166254,0.0010606601717798212,0.08532439929374887));
#2879=DIRECTION('',(-0.9807852804032304,0,-0.19509032201612828));
#2880=VECTOR('',#2879,0.01125727295769271);
#2881=LINE('',#2878,#2880);
#2882=EDGE_CURVE('',#221,#237,#2881,.T.);
#2883=CARTESIAN_POINT('',(-0.0222741378865526,0.0010606601717798212,0.08312821428740914));
#2884=DIRECTION('',(0.23911761839433332,0.3826834323650889,-0.8923991008325235));
#2885=VECTOR('',#2884,0.0011480502970952723);
#2886=LINE('',#2883,#2885);
#2887=EDGE_CURVE('',#237,#239,#2886,.T.);
#2888=CARTESIAN_POINT('',(-0.021999618833714273,0.0015,0.08210369523457081));
#2889=DIRECTION('',(0.9807852804032304,0,0.19509032201612783));
#2890=VECTOR('',#2889,0.011118531969124348);
#2891=LINE('',#2888,#2890);
#2892=EDGE_CURVE('',#239,#223,#2891,.T.);
#2893=CARTESIAN_POINT('',(-0.011094726338704368,0.0015,0.08427281321677389));
#2894=DIRECTION('',(-0.12059047744873903,-0.3826834323650873,0.9159756150367545));
#2895=VECTOR('',#2894,0.001148050297095277);
#2896=LINE('',#2893,#2895);
#2897=EDGE_CURVE('',#223,#221,#2896,.T.);
#2898=CARTESIAN_POINT('',(-0.011094726338704368,0.0015,0.08427281321677389));
#2899=DIRECTION('',(-0.9807852804032304,0,-0.19509032201612783));
#2900=VECTOR('',#2899,0.011118531969124348);
#2901=LINE('',#2898,#2900);
#2902=EDGE_CURVE('',#223,#239,#2901,.T.);
#2903=CARTESIAN_POINT('',(-0.021999618833714273,0.0015,0.08210369523457081));
#2904=DIRECTION('',(0.2391176183943359,-0.3826834323650928,-0.892399100832521));
#2905=VECTOR('',#2904,0.00114805029709526);
#2906=LINE('',#2903,#2905);
#2907=EDGE_CURVE('',#239,#241,#2906,.T.);
#2908=CARTESIAN_POINT('',(-0.021725099780875945,0.0010606601717798214,0.08107917618173249));
#2909=DIRECTION('',(0.9807852804032305,0,0.19509032201612742));
#2910=VECTOR('',#2909,0.010979790980555983);
#2911=LINE('',#2908,#2910);
#2912=EDGE_CURVE('',#241,#225,#2911,.T.);
#2913=CARTESIAN_POINT('',(-0.010956282405242483,0.0010606601717798214,0.08322122713979893));
#2914=DIRECTION('',(-0.1205904774487389,0.38268343236509145,0.9159756150367528));
#2915=VECTOR('',#2914,0.001148050297095264);
#2916=LINE('',#2913,#2915);
#2917=EDGE_CURVE('',#225,#223,#2916,.T.);
#2918=CARTESIAN_POINT('',(-0.010956282405242483,0.0010606601717798214,0.08322122713979893));
#2919=DIRECTION('',(-0.9807852804032305,0,-0.19509032201612742));
#2920=VECTOR('',#2919,0.010979790980555983);
#2921=LINE('',#2918,#2920);
#2922=EDGE_CURVE('',#225,#241,#2921,.T.);
#2923=CARTESIAN_POINT('',(-0.021725099780875945,0.0010606601717798214,0.08107917618173249));
#2924=DIRECTION('',(0.09904576054128889,-0.9238795325112821,-0.3696438106143973));
#2925=VECTOR('',#2924,0.001148050297095275);
#2926=LINE('',#2923,#2925);
#2927=EDGE_CURVE('',#241,#243,#2926,.T.);
#2928=CARTESIAN_POINT('',(-0.02161139026606049,1.8369701987210298e-19,0.0806548064951372));
#2929=DIRECTION('',(0.9807852804032303,0,0.19509032201612908));
#2930=VECTOR('',#2929,0.010922322581433918);
#2931=LINE('',#2928,#2930);
#2932=EDGE_CURVE('',#243,#227,#2931,.T.);
#2933=CARTESIAN_POINT('',(-0.01089893705037429,1.8369701987210298e-19,0.08278564592471319));
#2934=DIRECTION('',(-0.0499502112523157,0.9238795325112878,0.37940952255125776));
#2935=VECTOR('',#2934,0.001148050297095268);
#2936=LINE('',#2933,#2935);
#2937=EDGE_CURVE('',#227,#225,#2936,.T.);
#2938=CARTESIAN_POINT('',(-0.01089893705037429,1.8369701987210298e-19,0.08278564592471319));
#2939=DIRECTION('',(-0.9807852804032303,0,-0.19509032201612908));
#2940=VECTOR('',#2939,0.010922322581433918);
#2941=LINE('',#2938,#2940);
#2942=EDGE_CURVE('',#227,#243,#2941,.T.);
#2943=CARTESIAN_POINT('',(-0.02161139026606049,1.8369701987210298e-19,0.0806548064951372));
#2944=DIRECTION('',(-0.09904576054128889,-0.9238795325112822,0.3696438106143973));
#2945=VECTOR('',#2944,0.001148050297095275);
#2946=LINE('',#2943,#2945);
#2947=EDGE_CURVE('',#243,#245,#2946,.T.);
#2948=CARTESIAN_POINT('',(-0.021725099780875945,-0.0010606601717798212,0.08107917618173249));
#2949=DIRECTION('',(0.9807852804032305,0,0.19509032201612742));
#2950=VECTOR('',#2949,0.010979790980555983);
#2951=LINE('',#2948,#2950);
#2952=EDGE_CURVE('',#245,#229,#2951,.T.);
#2953=CARTESIAN_POINT('',(-0.010956282405242483,-0.0010606601717798212,0.08322122713979893));
#2954=DIRECTION('',(0.04995021125231569,0.9238795325112878,-0.37940952255125765));
#2955=VECTOR('',#2954,0.0011480502970952682);
#2956=LINE('',#2953,#2955);
#2957=EDGE_CURVE('',#229,#227,#2956,.T.);
#2958=CARTESIAN_POINT('',(-0.010956282405242483,-0.0010606601717798212,0.08322122713979893));
#2959=DIRECTION('',(-0.9807852804032305,0,-0.19509032201612742));
#2960=VECTOR('',#2959,0.010979790980555983);
#2961=LINE('',#2958,#2960);
#2962=EDGE_CURVE('',#229,#245,#2961,.T.);
#2963=CARTESIAN_POINT('',(-0.021725099780875945,-0.0010606601717798212,0.08107917618173249));
#2964=DIRECTION('',(-0.2391176183943359,-0.382683432365093,0.892399100832521));
#2965=VECTOR('',#2964,0.00114805029709526);
#2966=LINE('',#2963,#2965);
#2967=EDGE_CURVE('',#245,#247,#2966,.T.);
#2968=CARTESIAN_POINT('',(-0.021999618833714273,-0.0015,0.08210369523457081));
#2969=DIRECTION('',(0.9807852804032304,0,0.19509032201612783));
#2970=VECTOR('',#2969,0.011118531969124348);
#2971=LINE('',#2968,#2970);
#2972=EDGE_CURVE('',#247,#231,#2971,.T.);
#2973=CARTESIAN_POINT('',(-0.011094726338704368,-0.0015,0.08427281321677389));
#2974=DIRECTION('',(0.1205904774487389,0.3826834323650916,-0.9159756150367528));
#2975=VECTOR('',#2974,0.001148050297095264);
#2976=LINE('',#2973,#2975);
#2977=EDGE_CURVE('',#231,#229,#2976,.T.);
#2978=CARTESIAN_POINT('',(-0.011094726338704368,-0.0015,0.08427281321677389));
#2979=DIRECTION('',(-0.9807852804032304,0,-0.19509032201612783));
#2980=VECTOR('',#2979,0.011118531969124348);
#2981=LINE('',#2978,#2980);
#2982=EDGE_CURVE('',#231,#247,#2981,.T.);
#2983=CARTESIAN_POINT('',(-0.021999618833714273,-0.0015,0.08210369523457081));
#2984=DIRECTION('',(-0.23911761839433338,0.38268343236508856,0.8923991008325237));
#2985=VECTOR('',#2984,0.001148050297095272);
#2986=LINE('',#2983,#2985);
#2987=EDGE_CURVE('',#247,#249,#2986,.T.);
#2988=CARTESIAN_POINT('',(-0.0222741378865526,-0.0010606601717798216,0.08312821428740914));
#2989=DIRECTION('',(0.9807852804032304,0,0.19509032201612828));
#2990=VECTOR('',#2989,0.01125727295769271);
#2991=LINE('',#2988,#2990);
#2992=EDGE_CURVE('',#249,#233,#2991,.T.);
#2993=CARTESIAN_POINT('',(-0.011233170272166254,-0.0010606601717798216,0.08532439929374887));
#2994=DIRECTION('',(0.12059047744873906,-0.38268343236508695,-0.9159756150367547));
#2995=VECTOR('',#2994,0.0011480502970952768);
#2996=LINE('',#2993,#2995);
#2997=EDGE_CURVE('',#233,#231,#2996,.T.);
#2998=CARTESIAN_POINT('',(-0.011233170272166254,-0.0010606601717798216,0.08532439929374887));
#2999=DIRECTION('',(-0.9807852804032304,0,-0.19509032201612828));
#3000=VECTOR('',#2999,0.01125727295769271);
#3001=LINE('',#2998,#3000);
#3002=EDGE_CURVE('',#233,#249,#3001,.T.);
#3003=CARTESIAN_POINT('',(-0.0222741378865526,-0.0010606601717798216,0.08312821428740914));
#3004=DIRECTION('',(-0.09904576054128932,0.9238795325112864,0.3696438106143868));
#3005=VECTOR('',#3004,0.0011480502970952701);
#3006=LINE('',#3003,#3005);
#3007=EDGE_CURVE('',#249,#235,#3006,.T.);
#3008=CARTESIAN_POINT('',(-0.022387847401368056,0,0.08355258397400442));
#3009=DIRECTION('',(0.9807852804032304,0,0.19509032201612783));
#3010=VECTOR('',#3009,0.011314741356814779);
#3011=LINE('',#3008,#3010);
#3012=EDGE_CURVE('',#235,#219,#3011,.T.);
#3013=CARTESIAN_POINT('',(-0.011290515627034444,0,0.08575998050883461));
#3014=DIRECTION('',(0.04995021125231418,-0.923879532511288,-0.37940952255125765));
#3015=VECTOR('',#3014,0.0011480502970952682);
#3016=LINE('',#3013,#3015);
#3017=EDGE_CURVE('',#219,#233,#3016,.T.);
#3018=CARTESIAN_POINT('',(-0.022387847401368056,0,0.08355258397400442));
#3019=DIRECTION('',(-0.9469301294951054,0,-0.32143946530316253));
#3020=VECTOR('',#3019,0.011314741356814744);
#3021=LINE('',#3018,#3020);
#3022=EDGE_CURVE('',#235,#251,#3021,.T.);
#3023=CARTESIAN_POINT('',(-0.033102116899580265,0,0.07991557956222631));
#3024=DIRECTION('',(0.14644660940672705,0.923879532511284,-0.35355339059328067));
#3025=VECTOR('',#3024,0.0011480502970952727);
#3026=LINE('',#3023,#3025);
#3027=EDGE_CURVE('',#251,#253,#3026,.T.);
#3028=CARTESIAN_POINT('',(-0.03293398882614228,0.0010606601717798212,0.07950968248711665));
#3029=DIRECTION('',(0.9469301294951051,0,0.32143946530316314));
#3030=VECTOR('',#3029,0.01125727295769268);
#3031=LINE('',#3028,#3030);
#3032=EDGE_CURVE('',#253,#237,#3031,.T.);
#3033=CARTESIAN_POINT('',(-0.0222741378865526,0.0010606601717798212,0.08312821428740914));
#3034=DIRECTION('',(-0.09904576054128934,-0.9238795325112862,0.3696438106143869));
#3035=VECTOR('',#3034,0.00114805029709527);
#3036=LINE('',#3033,#3035);
#3037=EDGE_CURVE('',#237,#235,#3036,.T.);
#3038=CARTESIAN_POINT('',(-0.0222741378865526,0.0010606601717798212,0.08312821428740914));
#3039=DIRECTION('',(-0.9469301294951051,0,-0.32143946530316314));
#3040=VECTOR('',#3039,0.01125727295769268);
#3041=LINE('',#3038,#3040);
#3042=EDGE_CURVE('',#237,#253,#3041,.T.);
#3043=CARTESIAN_POINT('',(-0.03293398882614228,0.0010606601717798212,0.07950968248711665));
#3044=DIRECTION('',(0.3535533905932794,0.38268343236509383,-0.8535533905932696));
#3045=VECTOR('',#3044,0.0011480502970952573);
#3046=LINE('',#3043,#3045);
#3047=EDGE_CURVE('',#253,#255,#3046,.T.);
#3048=CARTESIAN_POINT('',(-0.03252809175103263,0.0015,0.07852976026345938));
#3049=DIRECTION('',(0.9469301294951056,0,0.32143946530316175));
#3050=VECTOR('',#3049,0.01111853196912431);
#3051=LINE('',#3048,#3050);
#3052=EDGE_CURVE('',#255,#239,#3051,.T.);
#3053=CARTESIAN_POINT('',(-0.021999618833714273,0.0015,0.08210369523457081));
#3054=DIRECTION('',(-0.23911761839433332,-0.3826834323650889,0.8923991008325235));
#3055=VECTOR('',#3054,0.0011480502970952723);
#3056=LINE('',#3053,#3055);
#3057=EDGE_CURVE('',#239,#237,#3056,.T.);
#3058=CARTESIAN_POINT('',(-0.021999618833714273,0.0015,0.08210369523457081));
#3059=DIRECTION('',(-0.9469301294951056,0,-0.32143946530316175));
#3060=VECTOR('',#3059,0.01111853196912431);
#3061=LINE('',#3058,#3060);
#3062=EDGE_CURVE('',#239,#255,#3061,.T.);
#3063=CARTESIAN_POINT('',(-0.03252809175103263,0.0015,0.07852976026345938));
#3064=DIRECTION('',(0.35355339059327046,-0.38268343236509056,-0.8535533905932748));
#3065=VECTOR('',#3064,0.0011480502970952666);
#3066=LINE('',#3063,#3065);
#3067=EDGE_CURVE('',#255,#257,#3066,.T.);
#3068=CARTESIAN_POINT('',(-0.032122194675922984,0.0010606601717798214,0.0775498380398021));
#3069=DIRECTION('',(0.9469301294951054,0,0.3214394653031624));
#3070=VECTOR('',#3069,0.010979790980555954);
#3071=LINE('',#3068,#3070);
#3072=EDGE_CURVE('',#257,#241,#3071,.T.);
#3073=CARTESIAN_POINT('',(-0.021725099780875945,0.0010606601717798214,0.08107917618173249));
#3074=DIRECTION('',(-0.2391176183943359,0.3826834323650928,0.892399100832521));
#3075=VECTOR('',#3074,0.00114805029709526);
#3076=LINE('',#3073,#3075);
#3077=EDGE_CURVE('',#241,#239,#3076,.T.);
#3078=CARTESIAN_POINT('',(-0.021725099780875945,0.0010606601717798214,0.08107917618173249));
#3079=DIRECTION('',(-0.9469301294951054,0,-0.3214394653031624));
#3080=VECTOR('',#3079,0.010979790980555954);
#3081=LINE('',#3078,#3080);
#3082=EDGE_CURVE('',#241,#257,#3081,.T.);
#3083=CARTESIAN_POINT('',(-0.032122194675922984,0.0010606601717798214,0.0775498380398021));
#3084=DIRECTION('',(0.14644660940672705,-0.923879532511284,-0.35355339059328067));
#3085=VECTOR('',#3084,0.0011480502970952727);
#3086=LINE('',#3083,#3085);
#3087=EDGE_CURVE('',#257,#259,#3086,.T.);
#3088=CARTESIAN_POINT('',(-0.031954066602484996,1.8369701987210298e-19,0.07714394096469245));
#3089=DIRECTION('',(0.9469301294951056,0,0.3214394653031619));
#3090=VECTOR('',#3089,0.010922322581433885);
#3091=LINE('',#3088,#3090);
#3092=EDGE_CURVE('',#259,#243,#3091,.T.);
#3093=CARTESIAN_POINT('',(-0.02161139026606049,1.8369701987210298e-19,0.0806548064951372));
#3094=DIRECTION('',(-0.09904576054128889,0.9238795325112821,0.3696438106143973));
#3095=VECTOR('',#3094,0.001148050297095275);
#3096=LINE('',#3093,#3095);
#3097=EDGE_CURVE('',#243,#241,#3096,.T.);
#3098=CARTESIAN_POINT('',(-0.02161139026606049,1.8369701987210298e-19,0.0806548064951372));
#3099=DIRECTION('',(-0.9469301294951056,0,-0.3214394653031619));
#3100=VECTOR('',#3099,0.010922322581433885);
#3101=LINE('',#3098,#3100);
#3102=EDGE_CURVE('',#243,#259,#3101,.T.);
#3103=CARTESIAN_POINT('',(-0.031954066602484996,1.8369701987210298e-19,0.07714394096469245));
#3104=DIRECTION('',(-0.14644660940672702,-0.923879532511284,0.3535533905932806));
#3105=VECTOR('',#3104,0.001148050297095273);
#3106=LINE('',#3103,#3105);
#3107=EDGE_CURVE('',#259,#261,#3106,.T.);
#3108=CARTESIAN_POINT('',(-0.032122194675922984,-0.0010606601717798212,0.0775498380398021));
#3109=DIRECTION('',(0.9469301294951054,0,0.3214394653031624));
#3110=VECTOR('',#3109,0.010979790980555954);
#3111=LINE('',#3108,#3110);
#3112=EDGE_CURVE('',#261,#245,#3111,.T.);
#3113=CARTESIAN_POINT('',(-0.021725099780875945,-0.0010606601717798212,0.08107917618173249));
#3114=DIRECTION('',(0.09904576054128889,0.9238795325112822,-0.3696438106143973));
#3115=VECTOR('',#3114,0.001148050297095275);
#3116=LINE('',#3113,#3115);
#3117=EDGE_CURVE('',#245,#243,#3116,.T.);
#3118=CARTESIAN_POINT('',(-0.021725099780875945,-0.0010606601717798212,0.08107917618173249));
#3119=DIRECTION('',(-0.9469301294951054,0,-0.3214394653031624));
#3120=VECTOR('',#3119,0.010979790980555954);
#3121=LINE('',#3118,#3120);
#3122=EDGE_CURVE('',#245,#261,#3121,.T.);
#3123=CARTESIAN_POINT('',(-0.032122194675922984,-0.0010606601717798212,0.0775498380398021));
#3124=DIRECTION('',(-0.35355339059327046,-0.3826834323650907,0.8535533905932748));
#3125=VECTOR('',#3124,0.0011480502970952666);
#3126=LINE('',#3123,#3125);
#3127=EDGE_CURVE('',#261,#263,#3126,.T.);
#3128=CARTESIAN_POINT('',(-0.03252809175103263,-0.0015,0.07852976026345938));
#3129=DIRECTION('',(0.9469301294951056,0,0.32143946530316175));
#3130=VECTOR('',#3129,0.01111853196912431);
#3131=LINE('',#3128,#3130);
#3132=EDGE_CURVE('',#263,#247,#3131,.T.);
#3133=CARTESIAN_POINT('',(-0.021999618833714273,-0.0015,0.08210369523457081));
#3134=DIRECTION('',(0.2391176183943359,0.382683432365093,-0.892399100832521));
#3135=VECTOR('',#3134,0.00114805029709526);
#3136=LINE('',#3133,#3135);
#3137=EDGE_CURVE('',#247,#245,#3136,.T.);
#3138=CARTESIAN_POINT('',(-0.021999618833714273,-0.0015,0.08210369523457081));
#3139=DIRECTION('',(-0.9469301294951056,0,-0.32143946530316175));
#3140=VECTOR('',#3139,0.01111853196912431);
#3141=LINE('',#3138,#3140);
#3142=EDGE_CURVE('',#247,#263,#3141,.T.);
#3143=CARTESIAN_POINT('',(-0.03252809175103263,-0.0015,0.07852976026345938));
#3144=DIRECTION('',(-0.3535533905932794,0.3826834323650935,0.8535533905932696));
#3145=VECTOR('',#3144,0.0011480502970952573);
#3146=LINE('',#3143,#3145);
#3147=EDGE_CURVE('',#263,#265,#3146,.T.);
#3148=CARTESIAN_POINT('',(-0.03293398882614228,-0.0010606601717798216,0.07950968248711665));
#3149=DIRECTION('',(0.9469301294951051,0,0.32143946530316314));
#3150=VECTOR('',#3149,0.01125727295769268);
#3151=LINE('',#3148,#3150);
#3152=EDGE_CURVE('',#265,#249,#3151,.T.);
#3153=CARTESIAN_POINT('',(-0.0222741378865526,-0.0010606601717798216,0.08312821428740914));
#3154=DIRECTION('',(0.23911761839433338,-0.38268343236508856,-0.8923991008325237));
#3155=VECTOR('',#3154,0.001148050297095272);
#3156=LINE('',#3153,#3155);
#3157=EDGE_CURVE('',#249,#247,#3156,.T.);
#3158=CARTESIAN_POINT('',(-0.0222741378865526,-0.0010606601717798216,0.08312821428740914));
#3159=DIRECTION('',(-0.9469301294951051,0,-0.32143946530316314));
#3160=VECTOR('',#3159,0.01125727295769268);
#3161=LINE('',#3158,#3160);
#3162=EDGE_CURVE('',#249,#265,#3161,.T.);
#3163=CARTESIAN_POINT('',(-0.03293398882614228,-0.0010606601717798216,0.07950968248711665));
#3164=DIRECTION('',(-0.146446609406727,0.923879532511284,0.35355339059328056));
#3165=VECTOR('',#3164,0.0011480502970952731);
#3166=LINE('',#3163,#3165);
#3167=EDGE_CURVE('',#265,#251,#3166,.T.);
#3168=CARTESIAN_POINT('',(-0.033102116899580265,0,0.07991557956222631));
#3169=DIRECTION('',(0.9469301294951054,0,0.32143946530316253));
#3170=VECTOR('',#3169,0.011314741356814744);
#3171=LINE('',#3168,#3170);
#3172=EDGE_CURVE('',#251,#235,#3171,.T.);
#3173=CARTESIAN_POINT('',(-0.022387847401368056,0,0.08355258397400442));
#3174=DIRECTION('',(0.09904576054128932,-0.9238795325112864,-0.3696438106143868));
#3175=VECTOR('',#3174,0.0011480502970952701);
#3176=LINE('',#3173,#3175);
#3177=EDGE_CURVE('',#235,#249,#3176,.T.);
#3178=CARTESIAN_POINT('',(-0.033102116899580265,0,0.07991557956222631));
#3179=DIRECTION('',(-0.8968727415326884,0,-0.44228869021900113));
#3180=VECTOR('',#3179,0.01131474135681473);
#3181=LINE('',#3178,#3180);
#3182=EDGE_CURVE('',#251,#267,#3181,.T.);
#3183=CARTESIAN_POINT('',(-0.04324999999999998,0,0.07491119742735396));
#3184=DIRECTION('',(0.19134171618254664,0.9238795325112845,-0.3314135740355969));
#3185=VECTOR('',#3184,0.001148050297095272);
#3186=LINE('',#3183,#3185);
#3187=EDGE_CURVE('',#267,#269,#3186,.T.);
#3188=CARTESIAN_POINT('',(-0.04303033008588989,0.0010606601717798212,0.07453071797522098));
#3189=DIRECTION('',(0.8968727415326885,0,0.442288690219001));
#3190=VECTOR('',#3189,0.011257272957692662);
#3191=LINE('',#3188,#3190);
#3192=EDGE_CURVE('',#269,#253,#3191,.T.);
#3193=CARTESIAN_POINT('',(-0.03293398882614228,0.0010606601717798212,0.07950968248711665));
#3194=DIRECTION('',(-0.14644660940672705,-0.923879532511284,0.35355339059328067));
#3195=VECTOR('',#3194,0.0011480502970952727);
#3196=LINE('',#3193,#3195);
#3197=EDGE_CURVE('',#253,#251,#3196,.T.);
#3198=CARTESIAN_POINT('',(-0.03293398882614228,0.0010606601717798212,0.07950968248711665));
#3199=DIRECTION('',(-0.8968727415326885,0,-0.442288690219001));
#3200=VECTOR('',#3199,0.011257272957692662);
#3201=LINE('',#3198,#3200);
#3202=EDGE_CURVE('',#253,#269,#3201,.T.);
#3203=CARTESIAN_POINT('',(-0.04303033008588989,0.0010606601717798212,0.07453071797522098));
#3204=DIRECTION('',(0.4619397662556423,0.38268343236509034,-0.800103145191266));
#3205=VECTOR('',#3204,0.001148050297095268);
#3206=LINE('',#3203,#3205);
#3207=EDGE_CURVE('',#269,#271,#3206,.T.);
#3208=CARTESIAN_POINT('',(-0.04249999999999998,0.0015,0.07361215932167729));
#3209=DIRECTION('',(0.896872741532688,0,0.4422886902190019));
#3210=VECTOR('',#3209,0.01111853196912431);
#3211=LINE('',#3208,#3210);
#3212=EDGE_CURVE('',#271,#255,#3211,.T.);
#3213=CARTESIAN_POINT('',(-0.03252809175103263,0.0015,0.07852976026345938));
#3214=DIRECTION('',(-0.3535533905932794,-0.38268343236509383,0.8535533905932696));
#3215=VECTOR('',#3214,0.0011480502970952573);
#3216=LINE('',#3213,#3215);
#3217=EDGE_CURVE('',#255,#253,#3216,.T.);
#3218=CARTESIAN_POINT('',(-0.03252809175103263,0.0015,0.07852976026345938));
#3219=DIRECTION('',(-0.896872741532688,0,-0.4422886902190019));
#3220=VECTOR('',#3219,0.01111853196912431);
#3221=LINE('',#3218,#3220);
#3222=EDGE_CURVE('',#255,#271,#3221,.T.);
#3223=CARTESIAN_POINT('',(-0.04249999999999998,0.0015,0.07361215932167729));
#3224=DIRECTION('',(0.4619397662556423,-0.3826834323650901,-0.800103145191266));
#3225=VECTOR('',#3224,0.001148050297095268);
#3226=LINE('',#3223,#3225);
#3227=EDGE_CURVE('',#271,#273,#3226,.T.);
#3228=CARTESIAN_POINT('',(-0.041969669914110073,0.0010606601717798214,0.0726936006681336));
#3229=DIRECTION('',(0.8968727415326878,0,0.442288690219002));
#3230=VECTOR('',#3229,0.010979790980555945);
#3231=LINE('',#3228,#3230);
#3232=EDGE_CURVE('',#273,#257,#3231,.T.);
#3233=CARTESIAN_POINT('',(-0.032122194675922984,0.0010606601717798214,0.0775498380398021));
#3234=DIRECTION('',(-0.35355339059327046,0.38268343236509056,0.8535533905932748));
#3235=VECTOR('',#3234,0.0011480502970952666);
#3236=LINE('',#3233,#3235);
#3237=EDGE_CURVE('',#257,#255,#3236,.T.);
#3238=CARTESIAN_POINT('',(-0.032122194675922984,0.0010606601717798214,0.0775498380398021));
#3239=DIRECTION('',(-0.8968727415326878,0,-0.442288690219002));
#3240=VECTOR('',#3239,0.010979790980555945);
#3241=LINE('',#3238,#3240);
#3242=EDGE_CURVE('',#257,#273,#3241,.T.);
#3243=CARTESIAN_POINT('',(-0.041969669914110073,0.0010606601717798214,0.0726936006681336));
#3244=DIRECTION('',(0.19134171618254744,-0.9238795325112883,-0.3314135740355862));
#3245=VECTOR('',#3244,0.0011480502970952673);
#3246=LINE('',#3243,#3245);
#3247=EDGE_CURVE('',#273,#275,#3246,.T.);
#3248=CARTESIAN_POINT('',(-0.04174999999999998,1.8369701987210298e-19,0.07231312121600064));
#3249=DIRECTION('',(0.8968727415326885,0,0.4422886902190009));
#3250=VECTOR('',#3249,0.01092232258143387);
#3251=LINE('',#3248,#3250);
#3252=EDGE_CURVE('',#275,#259,#3251,.T.);
#3253=CARTESIAN_POINT('',(-0.031954066602484996,1.8369701987210298e-19,0.07714394096469245));
#3254=DIRECTION('',(-0.14644660940672705,0.923879532511284,0.35355339059328067));
#3255=VECTOR('',#3254,0.0011480502970952727);
#3256=LINE('',#3253,#3255);
#3257=EDGE_CURVE('',#259,#257,#3256,.T.);
#3258=CARTESIAN_POINT('',(-0.031954066602484996,1.8369701987210298e-19,0.07714394096469245));
#3259=DIRECTION('',(-0.8968727415326885,0,-0.4422886902190009));
#3260=VECTOR('',#3259,0.01092232258143387);
#3261=LINE('',#3258,#3260);
#3262=EDGE_CURVE('',#259,#275,#3261,.T.);
#3263=CARTESIAN_POINT('',(-0.04174999999999998,1.8369701987210298e-19,0.07231312121600064));
#3264=DIRECTION('',(-0.19134171618254742,-0.9238795325112883,0.33141357403558613));
#3265=VECTOR('',#3264,0.0011480502970952675);
#3266=LINE('',#3263,#3265);
#3267=EDGE_CURVE('',#275,#277,#3266,.T.);
#3268=CARTESIAN_POINT('',(-0.041969669914110073,-0.0010606601717798212,0.0726936006681336));
#3269=DIRECTION('',(0.8968727415326878,0,0.442288690219002));
#3270=VECTOR('',#3269,0.010979790980555945);
#3271=LINE('',#3268,#3270);
#3272=EDGE_CURVE('',#277,#261,#3271,.T.);
#3273=CARTESIAN_POINT('',(-0.032122194675922984,-0.0010606601717798212,0.0775498380398021));
#3274=DIRECTION('',(0.14644660940672702,0.923879532511284,-0.3535533905932806));
#3275=VECTOR('',#3274,0.001148050297095273);
#3276=LINE('',#3273,#3275);
#3277=EDGE_CURVE('',#261,#259,#3276,.T.);
#3278=CARTESIAN_POINT('',(-0.032122194675922984,-0.0010606601717798212,0.0775498380398021));
#3279=DIRECTION('',(-0.8968727415326878,0,-0.442288690219002));
#3280=VECTOR('',#3279,0.010979790980555945);
#3281=LINE('',#3278,#3280);
#3282=EDGE_CURVE('',#261,#277,#3281,.T.);
#3283=CARTESIAN_POINT('',(-0.041969669914110073,-0.0010606601717798212,0.0726936006681336));
#3284=DIRECTION('',(-0.4619397662556423,-0.38268343236509034,0.800103145191266));
#3285=VECTOR('',#3284,0.001148050297095268);
#3286=LINE('',#3283,#3285);
#3287=EDGE_CURVE('',#277,#279,#3286,.T.);
#3288=CARTESIAN_POINT('',(-0.04249999999999998,-0.0015,0.07361215932167729));
#3289=DIRECTION('',(0.896872741532688,0,0.4422886902190019));
#3290=VECTOR('',#3289,0.01111853196912431);
#3291=LINE('',#3288,#3290);
#3292=EDGE_CURVE('',#279,#263,#3291,.T.);
#3293=CARTESIAN_POINT('',(-0.03252809175103263,-0.0015,0.07852976026345938));
#3294=DIRECTION('',(0.35355339059327046,0.3826834323650907,-0.8535533905932748));
#3295=VECTOR('',#3294,0.0011480502970952666);
#3296=LINE('',#3293,#3295);
#3297=EDGE_CURVE('',#263,#261,#3296,.T.);
#3298=CARTESIAN_POINT('',(-0.03252809175103263,-0.0015,0.07852976026345938));
#3299=DIRECTION('',(-0.896872741532688,0,-0.4422886902190019));
#3300=VECTOR('',#3299,0.01111853196912431);
#3301=LINE('',#3298,#3300);
#3302=EDGE_CURVE('',#263,#279,#3301,.T.);
#3303=CARTESIAN_POINT('',(-0.04249999999999998,-0.0015,0.07361215932167729));
#3304=DIRECTION('',(-0.4619397662556423,0.38268343236508995,0.800103145191266));
#3305=VECTOR('',#3304,0.001148050297095268);
#3306=LINE('',#3303,#3305);
#3307=EDGE_CURVE('',#279,#281,#3306,.T.);
#3308=CARTESIAN_POINT('',(-0.04303033008588989,-0.0010606601717798216,0.07453071797522098));
#3309=DIRECTION('',(0.8968727415326885,0,0.442288690219001));
#3310=VECTOR('',#3309,0.011257272957692662);
#3311=LINE('',#3308,#3310);
#3312=EDGE_CURVE('',#281,#265,#3311,.T.);
#3313=CARTESIAN_POINT('',(-0.03293398882614228,-0.0010606601717798216,0.07950968248711665));
#3314=DIRECTION('',(0.3535533905932794,-0.3826834323650935,-0.8535533905932696));
#3315=VECTOR('',#3314,0.0011480502970952573);
#3316=LINE('',#3313,#3315);
#3317=EDGE_CURVE('',#265,#263,#3316,.T.);
#3318=CARTESIAN_POINT('',(-0.03293398882614228,-0.0010606601717798216,0.07950968248711665));
#3319=DIRECTION('',(-0.8968727415326885,0,-0.442288690219001));
#3320=VECTOR('',#3319,0.011257272957692662);
#3321=LINE('',#3318,#3320);
#3322=EDGE_CURVE('',#265,#281,#3321,.T.);
#3323=CARTESIAN_POINT('',(-0.04303033008588989,-0.0010606601717798216,0.07453071797522098));
#3324=DIRECTION('',(-0.1913417161825466,0.9238795325112847,0.33141357403559685));
#3325=VECTOR('',#3324,0.0011480502970952723);
#3326=LINE('',#3323,#3325);
#3327=EDGE_CURVE('',#281,#267,#3326,.T.);
#3328=CARTESIAN_POINT('',(-0.04324999999999998,0,0.07491119742735396));
#3329=DIRECTION('',(0.8968727415326884,0,0.44228869021900113));
#3330=VECTOR('',#3329,0.01131474135681473);
#3331=LINE('',#3328,#3330);
#3332=EDGE_CURVE('',#267,#251,#3331,.T.);
#3333=CARTESIAN_POINT('',(-0.033102116899580265,0,0.07991557956222631));
#3334=DIRECTION('',(0.146446609406727,-0.923879532511284,-0.35355339059328056));
#3335=VECTOR('',#3334,0.0011480502970952731);
#3336=LINE('',#3333,#3335);
#3337=EDGE_CURVE('',#251,#265,#3336,.T.);
#3338=CARTESIAN_POINT('',(-0.04324999999999998,0,0.07491119742735396));
#3339=DIRECTION('',(-0.8314696123025458,0,-0.5555702330196013));
#3340=VECTOR('',#3339,0.01131474135681477);
#3341=LINE('',#3338,#3340);
#3342=EDGE_CURVE('',#267,#283,#3341,.T.);
#3343=CARTESIAN_POINT('',(-0.05265786360925434,0,0.06862506393519185));
#3344=DIRECTION('',(0.23296291314453516,0.923879532511284,-0.3036031793409667));
#3345=VECTOR('',#3344,0.0011480502970952727);
#3346=LINE('',#3343,#3345);
#3347=EDGE_CURVE('',#283,#285,#3346,.T.);
#3348=CARTESIAN_POINT('',(-0.05239041046760658,0.0010606601717798212,0.06827651221495039));
#3349=DIRECTION('',(0.8314696123025457,0,0.5555702330196015));
#3350=VECTOR('',#3349,0.011257272957692705);
#3351=LINE('',#3348,#3350);
#3352=EDGE_CURVE('',#285,#269,#3351,.T.);
#3353=CARTESIAN_POINT('',(-0.04303033008588989,0.0010606601717798212,0.07453071797522098));
#3354=DIRECTION('',(-0.19134171618254664,-0.9238795325112845,0.3314135740355969));
#3355=VECTOR('',#3354,0.001148050297095272);
#3356=LINE('',#3353,#3355);
#3357=EDGE_CURVE('',#269,#267,#3356,.T.);
#3358=CARTESIAN_POINT('',(-0.04303033008588989,0.0010606601717798212,0.07453071797522098));
#3359=DIRECTION('',(-0.8314696123025457,0,-0.5555702330196015));
#3360=VECTOR('',#3359,0.011257272957692705);
#3361=LINE('',#3358,#3360);
#3362=EDGE_CURVE('',#269,#285,#3361,.T.);
#3363=CARTESIAN_POINT('',(-0.05239041046760658,0.0010606601717798212,0.06827651221495039));
#3364=DIRECTION('',(0.5624222244434822,0.38268343236509206,-0.7329629131445311));
#3365=VECTOR('',#3364,0.0011480502970952627);
#3366=LINE('',#3363,#3365);
#3367=EDGE_CURVE('',#285,#287,#3366,.T.);
#3368=CARTESIAN_POINT('',(-0.05174472146574126,0.0015,0.067435033924755));
#3369=DIRECTION('',(0.831469612302546,0,0.5555702330196011));
#3370=VECTOR('',#3369,0.011118531969124337);
#3371=LINE('',#3368,#3370);
#3372=EDGE_CURVE('',#287,#271,#3371,.T.);
#3373=CARTESIAN_POINT('',(-0.04249999999999998,0.0015,0.07361215932167729));
#3374=DIRECTION('',(-0.4619397662556423,-0.38268343236509034,0.800103145191266));
#3375=VECTOR('',#3374,0.001148050297095268);
#3376=LINE('',#3373,#3375);
#3377=EDGE_CURVE('',#271,#269,#3376,.T.);
#3378=CARTESIAN_POINT('',(-0.04249999999999998,0.0015,0.07361215932167729));
#3379=DIRECTION('',(-0.831469612302546,0,-0.5555702330196011));
#3380=VECTOR('',#3379,0.011118531969124337);
#3381=LINE('',#3378,#3380);
#3382=EDGE_CURVE('',#271,#287,#3381,.T.);
#3383=CARTESIAN_POINT('',(-0.05174472146574126,0.0015,0.067435033924755));
#3384=DIRECTION('',(0.5624222244434772,-0.38268343236508845,-0.7329629131445368));
#3385=VECTOR('',#3384,0.001148050297095273);
#3386=LINE('',#3383,#3385);
#3387=EDGE_CURVE('',#287,#289,#3386,.T.);
#3388=CARTESIAN_POINT('',(-0.05109903246387594,0.0010606601717798214,0.0665935556345596));
#3389=DIRECTION('',(0.8314696123025458,0,0.5555702330196015));
#3390=VECTOR('',#3389,0.010979790980555976);
#3391=LINE('',#3388,#3390);
#3392=EDGE_CURVE('',#289,#273,#3391,.T.);
#3393=CARTESIAN_POINT('',(-0.041969669914110073,0.0010606601717798214,0.0726936006681336));
#3394=DIRECTION('',(-0.4619397662556423,0.3826834323650901,0.800103145191266));
#3395=VECTOR('',#3394,0.001148050297095268);
#3396=LINE('',#3393,#3395);
#3397=EDGE_CURVE('',#273,#271,#3396,.T.);
#3398=CARTESIAN_POINT('',(-0.041969669914110073,0.0010606601717798214,0.0726936006681336));
#3399=DIRECTION('',(-0.8314696123025458,0,-0.5555702330196015));
#3400=VECTOR('',#3399,0.010979790980555976);
#3401=LINE('',#3398,#3400);
#3402=EDGE_CURVE('',#273,#289,#3401,.T.);
#3403=CARTESIAN_POINT('',(-0.05109903246387594,0.0010606601717798214,0.0665935556345596));
#3404=DIRECTION('',(0.232962913144536,-0.9238795325112873,-0.3036031793409557));
#3405=VECTOR('',#3404,0.0011480502970952686);
#3406=LINE('',#3403,#3405);
#3407=EDGE_CURVE('',#289,#291,#3406,.T.);
#3408=CARTESIAN_POINT('',(-0.050831579322228176,1.8369701987210298e-19,0.06624500391431815));
#3409=DIRECTION('',(0.8314696123025456,0,0.5555702330196016));
#3410=VECTOR('',#3409,0.010922322581433913);
#3411=LINE('',#3408,#3410);
#3412=EDGE_CURVE('',#291,#275,#3411,.T.);
#3413=CARTESIAN_POINT('',(-0.04174999999999998,1.8369701987210298e-19,0.07231312121600064));
#3414=DIRECTION('',(-0.19134171618254744,0.9238795325112883,0.3314135740355862));
#3415=VECTOR('',#3414,0.0011480502970952673);
#3416=LINE('',#3413,#3415);
#3417=EDGE_CURVE('',#275,#273,#3416,.T.);
#3418=CARTESIAN_POINT('',(-0.04174999999999998,1.8369701987210298e-19,0.07231312121600064));
#3419=DIRECTION('',(-0.8314696123025456,0,-0.5555702330196016));
#3420=VECTOR('',#3419,0.010922322581433913);
#3421=LINE('',#3418,#3420);
#3422=EDGE_CURVE('',#275,#291,#3421,.T.);
#3423=CARTESIAN_POINT('',(-0.050831579322228176,1.8369701987210298e-19,0.06624500391431815));
#3424=DIRECTION('',(-0.23296291314453593,-0.9238795325112873,0.30360317934095565));
#3425=VECTOR('',#3424,0.0011480502970952688);
#3426=LINE('',#3423,#3425);
#3427=EDGE_CURVE('',#291,#293,#3426,.T.);
#3428=CARTESIAN_POINT('',(-0.05109903246387594,-0.0010606601717798212,0.0665935556345596));
#3429=DIRECTION('',(0.8314696123025458,0,0.5555702330196015));
#3430=VECTOR('',#3429,0.010979790980555976);
#3431=LINE('',#3428,#3430);
#3432=EDGE_CURVE('',#293,#277,#3431,.T.);
#3433=CARTESIAN_POINT('',(-0.041969669914110073,-0.0010606601717798212,0.0726936006681336));
#3434=DIRECTION('',(0.19134171618254742,0.9238795325112883,-0.33141357403558613));
#3435=VECTOR('',#3434,0.0011480502970952675);
#3436=LINE('',#3433,#3435);
#3437=EDGE_CURVE('',#277,#275,#3436,.T.);
#3438=CARTESIAN_POINT('',(-0.041969669914110073,-0.0010606601717798212,0.0726936006681336));
#3439=DIRECTION('',(-0.8314696123025458,0,-0.5555702330196015));
#3440=VECTOR('',#3439,0.010979790980555976);
#3441=LINE('',#3438,#3440);
#3442=EDGE_CURVE('',#277,#293,#3441,.T.);
#3443=CARTESIAN_POINT('',(-0.05109903246387594,-0.0010606601717798212,0.0665935556345596));
#3444=DIRECTION('',(-0.5624222244434772,-0.38268343236508867,0.7329629131445368));
#3445=VECTOR('',#3444,0.001148050297095273);
#3446=LINE('',#3443,#3445);
#3447=EDGE_CURVE('',#293,#295,#3446,.T.);
#3448=CARTESIAN_POINT('',(-0.05174472146574126,-0.0015,0.067435033924755));
#3449=DIRECTION('',(0.831469612302546,0,0.5555702330196011));
#3450=VECTOR('',#3449,0.011118531969124337);
#3451=LINE('',#3448,#3450);
#3452=EDGE_CURVE('',#295,#279,#3451,.T.);
#3453=CARTESIAN_POINT('',(-0.04249999999999998,-0.0015,0.07361215932167729));
#3454=DIRECTION('',(0.4619397662556423,0.38268343236509034,-0.800103145191266));
#3455=VECTOR('',#3454,0.001148050297095268);
#3456=LINE('',#3453,#3455);
#3457=EDGE_CURVE('',#279,#277,#3456,.T.);
#3458=CARTESIAN_POINT('',(-0.04249999999999998,-0.0015,0.07361215932167729));
#3459=DIRECTION('',(-0.831469612302546,0,-0.5555702330196011));
#3460=VECTOR('',#3459,0.011118531969124337);
#3461=LINE('',#3458,#3460);
#3462=EDGE_CURVE('',#279,#295,#3461,.T.);
#3463=CARTESIAN_POINT('',(-0.05174472146574126,-0.0015,0.067435033924755));
#3464=DIRECTION('',(-0.5624222244434822,0.38268343236509167,0.7329629131445311));
#3465=VECTOR('',#3464,0.0011480502970952627);
#3466=LINE('',#3463,#3465);
#3467=EDGE_CURVE('',#295,#297,#3466,.T.);
#3468=CARTESIAN_POINT('',(-0.05239041046760658,-0.0010606601717798216,0.06827651221495039));
#3469=DIRECTION('',(0.8314696123025457,0,0.5555702330196015));
#3470=VECTOR('',#3469,0.011257272957692705);
#3471=LINE('',#3468,#3470);
#3472=EDGE_CURVE('',#297,#281,#3471,.T.);
#3473=CARTESIAN_POINT('',(-0.04303033008588989,-0.0010606601717798216,0.07453071797522098));
#3474=DIRECTION('',(0.4619397662556423,-0.38268343236508995,-0.800103145191266));
#3475=VECTOR('',#3474,0.001148050297095268);
#3476=LINE('',#3473,#3475);
#3477=EDGE_CURVE('',#281,#279,#3476,.T.);
#3478=CARTESIAN_POINT('',(-0.04303033008588989,-0.0010606601717798216,0.07453071797522098));
#3479=DIRECTION('',(-0.8314696123025457,0,-0.5555702330196015));
#3480=VECTOR('',#3479,0.011257272957692705);
#3481=LINE('',#3478,#3480);
#3482=EDGE_CURVE('',#281,#297,#3481,.T.);
#3483=CARTESIAN_POINT('',(-0.05239041046760658,-0.0010606601717798216,0.06827651221495039));
#3484=DIRECTION('',(-0.23296291314453507,0.923879532511284,0.3036031793409666));
#3485=VECTOR('',#3484,0.0011480502970952731);
#3486=LINE('',#3483,#3485);
#3487=EDGE_CURVE('',#297,#283,#3486,.T.);
#3488=CARTESIAN_POINT('',(-0.05265786360925434,0,0.06862506393519185));
#3489=DIRECTION('',(0.8314696123025458,0,0.5555702330196013));
#3490=VECTOR('',#3489,0.01131474135681477);
#3491=LINE('',#3488,#3490);
#3492=EDGE_CURVE('',#283,#267,#3491,.T.);
#3493=CARTESIAN_POINT('',(-0.04324999999999998,0,0.07491119742735396));
#3494=DIRECTION('',(0.1913417161825466,-0.9238795325112847,-0.33141357403559685));
#3495=VECTOR('',#3494,0.0011480502970952723);
#3496=LINE('',#3493,#3495);
#3497=EDGE_CURVE('',#267,#281,#3496,.T.);
#3498=CARTESIAN_POINT('',(-0.05265786360925434,0,0.06862506393519185));
#3499=DIRECTION('',(-0.751839807478977,0,-0.6593458151000692));
#3500=VECTOR('',#3499,0.011314741356814746);
#3501=LINE('',#3498,#3500);
#3502=EDGE_CURVE('',#283,#299,#3501,.T.);
#3503=CARTESIAN_POINT('',(-0.06116473657263636,0,0.06116473657263637));
#3504=DIRECTION('',(0.27059805007309995,0.9238795325112842,-0.270598050073106));
#3505=VECTOR('',#3504,0.0011480502970952725);
#3506=LINE('',#3503,#3505);
#3507=EDGE_CURVE('',#299,#301,#3506,.T.);
#3508=CARTESIAN_POINT('',(-0.060854076400856535,0.0010606601717798212,0.06085407640085654));
#3509=DIRECTION('',(0.751839807478977,0,0.6593458151000692));
#3510=VECTOR('',#3509,0.011257272957692679);
#3511=LINE('',#3508,#3510);
#3512=EDGE_CURVE('',#301,#285,#3511,.T.);
#3513=CARTESIAN_POINT('',(-0.05239041046760658,0.0010606601717798212,0.06827651221495039));
#3514=DIRECTION('',(-0.23296291314453516,-0.923879532511284,0.3036031793409667));
#3515=VECTOR('',#3514,0.0011480502970952727);
#3516=LINE('',#3513,#3515);
#3517=EDGE_CURVE('',#285,#283,#3516,.T.);
#3518=CARTESIAN_POINT('',(-0.05239041046760658,0.0010606601717798212,0.06827651221495039));
#3519=DIRECTION('',(-0.751839807478977,0,-0.6593458151000692));
#3520=VECTOR('',#3519,0.011257272957692679);
#3521=LINE('',#3518,#3520);
#3522=EDGE_CURVE('',#285,#301,#3521,.T.);
#3523=CARTESIAN_POINT('',(-0.060854076400856535,0.0010606601717798212,0.06085407640085654));
#3524=DIRECTION('',(0.6532814824381874,0.38268343236509256,-0.6532814824381874));
#3525=VECTOR('',#3524,0.0011480502970952612);
#3526=LINE('',#3523,#3525);
#3527=EDGE_CURVE('',#301,#303,#3526,.T.);
#3528=CARTESIAN_POINT('',(-0.06010407640085654,0.0015,0.06010407640085655));
#3529=DIRECTION('',(0.7518398074789772,0,0.6593458151000691));
#3530=VECTOR('',#3529,0.011118531969124322);
#3531=LINE('',#3528,#3530);
#3532=EDGE_CURVE('',#303,#287,#3531,.T.);
#3533=CARTESIAN_POINT('',(-0.05174472146574126,0.0015,0.067435033924755));
#3534=DIRECTION('',(-0.5624222244434822,-0.38268343236509206,0.7329629131445311));
#3535=VECTOR('',#3534,0.0011480502970952627);
#3536=LINE('',#3533,#3535);
#3537=EDGE_CURVE('',#287,#285,#3536,.T.);
#3538=CARTESIAN_POINT('',(-0.05174472146574126,0.0015,0.067435033924755));
#3539=DIRECTION('',(-0.7518398074789772,0,-0.6593458151000691));
#3540=VECTOR('',#3539,0.011118531969124322);
#3541=LINE('',#3538,#3540);
#3542=EDGE_CURVE('',#287,#303,#3541,.T.);
#3543=CARTESIAN_POINT('',(-0.06010407640085654,0.0015,0.06010407640085655));
#3544=DIRECTION('',(0.6532814824381884,-0.3826834323650894,-0.6532814824381884));
#3545=VECTOR('',#3544,0.0011480502970952701);
#3546=LINE('',#3543,#3545);
#3547=EDGE_CURVE('',#303,#305,#3546,.T.);
#3548=CARTESIAN_POINT('',(-0.05935407640085654,0.0010606601717798214,0.05935407640085655));
#3549=DIRECTION('',(0.7518398074789774,0,0.6593458151000688));
#3550=VECTOR('',#3549,0.010979790980555954);
#3551=LINE('',#3548,#3550);
#3552=EDGE_CURVE('',#305,#289,#3551,.T.);
#3553=CARTESIAN_POINT('',(-0.05109903246387594,0.0010606601717798214,0.0665935556345596));
#3554=DIRECTION('',(-0.5624222244434772,0.38268343236508845,0.7329629131445368));
#3555=VECTOR('',#3554,0.001148050297095273);
#3556=LINE('',#3553,#3555);
#3557=EDGE_CURVE('',#289,#287,#3556,.T.);
#3558=CARTESIAN_POINT('',(-0.05109903246387594,0.0010606601717798214,0.0665935556345596));
#3559=DIRECTION('',(-0.7518398074789774,0,-0.6593458151000688));
#3560=VECTOR('',#3559,0.010979790980555954);
#3561=LINE('',#3558,#3560);
#3562=EDGE_CURVE('',#289,#305,#3561,.T.);
#3563=CARTESIAN_POINT('',(-0.05935407640085654,0.0010606601717798214,0.05935407640085655));
#3564=DIRECTION('',(0.2705980500731004,-0.9238795325112857,-0.2705980500731004));
#3565=VECTOR('',#3564,0.0011480502970952705);
#3566=LINE('',#3563,#3565);
#3567=EDGE_CURVE('',#305,#307,#3566,.T.);
#3568=CARTESIAN_POINT('',(-0.05904341622907672,1.8369701987210298e-19,0.059043416229076724));
#3569=DIRECTION('',(0.751839807478977,0,0.6593458151000692));
#3570=VECTOR('',#3569,0.010922322581433892);
#3571=LINE('',#3568,#3570);
#3572=EDGE_CURVE('',#307,#291,#3571,.T.);
#3573=CARTESIAN_POINT('',(-0.050831579322228176,1.8369701987210298e-19,0.06624500391431815));
#3574=DIRECTION('',(-0.232962913144536,0.9238795325112873,0.3036031793409557));
#3575=VECTOR('',#3574,0.0011480502970952686);
#3576=LINE('',#3573,#3575);
#3577=EDGE_CURVE('',#291,#289,#3576,.T.);
#3578=CARTESIAN_POINT('',(-0.050831579322228176,1.8369701987210298e-19,0.06624500391431815));
#3579=DIRECTION('',(-0.751839807478977,0,-0.6593458151000692));
#3580=VECTOR('',#3579,0.010922322581433892);
#3581=LINE('',#3578,#3580);
#3582=EDGE_CURVE('',#291,#307,#3581,.T.);
#3583=CARTESIAN_POINT('',(-0.05904341622907672,1.8369701987210298e-19,0.059043416229076724));
#3584=DIRECTION('',(-0.27059805007310034,-0.9238795325112857,0.27059805007310034));
#3585=VECTOR('',#3584,0.0011480502970952708);
#3586=LINE('',#3583,#3585);
#3587=EDGE_CURVE('',#307,#309,#3586,.T.);
#3588=CARTESIAN_POINT('',(-0.05935407640085654,-0.0010606601717798212,0.05935407640085655));
#3589=DIRECTION('',(0.7518398074789774,0,0.6593458151000688));
#3590=VECTOR('',#3589,0.010979790980555954);
#3591=LINE('',#3588,#3590);
#3592=EDGE_CURVE('',#309,#293,#3591,.T.);
#3593=CARTESIAN_POINT('',(-0.05109903246387594,-0.0010606601717798212,0.0665935556345596));
#3594=DIRECTION('',(0.23296291314453593,0.9238795325112873,-0.30360317934095565));
#3595=VECTOR('',#3594,0.0011480502970952688);
#3596=LINE('',#3593,#3595);
#3597=EDGE_CURVE('',#293,#291,#3596,.T.);
#3598=CARTESIAN_POINT('',(-0.05109903246387594,-0.0010606601717798212,0.0665935556345596));
#3599=DIRECTION('',(-0.7518398074789774,0,-0.6593458151000688));
#3600=VECTOR('',#3599,0.010979790980555954);
#3601=LINE('',#3598,#3600);
#3602=EDGE_CURVE('',#293,#309,#3601,.T.);
#3603=CARTESIAN_POINT('',(-0.05935407640085654,-0.0010606601717798212,0.05935407640085655));
#3604=DIRECTION('',(-0.6532814824381884,-0.3826834323650896,0.6532814824381884));
#3605=VECTOR('',#3604,0.0011480502970952701);
#3606=LINE('',#3603,#3605);
#3607=EDGE_CURVE('',#309,#311,#3606,.T.);
#3608=CARTESIAN_POINT('',(-0.06010407640085654,-0.0015,0.06010407640085655));
#3609=DIRECTION('',(0.7518398074789772,0,0.6593458151000691));
#3610=VECTOR('',#3609,0.011118531969124322);
#3611=LINE('',#3608,#3610);
#3612=EDGE_CURVE('',#311,#295,#3611,.T.);
#3613=CARTESIAN_POINT('',(-0.05174472146574126,-0.0015,0.067435033924755));
#3614=DIRECTION('',(0.5624222244434772,0.38268343236508867,-0.7329629131445368));
#3615=VECTOR('',#3614,0.001148050297095273);
#3616=LINE('',#3613,#3615);
#3617=EDGE_CURVE('',#295,#293,#3616,.T.);
#3618=CARTESIAN_POINT('',(-0.05174472146574126,-0.0015,0.067435033924755));
#3619=DIRECTION('',(-0.7518398074789772,0,-0.6593458151000691));
#3620=VECTOR('',#3619,0.011118531969124322);
#3621=LINE('',#3618,#3620);
#3622=EDGE_CURVE('',#295,#311,#3621,.T.);
#3623=CARTESIAN_POINT('',(-0.06010407640085654,-0.0015,0.06010407640085655));
#3624=DIRECTION('',(-0.6532814824381875,0.3826834323650923,0.6532814824381875));
#3625=VECTOR('',#3624,0.001148050297095261);
#3626=LINE('',#3623,#3625);
#3627=EDGE_CURVE('',#311,#313,#3626,.T.);
#3628=CARTESIAN_POINT('',(-0.060854076400856535,-0.0010606601717798216,0.06085407640085654));
#3629=DIRECTION('',(0.751839807478977,0,0.6593458151000692));
#3630=VECTOR('',#3629,0.011257272957692679);
#3631=LINE('',#3628,#3630);
#3632=EDGE_CURVE('',#313,#297,#3631,.T.);
#3633=CARTESIAN_POINT('',(-0.05239041046760658,-0.0010606601717798216,0.06827651221495039));
#3634=DIRECTION('',(0.5624222244434822,-0.38268343236509167,-0.7329629131445311));
#3635=VECTOR('',#3634,0.0011480502970952627);
#3636=LINE('',#3633,#3635);
#3637=EDGE_CURVE('',#297,#295,#3636,.T.);
#3638=CARTESIAN_POINT('',(-0.05239041046760658,-0.0010606601717798216,0.06827651221495039));
#3639=DIRECTION('',(-0.751839807478977,0,-0.6593458151000692));
#3640=VECTOR('',#3639,0.011257272957692679);
#3641=LINE('',#3638,#3640);
#3642=EDGE_CURVE('',#297,#313,#3641,.T.);
#3643=CARTESIAN_POINT('',(-0.060854076400856535,-0.0010606601717798216,0.06085407640085654));
#3644=DIRECTION('',(-0.2705980500730999,0.9238795325112843,0.27059805007310594));
#3645=VECTOR('',#3644,0.0011480502970952727);
#3646=LINE('',#3643,#3645);
#3647=EDGE_CURVE('',#313,#299,#3646,.T.);
#3648=CARTESIAN_POINT('',(-0.06116473657263636,0,0.06116473657263637));
#3649=DIRECTION('',(0.751839807478977,0,0.6593458151000692));
#3650=VECTOR('',#3649,0.011314741356814746);
#3651=LINE('',#3648,#3650);
#3652=EDGE_CURVE('',#299,#283,#3651,.T.);
#3653=CARTESIAN_POINT('',(-0.05265786360925434,0,0.06862506393519185));
#3654=DIRECTION('',(0.23296291314453507,-0.923879532511284,-0.3036031793409666));
#3655=VECTOR('',#3654,0.0011480502970952731);
#3656=LINE('',#3653,#3655);
#3657=EDGE_CURVE('',#283,#297,#3656,.T.);
#3658=CARTESIAN_POINT('',(-0.06116473657263636,0,0.06116473657263637));
#3659=DIRECTION('',(-0.6593458151000695,0,-0.7518398074789768));
#3660=VECTOR('',#3659,0.01131474135681474);
#3661=LINE('',#3658,#3660);
#3662=EDGE_CURVE('',#299,#315,#3661,.T.);
#3663=CARTESIAN_POINT('',(-0.06862506393519184,0,0.05265786360925436));
#3664=DIRECTION('',(0.3036031793409667,0.923879532511284,-0.23296291314453516));
#3665=VECTOR('',#3664,0.0011480502970952727);
#3666=LINE('',#3663,#3665);
#3667=EDGE_CURVE('',#315,#317,#3666,.T.);
#3668=CARTESIAN_POINT('',(-0.06827651221495037,0.0010606601717798212,0.0523904104676066));
#3669=DIRECTION('',(0.6593458151000695,0,0.7518398074789768));
#3670=VECTOR('',#3669,0.011257272957692663);
#3671=LINE('',#3668,#3670);
#3672=EDGE_CURVE('',#317,#301,#3671,.T.);
#3673=CARTESIAN_POINT('',(-0.060854076400856535,0.0010606601717798212,0.06085407640085654));
#3674=DIRECTION('',(-0.27059805007309995,-0.9238795325112842,0.270598050073106));
#3675=VECTOR('',#3674,0.0011480502970952725);
#3676=LINE('',#3673,#3675);
#3677=EDGE_CURVE('',#301,#299,#3676,.T.);
#3678=CARTESIAN_POINT('',(-0.060854076400856535,0.0010606601717798212,0.06085407640085654));
#3679=DIRECTION('',(-0.6593458151000695,0,-0.7518398074789768));
#3680=VECTOR('',#3679,0.011257272957692663);
#3681=LINE('',#3678,#3680);
#3682=EDGE_CURVE('',#301,#317,#3681,.T.);
#3683=CARTESIAN_POINT('',(-0.06827651221495037,0.0010606601717798212,0.0523904104676066));
#3684=DIRECTION('',(0.7329629131445311,0.38268343236509206,-0.5624222244434822));
#3685=VECTOR('',#3684,0.0011480502970952627);
#3686=LINE('',#3683,#3685);
#3687=EDGE_CURVE('',#317,#319,#3686,.T.);
#3688=CARTESIAN_POINT('',(-0.06743503392475499,0.0015,0.05174472146574128));
#3689=DIRECTION('',(0.6593458151000693,0,0.751839807478977));
#3690=VECTOR('',#3689,0.011118531969124306);
#3691=LINE('',#3688,#3690);
#3692=EDGE_CURVE('',#319,#303,#3691,.T.);
#3693=CARTESIAN_POINT('',(-0.06010407640085654,0.0015,0.06010407640085655));
#3694=DIRECTION('',(-0.6532814824381874,-0.38268343236509256,0.6532814824381874));
#3695=VECTOR('',#3694,0.0011480502970952612);
#3696=LINE('',#3693,#3695);
#3697=EDGE_CURVE('',#303,#301,#3696,.T.);
#3698=CARTESIAN_POINT('',(-0.06010407640085654,0.0015,0.06010407640085655));
#3699=DIRECTION('',(-0.6593458151000693,0,-0.751839807478977));
#3700=VECTOR('',#3699,0.011118531969124306);
#3701=LINE('',#3698,#3700);
#3702=EDGE_CURVE('',#303,#319,#3701,.T.);
#3703=CARTESIAN_POINT('',(-0.06743503392475499,0.0015,0.05174472146574128));
#3704=DIRECTION('',(0.7329629131445368,-0.38268343236508845,-0.5624222244434772));
#3705=VECTOR('',#3704,0.001148050297095273);
#3706=LINE('',#3703,#3705);
#3707=EDGE_CURVE('',#319,#321,#3706,.T.);
#3708=CARTESIAN_POINT('',(-0.06659355563455958,0.0010606601717798214,0.05109903246387596));
#3709=DIRECTION('',(0.6593458151000692,0,0.7518398074789772));
#3710=VECTOR('',#3709,0.010979790980555938);
#3711=LINE('',#3708,#3710);
#3712=EDGE_CURVE('',#321,#305,#3711,.T.);
#3713=CARTESIAN_POINT('',(-0.05935407640085654,0.0010606601717798214,0.05935407640085655));
#3714=DIRECTION('',(-0.6532814824381884,0.3826834323650894,0.6532814824381884));
#3715=VECTOR('',#3714,0.0011480502970952701);
#3716=LINE('',#3713,#3715);
#3717=EDGE_CURVE('',#305,#303,#3716,.T.);
#3718=CARTESIAN_POINT('',(-0.05935407640085654,0.0010606601717798214,0.05935407640085655));
#3719=DIRECTION('',(-0.6593458151000692,0,-0.7518398074789772));
#3720=VECTOR('',#3719,0.010979790980555938);
#3721=LINE('',#3718,#3720);
#3722=EDGE_CURVE('',#305,#321,#3721,.T.);
#3723=CARTESIAN_POINT('',(-0.06659355563455958,0.0010606601717798214,0.05109903246387596));
#3724=DIRECTION('',(0.3036031793409557,-0.9238795325112873,-0.232962913144536));
#3725=VECTOR('',#3724,0.0011480502970952686);
#3726=LINE('',#3723,#3725);
#3727=EDGE_CURVE('',#321,#323,#3726,.T.);
#3728=CARTESIAN_POINT('',(-0.06624500391431813,1.8369701987210298e-19,0.0508315793222282));
#3729=DIRECTION('',(0.6593458151000695,0,0.7518398074789768));
#3730=VECTOR('',#3729,0.010922322581433877);
#3731=LINE('',#3728,#3730);
#3732=EDGE_CURVE('',#323,#307,#3731,.T.);
#3733=CARTESIAN_POINT('',(-0.05904341622907672,1.8369701987210298e-19,0.059043416229076724));
#3734=DIRECTION('',(-0.2705980500731004,0.9238795325112857,0.2705980500731004));
#3735=VECTOR('',#3734,0.0011480502970952705);
#3736=LINE('',#3733,#3735);
#3737=EDGE_CURVE('',#307,#305,#3736,.T.);
#3738=CARTESIAN_POINT('',(-0.05904341622907672,1.8369701987210298e-19,0.059043416229076724));
#3739=DIRECTION('',(-0.6593458151000695,0,-0.7518398074789768));
#3740=VECTOR('',#3739,0.010922322581433877);
#3741=LINE('',#3738,#3740);
#3742=EDGE_CURVE('',#307,#323,#3741,.T.);
#3743=CARTESIAN_POINT('',(-0.06624500391431813,1.8369701987210298e-19,0.0508315793222282));
#3744=DIRECTION('',(-0.30360317934095565,-0.9238795325112873,0.23296291314453593));
#3745=VECTOR('',#3744,0.0011480502970952688);
#3746=LINE('',#3743,#3745);
#3747=EDGE_CURVE('',#323,#325,#3746,.T.);
#3748=CARTESIAN_POINT('',(-0.06659355563455958,-0.0010606601717798212,0.05109903246387596));
#3749=DIRECTION('',(0.6593458151000692,0,0.7518398074789772));
#3750=VECTOR('',#3749,0.010979790980555938);
#3751=LINE('',#3748,#3750);
#3752=EDGE_CURVE('',#325,#309,#3751,.T.);
#3753=CARTESIAN_POINT('',(-0.05935407640085654,-0.0010606601717798212,0.05935407640085655));
#3754=DIRECTION('',(0.27059805007310034,0.9238795325112857,-0.27059805007310034));
#3755=VECTOR('',#3754,0.0011480502970952708);
#3756=LINE('',#3753,#3755);
#3757=EDGE_CURVE('',#309,#307,#3756,.T.);
#3758=CARTESIAN_POINT('',(-0.05935407640085654,-0.0010606601717798212,0.05935407640085655));
#3759=DIRECTION('',(-0.6593458151000692,0,-0.7518398074789772));
#3760=VECTOR('',#3759,0.010979790980555938);
#3761=LINE('',#3758,#3760);
#3762=EDGE_CURVE('',#309,#325,#3761,.T.);
#3763=CARTESIAN_POINT('',(-0.06659355563455958,-0.0010606601717798212,0.05109903246387596));
#3764=DIRECTION('',(-0.7329629131445368,-0.38268343236508867,0.5624222244434772));
#3765=VECTOR('',#3764,0.001148050297095273);
#3766=LINE('',#3763,#3765);
#3767=EDGE_CURVE('',#325,#327,#3766,.T.);
#3768=CARTESIAN_POINT('',(-0.06743503392475499,-0.0015,0.05174472146574128));
#3769=DIRECTION('',(0.6593458151000693,0,0.751839807478977));
#3770=VECTOR('',#3769,0.011118531969124306);
#3771=LINE('',#3768,#3770);
#3772=EDGE_CURVE('',#327,#311,#3771,.T.);
#3773=CARTESIAN_POINT('',(-0.06010407640085654,-0.0015,0.06010407640085655));
#3774=DIRECTION('',(0.6532814824381884,0.3826834323650896,-0.6532814824381884));
#3775=VECTOR('',#3774,0.0011480502970952701);
#3776=LINE('',#3773,#3775);
#3777=EDGE_CURVE('',#311,#309,#3776,.T.);
#3778=CARTESIAN_POINT('',(-0.06010407640085654,-0.0015,0.06010407640085655));
#3779=DIRECTION('',(-0.6593458151000693,0,-0.751839807478977));
#3780=VECTOR('',#3779,0.011118531969124306);
#3781=LINE('',#3778,#3780);
#3782=EDGE_CURVE('',#311,#327,#3781,.T.);
#3783=CARTESIAN_POINT('',(-0.06743503392475499,-0.0015,0.05174472146574128));
#3784=DIRECTION('',(-0.7329629131445311,0.38268343236509167,0.5624222244434822));
#3785=VECTOR('',#3784,0.0011480502970952627);
#3786=LINE('',#3783,#3785);
#3787=EDGE_CURVE('',#327,#329,#3786,.T.);
#3788=CARTESIAN_POINT('',(-0.06827651221495037,-0.0010606601717798216,0.0523904104676066));
#3789=DIRECTION('',(0.6593458151000695,0,0.7518398074789768));
#3790=VECTOR('',#3789,0.011257272957692663);
#3791=LINE('',#3788,#3790);
#3792=EDGE_CURVE('',#329,#313,#3791,.T.);
#3793=CARTESIAN_POINT('',(-0.060854076400856535,-0.0010606601717798216,0.06085407640085654));
#3794=DIRECTION('',(0.6532814824381875,-0.3826834323650923,-0.6532814824381875));
#3795=VECTOR('',#3794,0.001148050297095261);
#3796=LINE('',#3793,#3795);
#3797=EDGE_CURVE('',#313,#311,#3796,.T.);
#3798=CARTESIAN_POINT('',(-0.060854076400856535,-0.0010606601717798216,0.06085407640085654));
#3799=DIRECTION('',(-0.6593458151000695,0,-0.7518398074789768));
#3800=VECTOR('',#3799,0.011257272957692663);
#3801=LINE('',#3798,#3800);
#3802=EDGE_CURVE('',#313,#329,#3801,.T.);
#3803=CARTESIAN_POINT('',(-0.06827651221495037,-0.0010606601717798216,0.0523904104676066));
#3804=DIRECTION('',(-0.3036031793409666,0.923879532511284,0.23296291314453507));
#3805=VECTOR('',#3804,0.0011480502970952731);
#3806=LINE('',#3803,#3805);
#3807=EDGE_CURVE('',#329,#315,#3806,.T.);
#3808=CARTESIAN_POINT('',(-0.06862506393519184,0,0.05265786360925436));
#3809=DIRECTION('',(0.6593458151000695,0,0.7518398074789768));
#3810=VECTOR('',#3809,0.01131474135681474);
#3811=LINE('',#3808,#3810);
#3812=EDGE_CURVE('',#315,#299,#3811,.T.);
#3813=CARTESIAN_POINT('',(-0.06116473657263636,0,0.06116473657263637));
#3814=DIRECTION('',(0.2705980500730999,-0.9238795325112843,-0.27059805007310594));
#3815=VECTOR('',#3814,0.0011480502970952727);
#3816=LINE('',#3813,#3815);
#3817=EDGE_CURVE('',#299,#313,#3816,.T.);
#3818=CARTESIAN_POINT('',(-0.06862506393519184,0,0.05265786360925436));
#3819=DIRECTION('',(-0.555570233019602,0,-0.8314696123025455));
#3820=VECTOR('',#3819,0.011314741356814782);
#3821=LINE('',#3818,#3820);
#3822=EDGE_CURVE('',#315,#331,#3821,.T.);
#3823=CARTESIAN_POINT('',(-0.07491119742735396,0,0.04325));
#3824=DIRECTION('',(0.3314135740355969,0.9238795325112845,-0.19134171618254664));
#3825=VECTOR('',#3824,0.001148050297095272);
#3826=LINE('',#3823,#3825);
#3827=EDGE_CURVE('',#331,#333,#3826,.T.);
#3828=CARTESIAN_POINT('',(-0.07453071797522098,0.0010606601717798212,0.043030330085889905));
#3829=DIRECTION('',(0.5555702330196021,0,0.8314696123025453));
#3830=VECTOR('',#3829,0.011257272957692719);
#3831=LINE('',#3828,#3830);
#3832=EDGE_CURVE('',#333,#317,#3831,.T.);
#3833=CARTESIAN_POINT('',(-0.06827651221495037,0.0010606601717798212,0.0523904104676066));
#3834=DIRECTION('',(-0.3036031793409667,-0.923879532511284,0.23296291314453516));
#3835=VECTOR('',#3834,0.0011480502970952727);
#3836=LINE('',#3833,#3835);
#3837=EDGE_CURVE('',#317,#315,#3836,.T.);
#3838=CARTESIAN_POINT('',(-0.06827651221495037,0.0010606601717798212,0.0523904104676066));
#3839=DIRECTION('',(-0.5555702330196021,0,-0.8314696123025453));
#3840=VECTOR('',#3839,0.011257272957692719);
#3841=LINE('',#3838,#3840);
#3842=EDGE_CURVE('',#317,#333,#3841,.T.);
#3843=CARTESIAN_POINT('',(-0.07453071797522098,0.0010606601717798212,0.043030330085889905));
#3844=DIRECTION('',(0.800103145191266,0.38268343236509034,-0.4619397662556423));
#3845=VECTOR('',#3844,0.001148050297095268);
#3846=LINE('',#3843,#3845);
#3847=EDGE_CURVE('',#333,#335,#3846,.T.);
#3848=CARTESIAN_POINT('',(-0.07361215932167729,0.0015,0.042499999999999996));
#3849=DIRECTION('',(0.5555702330196016,0,0.8314696123025456));
#3850=VECTOR('',#3849,0.011118531969124351);
#3851=LINE('',#3848,#3850);
#3852=EDGE_CURVE('',#335,#319,#3851,.T.);
#3853=CARTESIAN_POINT('',(-0.06743503392475499,0.0015,0.05174472146574128));
#3854=DIRECTION('',(-0.7329629131445311,-0.38268343236509206,0.5624222244434822));
#3855=VECTOR('',#3854,0.0011480502970952627);
#3856=LINE('',#3853,#3855);
#3857=EDGE_CURVE('',#319,#317,#3856,.T.);
#3858=CARTESIAN_POINT('',(-0.06743503392475499,0.0015,0.05174472146574128));
#3859=DIRECTION('',(-0.5555702330196016,0,-0.8314696123025456));
#3860=VECTOR('',#3859,0.011118531969124351);
#3861=LINE('',#3858,#3860);
#3862=EDGE_CURVE('',#319,#335,#3861,.T.);
#3863=CARTESIAN_POINT('',(-0.07361215932167729,0.0015,0.042499999999999996));
#3864=DIRECTION('',(0.800103145191266,-0.3826834323650901,-0.4619397662556423));
#3865=VECTOR('',#3864,0.001148050297095268);
#3866=LINE('',#3863,#3865);
#3867=EDGE_CURVE('',#335,#337,#3866,.T.);
#3868=CARTESIAN_POINT('',(-0.0726936006681336,0.0010606601717798214,0.04196966991411009));
#3869=DIRECTION('',(0.5555702330196021,0,0.8314696123025452));
#3870=VECTOR('',#3869,0.010979790980555992);
#3871=LINE('',#3868,#3870);
#3872=EDGE_CURVE('',#337,#321,#3871,.T.);
#3873=CARTESIAN_POINT('',(-0.06659355563455958,0.0010606601717798214,0.05109903246387596));
#3874=DIRECTION('',(-0.7329629131445368,0.38268343236508845,0.5624222244434772));
#3875=VECTOR('',#3874,0.001148050297095273);
#3876=LINE('',#3873,#3875);
#3877=EDGE_CURVE('',#321,#319,#3876,.T.);
#3878=CARTESIAN_POINT('',(-0.06659355563455958,0.0010606601717798214,0.05109903246387596));
#3879=DIRECTION('',(-0.5555702330196021,0,-0.8314696123025452));
#3880=VECTOR('',#3879,0.010979790980555992);
#3881=LINE('',#3878,#3880);
#3882=EDGE_CURVE('',#321,#337,#3881,.T.);
#3883=CARTESIAN_POINT('',(-0.0726936006681336,0.0010606601717798214,0.04196966991411009));
#3884=DIRECTION('',(0.3314135740355862,-0.9238795325112883,-0.19134171618254744));
#3885=VECTOR('',#3884,0.0011480502970952673);
#3886=LINE('',#3883,#3885);
#3887=EDGE_CURVE('',#337,#339,#3886,.T.);
#3888=CARTESIAN_POINT('',(-0.07231312121600064,1.8369701987210298e-19,0.041749999999999995));
#3889=DIRECTION('',(0.5555702330196022,0,0.8314696123025452));
#3890=VECTOR('',#3889,0.010922322581433927);
#3891=LINE('',#3888,#3890);
#3892=EDGE_CURVE('',#339,#323,#3891,.T.);
#3893=CARTESIAN_POINT('',(-0.06624500391431813,1.8369701987210298e-19,0.0508315793222282));
#3894=DIRECTION('',(-0.3036031793409557,0.9238795325112873,0.232962913144536));
#3895=VECTOR('',#3894,0.0011480502970952686);
#3896=LINE('',#3893,#3895);
#3897=EDGE_CURVE('',#323,#321,#3896,.T.);
#3898=CARTESIAN_POINT('',(-0.06624500391431813,1.8369701987210298e-19,0.0508315793222282));
#3899=DIRECTION('',(-0.5555702330196022,0,-0.8314696123025452));
#3900=VECTOR('',#3899,0.010922322581433927);
#3901=LINE('',#3898,#3900);
#3902=EDGE_CURVE('',#323,#339,#3901,.T.);
#3903=CARTESIAN_POINT('',(-0.07231312121600064,1.8369701987210298e-19,0.041749999999999995));
#3904=DIRECTION('',(-0.33141357403558613,-0.9238795325112883,0.19134171618254742));
#3905=VECTOR('',#3904,0.0011480502970952675);
#3906=LINE('',#3903,#3905);
#3907=EDGE_CURVE('',#339,#341,#3906,.T.);
#3908=CARTESIAN_POINT('',(-0.0726936006681336,-0.0010606601717798212,0.04196966991411009));
#3909=DIRECTION('',(0.5555702330196021,0,0.8314696123025452));
#3910=VECTOR('',#3909,0.010979790980555992);
#3911=LINE('',#3908,#3910);
#3912=EDGE_CURVE('',#341,#325,#3911,.T.);
#3913=CARTESIAN_POINT('',(-0.06659355563455958,-0.0010606601717798212,0.05109903246387596));
#3914=DIRECTION('',(0.30360317934095565,0.9238795325112873,-0.23296291314453593));
#3915=VECTOR('',#3914,0.0011480502970952688);
#3916=LINE('',#3913,#3915);
#3917=EDGE_CURVE('',#325,#323,#3916,.T.);
#3918=CARTESIAN_POINT('',(-0.06659355563455958,-0.0010606601717798212,0.05109903246387596));
#3919=DIRECTION('',(-0.5555702330196021,0,-0.8314696123025452));
#3920=VECTOR('',#3919,0.010979790980555992);
#3921=LINE('',#3918,#3920);
#3922=EDGE_CURVE('',#325,#341,#3921,.T.);
#3923=CARTESIAN_POINT('',(-0.0726936006681336,-0.0010606601717798212,0.04196966991411009));
#3924=DIRECTION('',(-0.800103145191266,-0.38268343236509034,0.4619397662556423));
#3925=VECTOR('',#3924,0.001148050297095268);
#3926=LINE('',#3923,#3925);
#3927=EDGE_CURVE('',#341,#343,#3926,.T.);
#3928=CARTESIAN_POINT('',(-0.07361215932167729,-0.0015,0.042499999999999996));
#3929=DIRECTION('',(0.5555702330196016,0,0.8314696123025456));
#3930=VECTOR('',#3929,0.011118531969124351);
#3931=LINE('',#3928,#3930);
#3932=EDGE_CURVE('',#343,#327,#3931,.T.);
#3933=CARTESIAN_POINT('',(-0.06743503392475499,-0.0015,0.05174472146574128));
#3934=DIRECTION('',(0.7329629131445368,0.38268343236508867,-0.5624222244434772));
#3935=VECTOR('',#3934,0.001148050297095273);
#3936=LINE('',#3933,#3935);
#3937=EDGE_CURVE('',#327,#325,#3936,.T.);
#3938=CARTESIAN_POINT('',(-0.06743503392475499,-0.0015,0.05174472146574128));
#3939=DIRECTION('',(-0.5555702330196016,0,-0.8314696123025456));
#3940=VECTOR('',#3939,0.011118531969124351);
#3941=LINE('',#3938,#3940);
#3942=EDGE_CURVE('',#327,#343,#3941,.T.);
#3943=CARTESIAN_POINT('',(-0.07361215932167729,-0.0015,0.042499999999999996));
#3944=DIRECTION('',(-0.800103145191266,0.38268343236508995,0.4619397662556423));
#3945=VECTOR('',#3944,0.001148050297095268);
#3946=LINE('',#3943,#3945);
#3947=EDGE_CURVE('',#343,#345,#3946,.T.);
#3948=CARTESIAN_POINT('',(-0.07453071797522098,-0.0010606601717798216,0.043030330085889905));
#3949=DIRECTION('',(0.5555702330196021,0,0.8314696123025453));
#3950=VECTOR('',#3949,0.011257272957692719);
#3951=LINE('',#3948,#3950);
#3952=EDGE_CURVE('',#345,#329,#3951,.T.);
#3953=CARTESIAN_POINT('',(-0.06827651221495037,-0.0010606601717798216,0.0523904104676066));
#3954=DIRECTION('',(0.7329629131445311,-0.38268343236509167,-0.5624222244434822));
#3955=VECTOR('',#3954,0.0011480502970952627);
#3956=LINE('',#3953,#3955);
#3957=EDGE_CURVE('',#329,#327,#3956,.T.);
#3958=CARTESIAN_POINT('',(-0.06827651221495037,-0.0010606601717798216,0.0523904104676066));
#3959=DIRECTION('',(-0.5555702330196021,0,-0.8314696123025453));
#3960=VECTOR('',#3959,0.011257272957692719);
#3961=LINE('',#3958,#3960);
#3962=EDGE_CURVE('',#329,#345,#3961,.T.);
#3963=CARTESIAN_POINT('',(-0.07453071797522098,-0.0010606601717798216,0.043030330085889905));
#3964=DIRECTION('',(-0.33141357403559685,0.9238795325112847,0.1913417161825466));
#3965=VECTOR('',#3964,0.0011480502970952723);
#3966=LINE('',#3963,#3965);
#3967=EDGE_CURVE('',#345,#331,#3966,.T.);
#3968=CARTESIAN_POINT('',(-0.07491119742735396,0,0.04325));
#3969=DIRECTION('',(0.555570233019602,0,0.8314696123025455));
#3970=VECTOR('',#3969,0.011314741356814782);
#3971=LINE('',#3968,#3970);
#3972=EDGE_CURVE('',#331,#315,#3971,.T.);
#3973=CARTESIAN_POINT('',(-0.06862506393519184,0,0.05265786360925436));
#3974=DIRECTION('',(0.3036031793409666,-0.923879532511284,-0.23296291314453507));
#3975=VECTOR('',#3974,0.0011480502970952731);
#3976=LINE('',#3973,#3975);
#3977=EDGE_CURVE('',#315,#329,#3976,.T.);
#3978=CARTESIAN_POINT('',(-0.07491119742735396,0,0.04325));
#3979=DIRECTION('',(-0.44228869021900113,0,-0.8968727415326884));
#3980=VECTOR('',#3979,0.01131474135681473);
#3981=LINE('',#3978,#3980);
#3982=EDGE_CURVE('',#331,#347,#3981,.T.);
#3983=CARTESIAN_POINT('',(-0.07991557956222631,0,0.03310211689958028));
#3984=DIRECTION('',(0.35355339059328067,0.923879532511284,-0.14644660940672705));
#3985=VECTOR('',#3984,0.0011480502970952727);
#3986=LINE('',#3983,#3985);
#3987=EDGE_CURVE('',#347,#349,#3986,.T.);
#3988=CARTESIAN_POINT('',(-0.07950968248711665,0.0010606601717798212,0.03293398882614229));
#3989=DIRECTION('',(0.442288690219001,0,0.8968727415326885));
#3990=VECTOR('',#3989,0.011257272957692662);
#3991=LINE('',#3988,#3990);
#3992=EDGE_CURVE('',#349,#333,#3991,.T.);
#3993=CARTESIAN_POINT('',(-0.07453071797522098,0.0010606601717798212,0.043030330085889905));
#3994=DIRECTION('',(-0.3314135740355969,-0.9238795325112845,0.19134171618254664));
#3995=VECTOR('',#3994,0.001148050297095272);
#3996=LINE('',#3993,#3995);
#3997=EDGE_CURVE('',#333,#331,#3996,.T.);
#3998=CARTESIAN_POINT('',(-0.07453071797522098,0.0010606601717798212,0.043030330085889905));
#3999=DIRECTION('',(-0.442288690219001,0,-0.8968727415326885));
#4000=VECTOR('',#3999,0.011257272957692662);
#4001=LINE('',#3998,#4000);
#4002=EDGE_CURVE('',#333,#349,#4001,.T.);
#4003=CARTESIAN_POINT('',(-0.07950968248711665,0.0010606601717798212,0.03293398882614229));
#4004=DIRECTION('',(0.8535533905932696,0.38268343236509383,-0.3535533905932794));
#4005=VECTOR('',#4004,0.0011480502970952573);
#4006=LINE('',#4003,#4005);
#4007=EDGE_CURVE('',#349,#351,#4006,.T.);
#4008=CARTESIAN_POINT('',(-0.07852976026345938,0.0015,0.03252809175103264));
#4009=DIRECTION('',(0.4422886902190019,0,0.896872741532688));
#4010=VECTOR('',#4009,0.01111853196912431);
#4011=LINE('',#4008,#4010);
#4012=EDGE_CURVE('',#351,#335,#4011,.T.);
#4013=CARTESIAN_POINT('',(-0.07361215932167729,0.0015,0.042499999999999996));
#4014=DIRECTION('',(-0.800103145191266,-0.38268343236509034,0.4619397662556423));
#4015=VECTOR('',#4014,0.001148050297095268);
#4016=LINE('',#4013,#4015);
#4017=EDGE_CURVE('',#335,#333,#4016,.T.);
#4018=CARTESIAN_POINT('',(-0.07361215932167729,0.0015,0.042499999999999996));
#4019=DIRECTION('',(-0.4422886902190019,0,-0.896872741532688));
#4020=VECTOR('',#4019,0.01111853196912431);
#4021=LINE('',#4018,#4020);
#4022=EDGE_CURVE('',#335,#351,#4021,.T.);
#4023=CARTESIAN_POINT('',(-0.07852976026345938,0.0015,0.03252809175103264));
#4024=DIRECTION('',(0.8535533905932748,-0.38268343236509056,-0.35355339059327046));
#4025=VECTOR('',#4024,0.0011480502970952666);
#4026=LINE('',#4023,#4025);
#4027=EDGE_CURVE('',#351,#353,#4026,.T.);
#4028=CARTESIAN_POINT('',(-0.0775498380398021,0.0010606601717798214,0.032122194675923));
#4029=DIRECTION('',(0.442288690219002,0,0.8968727415326878));
#4030=VECTOR('',#4029,0.010979790980555945);
#4031=LINE('',#4028,#4030);
#4032=EDGE_CURVE('',#353,#337,#4031,.T.);
#4033=CARTESIAN_POINT('',(-0.0726936006681336,0.0010606601717798214,0.04196966991411009));
#4034=DIRECTION('',(-0.800103145191266,0.3826834323650901,0.4619397662556423));
#4035=VECTOR('',#4034,0.001148050297095268);
#4036=LINE('',#4033,#4035);
#4037=EDGE_CURVE('',#337,#335,#4036,.T.);
#4038=CARTESIAN_POINT('',(-0.0726936006681336,0.0010606601717798214,0.04196966991411009));
#4039=DIRECTION('',(-0.442288690219002,0,-0.8968727415326878));
#4040=VECTOR('',#4039,0.010979790980555945);
#4041=LINE('',#4038,#4040);
#4042=EDGE_CURVE('',#337,#353,#4041,.T.);
#4043=CARTESIAN_POINT('',(-0.0775498380398021,0.0010606601717798214,0.032122194675923));
#4044=DIRECTION('',(0.35355339059328067,-0.923879532511284,-0.14644660940672705));
#4045=VECTOR('',#4044,0.0011480502970952727);
#4046=LINE('',#4043,#4045);
#4047=EDGE_CURVE('',#353,#355,#4046,.T.);
#4048=CARTESIAN_POINT('',(-0.07714394096469245,1.8369701987210298e-19,0.03195406660248501));
#4049=DIRECTION('',(0.4422886902190009,0,0.8968727415326885));
#4050=VECTOR('',#4049,0.01092232258143387);
#4051=LINE('',#4048,#4050);
#4052=EDGE_CURVE('',#355,#339,#4051,.T.);
#4053=CARTESIAN_POINT('',(-0.07231312121600064,1.8369701987210298e-19,0.041749999999999995));
#4054=DIRECTION('',(-0.3314135740355862,0.9238795325112883,0.19134171618254744));
#4055=VECTOR('',#4054,0.0011480502970952673);
#4056=LINE('',#4053,#4055);
#4057=EDGE_CURVE('',#339,#337,#4056,.T.);
#4058=CARTESIAN_POINT('',(-0.07231312121600064,1.8369701987210298e-19,0.041749999999999995));
#4059=DIRECTION('',(-0.4422886902190009,0,-0.8968727415326885));
#4060=VECTOR('',#4059,0.01092232258143387);
#4061=LINE('',#4058,#4060);
#4062=EDGE_CURVE('',#339,#355,#4061,.T.);
#4063=CARTESIAN_POINT('',(-0.07714394096469245,1.8369701987210298e-19,0.03195406660248501));
#4064=DIRECTION('',(-0.3535533905932806,-0.923879532511284,0.14644660940672702));
#4065=VECTOR('',#4064,0.001148050297095273);
#4066=LINE('',#4063,#4065);
#4067=EDGE_CURVE('',#355,#357,#4066,.T.);
#4068=CARTESIAN_POINT('',(-0.0775498380398021,-0.0010606601717798212,0.032122194675923));
#4069=DIRECTION('',(0.442288690219002,0,0.8968727415326878));
#4070=VECTOR('',#4069,0.010979790980555945);
#4071=LINE('',#4068,#4070);
#4072=EDGE_CURVE('',#357,#341,#4071,.T.);
#4073=CARTESIAN_POINT('',(-0.0726936006681336,-0.0010606601717798212,0.04196966991411009));
#4074=DIRECTION('',(0.33141357403558613,0.9238795325112883,-0.19134171618254742));
#4075=VECTOR('',#4074,0.0011480502970952675);
#4076=LINE('',#4073,#4075);
#4077=EDGE_CURVE('',#341,#339,#4076,.T.);
#4078=CARTESIAN_POINT('',(-0.0726936006681336,-0.0010606601717798212,0.04196966991411009));
#4079=DIRECTION('',(-0.442288690219002,0,-0.8968727415326878));
#4080=VECTOR('',#4079,0.010979790980555945);
#4081=LINE('',#4078,#4080);
#4082=EDGE_CURVE('',#341,#357,#4081,.T.);
#4083=CARTESIAN_POINT('',(-0.0775498380398021,-0.0010606601717798212,0.032122194675923));
#4084=DIRECTION('',(-0.8535533905932746,-0.38268343236509067,0.3535533905932704));
#4085=VECTOR('',#4084,0.0011480502970952669);
#4086=LINE('',#4083,#4085);
#4087=EDGE_CURVE('',#357,#359,#4086,.T.);
#4088=CARTESIAN_POINT('',(-0.07852976026345938,-0.0015,0.03252809175103264));
#4089=DIRECTION('',(0.4422886902190019,0,0.896872741532688));
#4090=VECTOR('',#4089,0.01111853196912431);
#4091=LINE('',#4088,#4090);
#4092=EDGE_CURVE('',#359,#343,#4091,.T.);
#4093=CARTESIAN_POINT('',(-0.07361215932167729,-0.0015,0.042499999999999996));
#4094=DIRECTION('',(0.800103145191266,0.38268343236509034,-0.4619397662556423));
#4095=VECTOR('',#4094,0.001148050297095268);
#4096=LINE('',#4093,#4095);
#4097=EDGE_CURVE('',#343,#341,#4096,.T.);
#4098=CARTESIAN_POINT('',(-0.07361215932167729,-0.0015,0.042499999999999996));
#4099=DIRECTION('',(-0.4422886902190019,0,-0.896872741532688));
#4100=VECTOR('',#4099,0.01111853196912431);
#4101=LINE('',#4098,#4100);
#4102=EDGE_CURVE('',#343,#359,#4101,.T.);
#4103=CARTESIAN_POINT('',(-0.07852976026345938,-0.0015,0.03252809175103264));
#4104=DIRECTION('',(-0.8535533905932698,0.38268343236509356,0.35355339059327945));
#4105=VECTOR('',#4104,0.001148050297095257);
#4106=LINE('',#4103,#4105);
#4107=EDGE_CURVE('',#359,#361,#4106,.T.);
#4108=CARTESIAN_POINT('',(-0.07950968248711665,-0.0010606601717798216,0.03293398882614229));
#4109=DIRECTION('',(0.442288690219001,0,0.8968727415326885));
#4110=VECTOR('',#4109,0.011257272957692662);
#4111=LINE('',#4108,#4110);
#4112=EDGE_CURVE('',#361,#345,#4111,.T.);
#4113=CARTESIAN_POINT('',(-0.07453071797522098,-0.0010606601717798216,0.043030330085889905));
#4114=DIRECTION('',(0.800103145191266,-0.38268343236508995,-0.4619397662556423));
#4115=VECTOR('',#4114,0.001148050297095268);
#4116=LINE('',#4113,#4115);
#4117=EDGE_CURVE('',#345,#343,#4116,.T.);
#4118=CARTESIAN_POINT('',(-0.07453071797522098,-0.0010606601717798216,0.043030330085889905));
#4119=DIRECTION('',(-0.442288690219001,0,-0.8968727415326885));
#4120=VECTOR('',#4119,0.011257272957692662);
#4121=LINE('',#4118,#4120);
#4122=EDGE_CURVE('',#345,#361,#4121,.T.);
#4123=CARTESIAN_POINT('',(-0.07950968248711665,-0.0010606601717798216,0.03293398882614229));
#4124=DIRECTION('',(-0.35355339059328056,0.923879532511284,0.146446609406727));
#4125=VECTOR('',#4124,0.0011480502970952731);
#4126=LINE('',#4123,#4125);
#4127=EDGE_CURVE('',#361,#347,#4126,.T.);
#4128=CARTESIAN_POINT('',(-0.07991557956222631,0,0.03310211689958028));
#4129=DIRECTION('',(0.44228869021900113,0,0.8968727415326884));
#4130=VECTOR('',#4129,0.01131474135681473);
#4131=LINE('',#4128,#4130);
#4132=EDGE_CURVE('',#347,#331,#4131,.T.);
#4133=CARTESIAN_POINT('',(-0.07491119742735396,0,0.04325));
#4134=DIRECTION('',(0.33141357403559685,-0.9238795325112847,-0.1913417161825466));
#4135=VECTOR('',#4134,0.0011480502970952723);
#4136=LINE('',#4133,#4135);
#4137=EDGE_CURVE('',#331,#345,#4136,.T.);
#4138=CARTESIAN_POINT('',(-0.07991557956222631,0,0.03310211689958028));
#4139=DIRECTION('',(-0.32143946530316136,0,-0.9469301294951057));
#4140=VECTOR('',#4139,0.01131474135681474);
#4141=LINE('',#4138,#4140);
#4142=EDGE_CURVE('',#347,#363,#4141,.T.);
#4143=CARTESIAN_POINT('',(-0.0835525839740044,0,0.02238784740136807));
#4144=DIRECTION('',(0.3696438106143869,0.9238795325112862,-0.09904576054128934));
#4145=VECTOR('',#4144,0.00114805029709527);
#4146=LINE('',#4143,#4145);
#4147=EDGE_CURVE('',#363,#365,#4146,.T.);
#4148=CARTESIAN_POINT('',(-0.08312821428740913,0.0010606601717798212,0.022274137886552615));
#4149=DIRECTION('',(0.3214394653031621,0,0.9469301294951056));
#4150=VECTOR('',#4149,0.011257272957692676);
#4151=LINE('',#4148,#4150);
#4152=EDGE_CURVE('',#365,#349,#4151,.T.);
#4153=CARTESIAN_POINT('',(-0.07950968248711665,0.0010606601717798212,0.03293398882614229));
#4154=DIRECTION('',(-0.35355339059328067,-0.923879532511284,0.14644660940672705));
#4155=VECTOR('',#4154,0.0011480502970952727);
#4156=LINE('',#4153,#4155);
#4157=EDGE_CURVE('',#349,#347,#4156,.T.);
#4158=CARTESIAN_POINT('',(-0.07950968248711665,0.0010606601717798212,0.03293398882614229));
#4159=DIRECTION('',(-0.3214394653031621,0,-0.9469301294951056));
#4160=VECTOR('',#4159,0.011257272957692676);
#4161=LINE('',#4158,#4160);
#4162=EDGE_CURVE('',#349,#365,#4161,.T.);
#4163=CARTESIAN_POINT('',(-0.08312821428740913,0.0010606601717798212,0.022274137886552615));
#4164=DIRECTION('',(0.8923991008325235,0.3826834323650889,-0.23911761839433332));
#4165=VECTOR('',#4164,0.0011480502970952723);
#4166=LINE('',#4163,#4165);
#4167=EDGE_CURVE('',#365,#367,#4166,.T.);
#4168=CARTESIAN_POINT('',(-0.0821036952345708,0.0015,0.021999618833714287));
#4169=DIRECTION('',(0.3214394653031606,0,0.9469301294951059));
#4170=VECTOR('',#4169,0.011118531969124306);
#4171=LINE('',#4168,#4170);
#4172=EDGE_CURVE('',#367,#351,#4171,.T.);
#4173=CARTESIAN_POINT('',(-0.07852976026345938,0.0015,0.03252809175103264));
#4174=DIRECTION('',(-0.8535533905932696,-0.38268343236509383,0.3535533905932794));
#4175=VECTOR('',#4174,0.0011480502970952573);
#4176=LINE('',#4173,#4175);
#4177=EDGE_CURVE('',#351,#349,#4176,.T.);
#4178=CARTESIAN_POINT('',(-0.07852976026345938,0.0015,0.03252809175103264));
#4179=DIRECTION('',(-0.3214394653031606,0,-0.9469301294951059));
#4180=VECTOR('',#4179,0.011118531969124306);
#4181=LINE('',#4178,#4180);
#4182=EDGE_CURVE('',#351,#367,#4181,.T.);
#4183=CARTESIAN_POINT('',(-0.0821036952345708,0.0015,0.021999618833714287));
#4184=DIRECTION('',(0.892399100832521,-0.3826834323650928,-0.2391176183943359));
#4185=VECTOR('',#4184,0.00114805029709526);
#4186=LINE('',#4183,#4185);
#4187=EDGE_CURVE('',#367,#369,#4186,.T.);
#4188=CARTESIAN_POINT('',(-0.08107917618173248,0.0010606601717798214,0.02172509978087596));
#4189=DIRECTION('',(0.3214394653031613,0,0.9469301294951058));
#4190=VECTOR('',#4189,0.010979790980555949);
#4191=LINE('',#4188,#4190);
#4192=EDGE_CURVE('',#369,#353,#4191,.T.);
#4193=CARTESIAN_POINT('',(-0.0775498380398021,0.0010606601717798214,0.032122194675923));
#4194=DIRECTION('',(-0.8535533905932748,0.38268343236509056,0.35355339059327046));
#4195=VECTOR('',#4194,0.0011480502970952666);
#4196=LINE('',#4193,#4195);
#4197=EDGE_CURVE('',#353,#351,#4196,.T.);
#4198=CARTESIAN_POINT('',(-0.0775498380398021,0.0010606601717798214,0.032122194675923));
#4199=DIRECTION('',(-0.3214394653031613,0,-0.9469301294951058));
#4200=VECTOR('',#4199,0.010979790980555949);
#4201=LINE('',#4198,#4200);
#4202=EDGE_CURVE('',#353,#369,#4201,.T.);
#4203=CARTESIAN_POINT('',(-0.08107917618173248,0.0010606601717798214,0.02172509978087596));
#4204=DIRECTION('',(0.3696438106143869,-0.9238795325112862,-0.09904576054128934));
#4205=VECTOR('',#4204,0.00114805029709527);
#4206=LINE('',#4203,#4205);
#4207=EDGE_CURVE('',#369,#371,#4206,.T.);
#4208=CARTESIAN_POINT('',(-0.0806548064951372,1.8369701987210298e-19,0.021611390266060505));
#4209=DIRECTION('',(0.3214394653031619,0,0.9469301294951056));
#4210=VECTOR('',#4209,0.010922322581433885);
#4211=LINE('',#4208,#4210);
#4212=EDGE_CURVE('',#371,#355,#4211,.T.);
#4213=CARTESIAN_POINT('',(-0.07714394096469245,1.8369701987210298e-19,0.03195406660248501));
#4214=DIRECTION('',(-0.35355339059328067,0.923879532511284,0.14644660940672705));
#4215=VECTOR('',#4214,0.0011480502970952727);
#4216=LINE('',#4213,#4215);
#4217=EDGE_CURVE('',#355,#353,#4216,.T.);
#4218=CARTESIAN_POINT('',(-0.07714394096469245,1.8369701987210298e-19,0.03195406660248501));
#4219=DIRECTION('',(-0.3214394653031619,0,-0.9469301294951056));
#4220=VECTOR('',#4219,0.010922322581433885);
#4221=LINE('',#4218,#4220);
#4222=EDGE_CURVE('',#355,#371,#4221,.T.);
#4223=CARTESIAN_POINT('',(-0.0806548064951372,1.8369701987210298e-19,0.021611390266060505));
#4224=DIRECTION('',(-0.3696438106143868,-0.9238795325112863,0.09904576054128932));
#4225=VECTOR('',#4224,0.0011480502970952701);
#4226=LINE('',#4223,#4225);
#4227=EDGE_CURVE('',#371,#373,#4226,.T.);
#4228=CARTESIAN_POINT('',(-0.08107917618173248,-0.0010606601717798212,0.02172509978087596));
#4229=DIRECTION('',(0.3214394653031613,0,0.9469301294951058));
#4230=VECTOR('',#4229,0.010979790980555949);
#4231=LINE('',#4228,#4230);
#4232=EDGE_CURVE('',#373,#357,#4231,.T.);
#4233=CARTESIAN_POINT('',(-0.0775498380398021,-0.0010606601717798212,0.032122194675923));
#4234=DIRECTION('',(0.3535533905932806,0.923879532511284,-0.14644660940672702));
#4235=VECTOR('',#4234,0.001148050297095273);
#4236=LINE('',#4233,#4235);
#4237=EDGE_CURVE('',#357,#355,#4236,.T.);
#4238=CARTESIAN_POINT('',(-0.0775498380398021,-0.0010606601717798212,0.032122194675923));
#4239=DIRECTION('',(-0.3214394653031613,0,-0.9469301294951058));
#4240=VECTOR('',#4239,0.010979790980555949);
#4241=LINE('',#4238,#4240);
#4242=EDGE_CURVE('',#357,#373,#4241,.T.);
#4243=CARTESIAN_POINT('',(-0.08107917618173248,-0.0010606601717798212,0.02172509978087596));
#4244=DIRECTION('',(-0.892399100832521,-0.382683432365093,0.2391176183943359));
#4245=VECTOR('',#4244,0.00114805029709526);
#4246=LINE('',#4243,#4245);
#4247=EDGE_CURVE('',#373,#375,#4246,.T.);
#4248=CARTESIAN_POINT('',(-0.0821036952345708,-0.0015,0.021999618833714287));
#4249=DIRECTION('',(0.3214394653031606,0,0.9469301294951059));
#4250=VECTOR('',#4249,0.011118531969124306);
#4251=LINE('',#4248,#4250);
#4252=EDGE_CURVE('',#375,#359,#4251,.T.);
#4253=CARTESIAN_POINT('',(-0.07852976026345938,-0.0015,0.03252809175103264));
#4254=DIRECTION('',(0.8535533905932746,0.38268343236509067,-0.3535533905932704));
#4255=VECTOR('',#4254,0.0011480502970952669);
#4256=LINE('',#4253,#4255);
#4257=EDGE_CURVE('',#359,#357,#4256,.T.);
#4258=CARTESIAN_POINT('',(-0.07852976026345938,-0.0015,0.03252809175103264));
#4259=DIRECTION('',(-0.3214394653031606,0,-0.9469301294951059));
#4260=VECTOR('',#4259,0.011118531969124306);
#4261=LINE('',#4258,#4260);
#4262=EDGE_CURVE('',#359,#375,#4261,.T.);
#4263=CARTESIAN_POINT('',(-0.0821036952345708,-0.0015,0.021999618833714287));
#4264=DIRECTION('',(-0.8923991008325237,0.38268343236508856,0.23911761839433338));
#4265=VECTOR('',#4264,0.001148050297095272);
#4266=LINE('',#4263,#4265);
#4267=EDGE_CURVE('',#375,#377,#4266,.T.);
#4268=CARTESIAN_POINT('',(-0.08312821428740913,-0.0010606601717798216,0.022274137886552615));
#4269=DIRECTION('',(0.3214394653031621,0,0.9469301294951056));
#4270=VECTOR('',#4269,0.011257272957692676);
#4271=LINE('',#4268,#4270);
#4272=EDGE_CURVE('',#377,#361,#4271,.T.);
#4273=CARTESIAN_POINT('',(-0.07950968248711665,-0.0010606601717798216,0.03293398882614229));
#4274=DIRECTION('',(0.8535533905932698,-0.38268343236509356,-0.35355339059327945));
#4275=VECTOR('',#4274,0.001148050297095257);
#4276=LINE('',#4273,#4275);
#4277=EDGE_CURVE('',#361,#359,#4276,.T.);
#4278=CARTESIAN_POINT('',(-0.07950968248711665,-0.0010606601717798216,0.03293398882614229));
#4279=DIRECTION('',(-0.3214394653031621,0,-0.9469301294951056));
#4280=VECTOR('',#4279,0.011257272957692676);
#4281=LINE('',#4278,#4280);
#4282=EDGE_CURVE('',#361,#377,#4281,.T.);
#4283=CARTESIAN_POINT('',(-0.08312821428740913,-0.0010606601717798216,0.022274137886552615));
#4284=DIRECTION('',(-0.3696438106143867,0.9238795325112863,0.0990457605412893));
#4285=VECTOR('',#4284,0.0011480502970952703);
#4286=LINE('',#4283,#4285);
#4287=EDGE_CURVE('',#377,#363,#4286,.T.);
#4288=CARTESIAN_POINT('',(-0.0835525839740044,0,0.02238784740136807));
#4289=DIRECTION('',(0.32143946530316136,0,0.9469301294951057));
#4290=VECTOR('',#4289,0.01131474135681474);
#4291=LINE('',#4288,#4290);
#4292=EDGE_CURVE('',#363,#347,#4291,.T.);
#4293=CARTESIAN_POINT('',(-0.07991557956222631,0,0.03310211689958028));
#4294=DIRECTION('',(0.35355339059328056,-0.923879532511284,-0.146446609406727));
#4295=VECTOR('',#4294,0.0011480502970952731);
#4296=LINE('',#4293,#4295);
#4297=EDGE_CURVE('',#347,#361,#4296,.T.);
#4298=CARTESIAN_POINT('',(-0.0835525839740044,0,0.02238784740136807));
#4299=DIRECTION('',(-0.1950903220161279,0,-0.9807852804032304));
#4300=VECTOR('',#4299,0.011314741356814775);
#4301=LINE('',#4298,#4300);
#4302=EDGE_CURVE('',#363,#379,#4301,.T.);
#4303=CARTESIAN_POINT('',(-0.0857599805088346,0,0.011290515627034462));
#4304=DIRECTION('',(0.37940952255125776,0.9238795325112878,-0.0499502112523157));
#4305=VECTOR('',#4304,0.001148050297095268);
#4306=LINE('',#4303,#4305);
#4307=EDGE_CURVE('',#379,#381,#4306,.T.);
#4308=CARTESIAN_POINT('',(-0.08532439929374885,0.0010606601717798212,0.01123317027216627));
#4309=DIRECTION('',(0.1950903220161283,0,0.9807852804032304));
#4310=VECTOR('',#4309,0.011257272957692709);
#4311=LINE('',#4308,#4310);
#4312=EDGE_CURVE('',#381,#365,#4311,.T.);
#4313=CARTESIAN_POINT('',(-0.08312821428740913,0.0010606601717798212,0.022274137886552615));
#4314=DIRECTION('',(-0.3696438106143869,-0.9238795325112862,0.09904576054128934));
#4315=VECTOR('',#4314,0.00114805029709527);
#4316=LINE('',#4313,#4315);
#4317=EDGE_CURVE('',#365,#363,#4316,.T.);
#4318=CARTESIAN_POINT('',(-0.08312821428740913,0.0010606601717798212,0.022274137886552615));
#4319=DIRECTION('',(-0.1950903220161283,0,-0.9807852804032304));
#4320=VECTOR('',#4319,0.011257272957692709);
#4321=LINE('',#4318,#4320);
#4322=EDGE_CURVE('',#365,#381,#4321,.T.);
#4323=CARTESIAN_POINT('',(-0.08532439929374885,0.0010606601717798212,0.01123317027216627));
#4324=DIRECTION('',(0.9159756150367528,0.3826834323650916,-0.1205904774487389));
#4325=VECTOR('',#4324,0.001148050297095264);
#4326=LINE('',#4323,#4325);
#4327=EDGE_CURVE('',#381,#383,#4326,.T.);
#4328=CARTESIAN_POINT('',(-0.08427281321677389,0.0015,0.011094726338704385));
#4329=DIRECTION('',(0.1950903220161291,0,0.9807852804032303));
#4330=VECTOR('',#4329,0.011118531969124346);
#4331=LINE('',#4328,#4330);
#4332=EDGE_CURVE('',#383,#367,#4331,.T.);
#4333=CARTESIAN_POINT('',(-0.0821036952345708,0.0015,0.021999618833714287));
#4334=DIRECTION('',(-0.8923991008325235,-0.3826834323650889,0.23911761839433332));
#4335=VECTOR('',#4334,0.0011480502970952723);
#4336=LINE('',#4333,#4335);
#4337=EDGE_CURVE('',#367,#365,#4336,.T.);
#4338=CARTESIAN_POINT('',(-0.0821036952345708,0.0015,0.021999618833714287));
#4339=DIRECTION('',(-0.1950903220161291,0,-0.9807852804032303));
#4340=VECTOR('',#4339,0.011118531969124346);
#4341=LINE('',#4338,#4340);
#4342=EDGE_CURVE('',#367,#383,#4341,.T.);
#4343=CARTESIAN_POINT('',(-0.08427281321677389,0.0015,0.011094726338704385));
#4344=DIRECTION('',(0.9159756150367527,-0.38268343236509134,-0.12059047744874038));
#4345=VECTOR('',#4344,0.0011480502970952643);
#4346=LINE('',#4343,#4345);
#4347=EDGE_CURVE('',#383,#385,#4346,.T.);
#4348=CARTESIAN_POINT('',(-0.08322122713979893,0.0010606601717798214,0.010956282405242499));
#4349=DIRECTION('',(0.1950903220161287,0,0.9807852804032304));
#4350=VECTOR('',#4349,0.010979790980555983);
#4351=LINE('',#4348,#4350);
#4352=EDGE_CURVE('',#385,#369,#4351,.T.);
#4353=CARTESIAN_POINT('',(-0.08107917618173248,0.0010606601717798214,0.02172509978087596));
#4354=DIRECTION('',(-0.892399100832521,0.3826834323650928,0.2391176183943359));
#4355=VECTOR('',#4354,0.00114805029709526);
#4356=LINE('',#4353,#4355);
#4357=EDGE_CURVE('',#369,#367,#4356,.T.);
#4358=CARTESIAN_POINT('',(-0.08107917618173248,0.0010606601717798214,0.02172509978087596));
#4359=DIRECTION('',(-0.1950903220161287,0,-0.9807852804032304));
#4360=VECTOR('',#4359,0.010979790980555983);
#4361=LINE('',#4358,#4360);
#4362=EDGE_CURVE('',#369,#385,#4361,.T.);
#4363=CARTESIAN_POINT('',(-0.08322122713979893,0.0010606601717798214,0.010956282405242499));
#4364=DIRECTION('',(0.3794095225512681,-0.9238795325112836,-0.049950211252315475));
#4365=VECTOR('',#4364,0.0011480502970952731);
#4366=LINE('',#4363,#4365);
#4367=EDGE_CURVE('',#385,#387,#4366,.T.);
#4368=CARTESIAN_POINT('',(-0.08278564592471317,1.8369701987210298e-19,0.010898937050374306));
#4369=DIRECTION('',(0.1950903220161279,0,0.9807852804032304));
#4370=VECTOR('',#4369,0.010922322581433915);
#4371=LINE('',#4368,#4370);
#4372=EDGE_CURVE('',#387,#371,#4371,.T.);
#4373=CARTESIAN_POINT('',(-0.0806548064951372,1.8369701987210298e-19,0.021611390266060505));
#4374=DIRECTION('',(-0.3696438106143869,0.9238795325112862,0.09904576054128934));
#4375=VECTOR('',#4374,0.00114805029709527);
#4376=LINE('',#4373,#4375);
#4377=EDGE_CURVE('',#371,#369,#4376,.T.);
#4378=CARTESIAN_POINT('',(-0.0806548064951372,1.8369701987210298e-19,0.021611390266060505));
#4379=DIRECTION('',(-0.1950903220161279,0,-0.9807852804032304));
#4380=VECTOR('',#4379,0.010922322581433915);
#4381=LINE('',#4378,#4380);
#4382=EDGE_CURVE('',#371,#387,#4381,.T.);
#4383=CARTESIAN_POINT('',(-0.08278564592471317,1.8369701987210298e-19,0.010898937050374306));
#4384=DIRECTION('',(-0.37940952255126803,-0.9238795325112836,0.04995021125231546));
#4385=VECTOR('',#4384,0.0011480502970952734);
#4386=LINE('',#4383,#4385);
#4387=EDGE_CURVE('',#387,#389,#4386,.T.);
#4388=CARTESIAN_POINT('',(-0.08322122713979893,-0.0010606601717798212,0.010956282405242499));
#4389=DIRECTION('',(0.1950903220161287,0,0.9807852804032304));
#4390=VECTOR('',#4389,0.010979790980555983);
#4391=LINE('',#4388,#4390);
#4392=EDGE_CURVE('',#389,#373,#4391,.T.);
#4393=CARTESIAN_POINT('',(-0.08107917618173248,-0.0010606601717798212,0.02172509978087596));
#4394=DIRECTION('',(0.3696438106143868,0.9238795325112863,-0.09904576054128932));
#4395=VECTOR('',#4394,0.0011480502970952701);
#4396=LINE('',#4393,#4395);
#4397=EDGE_CURVE('',#373,#371,#4396,.T.);
#4398=CARTESIAN_POINT('',(-0.08107917618173248,-0.0010606601717798212,0.02172509978087596));
#4399=DIRECTION('',(-0.1950903220161287,0,-0.9807852804032304));
#4400=VECTOR('',#4399,0.010979790980555983);
#4401=LINE('',#4398,#4400);
#4402=EDGE_CURVE('',#373,#389,#4401,.T.);
#4403=CARTESIAN_POINT('',(-0.08322122713979893,-0.0010606601717798212,0.010956282405242499));
#4404=DIRECTION('',(-0.9159756150367527,-0.38268343236509156,0.12059047744874038));
#4405=VECTOR('',#4404,0.0011480502970952643);
#4406=LINE('',#4403,#4405);
#4407=EDGE_CURVE('',#389,#391,#4406,.T.);
#4408=CARTESIAN_POINT('',(-0.08427281321677389,-0.0015,0.011094726338704385));
#4409=DIRECTION('',(0.1950903220161291,0,0.9807852804032303));
#4410=VECTOR('',#4409,0.011118531969124346);
#4411=LINE('',#4408,#4410);
#4412=EDGE_CURVE('',#391,#375,#4411,.T.);
#4413=CARTESIAN_POINT('',(-0.0821036952345708,-0.0015,0.021999618833714287));
#4414=DIRECTION('',(0.892399100832521,0.382683432365093,-0.2391176183943359));
#4415=VECTOR('',#4414,0.00114805029709526);
#4416=LINE('',#4413,#4415);
#4417=EDGE_CURVE('',#375,#373,#4416,.T.);
#4418=CARTESIAN_POINT('',(-0.0821036952345708,-0.0015,0.021999618833714287));
#4419=DIRECTION('',(-0.1950903220161291,0,-0.9807852804032303));
#4420=VECTOR('',#4419,0.011118531969124346);
#4421=LINE('',#4418,#4420);
#4422=EDGE_CURVE('',#375,#391,#4421,.T.);
#4423=CARTESIAN_POINT('',(-0.08427281321677389,-0.0015,0.011094726338704385));
#4424=DIRECTION('',(-0.9159756150367528,0.3826834323650912,0.1205904774487389));
#4425=VECTOR('',#4424,0.001148050297095264);
#4426=LINE('',#4423,#4425);
#4427=EDGE_CURVE('',#391,#393,#4426,.T.);
#4428=CARTESIAN_POINT('',(-0.08532439929374885,-0.0010606601717798216,0.01123317027216627));
#4429=DIRECTION('',(0.1950903220161283,0,0.9807852804032304));
#4430=VECTOR('',#4429,0.011257272957692709);
#4431=LINE('',#4428,#4430);
#4432=EDGE_CURVE('',#393,#377,#4431,.T.);
#4433=CARTESIAN_POINT('',(-0.08312821428740913,-0.0010606601717798216,0.022274137886552615));
#4434=DIRECTION('',(0.8923991008325237,-0.38268343236508856,-0.23911761839433338));
#4435=VECTOR('',#4434,0.001148050297095272);
#4436=LINE('',#4433,#4435);
#4437=EDGE_CURVE('',#377,#375,#4436,.T.);
#4438=CARTESIAN_POINT('',(-0.08312821428740913,-0.0010606601717798216,0.022274137886552615));
#4439=DIRECTION('',(-0.1950903220161283,0,-0.9807852804032304));
#4440=VECTOR('',#4439,0.011257272957692709);
#4441=LINE('',#4438,#4440);
#4442=EDGE_CURVE('',#377,#393,#4441,.T.);
#4443=CARTESIAN_POINT('',(-0.08532439929374885,-0.0010606601717798216,0.01123317027216627));
#4444=DIRECTION('',(-0.37940952255125765,0.923879532511288,0.04995021125231569));
#4445=VECTOR('',#4444,0.0011480502970952682);
#4446=LINE('',#4443,#4445);
#4447=EDGE_CURVE('',#393,#379,#4446,.T.);
#4448=CARTESIAN_POINT('',(-0.0857599805088346,0,0.011290515627034462));
#4449=DIRECTION('',(0.1950903220161279,0,0.9807852804032304));
#4450=VECTOR('',#4449,0.011314741356814775);
#4451=LINE('',#4448,#4450);
#4452=EDGE_CURVE('',#379,#363,#4451,.T.);
#4453=CARTESIAN_POINT('',(-0.0835525839740044,0,0.02238784740136807));
#4454=DIRECTION('',(0.3696438106143867,-0.9238795325112863,-0.0990457605412893));
#4455=VECTOR('',#4454,0.0011480502970952703);
#4456=LINE('',#4453,#4455);
#4457=EDGE_CURVE('',#363,#377,#4456,.T.);
#4458=CARTESIAN_POINT('',(-0.0857599805088346,0,0.011290515627034462));
#4459=DIRECTION('',(-0.06540312923014392,0,-0.9978589232386034));
#4460=VECTOR('',#4459,0.01131474135681474);
#4461=LINE('',#4458,#4460);
#4462=EDGE_CURVE('',#379,#395,#4461,.T.);
#4463=CARTESIAN_POINT('',(-0.08650000000000001,0,1.0593194812624606e-17));
#4464=DIRECTION('',(0.38268343236509356,0.9238795325112852,-4.686520405326424e-17));
#4465=VECTOR('',#4464,0.0011480502970952712);
#4466=LINE('',#4463,#4465);
#4467=EDGE_CURVE('',#395,#397,#4466,.T.);
#4468=CARTESIAN_POINT('',(-0.08606066017177982,0.0010606601717798212,1.0539391201187826e-17));
#4469=DIRECTION('',(0.06540312923014317,0,0.9978589232386035));
#4470=VECTOR('',#4469,0.011257272957692672);
#4471=LINE('',#4468,#4470);
#4472=EDGE_CURVE('',#397,#381,#4471,.T.);
#4473=CARTESIAN_POINT('',(-0.08532439929374885,0.0010606601717798212,0.01123317027216627));
#4474=DIRECTION('',(-0.37940952255125776,-0.9238795325112878,0.0499502112523157));
#4475=VECTOR('',#4474,0.001148050297095268);
#4476=LINE('',#4473,#4475);
#4477=EDGE_CURVE('',#381,#379,#4476,.T.);
#4478=CARTESIAN_POINT('',(-0.08532439929374885,0.0010606601717798212,0.01123317027216627));
#4479=DIRECTION('',(-0.06540312923014317,0,-0.9978589232386035));
#4480=VECTOR('',#4479,0.011257272957692672);
#4481=LINE('',#4478,#4480);
#4482=EDGE_CURVE('',#381,#397,#4481,.T.);
#4483=CARTESIAN_POINT('',(-0.08606066017177982,0.0010606601717798212,1.0539391201187826e-17));
#4484=DIRECTION('',(0.9238795325112863,0.38268343236509106,-1.1314261122877005e-16));
#4485=VECTOR('',#4484,0.0011480502970952658);
#4486=LINE('',#4483,#4485);
#4487=EDGE_CURVE('',#397,#399,#4486,.T.);
#4488=CARTESIAN_POINT('',(-0.085,0.0015,1.0409497792752502e-17));
#4489=DIRECTION('',(0.065403129230143,0,0.9978589232386036));
#4490=VECTOR('',#4489,0.01111853196912431);
#4491=LINE('',#4488,#4490);
#4492=EDGE_CURVE('',#399,#383,#4491,.T.);
#4493=CARTESIAN_POINT('',(-0.08427281321677389,0.0015,0.011094726338704385));
#4494=DIRECTION('',(-0.9159756150367528,-0.3826834323650916,0.1205904774487389));
#4495=VECTOR('',#4494,0.001148050297095264);
#4496=LINE('',#4493,#4495);
#4497=EDGE_CURVE('',#383,#381,#4496,.T.);
#4498=CARTESIAN_POINT('',(-0.08427281321677389,0.0015,0.011094726338704385));
#4499=DIRECTION('',(-0.065403129230143,0,-0.9978589232386036));
#4500=VECTOR('',#4499,0.01111853196912431);
#4501=LINE('',#4498,#4500);
#4502=EDGE_CURVE('',#383,#399,#4501,.T.);
#4503=CARTESIAN_POINT('',(-0.085,0.0015,1.0409497792752502e-17));
#4504=DIRECTION('',(0.9238795325112863,-0.38268343236509084,-1.1314261122877005e-16));
#4505=VECTOR('',#4504,0.0011480502970952658);
#4506=LINE('',#4503,#4505);
#4507=EDGE_CURVE('',#399,#401,#4506,.T.);
#4508=CARTESIAN_POINT('',(-0.08393933982822019,0.0010606601717798214,1.0279604384317179e-17));
#4509=DIRECTION('',(0.06540312923014284,0,0.9978589232386036));
#4510=VECTOR('',#4509,0.010979790980555947);
#4511=LINE('',#4508,#4510);
#4512=EDGE_CURVE('',#401,#385,#4511,.T.);
#4513=CARTESIAN_POINT('',(-0.08322122713979893,0.0010606601717798214,0.010956282405242499));
#4514=DIRECTION('',(-0.9159756150367527,0.38268343236509134,0.12059047744874038));
#4515=VECTOR('',#4514,0.0011480502970952643);
#4516=LINE('',#4513,#4515);
#4517=EDGE_CURVE('',#385,#383,#4516,.T.);
#4518=CARTESIAN_POINT('',(-0.08322122713979893,0.0010606601717798214,0.010956282405242499));
#4519=DIRECTION('',(-0.06540312923014284,0,-0.9978589232386036));
#4520=VECTOR('',#4519,0.010979790980555947);
#4521=LINE('',#4518,#4520);
#4522=EDGE_CURVE('',#385,#401,#4521,.T.);
#4523=CARTESIAN_POINT('',(-0.08393933982822019,0.0010606601717798214,1.0279604384317179e-17));
#4524=DIRECTION('',(0.38268343236509356,-0.9238795325112852,-4.6865204053262893e-17));
#4525=VECTOR('',#4524,0.0011480502970952712);
#4526=LINE('',#4523,#4525);
#4527=EDGE_CURVE('',#401,#403,#4526,.T.);
#4528=CARTESIAN_POINT('',(-0.0835,1.8369701987210298e-19,1.02258007728804e-17));
#4529=DIRECTION('',(0.06540312923014333,0,0.9978589232386035));
#4530=VECTOR('',#4529,0.01092232258143388);
#4531=LINE('',#4528,#4530);
#4532=EDGE_CURVE('',#403,#387,#4531,.T.);
#4533=CARTESIAN_POINT('',(-0.08278564592471317,1.8369701987210298e-19,0.010898937050374306));
#4534=DIRECTION('',(-0.3794095225512681,0.9238795325112836,0.049950211252315475));
#4535=VECTOR('',#4534,0.0011480502970952731);
#4536=LINE('',#4533,#4535);
#4537=EDGE_CURVE('',#387,#385,#4536,.T.);
#4538=CARTESIAN_POINT('',(-0.08278564592471317,1.8369701987210298e-19,0.010898937050374306));
#4539=DIRECTION('',(-0.06540312923014333,0,-0.9978589232386035));
#4540=VECTOR('',#4539,0.01092232258143388);
#4541=LINE('',#4538,#4540);
#4542=EDGE_CURVE('',#387,#403,#4541,.T.);
#4543=CARTESIAN_POINT('',(-0.0835,1.8369701987210298e-19,1.02258007728804e-17));
#4544=DIRECTION('',(-0.3826834323650935,-0.9238795325112852,4.686520405326289e-17));
#4545=VECTOR('',#4544,0.0011480502970952714);
#4546=LINE('',#4543,#4545);
#4547=EDGE_CURVE('',#403,#405,#4546,.T.);
#4548=CARTESIAN_POINT('',(-0.08393933982822019,-0.0010606601717798212,1.0279604384317179e-17));
#4549=DIRECTION('',(0.06540312923014284,0,0.9978589232386036));
#4550=VECTOR('',#4549,0.010979790980555947);
#4551=LINE('',#4548,#4550);
#4552=EDGE_CURVE('',#405,#389,#4551,.T.);
#4553=CARTESIAN_POINT('',(-0.08322122713979893,-0.0010606601717798212,0.010956282405242499));
#4554=DIRECTION('',(0.37940952255126803,0.9238795325112836,-0.04995021125231546));
#4555=VECTOR('',#4554,0.0011480502970952734);
#4556=LINE('',#4553,#4555);
#4557=EDGE_CURVE('',#389,#387,#4556,.T.);
#4558=CARTESIAN_POINT('',(-0.08322122713979893,-0.0010606601717798212,0.010956282405242499));
#4559=DIRECTION('',(-0.06540312923014284,0,-0.9978589232386036));
#4560=VECTOR('',#4559,0.010979790980555947);
#4561=LINE('',#4558,#4560);
#4562=EDGE_CURVE('',#389,#405,#4561,.T.);
#4563=CARTESIAN_POINT('',(-0.08393933982822019,-0.0010606601717798212,1.0279604384317179e-17));
#4564=DIRECTION('',(-0.9238795325112863,-0.38268343236509106,1.1314261122877005e-16));
#4565=VECTOR('',#4564,0.0011480502970952658);
#4566=LINE('',#4563,#4565);
#4567=EDGE_CURVE('',#405,#407,#4566,.T.);
#4568=CARTESIAN_POINT('',(-0.085,-0.0015,1.0409497792752502e-17));
#4569=DIRECTION('',(0.065403129230143,0,0.9978589232386036));
#4570=VECTOR('',#4569,0.01111853196912431);
#4571=LINE('',#4568,#4570);
#4572=EDGE_CURVE('',#407,#391,#4571,.T.);
#4573=CARTESIAN_POINT('',(-0.08427281321677389,-0.0015,0.011094726338704385));
#4574=DIRECTION('',(0.9159756150367527,0.38268343236509156,-0.12059047744874038));
#4575=VECTOR('',#4574,0.0011480502970952643);
#4576=LINE('',#4573,#4575);
#4577=EDGE_CURVE('',#391,#389,#4576,.T.);
#4578=CARTESIAN_POINT('',(-0.08427281321677389,-0.0015,0.011094726338704385));
#4579=DIRECTION('',(-0.065403129230143,0,-0.9978589232386036));
#4580=VECTOR('',#4579,0.01111853196912431);
#4581=LINE('',#4578,#4580);
#4582=EDGE_CURVE('',#391,#407,#4581,.T.);
#4583=CARTESIAN_POINT('',(-0.085,-0.0015,1.0409497792752502e-17));
#4584=DIRECTION('',(-0.9238795325112863,0.38268343236509067,1.1314261122877005e-16));
#4585=VECTOR('',#4584,0.0011480502970952658);
#4586=LINE('',#4583,#4585);
#4587=EDGE_CURVE('',#407,#409,#4586,.T.);
#4588=CARTESIAN_POINT('',(-0.08606066017177982,-0.0010606601717798216,1.0539391201187826e-17));
#4589=DIRECTION('',(0.06540312923014317,0,0.9978589232386035));
#4590=VECTOR('',#4589,0.011257272957692672);
#4591=LINE('',#4588,#4590);
#4592=EDGE_CURVE('',#409,#393,#4591,.T.);
#4593=CARTESIAN_POINT('',(-0.08532439929374885,-0.0010606601717798216,0.01123317027216627));
#4594=DIRECTION('',(0.9159756150367528,-0.3826834323650912,-0.1205904774487389));
#4595=VECTOR('',#4594,0.001148050297095264);
#4596=LINE('',#4593,#4595);
#4597=EDGE_CURVE('',#393,#391,#4596,.T.);
#4598=CARTESIAN_POINT('',(-0.08532439929374885,-0.0010606601717798216,0.01123317027216627));
#4599=DIRECTION('',(-0.06540312923014317,0,-0.9978589232386035));
#4600=VECTOR('',#4599,0.011257272957692672);
#4601=LINE('',#4598,#4600);
#4602=EDGE_CURVE('',#393,#409,#4601,.T.);
#4603=CARTESIAN_POINT('',(-0.08606066017177982,-0.0010606601717798216,1.0539391201187826e-17));
#4604=DIRECTION('',(-0.38268343236509345,0.9238795325112852,4.686520405326422e-17));
#4605=VECTOR('',#4604,0.0011480502970952716);
#4606=LINE('',#4603,#4605);
#4607=EDGE_CURVE('',#409,#395,#4606,.T.);
#4608=CARTESIAN_POINT('',(-0.08650000000000001,0,1.0593194812624606e-17));
#4609=DIRECTION('',(0.06540312923014392,0,0.9978589232386034));
#4610=VECTOR('',#4609,0.01131474135681474);
#4611=LINE('',#4608,#4610);
#4612=EDGE_CURVE('',#395,#379,#4611,.T.);
#4613=CARTESIAN_POINT('',(-0.0857599805088346,0,0.011290515627034462));
#4614=DIRECTION('',(0.37940952255125765,-0.923879532511288,-0.04995021125231569));
#4615=VECTOR('',#4614,0.0011480502970952682);
#4616=LINE('',#4613,#4615);
#4617=EDGE_CURVE('',#379,#393,#4616,.T.);
#4618=CARTESIAN_POINT('',(-0.08650000000000001,0,1.0593194812624606e-17));
#4619=DIRECTION('',(0.0654031292301437,0,-0.9978589232386034));
#4620=VECTOR('',#4619,0.011314741356814779);
#4621=LINE('',#4618,#4620);
#4622=EDGE_CURVE('',#395,#411,#4621,.T.);
#4623=CARTESIAN_POINT('',(-0.0857599805088346,0,-0.011290515627034479));
#4624=DIRECTION('',(0.37940952255125776,0.9238795325112878,0.0499502112523157));
#4625=VECTOR('',#4624,0.001148050297095268);
#4626=LINE('',#4623,#4625);
#4627=EDGE_CURVE('',#411,#413,#4626,.T.);
#4628=CARTESIAN_POINT('',(-0.08532439929374885,0.0010606601717798212,-0.011233170272166287));
#4629=DIRECTION('',(-0.06540312923014295,0,0.9978589232386035));
#4630=VECTOR('',#4629,0.01125727295769271);
#4631=LINE('',#4628,#4630);
#4632=EDGE_CURVE('',#413,#397,#4631,.T.);
#4633=CARTESIAN_POINT('',(-0.08606066017177982,0.0010606601717798212,1.0539391201187826e-17));
#4634=DIRECTION('',(-0.38268343236509356,-0.9238795325112852,4.686520405326424e-17));
#4635=VECTOR('',#4634,0.0011480502970952712);
#4636=LINE('',#4633,#4635);
#4637=EDGE_CURVE('',#397,#395,#4636,.T.);
#4638=CARTESIAN_POINT('',(-0.08606066017177982,0.0010606601717798212,1.0539391201187826e-17));
#4639=DIRECTION('',(0.06540312923014295,0,-0.9978589232386035));
#4640=VECTOR('',#4639,0.01125727295769271);
#4641=LINE('',#4638,#4640);
#4642=EDGE_CURVE('',#397,#413,#4641,.T.);
#4643=CARTESIAN_POINT('',(-0.08532439929374885,0.0010606601717798212,-0.011233170272166287));
#4644=DIRECTION('',(0.9159756150367527,0.38268343236509156,0.12059047744874038));
#4645=VECTOR('',#4644,0.0011480502970952643);
#4646=LINE('',#4643,#4645);
#4647=EDGE_CURVE('',#413,#415,#4646,.T.);
#4648=CARTESIAN_POINT('',(-0.08427281321677389,0.0015,-0.0110947263387044));
#4649=DIRECTION('',(-0.06540312923014278,0,0.9978589232386035));
#4650=VECTOR('',#4649,0.011118531969124348);
#4651=LINE('',#4648,#4650);
#4652=EDGE_CURVE('',#415,#399,#4651,.T.);
#4653=CARTESIAN_POINT('',(-0.085,0.0015,1.0409497792752502e-17));
#4654=DIRECTION('',(-0.9238795325112863,-0.38268343236509106,1.1314261122877005e-16));
#4655=VECTOR('',#4654,0.0011480502970952658);
#4656=LINE('',#4653,#4655);
#4657=EDGE_CURVE('',#399,#397,#4656,.T.);
#4658=CARTESIAN_POINT('',(-0.085,0.0015,1.0409497792752502e-17));
#4659=DIRECTION('',(0.06540312923014278,0,-0.9978589232386035));
#4660=VECTOR('',#4659,0.011118531969124348);
#4661=LINE('',#4658,#4660);
#4662=EDGE_CURVE('',#399,#415,#4661,.T.);
#4663=CARTESIAN_POINT('',(-0.08427281321677389,0.0015,-0.0110947263387044));
#4664=DIRECTION('',(0.9159756150367528,-0.38268343236509145,0.1205904774487389));
#4665=VECTOR('',#4664,0.001148050297095264);
#4666=LINE('',#4663,#4665);
#4667=EDGE_CURVE('',#415,#417,#4666,.T.);
#4668=CARTESIAN_POINT('',(-0.08322122713979893,0.0010606601717798214,-0.010956282405242516));
#4669=DIRECTION('',(-0.06540312923014262,0,0.9978589232386036));
#4670=VECTOR('',#4669,0.010979790980555985);
#4671=LINE('',#4668,#4670);
#4672=EDGE_CURVE('',#417,#401,#4671,.T.);
#4673=CARTESIAN_POINT('',(-0.08393933982822019,0.0010606601717798214,1.0279604384317179e-17));
#4674=DIRECTION('',(-0.9238795325112863,0.38268343236509084,1.1314261122877005e-16));
#4675=VECTOR('',#4674,0.0011480502970952658);
#4676=LINE('',#4673,#4675);
#4677=EDGE_CURVE('',#401,#399,#4676,.T.);
#4678=CARTESIAN_POINT('',(-0.08393933982822019,0.0010606601717798214,1.0279604384317179e-17));
#4679=DIRECTION('',(0.06540312923014262,0,-0.9978589232386036));
#4680=VECTOR('',#4679,0.010979790980555985);
#4681=LINE('',#4678,#4680);
#4682=EDGE_CURVE('',#401,#417,#4681,.T.);
#4683=CARTESIAN_POINT('',(-0.08322122713979893,0.0010606601717798214,-0.010956282405242516));
#4684=DIRECTION('',(0.3794095225512681,-0.9238795325112836,0.049950211252315475));
#4685=VECTOR('',#4684,0.0011480502970952731);
#4686=LINE('',#4683,#4685);
#4687=EDGE_CURVE('',#417,#419,#4686,.T.);
#4688=CARTESIAN_POINT('',(-0.08278564592471317,1.8369701987210298e-19,-0.010898937050374324));
#4689=DIRECTION('',(-0.06540312923014309,0,0.9978589232386035));
#4690=VECTOR('',#4689,0.010922322581433918);
#4691=LINE('',#4688,#4690);
#4692=EDGE_CURVE('',#419,#403,#4691,.T.);
#4693=CARTESIAN_POINT('',(-0.0835,1.8369701987210298e-19,1.02258007728804e-17));
#4694=DIRECTION('',(-0.38268343236509356,0.9238795325112852,4.6865204053262893e-17));
#4695=VECTOR('',#4694,0.0011480502970952712);
#4696=LINE('',#4693,#4695);
#4697=EDGE_CURVE('',#403,#401,#4696,.T.);
#4698=CARTESIAN_POINT('',(-0.0835,1.8369701987210298e-19,1.02258007728804e-17));
#4699=DIRECTION('',(0.06540312923014309,0,-0.9978589232386035));
#4700=VECTOR('',#4699,0.010922322581433918);
#4701=LINE('',#4698,#4700);
#4702=EDGE_CURVE('',#403,#419,#4701,.T.);
#4703=CARTESIAN_POINT('',(-0.08278564592471317,1.8369701987210298e-19,-0.010898937050374324));
#4704=DIRECTION('',(-0.37940952255126803,-0.9238795325112836,-0.04995021125231546));
#4705=VECTOR('',#4704,0.0011480502970952734);
#4706=LINE('',#4703,#4705);
#4707=EDGE_CURVE('',#419,#421,#4706,.T.);
#4708=CARTESIAN_POINT('',(-0.08322122713979893,-0.0010606601717798212,-0.010956282405242516));
#4709=DIRECTION('',(-0.06540312923014262,0,0.9978589232386036));
#4710=VECTOR('',#4709,0.010979790980555985);
#4711=LINE('',#4708,#4710);
#4712=EDGE_CURVE('',#421,#405,#4711,.T.);
#4713=CARTESIAN_POINT('',(-0.08393933982822019,-0.0010606601717798212,1.0279604384317179e-17));
#4714=DIRECTION('',(0.3826834323650935,0.9238795325112852,-4.686520405326289e-17));
#4715=VECTOR('',#4714,0.0011480502970952714);
#4716=LINE('',#4713,#4715);
#4717=EDGE_CURVE('',#405,#403,#4716,.T.);
#4718=CARTESIAN_POINT('',(-0.08393933982822019,-0.0010606601717798212,1.0279604384317179e-17));
#4719=DIRECTION('',(0.06540312923014262,0,-0.9978589232386036));
#4720=VECTOR('',#4719,0.010979790980555985);
#4721=LINE('',#4718,#4720);
#4722=EDGE_CURVE('',#405,#421,#4721,.T.);
#4723=CARTESIAN_POINT('',(-0.08322122713979893,-0.0010606601717798212,-0.010956282405242516));
#4724=DIRECTION('',(-0.9159756150367528,-0.3826834323650916,-0.1205904774487389));
#4725=VECTOR('',#4724,0.001148050297095264);
#4726=LINE('',#4723,#4725);
#4727=EDGE_CURVE('',#421,#423,#4726,.T.);
#4728=CARTESIAN_POINT('',(-0.08427281321677389,-0.0015,-0.0110947263387044));
#4729=DIRECTION('',(-0.06540312923014278,0,0.9978589232386035));
#4730=VECTOR('',#4729,0.011118531969124348);
#4731=LINE('',#4728,#4730);
#4732=EDGE_CURVE('',#423,#407,#4731,.T.);
#4733=CARTESIAN_POINT('',(-0.085,-0.0015,1.0409497792752502e-17));
#4734=DIRECTION('',(0.9238795325112863,0.38268343236509106,-1.1314261122877005e-16));
#4735=VECTOR('',#4734,0.0011480502970952658);
#4736=LINE('',#4733,#4735);
#4737=EDGE_CURVE('',#407,#405,#4736,.T.);
#4738=CARTESIAN_POINT('',(-0.085,-0.0015,1.0409497792752502e-17));
#4739=DIRECTION('',(0.06540312923014278,0,-0.9978589232386035));
#4740=VECTOR('',#4739,0.011118531969124348);
#4741=LINE('',#4738,#4740);
#4742=EDGE_CURVE('',#407,#423,#4741,.T.);
#4743=CARTESIAN_POINT('',(-0.08427281321677389,-0.0015,-0.0110947263387044));
#4744=DIRECTION('',(-0.9159756150367528,0.3826834323650912,-0.12059047744874041));
#4745=VECTOR('',#4744,0.001148050297095264);
#4746=LINE('',#4743,#4745);
#4747=EDGE_CURVE('',#423,#425,#4746,.T.);
#4748=CARTESIAN_POINT('',(-0.08532439929374885,-0.0010606601717798216,-0.011233170272166287));
#4749=DIRECTION('',(-0.06540312923014295,0,0.9978589232386035));
#4750=VECTOR('',#4749,0.01125727295769271);
#4751=LINE('',#4748,#4750);
#4752=EDGE_CURVE('',#425,#409,#4751,.T.);
#4753=CARTESIAN_POINT('',(-0.08606066017177982,-0.0010606601717798216,1.0539391201187826e-17));
#4754=DIRECTION('',(0.9238795325112863,-0.38268343236509067,-1.1314261122877005e-16));
#4755=VECTOR('',#4754,0.0011480502970952658);
#4756=LINE('',#4753,#4755);
#4757=EDGE_CURVE('',#409,#407,#4756,.T.);
#4758=CARTESIAN_POINT('',(-0.08606066017177982,-0.0010606601717798216,1.0539391201187826e-17));
#4759=DIRECTION('',(0.06540312923014295,0,-0.9978589232386035));
#4760=VECTOR('',#4759,0.01125727295769271);
#4761=LINE('',#4758,#4760);
#4762=EDGE_CURVE('',#409,#425,#4761,.T.);
#4763=CARTESIAN_POINT('',(-0.08532439929374885,-0.0010606601717798216,-0.011233170272166287));
#4764=DIRECTION('',(-0.37940952255125765,0.923879532511288,-0.04995021125231569));
#4765=VECTOR('',#4764,0.0011480502970952682);
#4766=LINE('',#4763,#4765);
#4767=EDGE_CURVE('',#425,#411,#4766,.T.);
#4768=CARTESIAN_POINT('',(-0.0857599805088346,0,-0.011290515627034479));
#4769=DIRECTION('',(-0.0654031292301437,0,0.9978589232386034));
#4770=VECTOR('',#4769,0.011314741356814779);
#4771=LINE('',#4768,#4770);
#4772=EDGE_CURVE('',#411,#395,#4771,.T.);
#4773=CARTESIAN_POINT('',(-0.08650000000000001,0,1.0593194812624606e-17));
#4774=DIRECTION('',(0.38268343236509345,-0.9238795325112852,-4.686520405326422e-17));
#4775=VECTOR('',#4774,0.0011480502970952716);
#4776=LINE('',#4773,#4775);
#4777=EDGE_CURVE('',#395,#409,#4776,.T.);
#4778=CARTESIAN_POINT('',(-0.0857599805088346,0,-0.011290515627034479));
#4779=DIRECTION('',(0.19509032201612686,0,-0.9807852804032308));
#4780=VECTOR('',#4779,0.011314741356814694);
#4781=LINE('',#4778,#4780);
#4782=EDGE_CURVE('',#411,#427,#4781,.T.);
#4783=CARTESIAN_POINT('',(-0.08355258397400443,0,-0.02238784740136801));
#4784=DIRECTION('',(0.36964381061439744,0.9238795325112824,0.0990457605412859));
#4785=VECTOR('',#4784,0.0011480502970952747);
#4786=LINE('',#4783,#4785);
#4787=EDGE_CURVE('',#427,#429,#4786,.T.);
#4788=CARTESIAN_POINT('',(-0.08312821428740914,0.0010606601717798212,-0.02227413788655256));
#4789=DIRECTION('',(-0.19509032201612836,0,0.9807852804032304));
#4790=VECTOR('',#4789,0.011257272957692634);
#4791=LINE('',#4788,#4790);
#4792=EDGE_CURVE('',#429,#413,#4791,.T.);
#4793=CARTESIAN_POINT('',(-0.08532439929374885,0.0010606601717798212,-0.011233170272166287));
#4794=DIRECTION('',(-0.37940952255125776,-0.9238795325112878,-0.0499502112523157));
#4795=VECTOR('',#4794,0.001148050297095268);
#4796=LINE('',#4793,#4795);
#4797=EDGE_CURVE('',#413,#411,#4796,.T.);
#4798=CARTESIAN_POINT('',(-0.08532439929374885,0.0010606601717798212,-0.011233170272166287));
#4799=DIRECTION('',(0.19509032201612836,0,-0.9807852804032304));
#4800=VECTOR('',#4799,0.011257272957692634);
#4801=LINE('',#4798,#4800);
#4802=EDGE_CURVE('',#413,#429,#4801,.T.);
#4803=CARTESIAN_POINT('',(-0.08312821428740914,0.0010606601717798212,-0.02227413788655256));
#4804=DIRECTION('',(0.892399100832521,0.382683432365093,0.2391176183943359));
#4805=VECTOR('',#4804,0.00114805029709526);
#4806=LINE('',#4803,#4805);
#4807=EDGE_CURVE('',#429,#431,#4806,.T.);
#4808=CARTESIAN_POINT('',(-0.08210369523457083,0.0015,-0.02199961883371423));
#4809=DIRECTION('',(-0.19509032201612794,0,0.9807852804032305));
#4810=VECTOR('',#4809,0.011118531969124271);
#4811=LINE('',#4808,#4810);
#4812=EDGE_CURVE('',#431,#415,#4811,.T.);
#4813=CARTESIAN_POINT('',(-0.08427281321677389,0.0015,-0.0110947263387044));
#4814=DIRECTION('',(-0.9159756150367527,-0.38268343236509156,-0.12059047744874038));
#4815=VECTOR('',#4814,0.0011480502970952643);
#4816=LINE('',#4813,#4815);
#4817=EDGE_CURVE('',#415,#413,#4816,.T.);
#4818=CARTESIAN_POINT('',(-0.08427281321677389,0.0015,-0.0110947263387044));
#4819=DIRECTION('',(0.19509032201612794,0,-0.9807852804032305));
#4820=VECTOR('',#4819,0.011118531969124271);
#4821=LINE('',#4818,#4820);
#4822=EDGE_CURVE('',#415,#431,#4821,.T.);
#4823=CARTESIAN_POINT('',(-0.08210369523457083,0.0015,-0.02199961883371423));
#4824=DIRECTION('',(0.8923991008325235,-0.38268343236508867,0.23911761839433332));
#4825=VECTOR('',#4824,0.0011480502970952723);
#4826=LINE('',#4823,#4825);
#4827=EDGE_CURVE('',#431,#433,#4826,.T.);
#4828=CARTESIAN_POINT('',(-0.08107917618173249,0.0010606601717798214,-0.021725099780875903));
#4829=DIRECTION('',(-0.19509032201612872,0,0.9807852804032303));
#4830=VECTOR('',#4829,0.01097979098055591);
#4831=LINE('',#4828,#4830);
#4832=EDGE_CURVE('',#433,#417,#4831,.T.);
#4833=CARTESIAN_POINT('',(-0.08322122713979893,0.0010606601717798214,-0.010956282405242516));
#4834=DIRECTION('',(-0.9159756150367528,0.38268343236509145,-0.1205904774487389));
#4835=VECTOR('',#4834,0.001148050297095264);
#4836=LINE('',#4833,#4835);
#4837=EDGE_CURVE('',#417,#415,#4836,.T.);
#4838=CARTESIAN_POINT('',(-0.08322122713979893,0.0010606601717798214,-0.010956282405242516));
#4839=DIRECTION('',(0.19509032201612872,0,-0.9807852804032303));
#4840=VECTOR('',#4839,0.01097979098055591);
#4841=LINE('',#4838,#4840);
#4842=EDGE_CURVE('',#417,#433,#4841,.T.);
#4843=CARTESIAN_POINT('',(-0.08107917618173249,0.0010606601717798214,-0.021725099780875903));
#4844=DIRECTION('',(0.3696438106143869,-0.9238795325112862,0.09904576054128934));
#4845=VECTOR('',#4844,0.00114805029709527);
#4846=LINE('',#4843,#4845);
#4847=EDGE_CURVE('',#433,#435,#4846,.T.);
#4848=CARTESIAN_POINT('',(-0.08065480649513722,1.8369701987210298e-19,-0.02161139026606045));
#4849=DIRECTION('',(-0.19509032201612794,0,0.9807852804032305));
#4850=VECTOR('',#4849,0.01092232258143384);
#4851=LINE('',#4848,#4850);
#4852=EDGE_CURVE('',#435,#419,#4851,.T.);
#4853=CARTESIAN_POINT('',(-0.08278564592471317,1.8369701987210298e-19,-0.010898937050374324));
#4854=DIRECTION('',(-0.3794095225512681,0.9238795325112836,-0.049950211252315475));
#4855=VECTOR('',#4854,0.0011480502970952731);
#4856=LINE('',#4853,#4855);
#4857=EDGE_CURVE('',#419,#417,#4856,.T.);
#4858=CARTESIAN_POINT('',(-0.08278564592471317,1.8369701987210298e-19,-0.010898937050374324));
#4859=DIRECTION('',(0.19509032201612794,0,-0.9807852804032305));
#4860=VECTOR('',#4859,0.01092232258143384);
#4861=LINE('',#4858,#4860);
#4862=EDGE_CURVE('',#419,#435,#4861,.T.);
#4863=CARTESIAN_POINT('',(-0.08065480649513722,1.8369701987210298e-19,-0.02161139026606045));
#4864=DIRECTION('',(-0.3696438106143868,-0.9238795325112863,-0.09904576054128932));
#4865=VECTOR('',#4864,0.0011480502970952701);
#4866=LINE('',#4863,#4865);
#4867=EDGE_CURVE('',#435,#437,#4866,.T.);
#4868=CARTESIAN_POINT('',(-0.08107917618173249,-0.0010606601717798212,-0.021725099780875903));
#4869=DIRECTION('',(-0.19509032201612872,0,0.9807852804032303));
#4870=VECTOR('',#4869,0.01097979098055591);
#4871=LINE('',#4868,#4870);
#4872=EDGE_CURVE('',#437,#421,#4871,.T.);
#4873=CARTESIAN_POINT('',(-0.08322122713979893,-0.0010606601717798212,-0.010956282405242516));
#4874=DIRECTION('',(0.37940952255126803,0.9238795325112836,0.04995021125231546));
#4875=VECTOR('',#4874,0.0011480502970952734);
#4876=LINE('',#4873,#4875);
#4877=EDGE_CURVE('',#421,#419,#4876,.T.);
#4878=CARTESIAN_POINT('',(-0.08322122713979893,-0.0010606601717798212,-0.010956282405242516));
#4879=DIRECTION('',(0.19509032201612872,0,-0.9807852804032303));
#4880=VECTOR('',#4879,0.01097979098055591);
#4881=LINE('',#4878,#4880);
#4882=EDGE_CURVE('',#421,#437,#4881,.T.);
#4883=CARTESIAN_POINT('',(-0.08107917618173249,-0.0010606601717798212,-0.021725099780875903));
#4884=DIRECTION('',(-0.8923991008325235,-0.3826834323650889,-0.23911761839433332));
#4885=VECTOR('',#4884,0.0011480502970952723);
#4886=LINE('',#4883,#4885);
#4887=EDGE_CURVE('',#437,#439,#4886,.T.);
#4888=CARTESIAN_POINT('',(-0.08210369523457083,-0.0015,-0.02199961883371423));
#4889=DIRECTION('',(-0.19509032201612794,0,0.9807852804032305));
#4890=VECTOR('',#4889,0.011118531969124271);
#4891=LINE('',#4888,#4890);
#4892=EDGE_CURVE('',#439,#423,#4891,.T.);
#4893=CARTESIAN_POINT('',(-0.08427281321677389,-0.0015,-0.0110947263387044));
#4894=DIRECTION('',(0.9159756150367528,0.3826834323650916,0.1205904774487389));
#4895=VECTOR('',#4894,0.001148050297095264);
#4896=LINE('',#4893,#4895);
#4897=EDGE_CURVE('',#423,#421,#4896,.T.);
#4898=CARTESIAN_POINT('',(-0.08427281321677389,-0.0015,-0.0110947263387044));
#4899=DIRECTION('',(0.19509032201612794,0,-0.9807852804032305));
#4900=VECTOR('',#4899,0.011118531969124271);
#4901=LINE('',#4898,#4900);
#4902=EDGE_CURVE('',#423,#439,#4901,.T.);
#4903=CARTESIAN_POINT('',(-0.08210369523457083,-0.0015,-0.02199961883371423));
#4904=DIRECTION('',(-0.8923991008325212,0.38268343236509267,-0.23911761839433593));
#4905=VECTOR('',#4904,0.0011480502970952597);
#4906=LINE('',#4903,#4905);
#4907=EDGE_CURVE('',#439,#441,#4906,.T.);
#4908=CARTESIAN_POINT('',(-0.08312821428740914,-0.0010606601717798216,-0.02227413788655256));
#4909=DIRECTION('',(-0.19509032201612836,0,0.9807852804032304));
#4910=VECTOR('',#4909,0.011257272957692634);
#4911=LINE('',#4908,#4910);
#4912=EDGE_CURVE('',#441,#425,#4911,.T.);
#4913=CARTESIAN_POINT('',(-0.08532439929374885,-0.0010606601717798216,-0.011233170272166287));
#4914=DIRECTION('',(0.9159756150367528,-0.3826834323650912,0.12059047744874041));
#4915=VECTOR('',#4914,0.001148050297095264);
#4916=LINE('',#4913,#4915);
#4917=EDGE_CURVE('',#425,#423,#4916,.T.);
#4918=CARTESIAN_POINT('',(-0.08532439929374885,-0.0010606601717798216,-0.011233170272166287));
#4919=DIRECTION('',(0.19509032201612836,0,-0.9807852804032304));
#4920=VECTOR('',#4919,0.011257272957692634);
#4921=LINE('',#4918,#4920);
#4922=EDGE_CURVE('',#425,#441,#4921,.T.);
#4923=CARTESIAN_POINT('',(-0.08312821428740914,-0.0010606601717798216,-0.02227413788655256));
#4924=DIRECTION('',(-0.3696438106143973,0.9238795325112824,-0.09904576054128587));
#4925=VECTOR('',#4924,0.001148050297095275);
#4926=LINE('',#4923,#4925);
#4927=EDGE_CURVE('',#441,#427,#4926,.T.);
#4928=CARTESIAN_POINT('',(-0.08355258397400443,0,-0.02238784740136801));
#4929=DIRECTION('',(-0.19509032201612686,0,0.9807852804032308));
#4930=VECTOR('',#4929,0.011314741356814694);
#4931=LINE('',#4928,#4930);
#4932=EDGE_CURVE('',#427,#411,#4931,.T.);
#4933=CARTESIAN_POINT('',(-0.0857599805088346,0,-0.011290515627034479));
#4934=DIRECTION('',(0.37940952255125765,-0.923879532511288,0.04995021125231569));
#4935=VECTOR('',#4934,0.0011480502970952682);
#4936=LINE('',#4933,#4935);
#4937=EDGE_CURVE('',#411,#425,#4936,.T.);
#4938=CARTESIAN_POINT('',(-0.08355258397400443,0,-0.02238784740136801));
#4939=DIRECTION('',(0.3214394653031615,0,-0.9469301294951057));
#4940=VECTOR('',#4939,0.01131474135681478);
#4941=LINE('',#4938,#4940);
#4942=EDGE_CURVE('',#427,#443,#4941,.T.);
#4943=CARTESIAN_POINT('',(-0.07991557956222632,0,-0.03310211689958026));
#4944=DIRECTION('',(0.35355339059328067,0.923879532511284,0.14644660940672705));
#4945=VECTOR('',#4944,0.0011480502970952727);
#4946=LINE('',#4943,#4945);
#4947=EDGE_CURVE('',#443,#445,#4946,.T.);
#4948=CARTESIAN_POINT('',(-0.07950968248711666,0.0010606601717798212,-0.03293398882614227));
#4949=DIRECTION('',(-0.32143946530316114,0,0.9469301294951059));
#4950=VECTOR('',#4949,0.011257272957692709);
#4951=LINE('',#4948,#4950);
#4952=EDGE_CURVE('',#445,#429,#4951,.T.);
#4953=CARTESIAN_POINT('',(-0.08312821428740914,0.0010606601717798212,-0.02227413788655256));
#4954=DIRECTION('',(-0.36964381061439744,-0.9238795325112824,-0.0990457605412859));
#4955=VECTOR('',#4954,0.0011480502970952747);
#4956=LINE('',#4953,#4955);
#4957=EDGE_CURVE('',#429,#427,#4956,.T.);
#4958=CARTESIAN_POINT('',(-0.08312821428740914,0.0010606601717798212,-0.02227413788655256));
#4959=DIRECTION('',(0.32143946530316114,0,-0.9469301294951059));
#4960=VECTOR('',#4959,0.011257272957692709);
#4961=LINE('',#4958,#4960);
#4962=EDGE_CURVE('',#429,#445,#4961,.T.);
#4963=CARTESIAN_POINT('',(-0.07950968248711666,0.0010606601717798212,-0.03293398882614227));
#4964=DIRECTION('',(0.8535533905932746,0.38268343236509067,0.3535533905932704));
#4965=VECTOR('',#4964,0.0011480502970952669);
#4966=LINE('',#4963,#4965);
#4967=EDGE_CURVE('',#445,#447,#4966,.T.);
#4968=CARTESIAN_POINT('',(-0.07852976026345938,0.0015,-0.03252809175103263));
#4969=DIRECTION('',(-0.32143946530316175,0,0.9469301294951057));
#4970=VECTOR('',#4969,0.011118531969124353);
#4971=LINE('',#4968,#4970);
#4972=EDGE_CURVE('',#447,#431,#4971,.T.);
#4973=CARTESIAN_POINT('',(-0.08210369523457083,0.0015,-0.02199961883371423));
#4974=DIRECTION('',(-0.892399100832521,-0.382683432365093,-0.2391176183943359));
#4975=VECTOR('',#4974,0.00114805029709526);
#4976=LINE('',#4973,#4975);
#4977=EDGE_CURVE('',#431,#429,#4976,.T.);
#4978=CARTESIAN_POINT('',(-0.08210369523457083,0.0015,-0.02199961883371423));
#4979=DIRECTION('',(0.32143946530316175,0,-0.9469301294951057));
#4980=VECTOR('',#4979,0.011118531969124353);
#4981=LINE('',#4978,#4980);
#4982=EDGE_CURVE('',#431,#447,#4981,.T.);
#4983=CARTESIAN_POINT('',(-0.07852976026345938,0.0015,-0.03252809175103263));
#4984=DIRECTION('',(0.8535533905932731,-0.3826834323650898,0.3535533905932758));
#4985=VECTOR('',#4984,0.001148050297095269);
#4986=LINE('',#4983,#4985);
#4987=EDGE_CURVE('',#447,#449,#4986,.T.);
#4988=CARTESIAN_POINT('',(-0.0775498380398021,0.0010606601717798214,-0.03212219467592298));
#4989=DIRECTION('',(-0.3214394653031614,0,0.9469301294951057));
#4990=VECTOR('',#4989,0.010979790980555987);
#4991=LINE('',#4988,#4990);
#4992=EDGE_CURVE('',#449,#433,#4991,.T.);
#4993=CARTESIAN_POINT('',(-0.08107917618173249,0.0010606601717798214,-0.021725099780875903));
#4994=DIRECTION('',(-0.8923991008325235,0.38268343236508867,-0.23911761839433332));
#4995=VECTOR('',#4994,0.0011480502970952723);
#4996=LINE('',#4993,#4995);
#4997=EDGE_CURVE('',#433,#431,#4996,.T.);
#4998=CARTESIAN_POINT('',(-0.08107917618173249,0.0010606601717798214,-0.021725099780875903));
#4999=DIRECTION('',(0.3214394653031614,0,-0.9469301294951057));
#5000=VECTOR('',#4999,0.010979790980555987);
#5001=LINE('',#4998,#5000);
#5002=EDGE_CURVE('',#433,#449,#5001,.T.);
#5003=CARTESIAN_POINT('',(-0.0775498380398021,0.0010606601717798214,-0.03212219467592298));
#5004=DIRECTION('',(0.3535533905932701,-0.923879532511288,0.14644660940672768));
#5005=VECTOR('',#5004,0.0011480502970952677);
#5006=LINE('',#5003,#5005);
#5007=EDGE_CURVE('',#449,#451,#5006,.T.);
#5008=CARTESIAN_POINT('',(-0.07714394096469246,1.8369701987210298e-19,-0.03195406660248499));
#5009=DIRECTION('',(-0.321439465303161,0,0.9469301294951059));
#5010=VECTOR('',#5009,0.010922322581433918);
#5011=LINE('',#5008,#5010);
#5012=EDGE_CURVE('',#451,#435,#5011,.T.);
#5013=CARTESIAN_POINT('',(-0.08065480649513722,1.8369701987210298e-19,-0.02161139026606045));
#5014=DIRECTION('',(-0.3696438106143869,0.9238795325112862,-0.09904576054128934));
#5015=VECTOR('',#5014,0.00114805029709527);
#5016=LINE('',#5013,#5015);
#5017=EDGE_CURVE('',#435,#433,#5016,.T.);
#5018=CARTESIAN_POINT('',(-0.08065480649513722,1.8369701987210298e-19,-0.02161139026606045));
#5019=DIRECTION('',(0.321439465303161,0,-0.9469301294951059));
#5020=VECTOR('',#5019,0.010922322581433918);
#5021=LINE('',#5018,#5020);
#5022=EDGE_CURVE('',#435,#451,#5021,.T.);
#5023=CARTESIAN_POINT('',(-0.07714394096469246,1.8369701987210298e-19,-0.03195406660248499));
#5024=DIRECTION('',(-0.35355339059327007,-0.923879532511288,-0.14644660940672766));
#5025=VECTOR('',#5024,0.001148050297095268);
#5026=LINE('',#5023,#5025);
#5027=EDGE_CURVE('',#451,#453,#5026,.T.);
#5028=CARTESIAN_POINT('',(-0.0775498380398021,-0.0010606601717798212,-0.03212219467592298));
#5029=DIRECTION('',(-0.3214394653031614,0,0.9469301294951057));
#5030=VECTOR('',#5029,0.010979790980555987);
#5031=LINE('',#5028,#5030);
#5032=EDGE_CURVE('',#453,#437,#5031,.T.);
#5033=CARTESIAN_POINT('',(-0.08107917618173249,-0.0010606601717798212,-0.021725099780875903));
#5034=DIRECTION('',(0.3696438106143868,0.9238795325112863,0.09904576054128932));
#5035=VECTOR('',#5034,0.0011480502970952701);
#5036=LINE('',#5033,#5035);
#5037=EDGE_CURVE('',#437,#435,#5036,.T.);
#5038=CARTESIAN_POINT('',(-0.08107917618173249,-0.0010606601717798212,-0.021725099780875903));
#5039=DIRECTION('',(0.3214394653031614,0,-0.9469301294951057));
#5040=VECTOR('',#5039,0.010979790980555987);
#5041=LINE('',#5038,#5040);
#5042=EDGE_CURVE('',#437,#453,#5041,.T.);
#5043=CARTESIAN_POINT('',(-0.0775498380398021,-0.0010606601717798212,-0.03212219467592298));
#5044=DIRECTION('',(-0.8535533905932728,-0.3826834323650899,-0.35355339059327573));
#5045=VECTOR('',#5044,0.0011480502970952692);
#5046=LINE('',#5043,#5045);
#5047=EDGE_CURVE('',#453,#455,#5046,.T.);
#5048=CARTESIAN_POINT('',(-0.07852976026345938,-0.0015,-0.03252809175103263));
#5049=DIRECTION('',(-0.32143946530316175,0,0.9469301294951057));
#5050=VECTOR('',#5049,0.011118531969124353);
#5051=LINE('',#5048,#5050);
#5052=EDGE_CURVE('',#455,#439,#5051,.T.);
#5053=CARTESIAN_POINT('',(-0.08210369523457083,-0.0015,-0.02199961883371423));
#5054=DIRECTION('',(0.8923991008325235,0.3826834323650889,0.23911761839433332));
#5055=VECTOR('',#5054,0.0011480502970952723);
#5056=LINE('',#5053,#5055);
#5057=EDGE_CURVE('',#439,#437,#5056,.T.);
#5058=CARTESIAN_POINT('',(-0.08210369523457083,-0.0015,-0.02199961883371423));
#5059=DIRECTION('',(0.32143946530316175,0,-0.9469301294951057));
#5060=VECTOR('',#5059,0.011118531969124353);
#5061=LINE('',#5058,#5060);
#5062=EDGE_CURVE('',#439,#455,#5061,.T.);
#5063=CARTESIAN_POINT('',(-0.07852976026345938,-0.0015,-0.03252809175103263));
#5064=DIRECTION('',(-0.8535533905932748,0.3826834323650904,-0.35355339059327046));
#5065=VECTOR('',#5064,0.0011480502970952666);
#5066=LINE('',#5063,#5065);
#5067=EDGE_CURVE('',#455,#457,#5066,.T.);
#5068=CARTESIAN_POINT('',(-0.07950968248711666,-0.0010606601717798216,-0.03293398882614227));
#5069=DIRECTION('',(-0.32143946530316114,0,0.9469301294951059));
#5070=VECTOR('',#5069,0.011257272957692709);
#5071=LINE('',#5068,#5070);
#5072=EDGE_CURVE('',#457,#441,#5071,.T.);
#5073=CARTESIAN_POINT('',(-0.08312821428740914,-0.0010606601717798216,-0.02227413788655256));
#5074=DIRECTION('',(0.8923991008325212,-0.38268343236509267,0.23911761839433593));
#5075=VECTOR('',#5074,0.0011480502970952597);
#5076=LINE('',#5073,#5075);
#5077=EDGE_CURVE('',#441,#439,#5076,.T.);
#5078=CARTESIAN_POINT('',(-0.08312821428740914,-0.0010606601717798216,-0.02227413788655256));
#5079=DIRECTION('',(0.32143946530316114,0,-0.9469301294951059));
#5080=VECTOR('',#5079,0.011257272957692709);
#5081=LINE('',#5078,#5080);
#5082=EDGE_CURVE('',#441,#457,#5081,.T.);
#5083=CARTESIAN_POINT('',(-0.07950968248711666,-0.0010606601717798216,-0.03293398882614227));
#5084=DIRECTION('',(-0.35355339059328056,0.923879532511284,-0.146446609406727));
#5085=VECTOR('',#5084,0.0011480502970952731);
#5086=LINE('',#5083,#5085);
#5087=EDGE_CURVE('',#457,#443,#5086,.T.);
#5088=CARTESIAN_POINT('',(-0.07991557956222632,0,-0.03310211689958026));
#5089=DIRECTION('',(-0.3214394653031615,0,0.9469301294951057));
#5090=VECTOR('',#5089,0.01131474135681478);
#5091=LINE('',#5088,#5090);
#5092=EDGE_CURVE('',#443,#427,#5091,.T.);
#5093=CARTESIAN_POINT('',(-0.08355258397400443,0,-0.02238784740136801));
#5094=DIRECTION('',(0.3696438106143973,-0.9238795325112824,0.09904576054128587));
#5095=VECTOR('',#5094,0.001148050297095275);
#5096=LINE('',#5093,#5095);
#5097=EDGE_CURVE('',#427,#441,#5096,.T.);
#5098=CARTESIAN_POINT('',(-0.07991557956222632,0,-0.03310211689958026));
#5099=DIRECTION('',(0.44228869021900186,0,-0.8968727415326879));
#5100=VECTOR('',#5099,0.011314741356814775);
#5101=LINE('',#5098,#5100);
#5102=EDGE_CURVE('',#443,#459,#5101,.T.);
#5103=CARTESIAN_POINT('',(-0.07491119742735394,0,-0.04325000000000001));
#5104=DIRECTION('',(0.3314135740355969,0.9238795325112845,0.19134171618254664));
#5105=VECTOR('',#5104,0.001148050297095272);
#5106=LINE('',#5103,#5105);
#5107=EDGE_CURVE('',#459,#461,#5106,.T.);
#5108=CARTESIAN_POINT('',(-0.07453071797522097,0.0010606601717798212,-0.04303033008588992));
#5109=DIRECTION('',(-0.4422886902190018,0,0.8968727415326881));
#5110=VECTOR('',#5109,0.011257272957692705);
#5111=LINE('',#5108,#5110);
#5112=EDGE_CURVE('',#461,#445,#5111,.T.);
#5113=CARTESIAN_POINT('',(-0.07950968248711666,0.0010606601717798212,-0.03293398882614227));
#5114=DIRECTION('',(-0.35355339059328067,-0.923879532511284,-0.14644660940672705));
#5115=VECTOR('',#5114,0.0011480502970952727);
#5116=LINE('',#5113,#5115);
#5117=EDGE_CURVE('',#445,#443,#5116,.T.);
#5118=CARTESIAN_POINT('',(-0.07950968248711666,0.0010606601717798212,-0.03293398882614227));
#5119=DIRECTION('',(0.4422886902190018,0,-0.8968727415326881));
#5120=VECTOR('',#5119,0.011257272957692705);
#5121=LINE('',#5118,#5120);
#5122=EDGE_CURVE('',#445,#461,#5121,.T.);
#5123=CARTESIAN_POINT('',(-0.07453071797522097,0.0010606601717798212,-0.04303033008588992));
#5124=DIRECTION('',(0.8001031451912617,0.382683432365094,0.46193976625564676));
#5125=VECTOR('',#5124,0.0011480502970952569);
#5126=LINE('',#5123,#5125);
#5127=EDGE_CURVE('',#461,#463,#5126,.T.);
#5128=CARTESIAN_POINT('',(-0.07361215932167729,0.0015,-0.04250000000000001));
#5129=DIRECTION('',(-0.4422886902190009,0,0.8968727415326885));
#5130=VECTOR('',#5129,0.011118531969124334);
#5131=LINE('',#5128,#5130);
#5132=EDGE_CURVE('',#463,#447,#5131,.T.);
#5133=CARTESIAN_POINT('',(-0.07852976026345938,0.0015,-0.03252809175103263));
#5134=DIRECTION('',(-0.8535533905932746,-0.38268343236509067,-0.3535533905932704));
#5135=VECTOR('',#5134,0.0011480502970952669);
#5136=LINE('',#5133,#5135);
#5137=EDGE_CURVE('',#447,#445,#5136,.T.);
#5138=CARTESIAN_POINT('',(-0.07852976026345938,0.0015,-0.03252809175103263));
#5139=DIRECTION('',(0.4422886902190009,0,-0.8968727415326885));
#5140=VECTOR('',#5139,0.011118531969124334);
#5141=LINE('',#5138,#5140);
#5142=EDGE_CURVE('',#447,#463,#5141,.T.);
#5143=CARTESIAN_POINT('',(-0.07361215932167729,0.0015,-0.04250000000000001));
#5144=DIRECTION('',(0.800103145191266,-0.3826834323650901,0.4619397662556423));
#5145=VECTOR('',#5144,0.001148050297095268);
#5146=LINE('',#5143,#5145);
#5147=EDGE_CURVE('',#463,#465,#5146,.T.);
#5148=CARTESIAN_POINT('',(-0.0726936006681336,0.0010606601717798214,-0.0419696699141101));
#5149=DIRECTION('',(-0.44228869021900086,0,0.8968727415326886));
#5150=VECTOR('',#5149,0.010979790980555975);
#5151=LINE('',#5148,#5150);
#5152=EDGE_CURVE('',#465,#449,#5151,.T.);
#5153=CARTESIAN_POINT('',(-0.0775498380398021,0.0010606601717798214,-0.03212219467592298));
#5154=DIRECTION('',(-0.8535533905932731,0.3826834323650898,-0.3535533905932758));
#5155=VECTOR('',#5154,0.001148050297095269);
#5156=LINE('',#5153,#5155);
#5157=EDGE_CURVE('',#449,#447,#5156,.T.);
#5158=CARTESIAN_POINT('',(-0.0775498380398021,0.0010606601717798214,-0.03212219467592298));
#5159=DIRECTION('',(0.44228869021900086,0,-0.8968727415326886));
#5160=VECTOR('',#5159,0.010979790980555975);
#5161=LINE('',#5158,#5160);
#5162=EDGE_CURVE('',#449,#465,#5161,.T.);
#5163=CARTESIAN_POINT('',(-0.0726936006681336,0.0010606601717798214,-0.0419696699141101));
#5164=DIRECTION('',(0.3314135740355969,-0.9238795325112845,0.19134171618254664));
#5165=VECTOR('',#5164,0.001148050297095272);
#5166=LINE('',#5163,#5165);
#5167=EDGE_CURVE('',#465,#467,#5166,.T.);
#5168=CARTESIAN_POINT('',(-0.07231312121600063,1.8369701987210298e-19,-0.04175000000000001));
#5169=DIRECTION('',(-0.4422886902190017,0,0.8968727415326881));
#5170=VECTOR('',#5169,0.010922322581433913);
#5171=LINE('',#5168,#5170);
#5172=EDGE_CURVE('',#467,#451,#5171,.T.);
#5173=CARTESIAN_POINT('',(-0.07714394096469246,1.8369701987210298e-19,-0.03195406660248499));
#5174=DIRECTION('',(-0.3535533905932701,0.923879532511288,-0.14644660940672768));
#5175=VECTOR('',#5174,0.0011480502970952677);
#5176=LINE('',#5173,#5175);
#5177=EDGE_CURVE('',#451,#449,#5176,.T.);
#5178=CARTESIAN_POINT('',(-0.07714394096469246,1.8369701987210298e-19,-0.03195406660248499));
#5179=DIRECTION('',(0.4422886902190017,0,-0.8968727415326881));
#5180=VECTOR('',#5179,0.010922322581433913);
#5181=LINE('',#5178,#5180);
#5182=EDGE_CURVE('',#451,#467,#5181,.T.);
#5183=CARTESIAN_POINT('',(-0.07231312121600063,1.8369701987210298e-19,-0.04175000000000001));
#5184=DIRECTION('',(-0.3314135740355969,-0.9238795325112846,-0.19134171618254664));
#5185=VECTOR('',#5184,0.001148050297095272);
#5186=LINE('',#5183,#5185);
#5187=EDGE_CURVE('',#467,#469,#5186,.T.);
#5188=CARTESIAN_POINT('',(-0.0726936006681336,-0.0010606601717798212,-0.0419696699141101));
#5189=DIRECTION('',(-0.44228869021900086,0,0.8968727415326886));
#5190=VECTOR('',#5189,0.010979790980555975);
#5191=LINE('',#5188,#5190);
#5192=EDGE_CURVE('',#469,#453,#5191,.T.);
#5193=CARTESIAN_POINT('',(-0.0775498380398021,-0.0010606601717798212,-0.03212219467592298));
#5194=DIRECTION('',(0.35355339059327007,0.923879532511288,0.14644660940672766));
#5195=VECTOR('',#5194,0.001148050297095268);
#5196=LINE('',#5193,#5195);
#5197=EDGE_CURVE('',#453,#451,#5196,.T.);
#5198=CARTESIAN_POINT('',(-0.0775498380398021,-0.0010606601717798212,-0.03212219467592298));
#5199=DIRECTION('',(0.44228869021900086,0,-0.8968727415326886));
#5200=VECTOR('',#5199,0.010979790980555975);
#5201=LINE('',#5198,#5200);
#5202=EDGE_CURVE('',#453,#469,#5201,.T.);
#5203=CARTESIAN_POINT('',(-0.0726936006681336,-0.0010606601717798212,-0.0419696699141101));
#5204=DIRECTION('',(-0.800103145191266,-0.38268343236509034,-0.4619397662556423));
#5205=VECTOR('',#5204,0.001148050297095268);
#5206=LINE('',#5203,#5205);
#5207=EDGE_CURVE('',#469,#471,#5206,.T.);
#5208=CARTESIAN_POINT('',(-0.07361215932167729,-0.0015,-0.04250000000000001));
#5209=DIRECTION('',(-0.4422886902190009,0,0.8968727415326885));
#5210=VECTOR('',#5209,0.011118531969124334);
#5211=LINE('',#5208,#5210);
#5212=EDGE_CURVE('',#471,#455,#5211,.T.);
#5213=CARTESIAN_POINT('',(-0.07852976026345938,-0.0015,-0.03252809175103263));
#5214=DIRECTION('',(0.8535533905932728,0.3826834323650899,0.35355339059327573));
#5215=VECTOR('',#5214,0.0011480502970952692);
#5216=LINE('',#5213,#5215);
#5217=EDGE_CURVE('',#455,#453,#5216,.T.);
#5218=CARTESIAN_POINT('',(-0.07852976026345938,-0.0015,-0.03252809175103263));
#5219=DIRECTION('',(0.4422886902190009,0,-0.8968727415326885));
#5220=VECTOR('',#5219,0.011118531969124334);
#5221=LINE('',#5218,#5220);
#5222=EDGE_CURVE('',#455,#471,#5221,.T.);
#5223=CARTESIAN_POINT('',(-0.07361215932167729,-0.0015,-0.04250000000000001));
#5224=DIRECTION('',(-0.8001031451912618,0.3826834323650937,-0.4619397662556468));
#5225=VECTOR('',#5224,0.0011480502970952567);
#5226=LINE('',#5223,#5225);
#5227=EDGE_CURVE('',#471,#473,#5226,.T.);
#5228=CARTESIAN_POINT('',(-0.07453071797522097,-0.0010606601717798216,-0.04303033008588992));
#5229=DIRECTION('',(-0.4422886902190018,0,0.8968727415326881));
#5230=VECTOR('',#5229,0.011257272957692705);
#5231=LINE('',#5228,#5230);
#5232=EDGE_CURVE('',#473,#457,#5231,.T.);
#5233=CARTESIAN_POINT('',(-0.07950968248711666,-0.0010606601717798216,-0.03293398882614227));
#5234=DIRECTION('',(0.8535533905932748,-0.3826834323650904,0.35355339059327046));
#5235=VECTOR('',#5234,0.0011480502970952666);
#5236=LINE('',#5233,#5235);
#5237=EDGE_CURVE('',#457,#455,#5236,.T.);
#5238=CARTESIAN_POINT('',(-0.07950968248711666,-0.0010606601717798216,-0.03293398882614227));
#5239=DIRECTION('',(0.4422886902190018,0,-0.8968727415326881));
#5240=VECTOR('',#5239,0.011257272957692705);
#5241=LINE('',#5238,#5240);
#5242=EDGE_CURVE('',#457,#473,#5241,.T.);
#5243=CARTESIAN_POINT('',(-0.07453071797522097,-0.0010606601717798216,-0.04303033008588992));
#5244=DIRECTION('',(-0.33141357403559685,0.9238795325112847,-0.1913417161825466));
#5245=VECTOR('',#5244,0.0011480502970952723);
#5246=LINE('',#5243,#5245);
#5247=EDGE_CURVE('',#473,#459,#5246,.T.);
#5248=CARTESIAN_POINT('',(-0.07491119742735394,0,-0.04325000000000001));
#5249=DIRECTION('',(-0.44228869021900186,0,0.8968727415326879));
#5250=VECTOR('',#5249,0.011314741356814775);
#5251=LINE('',#5248,#5250);
#5252=EDGE_CURVE('',#459,#443,#5251,.T.);
#5253=CARTESIAN_POINT('',(-0.07991557956222632,0,-0.03310211689958026));
#5254=DIRECTION('',(0.35355339059328056,-0.923879532511284,0.146446609406727));
#5255=VECTOR('',#5254,0.0011480502970952731);
#5256=LINE('',#5253,#5255);
#5257=EDGE_CURVE('',#443,#457,#5256,.T.);
#5258=CARTESIAN_POINT('',(-0.07491119742735394,0,-0.04325000000000001));
#5259=DIRECTION('',(0.555570233019602,0,-0.8314696123025455));
#5260=VECTOR('',#5259,0.011314741356814708);
#5261=LINE('',#5258,#5260);
#5262=EDGE_CURVE('',#459,#475,#5261,.T.);
#5263=CARTESIAN_POINT('',(-0.06862506393519187,0,-0.05265786360925431));
#5264=DIRECTION('',(0.3036031793409667,0.923879532511284,0.23296291314453516));
#5265=VECTOR('',#5264,0.0011480502970952727);
#5266=LINE('',#5263,#5265);
#5267=EDGE_CURVE('',#475,#477,#5266,.T.);
#5268=CARTESIAN_POINT('',(-0.0682765122149504,0.0010606601717798212,-0.05239041046760655));
#5269=DIRECTION('',(-0.5555702330196021,0,0.8314696123025452));
#5270=VECTOR('',#5269,0.011257272957692644);
#5271=LINE('',#5268,#5270);
#5272=EDGE_CURVE('',#477,#461,#5271,.T.);
#5273=CARTESIAN_POINT('',(-0.07453071797522097,0.0010606601717798212,-0.04303033008588992));
#5274=DIRECTION('',(-0.3314135740355969,-0.9238795325112845,-0.19134171618254664));
#5275=VECTOR('',#5274,0.001148050297095272);
#5276=LINE('',#5273,#5275);
#5277=EDGE_CURVE('',#461,#459,#5276,.T.);
#5278=CARTESIAN_POINT('',(-0.07453071797522097,0.0010606601717798212,-0.04303033008588992));
#5279=DIRECTION('',(0.5555702330196021,0,-0.8314696123025452));
#5280=VECTOR('',#5279,0.011257272957692644);
#5281=LINE('',#5278,#5280);
#5282=EDGE_CURVE('',#461,#477,#5281,.T.);
#5283=CARTESIAN_POINT('',(-0.0682765122149504,0.0010606601717798212,-0.05239041046760655));
#5284=DIRECTION('',(0.7329629131445311,0.38268343236509206,0.5624222244434822));
#5285=VECTOR('',#5284,0.0011480502970952627);
#5286=LINE('',#5283,#5285);
#5287=EDGE_CURVE('',#477,#479,#5286,.T.);
#5288=CARTESIAN_POINT('',(-0.06743503392475501,0.0015,-0.05174472146574123));
#5289=DIRECTION('',(-0.5555702330196025,0,0.831469612302545));
#5290=VECTOR('',#5289,0.011118531969124284);
#5291=LINE('',#5288,#5290);
#5292=EDGE_CURVE('',#479,#463,#5291,.T.);
#5293=CARTESIAN_POINT('',(-0.07361215932167729,0.0015,-0.04250000000000001));
#5294=DIRECTION('',(-0.8001031451912617,-0.382683432365094,-0.46193976625564676));
#5295=VECTOR('',#5294,0.0011480502970952569);
#5296=LINE('',#5293,#5295);
#5297=EDGE_CURVE('',#463,#461,#5296,.T.);
#5298=CARTESIAN_POINT('',(-0.07361215932167729,0.0015,-0.04250000000000001));
#5299=DIRECTION('',(0.5555702330196025,0,-0.831469612302545));
#5300=VECTOR('',#5299,0.011118531969124284);
#5301=LINE('',#5298,#5300);
#5302=EDGE_CURVE('',#463,#479,#5301,.T.);
#5303=CARTESIAN_POINT('',(-0.06743503392475501,0.0015,-0.05174472146574123));
#5304=DIRECTION('',(0.7329629131445311,-0.3826834323650919,0.5624222244434822));
#5305=VECTOR('',#5304,0.0011480502970952627);
#5306=LINE('',#5303,#5305);
#5307=EDGE_CURVE('',#479,#481,#5306,.T.);
#5308=CARTESIAN_POINT('',(-0.06659355563455963,0.0010606601717798214,-0.05109903246387591));
#5309=DIRECTION('',(-0.5555702330196021,0,0.8314696123025453));
#5310=VECTOR('',#5309,0.010979790980555916);
#5311=LINE('',#5308,#5310);
#5312=EDGE_CURVE('',#481,#465,#5311,.T.);
#5313=CARTESIAN_POINT('',(-0.0726936006681336,0.0010606601717798214,-0.0419696699141101));
#5314=DIRECTION('',(-0.800103145191266,0.3826834323650901,-0.4619397662556423));
#5315=VECTOR('',#5314,0.001148050297095268);
#5316=LINE('',#5313,#5315);
#5317=EDGE_CURVE('',#465,#463,#5316,.T.);
#5318=CARTESIAN_POINT('',(-0.0726936006681336,0.0010606601717798214,-0.0419696699141101));
#5319=DIRECTION('',(0.5555702330196021,0,-0.8314696123025453));
#5320=VECTOR('',#5319,0.010979790980555916);
#5321=LINE('',#5318,#5320);
#5322=EDGE_CURVE('',#465,#481,#5321,.T.);
#5323=CARTESIAN_POINT('',(-0.06659355563455963,0.0010606601717798214,-0.05109903246387591));
#5324=DIRECTION('',(0.3036031793409667,-0.923879532511284,0.23296291314453516));
#5325=VECTOR('',#5324,0.0011480502970952727);
#5326=LINE('',#5323,#5325);
#5327=EDGE_CURVE('',#481,#483,#5326,.T.);
#5328=CARTESIAN_POINT('',(-0.06624500391431816,1.8369701987210298e-19,-0.05083157932222815));
#5329=DIRECTION('',(-0.5555702330196023,0,0.8314696123025452));
#5330=VECTOR('',#5329,0.01092232258143385);
#5331=LINE('',#5328,#5330);
#5332=EDGE_CURVE('',#483,#467,#5331,.T.);
#5333=CARTESIAN_POINT('',(-0.07231312121600063,1.8369701987210298e-19,-0.04175000000000001));
#5334=DIRECTION('',(-0.3314135740355969,0.9238795325112845,-0.19134171618254664));
#5335=VECTOR('',#5334,0.001148050297095272);
#5336=LINE('',#5333,#5335);
#5337=EDGE_CURVE('',#467,#465,#5336,.T.);
#5338=CARTESIAN_POINT('',(-0.07231312121600063,1.8369701987210298e-19,-0.04175000000000001));
#5339=DIRECTION('',(0.5555702330196023,0,-0.8314696123025452));
#5340=VECTOR('',#5339,0.01092232258143385);
#5341=LINE('',#5338,#5340);
#5342=EDGE_CURVE('',#467,#483,#5341,.T.);
#5343=CARTESIAN_POINT('',(-0.06624500391431816,1.8369701987210298e-19,-0.05083157932222815));
#5344=DIRECTION('',(-0.30360317934096664,-0.923879532511284,-0.2329629131445351));
#5345=VECTOR('',#5344,0.001148050297095273);
#5346=LINE('',#5343,#5345);
#5347=EDGE_CURVE('',#483,#485,#5346,.T.);
#5348=CARTESIAN_POINT('',(-0.06659355563455963,-0.0010606601717798212,-0.05109903246387591));
#5349=DIRECTION('',(-0.5555702330196021,0,0.8314696123025453));
#5350=VECTOR('',#5349,0.010979790980555916);
#5351=LINE('',#5348,#5350);
#5352=EDGE_CURVE('',#485,#469,#5351,.T.);
#5353=CARTESIAN_POINT('',(-0.0726936006681336,-0.0010606601717798212,-0.0419696699141101));
#5354=DIRECTION('',(0.3314135740355969,0.9238795325112846,0.19134171618254664));
#5355=VECTOR('',#5354,0.001148050297095272);
#5356=LINE('',#5353,#5355);
#5357=EDGE_CURVE('',#469,#467,#5356,.T.);
#5358=CARTESIAN_POINT('',(-0.0726936006681336,-0.0010606601717798212,-0.0419696699141101));
#5359=DIRECTION('',(0.5555702330196021,0,-0.8314696123025453));
#5360=VECTOR('',#5359,0.010979790980555916);
#5361=LINE('',#5358,#5360);
#5362=EDGE_CURVE('',#469,#485,#5361,.T.);
#5363=CARTESIAN_POINT('',(-0.06659355563455963,-0.0010606601717798212,-0.05109903246387591));
#5364=DIRECTION('',(-0.7329629131445311,-0.38268343236509206,-0.5624222244434822));
#5365=VECTOR('',#5364,0.0011480502970952627);
#5366=LINE('',#5363,#5365);
#5367=EDGE_CURVE('',#485,#487,#5366,.T.);
#5368=CARTESIAN_POINT('',(-0.06743503392475501,-0.0015,-0.05174472146574123));
#5369=DIRECTION('',(-0.5555702330196025,0,0.831469612302545));
#5370=VECTOR('',#5369,0.011118531969124284);
#5371=LINE('',#5368,#5370);
#5372=EDGE_CURVE('',#487,#471,#5371,.T.);
#5373=CARTESIAN_POINT('',(-0.07361215932167729,-0.0015,-0.04250000000000001));
#5374=DIRECTION('',(0.800103145191266,0.38268343236509034,0.4619397662556423));
#5375=VECTOR('',#5374,0.001148050297095268);
#5376=LINE('',#5373,#5375);
#5377=EDGE_CURVE('',#471,#469,#5376,.T.);
#5378=CARTESIAN_POINT('',(-0.07361215932167729,-0.0015,-0.04250000000000001));
#5379=DIRECTION('',(0.5555702330196025,0,-0.831469612302545));
#5380=VECTOR('',#5379,0.011118531969124284);
#5381=LINE('',#5378,#5380);
#5382=EDGE_CURVE('',#471,#487,#5381,.T.);
#5383=CARTESIAN_POINT('',(-0.06743503392475501,-0.0015,-0.05174472146574123));
#5384=DIRECTION('',(-0.7329629131445311,0.38268343236509167,-0.5624222244434822));
#5385=VECTOR('',#5384,0.0011480502970952627);
#5386=LINE('',#5383,#5385);
#5387=EDGE_CURVE('',#487,#489,#5386,.T.);
#5388=CARTESIAN_POINT('',(-0.0682765122149504,-0.0010606601717798216,-0.05239041046760655));
#5389=DIRECTION('',(-0.5555702330196021,0,0.8314696123025452));
#5390=VECTOR('',#5389,0.011257272957692644);
#5391=LINE('',#5388,#5390);
#5392=EDGE_CURVE('',#489,#473,#5391,.T.);
#5393=CARTESIAN_POINT('',(-0.07453071797522097,-0.0010606601717798216,-0.04303033008588992));
#5394=DIRECTION('',(0.8001031451912618,-0.3826834323650937,0.4619397662556468));
#5395=VECTOR('',#5394,0.0011480502970952567);
#5396=LINE('',#5393,#5395);
#5397=EDGE_CURVE('',#473,#471,#5396,.T.);
#5398=CARTESIAN_POINT('',(-0.07453071797522097,-0.0010606601717798216,-0.04303033008588992));
#5399=DIRECTION('',(0.5555702330196021,0,-0.8314696123025452));
#5400=VECTOR('',#5399,0.011257272957692644);
#5401=LINE('',#5398,#5400);
#5402=EDGE_CURVE('',#473,#489,#5401,.T.);
#5403=CARTESIAN_POINT('',(-0.0682765122149504,-0.0010606601717798216,-0.05239041046760655));
#5404=DIRECTION('',(-0.3036031793409666,0.923879532511284,-0.23296291314453507));
#5405=VECTOR('',#5404,0.0011480502970952731);
#5406=LINE('',#5403,#5405);
#5407=EDGE_CURVE('',#489,#475,#5406,.T.);
#5408=CARTESIAN_POINT('',(-0.06862506393519187,0,-0.05265786360925431));
#5409=DIRECTION('',(-0.555570233019602,0,0.8314696123025455));
#5410=VECTOR('',#5409,0.011314741356814708);
#5411=LINE('',#5408,#5410);
#5412=EDGE_CURVE('',#475,#459,#5411,.T.);
#5413=CARTESIAN_POINT('',(-0.07491119742735394,0,-0.04325000000000001));
#5414=DIRECTION('',(0.33141357403559685,-0.9238795325112847,0.1913417161825466));
#5415=VECTOR('',#5414,0.0011480502970952723);
#5416=LINE('',#5413,#5415);
#5417=EDGE_CURVE('',#459,#473,#5416,.T.);
#5418=CARTESIAN_POINT('',(-0.06862506393519187,0,-0.05265786360925431));
#5419=DIRECTION('',(0.6593458151000683,0,-0.7518398074789778));
#5420=VECTOR('',#5419,0.011314741356814772);
#5421=LINE('',#5418,#5420);
#5422=EDGE_CURVE('',#475,#491,#5421,.T.);
#5423=CARTESIAN_POINT('',(-0.06116473657263638,0,-0.06116473657263636));
#5424=DIRECTION('',(0.2705980500731004,0.9238795325112857,0.2705980500731004));
#5425=VECTOR('',#5424,0.0011480502970952705);
#5426=LINE('',#5423,#5425);
#5427=EDGE_CURVE('',#491,#493,#5426,.T.);
#5428=CARTESIAN_POINT('',(-0.060854076400856556,0.0010606601717798212,-0.060854076400856535));
#5429=DIRECTION('',(-0.659345815100068,0,0.7518398074789782));
#5430=VECTOR('',#5429,0.0112572729576927);
#5431=LINE('',#5428,#5430);
#5432=EDGE_CURVE('',#493,#477,#5431,.T.);
#5433=CARTESIAN_POINT('',(-0.0682765122149504,0.0010606601717798212,-0.05239041046760655));
#5434=DIRECTION('',(-0.3036031793409667,-0.923879532511284,-0.23296291314453516));
#5435=VECTOR('',#5434,0.0011480502970952727);
#5436=LINE('',#5433,#5435);
#5437=EDGE_CURVE('',#477,#475,#5436,.T.);
#5438=CARTESIAN_POINT('',(-0.0682765122149504,0.0010606601717798212,-0.05239041046760655));
#5439=DIRECTION('',(0.659345815100068,0,-0.7518398074789782));
#5440=VECTOR('',#5439,0.0112572729576927);
#5441=LINE('',#5438,#5440);
#5442=EDGE_CURVE('',#477,#493,#5441,.T.);
#5443=CARTESIAN_POINT('',(-0.060854076400856556,0.0010606601717798212,-0.060854076400856535));
#5444=DIRECTION('',(0.6532814824381908,0.38268343236509106,0.6532814824381848));
#5445=VECTOR('',#5444,0.0011480502970952658);
#5446=LINE('',#5443,#5445);
#5447=EDGE_CURVE('',#493,#495,#5446,.T.);
#5448=CARTESIAN_POINT('',(-0.060104076400856556,0.0015,-0.06010407640085654));
#5449=DIRECTION('',(-0.6593458151000681,0,0.7518398074789779));
#5450=VECTOR('',#5449,0.011118531969124348);
#5451=LINE('',#5448,#5450);
#5452=EDGE_CURVE('',#495,#479,#5451,.T.);
#5453=CARTESIAN_POINT('',(-0.06743503392475501,0.0015,-0.05174472146574123));
#5454=DIRECTION('',(-0.7329629131445311,-0.38268343236509206,-0.5624222244434822));
#5455=VECTOR('',#5454,0.0011480502970952627);
#5456=LINE('',#5453,#5455);
#5457=EDGE_CURVE('',#479,#477,#5456,.T.);
#5458=CARTESIAN_POINT('',(-0.06743503392475501,0.0015,-0.05174472146574123));
#5459=DIRECTION('',(0.6593458151000681,0,-0.7518398074789779));
#5460=VECTOR('',#5459,0.011118531969124348);
#5461=LINE('',#5458,#5460);
#5462=EDGE_CURVE('',#479,#495,#5461,.T.);
#5463=CARTESIAN_POINT('',(-0.060104076400856556,0.0015,-0.06010407640085654));
#5464=DIRECTION('',(0.653281482438185,-0.38268343236509095,0.653281482438191));
#5465=VECTOR('',#5464,0.0011480502970952656);
#5466=LINE('',#5463,#5465);
#5467=EDGE_CURVE('',#495,#497,#5466,.T.);
#5468=CARTESIAN_POINT('',(-0.05935407640085656,0.0010606601717798214,-0.05935407640085654));
#5469=DIRECTION('',(-0.6593458151000684,0,0.7518398074789779));
#5470=VECTOR('',#5469,0.010979790980555983);
#5471=LINE('',#5468,#5470);
#5472=EDGE_CURVE('',#497,#481,#5471,.T.);
#5473=CARTESIAN_POINT('',(-0.06659355563455963,0.0010606601717798214,-0.05109903246387591));
#5474=DIRECTION('',(-0.7329629131445311,0.3826834323650919,-0.5624222244434822));
#5475=VECTOR('',#5474,0.0011480502970952627);
#5476=LINE('',#5473,#5475);
#5477=EDGE_CURVE('',#481,#479,#5476,.T.);
#5478=CARTESIAN_POINT('',(-0.06659355563455963,0.0010606601717798214,-0.05109903246387591));
#5479=DIRECTION('',(0.6593458151000684,0,-0.7518398074789779));
#5480=VECTOR('',#5479,0.010979790980555983);
#5481=LINE('',#5478,#5480);
#5482=EDGE_CURVE('',#481,#497,#5481,.T.);
#5483=CARTESIAN_POINT('',(-0.05935407640085656,0.0010606601717798214,-0.05935407640085654));
#5484=DIRECTION('',(0.2705980500731004,-0.9238795325112857,0.2705980500731004));
#5485=VECTOR('',#5484,0.0011480502970952705);
#5486=LINE('',#5483,#5485);
#5487=EDGE_CURVE('',#497,#499,#5486,.T.);
#5488=CARTESIAN_POINT('',(-0.05904341622907674,1.8369701987210298e-19,-0.05904341622907672));
#5489=DIRECTION('',(-0.6593458151000681,0,0.7518398074789783));
#5490=VECTOR('',#5489,0.010922322581433911);
#5491=LINE('',#5488,#5490);
#5492=EDGE_CURVE('',#499,#483,#5491,.T.);
#5493=CARTESIAN_POINT('',(-0.06624500391431816,1.8369701987210298e-19,-0.05083157932222815));
#5494=DIRECTION('',(-0.3036031793409667,0.923879532511284,-0.23296291314453516));
#5495=VECTOR('',#5494,0.0011480502970952727);
#5496=LINE('',#5493,#5495);
#5497=EDGE_CURVE('',#483,#481,#5496,.T.);
#5498=CARTESIAN_POINT('',(-0.06624500391431816,1.8369701987210298e-19,-0.05083157932222815));
#5499=DIRECTION('',(0.6593458151000681,0,-0.7518398074789783));
#5500=VECTOR('',#5499,0.010922322581433911);
#5501=LINE('',#5498,#5500);
#5502=EDGE_CURVE('',#483,#499,#5501,.T.);
#5503=CARTESIAN_POINT('',(-0.05904341622907674,1.8369701987210298e-19,-0.05904341622907672));
#5504=DIRECTION('',(-0.27059805007310034,-0.9238795325112857,-0.27059805007310034));
#5505=VECTOR('',#5504,0.0011480502970952708);
#5506=LINE('',#5503,#5505);
#5507=EDGE_CURVE('',#499,#501,#5506,.T.);
#5508=CARTESIAN_POINT('',(-0.05935407640085656,-0.0010606601717798212,-0.05935407640085654));
#5509=DIRECTION('',(-0.6593458151000684,0,0.7518398074789779));
#5510=VECTOR('',#5509,0.010979790980555983);
#5511=LINE('',#5508,#5510);
#5512=EDGE_CURVE('',#501,#485,#5511,.T.);
#5513=CARTESIAN_POINT('',(-0.06659355563455963,-0.0010606601717798212,-0.05109903246387591));
#5514=DIRECTION('',(0.30360317934096664,0.923879532511284,0.2329629131445351));
#5515=VECTOR('',#5514,0.001148050297095273);
#5516=LINE('',#5513,#5515);
#5517=EDGE_CURVE('',#485,#483,#5516,.T.);
#5518=CARTESIAN_POINT('',(-0.06659355563455963,-0.0010606601717798212,-0.05109903246387591));
#5519=DIRECTION('',(0.6593458151000684,0,-0.7518398074789779));
#5520=VECTOR('',#5519,0.010979790980555983);
#5521=LINE('',#5518,#5520);
#5522=EDGE_CURVE('',#485,#501,#5521,.T.);
#5523=CARTESIAN_POINT('',(-0.05935407640085656,-0.0010606601717798212,-0.05935407640085654));
#5524=DIRECTION('',(-0.6532814824381848,-0.38268343236509106,-0.6532814824381908));
#5525=VECTOR('',#5524,0.0011480502970952658);
#5526=LINE('',#5523,#5525);
#5527=EDGE_CURVE('',#501,#503,#5526,.T.);
#5528=CARTESIAN_POINT('',(-0.060104076400856556,-0.0015,-0.06010407640085654));
#5529=DIRECTION('',(-0.6593458151000681,0,0.7518398074789779));
#5530=VECTOR('',#5529,0.011118531969124348);
#5531=LINE('',#5528,#5530);
#5532=EDGE_CURVE('',#503,#487,#5531,.T.);
#5533=CARTESIAN_POINT('',(-0.06743503392475501,-0.0015,-0.05174472146574123));
#5534=DIRECTION('',(0.7329629131445311,0.38268343236509206,0.5624222244434822));
#5535=VECTOR('',#5534,0.0011480502970952627);
#5536=LINE('',#5533,#5535);
#5537=EDGE_CURVE('',#487,#485,#5536,.T.);
#5538=CARTESIAN_POINT('',(-0.06743503392475501,-0.0015,-0.05174472146574123));
#5539=DIRECTION('',(0.6593458151000681,0,-0.7518398074789779));
#5540=VECTOR('',#5539,0.011118531969124348);
#5541=LINE('',#5538,#5540);
#5542=EDGE_CURVE('',#487,#503,#5541,.T.);
#5543=CARTESIAN_POINT('',(-0.060104076400856556,-0.0015,-0.06010407640085654));
#5544=DIRECTION('',(-0.653281482438191,0.3826834323650907,-0.653281482438185));
#5545=VECTOR('',#5544,0.0011480502970952656);
#5546=LINE('',#5543,#5545);
#5547=EDGE_CURVE('',#503,#505,#5546,.T.);
#5548=CARTESIAN_POINT('',(-0.060854076400856556,-0.0010606601717798216,-0.060854076400856535));
#5549=DIRECTION('',(-0.659345815100068,0,0.7518398074789782));
#5550=VECTOR('',#5549,0.0112572729576927);
#5551=LINE('',#5548,#5550);
#5552=EDGE_CURVE('',#505,#489,#5551,.T.);
#5553=CARTESIAN_POINT('',(-0.0682765122149504,-0.0010606601717798216,-0.05239041046760655));
#5554=DIRECTION('',(0.7329629131445311,-0.38268343236509167,0.5624222244434822));
#5555=VECTOR('',#5554,0.0011480502970952627);
#5556=LINE('',#5553,#5555);
#5557=EDGE_CURVE('',#489,#487,#5556,.T.);
#5558=CARTESIAN_POINT('',(-0.0682765122149504,-0.0010606601717798216,-0.05239041046760655));
#5559=DIRECTION('',(0.659345815100068,0,-0.7518398074789782));
#5560=VECTOR('',#5559,0.0112572729576927);
#5561=LINE('',#5558,#5560);
#5562=EDGE_CURVE('',#489,#505,#5561,.T.);
#5563=CARTESIAN_POINT('',(-0.060854076400856556,-0.0010606601717798216,-0.060854076400856535));
#5564=DIRECTION('',(-0.2705980500731003,0.9238795325112857,-0.2705980500731003));
#5565=VECTOR('',#5564,0.001148050297095271);
#5566=LINE('',#5563,#5565);
#5567=EDGE_CURVE('',#505,#491,#5566,.T.);
#5568=CARTESIAN_POINT('',(-0.06116473657263638,0,-0.06116473657263636));
#5569=DIRECTION('',(-0.6593458151000683,0,0.7518398074789778));
#5570=VECTOR('',#5569,0.011314741356814772);
#5571=LINE('',#5568,#5570);
#5572=EDGE_CURVE('',#491,#475,#5571,.T.);
#5573=CARTESIAN_POINT('',(-0.06862506393519187,0,-0.05265786360925431));
#5574=DIRECTION('',(0.3036031793409666,-0.923879532511284,0.23296291314453507));
#5575=VECTOR('',#5574,0.0011480502970952731);
#5576=LINE('',#5573,#5575);
#5577=EDGE_CURVE('',#475,#489,#5576,.T.);
#5578=CARTESIAN_POINT('',(-0.06116473657263638,0,-0.06116473657263636));
#5579=DIRECTION('',(0.7518398074789778,0,-0.6593458151000686));
#5580=VECTOR('',#5579,0.011314741356814735);
#5581=LINE('',#5578,#5580);
#5582=EDGE_CURVE('',#491,#507,#5581,.T.);
#5583=CARTESIAN_POINT('',(-0.05265786360925436,0,-0.06862506393519183));
#5584=DIRECTION('',(0.232962913144536,0.9238795325112873,0.3036031793409557));
#5585=VECTOR('',#5584,0.0011480502970952686);
#5586=LINE('',#5583,#5585);
#5587=EDGE_CURVE('',#507,#509,#5586,.T.);
#5588=CARTESIAN_POINT('',(-0.0523904104676066,0.0010606601717798212,-0.06827651221495037));
#5589=DIRECTION('',(-0.7518398074789774,0,0.6593458151000688));
#5590=VECTOR('',#5589,0.011257272957692674);
#5591=LINE('',#5588,#5590);
#5592=EDGE_CURVE('',#509,#493,#5591,.T.);
#5593=CARTESIAN_POINT('',(-0.060854076400856556,0.0010606601717798212,-0.060854076400856535));
#5594=DIRECTION('',(-0.2705980500731004,-0.9238795325112857,-0.2705980500731004));
#5595=VECTOR('',#5594,0.0011480502970952705);
#5596=LINE('',#5593,#5595);
#5597=EDGE_CURVE('',#493,#491,#5596,.T.);
#5598=CARTESIAN_POINT('',(-0.060854076400856556,0.0010606601717798212,-0.060854076400856535));
#5599=DIRECTION('',(0.7518398074789774,0,-0.6593458151000688));
#5600=VECTOR('',#5599,0.011257272957692674);
#5601=LINE('',#5598,#5600);
#5602=EDGE_CURVE('',#493,#509,#5601,.T.);
#5603=CARTESIAN_POINT('',(-0.0523904104676066,0.0010606601717798212,-0.06827651221495037));
#5604=DIRECTION('',(0.5624222244434772,0.38268343236508867,0.7329629131445368));
#5605=VECTOR('',#5604,0.001148050297095273);
#5606=LINE('',#5603,#5605);
#5607=EDGE_CURVE('',#509,#511,#5606,.T.);
#5608=CARTESIAN_POINT('',(-0.05174472146574128,0.0015,-0.06743503392475497));
#5609=DIRECTION('',(-0.7518398074789778,0,0.6593458151000683));
#5610=VECTOR('',#5609,0.011118531969124303);
#5611=LINE('',#5608,#5610);
#5612=EDGE_CURVE('',#511,#495,#5611,.T.);
#5613=CARTESIAN_POINT('',(-0.060104076400856556,0.0015,-0.06010407640085654));
#5614=DIRECTION('',(-0.6532814824381908,-0.38268343236509106,-0.6532814824381848));
#5615=VECTOR('',#5614,0.0011480502970952658);
#5616=LINE('',#5613,#5615);
#5617=EDGE_CURVE('',#495,#493,#5616,.T.);
#5618=CARTESIAN_POINT('',(-0.060104076400856556,0.0015,-0.06010407640085654));
#5619=DIRECTION('',(0.7518398074789778,0,-0.6593458151000683));
#5620=VECTOR('',#5619,0.011118531969124303);
#5621=LINE('',#5618,#5620);
#5622=EDGE_CURVE('',#495,#511,#5621,.T.);
#5623=CARTESIAN_POINT('',(-0.05174472146574128,0.0015,-0.06743503392475497));
#5624=DIRECTION('',(0.5624222244434822,-0.3826834323650919,0.7329629131445311));
#5625=VECTOR('',#5624,0.0011480502970952627);
#5626=LINE('',#5623,#5625);
#5627=EDGE_CURVE('',#511,#513,#5626,.T.);
#5628=CARTESIAN_POINT('',(-0.05109903246387596,0.0010606601717798214,-0.06659355563455958));
#5629=DIRECTION('',(-0.7518398074789777,0,0.6593458151000686));
#5630=VECTOR('',#5629,0.010979790980555949);
#5631=LINE('',#5628,#5630);
#5632=EDGE_CURVE('',#513,#497,#5631,.T.);
#5633=CARTESIAN_POINT('',(-0.05935407640085656,0.0010606601717798214,-0.05935407640085654));
#5634=DIRECTION('',(-0.653281482438185,0.38268343236509095,-0.653281482438191));
#5635=VECTOR('',#5634,0.0011480502970952656);
#5636=LINE('',#5633,#5635);
#5637=EDGE_CURVE('',#497,#495,#5636,.T.);
#5638=CARTESIAN_POINT('',(-0.05935407640085656,0.0010606601717798214,-0.05935407640085654));
#5639=DIRECTION('',(0.7518398074789777,0,-0.6593458151000686));
#5640=VECTOR('',#5639,0.010979790980555949);
#5641=LINE('',#5638,#5640);
#5642=EDGE_CURVE('',#497,#513,#5641,.T.);
#5643=CARTESIAN_POINT('',(-0.05109903246387596,0.0010606601717798214,-0.06659355563455958));
#5644=DIRECTION('',(0.23296291314453516,-0.923879532511284,0.3036031793409667));
#5645=VECTOR('',#5644,0.0011480502970952727);
#5646=LINE('',#5643,#5645);
#5647=EDGE_CURVE('',#513,#515,#5646,.T.);
#5648=CARTESIAN_POINT('',(-0.0508315793222282,1.8369701987210298e-19,-0.06624500391431812));
#5649=DIRECTION('',(-0.751839807478978,0,0.6593458151000682));
#5650=VECTOR('',#5649,0.010922322581433877);
#5651=LINE('',#5648,#5650);
#5652=EDGE_CURVE('',#515,#499,#5651,.T.);
#5653=CARTESIAN_POINT('',(-0.05904341622907674,1.8369701987210298e-19,-0.05904341622907672));
#5654=DIRECTION('',(-0.2705980500731004,0.9238795325112857,-0.2705980500731004));
#5655=VECTOR('',#5654,0.0011480502970952705);
#5656=LINE('',#5653,#5655);
#5657=EDGE_CURVE('',#499,#497,#5656,.T.);
#5658=CARTESIAN_POINT('',(-0.05904341622907674,1.8369701987210298e-19,-0.05904341622907672));
#5659=DIRECTION('',(0.751839807478978,0,-0.6593458151000682));
#5660=VECTOR('',#5659,0.010922322581433877);
#5661=LINE('',#5658,#5660);
#5662=EDGE_CURVE('',#499,#515,#5661,.T.);
#5663=CARTESIAN_POINT('',(-0.0508315793222282,1.8369701987210298e-19,-0.06624500391431812));
#5664=DIRECTION('',(-0.2329629131445351,-0.923879532511284,-0.30360317934096664));
#5665=VECTOR('',#5664,0.001148050297095273);
#5666=LINE('',#5663,#5665);
#5667=EDGE_CURVE('',#515,#517,#5666,.T.);
#5668=CARTESIAN_POINT('',(-0.05109903246387596,-0.0010606601717798212,-0.06659355563455958));
#5669=DIRECTION('',(-0.7518398074789777,0,0.6593458151000686));
#5670=VECTOR('',#5669,0.010979790980555949);
#5671=LINE('',#5668,#5670);
#5672=EDGE_CURVE('',#517,#501,#5671,.T.);
#5673=CARTESIAN_POINT('',(-0.05935407640085656,-0.0010606601717798212,-0.05935407640085654));
#5674=DIRECTION('',(0.27059805007310034,0.9238795325112857,0.27059805007310034));
#5675=VECTOR('',#5674,0.0011480502970952708);
#5676=LINE('',#5673,#5675);
#5677=EDGE_CURVE('',#501,#499,#5676,.T.);
#5678=CARTESIAN_POINT('',(-0.05935407640085656,-0.0010606601717798212,-0.05935407640085654));
#5679=DIRECTION('',(0.7518398074789777,0,-0.6593458151000686));
#5680=VECTOR('',#5679,0.010979790980555949);
#5681=LINE('',#5678,#5680);
#5682=EDGE_CURVE('',#501,#517,#5681,.T.);
#5683=CARTESIAN_POINT('',(-0.05109903246387596,-0.0010606601717798212,-0.06659355563455958));
#5684=DIRECTION('',(-0.5624222244434822,-0.38268343236509206,-0.7329629131445311));
#5685=VECTOR('',#5684,0.0011480502970952627);
#5686=LINE('',#5683,#5685);
#5687=EDGE_CURVE('',#517,#519,#5686,.T.);
#5688=CARTESIAN_POINT('',(-0.05174472146574128,-0.0015,-0.06743503392475497));
#5689=DIRECTION('',(-0.7518398074789778,0,0.6593458151000683));
#5690=VECTOR('',#5689,0.011118531969124303);
#5691=LINE('',#5688,#5690);
#5692=EDGE_CURVE('',#519,#503,#5691,.T.);
#5693=CARTESIAN_POINT('',(-0.060104076400856556,-0.0015,-0.06010407640085654));
#5694=DIRECTION('',(0.6532814824381848,0.38268343236509106,0.6532814824381908));
#5695=VECTOR('',#5694,0.0011480502970952658);
#5696=LINE('',#5693,#5695);
#5697=EDGE_CURVE('',#503,#501,#5696,.T.);
#5698=CARTESIAN_POINT('',(-0.060104076400856556,-0.0015,-0.06010407640085654));
#5699=DIRECTION('',(0.7518398074789778,0,-0.6593458151000683));
#5700=VECTOR('',#5699,0.011118531969124303);
#5701=LINE('',#5698,#5700);
#5702=EDGE_CURVE('',#503,#519,#5701,.T.);
#5703=CARTESIAN_POINT('',(-0.05174472146574128,-0.0015,-0.06743503392475497));
#5704=DIRECTION('',(-0.5624222244434773,0.38268343236508834,-0.7329629131445369));
#5705=VECTOR('',#5704,0.0011480502970952727);
#5706=LINE('',#5703,#5705);
#5707=EDGE_CURVE('',#519,#521,#5706,.T.);
#5708=CARTESIAN_POINT('',(-0.0523904104676066,-0.0010606601717798216,-0.06827651221495037));
#5709=DIRECTION('',(-0.7518398074789774,0,0.6593458151000688));
#5710=VECTOR('',#5709,0.011257272957692674);
#5711=LINE('',#5708,#5710);
#5712=EDGE_CURVE('',#521,#505,#5711,.T.);
#5713=CARTESIAN_POINT('',(-0.060854076400856556,-0.0010606601717798216,-0.060854076400856535));
#5714=DIRECTION('',(0.653281482438191,-0.3826834323650907,0.653281482438185));
#5715=VECTOR('',#5714,0.0011480502970952656);
#5716=LINE('',#5713,#5715);
#5717=EDGE_CURVE('',#505,#503,#5716,.T.);
#5718=CARTESIAN_POINT('',(-0.060854076400856556,-0.0010606601717798216,-0.060854076400856535));
#5719=DIRECTION('',(0.7518398074789774,0,-0.6593458151000688));
#5720=VECTOR('',#5719,0.011257272957692674);
#5721=LINE('',#5718,#5720);
#5722=EDGE_CURVE('',#505,#521,#5721,.T.);
#5723=CARTESIAN_POINT('',(-0.0523904104676066,-0.0010606601717798216,-0.06827651221495037));
#5724=DIRECTION('',(-0.23296291314453593,0.9238795325112875,-0.30360317934095565));
#5725=VECTOR('',#5724,0.0011480502970952688);
#5726=LINE('',#5723,#5725);
#5727=EDGE_CURVE('',#521,#507,#5726,.T.);
#5728=CARTESIAN_POINT('',(-0.05265786360925436,0,-0.06862506393519183));
#5729=DIRECTION('',(-0.7518398074789778,0,0.6593458151000686));
#5730=VECTOR('',#5729,0.011314741356814735);
#5731=LINE('',#5728,#5730);
#5732=EDGE_CURVE('',#507,#491,#5731,.T.);
#5733=CARTESIAN_POINT('',(-0.06116473657263638,0,-0.06116473657263636));
#5734=DIRECTION('',(0.2705980500731003,-0.9238795325112857,0.2705980500731003));
#5735=VECTOR('',#5734,0.001148050297095271);
#5736=LINE('',#5733,#5735);
#5737=EDGE_CURVE('',#491,#505,#5736,.T.);
#5738=CARTESIAN_POINT('',(-0.05265786360925436,0,-0.06862506393519183));
#5739=DIRECTION('',(0.8314696123025447,0,-0.5555702330196031));
#5740=VECTOR('',#5739,0.011314741356814735);
#5741=LINE('',#5738,#5740);
#5742=EDGE_CURVE('',#507,#523,#5741,.T.);
#5743=CARTESIAN_POINT('',(-0.043250000000000045,0,-0.07491119742735393));
#5744=DIRECTION('',(0.19134171618254664,0.9238795325112845,0.3314135740355969));
#5745=VECTOR('',#5744,0.001148050297095272);
#5746=LINE('',#5743,#5745);
#5747=EDGE_CURVE('',#523,#525,#5746,.T.);
#5748=CARTESIAN_POINT('',(-0.04303033008588995,0.0010606601717798212,-0.07453071797522096));
#5749=DIRECTION('',(-0.8314696123025451,0,0.5555702330196024));
#5750=VECTOR('',#5749,0.011257272957692663);
#5751=LINE('',#5748,#5750);
#5752=EDGE_CURVE('',#525,#509,#5751,.T.);
#5753=CARTESIAN_POINT('',(-0.0523904104676066,0.0010606601717798212,-0.06827651221495037));
#5754=DIRECTION('',(-0.232962913144536,-0.9238795325112873,-0.3036031793409557));
#5755=VECTOR('',#5754,0.0011480502970952686);
#5756=LINE('',#5753,#5755);
#5757=EDGE_CURVE('',#509,#507,#5756,.T.);
#5758=CARTESIAN_POINT('',(-0.0523904104676066,0.0010606601717798212,-0.06827651221495037));
#5759=DIRECTION('',(0.8314696123025451,0,-0.5555702330196024));
#5760=VECTOR('',#5759,0.011257272957692663);
#5761=LINE('',#5758,#5760);
#5762=EDGE_CURVE('',#509,#525,#5761,.T.);
#5763=CARTESIAN_POINT('',(-0.04303033008588995,0.0010606601717798212,-0.07453071797522096));
#5764=DIRECTION('',(0.4619397662556469,0.38268343236508917,0.8001031451912636));
#5765=VECTOR('',#5764,0.0011480502970952714);
#5766=LINE('',#5763,#5765);
#5767=EDGE_CURVE('',#525,#527,#5766,.T.);
#5768=CARTESIAN_POINT('',(-0.04250000000000004,0.0015,-0.07361215932167726));
#5769=DIRECTION('',(-0.831469612302545,0,0.5555702330196025));
#5770=VECTOR('',#5769,0.01111853196912431);
#5771=LINE('',#5768,#5770);
#5772=EDGE_CURVE('',#527,#511,#5771,.T.);
#5773=CARTESIAN_POINT('',(-0.05174472146574128,0.0015,-0.06743503392475497));
#5774=DIRECTION('',(-0.5624222244434772,-0.38268343236508867,-0.7329629131445368));
#5775=VECTOR('',#5774,0.001148050297095273);
#5776=LINE('',#5773,#5775);
#5777=EDGE_CURVE('',#511,#509,#5776,.T.);
#5778=CARTESIAN_POINT('',(-0.05174472146574128,0.0015,-0.06743503392475497));
#5779=DIRECTION('',(0.831469612302545,0,-0.5555702330196025));
#5780=VECTOR('',#5779,0.01111853196912431);
#5781=LINE('',#5778,#5780);
#5782=EDGE_CURVE('',#511,#527,#5781,.T.);
#5783=CARTESIAN_POINT('',(-0.04250000000000004,0.0015,-0.07361215932167726));
#5784=DIRECTION('',(0.4619397662556423,-0.3826834323650901,0.800103145191266));
#5785=VECTOR('',#5784,0.001148050297095268);
#5786=LINE('',#5783,#5785);
#5787=EDGE_CURVE('',#527,#529,#5786,.T.);
#5788=CARTESIAN_POINT('',(-0.04196966991411013,0.0010606601717798214,-0.07269360066813357));
#5789=DIRECTION('',(-0.8314696123025453,0,0.5555702330196021));
#5790=VECTOR('',#5789,0.01097979098055594);
#5791=LINE('',#5788,#5790);
#5792=EDGE_CURVE('',#529,#513,#5791,.T.);
#5793=CARTESIAN_POINT('',(-0.05109903246387596,0.0010606601717798214,-0.06659355563455958));
#5794=DIRECTION('',(-0.5624222244434822,0.3826834323650919,-0.7329629131445311));
#5795=VECTOR('',#5794,0.0011480502970952627);
#5796=LINE('',#5793,#5795);
#5797=EDGE_CURVE('',#513,#511,#5796,.T.);
#5798=CARTESIAN_POINT('',(-0.05109903246387596,0.0010606601717798214,-0.06659355563455958));
#5799=DIRECTION('',(0.8314696123025453,0,-0.5555702330196021));
#5800=VECTOR('',#5799,0.01097979098055594);
#5801=LINE('',#5798,#5800);
#5802=EDGE_CURVE('',#513,#529,#5801,.T.);
#5803=CARTESIAN_POINT('',(-0.04196966991411013,0.0010606601717798214,-0.07269360066813357));
#5804=DIRECTION('',(0.19134171618254744,-0.9238795325112883,0.3314135740355862));
#5805=VECTOR('',#5804,0.0011480502970952673);
#5806=LINE('',#5803,#5805);
#5807=EDGE_CURVE('',#529,#531,#5806,.T.);
#5808=CARTESIAN_POINT('',(-0.04175000000000004,1.8369701987210298e-19,-0.07231312121600061));
#5809=DIRECTION('',(-0.8314696123025447,0,0.5555702330196032));
#5810=VECTOR('',#5809,0.010922322581433884);
#5811=LINE('',#5808,#5810);
#5812=EDGE_CURVE('',#531,#515,#5811,.T.);
#5813=CARTESIAN_POINT('',(-0.0508315793222282,1.8369701987210298e-19,-0.06624500391431812));
#5814=DIRECTION('',(-0.23296291314453516,0.923879532511284,-0.3036031793409667));
#5815=VECTOR('',#5814,0.0011480502970952727);
#5816=LINE('',#5813,#5815);
#5817=EDGE_CURVE('',#515,#513,#5816,.T.);
#5818=CARTESIAN_POINT('',(-0.0508315793222282,1.8369701987210298e-19,-0.06624500391431812));
#5819=DIRECTION('',(0.8314696123025447,0,-0.5555702330196032));
#5820=VECTOR('',#5819,0.010922322581433884);
#5821=LINE('',#5818,#5820);
#5822=EDGE_CURVE('',#515,#531,#5821,.T.);
#5823=CARTESIAN_POINT('',(-0.04175000000000004,1.8369701987210298e-19,-0.07231312121600061));
#5824=DIRECTION('',(-0.19134171618254742,-0.9238795325112883,-0.33141357403558613));
#5825=VECTOR('',#5824,0.0011480502970952675);
#5826=LINE('',#5823,#5825);
#5827=EDGE_CURVE('',#531,#533,#5826,.T.);
#5828=CARTESIAN_POINT('',(-0.04196966991411013,-0.0010606601717798212,-0.07269360066813357));
#5829=DIRECTION('',(-0.8314696123025453,0,0.5555702330196021));
#5830=VECTOR('',#5829,0.01097979098055594);
#5831=LINE('',#5828,#5830);
#5832=EDGE_CURVE('',#533,#517,#5831,.T.);
#5833=CARTESIAN_POINT('',(-0.05109903246387596,-0.0010606601717798212,-0.06659355563455958));
#5834=DIRECTION('',(0.2329629131445351,0.923879532511284,0.30360317934096664));
#5835=VECTOR('',#5834,0.001148050297095273);
#5836=LINE('',#5833,#5835);
#5837=EDGE_CURVE('',#517,#515,#5836,.T.);
#5838=CARTESIAN_POINT('',(-0.05109903246387596,-0.0010606601717798212,-0.06659355563455958));
#5839=DIRECTION('',(0.8314696123025453,0,-0.5555702330196021));
#5840=VECTOR('',#5839,0.01097979098055594);
#5841=LINE('',#5838,#5840);
#5842=EDGE_CURVE('',#517,#533,#5841,.T.);
#5843=CARTESIAN_POINT('',(-0.04196966991411013,-0.0010606601717798212,-0.07269360066813357));
#5844=DIRECTION('',(-0.4619397662556423,-0.38268343236509034,-0.800103145191266));
#5845=VECTOR('',#5844,0.001148050297095268);
#5846=LINE('',#5843,#5845);
#5847=EDGE_CURVE('',#533,#535,#5846,.T.);
#5848=CARTESIAN_POINT('',(-0.04250000000000004,-0.0015,-0.07361215932167726));
#5849=DIRECTION('',(-0.831469612302545,0,0.5555702330196025));
#5850=VECTOR('',#5849,0.01111853196912431);
#5851=LINE('',#5848,#5850);
#5852=EDGE_CURVE('',#535,#519,#5851,.T.);
#5853=CARTESIAN_POINT('',(-0.05174472146574128,-0.0015,-0.06743503392475497));
#5854=DIRECTION('',(0.5624222244434822,0.38268343236509206,0.7329629131445311));
#5855=VECTOR('',#5854,0.0011480502970952627);
#5856=LINE('',#5853,#5855);
#5857=EDGE_CURVE('',#519,#517,#5856,.T.);
#5858=CARTESIAN_POINT('',(-0.05174472146574128,-0.0015,-0.06743503392475497));
#5859=DIRECTION('',(0.831469612302545,0,-0.5555702330196025));
#5860=VECTOR('',#5859,0.01111853196912431);
#5861=LINE('',#5858,#5860);
#5862=EDGE_CURVE('',#519,#535,#5861,.T.);
#5863=CARTESIAN_POINT('',(-0.04250000000000004,-0.0015,-0.07361215932167726));
#5864=DIRECTION('',(-0.46193976625564703,0.38268343236508884,-0.8001031451912638));
#5865=VECTOR('',#5864,0.0011480502970952712);
#5866=LINE('',#5863,#5865);
#5867=EDGE_CURVE('',#535,#537,#5866,.T.);
#5868=CARTESIAN_POINT('',(-0.04303033008588995,-0.0010606601717798216,-0.07453071797522096));
#5869=DIRECTION('',(-0.8314696123025451,0,0.5555702330196024));
#5870=VECTOR('',#5869,0.011257272957692663);
#5871=LINE('',#5868,#5870);
#5872=EDGE_CURVE('',#537,#521,#5871,.T.);
#5873=CARTESIAN_POINT('',(-0.0523904104676066,-0.0010606601717798216,-0.06827651221495037));
#5874=DIRECTION('',(0.5624222244434773,-0.38268343236508834,0.7329629131445369));
#5875=VECTOR('',#5874,0.0011480502970952727);
#5876=LINE('',#5873,#5875);
#5877=EDGE_CURVE('',#521,#519,#5876,.T.);
#5878=CARTESIAN_POINT('',(-0.0523904104676066,-0.0010606601717798216,-0.06827651221495037));
#5879=DIRECTION('',(0.8314696123025451,0,-0.5555702330196024));
#5880=VECTOR('',#5879,0.011257272957692663);
#5881=LINE('',#5878,#5880);
#5882=EDGE_CURVE('',#521,#537,#5881,.T.);
#5883=CARTESIAN_POINT('',(-0.04303033008588995,-0.0010606601717798216,-0.07453071797522096));
#5884=DIRECTION('',(-0.1913417161825466,0.9238795325112847,-0.33141357403559685));
#5885=VECTOR('',#5884,0.0011480502970952723);
#5886=LINE('',#5883,#5885);
#5887=EDGE_CURVE('',#537,#523,#5886,.T.);
#5888=CARTESIAN_POINT('',(-0.043250000000000045,0,-0.07491119742735393));
#5889=DIRECTION('',(-0.8314696123025447,0,0.5555702330196031));
#5890=VECTOR('',#5889,0.011314741356814735);
#5891=LINE('',#5888,#5890);
#5892=EDGE_CURVE('',#523,#507,#5891,.T.);
#5893=CARTESIAN_POINT('',(-0.05265786360925436,0,-0.06862506393519183));
#5894=DIRECTION('',(0.23296291314453593,-0.9238795325112875,0.30360317934095565));
#5895=VECTOR('',#5894,0.0011480502970952688);
#5896=LINE('',#5893,#5895);
#5897=EDGE_CURVE('',#507,#521,#5896,.T.);
#5898=CARTESIAN_POINT('',(-0.043250000000000045,0,-0.07491119742735393));
#5899=DIRECTION('',(0.8968727415326883,0,-0.4422886902190017));
#5900=VECTOR('',#5899,0.011314741356814748);
#5901=LINE('',#5898,#5900);
#5902=EDGE_CURVE('',#523,#539,#5901,.T.);
#5903=CARTESIAN_POINT('',(-0.033102116899580314,0,-0.0799155795622263));
#5904=DIRECTION('',(0.14644660940672705,0.923879532511284,0.35355339059328067));
#5905=VECTOR('',#5904,0.0011480502970952727);
#5906=LINE('',#5903,#5905);
#5907=EDGE_CURVE('',#539,#541,#5906,.T.);
#5908=CARTESIAN_POINT('',(-0.032933988826142326,0.0010606601717798212,-0.07950968248711664));
#5909=DIRECTION('',(-0.8968727415326881,0,0.4422886902190015));
#5910=VECTOR('',#5909,0.01125727295769268);
#5911=LINE('',#5908,#5910);
#5912=EDGE_CURVE('',#541,#525,#5911,.T.);
#5913=CARTESIAN_POINT('',(-0.04303033008588995,0.0010606601717798212,-0.07453071797522096));
#5914=DIRECTION('',(-0.19134171618254664,-0.9238795325112845,-0.3314135740355969));
#5915=VECTOR('',#5914,0.001148050297095272);
#5916=LINE('',#5913,#5915);
#5917=EDGE_CURVE('',#525,#523,#5916,.T.);
#5918=CARTESIAN_POINT('',(-0.04303033008588995,0.0010606601717798212,-0.07453071797522096));
#5919=DIRECTION('',(0.8968727415326881,0,-0.4422886902190015));
#5920=VECTOR('',#5919,0.01125727295769268);
#5921=LINE('',#5918,#5920);
#5922=EDGE_CURVE('',#525,#541,#5921,.T.);
#5923=CARTESIAN_POINT('',(-0.032933988826142326,0.0010606601717798212,-0.07950968248711664));
#5924=DIRECTION('',(0.35355339059327046,0.3826834323650907,0.8535533905932748));
#5925=VECTOR('',#5924,0.0011480502970952666);
#5926=LINE('',#5923,#5925);
#5927=EDGE_CURVE('',#541,#543,#5926,.T.);
#5928=CARTESIAN_POINT('',(-0.03252809175103268,0.0015,-0.07852976026345936));
#5929=DIRECTION('',(-0.896872741532688,0,0.4422886902190019));
#5930=VECTOR('',#5929,0.01111853196912431);
#5931=LINE('',#5928,#5930);
#5932=EDGE_CURVE('',#543,#527,#5931,.T.);
#5933=CARTESIAN_POINT('',(-0.04250000000000004,0.0015,-0.07361215932167726));
#5934=DIRECTION('',(-0.4619397662556469,-0.38268343236508917,-0.8001031451912636));
#5935=VECTOR('',#5934,0.0011480502970952714);
#5936=LINE('',#5933,#5935);
#5937=EDGE_CURVE('',#527,#525,#5936,.T.);
#5938=CARTESIAN_POINT('',(-0.04250000000000004,0.0015,-0.07361215932167726));
#5939=DIRECTION('',(0.896872741532688,0,-0.4422886902190019));
#5940=VECTOR('',#5939,0.01111853196912431);
#5941=LINE('',#5938,#5940);
#5942=EDGE_CURVE('',#527,#543,#5941,.T.);
#5943=CARTESIAN_POINT('',(-0.03252809175103268,0.0015,-0.07852976026345936));
#5944=DIRECTION('',(0.3535533905932758,-0.3826834323650898,0.8535533905932731));
#5945=VECTOR('',#5944,0.001148050297095269);
#5946=LINE('',#5943,#5945);
#5947=EDGE_CURVE('',#543,#545,#5946,.T.);
#5948=CARTESIAN_POINT('',(-0.03212219467592303,0.0010606601717798214,-0.07754983803980207));
#5949=DIRECTION('',(-0.896872741532688,0,0.4422886902190018));
#5950=VECTOR('',#5949,0.01097979098055595);
#5951=LINE('',#5948,#5950);
#5952=EDGE_CURVE('',#545,#529,#5951,.T.);
#5953=CARTESIAN_POINT('',(-0.04196966991411013,0.0010606601717798214,-0.07269360066813357));
#5954=DIRECTION('',(-0.4619397662556423,0.3826834323650901,-0.800103145191266));
#5955=VECTOR('',#5954,0.001148050297095268);
#5956=LINE('',#5953,#5955);
#5957=EDGE_CURVE('',#529,#527,#5956,.T.);
#5958=CARTESIAN_POINT('',(-0.04196966991411013,0.0010606601717798214,-0.07269360066813357));
#5959=DIRECTION('',(0.896872741532688,0,-0.4422886902190018));
#5960=VECTOR('',#5959,0.01097979098055595);
#5961=LINE('',#5958,#5960);
#5962=EDGE_CURVE('',#529,#545,#5961,.T.);
#5963=CARTESIAN_POINT('',(-0.03212219467592303,0.0010606601717798214,-0.07754983803980207));
#5964=DIRECTION('',(0.14644660940672768,-0.923879532511288,0.3535533905932701));
#5965=VECTOR('',#5964,0.0011480502970952677);
#5966=LINE('',#5963,#5965);
#5967=EDGE_CURVE('',#545,#547,#5966,.T.);
#5968=CARTESIAN_POINT('',(-0.031954066602485044,1.8369701987210298e-19,-0.07714394096469243));
#5969=DIRECTION('',(-0.8968727415326881,0,0.4422886902190017));
#5970=VECTOR('',#5969,0.010922322581433882);
#5971=LINE('',#5968,#5970);
#5972=EDGE_CURVE('',#547,#531,#5971,.T.);
#5973=CARTESIAN_POINT('',(-0.04175000000000004,1.8369701987210298e-19,-0.07231312121600061));
#5974=DIRECTION('',(-0.19134171618254744,0.9238795325112883,-0.3314135740355862));
#5975=VECTOR('',#5974,0.0011480502970952673);
#5976=LINE('',#5973,#5975);
#5977=EDGE_CURVE('',#531,#529,#5976,.T.);
#5978=CARTESIAN_POINT('',(-0.04175000000000004,1.8369701987210298e-19,-0.07231312121600061));
#5979=DIRECTION('',(0.8968727415326881,0,-0.4422886902190017));
#5980=VECTOR('',#5979,0.010922322581433882);
#5981=LINE('',#5978,#5980);
#5982=EDGE_CURVE('',#531,#547,#5981,.T.);
#5983=CARTESIAN_POINT('',(-0.031954066602485044,1.8369701987210298e-19,-0.07714394096469243));
#5984=DIRECTION('',(-0.14644660940672766,-0.923879532511288,-0.35355339059327007));
#5985=VECTOR('',#5984,0.001148050297095268);
#5986=LINE('',#5983,#5985);
#5987=EDGE_CURVE('',#547,#549,#5986,.T.);
#5988=CARTESIAN_POINT('',(-0.03212219467592303,-0.0010606601717798212,-0.07754983803980207));
#5989=DIRECTION('',(-0.896872741532688,0,0.4422886902190018));
#5990=VECTOR('',#5989,0.01097979098055595);
#5991=LINE('',#5988,#5990);
#5992=EDGE_CURVE('',#549,#533,#5991,.T.);
#5993=CARTESIAN_POINT('',(-0.04196966991411013,-0.0010606601717798212,-0.07269360066813357));
#5994=DIRECTION('',(0.19134171618254742,0.9238795325112883,0.33141357403558613));
#5995=VECTOR('',#5994,0.0011480502970952675);
#5996=LINE('',#5993,#5995);
#5997=EDGE_CURVE('',#533,#531,#5996,.T.);
#5998=CARTESIAN_POINT('',(-0.04196966991411013,-0.0010606601717798212,-0.07269360066813357));
#5999=DIRECTION('',(0.896872741532688,0,-0.4422886902190018));
#6000=VECTOR('',#5999,0.01097979098055595);
#6001=LINE('',#5998,#6000);
#6002=EDGE_CURVE('',#533,#549,#6001,.T.);
#6003=CARTESIAN_POINT('',(-0.03212219467592303,-0.0010606601717798212,-0.07754983803980207));
#6004=DIRECTION('',(-0.35355339059327573,-0.3826834323650899,-0.8535533905932728));
#6005=VECTOR('',#6004,0.0011480502970952692);
#6006=LINE('',#6003,#6005);
#6007=EDGE_CURVE('',#549,#551,#6006,.T.);
#6008=CARTESIAN_POINT('',(-0.03252809175103268,-0.0015,-0.07852976026345936));
#6009=DIRECTION('',(-0.896872741532688,0,0.4422886902190019));
#6010=VECTOR('',#6009,0.01111853196912431);
#6011=LINE('',#6008,#6010);
#6012=EDGE_CURVE('',#551,#535,#6011,.T.);
#6013=CARTESIAN_POINT('',(-0.04250000000000004,-0.0015,-0.07361215932167726));
#6014=DIRECTION('',(0.4619397662556423,0.38268343236509034,0.800103145191266));
#6015=VECTOR('',#6014,0.001148050297095268);
#6016=LINE('',#6013,#6015);
#6017=EDGE_CURVE('',#535,#533,#6016,.T.);
#6018=CARTESIAN_POINT('',(-0.04250000000000004,-0.0015,-0.07361215932167726));
#6019=DIRECTION('',(0.896872741532688,0,-0.4422886902190019));
#6020=VECTOR('',#6019,0.01111853196912431);
#6021=LINE('',#6018,#6020);
#6022=EDGE_CURVE('',#535,#551,#6021,.T.);
#6023=CARTESIAN_POINT('',(-0.03252809175103268,-0.0015,-0.07852976026345936));
#6024=DIRECTION('',(-0.35355339059327046,0.3826834323650904,-0.8535533905932748));
#6025=VECTOR('',#6024,0.0011480502970952666);
#6026=LINE('',#6023,#6025);
#6027=EDGE_CURVE('',#551,#553,#6026,.T.);
#6028=CARTESIAN_POINT('',(-0.032933988826142326,-0.0010606601717798216,-0.07950968248711664));
#6029=DIRECTION('',(-0.8968727415326881,0,0.4422886902190015));
#6030=VECTOR('',#6029,0.01125727295769268);
#6031=LINE('',#6028,#6030);
#6032=EDGE_CURVE('',#553,#537,#6031,.T.);
#6033=CARTESIAN_POINT('',(-0.04303033008588995,-0.0010606601717798216,-0.07453071797522096));
#6034=DIRECTION('',(0.46193976625564703,-0.38268343236508884,0.8001031451912638));
#6035=VECTOR('',#6034,0.0011480502970952712);
#6036=LINE('',#6033,#6035);
#6037=EDGE_CURVE('',#537,#535,#6036,.T.);
#6038=CARTESIAN_POINT('',(-0.04303033008588995,-0.0010606601717798216,-0.07453071797522096));
#6039=DIRECTION('',(0.8968727415326881,0,-0.4422886902190015));
#6040=VECTOR('',#6039,0.01125727295769268);
#6041=LINE('',#6038,#6040);
#6042=EDGE_CURVE('',#537,#553,#6041,.T.);
#6043=CARTESIAN_POINT('',(-0.032933988826142326,-0.0010606601717798216,-0.07950968248711664));
#6044=DIRECTION('',(-0.146446609406727,0.923879532511284,-0.35355339059328056));
#6045=VECTOR('',#6044,0.0011480502970952731);
#6046=LINE('',#6043,#6045);
#6047=EDGE_CURVE('',#553,#539,#6046,.T.);
#6048=CARTESIAN_POINT('',(-0.033102116899580314,0,-0.0799155795622263));
#6049=DIRECTION('',(-0.8968727415326883,0,0.4422886902190017));
#6050=VECTOR('',#6049,0.011314741356814748);
#6051=LINE('',#6048,#6050);
#6052=EDGE_CURVE('',#539,#523,#6051,.T.);
#6053=CARTESIAN_POINT('',(-0.043250000000000045,0,-0.07491119742735393));
#6054=DIRECTION('',(0.1913417161825466,-0.9238795325112847,0.33141357403559685));
#6055=VECTOR('',#6054,0.0011480502970952723);
#6056=LINE('',#6053,#6055);
#6057=EDGE_CURVE('',#523,#537,#6056,.T.);
#6058=CARTESIAN_POINT('',(-0.033102116899580314,0,-0.0799155795622263));
#6059=DIRECTION('',(0.9469301294951057,0,-0.32143946530316175));
#6060=VECTOR('',#6059,0.011314741356814813);
#6061=LINE('',#6058,#6060);
#6062=EDGE_CURVE('',#539,#555,#6061,.T.);
#6063=CARTESIAN_POINT('',(-0.022387847401368035,0,-0.08355258397400442));
#6064=DIRECTION('',(0.09904576054128636,0.9238795325112866,0.369643810614387));
#6065=VECTOR('',#6064,0.0011480502970952695);
#6066=LINE('',#6063,#6065);
#6067=EDGE_CURVE('',#555,#557,#6066,.T.);
#6068=CARTESIAN_POINT('',(-0.022274137886552584,0.0010606601717798212,-0.08312821428740914));
#6069=DIRECTION('',(-0.9469301294951055,0,0.3214394653031625));
#6070=VECTOR('',#6069,0.011257272957692747);
#6071=LINE('',#6068,#6070);
#6072=EDGE_CURVE('',#557,#541,#6071,.T.);
#6073=CARTESIAN_POINT('',(-0.032933988826142326,0.0010606601717798212,-0.07950968248711664));
#6074=DIRECTION('',(-0.14644660940672705,-0.923879532511284,-0.35355339059328067));
#6075=VECTOR('',#6074,0.0011480502970952727);
#6076=LINE('',#6073,#6075);
#6077=EDGE_CURVE('',#541,#539,#6076,.T.);
#6078=CARTESIAN_POINT('',(-0.032933988826142326,0.0010606601717798212,-0.07950968248711664));
#6079=DIRECTION('',(0.9469301294951055,0,-0.3214394653031625));
#6080=VECTOR('',#6079,0.011257272957692747);
#6081=LINE('',#6078,#6080);
#6082=EDGE_CURVE('',#541,#557,#6081,.T.);
#6083=CARTESIAN_POINT('',(-0.022274137886552584,0.0010606601717798212,-0.08312821428740914));
#6084=DIRECTION('',(0.23911761839433332,0.3826834323650889,0.8923991008325235));
#6085=VECTOR('',#6084,0.0011480502970952723);
#6086=LINE('',#6083,#6085);
#6087=EDGE_CURVE('',#557,#559,#6086,.T.);
#6088=CARTESIAN_POINT('',(-0.021999618833714256,0.0015,-0.08210369523457081));
#6089=DIRECTION('',(-0.9469301294951055,0,0.321439465303162));
#6090=VECTOR('',#6089,0.011118531969124388);
#6091=LINE('',#6088,#6090);
#6092=EDGE_CURVE('',#559,#543,#6091,.T.);
#6093=CARTESIAN_POINT('',(-0.03252809175103268,0.0015,-0.07852976026345936));
#6094=DIRECTION('',(-0.35355339059327046,-0.3826834323650907,-0.8535533905932748));
#6095=VECTOR('',#6094,0.0011480502970952666);
#6096=LINE('',#6093,#6095);
#6097=EDGE_CURVE('',#543,#541,#6096,.T.);
#6098=CARTESIAN_POINT('',(-0.03252809175103268,0.0015,-0.07852976026345936));
#6099=DIRECTION('',(0.9469301294951055,0,-0.321439465303162));
#6100=VECTOR('',#6099,0.011118531969124388);
#6101=LINE('',#6098,#6100);
#6102=EDGE_CURVE('',#543,#559,#6101,.T.);
#6103=CARTESIAN_POINT('',(-0.021999618833714256,0.0015,-0.08210369523457081));
#6104=DIRECTION('',(0.2391176183943359,-0.3826834323650928,0.892399100832521));
#6105=VECTOR('',#6104,0.00114805029709526);
#6106=LINE('',#6103,#6105);
#6107=EDGE_CURVE('',#559,#561,#6106,.T.);
#6108=CARTESIAN_POINT('',(-0.021725099780875928,0.0010606601717798214,-0.08107917618173249));
#6109=DIRECTION('',(-0.9469301294951052,0,0.32143946530316286));
#6110=VECTOR('',#6109,0.010979790980556025);
#6111=LINE('',#6108,#6110);
#6112=EDGE_CURVE('',#561,#545,#6111,.T.);
#6113=CARTESIAN_POINT('',(-0.03212219467592303,0.0010606601717798214,-0.07754983803980207));
#6114=DIRECTION('',(-0.3535533905932758,0.3826834323650898,-0.8535533905932731));
#6115=VECTOR('',#6114,0.001148050297095269);
#6116=LINE('',#6113,#6115);
#6117=EDGE_CURVE('',#545,#543,#6116,.T.);
#6118=CARTESIAN_POINT('',(-0.03212219467592303,0.0010606601717798214,-0.07754983803980207));
#6119=DIRECTION('',(0.9469301294951052,0,-0.32143946530316286));
#6120=VECTOR('',#6119,0.010979790980556025);
#6121=LINE('',#6118,#6120);
#6122=EDGE_CURVE('',#545,#561,#6121,.T.);
#6123=CARTESIAN_POINT('',(-0.021725099780875928,0.0010606601717798214,-0.08107917618173249));
#6124=DIRECTION('',(0.09904576054128889,-0.9238795325112821,0.3696438106143973));
#6125=VECTOR('',#6124,0.001148050297095275);
#6126=LINE('',#6123,#6125);
#6127=EDGE_CURVE('',#561,#563,#6126,.T.);
#6128=CARTESIAN_POINT('',(-0.021611390266060473,1.8369701987210298e-19,-0.0806548064951372));
#6129=DIRECTION('',(-0.9469301294951058,0,0.3214394653031612));
#6130=VECTOR('',#6129,0.010922322581433953);
#6131=LINE('',#6128,#6130);
#6132=EDGE_CURVE('',#563,#547,#6131,.T.);
#6133=CARTESIAN_POINT('',(-0.031954066602485044,1.8369701987210298e-19,-0.07714394096469243));
#6134=DIRECTION('',(-0.14644660940672768,0.923879532511288,-0.3535533905932701));
#6135=VECTOR('',#6134,0.0011480502970952677);
#6136=LINE('',#6133,#6135);
#6137=EDGE_CURVE('',#547,#545,#6136,.T.);
#6138=CARTESIAN_POINT('',(-0.031954066602485044,1.8369701987210298e-19,-0.07714394096469243));
#6139=DIRECTION('',(0.9469301294951058,0,-0.3214394653031612));
#6140=VECTOR('',#6139,0.010922322581433953);
#6141=LINE('',#6138,#6140);
#6142=EDGE_CURVE('',#547,#563,#6141,.T.);
#6143=CARTESIAN_POINT('',(-0.021611390266060473,1.8369701987210298e-19,-0.0806548064951372));
#6144=DIRECTION('',(-0.09904576054128889,-0.9238795325112822,-0.3696438106143973));
#6145=VECTOR('',#6144,0.001148050297095275);
#6146=LINE('',#6143,#6145);
#6147=EDGE_CURVE('',#563,#565,#6146,.T.);
#6148=CARTESIAN_POINT('',(-0.021725099780875928,-0.0010606601717798212,-0.08107917618173249));
#6149=DIRECTION('',(-0.9469301294951052,0,0.32143946530316286));
#6150=VECTOR('',#6149,0.010979790980556025);
#6151=LINE('',#6148,#6150);
#6152=EDGE_CURVE('',#565,#549,#6151,.T.);
#6153=CARTESIAN_POINT('',(-0.03212219467592303,-0.0010606601717798212,-0.07754983803980207));
#6154=DIRECTION('',(0.14644660940672766,0.923879532511288,0.35355339059327007));
#6155=VECTOR('',#6154,0.001148050297095268);
#6156=LINE('',#6153,#6155);
#6157=EDGE_CURVE('',#549,#547,#6156,.T.);
#6158=CARTESIAN_POINT('',(-0.03212219467592303,-0.0010606601717798212,-0.07754983803980207));
#6159=DIRECTION('',(0.9469301294951052,0,-0.32143946530316286));
#6160=VECTOR('',#6159,0.010979790980556025);
#6161=LINE('',#6158,#6160);
#6162=EDGE_CURVE('',#549,#565,#6161,.T.);
#6163=CARTESIAN_POINT('',(-0.021725099780875928,-0.0010606601717798212,-0.08107917618173249));
#6164=DIRECTION('',(-0.2391176183943359,-0.382683432365093,-0.892399100832521));
#6165=VECTOR('',#6164,0.00114805029709526);
#6166=LINE('',#6163,#6165);
#6167=EDGE_CURVE('',#565,#567,#6166,.T.);
#6168=CARTESIAN_POINT('',(-0.021999618833714256,-0.0015,-0.08210369523457081));
#6169=DIRECTION('',(-0.9469301294951055,0,0.321439465303162));
#6170=VECTOR('',#6169,0.011118531969124388);
#6171=LINE('',#6168,#6170);
#6172=EDGE_CURVE('',#567,#551,#6171,.T.);
#6173=CARTESIAN_POINT('',(-0.03252809175103268,-0.0015,-0.07852976026345936));
#6174=DIRECTION('',(0.35355339059327573,0.3826834323650899,0.8535533905932728));
#6175=VECTOR('',#6174,0.0011480502970952692);
#6176=LINE('',#6173,#6175);
#6177=EDGE_CURVE('',#551,#549,#6176,.T.);
#6178=CARTESIAN_POINT('',(-0.03252809175103268,-0.0015,-0.07852976026345936));
#6179=DIRECTION('',(0.9469301294951055,0,-0.321439465303162));
#6180=VECTOR('',#6179,0.011118531969124388);
#6181=LINE('',#6178,#6180);
#6182=EDGE_CURVE('',#551,#567,#6181,.T.);
#6183=CARTESIAN_POINT('',(-0.021999618833714256,-0.0015,-0.08210369523457081));
#6184=DIRECTION('',(-0.23911761839433338,0.38268343236508856,-0.8923991008325237));
#6185=VECTOR('',#6184,0.001148050297095272);
#6186=LINE('',#6183,#6185);
#6187=EDGE_CURVE('',#567,#569,#6186,.T.);
#6188=CARTESIAN_POINT('',(-0.022274137886552584,-0.0010606601717798216,-0.08312821428740914));
#6189=DIRECTION('',(-0.9469301294951055,0,0.3214394653031625));
#6190=VECTOR('',#6189,0.011257272957692747);
#6191=LINE('',#6188,#6190);
#6192=EDGE_CURVE('',#569,#553,#6191,.T.);
#6193=CARTESIAN_POINT('',(-0.032933988826142326,-0.0010606601717798216,-0.07950968248711664));
#6194=DIRECTION('',(0.35355339059327046,-0.3826834323650904,0.8535533905932748));
#6195=VECTOR('',#6194,0.0011480502970952666);
#6196=LINE('',#6193,#6195);
#6197=EDGE_CURVE('',#553,#551,#6196,.T.);
#6198=CARTESIAN_POINT('',(-0.032933988826142326,-0.0010606601717798216,-0.07950968248711664));
#6199=DIRECTION('',(0.9469301294951055,0,-0.3214394653031625));
#6200=VECTOR('',#6199,0.011257272957692747);
#6201=LINE('',#6198,#6200);
#6202=EDGE_CURVE('',#553,#569,#6201,.T.);
#6203=CARTESIAN_POINT('',(-0.022274137886552584,-0.0010606601717798216,-0.08312821428740914));
#6204=DIRECTION('',(-0.09904576054128632,0.9238795325112866,-0.3696438106143869));
#6205=VECTOR('',#6204,0.00114805029709527);
#6206=LINE('',#6203,#6205);
#6207=EDGE_CURVE('',#569,#555,#6206,.T.);
#6208=CARTESIAN_POINT('',(-0.022387847401368035,0,-0.08355258397400442));
#6209=DIRECTION('',(-0.9469301294951057,0,0.32143946530316175));
#6210=VECTOR('',#6209,0.011314741356814813);
#6211=LINE('',#6208,#6210);
#6212=EDGE_CURVE('',#555,#539,#6211,.T.);
#6213=CARTESIAN_POINT('',(-0.033102116899580314,0,-0.0799155795622263));
#6214=DIRECTION('',(0.146446609406727,-0.923879532511284,0.35355339059328056));
#6215=VECTOR('',#6214,0.0011480502970952731);
#6216=LINE('',#6213,#6215);
#6217=EDGE_CURVE('',#539,#553,#6216,.T.);
#6218=CARTESIAN_POINT('',(-0.022387847401368035,0,-0.08355258397400442));
#6219=DIRECTION('',(0.9807852804032307,0,-0.19509032201612742));
#6220=VECTOR('',#6219,0.011314741356814732);
#6221=LINE('',#6218,#6220);
#6222=EDGE_CURVE('',#555,#571,#6221,.T.);
#6223=CARTESIAN_POINT('',(-0.011290515627034467,0,-0.0857599805088346));
#6224=DIRECTION('',(0.0499502112523157,0.9238795325112878,0.37940952255125776));
#6225=VECTOR('',#6224,0.001148050297095268);
#6226=LINE('',#6223,#6225);
#6227=EDGE_CURVE('',#571,#573,#6226,.T.);
#6228=CARTESIAN_POINT('',(-0.011233170272166275,0.0010606601717798212,-0.08532439929374885));
#6229=DIRECTION('',(-0.9807852804032307,0,0.19509032201612778));
#6230=VECTOR('',#6229,0.011257272957692669);
#6231=LINE('',#6228,#6230);
#6232=EDGE_CURVE('',#573,#557,#6231,.T.);
#6233=CARTESIAN_POINT('',(-0.022274137886552584,0.0010606601717798212,-0.08312821428740914));
#6234=DIRECTION('',(-0.09904576054128636,-0.9238795325112866,-0.369643810614387));
#6235=VECTOR('',#6234,0.0011480502970952695);
#6236=LINE('',#6233,#6235);
#6237=EDGE_CURVE('',#557,#555,#6236,.T.);
#6238=CARTESIAN_POINT('',(-0.022274137886552584,0.0010606601717798212,-0.08312821428740914));
#6239=DIRECTION('',(0.9807852804032307,0,-0.19509032201612778));
#6240=VECTOR('',#6239,0.011257272957692669);
#6241=LINE('',#6238,#6240);
#6242=EDGE_CURVE('',#557,#573,#6241,.T.);
#6243=CARTESIAN_POINT('',(-0.011233170272166275,0.0010606601717798212,-0.08532439929374885));
#6244=DIRECTION('',(0.12059047744874038,0.38268343236509156,0.9159756150367527));
#6245=VECTOR('',#6244,0.0011480502970952643);
#6246=LINE('',#6243,#6245);
#6247=EDGE_CURVE('',#573,#575,#6246,.T.);
#6248=CARTESIAN_POINT('',(-0.011094726338704388,0.0015,-0.08427281321677389));
#6249=DIRECTION('',(-0.9807852804032304,0,0.1950903220161285));
#6250=VECTOR('',#6249,0.01111853196912431);
#6251=LINE('',#6248,#6250);
#6252=EDGE_CURVE('',#575,#559,#6251,.T.);
#6253=CARTESIAN_POINT('',(-0.021999618833714256,0.0015,-0.08210369523457081));
#6254=DIRECTION('',(-0.23911761839433332,-0.3826834323650889,-0.8923991008325235));
#6255=VECTOR('',#6254,0.0011480502970952723);
#6256=LINE('',#6253,#6255);
#6257=EDGE_CURVE('',#559,#557,#6256,.T.);
#6258=CARTESIAN_POINT('',(-0.021999618833714256,0.0015,-0.08210369523457081));
#6259=DIRECTION('',(0.9807852804032304,0,-0.1950903220161285));
#6260=VECTOR('',#6259,0.01111853196912431);
#6261=LINE('',#6258,#6260);
#6262=EDGE_CURVE('',#559,#575,#6261,.T.);
#6263=CARTESIAN_POINT('',(-0.011094726338704388,0.0015,-0.08427281321677389));
#6264=DIRECTION('',(0.1205904774487389,-0.38268343236509145,0.9159756150367528));
#6265=VECTOR('',#6264,0.001148050297095264);
#6266=LINE('',#6263,#6265);
#6267=EDGE_CURVE('',#575,#577,#6266,.T.);
#6268=CARTESIAN_POINT('',(-0.010956282405242504,0.0010606601717798214,-0.08322122713979893));
#6269=DIRECTION('',(-0.9807852804032304,0,0.19509032201612808));
#6270=VECTOR('',#6269,0.010979790980555945);
#6271=LINE('',#6268,#6270);
#6272=EDGE_CURVE('',#577,#561,#6271,.T.);
#6273=CARTESIAN_POINT('',(-0.021725099780875928,0.0010606601717798214,-0.08107917618173249));
#6274=DIRECTION('',(-0.2391176183943359,0.3826834323650928,-0.892399100832521));
#6275=VECTOR('',#6274,0.00114805029709526);
#6276=LINE('',#6273,#6275);
#6277=EDGE_CURVE('',#561,#559,#6276,.T.);
#6278=CARTESIAN_POINT('',(-0.021725099780875928,0.0010606601717798214,-0.08107917618173249));
#6279=DIRECTION('',(0.9807852804032304,0,-0.19509032201612808));
#6280=VECTOR('',#6279,0.010979790980555945);
#6281=LINE('',#6278,#6280);
#6282=EDGE_CURVE('',#561,#577,#6281,.T.);
#6283=CARTESIAN_POINT('',(-0.010956282405242504,0.0010606601717798214,-0.08322122713979893));
#6284=DIRECTION('',(0.049950211252315475,-0.9238795325112836,0.3794095225512681));
#6285=VECTOR('',#6284,0.0011480502970952731);
#6286=LINE('',#6283,#6285);
#6287=EDGE_CURVE('',#577,#579,#6286,.T.);
#6288=CARTESIAN_POINT('',(-0.010898937050374312,1.8369701987210298e-19,-0.08278564592471317));
#6289=DIRECTION('',(-0.9807852804032304,0,0.19509032201612853));
#6290=VECTOR('',#6289,0.010922322581433878);
#6291=LINE('',#6288,#6290);
#6292=EDGE_CURVE('',#579,#563,#6291,.T.);
#6293=CARTESIAN_POINT('',(-0.021611390266060473,1.8369701987210298e-19,-0.0806548064951372));
#6294=DIRECTION('',(-0.09904576054128889,0.9238795325112821,-0.3696438106143973));
#6295=VECTOR('',#6294,0.001148050297095275);
#6296=LINE('',#6293,#6295);
#6297=EDGE_CURVE('',#563,#561,#6296,.T.);
#6298=CARTESIAN_POINT('',(-0.021611390266060473,1.8369701987210298e-19,-0.0806548064951372));
#6299=DIRECTION('',(0.9807852804032304,0,-0.19509032201612853));
#6300=VECTOR('',#6299,0.010922322581433878);
#6301=LINE('',#6298,#6300);
#6302=EDGE_CURVE('',#563,#579,#6301,.T.);
#6303=CARTESIAN_POINT('',(-0.010898937050374312,1.8369701987210298e-19,-0.08278564592471317));
#6304=DIRECTION('',(-0.04995021125231546,-0.9238795325112836,-0.37940952255126803));
#6305=VECTOR('',#6304,0.0011480502970952734);
#6306=LINE('',#6303,#6305);
#6307=EDGE_CURVE('',#579,#581,#6306,.T.);
#6308=CARTESIAN_POINT('',(-0.010956282405242504,-0.0010606601717798212,-0.08322122713979893));
#6309=DIRECTION('',(-0.9807852804032304,0,0.19509032201612808));
#6310=VECTOR('',#6309,0.010979790980555945);
#6311=LINE('',#6308,#6310);
#6312=EDGE_CURVE('',#581,#565,#6311,.T.);
#6313=CARTESIAN_POINT('',(-0.021725099780875928,-0.0010606601717798212,-0.08107917618173249));
#6314=DIRECTION('',(0.09904576054128889,0.9238795325112822,0.3696438106143973));
#6315=VECTOR('',#6314,0.001148050297095275);
#6316=LINE('',#6313,#6315);
#6317=EDGE_CURVE('',#565,#563,#6316,.T.);
#6318=CARTESIAN_POINT('',(-0.021725099780875928,-0.0010606601717798212,-0.08107917618173249));
#6319=DIRECTION('',(0.9807852804032304,0,-0.19509032201612808));
#6320=VECTOR('',#6319,0.010979790980555945);
#6321=LINE('',#6318,#6320);
#6322=EDGE_CURVE('',#565,#581,#6321,.T.);
#6323=CARTESIAN_POINT('',(-0.010956282405242504,-0.0010606601717798212,-0.08322122713979893));
#6324=DIRECTION('',(-0.1205904774487389,-0.3826834323650916,-0.9159756150367528));
#6325=VECTOR('',#6324,0.001148050297095264);
#6326=LINE('',#6323,#6325);
#6327=EDGE_CURVE('',#581,#583,#6326,.T.);
#6328=CARTESIAN_POINT('',(-0.011094726338704388,-0.0015,-0.08427281321677389));
#6329=DIRECTION('',(-0.9807852804032304,0,0.1950903220161285));
#6330=VECTOR('',#6329,0.01111853196912431);
#6331=LINE('',#6328,#6330);
#6332=EDGE_CURVE('',#583,#567,#6331,.T.);
#6333=CARTESIAN_POINT('',(-0.021999618833714256,-0.0015,-0.08210369523457081));
#6334=DIRECTION('',(0.2391176183943359,0.382683432365093,0.892399100832521));
#6335=VECTOR('',#6334,0.00114805029709526);
#6336=LINE('',#6333,#6335);
#6337=EDGE_CURVE('',#567,#565,#6336,.T.);
#6338=CARTESIAN_POINT('',(-0.021999618833714256,-0.0015,-0.08210369523457081));
#6339=DIRECTION('',(0.9807852804032304,0,-0.1950903220161285));
#6340=VECTOR('',#6339,0.01111853196912431);
#6341=LINE('',#6338,#6340);
#6342=EDGE_CURVE('',#567,#583,#6341,.T.);
#6343=CARTESIAN_POINT('',(-0.011094726338704388,-0.0015,-0.08427281321677389));
#6344=DIRECTION('',(-0.12059047744874041,0.3826834323650912,-0.9159756150367528));
#6345=VECTOR('',#6344,0.001148050297095264);
#6346=LINE('',#6343,#6345);
#6347=EDGE_CURVE('',#583,#585,#6346,.T.);
#6348=CARTESIAN_POINT('',(-0.011233170272166275,-0.0010606601717798216,-0.08532439929374885));
#6349=DIRECTION('',(-0.9807852804032307,0,0.19509032201612778));
#6350=VECTOR('',#6349,0.011257272957692669);
#6351=LINE('',#6348,#6350);
#6352=EDGE_CURVE('',#585,#569,#6351,.T.);
#6353=CARTESIAN_POINT('',(-0.022274137886552584,-0.0010606601717798216,-0.08312821428740914));
#6354=DIRECTION('',(0.23911761839433338,-0.38268343236508856,0.8923991008325237));
#6355=VECTOR('',#6354,0.001148050297095272);
#6356=LINE('',#6353,#6355);
#6357=EDGE_CURVE('',#569,#567,#6356,.T.);
#6358=CARTESIAN_POINT('',(-0.022274137886552584,-0.0010606601717798216,-0.08312821428740914));
#6359=DIRECTION('',(0.9807852804032307,0,-0.19509032201612778));
#6360=VECTOR('',#6359,0.011257272957692669);
#6361=LINE('',#6358,#6360);
#6362=EDGE_CURVE('',#569,#585,#6361,.T.);
#6363=CARTESIAN_POINT('',(-0.011233170272166275,-0.0010606601717798216,-0.08532439929374885));
#6364=DIRECTION('',(-0.04995021125231569,0.923879532511288,-0.37940952255125765));
#6365=VECTOR('',#6364,0.0011480502970952682);
#6366=LINE('',#6363,#6365);
#6367=EDGE_CURVE('',#585,#571,#6366,.T.);
#6368=CARTESIAN_POINT('',(-0.011290515627034467,0,-0.0857599805088346));
#6369=DIRECTION('',(-0.9807852804032307,0,0.19509032201612742));
#6370=VECTOR('',#6369,0.011314741356814732);
#6371=LINE('',#6368,#6370);
#6372=EDGE_CURVE('',#571,#555,#6371,.T.);
#6373=CARTESIAN_POINT('',(-0.022387847401368035,0,-0.08355258397400442));
#6374=DIRECTION('',(0.09904576054128632,-0.9238795325112866,0.3696438106143869));
#6375=VECTOR('',#6374,0.00114805029709527);
#6376=LINE('',#6373,#6375);
#6377=EDGE_CURVE('',#555,#569,#6376,.T.);
#6378=CARTESIAN_POINT('',(-0.011290515627034467,0,-0.0857599805088346));
#6379=DIRECTION('',(0.9978589232386034,0,-0.06540312923014392));
#6380=VECTOR('',#6379,0.01131474135681474);
#6381=LINE('',#6378,#6380);
#6382=EDGE_CURVE('',#571,#587,#6381,.T.);
#6383=CARTESIAN_POINT('',(-1.588979221893691e-17,0,-0.08650000000000001));
#6384=DIRECTION('',(7.029780607989636e-17,0.9238795325112852,0.38268343236509356));
#6385=VECTOR('',#6384,0.0011480502970952712);
#6386=LINE('',#6383,#6385);
#6387=EDGE_CURVE('',#587,#589,#6386,.T.);
#6388=CARTESIAN_POINT('',(-1.580908680178174e-17,0.0010606601717798212,-0.08606066017177982));
#6389=DIRECTION('',(-0.9978589232386035,0,0.06540312923014317));
#6390=VECTOR('',#6389,0.011257272957692672);
#6391=LINE('',#6388,#6390);
#6392=EDGE_CURVE('',#589,#573,#6391,.T.);
#6393=CARTESIAN_POINT('',(-0.011233170272166275,0.0010606601717798212,-0.08532439929374885));
#6394=DIRECTION('',(-0.0499502112523157,-0.9238795325112878,-0.37940952255125776));
#6395=VECTOR('',#6394,0.001148050297095268);
#6396=LINE('',#6393,#6395);
#6397=EDGE_CURVE('',#573,#571,#6396,.T.);
#6398=CARTESIAN_POINT('',(-0.011233170272166275,0.0010606601717798212,-0.08532439929374885));
#6399=DIRECTION('',(0.9978589232386035,0,-0.06540312923014317));
#6400=VECTOR('',#6399,0.011257272957692672);
#6401=LINE('',#6398,#6400);
#6402=EDGE_CURVE('',#573,#589,#6401,.T.);
#6403=CARTESIAN_POINT('',(-1.580908680178174e-17,0.0010606601717798212,-0.08606066017177982));
#6404=DIRECTION('',(1.6971391684315574e-16,0.38268343236509106,0.9238795325112863));
#6405=VECTOR('',#6404,0.0011480502970952658);
#6406=LINE('',#6403,#6405);
#6407=EDGE_CURVE('',#589,#591,#6406,.T.);
#6408=CARTESIAN_POINT('',(-1.5614246689128753e-17,0.0015,-0.085));
#6409=DIRECTION('',(-0.9978589232386036,0,0.06540312923014302));
#6410=VECTOR('',#6409,0.011118531969124308);
#6411=LINE('',#6408,#6410);
#6412=EDGE_CURVE('',#591,#575,#6411,.T.);
#6413=CARTESIAN_POINT('',(-0.011094726338704388,0.0015,-0.08427281321677389));
#6414=DIRECTION('',(-0.12059047744874038,-0.38268343236509156,-0.9159756150367527));
#6415=VECTOR('',#6414,0.0011480502970952643);
#6416=LINE('',#6413,#6415);
#6417=EDGE_CURVE('',#575,#573,#6416,.T.);
#6418=CARTESIAN_POINT('',(-0.011094726338704388,0.0015,-0.08427281321677389));
#6419=DIRECTION('',(0.9978589232386036,0,-0.06540312923014302));
#6420=VECTOR('',#6419,0.011118531969124308);
#6421=LINE('',#6418,#6420);
#6422=EDGE_CURVE('',#575,#591,#6421,.T.);
#6423=CARTESIAN_POINT('',(-1.5614246689128753e-17,0.0015,-0.085));
#6424=DIRECTION('',(1.6971391684315305e-16,-0.38268343236509084,0.9238795325112863));
#6425=VECTOR('',#6424,0.0011480502970952658);
#6426=LINE('',#6423,#6425);
#6427=EDGE_CURVE('',#591,#593,#6426,.T.);
#6428=CARTESIAN_POINT('',(-1.541940657647577e-17,0.0010606601717798214,-0.08393933982822019));
#6429=DIRECTION('',(-0.9978589232386036,0,0.06540312923014284));
#6430=VECTOR('',#6429,0.010979790980555947);
#6431=LINE('',#6428,#6430);
#6432=EDGE_CURVE('',#593,#577,#6431,.T.);
#6433=CARTESIAN_POINT('',(-0.010956282405242504,0.0010606601717798214,-0.08322122713979893));
#6434=DIRECTION('',(-0.1205904774487389,0.38268343236509145,-0.9159756150367528));
#6435=VECTOR('',#6434,0.001148050297095264);
#6436=LINE('',#6433,#6435);
#6437=EDGE_CURVE('',#577,#575,#6436,.T.);
#6438=CARTESIAN_POINT('',(-0.010956282405242504,0.0010606601717798214,-0.08322122713979893));
#6439=DIRECTION('',(0.9978589232386036,0,-0.06540312923014284));
#6440=VECTOR('',#6439,0.010979790980555947);
#6441=LINE('',#6438,#6440);
#6442=EDGE_CURVE('',#577,#593,#6441,.T.);
#6443=CARTESIAN_POINT('',(-1.541940657647577e-17,0.0010606601717798214,-0.08393933982822019));
#6444=DIRECTION('',(7.029780607989636e-17,-0.9238795325112852,0.38268343236509356));
#6445=VECTOR('',#6444,0.0011480502970952712);
#6446=LINE('',#6443,#6445);
#6447=EDGE_CURVE('',#593,#595,#6446,.T.);
#6448=CARTESIAN_POINT('',(-1.53387011593206e-17,1.8369701987210298e-19,-0.0835));
#6449=DIRECTION('',(-0.9978589232386035,0,0.06540312923014333));
#6450=VECTOR('',#6449,0.01092232258143388);
#6451=LINE('',#6448,#6450);
#6452=EDGE_CURVE('',#595,#579,#6451,.T.);
#6453=CARTESIAN_POINT('',(-0.010898937050374312,1.8369701987210298e-19,-0.08278564592471317));
#6454=DIRECTION('',(-0.049950211252315475,0.9238795325112836,-0.3794095225512681));
#6455=VECTOR('',#6454,0.0011480502970952731);
#6456=LINE('',#6453,#6455);
#6457=EDGE_CURVE('',#579,#577,#6456,.T.);
#6458=CARTESIAN_POINT('',(-0.010898937050374312,1.8369701987210298e-19,-0.08278564592471317));
#6459=DIRECTION('',(0.9978589232386035,0,-0.06540312923014333));
#6460=VECTOR('',#6459,0.01092232258143388);
#6461=LINE('',#6458,#6460);
#6462=EDGE_CURVE('',#579,#595,#6461,.T.);
#6463=CARTESIAN_POINT('',(-1.53387011593206e-17,1.8369701987210298e-19,-0.0835));
#6464=DIRECTION('',(-7.029780607989635e-17,-0.9238795325112852,-0.3826834323650935));
#6465=VECTOR('',#6464,0.0011480502970952714);
#6466=LINE('',#6463,#6465);
#6467=EDGE_CURVE('',#595,#597,#6466,.T.);
#6468=CARTESIAN_POINT('',(-1.541940657647577e-17,-0.0010606601717798212,-0.08393933982822019));
#6469=DIRECTION('',(-0.9978589232386036,0,0.06540312923014284));
#6470=VECTOR('',#6469,0.010979790980555947);
#6471=LINE('',#6468,#6470);
#6472=EDGE_CURVE('',#597,#581,#6471,.T.);
#6473=CARTESIAN_POINT('',(-0.010956282405242504,-0.0010606601717798212,-0.08322122713979893));
#6474=DIRECTION('',(0.04995021125231546,0.9238795325112836,0.37940952255126803));
#6475=VECTOR('',#6474,0.0011480502970952734);
#6476=LINE('',#6473,#6475);
#6477=EDGE_CURVE('',#581,#579,#6476,.T.);
#6478=CARTESIAN_POINT('',(-0.010956282405242504,-0.0010606601717798212,-0.08322122713979893));
#6479=DIRECTION('',(0.9978589232386036,0,-0.06540312923014284));
#6480=VECTOR('',#6479,0.010979790980555947);
#6481=LINE('',#6478,#6480);
#6482=EDGE_CURVE('',#581,#597,#6481,.T.);
#6483=CARTESIAN_POINT('',(-1.541940657647577e-17,-0.0010606601717798212,-0.08393933982822019));
#6484=DIRECTION('',(-1.6971391684315305e-16,-0.38268343236509106,-0.9238795325112863));
#6485=VECTOR('',#6484,0.0011480502970952658);
#6486=LINE('',#6483,#6485);
#6487=EDGE_CURVE('',#597,#599,#6486,.T.);
#6488=CARTESIAN_POINT('',(-1.5614246689128753e-17,-0.0015,-0.085));
#6489=DIRECTION('',(-0.9978589232386036,0,0.06540312923014302));
#6490=VECTOR('',#6489,0.011118531969124308);
#6491=LINE('',#6488,#6490);
#6492=EDGE_CURVE('',#599,#583,#6491,.T.);
#6493=CARTESIAN_POINT('',(-0.011094726338704388,-0.0015,-0.08427281321677389));
#6494=DIRECTION('',(0.1205904774487389,0.3826834323650916,0.9159756150367528));
#6495=VECTOR('',#6494,0.001148050297095264);
#6496=LINE('',#6493,#6495);
#6497=EDGE_CURVE('',#583,#581,#6496,.T.);
#6498=CARTESIAN_POINT('',(-0.011094726338704388,-0.0015,-0.08427281321677389));
#6499=DIRECTION('',(0.9978589232386036,0,-0.06540312923014302));
#6500=VECTOR('',#6499,0.011118531969124308);
#6501=LINE('',#6498,#6500);
#6502=EDGE_CURVE('',#583,#599,#6501,.T.);
#6503=CARTESIAN_POINT('',(-1.5614246689128753e-17,-0.0015,-0.085));
#6504=DIRECTION('',(-1.6971391684315574e-16,0.38268343236509067,-0.9238795325112863));
#6505=VECTOR('',#6504,0.0011480502970952658);
#6506=LINE('',#6503,#6505);
#6507=EDGE_CURVE('',#599,#601,#6506,.T.);
#6508=CARTESIAN_POINT('',(-1.580908680178174e-17,-0.0010606601717798216,-0.08606066017177982));
#6509=DIRECTION('',(-0.9978589232386035,0,0.06540312923014317));
#6510=VECTOR('',#6509,0.011257272957692672);
#6511=LINE('',#6508,#6510);
#6512=EDGE_CURVE('',#601,#585,#6511,.T.);
#6513=CARTESIAN_POINT('',(-0.011233170272166275,-0.0010606601717798216,-0.08532439929374885));
#6514=DIRECTION('',(0.12059047744874041,-0.3826834323650912,0.9159756150367528));
#6515=VECTOR('',#6514,0.001148050297095264);
#6516=LINE('',#6513,#6515);
#6517=EDGE_CURVE('',#585,#583,#6516,.T.);
#6518=CARTESIAN_POINT('',(-0.011233170272166275,-0.0010606601717798216,-0.08532439929374885));
#6519=DIRECTION('',(0.9978589232386035,0,-0.06540312923014317));
#6520=VECTOR('',#6519,0.011257272957692672);
#6521=LINE('',#6518,#6520);
#6522=EDGE_CURVE('',#585,#601,#6521,.T.);
#6523=CARTESIAN_POINT('',(-1.580908680178174e-17,-0.0010606601717798216,-0.08606066017177982));
#6524=DIRECTION('',(-7.029780607989634e-17,0.9238795325112852,-0.38268343236509345));
#6525=VECTOR('',#6524,0.0011480502970952716);
#6526=LINE('',#6523,#6525);
#6527=EDGE_CURVE('',#601,#587,#6526,.T.);
#6528=CARTESIAN_POINT('',(-1.588979221893691e-17,0,-0.08650000000000001));
#6529=DIRECTION('',(-0.9978589232386034,0,0.06540312923014392));
#6530=VECTOR('',#6529,0.01131474135681474);
#6531=LINE('',#6528,#6530);
#6532=EDGE_CURVE('',#587,#571,#6531,.T.);
#6533=CARTESIAN_POINT('',(-0.011290515627034467,0,-0.0857599805088346));
#6534=DIRECTION('',(0.04995021125231569,-0.923879532511288,0.37940952255125765));
#6535=VECTOR('',#6534,0.0011480502970952682);
#6536=LINE('',#6533,#6535);
#6537=EDGE_CURVE('',#571,#585,#6536,.T.);
#6538=CARTESIAN_POINT('',(-1.588979221893691e-17,0,-0.08650000000000001));
#6539=DIRECTION('',(0.9978589232386036,0,0.0654031292301427));
#6540=VECTOR('',#6539,0.011314741356814739);
#6541=LINE('',#6538,#6540);
#6542=EDGE_CURVE('',#587,#603,#6541,.T.);
#6543=CARTESIAN_POINT('',(0.011290515627034436,0,-0.08575998050883461));
#6544=DIRECTION('',(-0.0499502112523157,0.9238795325112878,0.37940952255125776));
#6545=VECTOR('',#6544,0.001148050297095268);
#6546=LINE('',#6543,#6545);
#6547=EDGE_CURVE('',#603,#605,#6546,.T.);
#6548=CARTESIAN_POINT('',(0.011233170272166243,0.0010606601717798212,-0.08532439929374887));
#6549=DIRECTION('',(-0.9978589232386035,0,-0.06540312923014194));
#6550=VECTOR('',#6549,0.011257272957692672);
#6551=LINE('',#6548,#6550);
#6552=EDGE_CURVE('',#605,#589,#6551,.T.);
#6553=CARTESIAN_POINT('',(-1.580908680178174e-17,0.0010606601717798212,-0.08606066017177982));
#6554=DIRECTION('',(-7.029780607989636e-17,-0.9238795325112852,-0.38268343236509356));
#6555=VECTOR('',#6554,0.0011480502970952712);
#6556=LINE('',#6553,#6555);
#6557=EDGE_CURVE('',#589,#587,#6556,.T.);
#6558=CARTESIAN_POINT('',(-1.580908680178174e-17,0.0010606601717798212,-0.08606066017177982));
#6559=DIRECTION('',(0.9978589232386035,0,0.06540312923014194));
#6560=VECTOR('',#6559,0.011257272957692672);
#6561=LINE('',#6558,#6560);
#6562=EDGE_CURVE('',#589,#605,#6561,.T.);
#6563=CARTESIAN_POINT('',(0.011233170272166243,0.0010606601717798212,-0.08532439929374887));
#6564=DIRECTION('',(-0.12059047744873755,0.38268343236508734,0.9159756150367547));
#6565=VECTOR('',#6564,0.0011480502970952768);
#6566=LINE('',#6563,#6565);
#6567=EDGE_CURVE('',#605,#607,#6566,.T.);
#6568=CARTESIAN_POINT('',(0.011094726338704359,0.0015,-0.08427281321677389));
#6569=DIRECTION('',(-0.9978589232386036,0,-0.065403129230143));
#6570=VECTOR('',#6569,0.01111853196912431);
#6571=LINE('',#6568,#6570);
#6572=EDGE_CURVE('',#607,#591,#6571,.T.);
#6573=CARTESIAN_POINT('',(-1.5614246689128753e-17,0.0015,-0.085));
#6574=DIRECTION('',(-1.6971391684315574e-16,-0.38268343236509106,-0.9238795325112863));
#6575=VECTOR('',#6574,0.0011480502970952658);
#6576=LINE('',#6573,#6575);
#6577=EDGE_CURVE('',#591,#589,#6576,.T.);
#6578=CARTESIAN_POINT('',(-1.5614246689128753e-17,0.0015,-0.085));
#6579=DIRECTION('',(0.9978589232386036,0,0.065403129230143));
#6580=VECTOR('',#6579,0.01111853196912431);
#6581=LINE('',#6578,#6580);
#6582=EDGE_CURVE('',#591,#607,#6581,.T.);
#6583=CARTESIAN_POINT('',(0.011094726338704359,0.0015,-0.08427281321677389));
#6584=DIRECTION('',(-0.12059047744874038,-0.38268343236509134,0.9159756150367527));
#6585=VECTOR('',#6584,0.0011480502970952643);
#6586=LINE('',#6583,#6585);
#6587=EDGE_CURVE('',#607,#609,#6586,.T.);
#6588=CARTESIAN_POINT('',(0.010956282405242473,0.0010606601717798214,-0.08322122713979893));
#6589=DIRECTION('',(-0.9978589232386036,0,-0.06540312923014284));
#6590=VECTOR('',#6589,0.010979790980555947);
#6591=LINE('',#6588,#6590);
#6592=EDGE_CURVE('',#609,#593,#6591,.T.);
#6593=CARTESIAN_POINT('',(-1.541940657647577e-17,0.0010606601717798214,-0.08393933982822019));
#6594=DIRECTION('',(-1.6971391684315305e-16,0.38268343236509084,-0.9238795325112863));
#6595=VECTOR('',#6594,0.0011480502970952658);
#6596=LINE('',#6593,#6595);
#6597=EDGE_CURVE('',#593,#591,#6596,.T.);
#6598=CARTESIAN_POINT('',(-1.541940657647577e-17,0.0010606601717798214,-0.08393933982822019));
#6599=DIRECTION('',(0.9978589232386036,0,0.06540312923014284));
#6600=VECTOR('',#6599,0.010979790980555947);
#6601=LINE('',#6598,#6600);
#6602=EDGE_CURVE('',#593,#609,#6601,.T.);
#6603=CARTESIAN_POINT('',(0.010956282405242473,0.0010606601717798214,-0.08322122713979893));
#6604=DIRECTION('',(-0.0499502112523142,-0.923879532511288,0.3794095225512578));
#6605=VECTOR('',#6604,0.0011480502970952677);
#6606=LINE('',#6603,#6605);
#6607=EDGE_CURVE('',#609,#611,#6606,.T.);
#6608=CARTESIAN_POINT('',(0.010898937050374282,1.8369701987210298e-19,-0.08278564592471319));
#6609=DIRECTION('',(-0.9978589232386035,0,-0.06540312923014205));
#6610=VECTOR('',#6609,0.010922322581433882);
#6611=LINE('',#6608,#6610);
#6612=EDGE_CURVE('',#611,#595,#6611,.T.);
#6613=CARTESIAN_POINT('',(-1.53387011593206e-17,1.8369701987210298e-19,-0.0835));
#6614=DIRECTION('',(-7.029780607989636e-17,0.9238795325112852,-0.38268343236509356));
#6615=VECTOR('',#6614,0.0011480502970952712);
#6616=LINE('',#6613,#6615);
#6617=EDGE_CURVE('',#595,#593,#6616,.T.);
#6618=CARTESIAN_POINT('',(-1.53387011593206e-17,1.8369701987210298e-19,-0.0835));
#6619=DIRECTION('',(0.9978589232386035,0,0.06540312923014205));
#6620=VECTOR('',#6619,0.010922322581433882);
#6621=LINE('',#6618,#6620);
#6622=EDGE_CURVE('',#595,#611,#6621,.T.);
#6623=CARTESIAN_POINT('',(0.010898937050374282,1.8369701987210298e-19,-0.08278564592471319));
#6624=DIRECTION('',(0.04995021125231419,-0.923879532511288,-0.37940952255125776));
#6625=VECTOR('',#6624,0.001148050297095268);
#6626=LINE('',#6623,#6625);
#6627=EDGE_CURVE('',#611,#613,#6626,.T.);
#6628=CARTESIAN_POINT('',(0.010956282405242473,-0.0010606601717798212,-0.08322122713979893));
#6629=DIRECTION('',(-0.9978589232386036,0,-0.06540312923014284));
#6630=VECTOR('',#6629,0.010979790980555947);
#6631=LINE('',#6628,#6630);
#6632=EDGE_CURVE('',#613,#597,#6631,.T.);
#6633=CARTESIAN_POINT('',(-1.541940657647577e-17,-0.0010606601717798212,-0.08393933982822019));
#6634=DIRECTION('',(7.029780607989635e-17,0.9238795325112852,0.3826834323650935));
#6635=VECTOR('',#6634,0.0011480502970952714);
#6636=LINE('',#6633,#6635);
#6637=EDGE_CURVE('',#597,#595,#6636,.T.);
#6638=CARTESIAN_POINT('',(-1.541940657647577e-17,-0.0010606601717798212,-0.08393933982822019));
#6639=DIRECTION('',(0.9978589232386036,0,0.06540312923014284));
#6640=VECTOR('',#6639,0.010979790980555947);
#6641=LINE('',#6638,#6640);
#6642=EDGE_CURVE('',#597,#613,#6641,.T.);
#6643=CARTESIAN_POINT('',(0.010956282405242473,-0.0010606601717798212,-0.08322122713979893));
#6644=DIRECTION('',(0.12059047744874038,-0.38268343236509156,-0.9159756150367527));
#6645=VECTOR('',#6644,0.0011480502970952643);
#6646=LINE('',#6643,#6645);
#6647=EDGE_CURVE('',#613,#615,#6646,.T.);
#6648=CARTESIAN_POINT('',(0.011094726338704359,-0.0015,-0.08427281321677389));
#6649=DIRECTION('',(-0.9978589232386036,0,-0.065403129230143));
#6650=VECTOR('',#6649,0.01111853196912431);
#6651=LINE('',#6648,#6650);
#6652=EDGE_CURVE('',#615,#599,#6651,.T.);
#6653=CARTESIAN_POINT('',(-1.5614246689128753e-17,-0.0015,-0.085));
#6654=DIRECTION('',(1.6971391684315305e-16,0.38268343236509106,0.9238795325112863));
#6655=VECTOR('',#6654,0.0011480502970952658);
#6656=LINE('',#6653,#6655);
#6657=EDGE_CURVE('',#599,#597,#6656,.T.);
#6658=CARTESIAN_POINT('',(-1.5614246689128753e-17,-0.0015,-0.085));
#6659=DIRECTION('',(0.9978589232386036,0,0.065403129230143));
#6660=VECTOR('',#6659,0.01111853196912431);
#6661=LINE('',#6658,#6660);
#6662=EDGE_CURVE('',#599,#615,#6661,.T.);
#6663=CARTESIAN_POINT('',(0.011094726338704359,-0.0015,-0.08427281321677389));
#6664=DIRECTION('',(0.12059047744873758,0.38268343236508706,-0.915975615036755));
#6665=VECTOR('',#6664,0.0011480502970952766);
#6666=LINE('',#6663,#6665);
#6667=EDGE_CURVE('',#615,#617,#6666,.T.);
#6668=CARTESIAN_POINT('',(0.011233170272166243,-0.0010606601717798216,-0.08532439929374887));
#6669=DIRECTION('',(-0.9978589232386035,0,-0.06540312923014194));
#6670=VECTOR('',#6669,0.011257272957692672);
#6671=LINE('',#6668,#6670);
#6672=EDGE_CURVE('',#617,#601,#6671,.T.);
#6673=CARTESIAN_POINT('',(-1.580908680178174e-17,-0.0010606601717798216,-0.08606066017177982));
#6674=DIRECTION('',(1.6971391684315574e-16,-0.38268343236509067,0.9238795325112863));
#6675=VECTOR('',#6674,0.0011480502970952658);
#6676=LINE('',#6673,#6675);
#6677=EDGE_CURVE('',#601,#599,#6676,.T.);
#6678=CARTESIAN_POINT('',(-1.580908680178174e-17,-0.0010606601717798216,-0.08606066017177982));
#6679=DIRECTION('',(0.9978589232386035,0,0.06540312923014194));
#6680=VECTOR('',#6679,0.011257272957692672);
#6681=LINE('',#6678,#6680);
#6682=EDGE_CURVE('',#601,#617,#6681,.T.);
#6683=CARTESIAN_POINT('',(0.011233170272166243,-0.0010606601717798216,-0.08532439929374887));
#6684=DIRECTION('',(0.04995021125231569,0.923879532511288,-0.37940952255125765));
#6685=VECTOR('',#6684,0.0011480502970952682);
#6686=LINE('',#6683,#6685);
#6687=EDGE_CURVE('',#617,#603,#6686,.T.);
#6688=CARTESIAN_POINT('',(0.011290515627034436,0,-0.08575998050883461));
#6689=DIRECTION('',(-0.9978589232386036,0,-0.0654031292301427));
#6690=VECTOR('',#6689,0.011314741356814739);
#6691=LINE('',#6688,#6690);
#6692=EDGE_CURVE('',#603,#587,#6691,.T.);
#6693=CARTESIAN_POINT('',(-1.588979221893691e-17,0,-0.08650000000000001));
#6694=DIRECTION('',(7.029780607989634e-17,-0.9238795325112852,0.38268343236509345));
#6695=VECTOR('',#6694,0.0011480502970952716);
#6696=LINE('',#6693,#6695);
#6697=EDGE_CURVE('',#587,#601,#6696,.T.);
#6698=CARTESIAN_POINT('',(0.011290515627034436,0,-0.08575998050883461));
#6699=DIRECTION('',(0.9807852804032308,0,0.19509032201612736));
#6700=VECTOR('',#6699,0.011314741356814735);
#6701=LINE('',#6698,#6700);
#6702=EDGE_CURVE('',#603,#619,#6701,.T.);
#6703=CARTESIAN_POINT('',(0.022387847401368007,0,-0.08355258397400443));
#6704=DIRECTION('',(-0.09904576054128889,0.9238795325112821,0.3696438106143973));
#6705=VECTOR('',#6704,0.001148050297095275);
#6706=LINE('',#6703,#6705);
#6707=EDGE_CURVE('',#619,#621,#6706,.T.);
#6708=CARTESIAN_POINT('',(0.022274137886552553,0.0010606601717798212,-0.08312821428740914));
#6709=DIRECTION('',(-0.9807852804032303,0,-0.19509032201612894));
#6710=VECTOR('',#6709,0.011257272957692672);
#6711=LINE('',#6708,#6710);
#6712=EDGE_CURVE('',#621,#605,#6711,.T.);
#6713=CARTESIAN_POINT('',(0.011233170272166243,0.0010606601717798212,-0.08532439929374887));
#6714=DIRECTION('',(0.0499502112523157,-0.9238795325112878,-0.37940952255125776));
#6715=VECTOR('',#6714,0.001148050297095268);
#6716=LINE('',#6713,#6715);
#6717=EDGE_CURVE('',#605,#603,#6716,.T.);
#6718=CARTESIAN_POINT('',(0.011233170272166243,0.0010606601717798212,-0.08532439929374887));
#6719=DIRECTION('',(0.9807852804032303,0,0.19509032201612894));
#6720=VECTOR('',#6719,0.011257272957692672);
#6721=LINE('',#6718,#6720);
#6722=EDGE_CURVE('',#605,#621,#6721,.T.);
#6723=CARTESIAN_POINT('',(0.022274137886552553,0.0010606601717798212,-0.08312821428740914));
#6724=DIRECTION('',(-0.23911761839433304,0.3826834323650933,0.8923991008325217));
#6725=VECTOR('',#6724,0.001148050297095259);
#6726=LINE('',#6723,#6725);
#6727=EDGE_CURVE('',#621,#623,#6726,.T.);
#6728=CARTESIAN_POINT('',(0.021999618833714228,0.0015,-0.08210369523457083));
#6729=DIRECTION('',(-0.9807852804032305,0,-0.19509032201612725));
#6730=VECTOR('',#6729,0.01111853196912431);
#6731=LINE('',#6728,#6730);
#6732=EDGE_CURVE('',#623,#607,#6731,.T.);
#6733=CARTESIAN_POINT('',(0.011094726338704359,0.0015,-0.08427281321677389));
#6734=DIRECTION('',(0.12059047744873755,-0.38268343236508734,-0.9159756150367547));
#6735=VECTOR('',#6734,0.0011480502970952768);
#6736=LINE('',#6733,#6735);
#6737=EDGE_CURVE('',#607,#605,#6736,.T.);
#6738=CARTESIAN_POINT('',(0.011094726338704359,0.0015,-0.08427281321677389));
#6739=DIRECTION('',(0.9807852804032305,0,0.19509032201612725));
#6740=VECTOR('',#6739,0.01111853196912431);
#6741=LINE('',#6738,#6740);
#6742=EDGE_CURVE('',#607,#623,#6741,.T.);
#6743=CARTESIAN_POINT('',(0.021999618833714228,0.0015,-0.08210369523457083));
#6744=DIRECTION('',(-0.23911761839433332,-0.38268343236508867,0.8923991008325235));
#6745=VECTOR('',#6744,0.0011480502970952723);
#6746=LINE('',#6743,#6745);
#6747=EDGE_CURVE('',#623,#625,#6746,.T.);
#6748=CARTESIAN_POINT('',(0.0217250997808759,0.0010606601717798214,-0.08107917618173249));
#6749=DIRECTION('',(-0.9807852804032305,0,-0.19509032201612803));
#6750=VECTOR('',#6749,0.010979790980555949);
#6751=LINE('',#6748,#6750);
#6752=EDGE_CURVE('',#625,#609,#6751,.T.);
#6753=CARTESIAN_POINT('',(0.010956282405242473,0.0010606601717798214,-0.08322122713979893));
#6754=DIRECTION('',(0.12059047744874038,0.38268343236509134,-0.9159756150367527));
#6755=VECTOR('',#6754,0.0011480502970952643);
#6756=LINE('',#6753,#6755);
#6757=EDGE_CURVE('',#609,#607,#6756,.T.);
#6758=CARTESIAN_POINT('',(0.010956282405242473,0.0010606601717798214,-0.08322122713979893));
#6759=DIRECTION('',(0.9807852804032305,0,0.19509032201612803));
#6760=VECTOR('',#6759,0.010979790980555949);
#6761=LINE('',#6758,#6760);
#6762=EDGE_CURVE('',#609,#625,#6761,.T.);
#6763=CARTESIAN_POINT('',(0.0217250997808759,0.0010606601717798214,-0.08107917618173249));
#6764=DIRECTION('',(-0.09904576054128934,-0.9238795325112862,0.3696438106143869));
#6765=VECTOR('',#6764,0.00114805029709527);
#6766=LINE('',#6763,#6765);
#6767=EDGE_CURVE('',#625,#627,#6766,.T.);
#6768=CARTESIAN_POINT('',(0.021611390266060446,1.8369701987210298e-19,-0.08065480649513722));
#6769=DIRECTION('',(-0.9807852804032304,0,-0.1950903220161285));
#6770=VECTOR('',#6769,0.01092232258143388);
#6771=LINE('',#6768,#6770);
#6772=EDGE_CURVE('',#627,#611,#6771,.T.);
#6773=CARTESIAN_POINT('',(0.010898937050374282,1.8369701987210298e-19,-0.08278564592471319));
#6774=DIRECTION('',(0.0499502112523142,0.923879532511288,-0.3794095225512578));
#6775=VECTOR('',#6774,0.0011480502970952677);
#6776=LINE('',#6773,#6775);
#6777=EDGE_CURVE('',#611,#609,#6776,.T.);
#6778=CARTESIAN_POINT('',(0.010898937050374282,1.8369701987210298e-19,-0.08278564592471319));
#6779=DIRECTION('',(0.9807852804032304,0,0.1950903220161285));
#6780=VECTOR('',#6779,0.01092232258143388);
#6781=LINE('',#6778,#6780);
#6782=EDGE_CURVE('',#611,#627,#6781,.T.);
#6783=CARTESIAN_POINT('',(0.021611390266060446,1.8369701987210298e-19,-0.08065480649513722));
#6784=DIRECTION('',(0.09904576054128932,-0.9238795325112863,-0.3696438106143868));
#6785=VECTOR('',#6784,0.0011480502970952701);
#6786=LINE('',#6783,#6785);
#6787=EDGE_CURVE('',#627,#629,#6786,.T.);
#6788=CARTESIAN_POINT('',(0.0217250997808759,-0.0010606601717798212,-0.08107917618173249));
#6789=DIRECTION('',(-0.9807852804032305,0,-0.19509032201612803));
#6790=VECTOR('',#6789,0.010979790980555949);
#6791=LINE('',#6788,#6790);
#6792=EDGE_CURVE('',#629,#613,#6791,.T.);
#6793=CARTESIAN_POINT('',(0.010956282405242473,-0.0010606601717798212,-0.08322122713979893));
#6794=DIRECTION('',(-0.04995021125231419,0.923879532511288,0.37940952255125776));
#6795=VECTOR('',#6794,0.001148050297095268);
#6796=LINE('',#6793,#6795);
#6797=EDGE_CURVE('',#613,#611,#6796,.T.);
#6798=CARTESIAN_POINT('',(0.010956282405242473,-0.0010606601717798212,-0.08322122713979893));
#6799=DIRECTION('',(0.9807852804032305,0,0.19509032201612803));
#6800=VECTOR('',#6799,0.010979790980555949);
#6801=LINE('',#6798,#6800);
#6802=EDGE_CURVE('',#613,#629,#6801,.T.);
#6803=CARTESIAN_POINT('',(0.0217250997808759,-0.0010606601717798212,-0.08107917618173249));
#6804=DIRECTION('',(0.23911761839433332,-0.3826834323650889,-0.8923991008325235));
#6805=VECTOR('',#6804,0.0011480502970952723);
#6806=LINE('',#6803,#6805);
#6807=EDGE_CURVE('',#629,#631,#6806,.T.);
#6808=CARTESIAN_POINT('',(0.021999618833714228,-0.0015,-0.08210369523457083));
#6809=DIRECTION('',(-0.9807852804032305,0,-0.19509032201612725));
#6810=VECTOR('',#6809,0.01111853196912431);
#6811=LINE('',#6808,#6810);
#6812=EDGE_CURVE('',#631,#615,#6811,.T.);
#6813=CARTESIAN_POINT('',(0.011094726338704359,-0.0015,-0.08427281321677389));
#6814=DIRECTION('',(-0.12059047744874038,0.38268343236509156,0.9159756150367527));
#6815=VECTOR('',#6814,0.0011480502970952643);
#6816=LINE('',#6813,#6815);
#6817=EDGE_CURVE('',#615,#613,#6816,.T.);
#6818=CARTESIAN_POINT('',(0.011094726338704359,-0.0015,-0.08427281321677389));
#6819=DIRECTION('',(0.9807852804032305,0,0.19509032201612725));
#6820=VECTOR('',#6819,0.01111853196912431);
#6821=LINE('',#6818,#6820);
#6822=EDGE_CURVE('',#615,#631,#6821,.T.);
#6823=CARTESIAN_POINT('',(0.021999618833714228,-0.0015,-0.08210369523457083));
#6824=DIRECTION('',(0.23911761839433304,0.3826834323650929,-0.8923991008325217));
#6825=VECTOR('',#6824,0.001148050297095259);
#6826=LINE('',#6823,#6825);
#6827=EDGE_CURVE('',#631,#633,#6826,.T.);
#6828=CARTESIAN_POINT('',(0.022274137886552553,-0.0010606601717798216,-0.08312821428740914));
#6829=DIRECTION('',(-0.9807852804032303,0,-0.19509032201612894));
#6830=VECTOR('',#6829,0.011257272957692672);
#6831=LINE('',#6828,#6830);
#6832=EDGE_CURVE('',#633,#617,#6831,.T.);
#6833=CARTESIAN_POINT('',(0.011233170272166243,-0.0010606601717798216,-0.08532439929374887));
#6834=DIRECTION('',(-0.12059047744873758,-0.38268343236508706,0.915975615036755));
#6835=VECTOR('',#6834,0.0011480502970952766);
#6836=LINE('',#6833,#6835);
#6837=EDGE_CURVE('',#617,#615,#6836,.T.);
#6838=CARTESIAN_POINT('',(0.011233170272166243,-0.0010606601717798216,-0.08532439929374887));
#6839=DIRECTION('',(0.9807852804032303,0,0.19509032201612894));
#6840=VECTOR('',#6839,0.011257272957692672);
#6841=LINE('',#6838,#6840);
#6842=EDGE_CURVE('',#617,#633,#6841,.T.);
#6843=CARTESIAN_POINT('',(0.022274137886552553,-0.0010606601717798216,-0.08312821428740914));
#6844=DIRECTION('',(0.09904576054128887,0.9238795325112823,-0.3696438106143972));
#6845=VECTOR('',#6844,0.0011480502970952753);
#6846=LINE('',#6843,#6845);
#6847=EDGE_CURVE('',#633,#619,#6846,.T.);
#6848=CARTESIAN_POINT('',(0.022387847401368007,0,-0.08355258397400443));
#6849=DIRECTION('',(-0.9807852804032308,0,-0.19509032201612736));
#6850=VECTOR('',#6849,0.011314741356814735);
#6851=LINE('',#6848,#6850);
#6852=EDGE_CURVE('',#619,#603,#6851,.T.);
#6853=CARTESIAN_POINT('',(0.011290515627034436,0,-0.08575998050883461));
#6854=DIRECTION('',(-0.04995021125231569,-0.923879532511288,0.37940952255125765));
#6855=VECTOR('',#6854,0.0011480502970952682);
#6856=LINE('',#6853,#6855);
#6857=EDGE_CURVE('',#603,#617,#6856,.T.);
#6858=CARTESIAN_POINT('',(0.022387847401368007,0,-0.08355258397400443));
#6859=DIRECTION('',(0.9469301294951052,0,0.32143946530316286));
#6860=VECTOR('',#6859,0.011314741356814819);
#6861=LINE('',#6858,#6860);
#6862=EDGE_CURVE('',#619,#635,#6861,.T.);
#6863=CARTESIAN_POINT('',(0.033102116899580286,0,-0.0799155795622263));
#6864=DIRECTION('',(-0.14644660940672768,0.923879532511288,0.3535533905932701));
#6865=VECTOR('',#6864,0.0011480502970952677);
#6866=LINE('',#6863,#6865);
#6867=EDGE_CURVE('',#635,#637,#6866,.T.);
#6868=CARTESIAN_POINT('',(0.0329339888261423,0.0010606601717798212,-0.07950968248711665));
#6869=DIRECTION('',(-0.9469301294951058,0,-0.32143946530316125));
#6870=VECTOR('',#6869,0.011257272957692747);
#6871=LINE('',#6868,#6870);
#6872=EDGE_CURVE('',#637,#621,#6871,.T.);
#6873=CARTESIAN_POINT('',(0.022274137886552553,0.0010606601717798212,-0.08312821428740914));
#6874=DIRECTION('',(0.09904576054128889,-0.9238795325112821,-0.3696438106143973));
#6875=VECTOR('',#6874,0.001148050297095275);
#6876=LINE('',#6873,#6875);
#6877=EDGE_CURVE('',#621,#619,#6876,.T.);
#6878=CARTESIAN_POINT('',(0.022274137886552553,0.0010606601717798212,-0.08312821428740914));
#6879=DIRECTION('',(0.9469301294951058,0,0.32143946530316125));
#6880=VECTOR('',#6879,0.011257272957692747);
#6881=LINE('',#6878,#6880);
#6882=EDGE_CURVE('',#621,#637,#6881,.T.);
#6883=CARTESIAN_POINT('',(0.0329339888261423,0.0010606601717798212,-0.07950968248711665));
#6884=DIRECTION('',(-0.35355339059327046,0.3826834323650907,0.8535533905932748));
#6885=VECTOR('',#6884,0.0011480502970952666);
#6886=LINE('',#6883,#6885);
#6887=EDGE_CURVE('',#637,#639,#6886,.T.);
#6888=CARTESIAN_POINT('',(0.032528091751032655,0.0015,-0.07852976026345937));
#6889=DIRECTION('',(-0.9469301294951055,0,-0.321439465303162));
#6890=VECTOR('',#6889,0.011118531969124388);
#6891=LINE('',#6888,#6890);
#6892=EDGE_CURVE('',#639,#623,#6891,.T.);
#6893=CARTESIAN_POINT('',(0.021999618833714228,0.0015,-0.08210369523457083));
#6894=DIRECTION('',(0.23911761839433304,-0.3826834323650933,-0.8923991008325217));
#6895=VECTOR('',#6894,0.001148050297095259);
#6896=LINE('',#6893,#6895);
#6897=EDGE_CURVE('',#623,#621,#6896,.T.);
#6898=CARTESIAN_POINT('',(0.021999618833714228,0.0015,-0.08210369523457083));
#6899=DIRECTION('',(0.9469301294951055,0,0.321439465303162));
#6900=VECTOR('',#6899,0.011118531969124388);
#6901=LINE('',#6898,#6900);
#6902=EDGE_CURVE('',#623,#639,#6901,.T.);
#6903=CARTESIAN_POINT('',(0.032528091751032655,0.0015,-0.07852976026345937));
#6904=DIRECTION('',(-0.3535533905932758,-0.3826834323650898,0.8535533905932731));
#6905=VECTOR('',#6904,0.001148050297095269);
#6906=LINE('',#6903,#6905);
#6907=EDGE_CURVE('',#639,#641,#6906,.T.);
#6908=CARTESIAN_POINT('',(0.032122194675923005,0.0010606601717798214,-0.07754983803980209));
#6909=DIRECTION('',(-0.9469301294951057,0,-0.32143946530316175));
#6910=VECTOR('',#6909,0.01097979098055602);
#6911=LINE('',#6908,#6910);
#6912=EDGE_CURVE('',#641,#625,#6911,.T.);
#6913=CARTESIAN_POINT('',(0.0217250997808759,0.0010606601717798214,-0.08107917618173249));
#6914=DIRECTION('',(0.23911761839433332,0.38268343236508867,-0.8923991008325235));
#6915=VECTOR('',#6914,0.0011480502970952723);
#6916=LINE('',#6913,#6915);
#6917=EDGE_CURVE('',#625,#623,#6916,.T.);
#6918=CARTESIAN_POINT('',(0.0217250997808759,0.0010606601717798214,-0.08107917618173249));
#6919=DIRECTION('',(0.9469301294951057,0,0.32143946530316175));
#6920=VECTOR('',#6919,0.01097979098055602);
#6921=LINE('',#6918,#6920);
#6922=EDGE_CURVE('',#625,#641,#6921,.T.);
#6923=CARTESIAN_POINT('',(0.032122194675923005,0.0010606601717798214,-0.07754983803980209));
#6924=DIRECTION('',(-0.14644660940672705,-0.923879532511284,0.35355339059328067));
#6925=VECTOR('',#6924,0.0011480502970952727);
#6926=LINE('',#6923,#6925);
#6927=EDGE_CURVE('',#641,#643,#6926,.T.);
#6928=CARTESIAN_POINT('',(0.031954066602485016,1.8369701987210298e-19,-0.07714394096469243));
#6929=DIRECTION('',(-0.9469301294951055,0,-0.32143946530316236));
#6930=VECTOR('',#6929,0.010922322581433956);
#6931=LINE('',#6928,#6930);
#6932=EDGE_CURVE('',#643,#627,#6931,.T.);
#6933=CARTESIAN_POINT('',(0.021611390266060446,1.8369701987210298e-19,-0.08065480649513722));
#6934=DIRECTION('',(0.09904576054128934,0.9238795325112862,-0.3696438106143869));
#6935=VECTOR('',#6934,0.00114805029709527);
#6936=LINE('',#6933,#6935);
#6937=EDGE_CURVE('',#627,#625,#6936,.T.);
#6938=CARTESIAN_POINT('',(0.021611390266060446,1.8369701987210298e-19,-0.08065480649513722));
#6939=DIRECTION('',(0.9469301294951055,0,0.32143946530316236));
#6940=VECTOR('',#6939,0.010922322581433956);
#6941=LINE('',#6938,#6940);
#6942=EDGE_CURVE('',#627,#643,#6941,.T.);
#6943=CARTESIAN_POINT('',(0.031954066602485016,1.8369701987210298e-19,-0.07714394096469243));
#6944=DIRECTION('',(0.14644660940672702,-0.923879532511284,-0.3535533905932806));
#6945=VECTOR('',#6944,0.001148050297095273);
#6946=LINE('',#6943,#6945);
#6947=EDGE_CURVE('',#643,#645,#6946,.T.);
#6948=CARTESIAN_POINT('',(0.032122194675923005,-0.0010606601717798212,-0.07754983803980209));
#6949=DIRECTION('',(-0.9469301294951057,0,-0.32143946530316175));
#6950=VECTOR('',#6949,0.01097979098055602);
#6951=LINE('',#6948,#6950);
#6952=EDGE_CURVE('',#645,#629,#6951,.T.);
#6953=CARTESIAN_POINT('',(0.0217250997808759,-0.0010606601717798212,-0.08107917618173249));
#6954=DIRECTION('',(-0.09904576054128932,0.9238795325112863,0.3696438106143868));
#6955=VECTOR('',#6954,0.0011480502970952701);
#6956=LINE('',#6953,#6955);
#6957=EDGE_CURVE('',#629,#627,#6956,.T.);
#6958=CARTESIAN_POINT('',(0.0217250997808759,-0.0010606601717798212,-0.08107917618173249));
#6959=DIRECTION('',(0.9469301294951057,0,0.32143946530316175));
#6960=VECTOR('',#6959,0.01097979098055602);
#6961=LINE('',#6958,#6960);
#6962=EDGE_CURVE('',#629,#645,#6961,.T.);
#6963=CARTESIAN_POINT('',(0.032122194675923005,-0.0010606601717798212,-0.07754983803980209));
#6964=DIRECTION('',(0.35355339059327573,-0.3826834323650899,-0.8535533905932728));
#6965=VECTOR('',#6964,0.0011480502970952692);
#6966=LINE('',#6963,#6965);
#6967=EDGE_CURVE('',#645,#647,#6966,.T.);
#6968=CARTESIAN_POINT('',(0.032528091751032655,-0.0015,-0.07852976026345937));
#6969=DIRECTION('',(-0.9469301294951055,0,-0.321439465303162));
#6970=VECTOR('',#6969,0.011118531969124388);
#6971=LINE('',#6968,#6970);
#6972=EDGE_CURVE('',#647,#631,#6971,.T.);
#6973=CARTESIAN_POINT('',(0.021999618833714228,-0.0015,-0.08210369523457083));
#6974=DIRECTION('',(-0.23911761839433332,0.3826834323650889,0.8923991008325235));
#6975=VECTOR('',#6974,0.0011480502970952723);
#6976=LINE('',#6973,#6975);
#6977=EDGE_CURVE('',#631,#629,#6976,.T.);
#6978=CARTESIAN_POINT('',(0.021999618833714228,-0.0015,-0.08210369523457083));
#6979=DIRECTION('',(0.9469301294951055,0,0.321439465303162));
#6980=VECTOR('',#6979,0.011118531969124388);
#6981=LINE('',#6978,#6980);
#6982=EDGE_CURVE('',#631,#647,#6981,.T.);
#6983=CARTESIAN_POINT('',(0.032528091751032655,-0.0015,-0.07852976026345937));
#6984=DIRECTION('',(0.35355339059327046,0.3826834323650904,-0.8535533905932748));
#6985=VECTOR('',#6984,0.0011480502970952666);
#6986=LINE('',#6983,#6985);
#6987=EDGE_CURVE('',#647,#649,#6986,.T.);
#6988=CARTESIAN_POINT('',(0.0329339888261423,-0.0010606601717798216,-0.07950968248711665));
#6989=DIRECTION('',(-0.9469301294951058,0,-0.32143946530316125));
#6990=VECTOR('',#6989,0.011257272957692747);
#6991=LINE('',#6988,#6990);
#6992=EDGE_CURVE('',#649,#633,#6991,.T.);
#6993=CARTESIAN_POINT('',(0.022274137886552553,-0.0010606601717798216,-0.08312821428740914));
#6994=DIRECTION('',(-0.23911761839433304,-0.3826834323650929,0.8923991008325217));
#6995=VECTOR('',#6994,0.001148050297095259);
#6996=LINE('',#6993,#6995);
#6997=EDGE_CURVE('',#633,#631,#6996,.T.);
#6998=CARTESIAN_POINT('',(0.022274137886552553,-0.0010606601717798216,-0.08312821428740914));
#6999=DIRECTION('',(0.9469301294951058,0,0.32143946530316125));
#7000=VECTOR('',#6999,0.011257272957692747);
#7001=LINE('',#6998,#7000);
#7002=EDGE_CURVE('',#633,#649,#7001,.T.);
#7003=CARTESIAN_POINT('',(0.0329339888261423,-0.0010606601717798216,-0.07950968248711665));
#7004=DIRECTION('',(0.14644660940672763,0.923879532511288,-0.35355339059327));
#7005=VECTOR('',#7004,0.0011480502970952682);
#7006=LINE('',#7003,#7005);
#7007=EDGE_CURVE('',#649,#635,#7006,.T.);
#7008=CARTESIAN_POINT('',(0.033102116899580286,0,-0.0799155795622263));
#7009=DIRECTION('',(-0.9469301294951052,0,-0.32143946530316286));
#7010=VECTOR('',#7009,0.011314741356814819);
#7011=LINE('',#7008,#7010);
#7012=EDGE_CURVE('',#635,#619,#7011,.T.);
#7013=CARTESIAN_POINT('',(0.022387847401368007,0,-0.08355258397400443));
#7014=DIRECTION('',(-0.09904576054128887,-0.9238795325112823,0.3696438106143972));
#7015=VECTOR('',#7014,0.0011480502970952753);
#7016=LINE('',#7013,#7015);
#7017=EDGE_CURVE('',#619,#633,#7016,.T.);
#7018=CARTESIAN_POINT('',(0.033102116899580286,0,-0.0799155795622263));
#7019=DIRECTION('',(0.8968727415326886,0,0.44228869021900097));
#7020=VECTOR('',#7019,0.011314741356814735);
#7021=LINE('',#7018,#7020);
#7022=EDGE_CURVE('',#635,#651,#7021,.T.);
#7023=CARTESIAN_POINT('',(0.04325000000000001,0,-0.07491119742735394));
#7024=DIRECTION('',(-0.19134171618254664,0.9238795325112845,0.3314135740355969));
#7025=VECTOR('',#7024,0.001148050297095272);
#7026=LINE('',#7023,#7025);
#7027=EDGE_CURVE('',#651,#653,#7026,.T.);
#7028=CARTESIAN_POINT('',(0.04303033008588992,0.0010606601717798212,-0.07453071797522097));
#7029=DIRECTION('',(-0.8968727415326881,0,-0.4422886902190018));
#7030=VECTOR('',#7029,0.011257272957692674);
#7031=LINE('',#7028,#7030);
#7032=EDGE_CURVE('',#653,#637,#7031,.T.);
#7033=CARTESIAN_POINT('',(0.0329339888261423,0.0010606601717798212,-0.07950968248711665));
#7034=DIRECTION('',(0.14644660940672768,-0.923879532511288,-0.3535533905932701));
#7035=VECTOR('',#7034,0.0011480502970952677);
#7036=LINE('',#7033,#7035);
#7037=EDGE_CURVE('',#637,#635,#7036,.T.);
#7038=CARTESIAN_POINT('',(0.0329339888261423,0.0010606601717798212,-0.07950968248711665));
#7039=DIRECTION('',(0.8968727415326881,0,0.4422886902190018));
#7040=VECTOR('',#7039,0.011257272957692674);
#7041=LINE('',#7038,#7040);
#7042=EDGE_CURVE('',#637,#653,#7041,.T.);
#7043=CARTESIAN_POINT('',(0.04303033008588992,0.0010606601717798212,-0.07453071797522097));
#7044=DIRECTION('',(-0.46193976625564676,0.382683432365094,0.8001031451912617));
#7045=VECTOR('',#7044,0.0011480502970952569);
#7046=LINE('',#7043,#7045);
#7047=EDGE_CURVE('',#653,#655,#7046,.T.);
#7048=CARTESIAN_POINT('',(0.04250000000000001,0.0015,-0.07361215932167729));
#7049=DIRECTION('',(-0.8968727415326886,0,-0.4422886902190009));
#7050=VECTOR('',#7049,0.011118531969124303);
#7051=LINE('',#7048,#7050);
#7052=EDGE_CURVE('',#655,#639,#7051,.T.);
#7053=CARTESIAN_POINT('',(0.032528091751032655,0.0015,-0.07852976026345937));
#7054=DIRECTION('',(0.35355339059327046,-0.3826834323650907,-0.8535533905932748));
#7055=VECTOR('',#7054,0.0011480502970952666);
#7056=LINE('',#7053,#7055);
#7057=EDGE_CURVE('',#639,#637,#7056,.T.);
#7058=CARTESIAN_POINT('',(0.032528091751032655,0.0015,-0.07852976026345937));
#7059=DIRECTION('',(0.8968727415326886,0,0.4422886902190009));
#7060=VECTOR('',#7059,0.011118531969124303);
#7061=LINE('',#7058,#7060);
#7062=EDGE_CURVE('',#639,#655,#7061,.T.);
#7063=CARTESIAN_POINT('',(0.04250000000000001,0.0015,-0.07361215932167729));
#7064=DIRECTION('',(-0.4619397662556423,-0.3826834323650901,0.800103145191266));
#7065=VECTOR('',#7064,0.001148050297095268);
#7066=LINE('',#7063,#7065);
#7067=EDGE_CURVE('',#655,#657,#7066,.T.);
#7068=CARTESIAN_POINT('',(0.0419696699141101,0.0010606601717798214,-0.0726936006681336));
#7069=DIRECTION('',(-0.8968727415326885,0,-0.44228869021900075));
#7070=VECTOR('',#7069,0.010979790980555945);
#7071=LINE('',#7068,#7070);
#7072=EDGE_CURVE('',#657,#641,#7071,.T.);
#7073=CARTESIAN_POINT('',(0.032122194675923005,0.0010606601717798214,-0.07754983803980209));
#7074=DIRECTION('',(0.3535533905932758,0.3826834323650898,-0.8535533905932731));
#7075=VECTOR('',#7074,0.001148050297095269);
#7076=LINE('',#7073,#7075);
#7077=EDGE_CURVE('',#641,#639,#7076,.T.);
#7078=CARTESIAN_POINT('',(0.032122194675923005,0.0010606601717798214,-0.07754983803980209));
#7079=DIRECTION('',(0.8968727415326885,0,0.44228869021900075));
#7080=VECTOR('',#7079,0.010979790980555945);
#7081=LINE('',#7078,#7080);
#7082=EDGE_CURVE('',#641,#657,#7081,.T.);
#7083=CARTESIAN_POINT('',(0.0419696699141101,0.0010606601717798214,-0.0726936006681336));
#7084=DIRECTION('',(-0.19134171618254664,-0.9238795325112845,0.3314135740355969));
#7085=VECTOR('',#7084,0.001148050297095272);
#7086=LINE('',#7083,#7085);
#7087=EDGE_CURVE('',#657,#659,#7086,.T.);
#7088=CARTESIAN_POINT('',(0.04175000000000001,1.8369701987210298e-19,-0.07231312121600063));
#7089=DIRECTION('',(-0.8968727415326886,0,-0.44228869021900064));
#7090=VECTOR('',#7089,0.010922322581433877);
#7091=LINE('',#7088,#7090);
#7092=EDGE_CURVE('',#659,#643,#7091,.T.);
#7093=CARTESIAN_POINT('',(0.031954066602485016,1.8369701987210298e-19,-0.07714394096469243));
#7094=DIRECTION('',(0.14644660940672705,0.923879532511284,-0.35355339059328067));
#7095=VECTOR('',#7094,0.0011480502970952727);
#7096=LINE('',#7093,#7095);
#7097=EDGE_CURVE('',#643,#641,#7096,.T.);
#7098=CARTESIAN_POINT('',(0.031954066602485016,1.8369701987210298e-19,-0.07714394096469243));
#7099=DIRECTION('',(0.8968727415326886,0,0.44228869021900064));
#7100=VECTOR('',#7099,0.010922322581433877);
#7101=LINE('',#7098,#7100);
#7102=EDGE_CURVE('',#643,#659,#7101,.T.);
#7103=CARTESIAN_POINT('',(0.04175000000000001,1.8369701987210298e-19,-0.07231312121600063));
#7104=DIRECTION('',(0.19134171618254664,-0.9238795325112846,-0.3314135740355969));
#7105=VECTOR('',#7104,0.001148050297095272);
#7106=LINE('',#7103,#7105);
#7107=EDGE_CURVE('',#659,#661,#7106,.T.);
#7108=CARTESIAN_POINT('',(0.0419696699141101,-0.0010606601717798212,-0.0726936006681336));
#7109=DIRECTION('',(-0.8968727415326885,0,-0.44228869021900075));
#7110=VECTOR('',#7109,0.010979790980555945);
#7111=LINE('',#7108,#7110);
#7112=EDGE_CURVE('',#661,#645,#7111,.T.);
#7113=CARTESIAN_POINT('',(0.032122194675923005,-0.0010606601717798212,-0.07754983803980209));
#7114=DIRECTION('',(-0.14644660940672702,0.923879532511284,0.3535533905932806));
#7115=VECTOR('',#7114,0.001148050297095273);
#7116=LINE('',#7113,#7115);
#7117=EDGE_CURVE('',#645,#643,#7116,.T.);
#7118=CARTESIAN_POINT('',(0.032122194675923005,-0.0010606601717798212,-0.07754983803980209));
#7119=DIRECTION('',(0.8968727415326885,0,0.44228869021900075));
#7120=VECTOR('',#7119,0.010979790980555945);
#7121=LINE('',#7118,#7120);
#7122=EDGE_CURVE('',#645,#661,#7121,.T.);
#7123=CARTESIAN_POINT('',(0.0419696699141101,-0.0010606601717798212,-0.0726936006681336));
#7124=DIRECTION('',(0.4619397662556423,-0.38268343236509034,-0.800103145191266));
#7125=VECTOR('',#7124,0.001148050297095268);
#7126=LINE('',#7123,#7125);
#7127=EDGE_CURVE('',#661,#663,#7126,.T.);
#7128=CARTESIAN_POINT('',(0.04250000000000001,-0.0015,-0.07361215932167729));
#7129=DIRECTION('',(-0.8968727415326886,0,-0.4422886902190009));
#7130=VECTOR('',#7129,0.011118531969124303);
#7131=LINE('',#7128,#7130);
#7132=EDGE_CURVE('',#663,#647,#7131,.T.);
#7133=CARTESIAN_POINT('',(0.032528091751032655,-0.0015,-0.07852976026345937));
#7134=DIRECTION('',(-0.35355339059327573,0.3826834323650899,0.8535533905932728));
#7135=VECTOR('',#7134,0.0011480502970952692);
#7136=LINE('',#7133,#7135);
#7137=EDGE_CURVE('',#647,#645,#7136,.T.);
#7138=CARTESIAN_POINT('',(0.032528091751032655,-0.0015,-0.07852976026345937));
#7139=DIRECTION('',(0.8968727415326886,0,0.4422886902190009));
#7140=VECTOR('',#7139,0.011118531969124303);
#7141=LINE('',#7138,#7140);
#7142=EDGE_CURVE('',#647,#663,#7141,.T.);
#7143=CARTESIAN_POINT('',(0.04250000000000001,-0.0015,-0.07361215932167729));
#7144=DIRECTION('',(0.4619397662556468,0.3826834323650937,-0.8001031451912618));
#7145=VECTOR('',#7144,0.0011480502970952567);
#7146=LINE('',#7143,#7145);
#7147=EDGE_CURVE('',#663,#665,#7146,.T.);
#7148=CARTESIAN_POINT('',(0.04303033008588992,-0.0010606601717798216,-0.07453071797522097));
#7149=DIRECTION('',(-0.8968727415326881,0,-0.4422886902190018));
#7150=VECTOR('',#7149,0.011257272957692674);
#7151=LINE('',#7148,#7150);
#7152=EDGE_CURVE('',#665,#649,#7151,.T.);
#7153=CARTESIAN_POINT('',(0.0329339888261423,-0.0010606601717798216,-0.07950968248711665));
#7154=DIRECTION('',(-0.35355339059327046,-0.3826834323650904,0.8535533905932748));
#7155=VECTOR('',#7154,0.0011480502970952666);
#7156=LINE('',#7153,#7155);
#7157=EDGE_CURVE('',#649,#647,#7156,.T.);
#7158=CARTESIAN_POINT('',(0.0329339888261423,-0.0010606601717798216,-0.07950968248711665));
#7159=DIRECTION('',(0.8968727415326881,0,0.4422886902190018));
#7160=VECTOR('',#7159,0.011257272957692674);
#7161=LINE('',#7158,#7160);
#7162=EDGE_CURVE('',#649,#665,#7161,.T.);
#7163=CARTESIAN_POINT('',(0.04303033008588992,-0.0010606601717798216,-0.07453071797522097));
#7164=DIRECTION('',(0.1913417161825466,0.9238795325112847,-0.33141357403559685));
#7165=VECTOR('',#7164,0.0011480502970952723);
#7166=LINE('',#7163,#7165);
#7167=EDGE_CURVE('',#665,#651,#7166,.T.);
#7168=CARTESIAN_POINT('',(0.04325000000000001,0,-0.07491119742735394));
#7169=DIRECTION('',(-0.8968727415326886,0,-0.44228869021900097));
#7170=VECTOR('',#7169,0.011314741356814735);
#7171=LINE('',#7168,#7170);
#7172=EDGE_CURVE('',#651,#635,#7171,.T.);
#7173=CARTESIAN_POINT('',(0.033102116899580286,0,-0.0799155795622263));
#7174=DIRECTION('',(-0.14644660940672763,-0.923879532511288,0.35355339059327));
#7175=VECTOR('',#7174,0.0011480502970952682);
#7176=LINE('',#7173,#7175);
#7177=EDGE_CURVE('',#635,#649,#7176,.T.);
#7178=CARTESIAN_POINT('',(0.04325000000000001,0,-0.07491119742735394));
#7179=DIRECTION('',(0.8314696123025456,0,0.555570233019602));
#7180=VECTOR('',#7179,0.011314741356814732);
#7181=LINE('',#7178,#7180);
#7182=EDGE_CURVE('',#651,#667,#7181,.T.);
#7183=CARTESIAN_POINT('',(0.052657863609254334,0,-0.06862506393519185));
#7184=DIRECTION('',(-0.23296291314453516,0.923879532511284,0.3036031793409667));
#7185=VECTOR('',#7184,0.0011480502970952727);
#7186=LINE('',#7183,#7185);
#7187=EDGE_CURVE('',#667,#669,#7186,.T.);
#7188=CARTESIAN_POINT('',(0.05239041046760657,0.0010606601717798212,-0.06827651221495039));
#7189=DIRECTION('',(-0.8314696123025453,0,-0.5555702330196021));
#7190=VECTOR('',#7189,0.011257272957692669);
#7191=LINE('',#7188,#7190);
#7192=EDGE_CURVE('',#669,#653,#7191,.T.);
#7193=CARTESIAN_POINT('',(0.04303033008588992,0.0010606601717798212,-0.07453071797522097));
#7194=DIRECTION('',(0.19134171618254664,-0.9238795325112845,-0.3314135740355969));
#7195=VECTOR('',#7194,0.001148050297095272);
#7196=LINE('',#7193,#7195);
#7197=EDGE_CURVE('',#653,#651,#7196,.T.);
#7198=CARTESIAN_POINT('',(0.04303033008588992,0.0010606601717798212,-0.07453071797522097));
#7199=DIRECTION('',(0.8314696123025453,0,0.5555702330196021));
#7200=VECTOR('',#7199,0.011257272957692669);
#7201=LINE('',#7198,#7200);
#7202=EDGE_CURVE('',#653,#669,#7201,.T.);
#7203=CARTESIAN_POINT('',(0.05239041046760657,0.0010606601717798212,-0.06827651221495039));
#7204=DIRECTION('',(-0.5624222244434822,0.38268343236509206,0.7329629131445311));
#7205=VECTOR('',#7204,0.0011480502970952627);
#7206=LINE('',#7203,#7205);
#7207=EDGE_CURVE('',#669,#671,#7206,.T.);
#7208=CARTESIAN_POINT('',(0.05174472146574125,0.0015,-0.067435033924755));
#7209=DIRECTION('',(-0.831469612302545,0,-0.5555702330196025));
#7210=VECTOR('',#7209,0.01111853196912431);
#7211=LINE('',#7208,#7210);
#7212=EDGE_CURVE('',#671,#655,#7211,.T.);
#7213=CARTESIAN_POINT('',(0.04250000000000001,0.0015,-0.07361215932167729));
#7214=DIRECTION('',(0.46193976625564676,-0.382683432365094,-0.8001031451912617));
#7215=VECTOR('',#7214,0.0011480502970952569);
#7216=LINE('',#7213,#7215);
#7217=EDGE_CURVE('',#655,#653,#7216,.T.);
#7218=CARTESIAN_POINT('',(0.04250000000000001,0.0015,-0.07361215932167729));
#7219=DIRECTION('',(0.831469612302545,0,0.5555702330196025));
#7220=VECTOR('',#7219,0.01111853196912431);
#7221=LINE('',#7218,#7220);
#7222=EDGE_CURVE('',#655,#671,#7221,.T.);
#7223=CARTESIAN_POINT('',(0.05174472146574125,0.0015,-0.067435033924755));
#7224=DIRECTION('',(-0.5624222244434772,-0.38268343236508845,0.7329629131445368));
#7225=VECTOR('',#7224,0.001148050297095273);
#7226=LINE('',#7223,#7225);
#7227=EDGE_CURVE('',#671,#673,#7226,.T.);
#7228=CARTESIAN_POINT('',(0.05109903246387593,0.0010606601717798214,-0.0665935556345596));
#7229=DIRECTION('',(-0.8314696123025447,0,-0.555570233019603));
#7230=VECTOR('',#7229,0.010979790980555949);
#7231=LINE('',#7228,#7230);
#7232=EDGE_CURVE('',#673,#657,#7231,.T.);
#7233=CARTESIAN_POINT('',(0.0419696699141101,0.0010606601717798214,-0.0726936006681336));
#7234=DIRECTION('',(0.4619397662556423,0.3826834323650901,-0.800103145191266));
#7235=VECTOR('',#7234,0.001148050297095268);
#7236=LINE('',#7233,#7235);
#7237=EDGE_CURVE('',#657,#655,#7236,.T.);
#7238=CARTESIAN_POINT('',(0.0419696699141101,0.0010606601717798214,-0.0726936006681336));
#7239=DIRECTION('',(0.8314696123025447,0,0.555570233019603));
#7240=VECTOR('',#7239,0.010979790980555949);
#7241=LINE('',#7238,#7240);
#7242=EDGE_CURVE('',#657,#673,#7241,.T.);
#7243=CARTESIAN_POINT('',(0.05109903246387593,0.0010606601717798214,-0.0665935556345596));
#7244=DIRECTION('',(-0.232962913144536,-0.9238795325112873,0.3036031793409557));
#7245=VECTOR('',#7244,0.0011480502970952686);
#7246=LINE('',#7243,#7245);
#7247=EDGE_CURVE('',#673,#675,#7246,.T.);
#7248=CARTESIAN_POINT('',(0.05083157932222817,1.8369701987210298e-19,-0.06624500391431815));
#7249=DIRECTION('',(-0.8314696123025452,0,-0.5555702330196023));
#7250=VECTOR('',#7249,0.010922322581433877);
#7251=LINE('',#7248,#7250);
#7252=EDGE_CURVE('',#675,#659,#7251,.T.);
#7253=CARTESIAN_POINT('',(0.04175000000000001,1.8369701987210298e-19,-0.07231312121600063));
#7254=DIRECTION('',(0.19134171618254664,0.9238795325112845,-0.3314135740355969));
#7255=VECTOR('',#7254,0.001148050297095272);
#7256=LINE('',#7253,#7255);
#7257=EDGE_CURVE('',#659,#657,#7256,.T.);
#7258=CARTESIAN_POINT('',(0.04175000000000001,1.8369701987210298e-19,-0.07231312121600063));
#7259=DIRECTION('',(0.8314696123025452,0,0.5555702330196023));
#7260=VECTOR('',#7259,0.010922322581433877);
#7261=LINE('',#7258,#7260);
#7262=EDGE_CURVE('',#659,#675,#7261,.T.);
#7263=CARTESIAN_POINT('',(0.05083157932222817,1.8369701987210298e-19,-0.06624500391431815));
#7264=DIRECTION('',(0.23296291314453593,-0.9238795325112873,-0.30360317934095565));
#7265=VECTOR('',#7264,0.0011480502970952688);
#7266=LINE('',#7263,#7265);
#7267=EDGE_CURVE('',#675,#677,#7266,.T.);
#7268=CARTESIAN_POINT('',(0.05109903246387593,-0.0010606601717798212,-0.0665935556345596));
#7269=DIRECTION('',(-0.8314696123025447,0,-0.555570233019603));
#7270=VECTOR('',#7269,0.010979790980555949);
#7271=LINE('',#7268,#7270);
#7272=EDGE_CURVE('',#677,#661,#7271,.T.);
#7273=CARTESIAN_POINT('',(0.0419696699141101,-0.0010606601717798212,-0.0726936006681336));
#7274=DIRECTION('',(-0.19134171618254664,0.9238795325112846,0.3314135740355969));
#7275=VECTOR('',#7274,0.001148050297095272);
#7276=LINE('',#7273,#7275);
#7277=EDGE_CURVE('',#661,#659,#7276,.T.);
#7278=CARTESIAN_POINT('',(0.0419696699141101,-0.0010606601717798212,-0.0726936006681336));
#7279=DIRECTION('',(0.8314696123025447,0,0.555570233019603));
#7280=VECTOR('',#7279,0.010979790980555949);
#7281=LINE('',#7278,#7280);
#7282=EDGE_CURVE('',#661,#677,#7281,.T.);
#7283=CARTESIAN_POINT('',(0.05109903246387593,-0.0010606601717798212,-0.0665935556345596));
#7284=DIRECTION('',(0.5624222244434772,-0.38268343236508867,-0.7329629131445368));
#7285=VECTOR('',#7284,0.001148050297095273);
#7286=LINE('',#7283,#7285);
#7287=EDGE_CURVE('',#677,#679,#7286,.T.);
#7288=CARTESIAN_POINT('',(0.05174472146574125,-0.0015,-0.067435033924755));
#7289=DIRECTION('',(-0.831469612302545,0,-0.5555702330196025));
#7290=VECTOR('',#7289,0.01111853196912431);
#7291=LINE('',#7288,#7290);
#7292=EDGE_CURVE('',#679,#663,#7291,.T.);
#7293=CARTESIAN_POINT('',(0.04250000000000001,-0.0015,-0.07361215932167729));
#7294=DIRECTION('',(-0.4619397662556423,0.38268343236509034,0.800103145191266));
#7295=VECTOR('',#7294,0.001148050297095268);
#7296=LINE('',#7293,#7295);
#7297=EDGE_CURVE('',#663,#661,#7296,.T.);
#7298=CARTESIAN_POINT('',(0.04250000000000001,-0.0015,-0.07361215932167729));
#7299=DIRECTION('',(0.831469612302545,0,0.5555702330196025));
#7300=VECTOR('',#7299,0.01111853196912431);
#7301=LINE('',#7298,#7300);
#7302=EDGE_CURVE('',#663,#679,#7301,.T.);
#7303=CARTESIAN_POINT('',(0.05174472146574125,-0.0015,-0.067435033924755));
#7304=DIRECTION('',(0.5624222244434822,0.38268343236509167,-0.7329629131445311));
#7305=VECTOR('',#7304,0.0011480502970952627);
#7306=LINE('',#7303,#7305);
#7307=EDGE_CURVE('',#679,#681,#7306,.T.);
#7308=CARTESIAN_POINT('',(0.05239041046760657,-0.0010606601717798216,-0.06827651221495039));
#7309=DIRECTION('',(-0.8314696123025453,0,-0.5555702330196021));
#7310=VECTOR('',#7309,0.011257272957692669);
#7311=LINE('',#7308,#7310);
#7312=EDGE_CURVE('',#681,#665,#7311,.T.);
#7313=CARTESIAN_POINT('',(0.04303033008588992,-0.0010606601717798216,-0.07453071797522097));
#7314=DIRECTION('',(-0.4619397662556468,-0.3826834323650937,0.8001031451912618));
#7315=VECTOR('',#7314,0.0011480502970952567);
#7316=LINE('',#7313,#7315);
#7317=EDGE_CURVE('',#665,#663,#7316,.T.);
#7318=CARTESIAN_POINT('',(0.04303033008588992,-0.0010606601717798216,-0.07453071797522097));
#7319=DIRECTION('',(0.8314696123025453,0,0.5555702330196021));
#7320=VECTOR('',#7319,0.011257272957692669);
#7321=LINE('',#7318,#7320);
#7322=EDGE_CURVE('',#665,#681,#7321,.T.);
#7323=CARTESIAN_POINT('',(0.05239041046760657,-0.0010606601717798216,-0.06827651221495039));
#7324=DIRECTION('',(0.23296291314453507,0.923879532511284,-0.3036031793409666));
#7325=VECTOR('',#7324,0.0011480502970952731);
#7326=LINE('',#7323,#7325);
#7327=EDGE_CURVE('',#681,#667,#7326,.T.);
#7328=CARTESIAN_POINT('',(0.052657863609254334,0,-0.06862506393519185));
#7329=DIRECTION('',(-0.8314696123025456,0,-0.555570233019602));
#7330=VECTOR('',#7329,0.011314741356814732);
#7331=LINE('',#7328,#7330);
#7332=EDGE_CURVE('',#667,#651,#7331,.T.);
#7333=CARTESIAN_POINT('',(0.04325000000000001,0,-0.07491119742735394));
#7334=DIRECTION('',(-0.1913417161825466,-0.9238795325112847,0.33141357403559685));
#7335=VECTOR('',#7334,0.0011480502970952723);
#7336=LINE('',#7333,#7335);
#7337=EDGE_CURVE('',#651,#665,#7336,.T.);
#7338=CARTESIAN_POINT('',(0.052657863609254334,0,-0.06862506393519185));
#7339=DIRECTION('',(0.7518398074789775,0,0.6593458151000688));
#7340=VECTOR('',#7339,0.01131474135681474);
#7341=LINE('',#7338,#7340);
#7342=EDGE_CURVE('',#667,#683,#7341,.T.);
#7343=CARTESIAN_POINT('',(0.06116473657263635,0,-0.06116473657263638));
#7344=DIRECTION('',(-0.2705980500731004,0.9238795325112857,0.2705980500731004));
#7345=VECTOR('',#7344,0.0011480502970952705);
#7346=LINE('',#7343,#7345);
#7347=EDGE_CURVE('',#683,#685,#7346,.T.);
#7348=CARTESIAN_POINT('',(0.06085407640085653,0.0010606601717798212,-0.060854076400856556));
#7349=DIRECTION('',(-0.7518398074789777,0,-0.6593458151000685));
#7350=VECTOR('',#7349,0.011257272957692669);
#7351=LINE('',#7348,#7350);
#7352=EDGE_CURVE('',#685,#669,#7351,.T.);
#7353=CARTESIAN_POINT('',(0.05239041046760657,0.0010606601717798212,-0.06827651221495039));
#7354=DIRECTION('',(0.23296291314453516,-0.923879532511284,-0.3036031793409667));
#7355=VECTOR('',#7354,0.0011480502970952727);
#7356=LINE('',#7353,#7355);
#7357=EDGE_CURVE('',#669,#667,#7356,.T.);
#7358=CARTESIAN_POINT('',(0.05239041046760657,0.0010606601717798212,-0.06827651221495039));
#7359=DIRECTION('',(0.7518398074789777,0,0.6593458151000685));
#7360=VECTOR('',#7359,0.011257272957692669);
#7361=LINE('',#7358,#7360);
#7362=EDGE_CURVE('',#669,#685,#7361,.T.);
#7363=CARTESIAN_POINT('',(0.06085407640085653,0.0010606601717798212,-0.060854076400856556));
#7364=DIRECTION('',(-0.6532814824381884,0.3826834323650896,0.6532814824381884));
#7365=VECTOR('',#7364,0.0011480502970952701);
#7366=LINE('',#7363,#7365);
#7367=EDGE_CURVE('',#685,#687,#7366,.T.);
#7368=CARTESIAN_POINT('',(0.06010407640085653,0.0015,-0.060104076400856556));
#7369=DIRECTION('',(-0.7518398074789773,0,-0.6593458151000691));
#7370=VECTOR('',#7369,0.011118531969124311);
#7371=LINE('',#7368,#7370);
#7372=EDGE_CURVE('',#687,#671,#7371,.T.);
#7373=CARTESIAN_POINT('',(0.05174472146574125,0.0015,-0.067435033924755));
#7374=DIRECTION('',(0.5624222244434822,-0.38268343236509206,-0.7329629131445311));
#7375=VECTOR('',#7374,0.0011480502970952627);
#7376=LINE('',#7373,#7375);
#7377=EDGE_CURVE('',#671,#669,#7376,.T.);
#7378=CARTESIAN_POINT('',(0.05174472146574125,0.0015,-0.067435033924755));
#7379=DIRECTION('',(0.7518398074789773,0,0.6593458151000691));
#7380=VECTOR('',#7379,0.011118531969124311);
#7381=LINE('',#7378,#7380);
#7382=EDGE_CURVE('',#671,#687,#7381,.T.);
#7383=CARTESIAN_POINT('',(0.06010407640085653,0.0015,-0.060104076400856556));
#7384=DIRECTION('',(-0.6532814824381875,-0.38268343236509245,0.6532814824381875));
#7385=VECTOR('',#7384,0.001148050297095261);
#7386=LINE('',#7383,#7385);
#7387=EDGE_CURVE('',#687,#689,#7386,.T.);
#7388=CARTESIAN_POINT('',(0.059354076400856534,0.0010606601717798214,-0.05935407640085656));
#7389=DIRECTION('',(-0.751839807478978,0,-0.6593458151000682));
#7390=VECTOR('',#7389,0.010979790980555945);
#7391=LINE('',#7388,#7390);
#7392=EDGE_CURVE('',#689,#673,#7391,.T.);
#7393=CARTESIAN_POINT('',(0.05109903246387593,0.0010606601717798214,-0.0665935556345596));
#7394=DIRECTION('',(0.5624222244434772,0.38268343236508845,-0.7329629131445368));
#7395=VECTOR('',#7394,0.001148050297095273);
#7396=LINE('',#7393,#7395);
#7397=EDGE_CURVE('',#673,#671,#7396,.T.);
#7398=CARTESIAN_POINT('',(0.05109903246387593,0.0010606601717798214,-0.0665935556345596));
#7399=DIRECTION('',(0.751839807478978,0,0.6593458151000682));
#7400=VECTOR('',#7399,0.010979790980555945);
#7401=LINE('',#7398,#7400);
#7402=EDGE_CURVE('',#673,#689,#7401,.T.);
#7403=CARTESIAN_POINT('',(0.059354076400856534,0.0010606601717798214,-0.05935407640085656));
#7404=DIRECTION('',(-0.2705980500731004,-0.9238795325112857,0.2705980500731004));
#7405=VECTOR('',#7404,0.0011480502970952705);
#7406=LINE('',#7403,#7405);
#7407=EDGE_CURVE('',#689,#691,#7406,.T.);
#7408=CARTESIAN_POINT('',(0.05904341622907671,1.8369701987210298e-19,-0.05904341622907674));
#7409=DIRECTION('',(-0.7518398074789777,0,-0.6593458151000685));
#7410=VECTOR('',#7409,0.010922322581433882);
#7411=LINE('',#7408,#7410);
#7412=EDGE_CURVE('',#691,#675,#7411,.T.);
#7413=CARTESIAN_POINT('',(0.05083157932222817,1.8369701987210298e-19,-0.06624500391431815));
#7414=DIRECTION('',(0.232962913144536,0.9238795325112873,-0.3036031793409557));
#7415=VECTOR('',#7414,0.0011480502970952686);
#7416=LINE('',#7413,#7415);
#7417=EDGE_CURVE('',#675,#673,#7416,.T.);
#7418=CARTESIAN_POINT('',(0.05083157932222817,1.8369701987210298e-19,-0.06624500391431815));
#7419=DIRECTION('',(0.7518398074789777,0,0.6593458151000685));
#7420=VECTOR('',#7419,0.010922322581433882);
#7421=LINE('',#7418,#7420);
#7422=EDGE_CURVE('',#675,#691,#7421,.T.);
#7423=CARTESIAN_POINT('',(0.05904341622907671,1.8369701987210298e-19,-0.05904341622907674));
#7424=DIRECTION('',(0.27059805007310034,-0.9238795325112857,-0.27059805007310034));
#7425=VECTOR('',#7424,0.0011480502970952708);
#7426=LINE('',#7423,#7425);
#7427=EDGE_CURVE('',#691,#693,#7426,.T.);
#7428=CARTESIAN_POINT('',(0.059354076400856534,-0.0010606601717798212,-0.05935407640085656));
#7429=DIRECTION('',(-0.751839807478978,0,-0.6593458151000682));
#7430=VECTOR('',#7429,0.010979790980555945);
#7431=LINE('',#7428,#7430);
#7432=EDGE_CURVE('',#693,#677,#7431,.T.);
#7433=CARTESIAN_POINT('',(0.05109903246387593,-0.0010606601717798212,-0.0665935556345596));
#7434=DIRECTION('',(-0.23296291314453593,0.9238795325112873,0.30360317934095565));
#7435=VECTOR('',#7434,0.0011480502970952688);
#7436=LINE('',#7433,#7435);
#7437=EDGE_CURVE('',#677,#675,#7436,.T.);
#7438=CARTESIAN_POINT('',(0.05109903246387593,-0.0010606601717798212,-0.0665935556345596));
#7439=DIRECTION('',(0.751839807478978,0,0.6593458151000682));
#7440=VECTOR('',#7439,0.010979790980555945);
#7441=LINE('',#7438,#7440);
#7442=EDGE_CURVE('',#677,#693,#7441,.T.);
#7443=CARTESIAN_POINT('',(0.059354076400856534,-0.0010606601717798212,-0.05935407640085656));
#7444=DIRECTION('',(0.6532814824381874,-0.38268343236509256,-0.6532814824381874));
#7445=VECTOR('',#7444,0.0011480502970952612);
#7446=LINE('',#7443,#7445);
#7447=EDGE_CURVE('',#693,#695,#7446,.T.);
#7448=CARTESIAN_POINT('',(0.06010407640085653,-0.0015,-0.060104076400856556));
#7449=DIRECTION('',(-0.7518398074789773,0,-0.6593458151000691));
#7450=VECTOR('',#7449,0.011118531969124311);
#7451=LINE('',#7448,#7450);
#7452=EDGE_CURVE('',#695,#679,#7451,.T.);
#7453=CARTESIAN_POINT('',(0.05174472146574125,-0.0015,-0.067435033924755));
#7454=DIRECTION('',(-0.5624222244434772,0.38268343236508867,0.7329629131445368));
#7455=VECTOR('',#7454,0.001148050297095273);
#7456=LINE('',#7453,#7455);
#7457=EDGE_CURVE('',#679,#677,#7456,.T.);
#7458=CARTESIAN_POINT('',(0.05174472146574125,-0.0015,-0.067435033924755));
#7459=DIRECTION('',(0.7518398074789773,0,0.6593458151000691));
#7460=VECTOR('',#7459,0.011118531969124311);
#7461=LINE('',#7458,#7460);
#7462=EDGE_CURVE('',#679,#695,#7461,.T.);
#7463=CARTESIAN_POINT('',(0.06010407640085653,-0.0015,-0.060104076400856556));
#7464=DIRECTION('',(0.6532814824381884,0.3826834323650892,-0.6532814824381884));
#7465=VECTOR('',#7464,0.0011480502970952701);
#7466=LINE('',#7463,#7465);
#7467=EDGE_CURVE('',#695,#697,#7466,.T.);
#7468=CARTESIAN_POINT('',(0.06085407640085653,-0.0010606601717798216,-0.060854076400856556));
#7469=DIRECTION('',(-0.7518398074789777,0,-0.6593458151000685));
#7470=VECTOR('',#7469,0.011257272957692669);
#7471=LINE('',#7468,#7470);
#7472=EDGE_CURVE('',#697,#681,#7471,.T.);
#7473=CARTESIAN_POINT('',(0.05239041046760657,-0.0010606601717798216,-0.06827651221495039));
#7474=DIRECTION('',(-0.5624222244434822,-0.38268343236509167,0.7329629131445311));
#7475=VECTOR('',#7474,0.0011480502970952627);
#7476=LINE('',#7473,#7475);
#7477=EDGE_CURVE('',#681,#679,#7476,.T.);
#7478=CARTESIAN_POINT('',(0.05239041046760657,-0.0010606601717798216,-0.06827651221495039));
#7479=DIRECTION('',(0.7518398074789777,0,0.6593458151000685));
#7480=VECTOR('',#7479,0.011257272957692669);
#7481=LINE('',#7478,#7480);
#7482=EDGE_CURVE('',#681,#697,#7481,.T.);
#7483=CARTESIAN_POINT('',(0.06085407640085653,-0.0010606601717798216,-0.060854076400856556));
#7484=DIRECTION('',(0.2705980500731003,0.9238795325112857,-0.2705980500731003));
#7485=VECTOR('',#7484,0.001148050297095271);
#7486=LINE('',#7483,#7485);
#7487=EDGE_CURVE('',#697,#683,#7486,.T.);
#7488=CARTESIAN_POINT('',(0.06116473657263635,0,-0.06116473657263638));
#7489=DIRECTION('',(-0.7518398074789775,0,-0.6593458151000688));
#7490=VECTOR('',#7489,0.01131474135681474);
#7491=LINE('',#7488,#7490);
#7492=EDGE_CURVE('',#683,#667,#7491,.T.);
#7493=CARTESIAN_POINT('',(0.052657863609254334,0,-0.06862506393519185));
#7494=DIRECTION('',(-0.23296291314453507,-0.923879532511284,0.3036031793409666));
#7495=VECTOR('',#7494,0.0011480502970952731);
#7496=LINE('',#7493,#7495);
#7497=EDGE_CURVE('',#667,#681,#7496,.T.);
#7498=CARTESIAN_POINT('',(0.06116473657263635,0,-0.06116473657263638));
#7499=DIRECTION('',(0.6593458151000688,0,0.7518398074789775));
#7500=VECTOR('',#7499,0.01131474135681474);
#7501=LINE('',#7498,#7500);
#7502=EDGE_CURVE('',#683,#699,#7501,.T.);
#7503=CARTESIAN_POINT('',(0.06862506393519183,0,-0.05265786360925436));
#7504=DIRECTION('',(-0.3036031793409557,0.9238795325112873,0.232962913144536));
#7505=VECTOR('',#7504,0.0011480502970952686);
#7506=LINE('',#7503,#7505);
#7507=EDGE_CURVE('',#699,#701,#7506,.T.);
#7508=CARTESIAN_POINT('',(0.06827651221495037,0.0010606601717798212,-0.0523904104676066));
#7509=DIRECTION('',(-0.6593458151000692,0,-0.751839807478977));
#7510=VECTOR('',#7509,0.011257272957692679);
#7511=LINE('',#7508,#7510);
#7512=EDGE_CURVE('',#701,#685,#7511,.T.);
#7513=CARTESIAN_POINT('',(0.06085407640085653,0.0010606601717798212,-0.060854076400856556));
#7514=DIRECTION('',(0.2705980500731004,-0.9238795325112857,-0.2705980500731004));
#7515=VECTOR('',#7514,0.0011480502970952705);
#7516=LINE('',#7513,#7515);
#7517=EDGE_CURVE('',#685,#683,#7516,.T.);
#7518=CARTESIAN_POINT('',(0.06085407640085653,0.0010606601717798212,-0.060854076400856556));
#7519=DIRECTION('',(0.6593458151000692,0,0.751839807478977));
#7520=VECTOR('',#7519,0.011257272957692679);
#7521=LINE('',#7518,#7520);
#7522=EDGE_CURVE('',#685,#701,#7521,.T.);
#7523=CARTESIAN_POINT('',(0.06827651221495037,0.0010606601717798212,-0.0523904104676066));
#7524=DIRECTION('',(-0.7329629131445368,0.38268343236508867,0.5624222244434772));
#7525=VECTOR('',#7524,0.001148050297095273);
#7526=LINE('',#7523,#7525);
#7527=EDGE_CURVE('',#701,#703,#7526,.T.);
#7528=CARTESIAN_POINT('',(0.06743503392475497,0.0015,-0.05174472146574128));
#7529=DIRECTION('',(-0.6593458151000691,0,-0.7518398074789773));
#7530=VECTOR('',#7529,0.011118531969124311);
#7531=LINE('',#7528,#7530);
#7532=EDGE_CURVE('',#703,#687,#7531,.T.);
#7533=CARTESIAN_POINT('',(0.06010407640085653,0.0015,-0.060104076400856556));
#7534=DIRECTION('',(0.6532814824381884,-0.3826834323650896,-0.6532814824381884));
#7535=VECTOR('',#7534,0.0011480502970952701);
#7536=LINE('',#7533,#7535);
#7537=EDGE_CURVE('',#687,#685,#7536,.T.);
#7538=CARTESIAN_POINT('',(0.06010407640085653,0.0015,-0.060104076400856556));
#7539=DIRECTION('',(0.6593458151000691,0,0.7518398074789773));
#7540=VECTOR('',#7539,0.011118531969124311);
#7541=LINE('',#7538,#7540);
#7542=EDGE_CURVE('',#687,#703,#7541,.T.);
#7543=CARTESIAN_POINT('',(0.06743503392475497,0.0015,-0.05174472146574128));
#7544=DIRECTION('',(-0.7329629131445311,-0.3826834323650919,0.5624222244434822));
#7545=VECTOR('',#7544,0.0011480502970952627);
#7546=LINE('',#7543,#7545);
#7547=EDGE_CURVE('',#703,#705,#7546,.T.);
#7548=CARTESIAN_POINT('',(0.06659355563455958,0.0010606601717798214,-0.05109903246387596));
#7549=DIRECTION('',(-0.6593458151000688,0,-0.7518398074789774));
#7550=VECTOR('',#7549,0.010979790980555954);
#7551=LINE('',#7548,#7550);
#7552=EDGE_CURVE('',#705,#689,#7551,.T.);
#7553=CARTESIAN_POINT('',(0.059354076400856534,0.0010606601717798214,-0.05935407640085656));
#7554=DIRECTION('',(0.6532814824381875,0.38268343236509245,-0.6532814824381875));
#7555=VECTOR('',#7554,0.001148050297095261);
#7556=LINE('',#7553,#7555);
#7557=EDGE_CURVE('',#689,#687,#7556,.T.);
#7558=CARTESIAN_POINT('',(0.059354076400856534,0.0010606601717798214,-0.05935407640085656));
#7559=DIRECTION('',(0.6593458151000688,0,0.7518398074789774));
#7560=VECTOR('',#7559,0.010979790980555954);
#7561=LINE('',#7558,#7560);
#7562=EDGE_CURVE('',#689,#705,#7561,.T.);
#7563=CARTESIAN_POINT('',(0.06659355563455958,0.0010606601717798214,-0.05109903246387596));
#7564=DIRECTION('',(-0.3036031793409667,-0.923879532511284,0.23296291314453516));
#7565=VECTOR('',#7564,0.0011480502970952727);
#7566=LINE('',#7563,#7565);
#7567=EDGE_CURVE('',#705,#707,#7566,.T.);
#7568=CARTESIAN_POINT('',(0.06624500391431812,1.8369701987210298e-19,-0.0508315793222282));
#7569=DIRECTION('',(-0.6593458151000685,0,-0.7518398074789777));
#7570=VECTOR('',#7569,0.010922322581433882);
#7571=LINE('',#7568,#7570);
#7572=EDGE_CURVE('',#707,#691,#7571,.T.);
#7573=CARTESIAN_POINT('',(0.05904341622907671,1.8369701987210298e-19,-0.05904341622907674));
#7574=DIRECTION('',(0.2705980500731004,0.9238795325112857,-0.2705980500731004));
#7575=VECTOR('',#7574,0.0011480502970952705);
#7576=LINE('',#7573,#7575);
#7577=EDGE_CURVE('',#691,#689,#7576,.T.);
#7578=CARTESIAN_POINT('',(0.05904341622907671,1.8369701987210298e-19,-0.05904341622907674));
#7579=DIRECTION('',(0.6593458151000685,0,0.7518398074789777));
#7580=VECTOR('',#7579,0.010922322581433882);
#7581=LINE('',#7578,#7580);
#7582=EDGE_CURVE('',#691,#707,#7581,.T.);
#7583=CARTESIAN_POINT('',(0.06624500391431812,1.8369701987210298e-19,-0.0508315793222282));
#7584=DIRECTION('',(0.30360317934096664,-0.923879532511284,-0.2329629131445351));
#7585=VECTOR('',#7584,0.001148050297095273);
#7586=LINE('',#7583,#7585);
#7587=EDGE_CURVE('',#707,#709,#7586,.T.);
#7588=CARTESIAN_POINT('',(0.06659355563455958,-0.0010606601717798212,-0.05109903246387596));
#7589=DIRECTION('',(-0.6593458151000688,0,-0.7518398074789774));
#7590=VECTOR('',#7589,0.010979790980555954);
#7591=LINE('',#7588,#7590);
#7592=EDGE_CURVE('',#709,#693,#7591,.T.);
#7593=CARTESIAN_POINT('',(0.059354076400856534,-0.0010606601717798212,-0.05935407640085656));
#7594=DIRECTION('',(-0.27059805007310034,0.9238795325112857,0.27059805007310034));
#7595=VECTOR('',#7594,0.0011480502970952708);
#7596=LINE('',#7593,#7595);
#7597=EDGE_CURVE('',#693,#691,#7596,.T.);
#7598=CARTESIAN_POINT('',(0.059354076400856534,-0.0010606601717798212,-0.05935407640085656));
#7599=DIRECTION('',(0.6593458151000688,0,0.7518398074789774));
#7600=VECTOR('',#7599,0.010979790980555954);
#7601=LINE('',#7598,#7600);
#7602=EDGE_CURVE('',#693,#709,#7601,.T.);
#7603=CARTESIAN_POINT('',(0.06659355563455958,-0.0010606601717798212,-0.05109903246387596));
#7604=DIRECTION('',(0.7329629131445311,-0.38268343236509206,-0.5624222244434822));
#7605=VECTOR('',#7604,0.0011480502970952627);
#7606=LINE('',#7603,#7605);
#7607=EDGE_CURVE('',#709,#711,#7606,.T.);
#7608=CARTESIAN_POINT('',(0.06743503392475497,-0.0015,-0.05174472146574128));
#7609=DIRECTION('',(-0.6593458151000691,0,-0.7518398074789773));
#7610=VECTOR('',#7609,0.011118531969124311);
#7611=LINE('',#7608,#7610);
#7612=EDGE_CURVE('',#711,#695,#7611,.T.);
#7613=CARTESIAN_POINT('',(0.06010407640085653,-0.0015,-0.060104076400856556));
#7614=DIRECTION('',(-0.6532814824381874,0.38268343236509256,0.6532814824381874));
#7615=VECTOR('',#7614,0.0011480502970952612);
#7616=LINE('',#7613,#7615);
#7617=EDGE_CURVE('',#695,#693,#7616,.T.);
#7618=CARTESIAN_POINT('',(0.06010407640085653,-0.0015,-0.060104076400856556));
#7619=DIRECTION('',(0.6593458151000691,0,0.7518398074789773));
#7620=VECTOR('',#7619,0.011118531969124311);
#7621=LINE('',#7618,#7620);
#7622=EDGE_CURVE('',#695,#711,#7621,.T.);
#7623=CARTESIAN_POINT('',(0.06743503392475497,-0.0015,-0.05174472146574128));
#7624=DIRECTION('',(0.7329629131445369,0.38268343236508834,-0.5624222244434773));
#7625=VECTOR('',#7624,0.0011480502970952727);
#7626=LINE('',#7623,#7625);
#7627=EDGE_CURVE('',#711,#713,#7626,.T.);
#7628=CARTESIAN_POINT('',(0.06827651221495037,-0.0010606601717798216,-0.0523904104676066));
#7629=DIRECTION('',(-0.6593458151000692,0,-0.751839807478977));
#7630=VECTOR('',#7629,0.011257272957692679);
#7631=LINE('',#7628,#7630);
#7632=EDGE_CURVE('',#713,#697,#7631,.T.);
#7633=CARTESIAN_POINT('',(0.06085407640085653,-0.0010606601717798216,-0.060854076400856556));
#7634=DIRECTION('',(-0.6532814824381884,-0.3826834323650892,0.6532814824381884));
#7635=VECTOR('',#7634,0.0011480502970952701);
#7636=LINE('',#7633,#7635);
#7637=EDGE_CURVE('',#697,#695,#7636,.T.);
#7638=CARTESIAN_POINT('',(0.06085407640085653,-0.0010606601717798216,-0.060854076400856556));
#7639=DIRECTION('',(0.6593458151000692,0,0.751839807478977));
#7640=VECTOR('',#7639,0.011257272957692679);
#7641=LINE('',#7638,#7640);
#7642=EDGE_CURVE('',#697,#713,#7641,.T.);
#7643=CARTESIAN_POINT('',(0.06827651221495037,-0.0010606601717798216,-0.0523904104676066));
#7644=DIRECTION('',(0.30360317934095565,0.9238795325112875,-0.23296291314453593));
#7645=VECTOR('',#7644,0.0011480502970952688);
#7646=LINE('',#7643,#7645);
#7647=EDGE_CURVE('',#713,#699,#7646,.T.);
#7648=CARTESIAN_POINT('',(0.06862506393519183,0,-0.05265786360925436));
#7649=DIRECTION('',(-0.6593458151000688,0,-0.7518398074789775));
#7650=VECTOR('',#7649,0.01131474135681474);
#7651=LINE('',#7648,#7650);
#7652=EDGE_CURVE('',#699,#683,#7651,.T.);
#7653=CARTESIAN_POINT('',(0.06116473657263635,0,-0.06116473657263638));
#7654=DIRECTION('',(-0.2705980500731003,-0.9238795325112857,0.2705980500731003));
#7655=VECTOR('',#7654,0.001148050297095271);
#7656=LINE('',#7653,#7655);
#7657=EDGE_CURVE('',#683,#697,#7656,.T.);
#7658=CARTESIAN_POINT('',(0.06862506393519183,0,-0.05265786360925436));
#7659=DIRECTION('',(0.5555702330196031,0,0.8314696123025447));
#7660=VECTOR('',#7659,0.011314741356814735);
#7661=LINE('',#7658,#7660);
#7662=EDGE_CURVE('',#699,#715,#7661,.T.);
#7663=CARTESIAN_POINT('',(0.07491119742735393,0,-0.043250000000000045));
#7664=DIRECTION('',(-0.3314135740355969,0.9238795325112845,0.19134171618254664));
#7665=VECTOR('',#7664,0.001148050297095272);
#7666=LINE('',#7663,#7665);
#7667=EDGE_CURVE('',#715,#717,#7666,.T.);
#7668=CARTESIAN_POINT('',(0.07453071797522096,0.0010606601717798212,-0.04303033008588995));
#7669=DIRECTION('',(-0.5555702330196024,0,-0.8314696123025451));
#7670=VECTOR('',#7669,0.011257272957692663);
#7671=LINE('',#7668,#7670);
#7672=EDGE_CURVE('',#717,#701,#7671,.T.);
#7673=CARTESIAN_POINT('',(0.06827651221495037,0.0010606601717798212,-0.0523904104676066));
#7674=DIRECTION('',(0.3036031793409557,-0.9238795325112873,-0.232962913144536));
#7675=VECTOR('',#7674,0.0011480502970952686);
#7676=LINE('',#7673,#7675);
#7677=EDGE_CURVE('',#701,#699,#7676,.T.);
#7678=CARTESIAN_POINT('',(0.06827651221495037,0.0010606601717798212,-0.0523904104676066));
#7679=DIRECTION('',(0.5555702330196024,0,0.8314696123025451));
#7680=VECTOR('',#7679,0.011257272957692663);
#7681=LINE('',#7678,#7680);
#7682=EDGE_CURVE('',#701,#717,#7681,.T.);
#7683=CARTESIAN_POINT('',(0.07453071797522096,0.0010606601717798212,-0.04303033008588995));
#7684=DIRECTION('',(-0.8001031451912638,0.3826834323650892,0.46193976625564703));
#7685=VECTOR('',#7684,0.0011480502970952712);
#7686=LINE('',#7683,#7685);
#7687=EDGE_CURVE('',#717,#719,#7686,.T.);
#7688=CARTESIAN_POINT('',(0.07361215932167726,0.0015,-0.04250000000000004));
#7689=DIRECTION('',(-0.5555702330196025,0,-0.831469612302545));
#7690=VECTOR('',#7689,0.01111853196912431);
#7691=LINE('',#7688,#7690);
#7692=EDGE_CURVE('',#719,#703,#7691,.T.);
#7693=CARTESIAN_POINT('',(0.06743503392475497,0.0015,-0.05174472146574128));
#7694=DIRECTION('',(0.7329629131445368,-0.38268343236508867,-0.5624222244434772));
#7695=VECTOR('',#7694,0.001148050297095273);
#7696=LINE('',#7693,#7695);
#7697=EDGE_CURVE('',#703,#701,#7696,.T.);
#7698=CARTESIAN_POINT('',(0.06743503392475497,0.0015,-0.05174472146574128));
#7699=DIRECTION('',(0.5555702330196025,0,0.831469612302545));
#7700=VECTOR('',#7699,0.01111853196912431);
#7701=LINE('',#7698,#7700);
#7702=EDGE_CURVE('',#703,#719,#7701,.T.);
#7703=CARTESIAN_POINT('',(0.07361215932167726,0.0015,-0.04250000000000004));
#7704=DIRECTION('',(-0.800103145191266,-0.3826834323650901,0.4619397662556423));
#7705=VECTOR('',#7704,0.001148050297095268);
#7706=LINE('',#7703,#7705);
#7707=EDGE_CURVE('',#719,#721,#7706,.T.);
#7708=CARTESIAN_POINT('',(0.07269360066813357,0.0010606601717798214,-0.04196966991411013));
#7709=DIRECTION('',(-0.5555702330196021,0,-0.8314696123025453));
#7710=VECTOR('',#7709,0.01097979098055594);
#7711=LINE('',#7708,#7710);
#7712=EDGE_CURVE('',#721,#705,#7711,.T.);
#7713=CARTESIAN_POINT('',(0.06659355563455958,0.0010606601717798214,-0.05109903246387596));
#7714=DIRECTION('',(0.7329629131445311,0.3826834323650919,-0.5624222244434822));
#7715=VECTOR('',#7714,0.0011480502970952627);
#7716=LINE('',#7713,#7715);
#7717=EDGE_CURVE('',#705,#703,#7716,.T.);
#7718=CARTESIAN_POINT('',(0.06659355563455958,0.0010606601717798214,-0.05109903246387596));
#7719=DIRECTION('',(0.5555702330196021,0,0.8314696123025453));
#7720=VECTOR('',#7719,0.01097979098055594);
#7721=LINE('',#7718,#7720);
#7722=EDGE_CURVE('',#705,#721,#7721,.T.);
#7723=CARTESIAN_POINT('',(0.07269360066813357,0.0010606601717798214,-0.04196966991411013));
#7724=DIRECTION('',(-0.3314135740355862,-0.9238795325112883,0.19134171618254744));
#7725=VECTOR('',#7724,0.0011480502970952673);
#7726=LINE('',#7723,#7725);
#7727=EDGE_CURVE('',#721,#723,#7726,.T.);
#7728=CARTESIAN_POINT('',(0.07231312121600061,1.8369701987210298e-19,-0.04175000000000004));
#7729=DIRECTION('',(-0.5555702330196032,0,-0.8314696123025447));
#7730=VECTOR('',#7729,0.010922322581433884);
#7731=LINE('',#7728,#7730);
#7732=EDGE_CURVE('',#723,#707,#7731,.T.);
#7733=CARTESIAN_POINT('',(0.06624500391431812,1.8369701987210298e-19,-0.0508315793222282));
#7734=DIRECTION('',(0.3036031793409667,0.923879532511284,-0.23296291314453516));
#7735=VECTOR('',#7734,0.0011480502970952727);
#7736=LINE('',#7733,#7735);
#7737=EDGE_CURVE('',#707,#705,#7736,.T.);
#7738=CARTESIAN_POINT('',(0.06624500391431812,1.8369701987210298e-19,-0.0508315793222282));
#7739=DIRECTION('',(0.5555702330196032,0,0.8314696123025447));
#7740=VECTOR('',#7739,0.010922322581433884);
#7741=LINE('',#7738,#7740);
#7742=EDGE_CURVE('',#707,#723,#7741,.T.);
#7743=CARTESIAN_POINT('',(0.07231312121600061,1.8369701987210298e-19,-0.04175000000000004));
#7744=DIRECTION('',(0.33141357403558613,-0.9238795325112883,-0.19134171618254742));
#7745=VECTOR('',#7744,0.0011480502970952675);
#7746=LINE('',#7743,#7745);
#7747=EDGE_CURVE('',#723,#725,#7746,.T.);
#7748=CARTESIAN_POINT('',(0.07269360066813357,-0.0010606601717798212,-0.04196966991411013));
#7749=DIRECTION('',(-0.5555702330196021,0,-0.8314696123025453));
#7750=VECTOR('',#7749,0.01097979098055594);
#7751=LINE('',#7748,#7750);
#7752=EDGE_CURVE('',#725,#709,#7751,.T.);
#7753=CARTESIAN_POINT('',(0.06659355563455958,-0.0010606601717798212,-0.05109903246387596));
#7754=DIRECTION('',(-0.30360317934096664,0.923879532511284,0.2329629131445351));
#7755=VECTOR('',#7754,0.001148050297095273);
#7756=LINE('',#7753,#7755);
#7757=EDGE_CURVE('',#709,#707,#7756,.T.);
#7758=CARTESIAN_POINT('',(0.06659355563455958,-0.0010606601717798212,-0.05109903246387596));
#7759=DIRECTION('',(0.5555702330196021,0,0.8314696123025453));
#7760=VECTOR('',#7759,0.01097979098055594);
#7761=LINE('',#7758,#7760);
#7762=EDGE_CURVE('',#709,#725,#7761,.T.);
#7763=CARTESIAN_POINT('',(0.07269360066813357,-0.0010606601717798212,-0.04196966991411013));
#7764=DIRECTION('',(0.800103145191266,-0.38268343236509034,-0.4619397662556423));
#7765=VECTOR('',#7764,0.001148050297095268);
#7766=LINE('',#7763,#7765);
#7767=EDGE_CURVE('',#725,#727,#7766,.T.);
#7768=CARTESIAN_POINT('',(0.07361215932167726,-0.0015,-0.04250000000000004));
#7769=DIRECTION('',(-0.5555702330196025,0,-0.831469612302545));
#7770=VECTOR('',#7769,0.01111853196912431);
#7771=LINE('',#7768,#7770);
#7772=EDGE_CURVE('',#727,#711,#7771,.T.);
#7773=CARTESIAN_POINT('',(0.06743503392475497,-0.0015,-0.05174472146574128));
#7774=DIRECTION('',(-0.7329629131445311,0.38268343236509206,0.5624222244434822));
#7775=VECTOR('',#7774,0.0011480502970952627);
#7776=LINE('',#7773,#7775);
#7777=EDGE_CURVE('',#711,#709,#7776,.T.);
#7778=CARTESIAN_POINT('',(0.06743503392475497,-0.0015,-0.05174472146574128));
#7779=DIRECTION('',(0.5555702330196025,0,0.831469612302545));
#7780=VECTOR('',#7779,0.01111853196912431);
#7781=LINE('',#7778,#7780);
#7782=EDGE_CURVE('',#711,#727,#7781,.T.);
#7783=CARTESIAN_POINT('',(0.07361215932167726,-0.0015,-0.04250000000000004));
#7784=DIRECTION('',(0.8001031451912638,0.38268343236508884,-0.46193976625564703));
#7785=VECTOR('',#7784,0.0011480502970952712);
#7786=LINE('',#7783,#7785);
#7787=EDGE_CURVE('',#727,#729,#7786,.T.);
#7788=CARTESIAN_POINT('',(0.07453071797522096,-0.0010606601717798216,-0.04303033008588995));
#7789=DIRECTION('',(-0.5555702330196024,0,-0.8314696123025451));
#7790=VECTOR('',#7789,0.011257272957692663);
#7791=LINE('',#7788,#7790);
#7792=EDGE_CURVE('',#729,#713,#7791,.T.);
#7793=CARTESIAN_POINT('',(0.06827651221495037,-0.0010606601717798216,-0.0523904104676066));
#7794=DIRECTION('',(-0.7329629131445369,-0.38268343236508834,0.5624222244434773));
#7795=VECTOR('',#7794,0.0011480502970952727);
#7796=LINE('',#7793,#7795);
#7797=EDGE_CURVE('',#713,#711,#7796,.T.);
#7798=CARTESIAN_POINT('',(0.06827651221495037,-0.0010606601717798216,-0.0523904104676066));
#7799=DIRECTION('',(0.5555702330196024,0,0.8314696123025451));
#7800=VECTOR('',#7799,0.011257272957692663);
#7801=LINE('',#7798,#7800);
#7802=EDGE_CURVE('',#713,#729,#7801,.T.);
#7803=CARTESIAN_POINT('',(0.07453071797522096,-0.0010606601717798216,-0.04303033008588995));
#7804=DIRECTION('',(0.33141357403559685,0.9238795325112847,-0.1913417161825466));
#7805=VECTOR('',#7804,0.0011480502970952723);
#7806=LINE('',#7803,#7805);
#7807=EDGE_CURVE('',#729,#715,#7806,.T.);
#7808=CARTESIAN_POINT('',(0.07491119742735393,0,-0.043250000000000045));
#7809=DIRECTION('',(-0.5555702330196031,0,-0.8314696123025447));
#7810=VECTOR('',#7809,0.011314741356814735);
#7811=LINE('',#7808,#7810);
#7812=EDGE_CURVE('',#715,#699,#7811,.T.);
#7813=CARTESIAN_POINT('',(0.06862506393519183,0,-0.05265786360925436));
#7814=DIRECTION('',(-0.30360317934095565,-0.9238795325112875,0.23296291314453593));
#7815=VECTOR('',#7814,0.0011480502970952688);
#7816=LINE('',#7813,#7815);
#7817=EDGE_CURVE('',#699,#713,#7816,.T.);
#7818=CARTESIAN_POINT('',(0.07491119742735393,0,-0.043250000000000045));
#7819=DIRECTION('',(0.44228869021900186,0,0.8968727415326879));
#7820=VECTOR('',#7819,0.011314741356814744);
#7821=LINE('',#7818,#7820);
#7822=EDGE_CURVE('',#715,#731,#7821,.T.);
#7823=CARTESIAN_POINT('',(0.0799155795622263,0,-0.03310211689958032));
#7824=DIRECTION('',(-0.35355339059328067,0.923879532511284,0.14644660940672705));
#7825=VECTOR('',#7824,0.0011480502970952727);
#7826=LINE('',#7823,#7825);
#7827=EDGE_CURVE('',#731,#733,#7826,.T.);
#7828=CARTESIAN_POINT('',(0.07950968248711664,0.0010606601717798212,-0.03293398882614233));
#7829=DIRECTION('',(-0.4422886902190018,0,-0.8968727415326881));
#7830=VECTOR('',#7829,0.011257272957692674);
#7831=LINE('',#7828,#7830);
#7832=EDGE_CURVE('',#733,#717,#7831,.T.);
#7833=CARTESIAN_POINT('',(0.07453071797522096,0.0010606601717798212,-0.04303033008588995));
#7834=DIRECTION('',(0.3314135740355969,-0.9238795325112845,-0.19134171618254664));
#7835=VECTOR('',#7834,0.001148050297095272);
#7836=LINE('',#7833,#7835);
#7837=EDGE_CURVE('',#717,#715,#7836,.T.);
#7838=CARTESIAN_POINT('',(0.07453071797522096,0.0010606601717798212,-0.04303033008588995));
#7839=DIRECTION('',(0.4422886902190018,0,0.8968727415326881));
#7840=VECTOR('',#7839,0.011257272957692674);
#7841=LINE('',#7838,#7840);
#7842=EDGE_CURVE('',#717,#733,#7841,.T.);
#7843=CARTESIAN_POINT('',(0.07950968248711664,0.0010606601717798212,-0.03293398882614233));
#7844=DIRECTION('',(-0.8535533905932728,0.3826834323650899,0.35355339059327573));
#7845=VECTOR('',#7844,0.0011480502970952692);
#7846=LINE('',#7843,#7845);
#7847=EDGE_CURVE('',#733,#735,#7846,.T.);
#7848=CARTESIAN_POINT('',(0.07852976026345936,0.0015,-0.03252809175103268));
#7849=DIRECTION('',(-0.4422886902190019,0,-0.896872741532688));
#7850=VECTOR('',#7849,0.01111853196912431);
#7851=LINE('',#7848,#7850);
#7852=EDGE_CURVE('',#735,#719,#7851,.T.);
#7853=CARTESIAN_POINT('',(0.07361215932167726,0.0015,-0.04250000000000004));
#7854=DIRECTION('',(0.8001031451912638,-0.3826834323650892,-0.46193976625564703));
#7855=VECTOR('',#7854,0.0011480502970952712);
#7856=LINE('',#7853,#7855);
#7857=EDGE_CURVE('',#719,#717,#7856,.T.);
#7858=CARTESIAN_POINT('',(0.07361215932167726,0.0015,-0.04250000000000004));
#7859=DIRECTION('',(0.4422886902190019,0,0.896872741532688));
#7860=VECTOR('',#7859,0.01111853196912431);
#7861=LINE('',#7858,#7860);
#7862=EDGE_CURVE('',#719,#735,#7861,.T.);
#7863=CARTESIAN_POINT('',(0.07852976026345936,0.0015,-0.03252809175103268));
#7864=DIRECTION('',(-0.8535533905932748,-0.38268343236509056,0.35355339059327046));
#7865=VECTOR('',#7864,0.0011480502970952666);
#7866=LINE('',#7863,#7865);
#7867=EDGE_CURVE('',#735,#737,#7866,.T.);
#7868=CARTESIAN_POINT('',(0.07754983803980207,0.0010606601717798214,-0.03212219467592304));
#7869=DIRECTION('',(-0.442288690219002,0,-0.8968727415326878));
#7870=VECTOR('',#7869,0.010979790980555945);
#7871=LINE('',#7868,#7870);
#7872=EDGE_CURVE('',#737,#721,#7871,.T.);
#7873=CARTESIAN_POINT('',(0.07269360066813357,0.0010606601717798214,-0.04196966991411013));
#7874=DIRECTION('',(0.800103145191266,0.3826834323650901,-0.4619397662556423));
#7875=VECTOR('',#7874,0.001148050297095268);
#7876=LINE('',#7873,#7875);
#7877=EDGE_CURVE('',#721,#719,#7876,.T.);
#7878=CARTESIAN_POINT('',(0.07269360066813357,0.0010606601717798214,-0.04196966991411013));
#7879=DIRECTION('',(0.442288690219002,0,0.8968727415326878));
#7880=VECTOR('',#7879,0.010979790980555945);
#7881=LINE('',#7878,#7880);
#7882=EDGE_CURVE('',#721,#737,#7881,.T.);
#7883=CARTESIAN_POINT('',(0.07754983803980207,0.0010606601717798214,-0.03212219467592304));
#7884=DIRECTION('',(-0.3535533905932701,-0.923879532511288,0.14644660940672768));
#7885=VECTOR('',#7884,0.0011480502970952677);
#7886=LINE('',#7883,#7885);
#7887=EDGE_CURVE('',#737,#739,#7886,.T.);
#7888=CARTESIAN_POINT('',(0.07714394096469243,1.8369701987210298e-19,-0.03195406660248505));
#7889=DIRECTION('',(-0.4422886902190019,0,-0.8968727415326879));
#7890=VECTOR('',#7889,0.010922322581433877);
#7891=LINE('',#7888,#7890);
#7892=EDGE_CURVE('',#739,#723,#7891,.T.);
#7893=CARTESIAN_POINT('',(0.07231312121600061,1.8369701987210298e-19,-0.04175000000000004));
#7894=DIRECTION('',(0.3314135740355862,0.9238795325112883,-0.19134171618254744));
#7895=VECTOR('',#7894,0.0011480502970952673);
#7896=LINE('',#7893,#7895);
#7897=EDGE_CURVE('',#723,#721,#7896,.T.);
#7898=CARTESIAN_POINT('',(0.07231312121600061,1.8369701987210298e-19,-0.04175000000000004));
#7899=DIRECTION('',(0.4422886902190019,0,0.8968727415326879));
#7900=VECTOR('',#7899,0.010922322581433877);
#7901=LINE('',#7898,#7900);
#7902=EDGE_CURVE('',#723,#739,#7901,.T.);
#7903=CARTESIAN_POINT('',(0.07714394096469243,1.8369701987210298e-19,-0.03195406660248505));
#7904=DIRECTION('',(0.35355339059327007,-0.923879532511288,-0.14644660940672766));
#7905=VECTOR('',#7904,0.001148050297095268);
#7906=LINE('',#7903,#7905);
#7907=EDGE_CURVE('',#739,#741,#7906,.T.);
#7908=CARTESIAN_POINT('',(0.07754983803980207,-0.0010606601717798212,-0.03212219467592304));
#7909=DIRECTION('',(-0.442288690219002,0,-0.8968727415326878));
#7910=VECTOR('',#7909,0.010979790980555945);
#7911=LINE('',#7908,#7910);
#7912=EDGE_CURVE('',#741,#725,#7911,.T.);
#7913=CARTESIAN_POINT('',(0.07269360066813357,-0.0010606601717798212,-0.04196966991411013));
#7914=DIRECTION('',(-0.33141357403558613,0.9238795325112883,0.19134171618254742));
#7915=VECTOR('',#7914,0.0011480502970952675);
#7916=LINE('',#7913,#7915);
#7917=EDGE_CURVE('',#725,#723,#7916,.T.);
#7918=CARTESIAN_POINT('',(0.07269360066813357,-0.0010606601717798212,-0.04196966991411013));
#7919=DIRECTION('',(0.442288690219002,0,0.8968727415326878));
#7920=VECTOR('',#7919,0.010979790980555945);
#7921=LINE('',#7918,#7920);
#7922=EDGE_CURVE('',#725,#741,#7921,.T.);
#7923=CARTESIAN_POINT('',(0.07754983803980207,-0.0010606601717798212,-0.03212219467592304));
#7924=DIRECTION('',(0.8535533905932746,-0.38268343236509067,-0.3535533905932704));
#7925=VECTOR('',#7924,0.0011480502970952669);
#7926=LINE('',#7923,#7925);
#7927=EDGE_CURVE('',#741,#743,#7926,.T.);
#7928=CARTESIAN_POINT('',(0.07852976026345936,-0.0015,-0.03252809175103268));
#7929=DIRECTION('',(-0.4422886902190019,0,-0.896872741532688));
#7930=VECTOR('',#7929,0.01111853196912431);
#7931=LINE('',#7928,#7930);
#7932=EDGE_CURVE('',#743,#727,#7931,.T.);
#7933=CARTESIAN_POINT('',(0.07361215932167726,-0.0015,-0.04250000000000004));
#7934=DIRECTION('',(-0.800103145191266,0.38268343236509034,0.4619397662556423));
#7935=VECTOR('',#7934,0.001148050297095268);
#7936=LINE('',#7933,#7935);
#7937=EDGE_CURVE('',#727,#725,#7936,.T.);
#7938=CARTESIAN_POINT('',(0.07361215932167726,-0.0015,-0.04250000000000004));
#7939=DIRECTION('',(0.4422886902190019,0,0.896872741532688));
#7940=VECTOR('',#7939,0.01111853196912431);
#7941=LINE('',#7938,#7940);
#7942=EDGE_CURVE('',#727,#743,#7941,.T.);
#7943=CARTESIAN_POINT('',(0.07852976026345936,-0.0015,-0.03252809175103268));
#7944=DIRECTION('',(0.8535533905932731,0.38268343236508956,-0.3535533905932758));
#7945=VECTOR('',#7944,0.001148050297095269);
#7946=LINE('',#7943,#7945);
#7947=EDGE_CURVE('',#743,#745,#7946,.T.);
#7948=CARTESIAN_POINT('',(0.07950968248711664,-0.0010606601717798216,-0.03293398882614233));
#7949=DIRECTION('',(-0.4422886902190018,0,-0.8968727415326881));
#7950=VECTOR('',#7949,0.011257272957692674);
#7951=LINE('',#7948,#7950);
#7952=EDGE_CURVE('',#745,#729,#7951,.T.);
#7953=CARTESIAN_POINT('',(0.07453071797522096,-0.0010606601717798216,-0.04303033008588995));
#7954=DIRECTION('',(-0.8001031451912638,-0.38268343236508884,0.46193976625564703));
#7955=VECTOR('',#7954,0.0011480502970952712);
#7956=LINE('',#7953,#7955);
#7957=EDGE_CURVE('',#729,#727,#7956,.T.);
#7958=CARTESIAN_POINT('',(0.07453071797522096,-0.0010606601717798216,-0.04303033008588995));
#7959=DIRECTION('',(0.4422886902190018,0,0.8968727415326881));
#7960=VECTOR('',#7959,0.011257272957692674);
#7961=LINE('',#7958,#7960);
#7962=EDGE_CURVE('',#729,#745,#7961,.T.);
#7963=CARTESIAN_POINT('',(0.07950968248711664,-0.0010606601717798216,-0.03293398882614233));
#7964=DIRECTION('',(0.35355339059328056,0.923879532511284,-0.146446609406727));
#7965=VECTOR('',#7964,0.0011480502970952731);
#7966=LINE('',#7963,#7965);
#7967=EDGE_CURVE('',#745,#731,#7966,.T.);
#7968=CARTESIAN_POINT('',(0.0799155795622263,0,-0.03310211689958032));
#7969=DIRECTION('',(-0.44228869021900186,0,-0.8968727415326879));
#7970=VECTOR('',#7969,0.011314741356814744);
#7971=LINE('',#7968,#7970);
#7972=EDGE_CURVE('',#731,#715,#7971,.T.);
#7973=CARTESIAN_POINT('',(0.07491119742735393,0,-0.043250000000000045));
#7974=DIRECTION('',(-0.33141357403559685,-0.9238795325112847,0.1913417161825466));
#7975=VECTOR('',#7974,0.0011480502970952723);
#7976=LINE('',#7973,#7975);
#7977=EDGE_CURVE('',#715,#729,#7976,.T.);
#7978=CARTESIAN_POINT('',(0.0799155795622263,0,-0.03310211689958032));
#7979=DIRECTION('',(0.32143946530316175,0,0.9469301294951057));
#7980=VECTOR('',#7979,0.011314741356814813);
#7981=LINE('',#7978,#7980);
#7982=EDGE_CURVE('',#731,#747,#7981,.T.);
#7983=CARTESIAN_POINT('',(0.08355258397400442,0,-0.022387847401368042));
#7984=DIRECTION('',(-0.3696438106143869,0.9238795325112862,0.09904576054128934));
#7985=VECTOR('',#7984,0.00114805029709527);
#7986=LINE('',#7983,#7985);
#7987=EDGE_CURVE('',#747,#749,#7986,.T.);
#7988=CARTESIAN_POINT('',(0.08312821428740914,0.0010606601717798212,-0.022274137886552588));
#7989=DIRECTION('',(-0.3214394653031624,0,-0.9469301294951055));
#7990=VECTOR('',#7989,0.01125727295769275);
#7991=LINE('',#7988,#7990);
#7992=EDGE_CURVE('',#749,#733,#7991,.T.);
#7993=CARTESIAN_POINT('',(0.07950968248711664,0.0010606601717798212,-0.03293398882614233));
#7994=DIRECTION('',(0.35355339059328067,-0.923879532511284,-0.14644660940672705));
#7995=VECTOR('',#7994,0.0011480502970952727);
#7996=LINE('',#7993,#7995);
#7997=EDGE_CURVE('',#733,#731,#7996,.T.);
#7998=CARTESIAN_POINT('',(0.07950968248711664,0.0010606601717798212,-0.03293398882614233));
#7999=DIRECTION('',(0.3214394653031624,0,0.9469301294951055));
#8000=VECTOR('',#7999,0.01125727295769275);
#8001=LINE('',#7998,#8000);
#8002=EDGE_CURVE('',#733,#749,#8001,.T.);
#8003=CARTESIAN_POINT('',(0.08312821428740914,0.0010606601717798212,-0.022274137886552588));
#8004=DIRECTION('',(-0.8923991008325235,0.3826834323650889,0.23911761839433332));
#8005=VECTOR('',#8004,0.0011480502970952723);
#8006=LINE('',#8003,#8005);
#8007=EDGE_CURVE('',#749,#751,#8006,.T.);
#8008=CARTESIAN_POINT('',(0.08210369523457081,0.0015,-0.02199961883371426));
#8009=DIRECTION('',(-0.3214394653031621,0,-0.9469301294951055));
#8010=VECTOR('',#8009,0.011118531969124384);
#8011=LINE('',#8008,#8010);
#8012=EDGE_CURVE('',#751,#735,#8011,.T.);
#8013=CARTESIAN_POINT('',(0.07852976026345936,0.0015,-0.03252809175103268));
#8014=DIRECTION('',(0.8535533905932728,-0.3826834323650899,-0.35355339059327573));
#8015=VECTOR('',#8014,0.0011480502970952692);
#8016=LINE('',#8013,#8015);
#8017=EDGE_CURVE('',#735,#733,#8016,.T.);
#8018=CARTESIAN_POINT('',(0.07852976026345936,0.0015,-0.03252809175103268));
#8019=DIRECTION('',(0.3214394653031621,0,0.9469301294951055));
#8020=VECTOR('',#8019,0.011118531969124384);
#8021=LINE('',#8018,#8020);
#8022=EDGE_CURVE('',#735,#751,#8021,.T.);
#8023=CARTESIAN_POINT('',(0.08210369523457081,0.0015,-0.02199961883371426));
#8024=DIRECTION('',(-0.892399100832521,-0.3826834323650928,0.2391176183943359));
#8025=VECTOR('',#8024,0.00114805029709526);
#8026=LINE('',#8023,#8025);
#8027=EDGE_CURVE('',#751,#753,#8026,.T.);
#8028=CARTESIAN_POINT('',(0.08107917618173249,0.0010606601717798214,-0.02172509978087593));
#8029=DIRECTION('',(-0.32143946530316275,0,-0.9469301294951052));
#8030=VECTOR('',#8029,0.010979790980556028);
#8031=LINE('',#8028,#8030);
#8032=EDGE_CURVE('',#753,#737,#8031,.T.);
#8033=CARTESIAN_POINT('',(0.07754983803980207,0.0010606601717798214,-0.03212219467592304));
#8034=DIRECTION('',(0.8535533905932748,0.38268343236509056,-0.35355339059327046));
#8035=VECTOR('',#8034,0.0011480502970952666);
#8036=LINE('',#8033,#8035);
#8037=EDGE_CURVE('',#737,#735,#8036,.T.);
#8038=CARTESIAN_POINT('',(0.07754983803980207,0.0010606601717798214,-0.03212219467592304));
#8039=DIRECTION('',(0.32143946530316275,0,0.9469301294951052));
#8040=VECTOR('',#8039,0.010979790980556028);
#8041=LINE('',#8038,#8040);
#8042=EDGE_CURVE('',#737,#753,#8041,.T.);
#8043=CARTESIAN_POINT('',(0.08107917618173249,0.0010606601717798214,-0.02172509978087593));
#8044=DIRECTION('',(-0.3696438106143973,-0.9238795325112821,0.09904576054128889));
#8045=VECTOR('',#8044,0.001148050297095275);
#8046=LINE('',#8043,#8045);
#8047=EDGE_CURVE('',#753,#755,#8046,.T.);
#8048=CARTESIAN_POINT('',(0.0806548064951372,1.8369701987210298e-19,-0.021611390266060477));
#8049=DIRECTION('',(-0.32143946530316114,0,-0.9469301294951059));
#8050=VECTOR('',#8049,0.010922322581433955);
#8051=LINE('',#8048,#8050);
#8052=EDGE_CURVE('',#755,#739,#8051,.T.);
#8053=CARTESIAN_POINT('',(0.07714394096469243,1.8369701987210298e-19,-0.03195406660248505));
#8054=DIRECTION('',(0.3535533905932701,0.923879532511288,-0.14644660940672768));
#8055=VECTOR('',#8054,0.0011480502970952677);
#8056=LINE('',#8053,#8055);
#8057=EDGE_CURVE('',#739,#737,#8056,.T.);
#8058=CARTESIAN_POINT('',(0.07714394096469243,1.8369701987210298e-19,-0.03195406660248505));
#8059=DIRECTION('',(0.32143946530316114,0,0.9469301294951059));
#8060=VECTOR('',#8059,0.010922322581433955);
#8061=LINE('',#8058,#8060);
#8062=EDGE_CURVE('',#739,#755,#8061,.T.);
#8063=CARTESIAN_POINT('',(0.0806548064951372,1.8369701987210298e-19,-0.021611390266060477));
#8064=DIRECTION('',(0.3696438106143973,-0.9238795325112822,-0.09904576054128889));
#8065=VECTOR('',#8064,0.001148050297095275);
#8066=LINE('',#8063,#8065);
#8067=EDGE_CURVE('',#755,#757,#8066,.T.);
#8068=CARTESIAN_POINT('',(0.08107917618173249,-0.0010606601717798212,-0.02172509978087593));
#8069=DIRECTION('',(-0.32143946530316275,0,-0.9469301294951052));
#8070=VECTOR('',#8069,0.010979790980556028);
#8071=LINE('',#8068,#8070);
#8072=EDGE_CURVE('',#757,#741,#8071,.T.);
#8073=CARTESIAN_POINT('',(0.07754983803980207,-0.0010606601717798212,-0.03212219467592304));
#8074=DIRECTION('',(-0.35355339059327007,0.923879532511288,0.14644660940672766));
#8075=VECTOR('',#8074,0.001148050297095268);
#8076=LINE('',#8073,#8075);
#8077=EDGE_CURVE('',#741,#739,#8076,.T.);
#8078=CARTESIAN_POINT('',(0.07754983803980207,-0.0010606601717798212,-0.03212219467592304));
#8079=DIRECTION('',(0.32143946530316275,0,0.9469301294951052));
#8080=VECTOR('',#8079,0.010979790980556028);
#8081=LINE('',#8078,#8080);
#8082=EDGE_CURVE('',#741,#757,#8081,.T.);
#8083=CARTESIAN_POINT('',(0.08107917618173249,-0.0010606601717798212,-0.02172509978087593));
#8084=DIRECTION('',(0.892399100832521,-0.382683432365093,-0.2391176183943359));
#8085=VECTOR('',#8084,0.00114805029709526);
#8086=LINE('',#8083,#8085);
#8087=EDGE_CURVE('',#757,#759,#8086,.T.);
#8088=CARTESIAN_POINT('',(0.08210369523457081,-0.0015,-0.02199961883371426));
#8089=DIRECTION('',(-0.3214394653031621,0,-0.9469301294951055));
#8090=VECTOR('',#8089,0.011118531969124384);
#8091=LINE('',#8088,#8090);
#8092=EDGE_CURVE('',#759,#743,#8091,.T.);
#8093=CARTESIAN_POINT('',(0.07852976026345936,-0.0015,-0.03252809175103268));
#8094=DIRECTION('',(-0.8535533905932746,0.38268343236509067,0.3535533905932704));
#8095=VECTOR('',#8094,0.0011480502970952669);
#8096=LINE('',#8093,#8095);
#8097=EDGE_CURVE('',#743,#741,#8096,.T.);
#8098=CARTESIAN_POINT('',(0.07852976026345936,-0.0015,-0.03252809175103268));
#8099=DIRECTION('',(0.3214394653031621,0,0.9469301294951055));
#8100=VECTOR('',#8099,0.011118531969124384);
#8101=LINE('',#8098,#8100);
#8102=EDGE_CURVE('',#743,#759,#8101,.T.);
#8103=CARTESIAN_POINT('',(0.08210369523457081,-0.0015,-0.02199961883371426));
#8104=DIRECTION('',(0.8923991008325237,0.38268343236508856,-0.23911761839433338));
#8105=VECTOR('',#8104,0.001148050297095272);
#8106=LINE('',#8103,#8105);
#8107=EDGE_CURVE('',#759,#761,#8106,.T.);
#8108=CARTESIAN_POINT('',(0.08312821428740914,-0.0010606601717798216,-0.022274137886552588));
#8109=DIRECTION('',(-0.3214394653031624,0,-0.9469301294951055));
#8110=VECTOR('',#8109,0.01125727295769275);
#8111=LINE('',#8108,#8110);
#8112=EDGE_CURVE('',#761,#745,#8111,.T.);
#8113=CARTESIAN_POINT('',(0.07950968248711664,-0.0010606601717798216,-0.03293398882614233));
#8114=DIRECTION('',(-0.8535533905932731,-0.38268343236508956,0.3535533905932758));
#8115=VECTOR('',#8114,0.001148050297095269);
#8116=LINE('',#8113,#8115);
#8117=EDGE_CURVE('',#745,#743,#8116,.T.);
#8118=CARTESIAN_POINT('',(0.07950968248711664,-0.0010606601717798216,-0.03293398882614233));
#8119=DIRECTION('',(0.3214394653031624,0,0.9469301294951055));
#8120=VECTOR('',#8119,0.01125727295769275);
#8121=LINE('',#8118,#8120);
#8122=EDGE_CURVE('',#745,#761,#8121,.T.);
#8123=CARTESIAN_POINT('',(0.08312821428740914,-0.0010606601717798216,-0.022274137886552588));
#8124=DIRECTION('',(0.3696438106143867,0.9238795325112863,-0.0990457605412893));
#8125=VECTOR('',#8124,0.0011480502970952703);
#8126=LINE('',#8123,#8125);
#8127=EDGE_CURVE('',#761,#747,#8126,.T.);
#8128=CARTESIAN_POINT('',(0.08355258397400442,0,-0.022387847401368042));
#8129=DIRECTION('',(-0.32143946530316175,0,-0.9469301294951057));
#8130=VECTOR('',#8129,0.011314741356814813);
#8131=LINE('',#8128,#8130);
#8132=EDGE_CURVE('',#747,#731,#8131,.T.);
#8133=CARTESIAN_POINT('',(0.0799155795622263,0,-0.03310211689958032));
#8134=DIRECTION('',(-0.35355339059328056,-0.923879532511284,0.146446609406727));
#8135=VECTOR('',#8134,0.0011480502970952731);
#8136=LINE('',#8133,#8135);
#8137=EDGE_CURVE('',#731,#745,#8136,.T.);
#8138=CARTESIAN_POINT('',(0.08355258397400442,0,-0.022387847401368042));
#8139=DIRECTION('',(0.1950903220161274,0,0.9807852804032308));
#8140=VECTOR('',#8139,0.011314741356814734);
#8141=LINE('',#8138,#8140);
#8142=EDGE_CURVE('',#747,#763,#8141,.T.);
#8143=CARTESIAN_POINT('',(0.0857599805088346,0,-0.011290515627034472));
#8144=DIRECTION('',(-0.37940952255125776,0.9238795325112878,0.0499502112523157));
#8145=VECTOR('',#8144,0.001148050297095268);
#8146=LINE('',#8143,#8145);
#8147=EDGE_CURVE('',#763,#765,#8146,.T.);
#8148=CARTESIAN_POINT('',(0.08532439929374885,0.0010606601717798212,-0.01123317027216628));
#8149=DIRECTION('',(-0.19509032201612778,0,-0.9807852804032305));
#8150=VECTOR('',#8149,0.011257272957692669);
#8151=LINE('',#8148,#8150);
#8152=EDGE_CURVE('',#765,#749,#8151,.T.);
#8153=CARTESIAN_POINT('',(0.08312821428740914,0.0010606601717798212,-0.022274137886552588));
#8154=DIRECTION('',(0.3696438106143869,-0.9238795325112862,-0.09904576054128934));
#8155=VECTOR('',#8154,0.00114805029709527);
#8156=LINE('',#8153,#8155);
#8157=EDGE_CURVE('',#749,#747,#8156,.T.);
#8158=CARTESIAN_POINT('',(0.08312821428740914,0.0010606601717798212,-0.022274137886552588));
#8159=DIRECTION('',(0.19509032201612778,0,0.9807852804032305));
#8160=VECTOR('',#8159,0.011257272957692669);
#8161=LINE('',#8158,#8160);
#8162=EDGE_CURVE('',#749,#765,#8161,.T.);
#8163=CARTESIAN_POINT('',(0.08532439929374885,0.0010606601717798212,-0.01123317027216628));
#8164=DIRECTION('',(-0.9159756150367527,0.38268343236509156,0.12059047744874038));
#8165=VECTOR('',#8164,0.0011480502970952643);
#8166=LINE('',#8163,#8165);
#8167=EDGE_CURVE('',#765,#767,#8166,.T.);
#8168=CARTESIAN_POINT('',(0.08427281321677389,0.0015,-0.011094726338704394));
#8169=DIRECTION('',(-0.19509032201612853,0,-0.9807852804032304));
#8170=VECTOR('',#8169,0.011118531969124308);
#8171=LINE('',#8168,#8170);
#8172=EDGE_CURVE('',#767,#751,#8171,.T.);
#8173=CARTESIAN_POINT('',(0.08210369523457081,0.0015,-0.02199961883371426));
#8174=DIRECTION('',(0.8923991008325235,-0.3826834323650889,-0.23911761839433332));
#8175=VECTOR('',#8174,0.0011480502970952723);
#8176=LINE('',#8173,#8175);
#8177=EDGE_CURVE('',#751,#749,#8176,.T.);
#8178=CARTESIAN_POINT('',(0.08210369523457081,0.0015,-0.02199961883371426));
#8179=DIRECTION('',(0.19509032201612853,0,0.9807852804032304));
#8180=VECTOR('',#8179,0.011118531969124308);
#8181=LINE('',#8178,#8180);
#8182=EDGE_CURVE('',#751,#767,#8181,.T.);
#8183=CARTESIAN_POINT('',(0.08427281321677389,0.0015,-0.011094726338704394));
#8184=DIRECTION('',(-0.9159756150367528,-0.38268343236509145,0.1205904774487389));
#8185=VECTOR('',#8184,0.001148050297095264);
#8186=LINE('',#8183,#8185);
#8187=EDGE_CURVE('',#767,#769,#8186,.T.);
#8188=CARTESIAN_POINT('',(0.08322122713979893,0.0010606601717798214,-0.01095628240524251));
#8189=DIRECTION('',(-0.19509032201612814,0,-0.9807852804032304));
#8190=VECTOR('',#8189,0.010979790980555943);
#8191=LINE('',#8188,#8190);
#8192=EDGE_CURVE('',#769,#753,#8191,.T.);
#8193=CARTESIAN_POINT('',(0.08107917618173249,0.0010606601717798214,-0.02172509978087593));
#8194=DIRECTION('',(0.892399100832521,0.3826834323650928,-0.2391176183943359));
#8195=VECTOR('',#8194,0.00114805029709526);
#8196=LINE('',#8193,#8195);
#8197=EDGE_CURVE('',#753,#751,#8196,.T.);
#8198=CARTESIAN_POINT('',(0.08107917618173249,0.0010606601717798214,-0.02172509978087593));
#8199=DIRECTION('',(0.19509032201612814,0,0.9807852804032304));
#8200=VECTOR('',#8199,0.010979790980555943);
#8201=LINE('',#8198,#8200);
#8202=EDGE_CURVE('',#753,#769,#8201,.T.);
#8203=CARTESIAN_POINT('',(0.08322122713979893,0.0010606601717798214,-0.01095628240524251));
#8204=DIRECTION('',(-0.3794095225512681,-0.9238795325112836,0.049950211252315475));
#8205=VECTOR('',#8204,0.0011480502970952731);
#8206=LINE('',#8203,#8205);
#8207=EDGE_CURVE('',#769,#771,#8206,.T.);
#8208=CARTESIAN_POINT('',(0.08278564592471317,1.8369701987210298e-19,-0.010898937050374317));
#8209=DIRECTION('',(-0.19509032201612855,0,-0.9807852804032304));
#8210=VECTOR('',#8209,0.010922322581433877);
#8211=LINE('',#8208,#8210);
#8212=EDGE_CURVE('',#771,#755,#8211,.T.);
#8213=CARTESIAN_POINT('',(0.0806548064951372,1.8369701987210298e-19,-0.021611390266060477));
#8214=DIRECTION('',(0.3696438106143973,0.9238795325112821,-0.09904576054128889));
#8215=VECTOR('',#8214,0.001148050297095275);
#8216=LINE('',#8213,#8215);
#8217=EDGE_CURVE('',#755,#753,#8216,.T.);
#8218=CARTESIAN_POINT('',(0.0806548064951372,1.8369701987210298e-19,-0.021611390266060477));
#8219=DIRECTION('',(0.19509032201612855,0,0.9807852804032304));
#8220=VECTOR('',#8219,0.010922322581433877);
#8221=LINE('',#8218,#8220);
#8222=EDGE_CURVE('',#755,#771,#8221,.T.);
#8223=CARTESIAN_POINT('',(0.08278564592471317,1.8369701987210298e-19,-0.010898937050374317));
#8224=DIRECTION('',(0.37940952255126803,-0.9238795325112836,-0.04995021125231546));
#8225=VECTOR('',#8224,0.0011480502970952734);
#8226=LINE('',#8223,#8225);
#8227=EDGE_CURVE('',#771,#773,#8226,.T.);
#8228=CARTESIAN_POINT('',(0.08322122713979893,-0.0010606601717798212,-0.01095628240524251));
#8229=DIRECTION('',(-0.19509032201612814,0,-0.9807852804032304));
#8230=VECTOR('',#8229,0.010979790980555943);
#8231=LINE('',#8228,#8230);
#8232=EDGE_CURVE('',#773,#757,#8231,.T.);
#8233=CARTESIAN_POINT('',(0.08107917618173249,-0.0010606601717798212,-0.02172509978087593));
#8234=DIRECTION('',(-0.3696438106143973,0.9238795325112822,0.09904576054128889));
#8235=VECTOR('',#8234,0.001148050297095275);
#8236=LINE('',#8233,#8235);
#8237=EDGE_CURVE('',#757,#755,#8236,.T.);
#8238=CARTESIAN_POINT('',(0.08107917618173249,-0.0010606601717798212,-0.02172509978087593));
#8239=DIRECTION('',(0.19509032201612814,0,0.9807852804032304));
#8240=VECTOR('',#8239,0.010979790980555943);
#8241=LINE('',#8238,#8240);
#8242=EDGE_CURVE('',#757,#773,#8241,.T.);
#8243=CARTESIAN_POINT('',(0.08322122713979893,-0.0010606601717798212,-0.01095628240524251));
#8244=DIRECTION('',(0.9159756150367528,-0.3826834323650916,-0.1205904774487389));
#8245=VECTOR('',#8244,0.001148050297095264);
#8246=LINE('',#8243,#8245);
#8247=EDGE_CURVE('',#773,#775,#8246,.T.);
#8248=CARTESIAN_POINT('',(0.08427281321677389,-0.0015,-0.011094726338704394));
#8249=DIRECTION('',(-0.19509032201612853,0,-0.9807852804032304));
#8250=VECTOR('',#8249,0.011118531969124308);
#8251=LINE('',#8248,#8250);
#8252=EDGE_CURVE('',#775,#759,#8251,.T.);
#8253=CARTESIAN_POINT('',(0.08210369523457081,-0.0015,-0.02199961883371426));
#8254=DIRECTION('',(-0.892399100832521,0.382683432365093,0.2391176183943359));
#8255=VECTOR('',#8254,0.00114805029709526);
#8256=LINE('',#8253,#8255);
#8257=EDGE_CURVE('',#759,#757,#8256,.T.);
#8258=CARTESIAN_POINT('',(0.08210369523457081,-0.0015,-0.02199961883371426));
#8259=DIRECTION('',(0.19509032201612853,0,0.9807852804032304));
#8260=VECTOR('',#8259,0.011118531969124308);
#8261=LINE('',#8258,#8260);
#8262=EDGE_CURVE('',#759,#775,#8261,.T.);
#8263=CARTESIAN_POINT('',(0.08427281321677389,-0.0015,-0.011094726338704394));
#8264=DIRECTION('',(0.9159756150367528,0.3826834323650912,-0.12059047744874041));
#8265=VECTOR('',#8264,0.001148050297095264);
#8266=LINE('',#8263,#8265);
#8267=EDGE_CURVE('',#775,#777,#8266,.T.);
#8268=CARTESIAN_POINT('',(0.08532439929374885,-0.0010606601717798216,-0.01123317027216628));
#8269=DIRECTION('',(-0.19509032201612778,0,-0.9807852804032305));
#8270=VECTOR('',#8269,0.011257272957692669);
#8271=LINE('',#8268,#8270);
#8272=EDGE_CURVE('',#777,#761,#8271,.T.);
#8273=CARTESIAN_POINT('',(0.08312821428740914,-0.0010606601717798216,-0.022274137886552588));
#8274=DIRECTION('',(-0.8923991008325237,-0.38268343236508856,0.23911761839433338));
#8275=VECTOR('',#8274,0.001148050297095272);
#8276=LINE('',#8273,#8275);
#8277=EDGE_CURVE('',#761,#759,#8276,.T.);
#8278=CARTESIAN_POINT('',(0.08312821428740914,-0.0010606601717798216,-0.022274137886552588));
#8279=DIRECTION('',(0.19509032201612778,0,0.9807852804032305));
#8280=VECTOR('',#8279,0.011257272957692669);
#8281=LINE('',#8278,#8280);
#8282=EDGE_CURVE('',#761,#777,#8281,.T.);
#8283=CARTESIAN_POINT('',(0.08532439929374885,-0.0010606601717798216,-0.01123317027216628));
#8284=DIRECTION('',(0.37940952255125765,0.923879532511288,-0.04995021125231569));
#8285=VECTOR('',#8284,0.0011480502970952682);
#8286=LINE('',#8283,#8285);
#8287=EDGE_CURVE('',#777,#763,#8286,.T.);
#8288=CARTESIAN_POINT('',(0.0857599805088346,0,-0.011290515627034472));
#8289=DIRECTION('',(-0.1950903220161274,0,-0.9807852804032308));
#8290=VECTOR('',#8289,0.011314741356814734);
#8291=LINE('',#8288,#8290);
#8292=EDGE_CURVE('',#763,#747,#8291,.T.);
#8293=CARTESIAN_POINT('',(0.08355258397400442,0,-0.022387847401368042));
#8294=DIRECTION('',(-0.3696438106143867,-0.9238795325112863,0.0990457605412893));
#8295=VECTOR('',#8294,0.0011480502970952703);
#8296=LINE('',#8293,#8295);
#8297=EDGE_CURVE('',#747,#761,#8296,.T.);
#8298=CARTESIAN_POINT('',(0.0857599805088346,0,-0.011290515627034472));
#8299=DIRECTION('',(0.06540312923014381,0,0.9978589232386036));
#8300=VECTOR('',#8299,0.01131474135681476);
#8301=LINE('',#8298,#8300);
#8302=EDGE_CURVE('',#763,#11,#8301,.T.);
#8303=CARTESIAN_POINT('',(0.08650000000000001,0,0));
#8304=DIRECTION('',(-0.38268343236509356,0.9238795325112852,0));
#8305=VECTOR('',#8304,0.0011480502970952712);
#8306=LINE('',#8303,#8305);
#8307=EDGE_CURVE('',#11,#17,#8306,.T.);
#8308=CARTESIAN_POINT('',(0.08606066017177982,0.0010606601717798212,0));
#8309=DIRECTION('',(-0.06540312923014306,0,-0.9978589232386036));
#8310=VECTOR('',#8309,0.011257272957692691);
#8311=LINE('',#8308,#8310);
#8312=EDGE_CURVE('',#17,#765,#8311,.T.);
#8313=CARTESIAN_POINT('',(0.08532439929374885,0.0010606601717798212,-0.01123317027216628));
#8314=DIRECTION('',(0.37940952255125776,-0.9238795325112878,-0.0499502112523157));
#8315=VECTOR('',#8314,0.001148050297095268);
#8316=LINE('',#8313,#8315);
#8317=EDGE_CURVE('',#765,#763,#8316,.T.);
#8318=CARTESIAN_POINT('',(0.08532439929374885,0.0010606601717798212,-0.01123317027216628));
#8319=DIRECTION('',(0.06540312923014306,0,0.9978589232386036));
#8320=VECTOR('',#8319,0.011257272957692691);
#8321=LINE('',#8318,#8320);
#8322=EDGE_CURVE('',#765,#17,#8321,.T.);
#8323=CARTESIAN_POINT('',(0.08606066017177982,0.0010606601717798212,0));
#8324=DIRECTION('',(-0.9238795325112863,0.38268343236509106,0));
#8325=VECTOR('',#8324,0.0011480502970952658);
#8326=LINE('',#8323,#8325);
#8327=EDGE_CURVE('',#17,#21,#8326,.T.);
#8328=CARTESIAN_POINT('',(0.085,0.0015,0));
#8329=DIRECTION('',(-0.0654031292301429,0,-0.9978589232386036));
#8330=VECTOR('',#8329,0.011118531969124329);
#8331=LINE('',#8328,#8330);
#8332=EDGE_CURVE('',#21,#767,#8331,.T.);
#8333=CARTESIAN_POINT('',(0.08427281321677389,0.0015,-0.011094726338704394));
#8334=DIRECTION('',(0.9159756150367527,-0.38268343236509156,-0.12059047744874038));
#8335=VECTOR('',#8334,0.0011480502970952643);
#8336=LINE('',#8333,#8335);
#8337=EDGE_CURVE('',#767,#765,#8336,.T.);
#8338=CARTESIAN_POINT('',(0.08427281321677389,0.0015,-0.011094726338704394));
#8339=DIRECTION('',(0.0654031292301429,0,0.9978589232386036));
#8340=VECTOR('',#8339,0.011118531969124329);
#8341=LINE('',#8338,#8340);
#8342=EDGE_CURVE('',#767,#21,#8341,.T.);
#8343=CARTESIAN_POINT('',(0.085,0.0015,0));
#8344=DIRECTION('',(-0.9238795325112863,-0.38268343236509084,0));
#8345=VECTOR('',#8344,0.0011480502970952658);
#8346=LINE('',#8343,#8345);
#8347=EDGE_CURVE('',#21,#25,#8346,.T.);
#8348=CARTESIAN_POINT('',(0.08393933982822019,0.0010606601717798214,0));
#8349=DIRECTION('',(-0.06540312923014271,0,-0.9978589232386036));
#8350=VECTOR('',#8349,0.010979790980555968);
#8351=LINE('',#8348,#8350);
#8352=EDGE_CURVE('',#25,#769,#8351,.T.);
#8353=CARTESIAN_POINT('',(0.08322122713979893,0.0010606601717798214,-0.01095628240524251));
#8354=DIRECTION('',(0.9159756150367528,0.38268343236509145,-0.1205904774487389));
#8355=VECTOR('',#8354,0.001148050297095264);
#8356=LINE('',#8353,#8355);
#8357=EDGE_CURVE('',#769,#767,#8356,.T.);
#8358=CARTESIAN_POINT('',(0.08322122713979893,0.0010606601717798214,-0.01095628240524251));
#8359=DIRECTION('',(0.06540312923014271,0,0.9978589232386036));
#8360=VECTOR('',#8359,0.010979790980555968);
#8361=LINE('',#8358,#8360);
#8362=EDGE_CURVE('',#769,#25,#8361,.T.);
#8363=CARTESIAN_POINT('',(0.08393933982822019,0.0010606601717798214,0));
#8364=DIRECTION('',(-0.38268343236509356,-0.9238795325112852,0));
#8365=VECTOR('',#8364,0.0011480502970952712);
#8366=LINE('',#8363,#8365);
#8367=EDGE_CURVE('',#25,#29,#8366,.T.);
#8368=CARTESIAN_POINT('',(0.0835,1.8369701987210298e-19,0));
#8369=DIRECTION('',(-0.0654031292301432,0,-0.9978589232386035));
#8370=VECTOR('',#8369,0.010922322581433901);
#8371=LINE('',#8368,#8370);
#8372=EDGE_CURVE('',#29,#771,#8371,.T.);
#8373=CARTESIAN_POINT('',(0.08278564592471317,1.8369701987210298e-19,-0.010898937050374317));
#8374=DIRECTION('',(0.3794095225512681,0.9238795325112836,-0.049950211252315475));
#8375=VECTOR('',#8374,0.0011480502970952731);
#8376=LINE('',#8373,#8375);
#8377=EDGE_CURVE('',#771,#769,#8376,.T.);
#8378=CARTESIAN_POINT('',(0.08278564592471317,1.8369701987210298e-19,-0.010898937050374317));
#8379=DIRECTION('',(0.0654031292301432,0,0.9978589232386035));
#8380=VECTOR('',#8379,0.010922322581433901);
#8381=LINE('',#8378,#8380);
#8382=EDGE_CURVE('',#771,#29,#8381,.T.);
#8383=CARTESIAN_POINT('',(0.0835,1.8369701987210298e-19,0));
#8384=DIRECTION('',(0.3826834323650935,-0.9238795325112852,0));
#8385=VECTOR('',#8384,0.0011480502970952714);
#8386=LINE('',#8383,#8385);
#8387=EDGE_CURVE('',#29,#33,#8386,.T.);
#8388=CARTESIAN_POINT('',(0.08393933982822019,-0.0010606601717798212,0));
#8389=DIRECTION('',(-0.06540312923014271,0,-0.9978589232386036));
#8390=VECTOR('',#8389,0.010979790980555968);
#8391=LINE('',#8388,#8390);
#8392=EDGE_CURVE('',#33,#773,#8391,.T.);
#8393=CARTESIAN_POINT('',(0.08322122713979893,-0.0010606601717798212,-0.01095628240524251));
#8394=DIRECTION('',(-0.37940952255126803,0.9238795325112836,0.04995021125231546));
#8395=VECTOR('',#8394,0.0011480502970952734);
#8396=LINE('',#8393,#8395);
#8397=EDGE_CURVE('',#773,#771,#8396,.T.);
#8398=CARTESIAN_POINT('',(0.08322122713979893,-0.0010606601717798212,-0.01095628240524251));
#8399=DIRECTION('',(0.06540312923014271,0,0.9978589232386036));
#8400=VECTOR('',#8399,0.010979790980555968);
#8401=LINE('',#8398,#8400);
#8402=EDGE_CURVE('',#773,#33,#8401,.T.);
#8403=CARTESIAN_POINT('',(0.08393933982822019,-0.0010606601717798212,0));
#8404=DIRECTION('',(0.9238795325112863,-0.38268343236509106,0));
#8405=VECTOR('',#8404,0.0011480502970952658);
#8406=LINE('',#8403,#8405);
#8407=EDGE_CURVE('',#33,#37,#8406,.T.);
#8408=CARTESIAN_POINT('',(0.085,-0.0015,0));
#8409=DIRECTION('',(-0.0654031292301429,0,-0.9978589232386036));
#8410=VECTOR('',#8409,0.011118531969124329);
#8411=LINE('',#8408,#8410);
#8412=EDGE_CURVE('',#37,#775,#8411,.T.);
#8413=CARTESIAN_POINT('',(0.08427281321677389,-0.0015,-0.011094726338704394));
#8414=DIRECTION('',(-0.9159756150367528,0.3826834323650916,0.1205904774487389));
#8415=VECTOR('',#8414,0.001148050297095264);
#8416=LINE('',#8413,#8415);
#8417=EDGE_CURVE('',#775,#773,#8416,.T.);
#8418=CARTESIAN_POINT('',(0.08427281321677389,-0.0015,-0.011094726338704394));
#8419=DIRECTION('',(0.0654031292301429,0,0.9978589232386036));
#8420=VECTOR('',#8419,0.011118531969124329);
#8421=LINE('',#8418,#8420);
#8422=EDGE_CURVE('',#775,#37,#8421,.T.);
#8423=CARTESIAN_POINT('',(0.085,-0.0015,0));
#8424=DIRECTION('',(0.9238795325112863,0.38268343236509067,0));
#8425=VECTOR('',#8424,0.0011480502970952658);
#8426=LINE('',#8423,#8425);
#8427=EDGE_CURVE('',#37,#41,#8426,.T.);
#8428=CARTESIAN_POINT('',(0.08606066017177982,-0.0010606601717798216,0));
#8429=DIRECTION('',(-0.06540312923014306,0,-0.9978589232386036));
#8430=VECTOR('',#8429,0.011257272957692691);
#8431=LINE('',#8428,#8430);
#8432=EDGE_CURVE('',#41,#777,#8431,.T.);
#8433=CARTESIAN_POINT('',(0.08532439929374885,-0.0010606601717798216,-0.01123317027216628));
#8434=DIRECTION('',(-0.9159756150367528,-0.3826834323650912,0.12059047744874041));
#8435=VECTOR('',#8434,0.001148050297095264);
#8436=LINE('',#8433,#8435);
#8437=EDGE_CURVE('',#777,#775,#8436,.T.);
#8438=CARTESIAN_POINT('',(0.08532439929374885,-0.0010606601717798216,-0.01123317027216628));
#8439=DIRECTION('',(0.06540312923014306,0,0.9978589232386036));
#8440=VECTOR('',#8439,0.011257272957692691);
#8441=LINE('',#8438,#8440);
#8442=EDGE_CURVE('',#777,#41,#8441,.T.);
#8443=CARTESIAN_POINT('',(0.08606066017177982,-0.0010606601717798216,0));
#8444=DIRECTION('',(0.38268343236509345,0.9238795325112852,0));
#8445=VECTOR('',#8444,0.0011480502970952716);
#8446=LINE('',#8443,#8445);
#8447=EDGE_CURVE('',#41,#11,#8446,.T.);
#8448=CARTESIAN_POINT('',(0.08650000000000001,0,0));
#8449=DIRECTION('',(-0.06540312923014381,0,-0.9978589232386036));
#8450=VECTOR('',#8449,0.01131474135681476);
#8451=LINE('',#8448,#8450);
#8452=EDGE_CURVE('',#11,#763,#8451,.T.);
#8453=CARTESIAN_POINT('',(0.0857599805088346,0,-0.011290515627034472));
#8454=DIRECTION('',(-0.37940952255125765,-0.923879532511288,0.04995021125231569));
#8455=VECTOR('',#8454,0.0011480502970952682);
#8456=LINE('',#8453,#8455);
#8457=EDGE_CURVE('',#763,#777,#8456,.T.);
#8458=CARTESIAN_POINT('',(0.08591125999359082,0.0005303300858899106,0.005630921474800182));
#8459=DIRECTION('',(-0.9221903271536501,-0.38198374059633594,-0.06044354741636804));
#8460=DIRECTION('',(0.3826834323651005,-0.9238795325112823,0));
#8461=AXIS2_PLACEMENT_3D('',#8458,#8459,#8460);
#8462=PLANE('',#8461);
#8463=ORIENTED_EDGE('',*,*,#782,.T.);
#8464=ORIENTED_EDGE('',*,*,#787,.T.);
#8465=ORIENTED_EDGE('',*,*,#792,.T.);
#8466=ORIENTED_EDGE('',*,*,#797,.T.);
#8467=EDGE_LOOP('',(#8463,#8464,#8465,#8466));
#8468=FACE_OUTER_BOUND('',#8467,.T.);
#8469=ADVANCED_FACE('',(#8468),#8462,.T.);
#8470=CARTESIAN_POINT('',(0.08516446817057564,0.0012803300858899107,0.005581974152717663));
#8471=DIRECTION('',(-0.3825631109612495,-0.9235890509462894,-0.02507451103777049));
#8472=DIRECTION('',(0.9238795325112864,-0.3826834323650906,0));
#8473=AXIS2_PLACEMENT_3D('',#8470,#8471,#8472);
#8474=PLANE('',#8473);
#8475=ORIENTED_EDGE('',*,*,#802,.T.);
#8476=ORIENTED_EDGE('',*,*,#807,.T.);
#8477=ORIENTED_EDGE('',*,*,#812,.T.);
#8478=ORIENTED_EDGE('',*,*,#817,.T.);
#8479=EDGE_LOOP('',(#8475,#8476,#8477,#8478));
#8480=FACE_OUTER_BOUND('',#8479,.T.);
#8481=ADVANCED_FACE('',(#8480),#8474,.T.);
#8482=CARTESIAN_POINT('',(0.08410834504619827,0.0012803300858899107,0.005512752185986721));
#8483=DIRECTION('',(0.3825631109612479,-0.92358905094629,0.02507451103777033));
#8484=DIRECTION('',(0.9238795325112871,0.38268343236508906,0));
#8485=AXIS2_PLACEMENT_3D('',#8482,#8483,#8484);
#8486=PLANE('',#8485);
#8487=ORIENTED_EDGE('',*,*,#822,.T.);
#8488=ORIENTED_EDGE('',*,*,#827,.T.);
#8489=ORIENTED_EDGE('',*,*,#832,.T.);
#8490=ORIENTED_EDGE('',*,*,#837,.T.);
#8491=EDGE_LOOP('',(#8487,#8488,#8489,#8490));
#8492=FACE_OUTER_BOUND('',#8491,.T.);
#8493=ADVANCED_FACE('',(#8492),#8486,.T.);
#8494=CARTESIAN_POINT('',(0.08336155322318307,0.0005303300858899107,0.005463804863904201));
#8495=DIRECTION('',(0.9221903271536516,-0.38198374059633267,0.0604435474163677));
#8496=DIRECTION('',(0.3826834323650972,0.9238795325112837,0));
#8497=AXIS2_PLACEMENT_3D('',#8494,#8495,#8496);
#8498=PLANE('',#8497);
#8499=ORIENTED_EDGE('',*,*,#842,.T.);
#8500=ORIENTED_EDGE('',*,*,#847,.T.);
#8501=ORIENTED_EDGE('',*,*,#852,.T.);
#8502=ORIENTED_EDGE('',*,*,#857,.T.);
#8503=EDGE_LOOP('',(#8499,#8500,#8501,#8502));
#8504=FACE_OUTER_BOUND('',#8503,.T.);
#8505=ADVANCED_FACE('',(#8504),#8498,.T.);
#8506=CARTESIAN_POINT('',(0.08336155322318307,-0.0005303300858899105,0.005463804863904201));
#8507=DIRECTION('',(0.9221903271536517,0.38198374059633255,0.06044354741636771));
#8508=DIRECTION('',(-0.3826834323650971,0.9238795325112839,0));
#8509=AXIS2_PLACEMENT_3D('',#8506,#8507,#8508);
#8510=PLANE('',#8509);
#8511=ORIENTED_EDGE('',*,*,#862,.T.);
#8512=ORIENTED_EDGE('',*,*,#867,.T.);
#8513=ORIENTED_EDGE('',*,*,#872,.T.);
#8514=ORIENTED_EDGE('',*,*,#877,.T.);
#8515=EDGE_LOOP('',(#8511,#8512,#8513,#8514));
#8516=FACE_OUTER_BOUND('',#8515,.T.);
#8517=ADVANCED_FACE('',(#8516),#8510,.T.);
#8518=CARTESIAN_POINT('',(0.08410834504619825,-0.0012803300858899107,0.005512752185986721));
#8519=DIRECTION('',(0.38256311096124807,0.92358905094629,0.025074511037770347));
#8520=DIRECTION('',(-0.923879532511287,0.38268343236508917,0));
#8521=AXIS2_PLACEMENT_3D('',#8518,#8519,#8520);
#8522=PLANE('',#8521);
#8523=ORIENTED_EDGE('',*,*,#882,.T.);
#8524=ORIENTED_EDGE('',*,*,#887,.T.);
#8525=ORIENTED_EDGE('',*,*,#892,.T.);
#8526=ORIENTED_EDGE('',*,*,#897,.T.);
#8527=EDGE_LOOP('',(#8523,#8524,#8525,#8526));
#8528=FACE_OUTER_BOUND('',#8527,.T.);
#8529=ADVANCED_FACE('',(#8528),#8522,.T.);
#8530=CARTESIAN_POINT('',(0.08516446817057564,-0.001280330085889911,0.005581974152717663));
#8531=DIRECTION('',(-0.3825631109612492,0.9235890509462895,-0.025074511037770458));
#8532=DIRECTION('',(-0.9238795325112865,-0.3826834323650903,0));
#8533=AXIS2_PLACEMENT_3D('',#8530,#8531,#8532);
#8534=PLANE('',#8533);
#8535=ORIENTED_EDGE('',*,*,#902,.T.);
#8536=ORIENTED_EDGE('',*,*,#907,.T.);
#8537=ORIENTED_EDGE('',*,*,#912,.T.);
#8538=ORIENTED_EDGE('',*,*,#917,.T.);
#8539=EDGE_LOOP('',(#8535,#8536,#8537,#8538));
#8540=FACE_OUTER_BOUND('',#8539,.T.);
#8541=ADVANCED_FACE('',(#8540),#8534,.T.);
#8542=CARTESIAN_POINT('',(0.08591125999359082,-0.0005303300858899108,0.005630921474800182));
#8543=DIRECTION('',(-0.9221903271536501,0.38198374059633583,-0.060443547416368044));
#8544=DIRECTION('',(-0.38268343236510044,-0.9238795325112824,0));
#8545=AXIS2_PLACEMENT_3D('',#8542,#8543,#8544);
#8546=PLANE('',#8545);
#8547=ORIENTED_EDGE('',*,*,#922,.T.);
#8548=ORIENTED_EDGE('',*,*,#927,.T.);
#8549=ORIENTED_EDGE('',*,*,#932,.T.);
#8550=ORIENTED_EDGE('',*,*,#937,.T.);
#8551=EDGE_LOOP('',(#8547,#8548,#8549,#8550));
#8552=FACE_OUTER_BOUND('',#8551,.T.);
#8553=ADVANCED_FACE('',(#8552),#8546,.T.);
#8554=CARTESIAN_POINT('',(0.08444129451599926,0.0005303300858899106,0.016796417796780344));
#8555=DIRECTION('',(-0.906411394976591,-0.3819837405963318,-0.1802964363946911));
#8556=DIRECTION('',(0.3883478612794706,-0.9215128532145719,0));
#8557=AXIS2_PLACEMENT_3D('',#8554,#8555,#8556);
#8558=PLANE('',#8557);
#8559=ORIENTED_EDGE('',*,*,#942,.T.);
#8560=ORIENTED_EDGE('',*,*,#947,.T.);
#8561=ORIENTED_EDGE('',*,*,#952,.T.);
#8562=ORIENTED_EDGE('',*,*,#957,.T.);
#8563=EDGE_LOOP('',(#8559,#8560,#8561,#8562));
#8564=FACE_OUTER_BOUND('',#8563,.T.);
#8565=ADVANCED_FACE('',(#8564),#8558,.T.);
#8566=CARTESIAN_POINT('',(0.08370728050812566,0.0012803300858899107,0.016650413332784376));
#8567=DIRECTION('',(-0.3760173500661748,-0.9235890509462872,-0.07479450127748827));
#8568=DIRECTION('',(0.9261833196918455,-0.3770735449810722,0));
#8569=AXIS2_PLACEMENT_3D('',#8566,#8567,#8568);
#8570=PLANE('',#8569);
#8571=ORIENTED_EDGE('',*,*,#962,.T.);
#8572=ORIENTED_EDGE('',*,*,#967,.T.);
#8573=ORIENTED_EDGE('',*,*,#972,.T.);
#8574=ORIENTED_EDGE('',*,*,#977,.T.);
#8575=EDGE_LOOP('',(#8571,#8572,#8573,#8574));
#8576=FACE_OUTER_BOUND('',#8575,.T.);
#8577=ADVANCED_FACE('',(#8576),#8570,.T.);
#8578=CARTESIAN_POINT('',(0.08266922794321904,0.0012803300858899107,0.01644393183963427));
#8579=DIRECTION('',(0.37601735006616693,-0.9235890509462905,0.07479450127748682));
#8580=DIRECTION('',(0.9261833196918487,0.3770735449810642,0));
#8581=AXIS2_PLACEMENT_3D('',#8578,#8579,#8580);
#8582=PLANE('',#8581);
#8583=ORIENTED_EDGE('',*,*,#982,.T.);
#8584=ORIENTED_EDGE('',*,*,#987,.T.);
#8585=ORIENTED_EDGE('',*,*,#992,.T.);
#8586=ORIENTED_EDGE('',*,*,#997,.T.);
#8587=EDGE_LOOP('',(#8583,#8584,#8585,#8586));
#8588=FACE_OUTER_BOUND('',#8587,.T.);
#8589=ADVANCED_FACE('',(#8588),#8582,.T.);
#8590=CARTESIAN_POINT('',(0.08193521393534545,0.0005303300858899107,0.01629792737563831));
#8591=DIRECTION('',(0.9064113949765932,-0.38198374059632606,0.18029643639469217));
#8592=DIRECTION('',(0.38834786127946486,0.9215128532145743,0));
#8593=AXIS2_PLACEMENT_3D('',#8590,#8591,#8592);
#8594=PLANE('',#8593);
#8595=ORIENTED_EDGE('',*,*,#1002,.T.);
#8596=ORIENTED_EDGE('',*,*,#1007,.T.);
#8597=ORIENTED_EDGE('',*,*,#1012,.T.);
#8598=ORIENTED_EDGE('',*,*,#1017,.T.);
#8599=EDGE_LOOP('',(#8595,#8596,#8597,#8598));
#8600=FACE_OUTER_BOUND('',#8599,.T.);
#8601=ADVANCED_FACE('',(#8600),#8594,.T.);
#8602=CARTESIAN_POINT('',(0.08193521393534545,-0.0005303300858899105,0.016297927375638305));
#8603=DIRECTION('',(0.9064113949765932,0.38198374059632606,0.1802964363946922));
#8604=DIRECTION('',(-0.38834786127946486,0.9215128532145743,0));
#8605=AXIS2_PLACEMENT_3D('',#8602,#8603,#8604);
#8606=PLANE('',#8605);
#8607=ORIENTED_EDGE('',*,*,#1022,.T.);
#8608=ORIENTED_EDGE('',*,*,#1027,.T.);
#8609=ORIENTED_EDGE('',*,*,#1032,.T.);
#8610=ORIENTED_EDGE('',*,*,#1037,.T.);
#8611=EDGE_LOOP('',(#8607,#8608,#8609,#8610));
#8612=FACE_OUTER_BOUND('',#8611,.T.);
#8613=ADVANCED_FACE('',(#8612),#8606,.T.);
#8614=CARTESIAN_POINT('',(0.08266922794321903,-0.0012803300858899107,0.01644393183963427));
#8615=DIRECTION('',(0.3760173500661671,0.9235890509462905,0.07479450127748685));
#8616=DIRECTION('',(-0.9261833196918486,0.3770735449810644,0));
#8617=AXIS2_PLACEMENT_3D('',#8614,#8615,#8616);
#8618=PLANE('',#8617);
#8619=ORIENTED_EDGE('',*,*,#1042,.T.);
#8620=ORIENTED_EDGE('',*,*,#1047,.T.);
#8621=ORIENTED_EDGE('',*,*,#1052,.T.);
#8622=ORIENTED_EDGE('',*,*,#1057,.T.);
#8623=EDGE_LOOP('',(#8619,#8620,#8621,#8622));
#8624=FACE_OUTER_BOUND('',#8623,.T.);
#8625=ADVANCED_FACE('',(#8624),#8618,.T.);
#8626=CARTESIAN_POINT('',(0.08370728050812568,-0.001280330085889911,0.01665041333278438));
#8627=DIRECTION('',(-0.3760173500661745,0.9235890509462874,-0.07479450127748823));
#8628=DIRECTION('',(-0.9261833196918456,-0.3770735449810718,0));
#8629=AXIS2_PLACEMENT_3D('',#8626,#8627,#8628);
#8630=PLANE('',#8629);
#8631=ORIENTED_EDGE('',*,*,#1062,.T.);
#8632=ORIENTED_EDGE('',*,*,#1067,.T.);
#8633=ORIENTED_EDGE('',*,*,#1072,.T.);
#8634=ORIENTED_EDGE('',*,*,#1077,.T.);
#8635=EDGE_LOOP('',(#8631,#8632,#8633,#8634));
#8636=FACE_OUTER_BOUND('',#8635,.T.);
#8637=ADVANCED_FACE('',(#8636),#8630,.T.);
#8638=CARTESIAN_POINT('',(0.08444129451599924,-0.0005303300858899108,0.01679641779678034));
#8639=DIRECTION('',(-0.906411394976591,0.38198374059633167,-0.1802964363946911));
#8640=DIRECTION('',(-0.38834786127947046,-0.9215128532145719,0));
#8641=AXIS2_PLACEMENT_3D('',#8638,#8639,#8640);
#8642=PLANE('',#8641);
#8643=ORIENTED_EDGE('',*,*,#1082,.T.);
#8644=ORIENTED_EDGE('',*,*,#1087,.T.);
#8645=ORIENTED_EDGE('',*,*,#1092,.T.);
#8646=ORIENTED_EDGE('',*,*,#1097,.T.);
#8647=EDGE_LOOP('',(#8643,#8644,#8645,#8646));
#8648=FACE_OUTER_BOUND('',#8647,.T.);
#8649=ADVANCED_FACE('',(#8648),#8642,.T.);
#8650=CARTESIAN_POINT('',(0.08152651507768913,0.0005303300858899106,0.027674522753410796));
#8651=DIRECTION('',(-0.8751235125267623,-0.3819837405963359,-0.29706440335868706));
#8652=DIRECTION('',(0.4000426897225817,-0.9164965064851704,0));
#8653=AXIS2_PLACEMENT_3D('',#8650,#8651,#8652);
#8654=PLANE('',#8653);
#8655=ORIENTED_EDGE('',*,*,#1102,.T.);
#8656=ORIENTED_EDGE('',*,*,#1107,.T.);
#8657=ORIENTED_EDGE('',*,*,#1112,.T.);
#8658=ORIENTED_EDGE('',*,*,#1117,.T.);
#8659=EDGE_LOOP('',(#8655,#8656,#8657,#8658));
#8660=FACE_OUTER_BOUND('',#8659,.T.);
#8661=ADVANCED_FACE('',(#8660),#8654,.T.);
#8662=CARTESIAN_POINT('',(0.080817838068139,0.0012803300858899107,0.027433959324360442));
#8663=DIRECTION('',(-0.36303782805975754,-0.9235890509462873,-0.12323473686339492));
#8664=DIRECTION('',(0.9306831376198285,-0.3658263212921008,0));
#8665=AXIS2_PLACEMENT_3D('',#8662,#8663,#8664);
#8666=PLANE('',#8665);
#8667=ORIENTED_EDGE('',*,*,#1122,.T.);
#8668=ORIENTED_EDGE('',*,*,#1127,.T.);
#8669=ORIENTED_EDGE('',*,*,#1132,.T.);
#8670=ORIENTED_EDGE('',*,*,#1137,.T.);
#8671=EDGE_LOOP('',(#8667,#8668,#8669,#8670));
#8672=FACE_OUTER_BOUND('',#8671,.T.);
#8673=ADVANCED_FACE('',(#8672),#8666,.T.);
#8674=CARTESIAN_POINT('',(0.0798156174298912,0.0012803300858899107,0.027093751260386455));
#8675=DIRECTION('',(0.36303782805975043,-0.9235890509462905,0.12323473686339234));
#8676=DIRECTION('',(0.9306831376198313,0.3658263212920935,0));
#8677=AXIS2_PLACEMENT_3D('',#8674,#8675,#8676);
#8678=PLANE('',#8677);
#8679=ORIENTED_EDGE('',*,*,#1142,.T.);
#8680=ORIENTED_EDGE('',*,*,#1147,.T.);
#8681=ORIENTED_EDGE('',*,*,#1152,.T.);
#8682=ORIENTED_EDGE('',*,*,#1157,.T.);
#8683=EDGE_LOOP('',(#8679,#8680,#8681,#8682));
#8684=FACE_OUTER_BOUND('',#8683,.T.);
#8685=ADVANCED_FACE('',(#8684),#8678,.T.);
#8686=CARTESIAN_POINT('',(0.07910694042034105,0.0005303300858899107,0.026853187831336105));
#8687=DIRECTION('',(0.8751235125267622,-0.38198374059633655,0.29706440335868645));
#8688=DIRECTION('',(0.40004268972258233,0.9164965064851701,0));
#8689=AXIS2_PLACEMENT_3D('',#8686,#8687,#8688);
#8690=PLANE('',#8689);
#8691=ORIENTED_EDGE('',*,*,#1162,.T.);
#8692=ORIENTED_EDGE('',*,*,#1167,.T.);
#8693=ORIENTED_EDGE('',*,*,#1172,.T.);
#8694=ORIENTED_EDGE('',*,*,#1177,.T.);
#8695=EDGE_LOOP('',(#8691,#8692,#8693,#8694));
#8696=FACE_OUTER_BOUND('',#8695,.T.);
#8697=ADVANCED_FACE('',(#8696),#8690,.T.);
#8698=CARTESIAN_POINT('',(0.07910694042034105,-0.0005303300858899105,0.026853187831336105));
#8699=DIRECTION('',(0.8751235125267623,0.3819837405963365,0.29706440335868645));
#8700=DIRECTION('',(-0.4000426897225823,0.9164965064851703,0));
#8701=AXIS2_PLACEMENT_3D('',#8698,#8699,#8700);
#8702=PLANE('',#8701);
#8703=ORIENTED_EDGE('',*,*,#1182,.T.);
#8704=ORIENTED_EDGE('',*,*,#1187,.T.);
#8705=ORIENTED_EDGE('',*,*,#1192,.T.);
#8706=ORIENTED_EDGE('',*,*,#1197,.T.);
#8707=EDGE_LOOP('',(#8703,#8704,#8705,#8706));
#8708=FACE_OUTER_BOUND('',#8707,.T.);
#8709=ADVANCED_FACE('',(#8708),#8702,.T.);
#8710=CARTESIAN_POINT('',(0.07981561742989118,-0.0012803300858899107,0.027093751260386455));
#8711=DIRECTION('',(0.36303782805975054,0.9235890509462905,0.1232347368633924));
#8712=DIRECTION('',(-0.9306831376198313,0.36582632129209364,0));
#8713=AXIS2_PLACEMENT_3D('',#8710,#8711,#8712);
#8714=PLANE('',#8713);
#8715=ORIENTED_EDGE('',*,*,#1202,.T.);
#8716=ORIENTED_EDGE('',*,*,#1207,.T.);
#8717=ORIENTED_EDGE('',*,*,#1212,.T.);
#8718=ORIENTED_EDGE('',*,*,#1217,.T.);
#8719=EDGE_LOOP('',(#8715,#8716,#8717,#8718));
#8720=FACE_OUTER_BOUND('',#8719,.T.);
#8721=ADVANCED_FACE('',(#8720),#8714,.T.);
#8722=CARTESIAN_POINT('',(0.080817838068139,-0.001280330085889911,0.027433959324360442));
#8723=DIRECTION('',(-0.3630378280597573,0.9235890509462874,-0.12323473686339481));
#8724=DIRECTION('',(-0.9306831376198286,-0.3658263212921006,0));
#8725=AXIS2_PLACEMENT_3D('',#8722,#8723,#8724);
#8726=PLANE('',#8725);
#8727=ORIENTED_EDGE('',*,*,#1222,.T.);
#8728=ORIENTED_EDGE('',*,*,#1227,.T.);
#8729=ORIENTED_EDGE('',*,*,#1232,.T.);
#8730=ORIENTED_EDGE('',*,*,#1237,.T.);
#8731=EDGE_LOOP('',(#8727,#8728,#8729,#8730));
#8732=FACE_OUTER_BOUND('',#8731,.T.);
#8733=ADVANCED_FACE('',(#8732),#8726,.T.);
#8734=CARTESIAN_POINT('',(0.08152651507768913,-0.0005303300858899108,0.0276745227534108));
#8735=DIRECTION('',(-0.8751235125267625,0.38198374059633583,-0.2970644033586871));
#8736=DIRECTION('',(-0.4000426897225816,-0.9164965064851706,0));
#8737=AXIS2_PLACEMENT_3D('',#8734,#8735,#8736);
#8738=PLANE('',#8737);
#8739=ORIENTED_EDGE('',*,*,#1242,.T.);
#8740=ORIENTED_EDGE('',*,*,#1247,.T.);
#8741=ORIENTED_EDGE('',*,*,#1252,.T.);
#8742=ORIENTED_EDGE('',*,*,#1257,.T.);
#8743=EDGE_LOOP('',(#8739,#8740,#8741,#8742));
#8744=FACE_OUTER_BOUND('',#8743,.T.);
#8745=ADVANCED_FACE('',(#8744),#8738,.T.);
#8746=CARTESIAN_POINT('',(0.07721679436297947,0.0005303300858899106,0.03807910895290312));
#8747=DIRECTION('',(-0.8288620241475325,-0.3819837405963224,-0.4087495160194036));
#8748=DIRECTION('',(0.41854507185541295,-0.9081960266514862,0));
#8749=AXIS2_PLACEMENT_3D('',#8746,#8747,#8748);
#8750=PLANE('',#8749);
#8751=ORIENTED_EDGE('',*,*,#1262,.T.);
#8752=ORIENTED_EDGE('',*,*,#1267,.T.);
#8753=ORIENTED_EDGE('',*,*,#1272,.T.);
#8754=ORIENTED_EDGE('',*,*,#1277,.T.);
#8755=EDGE_LOOP('',(#8751,#8752,#8753,#8754));
#8756=FACE_OUTER_BOUND('',#8755,.T.);
#8757=ADVANCED_FACE('',(#8756),#8750,.T.);
#8758=CARTESIAN_POINT('',(0.07654558001186858,0.0012803300858899107,0.0377481026657662));
#8759=DIRECTION('',(-0.3438466281621323,-0.9235890509462893,-0.16956639193444215));
#8760=DIRECTION('',(0.9371602880940308,-0.348899117825645,0));
#8761=AXIS2_PLACEMENT_3D('',#8758,#8759,#8760);
#8762=PLANE('',#8761);
#8763=ORIENTED_EDGE('',*,*,#1282,.T.);
#8764=ORIENTED_EDGE('',*,*,#1287,.T.);
#8765=ORIENTED_EDGE('',*,*,#1292,.T.);
#8766=ORIENTED_EDGE('',*,*,#1297,.T.);
#8767=EDGE_LOOP('',(#8763,#8764,#8765,#8766));
#8768=FACE_OUTER_BOUND('',#8767,.T.);
#8769=ADVANCED_FACE('',(#8768),#8762,.T.);
#8770=CARTESIAN_POINT('',(0.0755963395732681,0.0012803300858899107,0.03727998908526643));
#8771=DIRECTION('',(0.34384662816213285,-0.923589050946289,0.16956639193444262));
#8772=DIRECTION('',(0.9371602880940305,0.34889911782564553,0));
#8773=AXIS2_PLACEMENT_3D('',#8770,#8771,#8772);
#8774=PLANE('',#8773);
#8775=ORIENTED_EDGE('',*,*,#1302,.T.);
#8776=ORIENTED_EDGE('',*,*,#1307,.T.);
#8777=ORIENTED_EDGE('',*,*,#1312,.T.);
#8778=ORIENTED_EDGE('',*,*,#1317,.T.);
#8779=EDGE_LOOP('',(#8775,#8776,#8777,#8778));
#8780=FACE_OUTER_BOUND('',#8779,.T.);
#8781=ADVANCED_FACE('',(#8780),#8774,.T.);
#8782=CARTESIAN_POINT('',(0.0749251252221572,0.0005303300858899107,0.03694898279812952));
#8783=DIRECTION('',(0.8288620241475314,-0.3819837405963255,0.4087495160194031));
#8784=DIRECTION('',(0.4185450718554163,0.9081960266514848,0));
#8785=AXIS2_PLACEMENT_3D('',#8782,#8783,#8784);
#8786=PLANE('',#8785);
#8787=ORIENTED_EDGE('',*,*,#1322,.T.);
#8788=ORIENTED_EDGE('',*,*,#1327,.T.);
#8789=ORIENTED_EDGE('',*,*,#1332,.T.);
#8790=ORIENTED_EDGE('',*,*,#1337,.T.);
#8791=EDGE_LOOP('',(#8787,#8788,#8789,#8790));
#8792=FACE_OUTER_BOUND('',#8791,.T.);
#8793=ADVANCED_FACE('',(#8792),#8786,.T.);
#8794=CARTESIAN_POINT('',(0.0749251252221572,-0.0005303300858899105,0.03694898279812951));
#8795=DIRECTION('',(0.8288620241475314,0.3819837405963255,0.4087495160194032));
#8796=DIRECTION('',(-0.4185450718554163,0.9081960266514848,0));
#8797=AXIS2_PLACEMENT_3D('',#8794,#8795,#8796);
#8798=PLANE('',#8797);
#8799=ORIENTED_EDGE('',*,*,#1342,.T.);
#8800=ORIENTED_EDGE('',*,*,#1347,.T.);
#8801=ORIENTED_EDGE('',*,*,#1352,.T.);
#8802=ORIENTED_EDGE('',*,*,#1357,.T.);
#8803=EDGE_LOOP('',(#8799,#8800,#8801,#8802));
#8804=FACE_OUTER_BOUND('',#8803,.T.);
#8805=ADVANCED_FACE('',(#8804),#8798,.T.);
#8806=CARTESIAN_POINT('',(0.0755963395732681,-0.0012803300858899107,0.03727998908526643));
#8807=DIRECTION('',(0.34384662816213307,0.9235890509462888,0.16956639193444273));
#8808=DIRECTION('',(-0.9371602880940304,0.34889911782564575,0));
#8809=AXIS2_PLACEMENT_3D('',#8806,#8807,#8808);
#8810=PLANE('',#8809);
#8811=ORIENTED_EDGE('',*,*,#1362,.T.);
#8812=ORIENTED_EDGE('',*,*,#1367,.T.);
#8813=ORIENTED_EDGE('',*,*,#1372,.T.);
#8814=ORIENTED_EDGE('',*,*,#1377,.T.);
#8815=EDGE_LOOP('',(#8811,#8812,#8813,#8814));
#8816=FACE_OUTER_BOUND('',#8815,.T.);
#8817=ADVANCED_FACE('',(#8816),#8810,.T.);
#8818=CARTESIAN_POINT('',(0.07654558001186858,-0.001280330085889911,0.0377481026657662));
#8819=DIRECTION('',(-0.34384662816213213,0.9235890509462896,-0.16956639193444198));
#8820=DIRECTION('',(-0.9371602880940308,-0.34889911782564464,0));
#8821=AXIS2_PLACEMENT_3D('',#8818,#8819,#8820);
#8822=PLANE('',#8821);
#8823=ORIENTED_EDGE('',*,*,#1382,.T.);
#8824=ORIENTED_EDGE('',*,*,#1387,.T.);
#8825=ORIENTED_EDGE('',*,*,#1392,.T.);
#8826=ORIENTED_EDGE('',*,*,#1397,.T.);
#8827=EDGE_LOOP('',(#8823,#8824,#8825,#8826));
#8828=FACE_OUTER_BOUND('',#8827,.T.);
#8829=ADVANCED_FACE('',(#8828),#8822,.T.);
#8830=CARTESIAN_POINT('',(0.07721679436297949,-0.0005303300858899108,0.03807910895290311));
#8831=DIRECTION('',(-0.8288620241475326,0.3819837405963222,-0.4087495160194037));
#8832=DIRECTION('',(-0.41854507185541273,-0.9081960266514864,0));
#8833=AXIS2_PLACEMENT_3D('',#8830,#8831,#8832);
#8834=PLANE('',#8833);
#8835=ORIENTED_EDGE('',*,*,#1402,.T.);
#8836=ORIENTED_EDGE('',*,*,#1407,.T.);
#8837=ORIENTED_EDGE('',*,*,#1412,.T.);
#8838=ORIENTED_EDGE('',*,*,#1417,.T.);
#8839=EDGE_LOOP('',(#8835,#8836,#8837,#8838));
#8840=FACE_OUTER_BOUND('',#8839,.T.);
#8841=ADVANCED_FACE('',(#8840),#8834,.T.);
#8842=CARTESIAN_POINT('',(0.0715858728881793,0.0005303300858899106,0.047832151040687707));
#8843=DIRECTION('',(-0.7684184767311628,-0.3819837405963277,-0.5134408111342502));
#8844=DIRECTION('',(0.44513763842104564,-0.8954621616020045,0));
#8845=AXIS2_PLACEMENT_3D('',#8842,#8843,#8844);
#8846=PLANE('',#8845);
#8847=ORIENTED_EDGE('',*,*,#1422,.T.);
#8848=ORIENTED_EDGE('',*,*,#1427,.T.);
#8849=ORIENTED_EDGE('',*,*,#1432,.T.);
#8850=ORIENTED_EDGE('',*,*,#1437,.T.);
#8851=EDGE_LOOP('',(#8847,#8848,#8849,#8850));
#8852=FACE_OUTER_BOUND('',#8851,.T.);
#8853=ADVANCED_FACE('',(#8852),#8846,.T.);
#8854=CARTESIAN_POINT('',(0.07096360585915092,0.0012803300858899107,0.04741636550480943));
#8855=DIRECTION('',(-0.3187721171243587,-0.923589050946291,-0.21299671902680492));
#8856=DIRECTION('',(0.9452804830357591,-0.326258805845424,0));
#8857=AXIS2_PLACEMENT_3D('',#8854,#8855,#8856);
#8858=PLANE('',#8857);
#8859=ORIENTED_EDGE('',*,*,#1442,.T.);
#8860=ORIENTED_EDGE('',*,*,#1447,.T.);
#8861=ORIENTED_EDGE('',*,*,#1452,.T.);
#8862=ORIENTED_EDGE('',*,*,#1457,.T.);
#8863=EDGE_LOOP('',(#8859,#8860,#8861,#8862));
#8864=FACE_OUTER_BOUND('',#8863,.T.);
#8865=ADVANCED_FACE('',(#8864),#8858,.T.);
#8866=CARTESIAN_POINT('',(0.07008358738728138,0.0012803300858899107,0.046828355960931815));
#8867=DIRECTION('',(0.3187721171243627,-0.923589050946289,0.2129967190268077));
#8868=DIRECTION('',(0.9452804830357575,0.32625880584542827,0));
#8869=AXIS2_PLACEMENT_3D('',#8866,#8867,#8868);
#8870=PLANE('',#8869);
#8871=ORIENTED_EDGE('',*,*,#1462,.T.);
#8872=ORIENTED_EDGE('',*,*,#1467,.T.);
#8873=ORIENTED_EDGE('',*,*,#1472,.T.);
#8874=ORIENTED_EDGE('',*,*,#1477,.T.);
#8875=EDGE_LOOP('',(#8871,#8872,#8873,#8874));
#8876=FACE_OUTER_BOUND('',#8875,.T.);
#8877=ADVANCED_FACE('',(#8876),#8870,.T.);
#8878=CARTESIAN_POINT('',(0.069461320358253,0.0005303300858899107,0.04641257042505355));
#8879=DIRECTION('',(0.7684184767311638,-0.38198374059632356,0.5134408111342519));
#8880=DIRECTION('',(0.4451376384210412,0.8954621616020066,0));
#8881=AXIS2_PLACEMENT_3D('',#8878,#8879,#8880);
#8882=PLANE('',#8881);
#8883=ORIENTED_EDGE('',*,*,#1482,.T.);
#8884=ORIENTED_EDGE('',*,*,#1487,.T.);
#8885=ORIENTED_EDGE('',*,*,#1492,.T.);
#8886=ORIENTED_EDGE('',*,*,#1497,.T.);
#8887=EDGE_LOOP('',(#8883,#8884,#8885,#8886));
#8888=FACE_OUTER_BOUND('',#8887,.T.);
#8889=ADVANCED_FACE('',(#8888),#8882,.T.);
#8890=CARTESIAN_POINT('',(0.069461320358253,-0.0005303300858899105,0.04641257042505355));
#8891=DIRECTION('',(0.7684184767311639,0.3819837405963234,0.5134408111342518));
#8892=DIRECTION('',(-0.44513763842104104,0.8954621616020068,0));
#8893=AXIS2_PLACEMENT_3D('',#8890,#8891,#8892);
#8894=PLANE('',#8893);
#8895=ORIENTED_EDGE('',*,*,#1502,.T.);
#8896=ORIENTED_EDGE('',*,*,#1507,.T.);
#8897=ORIENTED_EDGE('',*,*,#1512,.T.);
#8898=ORIENTED_EDGE('',*,*,#1517,.T.);
#8899=EDGE_LOOP('',(#8895,#8896,#8897,#8898));
#8900=FACE_OUTER_BOUND('',#8899,.T.);
#8901=ADVANCED_FACE('',(#8900),#8894,.T.);
#8902=CARTESIAN_POINT('',(0.07008358738728138,-0.0012803300858899107,0.04682835596093182));
#8903=DIRECTION('',(0.31877211712436265,0.9235890509462888,0.2129967190268078));
#8904=DIRECTION('',(-0.9452804830357575,0.32625880584542827,0));
#8905=AXIS2_PLACEMENT_3D('',#8902,#8903,#8904);
#8906=PLANE('',#8905);
#8907=ORIENTED_EDGE('',*,*,#1522,.T.);
#8908=ORIENTED_EDGE('',*,*,#1527,.T.);
#8909=ORIENTED_EDGE('',*,*,#1532,.T.);
#8910=ORIENTED_EDGE('',*,*,#1537,.T.);
#8911=EDGE_LOOP('',(#8907,#8908,#8909,#8910));
#8912=FACE_OUTER_BOUND('',#8911,.T.);
#8913=ADVANCED_FACE('',(#8912),#8906,.T.);
#8914=CARTESIAN_POINT('',(0.07096360585915092,-0.001280330085889911,0.04741636550480943));
#8915=DIRECTION('',(-0.31877211712435827,0.9235890509462912,-0.21299671902680484));
#8916=DIRECTION('',(-0.9452804830357592,-0.3262588058454235,0));
#8917=AXIS2_PLACEMENT_3D('',#8914,#8915,#8916);
#8918=PLANE('',#8917);
#8919=ORIENTED_EDGE('',*,*,#1542,.T.);
#8920=ORIENTED_EDGE('',*,*,#1547,.T.);
#8921=ORIENTED_EDGE('',*,*,#1552,.T.);
#8922=ORIENTED_EDGE('',*,*,#1557,.T.);
#8923=EDGE_LOOP('',(#8919,#8920,#8921,#8922));
#8924=FACE_OUTER_BOUND('',#8923,.T.);
#8925=ADVANCED_FACE('',(#8924),#8918,.T.);
#8926=CARTESIAN_POINT('',(0.0715858728881793,-0.0005303300858899108,0.047832151040687707));
#8927=DIRECTION('',(-0.7684184767311627,0.38198374059632767,-0.5134408111342503));
#8928=DIRECTION('',(-0.44513763842104553,-0.8954621616020044,0));
#8929=AXIS2_PLACEMENT_3D('',#8926,#8927,#8928);
#8930=PLANE('',#8929);
#8931=ORIENTED_EDGE('',*,*,#1562,.T.);
#8932=ORIENTED_EDGE('',*,*,#1567,.T.);
#8933=ORIENTED_EDGE('',*,*,#1572,.T.);
#8934=ORIENTED_EDGE('',*,*,#1577,.T.);
#8935=EDGE_LOOP('',(#8931,#8932,#8933,#8934));
#8936=FACE_OUTER_BOUND('',#8935,.T.);
#8937=ADVANCED_FACE('',(#8936),#8930,.T.);
#8938=CARTESIAN_POINT('',(0.0647300972809088,0.0005303300858899106,0.056766771762588444));
#8939=DIRECTION('',(-0.6948270761320714,-0.3819837405963346,-0.6093469916179031));
#8940=DIRECTION('',(0.4817530184613726,-0.8763070404848727,0));
#8941=AXIS2_PLACEMENT_3D('',#8938,#8939,#8940);
#8942=PLANE('',#8941);
#8943=ORIENTED_EDGE('',*,*,#1582,.T.);
#8944=ORIENTED_EDGE('',*,*,#1587,.T.);
#8945=ORIENTED_EDGE('',*,*,#1592,.T.);
#8946=ORIENTED_EDGE('',*,*,#1597,.T.);
#8947=EDGE_LOOP('',(#8943,#8944,#8945,#8946));
#8948=FACE_OUTER_BOUND('',#8947,.T.);
#8949=ADVANCED_FACE('',(#8948),#8942,.T.);
#8950=CARTESIAN_POINT('',(0.06416742473535461,0.0012803300858899107,0.056273321183765226));
#8951=DIRECTION('',(-0.28824332678226444,-0.9235890509462898,-0.252782613202776));
#8952=DIRECTION('',(0.9545912136273081,-0.2979188058272638,0));
#8953=AXIS2_PLACEMENT_3D('',#8950,#8951,#8952);
#8954=PLANE('',#8953);
#8955=ORIENTED_EDGE('',*,*,#1602,.T.);
#8956=ORIENTED_EDGE('',*,*,#1607,.T.);
#8957=ORIENTED_EDGE('',*,*,#1612,.T.);
#8958=ORIENTED_EDGE('',*,*,#1617,.T.);
#8959=EDGE_LOOP('',(#8955,#8956,#8957,#8958));
#8960=FACE_OUTER_BOUND('',#8959,.T.);
#8961=ADVANCED_FACE('',(#8960),#8954,.T.);
#8962=CARTESIAN_POINT('',(0.06337168559025692,0.0012803300858899107,0.05557547668283257));
#8963=DIRECTION('',(0.2882433267822646,-0.9235890509462898,0.25278261320277584));
#8964=DIRECTION('',(0.9545912136273081,0.297918805827264,0));
#8965=AXIS2_PLACEMENT_3D('',#8962,#8963,#8964);
#8966=PLANE('',#8965);
#8967=ORIENTED_EDGE('',*,*,#1622,.T.);
#8968=ORIENTED_EDGE('',*,*,#1627,.T.);
#8969=ORIENTED_EDGE('',*,*,#1632,.T.);
#8970=ORIENTED_EDGE('',*,*,#1637,.T.);
#8971=EDGE_LOOP('',(#8967,#8968,#8969,#8970));
#8972=FACE_OUTER_BOUND('',#8971,.T.);
#8973=ADVANCED_FACE('',(#8972),#8966,.T.);
#8974=CARTESIAN_POINT('',(0.06280901304470275,0.0005303300858899107,0.05508202610400934));
#8975=DIRECTION('',(0.6948270761320728,-0.3819837405963299,0.6093469916179045));
#8976=DIRECTION('',(0.48175301846136726,0.8763070404848757,0));
#8977=AXIS2_PLACEMENT_3D('',#8974,#8975,#8976);
#8978=PLANE('',#8977);
#8979=ORIENTED_EDGE('',*,*,#1642,.T.);
#8980=ORIENTED_EDGE('',*,*,#1647,.T.);
#8981=ORIENTED_EDGE('',*,*,#1652,.T.);
#8982=ORIENTED_EDGE('',*,*,#1657,.T.);
#8983=EDGE_LOOP('',(#8979,#8980,#8981,#8982));
#8984=FACE_OUTER_BOUND('',#8983,.T.);
#8985=ADVANCED_FACE('',(#8984),#8978,.T.);
#8986=CARTESIAN_POINT('',(0.06280901304470275,-0.0005303300858899105,0.05508202610400935));
#8987=DIRECTION('',(0.6948270761320751,0.3819837405963225,0.6093469916179065));
#8988=DIRECTION('',(-0.4817530184613589,0.8763070404848802,0));
#8989=AXIS2_PLACEMENT_3D('',#8986,#8987,#8988);
#8990=PLANE('',#8989);
#8991=ORIENTED_EDGE('',*,*,#1662,.T.);
#8992=ORIENTED_EDGE('',*,*,#1667,.T.);
#8993=ORIENTED_EDGE('',*,*,#1672,.T.);
#8994=ORIENTED_EDGE('',*,*,#1677,.T.);
#8995=EDGE_LOOP('',(#8991,#8992,#8993,#8994));
#8996=FACE_OUTER_BOUND('',#8995,.T.);
#8997=ADVANCED_FACE('',(#8996),#8990,.T.);
#8998=CARTESIAN_POINT('',(0.06337168559025692,-0.0012803300858899107,0.05557547668283257));
#8999=DIRECTION('',(0.2882433267822637,0.9235890509462904,0.252782613202775));
#9000=DIRECTION('',(-0.9545912136273084,0.297918805827263,0));
#9001=AXIS2_PLACEMENT_3D('',#8998,#8999,#9000);
#9002=PLANE('',#9001);
#9003=ORIENTED_EDGE('',*,*,#1682,.T.);
#9004=ORIENTED_EDGE('',*,*,#1687,.T.);
#9005=ORIENTED_EDGE('',*,*,#1692,.T.);
#9006=ORIENTED_EDGE('',*,*,#1697,.T.);
#9007=EDGE_LOOP('',(#9003,#9004,#9005,#9006));
#9008=FACE_OUTER_BOUND('',#9007,.T.);
#9009=ADVANCED_FACE('',(#9008),#9002,.T.);
#9010=CARTESIAN_POINT('',(0.06416742473535463,-0.001280330085889911,0.056273321183765226));
#9011=DIRECTION('',(-0.2882433267822645,0.92358905094629,-0.2527826132027758));
#9012=DIRECTION('',(-0.9545912136273081,-0.2979188058272638,0));
#9013=AXIS2_PLACEMENT_3D('',#9010,#9011,#9012);
#9014=PLANE('',#9013);
#9015=ORIENTED_EDGE('',*,*,#1702,.T.);
#9016=ORIENTED_EDGE('',*,*,#1707,.T.);
#9017=ORIENTED_EDGE('',*,*,#1712,.T.);
#9018=ORIENTED_EDGE('',*,*,#1717,.T.);
#9019=EDGE_LOOP('',(#9015,#9016,#9017,#9018));
#9020=FACE_OUTER_BOUND('',#9019,.T.);
#9021=ADVANCED_FACE('',(#9020),#9014,.T.);
#9022=CARTESIAN_POINT('',(0.06473009728090878,-0.0005303300858899108,0.05676677176258845));
#9023=DIRECTION('',(-0.6948270761320716,0.3819837405963344,-0.6093469916179031));
#9024=DIRECTION('',(-0.48175301846137225,-0.876307040484873,0));
#9025=AXIS2_PLACEMENT_3D('',#9022,#9023,#9024);
#9026=PLANE('',#9025);
#9027=ORIENTED_EDGE('',*,*,#1722,.T.);
#9028=ORIENTED_EDGE('',*,*,#1727,.T.);
#9029=ORIENTED_EDGE('',*,*,#1732,.T.);
#9030=ORIENTED_EDGE('',*,*,#1737,.T.);
#9031=EDGE_LOOP('',(#9027,#9028,#9029,#9030));
#9032=FACE_OUTER_BOUND('',#9031,.T.);
#9033=ADVANCED_FACE('',(#9032),#9026,.T.);
#9034=CARTESIAN_POINT('',(0.05676677176258846,0.0005303300858899106,0.06473009728090878));
#9035=DIRECTION('',(-0.6093469916179032,-0.38198374059633483,-0.6948270761320712));
#9036=DIRECTION('',(0.5311402102178374,-0.8472839412438734,0));
#9037=AXIS2_PLACEMENT_3D('',#9034,#9035,#9036);
#9038=PLANE('',#9037);
#9039=ORIENTED_EDGE('',*,*,#1742,.T.);
#9040=ORIENTED_EDGE('',*,*,#1747,.T.);
#9041=ORIENTED_EDGE('',*,*,#1752,.T.);
#9042=ORIENTED_EDGE('',*,*,#1757,.T.);
#9043=EDGE_LOOP('',(#9039,#9040,#9041,#9042));
#9044=FACE_OUTER_BOUND('',#9043,.T.);
#9045=ADVANCED_FACE('',(#9044),#9038,.T.);
#9046=CARTESIAN_POINT('',(0.05627332118376523,0.0012803300858899107,0.06416742473535461));
#9047=DIRECTION('',(-0.252782613202779,-0.923589050946288,-0.2882433267822682));
#9048=DIRECTION('',(0.9645262490051423,-0.2639869598674719,0));
#9049=AXIS2_PLACEMENT_3D('',#9046,#9047,#9048);
#9050=PLANE('',#9049);
#9051=ORIENTED_EDGE('',*,*,#1762,.T.);
#9052=ORIENTED_EDGE('',*,*,#1767,.T.);
#9053=ORIENTED_EDGE('',*,*,#1772,.T.);
#9054=ORIENTED_EDGE('',*,*,#1777,.T.);
#9055=EDGE_LOOP('',(#9051,#9052,#9053,#9054));
#9056=FACE_OUTER_BOUND('',#9055,.T.);
#9057=ADVANCED_FACE('',(#9056),#9050,.T.);
#9058=CARTESIAN_POINT('',(0.055575476682832574,0.0012803300858899107,0.06337168559025692));
#9059=DIRECTION('',(0.25278261320277495,-0.9235890509462905,0.28824332678226344));
#9060=DIRECTION('',(0.9645262490051436,0.2639869598674673,0));
#9061=AXIS2_PLACEMENT_3D('',#9058,#9059,#9060);
#9062=PLANE('',#9061);
#9063=ORIENTED_EDGE('',*,*,#1782,.T.);
#9064=ORIENTED_EDGE('',*,*,#1787,.T.);
#9065=ORIENTED_EDGE('',*,*,#1792,.T.);
#9066=ORIENTED_EDGE('',*,*,#1797,.T.);
#9067=EDGE_LOOP('',(#9063,#9064,#9065,#9066));
#9068=FACE_OUTER_BOUND('',#9067,.T.);
#9069=ADVANCED_FACE('',(#9068),#9062,.T.);
#9070=CARTESIAN_POINT('',(0.05508202610400935,0.0005303300858899107,0.06280901304470275));
#9071=DIRECTION('',(0.609346991617906,-0.38198374059632495,0.6948270761320743));
#9072=DIRECTION('',(0.5311402102178259,0.8472839412438806,0));
#9073=AXIS2_PLACEMENT_3D('',#9070,#9071,#9072);
#9074=PLANE('',#9073);
#9075=ORIENTED_EDGE('',*,*,#1802,.T.);
#9076=ORIENTED_EDGE('',*,*,#1807,.T.);
#9077=ORIENTED_EDGE('',*,*,#1812,.T.);
#9078=ORIENTED_EDGE('',*,*,#1817,.T.);
#9079=EDGE_LOOP('',(#9075,#9076,#9077,#9078));
#9080=FACE_OUTER_BOUND('',#9079,.T.);
#9081=ADVANCED_FACE('',(#9080),#9074,.T.);
#9082=CARTESIAN_POINT('',(0.05508202610400935,-0.0005303300858899105,0.06280901304470275));
#9083=DIRECTION('',(0.609346991617906,0.38198374059632495,0.6948270761320743));
#9084=DIRECTION('',(-0.5311402102178259,0.8472839412438806,0));
#9085=AXIS2_PLACEMENT_3D('',#9082,#9083,#9084);
#9086=PLANE('',#9085);
#9087=ORIENTED_EDGE('',*,*,#1822,.T.);
#9088=ORIENTED_EDGE('',*,*,#1827,.T.);
#9089=ORIENTED_EDGE('',*,*,#1832,.T.);
#9090=ORIENTED_EDGE('',*,*,#1837,.T.);
#9091=EDGE_LOOP('',(#9087,#9088,#9089,#9090));
#9092=FACE_OUTER_BOUND('',#9091,.T.);
#9093=ADVANCED_FACE('',(#9092),#9086,.T.);
#9094=CARTESIAN_POINT('',(0.055575476682832574,-0.0012803300858899107,0.06337168559025692));
#9095=DIRECTION('',(0.2527826132027752,0.9235890509462904,0.28824332678226355));
#9096=DIRECTION('',(-0.9645262490051435,0.2639869598674675,0));
#9097=AXIS2_PLACEMENT_3D('',#9094,#9095,#9096);
#9098=PLANE('',#9097);
#9099=ORIENTED_EDGE('',*,*,#1842,.T.);
#9100=ORIENTED_EDGE('',*,*,#1847,.T.);
#9101=ORIENTED_EDGE('',*,*,#1852,.T.);
#9102=ORIENTED_EDGE('',*,*,#1857,.T.);
#9103=EDGE_LOOP('',(#9099,#9100,#9101,#9102));
#9104=FACE_OUTER_BOUND('',#9103,.T.);
#9105=ADVANCED_FACE('',(#9104),#9098,.T.);
#9106=CARTESIAN_POINT('',(0.05627332118376523,-0.001280330085889911,0.06416742473535463));
#9107=DIRECTION('',(-0.2527826132027788,0.9235890509462881,-0.288243326782268));
#9108=DIRECTION('',(-0.9645262490051424,-0.26398695986747167,0));
#9109=AXIS2_PLACEMENT_3D('',#9106,#9107,#9108);
#9110=PLANE('',#9109);
#9111=ORIENTED_EDGE('',*,*,#1862,.T.);
#9112=ORIENTED_EDGE('',*,*,#1867,.T.);
#9113=ORIENTED_EDGE('',*,*,#1872,.T.);
#9114=ORIENTED_EDGE('',*,*,#1877,.T.);
#9115=EDGE_LOOP('',(#9111,#9112,#9113,#9114));
#9116=FACE_OUTER_BOUND('',#9115,.T.);
#9117=ADVANCED_FACE('',(#9116),#9110,.T.);
#9118=CARTESIAN_POINT('',(0.05676677176258846,-0.0005303300858899108,0.06473009728090878));
#9119=DIRECTION('',(-0.6093469916179031,0.3819837405963348,-0.6948270761320713));
#9120=DIRECTION('',(-0.5311402102178374,-0.8472839412438734,0));
#9121=AXIS2_PLACEMENT_3D('',#9118,#9119,#9120);
#9122=PLANE('',#9121);
#9123=ORIENTED_EDGE('',*,*,#1882,.T.);
#9124=ORIENTED_EDGE('',*,*,#1887,.T.);
#9125=ORIENTED_EDGE('',*,*,#1892,.T.);
#9126=ORIENTED_EDGE('',*,*,#1897,.T.);
#9127=EDGE_LOOP('',(#9123,#9124,#9125,#9126));
#9128=FACE_OUTER_BOUND('',#9127,.T.);
#9129=ADVANCED_FACE('',(#9128),#9122,.T.);
#9130=CARTESIAN_POINT('',(0.047832151040687707,0.0005303300858899106,0.07158587288817929));
#9131=DIRECTION('',(-0.5134408111342486,-0.3819837405963319,-0.7684184767311618));
#9132=DIRECTION('',(0.5968983827585699,-0.8023168455543007,0));
#9133=AXIS2_PLACEMENT_3D('',#9130,#9131,#9132);
#9134=PLANE('',#9133);
#9135=ORIENTED_EDGE('',*,*,#1902,.T.);
#9136=ORIENTED_EDGE('',*,*,#1907,.T.);
#9137=ORIENTED_EDGE('',*,*,#1912,.T.);
#9138=ORIENTED_EDGE('',*,*,#1917,.T.);
#9139=EDGE_LOOP('',(#9135,#9136,#9137,#9138));
#9140=FACE_OUTER_BOUND('',#9139,.T.);
#9141=ADVANCED_FACE('',(#9140),#9134,.T.);
#9142=CARTESIAN_POINT('',(0.047416365504809446,0.0012803300858899107,0.0709636058591509));
#9143=DIRECTION('',(-0.21299671902680936,-0.9235890509462881,-0.31877211712436426));
#9144=DIRECTION('',(0.9744233669033309,-0.22472005258271135,0));
#9145=AXIS2_PLACEMENT_3D('',#9142,#9143,#9144);
#9146=PLANE('',#9145);
#9147=ORIENTED_EDGE('',*,*,#1922,.T.);
#9148=ORIENTED_EDGE('',*,*,#1927,.T.);
#9149=ORIENTED_EDGE('',*,*,#1932,.T.);
#9150=ORIENTED_EDGE('',*,*,#1937,.T.);
#9151=EDGE_LOOP('',(#9147,#9148,#9149,#9150));
#9152=FACE_OUTER_BOUND('',#9151,.T.);
#9153=ADVANCED_FACE('',(#9152),#9146,.T.);
#9154=CARTESIAN_POINT('',(0.04682835596093182,0.0012803300858899107,0.07008358738728138));
#9155=DIRECTION('',(0.21299671902680614,-0.9235890509462901,0.3187721171243605));
#9156=DIRECTION('',(0.9744233669033318,0.22472005258270766,0));
#9157=AXIS2_PLACEMENT_3D('',#9154,#9155,#9156);
#9158=PLANE('',#9157);
#9159=ORIENTED_EDGE('',*,*,#1942,.T.);
#9160=ORIENTED_EDGE('',*,*,#1947,.T.);
#9161=ORIENTED_EDGE('',*,*,#1952,.T.);
#9162=ORIENTED_EDGE('',*,*,#1957,.T.);
#9163=EDGE_LOOP('',(#9159,#9160,#9161,#9162));
#9164=FACE_OUTER_BOUND('',#9163,.T.);
#9165=ADVANCED_FACE('',(#9164),#9158,.T.);
#9166=CARTESIAN_POINT('',(0.046412570425053555,0.0005303300858899107,0.06946132035825299));
#9167=DIRECTION('',(0.5134408111342499,-0.3819837405963299,0.768418476731162));
#9168=DIRECTION('',(0.596898382758567,0.802316845554303,0));
#9169=AXIS2_PLACEMENT_3D('',#9166,#9167,#9168);
#9170=PLANE('',#9169);
#9171=ORIENTED_EDGE('',*,*,#1962,.T.);
#9172=ORIENTED_EDGE('',*,*,#1967,.T.);
#9173=ORIENTED_EDGE('',*,*,#1972,.T.);
#9174=ORIENTED_EDGE('',*,*,#1977,.T.);
#9175=EDGE_LOOP('',(#9171,#9172,#9173,#9174));
#9176=FACE_OUTER_BOUND('',#9175,.T.);
#9177=ADVANCED_FACE('',(#9176),#9170,.T.);
#9178=CARTESIAN_POINT('',(0.04641257042505356,-0.0005303300858899105,0.069461320358253));
#9179=DIRECTION('',(0.5134408111342498,0.3819837405963299,0.768418476731162));
#9180=DIRECTION('',(-0.596898382758567,0.8023168455543029,0));
#9181=AXIS2_PLACEMENT_3D('',#9178,#9179,#9180);
#9182=PLANE('',#9181);
#9183=ORIENTED_EDGE('',*,*,#1982,.T.);
#9184=ORIENTED_EDGE('',*,*,#1987,.T.);
#9185=ORIENTED_EDGE('',*,*,#1992,.T.);
#9186=ORIENTED_EDGE('',*,*,#1997,.T.);
#9187=EDGE_LOOP('',(#9183,#9184,#9185,#9186));
#9188=FACE_OUTER_BOUND('',#9187,.T.);
#9189=ADVANCED_FACE('',(#9188),#9182,.T.);
#9190=CARTESIAN_POINT('',(0.04682835596093182,-0.0012803300858899107,0.07008358738728138));
#9191=DIRECTION('',(0.2129967190268064,0.92358905094629,0.3187721171243606));
#9192=DIRECTION('',(-0.9744233669033318,0.22472005258270797,0));
#9193=AXIS2_PLACEMENT_3D('',#9190,#9191,#9192);
#9194=PLANE('',#9193);
#9195=ORIENTED_EDGE('',*,*,#2002,.T.);
#9196=ORIENTED_EDGE('',*,*,#2007,.T.);
#9197=ORIENTED_EDGE('',*,*,#2012,.T.);
#9198=ORIENTED_EDGE('',*,*,#2017,.T.);
#9199=EDGE_LOOP('',(#9195,#9196,#9197,#9198));
#9200=FACE_OUTER_BOUND('',#9199,.T.);
#9201=ADVANCED_FACE('',(#9200),#9194,.T.);
#9202=CARTESIAN_POINT('',(0.047416365504809446,-0.001280330085889911,0.07096360585915092));
#9203=DIRECTION('',(-0.21299671902680886,0.9235890509462882,-0.31877211712436404));
#9204=DIRECTION('',(-0.974423366903331,-0.22472005258271083,0));
#9205=AXIS2_PLACEMENT_3D('',#9202,#9203,#9204);
#9206=PLANE('',#9205);
#9207=ORIENTED_EDGE('',*,*,#2022,.T.);
#9208=ORIENTED_EDGE('',*,*,#2027,.T.);
#9209=ORIENTED_EDGE('',*,*,#2032,.T.);
#9210=ORIENTED_EDGE('',*,*,#2037,.T.);
#9211=EDGE_LOOP('',(#9207,#9208,#9209,#9210));
#9212=FACE_OUTER_BOUND('',#9211,.T.);
#9213=ADVANCED_FACE('',(#9212),#9206,.T.);
#9214=CARTESIAN_POINT('',(0.04783215104068771,-0.0005303300858899108,0.07158587288817929));
#9215=DIRECTION('',(-0.5134408111342484,0.38198374059633183,-0.7684184767311619));
#9216=DIRECTION('',(-0.59689838275857,-0.8023168455543008,0));
#9217=AXIS2_PLACEMENT_3D('',#9214,#9215,#9216);
#9218=PLANE('',#9217);
#9219=ORIENTED_EDGE('',*,*,#2042,.T.);
#9220=ORIENTED_EDGE('',*,*,#2047,.T.);
#9221=ORIENTED_EDGE('',*,*,#2052,.T.);
#9222=ORIENTED_EDGE('',*,*,#2057,.T.);
#9223=EDGE_LOOP('',(#9219,#9220,#9221,#9222));
#9224=FACE_OUTER_BOUND('',#9223,.T.);
#9225=ADVANCED_FACE('',(#9224),#9218,.T.);
#9226=CARTESIAN_POINT('',(0.03807910895290312,0.0005303300858899106,0.07721679436297947));
#9227=DIRECTION('',(-0.4087495160194025,-0.3819837405963311,-0.8288620241475291));
#9228=DIRECTION('',(0.6827806594833324,-0.730623412597424,0));
#9229=AXIS2_PLACEMENT_3D('',#9226,#9227,#9228);
#9230=PLANE('',#9229);
#9231=ORIENTED_EDGE('',*,*,#2062,.T.);
#9232=ORIENTED_EDGE('',*,*,#2067,.T.);
#9233=ORIENTED_EDGE('',*,*,#2072,.T.);
#9234=ORIENTED_EDGE('',*,*,#2077,.T.);
#9235=EDGE_LOOP('',(#9231,#9232,#9233,#9234));
#9236=FACE_OUTER_BOUND('',#9235,.T.);
#9237=ADVANCED_FACE('',(#9236),#9230,.T.);
#9238=CARTESIAN_POINT('',(0.03774810266576621,0.0012803300858899107,0.07654558001186858));
#9239=DIRECTION('',(-0.1695663919344437,-0.9235890509462877,-0.34384662816213574));
#9240=DIRECTION('',(0.9835608652105953,-0.18057692107848466,0));
#9241=AXIS2_PLACEMENT_3D('',#9238,#9239,#9240);
#9242=PLANE('',#9241);
#9243=ORIENTED_EDGE('',*,*,#2082,.T.);
#9244=ORIENTED_EDGE('',*,*,#2087,.T.);
#9245=ORIENTED_EDGE('',*,*,#2092,.T.);
#9246=ORIENTED_EDGE('',*,*,#2097,.T.);
#9247=EDGE_LOOP('',(#9243,#9244,#9245,#9246));
#9248=FACE_OUTER_BOUND('',#9247,.T.);
#9249=ADVANCED_FACE('',(#9248),#9242,.T.);
#9250=CARTESIAN_POINT('',(0.03727998908526643,0.0012803300858899107,0.07559633957326808));
#9251=DIRECTION('',(0.16956639193444195,-0.9235890509462898,0.34384662816213113));
#9252=DIRECTION('',(0.9835608652105957,0.18057692107848247,0));
#9253=AXIS2_PLACEMENT_3D('',#9250,#9251,#9252);
#9254=PLANE('',#9253);
#9255=ORIENTED_EDGE('',*,*,#2102,.T.);
#9256=ORIENTED_EDGE('',*,*,#2107,.T.);
#9257=ORIENTED_EDGE('',*,*,#2112,.T.);
#9258=ORIENTED_EDGE('',*,*,#2117,.T.);
#9259=EDGE_LOOP('',(#9255,#9256,#9257,#9258));
#9260=FACE_OUTER_BOUND('',#9259,.T.);
#9261=ADVANCED_FACE('',(#9260),#9254,.T.);
#9262=CARTESIAN_POINT('',(0.036948982798129526,0.0005303300858899107,0.0749251252221572));
#9263=DIRECTION('',(0.4087495160194034,-0.38198374059632845,0.8288620241475299));
#9264=DIRECTION('',(0.6827806594833291,0.7306234125974271,0));
#9265=AXIS2_PLACEMENT_3D('',#9262,#9263,#9264);
#9266=PLANE('',#9265);
#9267=ORIENTED_EDGE('',*,*,#2122,.T.);
#9268=ORIENTED_EDGE('',*,*,#2127,.T.);
#9269=ORIENTED_EDGE('',*,*,#2132,.T.);
#9270=ORIENTED_EDGE('',*,*,#2137,.T.);
#9271=EDGE_LOOP('',(#9267,#9268,#9269,#9270));
#9272=FACE_OUTER_BOUND('',#9271,.T.);
#9273=ADVANCED_FACE('',(#9272),#9266,.T.);
#9274=CARTESIAN_POINT('',(0.036948982798129526,-0.0005303300858899105,0.07492512522215719));
#9275=DIRECTION('',(0.40874951601940335,0.3819837405963284,0.8288620241475299));
#9276=DIRECTION('',(-0.682780659483329,0.730623412597427,0));
#9277=AXIS2_PLACEMENT_3D('',#9274,#9275,#9276);
#9278=PLANE('',#9277);
#9279=ORIENTED_EDGE('',*,*,#2142,.T.);
#9280=ORIENTED_EDGE('',*,*,#2147,.T.);
#9281=ORIENTED_EDGE('',*,*,#2152,.T.);
#9282=ORIENTED_EDGE('',*,*,#2157,.T.);
#9283=EDGE_LOOP('',(#9279,#9280,#9281,#9282));
#9284=FACE_OUTER_BOUND('',#9283,.T.);
#9285=ADVANCED_FACE('',(#9284),#9278,.T.);
#9286=CARTESIAN_POINT('',(0.03727998908526643,-0.0012803300858899107,0.0755963395732681));
#9287=DIRECTION('',(0.16956639193444228,0.9235890509462895,0.3438466281621319));
#9288=DIRECTION('',(-0.9835608652105956,0.18057692107848286,0));
#9289=AXIS2_PLACEMENT_3D('',#9286,#9287,#9288);
#9290=PLANE('',#9289);
#9291=ORIENTED_EDGE('',*,*,#2162,.T.);
#9292=ORIENTED_EDGE('',*,*,#2167,.T.);
#9293=ORIENTED_EDGE('',*,*,#2172,.T.);
#9294=ORIENTED_EDGE('',*,*,#2177,.T.);
#9295=EDGE_LOOP('',(#9291,#9292,#9293,#9294));
#9296=FACE_OUTER_BOUND('',#9295,.T.);
#9297=ADVANCED_FACE('',(#9296),#9290,.T.);
#9298=CARTESIAN_POINT('',(0.03774810266576621,-0.001280330085889911,0.07654558001186858));
#9299=DIRECTION('',(-0.16956639193444373,0.923589050946288,-0.34384662816213546));
#9300=DIRECTION('',(-0.9835608652105952,-0.18057692107848464,0));
#9301=AXIS2_PLACEMENT_3D('',#9298,#9299,#9300);
#9302=PLANE('',#9301);
#9303=ORIENTED_EDGE('',*,*,#2182,.T.);
#9304=ORIENTED_EDGE('',*,*,#2187,.T.);
#9305=ORIENTED_EDGE('',*,*,#2192,.T.);
#9306=ORIENTED_EDGE('',*,*,#2197,.T.);
#9307=EDGE_LOOP('',(#9303,#9304,#9305,#9306));
#9308=FACE_OUTER_BOUND('',#9307,.T.);
#9309=ADVANCED_FACE('',(#9308),#9302,.T.);
#9310=CARTESIAN_POINT('',(0.03807910895290312,-0.0005303300858899108,0.07721679436297947));
#9311=DIRECTION('',(-0.40874951601940324,0.38198374059633083,-0.8288620241475289));
#9312=DIRECTION('',(-0.6827806594833316,-0.7306234125974248,0));
#9313=AXIS2_PLACEMENT_3D('',#9310,#9311,#9312);
#9314=PLANE('',#9313);
#9315=ORIENTED_EDGE('',*,*,#2202,.T.);
#9316=ORIENTED_EDGE('',*,*,#2207,.T.);
#9317=ORIENTED_EDGE('',*,*,#2212,.T.);
#9318=ORIENTED_EDGE('',*,*,#2217,.T.);
#9319=EDGE_LOOP('',(#9315,#9316,#9317,#9318));
#9320=FACE_OUTER_BOUND('',#9319,.T.);
#9321=ADVANCED_FACE('',(#9320),#9314,.T.);
#9322=CARTESIAN_POINT('',(0.0276745227534108,0.0005303300858899106,0.08152651507768913));
#9323=DIRECTION('',(-0.2970644033586888,-0.38198374059632956,-0.8751235125267646));
#9324=DIRECTION('',(0.7893863280902421,-0.6138967543685214,0));
#9325=AXIS2_PLACEMENT_3D('',#9322,#9323,#9324);
#9326=PLANE('',#9325);
#9327=ORIENTED_EDGE('',*,*,#2222,.T.);
#9328=ORIENTED_EDGE('',*,*,#2227,.T.);
#9329=ORIENTED_EDGE('',*,*,#2232,.T.);
#9330=ORIENTED_EDGE('',*,*,#2237,.T.);
#9331=EDGE_LOOP('',(#9327,#9328,#9329,#9330));
#9332=FACE_OUTER_BOUND('',#9331,.T.);
#9333=ADVANCED_FACE('',(#9332),#9326,.T.);
#9334=CARTESIAN_POINT('',(0.027433959324360442,0.0012803300858899107,0.080817838068139));
#9335=DIRECTION('',(-0.12323473686339377,-0.9235890509462888,-0.3630378280597542));
#9336=DIRECTION('',(0.9912153085581308,-0.13225812670686657,0));
#9337=AXIS2_PLACEMENT_3D('',#9334,#9335,#9336);
#9338=PLANE('',#9337);
#9339=ORIENTED_EDGE('',*,*,#2242,.T.);
#9340=ORIENTED_EDGE('',*,*,#2247,.T.);
#9341=ORIENTED_EDGE('',*,*,#2252,.T.);
#9342=ORIENTED_EDGE('',*,*,#2257,.T.);
#9343=EDGE_LOOP('',(#9339,#9340,#9341,#9342));
#9344=FACE_OUTER_BOUND('',#9343,.T.);
#9345=ADVANCED_FACE('',(#9344),#9338,.T.);
#9346=CARTESIAN_POINT('',(0.027093751260386458,0.0012803300858899107,0.0798156174298912));
#9347=DIRECTION('',(0.12323473686339352,-0.9235890509462892,0.3630378280597535));
#9348=DIRECTION('',(0.9912153085581309,0.13225812670686626,0));
#9349=AXIS2_PLACEMENT_3D('',#9346,#9347,#9348);
#9350=PLANE('',#9349);
#9351=ORIENTED_EDGE('',*,*,#2262,.T.);
#9352=ORIENTED_EDGE('',*,*,#2267,.T.);
#9353=ORIENTED_EDGE('',*,*,#2272,.T.);
#9354=ORIENTED_EDGE('',*,*,#2277,.T.);
#9355=EDGE_LOOP('',(#9351,#9352,#9353,#9354));
#9356=FACE_OUTER_BOUND('',#9355,.T.);
#9357=ADVANCED_FACE('',(#9356),#9350,.T.);
#9358=CARTESIAN_POINT('',(0.026853187831336105,0.0005303300858899107,0.07910694042034105));
#9359=DIRECTION('',(0.2970644033586869,-0.3819837405963341,0.8751235125267631));
#9360=DIRECTION('',(0.7893863280902476,0.6138967543685144,0));
#9361=AXIS2_PLACEMENT_3D('',#9358,#9359,#9360);
#9362=PLANE('',#9361);
#9363=ORIENTED_EDGE('',*,*,#2282,.T.);
#9364=ORIENTED_EDGE('',*,*,#2287,.T.);
#9365=ORIENTED_EDGE('',*,*,#2292,.T.);
#9366=ORIENTED_EDGE('',*,*,#2297,.T.);
#9367=EDGE_LOOP('',(#9363,#9364,#9365,#9366));
#9368=FACE_OUTER_BOUND('',#9367,.T.);
#9369=ADVANCED_FACE('',(#9368),#9362,.T.);
#9370=CARTESIAN_POINT('',(0.0268531878313361,-0.0005303300858899105,0.07910694042034105));
#9371=DIRECTION('',(0.2970644033586869,0.3819837405963341,0.8751235125267631));
#9372=DIRECTION('',(-0.7893863280902476,0.6138967543685144,0));
#9373=AXIS2_PLACEMENT_3D('',#9370,#9371,#9372);
#9374=PLANE('',#9373);
#9375=ORIENTED_EDGE('',*,*,#2302,.T.);
#9376=ORIENTED_EDGE('',*,*,#2307,.T.);
#9377=ORIENTED_EDGE('',*,*,#2312,.T.);
#9378=ORIENTED_EDGE('',*,*,#2317,.T.);
#9379=EDGE_LOOP('',(#9375,#9376,#9377,#9378));
#9380=FACE_OUTER_BOUND('',#9379,.T.);
#9381=ADVANCED_FACE('',(#9380),#9374,.T.);
#9382=CARTESIAN_POINT('',(0.027093751260386455,-0.0012803300858899107,0.0798156174298912));
#9383=DIRECTION('',(0.12323473686339298,0.9235890509462891,0.3630378280597537));
#9384=DIRECTION('',(-0.9912153085581309,0.1322581267068657,0));
#9385=AXIS2_PLACEMENT_3D('',#9382,#9383,#9384);
#9386=PLANE('',#9385);
#9387=ORIENTED_EDGE('',*,*,#2322,.T.);
#9388=ORIENTED_EDGE('',*,*,#2327,.T.);
#9389=ORIENTED_EDGE('',*,*,#2332,.T.);
#9390=ORIENTED_EDGE('',*,*,#2337,.T.);
#9391=EDGE_LOOP('',(#9387,#9388,#9389,#9390));
#9392=FACE_OUTER_BOUND('',#9391,.T.);
#9393=ADVANCED_FACE('',(#9392),#9386,.T.);
#9394=CARTESIAN_POINT('',(0.027433959324360442,-0.001280330085889911,0.080817838068139));
#9395=DIRECTION('',(-0.12323473686339377,0.9235890509462888,-0.363037828059754));
#9396=DIRECTION('',(-0.9912153085581308,-0.13225812670686657,0));
#9397=AXIS2_PLACEMENT_3D('',#9394,#9395,#9396);
#9398=PLANE('',#9397);
#9399=ORIENTED_EDGE('',*,*,#2342,.T.);
#9400=ORIENTED_EDGE('',*,*,#2347,.T.);
#9401=ORIENTED_EDGE('',*,*,#2352,.T.);
#9402=ORIENTED_EDGE('',*,*,#2357,.T.);
#9403=EDGE_LOOP('',(#9399,#9400,#9401,#9402));
#9404=FACE_OUTER_BOUND('',#9403,.T.);
#9405=ADVANCED_FACE('',(#9404),#9398,.T.);
#9406=CARTESIAN_POINT('',(0.027674522753410796,-0.0005303300858899108,0.08152651507768913));
#9407=DIRECTION('',(-0.29706440335868867,0.38198374059632945,-0.8751235125267646));
#9408=DIRECTION('',(-0.7893863280902421,-0.6138967543685213,0));
#9409=AXIS2_PLACEMENT_3D('',#9406,#9407,#9408);
#9410=PLANE('',#9409);
#9411=ORIENTED_EDGE('',*,*,#2362,.T.);
#9412=ORIENTED_EDGE('',*,*,#2367,.T.);
#9413=ORIENTED_EDGE('',*,*,#2372,.T.);
#9414=ORIENTED_EDGE('',*,*,#2377,.T.);
#9415=EDGE_LOOP('',(#9411,#9412,#9413,#9414));
#9416=FACE_OUTER_BOUND('',#9415,.T.);
#9417=ADVANCED_FACE('',(#9416),#9410,.T.);
#9418=CARTESIAN_POINT('',(0.016796417796780348,0.0005303300858899106,0.08444129451599924));
#9419=DIRECTION('',(-0.18029643639469112,-0.3819837405963251,-0.9064113949765937));
#9420=DIRECTION('',(1,0,0));
#9421=AXIS2_PLACEMENT_3D('',#9418,#9419,#9420);
#9422=PLANE('',#9421);
#9423=ORIENTED_EDGE('',*,*,#2382,.T.);
#9424=ORIENTED_EDGE('',*,*,#2387,.T.);
#9425=ORIENTED_EDGE('',*,*,#2392,.T.);
#9426=ORIENTED_EDGE('',*,*,#2397,.T.);
#9427=EDGE_LOOP('',(#9423,#9424,#9425,#9426));
#9428=FACE_OUTER_BOUND('',#9427,.T.);
#9429=ADVANCED_FACE('',(#9428),#9422,.T.);
#9430=CARTESIAN_POINT('',(0.016650413332784383,0.0012803300858899107,0.08370728050812568));
#9431=DIRECTION('',(-0.07479450127748712,-0.9235890509462895,-0.3760173500661695));
#9432=DIRECTION('',(0.9967369625374594,-0.0807181981439081,0));
#9433=AXIS2_PLACEMENT_3D('',#9430,#9431,#9432);
#9434=PLANE('',#9433);
#9435=ORIENTED_EDGE('',*,*,#2402,.T.);
#9436=ORIENTED_EDGE('',*,*,#2407,.T.);
#9437=ORIENTED_EDGE('',*,*,#2412,.T.);
#9438=ORIENTED_EDGE('',*,*,#2417,.T.);
#9439=EDGE_LOOP('',(#9435,#9436,#9437,#9438));
#9440=FACE_OUTER_BOUND('',#9439,.T.);
#9441=ADVANCED_FACE('',(#9440),#9434,.T.);
#9442=CARTESIAN_POINT('',(0.016443931839634277,0.0012803300858899107,0.08266922794321904));
#9443=DIRECTION('',(0.07479450127748774,-0.9235890509462887,0.3760173500661712));
#9444=DIRECTION('',(0.9967369625374594,0.08071819814390885,0));
#9445=AXIS2_PLACEMENT_3D('',#9442,#9443,#9444);
#9446=PLANE('',#9445);
#9447=ORIENTED_EDGE('',*,*,#2422,.T.);
#9448=ORIENTED_EDGE('',*,*,#2427,.T.);
#9449=ORIENTED_EDGE('',*,*,#2432,.T.);
#9450=ORIENTED_EDGE('',*,*,#2437,.T.);
#9451=EDGE_LOOP('',(#9447,#9448,#9449,#9450));
#9452=FACE_OUTER_BOUND('',#9451,.T.);
#9453=ADVANCED_FACE('',(#9452),#9446,.T.);
#9454=CARTESIAN_POINT('',(0.016297927375638312,0.0005303300858899107,0.08193521393534545));
#9455=DIRECTION('',(0.18029643639469234,-0.3819837405963347,0.9064113949765893));
#9456=DIRECTION('',(1,0,0));
#9457=AXIS2_PLACEMENT_3D('',#9454,#9455,#9456);
#9458=PLANE('',#9457);
#9459=ORIENTED_EDGE('',*,*,#2442,.T.);
#9460=ORIENTED_EDGE('',*,*,#2447,.T.);
#9461=ORIENTED_EDGE('',*,*,#2452,.T.);
#9462=ORIENTED_EDGE('',*,*,#2457,.T.);
#9463=EDGE_LOOP('',(#9459,#9460,#9461,#9462));
#9464=FACE_OUTER_BOUND('',#9463,.T.);
#9465=ADVANCED_FACE('',(#9464),#9458,.T.);
#9466=CARTESIAN_POINT('',(0.016297927375638312,-0.0005303300858899105,0.08193521393534545));
#9467=DIRECTION('',(0.18029643639469234,0.38198374059633444,0.9064113949765895));
#9468=DIRECTION('',(1,0,0));
#9469=AXIS2_PLACEMENT_3D('',#9466,#9467,#9468);
#9470=PLANE('',#9469);
#9471=ORIENTED_EDGE('',*,*,#2462,.T.);
#9472=ORIENTED_EDGE('',*,*,#2467,.T.);
#9473=ORIENTED_EDGE('',*,*,#2472,.T.);
#9474=ORIENTED_EDGE('',*,*,#2477,.T.);
#9475=EDGE_LOOP('',(#9471,#9472,#9473,#9474));
#9476=FACE_OUTER_BOUND('',#9475,.T.);
#9477=ADVANCED_FACE('',(#9476),#9470,.T.);
#9478=CARTESIAN_POINT('',(0.016443931839634277,-0.0012803300858899107,0.08266922794321904));
#9479=DIRECTION('',(0.07479450127748827,0.9235890509462887,0.3760173500661713));
#9480=DIRECTION('',(-0.9967369625374592,0.0807181981439094,0));
#9481=AXIS2_PLACEMENT_3D('',#9478,#9479,#9480);
#9482=PLANE('',#9481);
#9483=ORIENTED_EDGE('',*,*,#2482,.T.);
#9484=ORIENTED_EDGE('',*,*,#2487,.T.);
#9485=ORIENTED_EDGE('',*,*,#2492,.T.);
#9486=ORIENTED_EDGE('',*,*,#2497,.T.);
#9487=EDGE_LOOP('',(#9483,#9484,#9485,#9486));
#9488=FACE_OUTER_BOUND('',#9487,.T.);
#9489=ADVANCED_FACE('',(#9488),#9482,.T.);
#9490=CARTESIAN_POINT('',(0.016650413332784383,-0.001280330085889911,0.08370728050812568));
#9491=DIRECTION('',(-0.0747945012774871,0.9235890509462896,-0.37601735006616915));
#9492=DIRECTION('',(-0.9967369625374594,-0.08071819814390807,0));
#9493=AXIS2_PLACEMENT_3D('',#9490,#9491,#9492);
#9494=PLANE('',#9493);
#9495=ORIENTED_EDGE('',*,*,#2502,.T.);
#9496=ORIENTED_EDGE('',*,*,#2507,.T.);
#9497=ORIENTED_EDGE('',*,*,#2512,.T.);
#9498=ORIENTED_EDGE('',*,*,#2517,.T.);
#9499=EDGE_LOOP('',(#9495,#9496,#9497,#9498));
#9500=FACE_OUTER_BOUND('',#9499,.T.);
#9501=ADVANCED_FACE('',(#9500),#9494,.T.);
#9502=CARTESIAN_POINT('',(0.016796417796780348,-0.0005303300858899108,0.08444129451599924));
#9503=DIRECTION('',(-0.18029643639469106,0.38198374059632495,-0.9064113949765937));
#9504=DIRECTION('',(1,0,0));
#9505=AXIS2_PLACEMENT_3D('',#9502,#9503,#9504);
#9506=PLANE('',#9505);
#9507=ORIENTED_EDGE('',*,*,#2522,.T.);
#9508=ORIENTED_EDGE('',*,*,#2527,.T.);
#9509=ORIENTED_EDGE('',*,*,#2532,.T.);
#9510=ORIENTED_EDGE('',*,*,#2537,.T.);
#9511=EDGE_LOOP('',(#9507,#9508,#9509,#9510));
#9512=FACE_OUTER_BOUND('',#9511,.T.);
#9513=ADVANCED_FACE('',(#9512),#9506,.T.);
#9514=CARTESIAN_POINT('',(0.005630921474800191,0.0005303300858899106,0.08591125999359082));
#9515=DIRECTION('',(-0.06044354741636856,-0.38198374059632584,-0.9221903271536545));
#9516=DIRECTION('',(1,0,0));
#9517=AXIS2_PLACEMENT_3D('',#9514,#9515,#9516);
#9518=PLANE('',#9517);
#9519=ORIENTED_EDGE('',*,*,#2542,.T.);
#9520=ORIENTED_EDGE('',*,*,#2547,.T.);
#9521=ORIENTED_EDGE('',*,*,#2552,.T.);
#9522=ORIENTED_EDGE('',*,*,#2557,.T.);
#9523=EDGE_LOOP('',(#9519,#9520,#9521,#9522));
#9524=FACE_OUTER_BOUND('',#9523,.T.);
#9525=ADVANCED_FACE('',(#9524),#9518,.T.);
#9526=CARTESIAN_POINT('',(0.005581974152717672,0.0012803300858899107,0.08516446817057564));
#9527=DIRECTION('',(-0.025074511037771068,-0.9235890509462891,-0.38256311096124995));
#9528=DIRECTION('',(0.9996316697385466,-0.027138991427933645,0));
#9529=AXIS2_PLACEMENT_3D('',#9526,#9527,#9528);
#9530=PLANE('',#9529);
#9531=ORIENTED_EDGE('',*,*,#2562,.T.);
#9532=ORIENTED_EDGE('',*,*,#2567,.T.);
#9533=ORIENTED_EDGE('',*,*,#2572,.T.);
#9534=ORIENTED_EDGE('',*,*,#2577,.T.);
#9535=EDGE_LOOP('',(#9531,#9532,#9533,#9534));
#9536=FACE_OUTER_BOUND('',#9535,.T.);
#9537=ADVANCED_FACE('',(#9536),#9530,.T.);
#9538=CARTESIAN_POINT('',(0.00551275218598673,0.0012803300858899107,0.08410834504619827));
#9539=DIRECTION('',(0.02507451103776995,-0.9235890509462892,0.3825631109612499));
#9540=DIRECTION('',(0.9996316697385466,0.02713899142793243,0));
#9541=AXIS2_PLACEMENT_3D('',#9538,#9539,#9540);
#9542=PLANE('',#9541);
#9543=ORIENTED_EDGE('',*,*,#2582,.T.);
#9544=ORIENTED_EDGE('',*,*,#2587,.T.);
#9545=ORIENTED_EDGE('',*,*,#2592,.T.);
#9546=ORIENTED_EDGE('',*,*,#2597,.T.);
#9547=EDGE_LOOP('',(#9543,#9544,#9545,#9546));
#9548=FACE_OUTER_BOUND('',#9547,.T.);
#9549=ADVANCED_FACE('',(#9548),#9542,.T.);
#9550=CARTESIAN_POINT('',(0.0054638048639042095,0.0005303300858899107,0.08336155322318307));
#9551=DIRECTION('',(0.06044354741636657,-0.38198374059633106,0.9221903271536523));
#9552=DIRECTION('',(1,0,0));
#9553=AXIS2_PLACEMENT_3D('',#9550,#9551,#9552);
#9554=PLANE('',#9553);
#9555=ORIENTED_EDGE('',*,*,#2602,.T.);
#9556=ORIENTED_EDGE('',*,*,#2607,.T.);
#9557=ORIENTED_EDGE('',*,*,#2612,.T.);
#9558=ORIENTED_EDGE('',*,*,#2617,.T.);
#9559=EDGE_LOOP('',(#9555,#9556,#9557,#9558));
#9560=FACE_OUTER_BOUND('',#9559,.T.);
#9561=ADVANCED_FACE('',(#9560),#9554,.T.);
#9562=CARTESIAN_POINT('',(0.0054638048639042095,-0.0005303300858899105,0.08336155322318309));
#9563=DIRECTION('',(0.060443547416366566,0.381983740596331,0.9221903271536523));
#9564=DIRECTION('',(1,0,0));
#9565=AXIS2_PLACEMENT_3D('',#9562,#9563,#9564);
#9566=PLANE('',#9565);
#9567=ORIENTED_EDGE('',*,*,#2622,.T.);
#9568=ORIENTED_EDGE('',*,*,#2627,.T.);
#9569=ORIENTED_EDGE('',*,*,#2632,.T.);
#9570=ORIENTED_EDGE('',*,*,#2637,.T.);
#9571=EDGE_LOOP('',(#9567,#9568,#9569,#9570));
#9572=FACE_OUTER_BOUND('',#9571,.T.);
#9573=ADVANCED_FACE('',(#9572),#9566,.T.);
#9574=CARTESIAN_POINT('',(0.00551275218598673,-0.0012803300858899107,0.08410834504619825));
#9575=DIRECTION('',(0.025074511037769948,0.9235890509462891,0.38256311096125));
#9576=DIRECTION('',(-0.9996316697385466,0.02713899142793243,0));
#9577=AXIS2_PLACEMENT_3D('',#9574,#9575,#9576);
#9578=PLANE('',#9577);
#9579=ORIENTED_EDGE('',*,*,#2642,.T.);
#9580=ORIENTED_EDGE('',*,*,#2647,.T.);
#9581=ORIENTED_EDGE('',*,*,#2652,.T.);
#9582=ORIENTED_EDGE('',*,*,#2657,.T.);
#9583=EDGE_LOOP('',(#9579,#9580,#9581,#9582));
#9584=FACE_OUTER_BOUND('',#9583,.T.);
#9585=ADVANCED_FACE('',(#9584),#9578,.T.);
#9586=CARTESIAN_POINT('',(0.005581974152717672,-0.001280330085889911,0.08516446817057564));
#9587=DIRECTION('',(-0.025074511037770548,0.9235890509462893,-0.3825631109612497));
#9588=DIRECTION('',(-0.9996316697385466,-0.027138991427933072,0));
#9589=AXIS2_PLACEMENT_3D('',#9586,#9587,#9588);
#9590=PLANE('',#9589);
#9591=ORIENTED_EDGE('',*,*,#2662,.T.);
#9592=ORIENTED_EDGE('',*,*,#2667,.T.);
#9593=ORIENTED_EDGE('',*,*,#2672,.T.);
#9594=ORIENTED_EDGE('',*,*,#2677,.T.);
#9595=EDGE_LOOP('',(#9591,#9592,#9593,#9594));
#9596=FACE_OUTER_BOUND('',#9595,.T.);
#9597=ADVANCED_FACE('',(#9596),#9590,.T.);
#9598=CARTESIAN_POINT('',(0.005630921474800191,-0.0005303300858899108,0.08591125999359082));
#9599=DIRECTION('',(-0.06044354741636853,0.38198374059632567,-0.9221903271536545));
#9600=DIRECTION('',(1,0,0));
#9601=AXIS2_PLACEMENT_3D('',#9598,#9599,#9600);
#9602=PLANE('',#9601);
#9603=ORIENTED_EDGE('',*,*,#2682,.T.);
#9604=ORIENTED_EDGE('',*,*,#2687,.T.);
#9605=ORIENTED_EDGE('',*,*,#2692,.T.);
#9606=ORIENTED_EDGE('',*,*,#2697,.T.);
#9607=EDGE_LOOP('',(#9603,#9604,#9605,#9606));
#9608=FACE_OUTER_BOUND('',#9607,.T.);
#9609=ADVANCED_FACE('',(#9608),#9602,.T.);
#9610=CARTESIAN_POINT('',(-0.005630921474800172,0.0005303300858899106,0.08591125999359082));
#9611=DIRECTION('',(0.060443547416367614,-0.38198374059632584,-0.9221903271536546));
#9612=DIRECTION('',(1,0,0));
#9613=AXIS2_PLACEMENT_3D('',#9610,#9611,#9612);
#9614=PLANE('',#9613);
#9615=ORIENTED_EDGE('',*,*,#2702,.T.);
#9616=ORIENTED_EDGE('',*,*,#2707,.T.);
#9617=ORIENTED_EDGE('',*,*,#2712,.T.);
#9618=ORIENTED_EDGE('',*,*,#2717,.T.);
#9619=EDGE_LOOP('',(#9615,#9616,#9617,#9618));
#9620=FACE_OUTER_BOUND('',#9619,.T.);
#9621=ADVANCED_FACE('',(#9620),#9614,.T.);
#9622=CARTESIAN_POINT('',(-0.005581974152717653,0.0012803300858899107,0.08516446817057564));
#9623=DIRECTION('',(0.025074511037770447,-0.92358905094629,-0.382563110961248));
#9624=DIRECTION('',(0.9996316697385466,0.027138991427932944,0));
#9625=AXIS2_PLACEMENT_3D('',#9622,#9623,#9624);
#9626=PLANE('',#9625);
#9627=ORIENTED_EDGE('',*,*,#2722,.T.);
#9628=ORIENTED_EDGE('',*,*,#2727,.T.);
#9629=ORIENTED_EDGE('',*,*,#2732,.T.);
#9630=ORIENTED_EDGE('',*,*,#2737,.T.);
#9631=EDGE_LOOP('',(#9627,#9628,#9629,#9630));
#9632=FACE_OUTER_BOUND('',#9631,.T.);
#9633=ADVANCED_FACE('',(#9632),#9626,.T.);
#9634=CARTESIAN_POINT('',(-0.0055127521859867105,0.0012803300858899107,0.08410834504619827));
#9635=DIRECTION('',(-0.02507451103776999,-0.9235890509462891,0.38256311096125006));
#9636=DIRECTION('',(0.9996316697385466,-0.027138991427932475,0));
#9637=AXIS2_PLACEMENT_3D('',#9634,#9635,#9636);
#9638=PLANE('',#9637);
#9639=ORIENTED_EDGE('',*,*,#2742,.T.);
#9640=ORIENTED_EDGE('',*,*,#2747,.T.);
#9641=ORIENTED_EDGE('',*,*,#2752,.T.);
#9642=ORIENTED_EDGE('',*,*,#2757,.T.);
#9643=EDGE_LOOP('',(#9639,#9640,#9641,#9642));
#9644=FACE_OUTER_BOUND('',#9643,.T.);
#9645=ADVANCED_FACE('',(#9644),#9638,.T.);
#9646=CARTESIAN_POINT('',(-0.005463804863904191,0.0005303300858899107,0.08336155322318307));
#9647=DIRECTION('',(-0.06044354741636681,-0.3819837405963259,0.9221903271536545));
#9648=DIRECTION('',(1,0,0));
#9649=AXIS2_PLACEMENT_3D('',#9646,#9647,#9648);
#9650=PLANE('',#9649);
#9651=ORIENTED_EDGE('',*,*,#2762,.T.);
#9652=ORIENTED_EDGE('',*,*,#2767,.T.);
#9653=ORIENTED_EDGE('',*,*,#2772,.T.);
#9654=ORIENTED_EDGE('',*,*,#2777,.T.);
#9655=EDGE_LOOP('',(#9651,#9652,#9653,#9654));
#9656=FACE_OUTER_BOUND('',#9655,.T.);
#9657=ADVANCED_FACE('',(#9656),#9650,.T.);
#9658=CARTESIAN_POINT('',(-0.005463804863904191,-0.0005303300858899105,0.08336155322318307));
#9659=DIRECTION('',(-0.0604435474163668,0.3819837405963259,0.9221903271536545));
#9660=DIRECTION('',(1,0,0));
#9661=AXIS2_PLACEMENT_3D('',#9658,#9659,#9660);
#9662=PLANE('',#9661);
#9663=ORIENTED_EDGE('',*,*,#2782,.T.);
#9664=ORIENTED_EDGE('',*,*,#2787,.T.);
#9665=ORIENTED_EDGE('',*,*,#2792,.T.);
#9666=ORIENTED_EDGE('',*,*,#2797,.T.);
#9667=EDGE_LOOP('',(#9663,#9664,#9665,#9666));
#9668=FACE_OUTER_BOUND('',#9667,.T.);
#9669=ADVANCED_FACE('',(#9668),#9662,.T.);
#9670=CARTESIAN_POINT('',(-0.00551275218598671,-0.0012803300858899107,0.08410834504619825));
#9671=DIRECTION('',(-0.025074511037769996,0.9235890509462891,0.3825631109612502));
#9672=DIRECTION('',(-0.9996316697385466,-0.027138991427932482,0));
#9673=AXIS2_PLACEMENT_3D('',#9670,#9671,#9672);
#9674=PLANE('',#9673);
#9675=ORIENTED_EDGE('',*,*,#2802,.T.);
#9676=ORIENTED_EDGE('',*,*,#2807,.T.);
#9677=ORIENTED_EDGE('',*,*,#2812,.T.);
#9678=ORIENTED_EDGE('',*,*,#2817,.T.);
#9679=EDGE_LOOP('',(#9675,#9676,#9677,#9678));
#9680=FACE_OUTER_BOUND('',#9679,.T.);
#9681=ADVANCED_FACE('',(#9680),#9674,.T.);
#9682=CARTESIAN_POINT('',(-0.005581974152717653,-0.001280330085889911,0.08516446817057564));
#9683=DIRECTION('',(0.02507451103777045,0.9235890509462901,-0.3825631109612477));
#9684=DIRECTION('',(-0.9996316697385466,0.027138991427932944,0));
#9685=AXIS2_PLACEMENT_3D('',#9682,#9683,#9684);
#9686=PLANE('',#9685);
#9687=ORIENTED_EDGE('',*,*,#2822,.T.);
#9688=ORIENTED_EDGE('',*,*,#2827,.T.);
#9689=ORIENTED_EDGE('',*,*,#2832,.T.);
#9690=ORIENTED_EDGE('',*,*,#2837,.T.);
#9691=EDGE_LOOP('',(#9687,#9688,#9689,#9690));
#9692=FACE_OUTER_BOUND('',#9691,.T.);
#9693=ADVANCED_FACE('',(#9692),#9686,.T.);
#9694=CARTESIAN_POINT('',(-0.005630921474800172,-0.0005303300858899108,0.08591125999359082));
#9695=DIRECTION('',(0.060443547416367586,0.38198374059632567,-0.9221903271536546));
#9696=DIRECTION('',(1,0,0));
#9697=AXIS2_PLACEMENT_3D('',#9694,#9695,#9696);
#9698=PLANE('',#9697);
#9699=ORIENTED_EDGE('',*,*,#2842,.T.);
#9700=ORIENTED_EDGE('',*,*,#2847,.T.);
#9701=ORIENTED_EDGE('',*,*,#2852,.T.);
#9702=ORIENTED_EDGE('',*,*,#2857,.T.);
#9703=EDGE_LOOP('',(#9699,#9700,#9701,#9702));
#9704=FACE_OUTER_BOUND('',#9703,.T.);
#9705=ADVANCED_FACE('',(#9704),#9698,.T.);
#9706=CARTESIAN_POINT('',(-0.016796417796780337,0.0005303300858899106,0.08444129451599926));
#9707=DIRECTION('',(0.18029643639469156,-0.38198374059632473,-0.9064113949765937));
#9708=DIRECTION('',(1,0,0));
#9709=AXIS2_PLACEMENT_3D('',#9706,#9707,#9708);
#9710=PLANE('',#9709);
#9711=ORIENTED_EDGE('',*,*,#2862,.T.);
#9712=ORIENTED_EDGE('',*,*,#2867,.T.);
#9713=ORIENTED_EDGE('',*,*,#2872,.T.);
#9714=ORIENTED_EDGE('',*,*,#2877,.T.);
#9715=EDGE_LOOP('',(#9711,#9712,#9713,#9714));
#9716=FACE_OUTER_BOUND('',#9715,.T.);
#9717=ADVANCED_FACE('',(#9716),#9710,.T.);
#9718=CARTESIAN_POINT('',(-0.016650413332784376,0.0012803300858899107,0.08370728050812568));
#9719=DIRECTION('',(0.07479450127748692,-0.9235890509462905,-0.3760173500661672));
#9720=DIRECTION('',(0.9967369625374595,0.08071819814390782,0));
#9721=AXIS2_PLACEMENT_3D('',#9718,#9719,#9720);
#9722=PLANE('',#9721);
#9723=ORIENTED_EDGE('',*,*,#2882,.T.);
#9724=ORIENTED_EDGE('',*,*,#2887,.T.);
#9725=ORIENTED_EDGE('',*,*,#2892,.T.);
#9726=ORIENTED_EDGE('',*,*,#2897,.T.);
#9727=EDGE_LOOP('',(#9723,#9724,#9725,#9726));
#9728=FACE_OUTER_BOUND('',#9727,.T.);
#9729=ADVANCED_FACE('',(#9728),#9722,.T.);
#9730=CARTESIAN_POINT('',(-0.016443931839634267,0.0012803300858899107,0.08266922794321904));
#9731=DIRECTION('',(-0.07479450127748752,-0.9235890509462885,0.3760173500661716));
#9732=DIRECTION('',(0.9967369625374594,-0.08071819814390863,0));
#9733=AXIS2_PLACEMENT_3D('',#9730,#9731,#9732);
#9734=PLANE('',#9733);
#9735=ORIENTED_EDGE('',*,*,#2902,.T.);
#9736=ORIENTED_EDGE('',*,*,#2907,.T.);
#9737=ORIENTED_EDGE('',*,*,#2912,.T.);
#9738=ORIENTED_EDGE('',*,*,#2917,.T.);
#9739=EDGE_LOOP('',(#9735,#9736,#9737,#9738));
#9740=FACE_OUTER_BOUND('',#9739,.T.);
#9741=ADVANCED_FACE('',(#9740),#9734,.T.);
#9742=CARTESIAN_POINT('',(-0.016297927375638302,0.0005303300858899107,0.08193521393534545));
#9743=DIRECTION('',(-0.18029643639469217,-0.3819837405963297,0.9064113949765915));
#9744=DIRECTION('',(1,0,0));
#9745=AXIS2_PLACEMENT_3D('',#9742,#9743,#9744);
#9746=PLANE('',#9745);
#9747=ORIENTED_EDGE('',*,*,#2922,.T.);
#9748=ORIENTED_EDGE('',*,*,#2927,.T.);
#9749=ORIENTED_EDGE('',*,*,#2932,.T.);
#9750=ORIENTED_EDGE('',*,*,#2937,.T.);
#9751=EDGE_LOOP('',(#9747,#9748,#9749,#9750));
#9752=FACE_OUTER_BOUND('',#9751,.T.);
#9753=ADVANCED_FACE('',(#9752),#9746,.T.);
#9754=CARTESIAN_POINT('',(-0.016297927375638302,-0.0005303300858899105,0.08193521393534545));
#9755=DIRECTION('',(-0.18029643639469217,0.3819837405963297,0.9064113949765915));
#9756=DIRECTION('',(1,0,0));
#9757=AXIS2_PLACEMENT_3D('',#9754,#9755,#9756);
#9758=PLANE('',#9757);
#9759=ORIENTED_EDGE('',*,*,#2942,.T.);
#9760=ORIENTED_EDGE('',*,*,#2947,.T.);
#9761=ORIENTED_EDGE('',*,*,#2952,.T.);
#9762=ORIENTED_EDGE('',*,*,#2957,.T.);
#9763=EDGE_LOOP('',(#9759,#9760,#9761,#9762));
#9764=FACE_OUTER_BOUND('',#9763,.T.);
#9765=ADVANCED_FACE('',(#9764),#9758,.T.);
#9766=CARTESIAN_POINT('',(-0.016443931839634267,-0.0012803300858899107,0.08266922794321903));
#9767=DIRECTION('',(-0.07479450127748803,0.9235890509462884,0.3760173500661718));
#9768=DIRECTION('',(-0.9967369625374594,-0.08071819814390918,0));
#9769=AXIS2_PLACEMENT_3D('',#9766,#9767,#9768);
#9770=PLANE('',#9769);
#9771=ORIENTED_EDGE('',*,*,#2962,.T.);
#9772=ORIENTED_EDGE('',*,*,#2967,.T.);
#9773=ORIENTED_EDGE('',*,*,#2972,.T.);
#9774=ORIENTED_EDGE('',*,*,#2977,.T.);
#9775=EDGE_LOOP('',(#9771,#9772,#9773,#9774));
#9776=FACE_OUTER_BOUND('',#9775,.T.);
#9777=ADVANCED_FACE('',(#9776),#9770,.T.);
#9778=CARTESIAN_POINT('',(-0.016650413332784372,-0.001280330085889911,0.08370728050812568));
#9779=DIRECTION('',(0.07479450127748641,0.9235890509462906,-0.3760173500661669));
#9780=DIRECTION('',(-0.9967369625374595,0.08071819814390725,0));
#9781=AXIS2_PLACEMENT_3D('',#9778,#9779,#9780);
#9782=PLANE('',#9781);
#9783=ORIENTED_EDGE('',*,*,#2982,.T.);
#9784=ORIENTED_EDGE('',*,*,#2987,.T.);
#9785=ORIENTED_EDGE('',*,*,#2992,.T.);
#9786=ORIENTED_EDGE('',*,*,#2997,.T.);
#9787=EDGE_LOOP('',(#9783,#9784,#9785,#9786));
#9788=FACE_OUTER_BOUND('',#9787,.T.);
#9789=ADVANCED_FACE('',(#9788),#9782,.T.);
#9790=CARTESIAN_POINT('',(-0.016796417796780337,-0.0005303300858899108,0.08444129451599926));
#9791=DIRECTION('',(0.1802964363946915,0.38198374059632456,-0.9064113949765938));
#9792=DIRECTION('',(1,0,0));
#9793=AXIS2_PLACEMENT_3D('',#9790,#9791,#9792);
#9794=PLANE('',#9793);
#9795=ORIENTED_EDGE('',*,*,#3002,.T.);
#9796=ORIENTED_EDGE('',*,*,#3007,.T.);
#9797=ORIENTED_EDGE('',*,*,#3012,.T.);
#9798=ORIENTED_EDGE('',*,*,#3017,.T.);
#9799=EDGE_LOOP('',(#9795,#9796,#9797,#9798));
#9800=FACE_OUTER_BOUND('',#9799,.T.);
#9801=ADVANCED_FACE('',(#9800),#9794,.T.);
#9802=CARTESIAN_POINT('',(-0.0276745227534108,0.0005303300858899106,0.08152651507768913));
#9803=DIRECTION('',(0.2970644033586893,-0.3819837405963289,-0.8751235125267647));
#9804=DIRECTION('',(0.7893863280902411,0.6138967543685226,0));
#9805=AXIS2_PLACEMENT_3D('',#9802,#9803,#9804);
#9806=PLANE('',#9805);
#9807=ORIENTED_EDGE('',*,*,#3022,.T.);
#9808=ORIENTED_EDGE('',*,*,#3027,.T.);
#9809=ORIENTED_EDGE('',*,*,#3032,.T.);
#9810=ORIENTED_EDGE('',*,*,#3037,.T.);
#9811=EDGE_LOOP('',(#9807,#9808,#9809,#9810));
#9812=FACE_OUTER_BOUND('',#9811,.T.);
#9813=ADVANCED_FACE('',(#9812),#9806,.T.);
#9814=CARTESIAN_POINT('',(-0.027433959324360446,0.0012803300858899107,0.080817838068139));
#9815=DIRECTION('',(0.1232347368633938,-0.9235890509462891,-0.3630378280597537));
#9816=DIRECTION('',(0.9912153085581308,0.13225812670686657,0));
#9817=AXIS2_PLACEMENT_3D('',#9814,#9815,#9816);
#9818=PLANE('',#9817);
#9819=ORIENTED_EDGE('',*,*,#3042,.T.);
#9820=ORIENTED_EDGE('',*,*,#3047,.T.);
#9821=ORIENTED_EDGE('',*,*,#3052,.T.);
#9822=ORIENTED_EDGE('',*,*,#3057,.T.);
#9823=EDGE_LOOP('',(#9819,#9820,#9821,#9822));
#9824=FACE_OUTER_BOUND('',#9823,.T.);
#9825=ADVANCED_FACE('',(#9824),#9818,.T.);
#9826=CARTESIAN_POINT('',(-0.027093751260386455,0.0012803300858899107,0.0798156174298912));
#9827=DIRECTION('',(-0.12323473686339391,-0.9235890509462888,0.36303782805975426));
#9828=DIRECTION('',(0.9912153085581308,-0.1322581267068667,0));
#9829=AXIS2_PLACEMENT_3D('',#9826,#9827,#9828);
#9830=PLANE('',#9829);
#9831=ORIENTED_EDGE('',*,*,#3062,.T.);
#9832=ORIENTED_EDGE('',*,*,#3067,.T.);
#9833=ORIENTED_EDGE('',*,*,#3072,.T.);
#9834=ORIENTED_EDGE('',*,*,#3077,.T.);
#9835=EDGE_LOOP('',(#9831,#9832,#9833,#9834));
#9836=FACE_OUTER_BOUND('',#9835,.T.);
#9837=ADVANCED_FACE('',(#9836),#9830,.T.);
#9838=CARTESIAN_POINT('',(-0.026853187831336105,0.0005303300858899107,0.07910694042034105));
#9839=DIRECTION('',(-0.2970644033586873,-0.381983740596334,0.8751235125267631));
#9840=DIRECTION('',(0.789386328090247,-0.613896754368515,0));
#9841=AXIS2_PLACEMENT_3D('',#9838,#9839,#9840);
#9842=PLANE('',#9841);
#9843=ORIENTED_EDGE('',*,*,#3082,.T.);
#9844=ORIENTED_EDGE('',*,*,#3087,.T.);
#9845=ORIENTED_EDGE('',*,*,#3092,.T.);
#9846=ORIENTED_EDGE('',*,*,#3097,.T.);
#9847=EDGE_LOOP('',(#9843,#9844,#9845,#9846));
#9848=FACE_OUTER_BOUND('',#9847,.T.);
#9849=ADVANCED_FACE('',(#9848),#9842,.T.);
#9850=CARTESIAN_POINT('',(-0.026853187831336105,-0.0005303300858899105,0.07910694042034105));
#9851=DIRECTION('',(-0.2970644033586873,0.381983740596334,0.8751235125267631));
#9852=DIRECTION('',(-0.789386328090247,-0.613896754368515,0));
#9853=AXIS2_PLACEMENT_3D('',#9850,#9851,#9852);
#9854=PLANE('',#9853);
#9855=ORIENTED_EDGE('',*,*,#3102,.T.);
#9856=ORIENTED_EDGE('',*,*,#3107,.T.);
#9857=ORIENTED_EDGE('',*,*,#3112,.T.);
#9858=ORIENTED_EDGE('',*,*,#3117,.T.);
#9859=EDGE_LOOP('',(#9855,#9856,#9857,#9858));
#9860=FACE_OUTER_BOUND('',#9859,.T.);
#9861=ADVANCED_FACE('',(#9860),#9854,.T.);
#9862=CARTESIAN_POINT('',(-0.027093751260386458,-0.0012803300858899107,0.07981561742989118));
#9863=DIRECTION('',(-0.12323473686339322,0.9235890509462887,0.363037828059754));
#9864=DIRECTION('',(-0.9912153085581309,-0.132258126706866,0));
#9865=AXIS2_PLACEMENT_3D('',#9862,#9863,#9864);
#9866=PLANE('',#9865);
#9867=ORIENTED_EDGE('',*,*,#3122,.T.);
#9868=ORIENTED_EDGE('',*,*,#3127,.T.);
#9869=ORIENTED_EDGE('',*,*,#3132,.T.);
#9870=ORIENTED_EDGE('',*,*,#3137,.T.);
#9871=EDGE_LOOP('',(#9867,#9868,#9869,#9870));
#9872=FACE_OUTER_BOUND('',#9871,.T.);
#9873=ADVANCED_FACE('',(#9872),#9866,.T.);
#9874=CARTESIAN_POINT('',(-0.027433959324360442,-0.001280330085889911,0.080817838068139));
#9875=DIRECTION('',(0.12323473686339381,0.9235890509462892,-0.3630378280597534));
#9876=DIRECTION('',(-0.9912153085581308,0.13225812670686657,0));
#9877=AXIS2_PLACEMENT_3D('',#9874,#9875,#9876);
#9878=PLANE('',#9877);
#9879=ORIENTED_EDGE('',*,*,#3142,.T.);
#9880=ORIENTED_EDGE('',*,*,#3147,.T.);
#9881=ORIENTED_EDGE('',*,*,#3152,.T.);
#9882=ORIENTED_EDGE('',*,*,#3157,.T.);
#9883=EDGE_LOOP('',(#9879,#9880,#9881,#9882));
#9884=FACE_OUTER_BOUND('',#9883,.T.);
#9885=ADVANCED_FACE('',(#9884),#9878,.T.);
#9886=CARTESIAN_POINT('',(-0.0276745227534108,-0.0005303300858899108,0.08152651507768913));
#9887=DIRECTION('',(0.2970644033586892,0.3819837405963288,-0.8751235125267648));
#9888=DIRECTION('',(-0.7893863280902411,0.6138967543685228,0));
#9889=AXIS2_PLACEMENT_3D('',#9886,#9887,#9888);
#9890=PLANE('',#9889);
#9891=ORIENTED_EDGE('',*,*,#3162,.T.);
#9892=ORIENTED_EDGE('',*,*,#3167,.T.);
#9893=ORIENTED_EDGE('',*,*,#3172,.T.);
#9894=ORIENTED_EDGE('',*,*,#3177,.T.);
#9895=EDGE_LOOP('',(#9891,#9892,#9893,#9894));
#9896=FACE_OUTER_BOUND('',#9895,.T.);
#9897=ADVANCED_FACE('',(#9896),#9890,.T.);
#9898=CARTESIAN_POINT('',(-0.038079108952903104,0.0005303300858899106,0.07721679436297947));
#9899=DIRECTION('',(0.4087495160194017,-0.38198374059633006,-0.8288620241475299));
#9900=DIRECTION('',(0.6827806594833321,0.7306234125974242,0));
#9901=AXIS2_PLACEMENT_3D('',#9898,#9899,#9900);
#9902=PLANE('',#9901);
#9903=ORIENTED_EDGE('',*,*,#3182,.T.);
#9904=ORIENTED_EDGE('',*,*,#3187,.T.);
#9905=ORIENTED_EDGE('',*,*,#3192,.T.);
#9906=ORIENTED_EDGE('',*,*,#3197,.T.);
#9907=EDGE_LOOP('',(#9903,#9904,#9905,#9906));
#9908=FACE_OUTER_BOUND('',#9907,.T.);
#9909=ADVANCED_FACE('',(#9908),#9902,.T.);
#9910=CARTESIAN_POINT('',(-0.0377481026657662,0.0012803300858899107,0.07654558001186858));
#9911=DIRECTION('',(0.1695663919344423,-0.9235890509462888,-0.34384662816213357));
#9912=DIRECTION('',(0.9835608652105956,0.18057692107848303,0));
#9913=AXIS2_PLACEMENT_3D('',#9910,#9911,#9912);
#9914=PLANE('',#9913);
#9915=ORIENTED_EDGE('',*,*,#3202,.T.);
#9916=ORIENTED_EDGE('',*,*,#3207,.T.);
#9917=ORIENTED_EDGE('',*,*,#3212,.T.);
#9918=ORIENTED_EDGE('',*,*,#3217,.T.);
#9919=EDGE_LOOP('',(#9915,#9916,#9917,#9918));
#9920=FACE_OUTER_BOUND('',#9919,.T.);
#9921=ADVANCED_FACE('',(#9920),#9914,.T.);
#9922=CARTESIAN_POINT('',(-0.03727998908526642,0.0012803300858899107,0.0755963395732681));
#9923=DIRECTION('',(-0.1695663919344426,-0.9235890509462895,0.3438466281621318));
#9924=DIRECTION('',(0.9835608652105956,-0.1805769210784832,0));
#9925=AXIS2_PLACEMENT_3D('',#9922,#9923,#9924);
#9926=PLANE('',#9925);
#9927=ORIENTED_EDGE('',*,*,#3222,.T.);
#9928=ORIENTED_EDGE('',*,*,#3227,.T.);
#9929=ORIENTED_EDGE('',*,*,#3232,.T.);
#9930=ORIENTED_EDGE('',*,*,#3237,.T.);
#9931=EDGE_LOOP('',(#9927,#9928,#9929,#9930));
#9932=FACE_OUTER_BOUND('',#9931,.T.);
#9933=ADVANCED_FACE('',(#9932),#9926,.T.);
#9934=CARTESIAN_POINT('',(-0.03694898279812951,0.0005303300858899107,0.0749251252221572));
#9935=DIRECTION('',(-0.40874951601940346,-0.38198374059632756,0.8288620241475303));
#9936=DIRECTION('',(0.6827806594833282,-0.730623412597428,0));
#9937=AXIS2_PLACEMENT_3D('',#9934,#9935,#9936);
#9938=PLANE('',#9937);
#9939=ORIENTED_EDGE('',*,*,#3242,.T.);
#9940=ORIENTED_EDGE('',*,*,#3247,.T.);
#9941=ORIENTED_EDGE('',*,*,#3252,.T.);
#9942=ORIENTED_EDGE('',*,*,#3257,.T.);
#9943=EDGE_LOOP('',(#9939,#9940,#9941,#9942));
#9944=FACE_OUTER_BOUND('',#9943,.T.);
#9945=ADVANCED_FACE('',(#9944),#9938,.T.);
#9946=CARTESIAN_POINT('',(-0.036948982798129505,-0.0005303300858899105,0.0749251252221572));
#9947=DIRECTION('',(-0.4087495160194034,0.3819837405963275,0.8288620241475303));
#9948=DIRECTION('',(-0.6827806594833281,-0.7306234125974279,0));
#9949=AXIS2_PLACEMENT_3D('',#9946,#9947,#9948);
#9950=PLANE('',#9949);
#9951=ORIENTED_EDGE('',*,*,#3262,.T.);
#9952=ORIENTED_EDGE('',*,*,#3267,.T.);
#9953=ORIENTED_EDGE('',*,*,#3272,.T.);
#9954=ORIENTED_EDGE('',*,*,#3277,.T.);
#9955=EDGE_LOOP('',(#9951,#9952,#9953,#9954));
#9956=FACE_OUTER_BOUND('',#9955,.T.);
#9957=ADVANCED_FACE('',(#9956),#9950,.T.);
#9958=CARTESIAN_POINT('',(-0.03727998908526642,-0.0012803300858899107,0.0755963395732681));
#9959=DIRECTION('',(-0.16956639193444256,0.9235890509462894,0.3438466281621319));
#9960=DIRECTION('',(-0.9835608652105956,-0.18057692107848317,0));
#9961=AXIS2_PLACEMENT_3D('',#9958,#9959,#9960);
#9962=PLANE('',#9961);
#9963=ORIENTED_EDGE('',*,*,#3282,.T.);
#9964=ORIENTED_EDGE('',*,*,#3287,.T.);
#9965=ORIENTED_EDGE('',*,*,#3292,.T.);
#9966=ORIENTED_EDGE('',*,*,#3297,.T.);
#9967=EDGE_LOOP('',(#9963,#9964,#9965,#9966));
#9968=FACE_OUTER_BOUND('',#9967,.T.);
#9969=ADVANCED_FACE('',(#9968),#9962,.T.);
#9970=CARTESIAN_POINT('',(-0.0377481026657662,-0.001280330085889911,0.07654558001186858));
#9971=DIRECTION('',(0.16956639193444234,0.923589050946289,-0.34384662816213307));
#9972=DIRECTION('',(-0.9835608652105956,0.18057692107848303,0));
#9973=AXIS2_PLACEMENT_3D('',#9970,#9971,#9972);
#9974=PLANE('',#9973);
#9975=ORIENTED_EDGE('',*,*,#3302,.T.);
#9976=ORIENTED_EDGE('',*,*,#3307,.T.);
#9977=ORIENTED_EDGE('',*,*,#3312,.T.);
#9978=ORIENTED_EDGE('',*,*,#3317,.T.);
#9979=EDGE_LOOP('',(#9975,#9976,#9977,#9978));
#9980=FACE_OUTER_BOUND('',#9979,.T.);
#9981=ADVANCED_FACE('',(#9980),#9974,.T.);
#9982=CARTESIAN_POINT('',(-0.038079108952903104,-0.0005303300858899108,0.07721679436297949));
#9983=DIRECTION('',(0.40874951601940157,0.38198374059632995,-0.8288620241475301));
#9984=DIRECTION('',(-0.6827806594833322,0.7306234125974244,0));
#9985=AXIS2_PLACEMENT_3D('',#9982,#9983,#9984);
#9986=PLANE('',#9985);
#9987=ORIENTED_EDGE('',*,*,#3322,.T.);
#9988=ORIENTED_EDGE('',*,*,#3327,.T.);
#9989=ORIENTED_EDGE('',*,*,#3332,.T.);
#9990=ORIENTED_EDGE('',*,*,#3337,.T.);
#9991=EDGE_LOOP('',(#9987,#9988,#9989,#9990));
#9992=FACE_OUTER_BOUND('',#9991,.T.);
#9993=ADVANCED_FACE('',(#9992),#9986,.T.);
#9994=CARTESIAN_POINT('',(-0.0478321510406877,0.0005303300858899106,0.0715858728881793));
#9995=DIRECTION('',(0.5134408111342494,-0.38198374059633,-0.7684184767311623));
#9996=DIRECTION('',(0.5968983827585673,0.8023168455543027,0));
#9997=AXIS2_PLACEMENT_3D('',#9994,#9995,#9996);
#9998=PLANE('',#9997);
#9999=ORIENTED_EDGE('',*,*,#3342,.T.);
#10000=ORIENTED_EDGE('',*,*,#3347,.T.);
#10001=ORIENTED_EDGE('',*,*,#3352,.T.);
#10002=ORIENTED_EDGE('',*,*,#3357,.T.);
#10003=EDGE_LOOP('',(#9999,#10000,#10001,#10002));
#10004=FACE_OUTER_BOUND('',#10003,.T.);
#10005=ADVANCED_FACE('',(#10004),#9998,.T.);
#10006=CARTESIAN_POINT('',(-0.04741636550480943,0.0012803300858899107,0.07096360585915092));
#10007=DIRECTION('',(0.2129967190268076,-0.9235890509462893,-0.31877211712436193));
#10008=DIRECTION('',(0.9744233669033314,0.22472005258270933,0));
#10009=AXIS2_PLACEMENT_3D('',#10006,#10007,#10008);
#10010=PLANE('',#10009);
#10011=ORIENTED_EDGE('',*,*,#3362,.T.);
#10012=ORIENTED_EDGE('',*,*,#3367,.T.);
#10013=ORIENTED_EDGE('',*,*,#3372,.T.);
#10014=ORIENTED_EDGE('',*,*,#3377,.T.);
#10015=EDGE_LOOP('',(#10011,#10012,#10013,#10014));
#10016=FACE_OUTER_BOUND('',#10015,.T.);
#10017=ADVANCED_FACE('',(#10016),#10010,.T.);
#10018=CARTESIAN_POINT('',(-0.046828355960931815,0.0012803300858899107,0.07008358738728138));
#10019=DIRECTION('',(-0.21299671902680556,-0.9235890509462902,0.3187721171243606));
#10020=DIRECTION('',(0.9744233669033319,-0.22472005258270705,0));
#10021=AXIS2_PLACEMENT_3D('',#10018,#10019,#10020);
#10022=PLANE('',#10021);
#10023=ORIENTED_EDGE('',*,*,#3382,.T.);
#10024=ORIENTED_EDGE('',*,*,#3387,.T.);
#10025=ORIENTED_EDGE('',*,*,#3392,.T.);
#10026=ORIENTED_EDGE('',*,*,#3397,.T.);
#10027=EDGE_LOOP('',(#10023,#10024,#10025,#10026));
#10028=FACE_OUTER_BOUND('',#10027,.T.);
#10029=ADVANCED_FACE('',(#10028),#10022,.T.);
#10030=CARTESIAN_POINT('',(-0.04641257042505354,0.0005303300858899107,0.069461320358253));
#10031=DIRECTION('',(-0.513440811134252,-0.3819837405963191,0.7684184767311658));
#10032=DIRECTION('',(0.5968983827585544,-0.8023168455543123,0));
#10033=AXIS2_PLACEMENT_3D('',#10030,#10031,#10032);
#10034=PLANE('',#10033);
#10035=ORIENTED_EDGE('',*,*,#3402,.T.);
#10036=ORIENTED_EDGE('',*,*,#3407,.T.);
#10037=ORIENTED_EDGE('',*,*,#3412,.T.);
#10038=ORIENTED_EDGE('',*,*,#3417,.T.);
#10039=EDGE_LOOP('',(#10035,#10036,#10037,#10038));
#10040=FACE_OUTER_BOUND('',#10039,.T.);
#10041=ADVANCED_FACE('',(#10040),#10034,.T.);
#10042=CARTESIAN_POINT('',(-0.04641257042505354,-0.0005303300858899105,0.069461320358253));
#10043=DIRECTION('',(-0.5134408111342519,0.38198374059631907,0.7684184767311659));
#10044=DIRECTION('',(-0.5968983827585546,-0.8023168455543122,0));
#10045=AXIS2_PLACEMENT_3D('',#10042,#10043,#10044);
#10046=PLANE('',#10045);
#10047=ORIENTED_EDGE('',*,*,#3422,.T.);
#10048=ORIENTED_EDGE('',*,*,#3427,.T.);
#10049=ORIENTED_EDGE('',*,*,#3432,.T.);
#10050=ORIENTED_EDGE('',*,*,#3437,.T.);
#10051=EDGE_LOOP('',(#10047,#10048,#10049,#10050));
#10052=FACE_OUTER_BOUND('',#10051,.T.);
#10053=ADVANCED_FACE('',(#10052),#10046,.T.);
#10054=CARTESIAN_POINT('',(-0.04682835596093181,-0.0012803300858899107,0.07008358738728138));
#10055=DIRECTION('',(-0.21299671902680578,0.9235890509462901,0.3187721171243607));
#10056=DIRECTION('',(-0.9744233669033319,-0.22472005258270733,0));
#10057=AXIS2_PLACEMENT_3D('',#10054,#10055,#10056);
#10058=PLANE('',#10057);
#10059=ORIENTED_EDGE('',*,*,#3442,.T.);
#10060=ORIENTED_EDGE('',*,*,#3447,.T.);
#10061=ORIENTED_EDGE('',*,*,#3452,.T.);
#10062=ORIENTED_EDGE('',*,*,#3457,.T.);
#10063=EDGE_LOOP('',(#10059,#10060,#10061,#10062));
#10064=FACE_OUTER_BOUND('',#10063,.T.);
#10065=ADVANCED_FACE('',(#10064),#10058,.T.);
#10066=CARTESIAN_POINT('',(-0.047416365504809425,-0.001280330085889911,0.07096360585915092));
#10067=DIRECTION('',(0.2129967190268071,0.9235890509462894,-0.3187721171243617));
#10068=DIRECTION('',(-0.9744233669033315,0.2247200525827088,0));
#10069=AXIS2_PLACEMENT_3D('',#10066,#10067,#10068);
#10070=PLANE('',#10069);
#10071=ORIENTED_EDGE('',*,*,#3462,.T.);
#10072=ORIENTED_EDGE('',*,*,#3467,.T.);
#10073=ORIENTED_EDGE('',*,*,#3472,.T.);
#10074=ORIENTED_EDGE('',*,*,#3477,.T.);
#10075=EDGE_LOOP('',(#10071,#10072,#10073,#10074));
#10076=FACE_OUTER_BOUND('',#10075,.T.);
#10077=ADVANCED_FACE('',(#10076),#10070,.T.);
#10078=CARTESIAN_POINT('',(-0.0478321510406877,-0.0005303300858899108,0.0715858728881793));
#10079=DIRECTION('',(0.5134408111342501,0.38198374059632967,-0.7684184767311619));
#10080=DIRECTION('',(-0.5968983827585665,0.8023168455543033,0));
#10081=AXIS2_PLACEMENT_3D('',#10078,#10079,#10080);
#10082=PLANE('',#10081);
#10083=ORIENTED_EDGE('',*,*,#3482,.T.);
#10084=ORIENTED_EDGE('',*,*,#3487,.T.);
#10085=ORIENTED_EDGE('',*,*,#3492,.T.);
#10086=ORIENTED_EDGE('',*,*,#3497,.T.);
#10087=EDGE_LOOP('',(#10083,#10084,#10085,#10086));
#10088=FACE_OUTER_BOUND('',#10087,.T.);
#10089=ADVANCED_FACE('',(#10088),#10082,.T.);
#10090=CARTESIAN_POINT('',(-0.056766771762588444,0.0005303300858899106,0.0647300972809088));
#10091=DIRECTION('',(0.609346991617904,-0.3819837405963332,-0.6948270761320713));
#10092=DIRECTION('',(0.5311402102178354,0.8472839412438747,0));
#10093=AXIS2_PLACEMENT_3D('',#10090,#10091,#10092);
#10094=PLANE('',#10093);
#10095=ORIENTED_EDGE('',*,*,#3502,.T.);
#10096=ORIENTED_EDGE('',*,*,#3507,.T.);
#10097=ORIENTED_EDGE('',*,*,#3512,.T.);
#10098=ORIENTED_EDGE('',*,*,#3517,.T.);
#10099=EDGE_LOOP('',(#10095,#10096,#10097,#10098));
#10100=FACE_OUTER_BOUND('',#10099,.T.);
#10101=ADVANCED_FACE('',(#10100),#10094,.T.);
#10102=CARTESIAN_POINT('',(-0.056273321183765226,0.0012803300858899107,0.06416742473535461));
#10103=DIRECTION('',(0.2527826132027772,-0.9235890509462888,-0.2882433267822664));
#10104=DIRECTION('',(0.9645262490051428,0.2639869598674699,0));
#10105=AXIS2_PLACEMENT_3D('',#10102,#10103,#10104);
#10106=PLANE('',#10105);
#10107=ORIENTED_EDGE('',*,*,#3522,.T.);
#10108=ORIENTED_EDGE('',*,*,#3527,.T.);
#10109=ORIENTED_EDGE('',*,*,#3532,.T.);
#10110=ORIENTED_EDGE('',*,*,#3537,.T.);
#10111=EDGE_LOOP('',(#10107,#10108,#10109,#10110));
#10112=FACE_OUTER_BOUND('',#10111,.T.);
#10113=ADVANCED_FACE('',(#10112),#10106,.T.);
#10114=CARTESIAN_POINT('',(-0.05557547668283257,0.0012803300858899107,0.06337168559025692));
#10115=DIRECTION('',(-0.2527826132027744,-0.9235890509462906,0.28824332678226305));
#10116=DIRECTION('',(0.9645262490051437,-0.26398695986746673,0));
#10117=AXIS2_PLACEMENT_3D('',#10114,#10115,#10116);
#10118=PLANE('',#10117);
#10119=ORIENTED_EDGE('',*,*,#3542,.T.);
#10120=ORIENTED_EDGE('',*,*,#3547,.T.);
#10121=ORIENTED_EDGE('',*,*,#3552,.T.);
#10122=ORIENTED_EDGE('',*,*,#3557,.T.);
#10123=EDGE_LOOP('',(#10119,#10120,#10121,#10122));
#10124=FACE_OUTER_BOUND('',#10123,.T.);
#10125=ADVANCED_FACE('',(#10124),#10118,.T.);
#10126=CARTESIAN_POINT('',(-0.05508202610400934,0.0005303300858899107,0.06280901304470275));
#10127=DIRECTION('',(-0.6093469916179074,-0.38198374059632073,0.6948270761320753));
#10128=DIRECTION('',(0.5311402102178208,-0.8472839412438838,0));
#10129=AXIS2_PLACEMENT_3D('',#10126,#10127,#10128);
#10130=PLANE('',#10129);
#10131=ORIENTED_EDGE('',*,*,#3562,.T.);
#10132=ORIENTED_EDGE('',*,*,#3567,.T.);
#10133=ORIENTED_EDGE('',*,*,#3572,.T.);
#10134=ORIENTED_EDGE('',*,*,#3577,.T.);
#10135=EDGE_LOOP('',(#10131,#10132,#10133,#10134));
#10136=FACE_OUTER_BOUND('',#10135,.T.);
#10137=ADVANCED_FACE('',(#10136),#10130,.T.);
#10138=CARTESIAN_POINT('',(-0.05508202610400935,-0.0005303300858899105,0.06280901304470275));
#10139=DIRECTION('',(-0.6093469916179073,0.3819837405963207,0.6948270761320753));
#10140=DIRECTION('',(-0.5311402102178208,-0.847283941243884,0));
#10141=AXIS2_PLACEMENT_3D('',#10138,#10139,#10140);
#10142=PLANE('',#10141);
#10143=ORIENTED_EDGE('',*,*,#3582,.T.);
#10144=ORIENTED_EDGE('',*,*,#3587,.T.);
#10145=ORIENTED_EDGE('',*,*,#3592,.T.);
#10146=ORIENTED_EDGE('',*,*,#3597,.T.);
#10147=EDGE_LOOP('',(#10143,#10144,#10145,#10146));
#10148=FACE_OUTER_BOUND('',#10147,.T.);
#10149=ADVANCED_FACE('',(#10148),#10142,.T.);
#10150=CARTESIAN_POINT('',(-0.05557547668283257,-0.0012803300858899107,0.06337168559025692));
#10151=DIRECTION('',(-0.2527826132027747,0.9235890509462906,0.28824332678226305));
#10152=DIRECTION('',(-0.9645262490051437,-0.263986959867467,0));
#10153=AXIS2_PLACEMENT_3D('',#10150,#10151,#10152);
#10154=PLANE('',#10153);
#10155=ORIENTED_EDGE('',*,*,#3602,.T.);
#10156=ORIENTED_EDGE('',*,*,#3607,.T.);
#10157=ORIENTED_EDGE('',*,*,#3612,.T.);
#10158=ORIENTED_EDGE('',*,*,#3617,.T.);
#10159=EDGE_LOOP('',(#10155,#10156,#10157,#10158));
#10160=FACE_OUTER_BOUND('',#10159,.T.);
#10161=ADVANCED_FACE('',(#10160),#10154,.T.);
#10162=CARTESIAN_POINT('',(-0.056273321183765226,-0.001280330085889911,0.06416742473535463));
#10163=DIRECTION('',(0.2527826132027772,0.923589050946289,-0.28824332678226616));
#10164=DIRECTION('',(-0.9645262490051428,0.2639869598674699,0));
#10165=AXIS2_PLACEMENT_3D('',#10162,#10163,#10164);
#10166=PLANE('',#10165);
#10167=ORIENTED_EDGE('',*,*,#3622,.T.);
#10168=ORIENTED_EDGE('',*,*,#3627,.T.);
#10169=ORIENTED_EDGE('',*,*,#3632,.T.);
#10170=ORIENTED_EDGE('',*,*,#3637,.T.);
#10171=EDGE_LOOP('',(#10167,#10168,#10169,#10170));
#10172=FACE_OUTER_BOUND('',#10171,.T.);
#10173=ADVANCED_FACE('',(#10172),#10166,.T.);
#10174=CARTESIAN_POINT('',(-0.05676677176258845,-0.0005303300858899108,0.06473009728090878));
#10175=DIRECTION('',(0.6093469916179048,0.38198374059632967,-0.6948270761320726));
#10176=DIRECTION('',(-0.5311402102178313,0.8472839412438773,0));
#10177=AXIS2_PLACEMENT_3D('',#10174,#10175,#10176);
#10178=PLANE('',#10177);
#10179=ORIENTED_EDGE('',*,*,#3642,.T.);
#10180=ORIENTED_EDGE('',*,*,#3647,.T.);
#10181=ORIENTED_EDGE('',*,*,#3652,.T.);
#10182=ORIENTED_EDGE('',*,*,#3657,.T.);
#10183=EDGE_LOOP('',(#10179,#10180,#10181,#10182));
#10184=FACE_OUTER_BOUND('',#10183,.T.);
#10185=ADVANCED_FACE('',(#10184),#10178,.T.);
#10186=CARTESIAN_POINT('',(-0.06473009728090878,0.0005303300858899106,0.05676677176258847));
#10187=DIRECTION('',(0.6948270761320686,-0.38198374059634177,-0.6093469916179016));
#10188=DIRECTION('',(0.481753018461381,0.8763070404848682,0));
#10189=AXIS2_PLACEMENT_3D('',#10186,#10187,#10188);
#10190=PLANE('',#10189);
#10191=ORIENTED_EDGE('',*,*,#3662,.T.);
#10192=ORIENTED_EDGE('',*,*,#3667,.T.);
#10193=ORIENTED_EDGE('',*,*,#3672,.T.);
#10194=ORIENTED_EDGE('',*,*,#3677,.T.);
#10195=EDGE_LOOP('',(#10191,#10192,#10193,#10194));
#10196=FACE_OUTER_BOUND('',#10195,.T.);
#10197=ADVANCED_FACE('',(#10196),#10190,.T.);
#10198=CARTESIAN_POINT('',(-0.0641674247353546,0.0012803300858899107,0.05627332118376524));
#10199=DIRECTION('',(0.288243326782268,-0.923589050946288,-0.2527826132027792));
#10200=DIRECTION('',(0.9545912136273068,0.2979188058272677,0));
#10201=AXIS2_PLACEMENT_3D('',#10198,#10199,#10200);
#10202=PLANE('',#10201);
#10203=ORIENTED_EDGE('',*,*,#3682,.T.);
#10204=ORIENTED_EDGE('',*,*,#3687,.T.);
#10205=ORIENTED_EDGE('',*,*,#3692,.T.);
#10206=ORIENTED_EDGE('',*,*,#3697,.T.);
#10207=EDGE_LOOP('',(#10203,#10204,#10205,#10206));
#10208=FACE_OUTER_BOUND('',#10207,.T.);
#10209=ADVANCED_FACE('',(#10208),#10202,.T.);
#10210=CARTESIAN_POINT('',(-0.06337168559025691,0.0012803300858899107,0.05557547668283258));
#10211=DIRECTION('',(-0.28824332678226494,-0.9235890509462897,0.25278261320277634));
#10212=DIRECTION('',(0.954591213627308,-0.2979188058272643,0));
#10213=AXIS2_PLACEMENT_3D('',#10210,#10211,#10212);
#10214=PLANE('',#10213);
#10215=ORIENTED_EDGE('',*,*,#3702,.T.);
#10216=ORIENTED_EDGE('',*,*,#3707,.T.);
#10217=ORIENTED_EDGE('',*,*,#3712,.T.);
#10218=ORIENTED_EDGE('',*,*,#3717,.T.);
#10219=EDGE_LOOP('',(#10215,#10216,#10217,#10218));
#10220=FACE_OUTER_BOUND('',#10219,.T.);
#10221=ADVANCED_FACE('',(#10220),#10214,.T.);
#10222=CARTESIAN_POINT('',(-0.06280901304470274,0.0005303300858899107,0.055082026104009356));
#10223=DIRECTION('',(-0.6948270761320745,-0.3819837405963223,0.6093469916179072));
#10224=DIRECTION('',(0.48175301846135893,-0.8763070404848802,0));
#10225=AXIS2_PLACEMENT_3D('',#10222,#10223,#10224);
#10226=PLANE('',#10225);
#10227=ORIENTED_EDGE('',*,*,#3722,.T.);
#10228=ORIENTED_EDGE('',*,*,#3727,.T.);
#10229=ORIENTED_EDGE('',*,*,#3732,.T.);
#10230=ORIENTED_EDGE('',*,*,#3737,.T.);
#10231=EDGE_LOOP('',(#10227,#10228,#10229,#10230));
#10232=FACE_OUTER_BOUND('',#10231,.T.);
#10233=ADVANCED_FACE('',(#10232),#10226,.T.);
#10234=CARTESIAN_POINT('',(-0.06280901304470275,-0.0005303300858899105,0.055082026104009356));
#10235=DIRECTION('',(-0.6948270761320747,0.38198374059632206,0.6093469916179071));
#10236=DIRECTION('',(-0.48175301846135865,-0.8763070404848804,0));
#10237=AXIS2_PLACEMENT_3D('',#10234,#10235,#10236);
#10238=PLANE('',#10237);
#10239=ORIENTED_EDGE('',*,*,#3742,.T.);
#10240=ORIENTED_EDGE('',*,*,#3747,.T.);
#10241=ORIENTED_EDGE('',*,*,#3752,.T.);
#10242=ORIENTED_EDGE('',*,*,#3757,.T.);
#10243=EDGE_LOOP('',(#10239,#10240,#10241,#10242));
#10244=FACE_OUTER_BOUND('',#10243,.T.);
#10245=ADVANCED_FACE('',(#10244),#10238,.T.);
#10246=CARTESIAN_POINT('',(-0.06337168559025691,-0.0012803300858899107,0.05557547668283258));
#10247=DIRECTION('',(-0.2882433267822649,0.9235890509462896,0.2527826132027764));
#10248=DIRECTION('',(-0.954591213627308,-0.2979188058272643,0));
#10249=AXIS2_PLACEMENT_3D('',#10246,#10247,#10248);
#10250=PLANE('',#10249);
#10251=ORIENTED_EDGE('',*,*,#3762,.T.);
#10252=ORIENTED_EDGE('',*,*,#3767,.T.);
#10253=ORIENTED_EDGE('',*,*,#3772,.T.);
#10254=ORIENTED_EDGE('',*,*,#3777,.T.);
#10255=EDGE_LOOP('',(#10251,#10252,#10253,#10254));
#10256=FACE_OUTER_BOUND('',#10255,.T.);
#10257=ADVANCED_FACE('',(#10256),#10250,.T.);
#10258=CARTESIAN_POINT('',(-0.06416742473535461,-0.001280330085889911,0.05627332118376524));
#10259=DIRECTION('',(0.2882433267822678,0.9235890509462881,-0.25278261320277895));
#10260=DIRECTION('',(-0.9545912136273069,0.2979188058272675,0));
#10261=AXIS2_PLACEMENT_3D('',#10258,#10259,#10260);
#10262=PLANE('',#10261);
#10263=ORIENTED_EDGE('',*,*,#3782,.T.);
#10264=ORIENTED_EDGE('',*,*,#3787,.T.);
#10265=ORIENTED_EDGE('',*,*,#3792,.T.);
#10266=ORIENTED_EDGE('',*,*,#3797,.T.);
#10267=EDGE_LOOP('',(#10263,#10264,#10265,#10266));
#10268=FACE_OUTER_BOUND('',#10267,.T.);
#10269=ADVANCED_FACE('',(#10268),#10262,.T.);
#10270=CARTESIAN_POINT('',(-0.06473009728090878,-0.0005303300858899108,0.05676677176258847));
#10271=DIRECTION('',(0.6948270761320688,0.3819837405963416,-0.6093469916179016));
#10272=DIRECTION('',(-0.48175301846138074,0.8763070404848683,0));
#10273=AXIS2_PLACEMENT_3D('',#10270,#10271,#10272);
#10274=PLANE('',#10273);
#10275=ORIENTED_EDGE('',*,*,#3802,.T.);
#10276=ORIENTED_EDGE('',*,*,#3807,.T.);
#10277=ORIENTED_EDGE('',*,*,#3812,.T.);
#10278=ORIENTED_EDGE('',*,*,#3817,.T.);
#10279=EDGE_LOOP('',(#10275,#10276,#10277,#10278));
#10280=FACE_OUTER_BOUND('',#10279,.T.);
#10281=ADVANCED_FACE('',(#10280),#10274,.T.);
#10282=CARTESIAN_POINT('',(-0.07158587288817929,0.0005303300858899106,0.04783215104068771));
#10283=DIRECTION('',(0.7684184767311623,-0.3819837405963295,-0.5134408111342499));
#10284=DIRECTION('',(0.44513763842104753,0.8954621616020035,0));
#10285=AXIS2_PLACEMENT_3D('',#10282,#10283,#10284);
#10286=PLANE('',#10285);
#10287=ORIENTED_EDGE('',*,*,#3822,.T.);
#10288=ORIENTED_EDGE('',*,*,#3827,.T.);
#10289=ORIENTED_EDGE('',*,*,#3832,.T.);
#10290=ORIENTED_EDGE('',*,*,#3837,.T.);
#10291=EDGE_LOOP('',(#10287,#10288,#10289,#10290));
#10292=FACE_OUTER_BOUND('',#10291,.T.);
#10293=ADVANCED_FACE('',(#10292),#10286,.T.);
#10294=CARTESIAN_POINT('',(-0.0709636058591509,0.0012803300858899107,0.047416365504809446));
#10295=DIRECTION('',(0.31877211712436393,-0.9235890509462884,-0.2129967190268083));
#10296=DIRECTION('',(0.9452804830357571,0.32625880584542954,0));
#10297=AXIS2_PLACEMENT_3D('',#10294,#10295,#10296);
#10298=PLANE('',#10297);
#10299=ORIENTED_EDGE('',*,*,#3842,.T.);
#10300=ORIENTED_EDGE('',*,*,#3847,.T.);
#10301=ORIENTED_EDGE('',*,*,#3852,.T.);
#10302=ORIENTED_EDGE('',*,*,#3857,.T.);
#10303=EDGE_LOOP('',(#10299,#10300,#10301,#10302));
#10304=FACE_OUTER_BOUND('',#10303,.T.);
#10305=ADVANCED_FACE('',(#10304),#10298,.T.);
#10306=CARTESIAN_POINT('',(-0.07008358738728136,0.0012803300858899107,0.04682835596093183));
#10307=DIRECTION('',(-0.3187721171243593,-0.9235890509462906,0.2129967190268056));
#10308=DIRECTION('',(0.9452804830357588,-0.32625880584542466,0));
#10309=AXIS2_PLACEMENT_3D('',#10306,#10307,#10308);
#10310=PLANE('',#10309);
#10311=ORIENTED_EDGE('',*,*,#3862,.T.);
#10312=ORIENTED_EDGE('',*,*,#3867,.T.);
#10313=ORIENTED_EDGE('',*,*,#3872,.T.);
#10314=ORIENTED_EDGE('',*,*,#3877,.T.);
#10315=EDGE_LOOP('',(#10311,#10312,#10313,#10314));
#10316=FACE_OUTER_BOUND('',#10315,.T.);
#10317=ADVANCED_FACE('',(#10316),#10310,.T.);
#10318=CARTESIAN_POINT('',(-0.06946132035825299,0.0005303300858899107,0.04641257042505356));
#10319=DIRECTION('',(-0.7684184767311651,-0.38198374059631995,0.5134408111342526));
#10320=DIRECTION('',(0.44513763842103726,-0.8954621616020086,0));
#10321=AXIS2_PLACEMENT_3D('',#10318,#10319,#10320);
#10322=PLANE('',#10321);
#10323=ORIENTED_EDGE('',*,*,#3882,.T.);
#10324=ORIENTED_EDGE('',*,*,#3887,.T.);
#10325=ORIENTED_EDGE('',*,*,#3892,.T.);
#10326=ORIENTED_EDGE('',*,*,#3897,.T.);
#10327=EDGE_LOOP('',(#10323,#10324,#10325,#10326));
#10328=FACE_OUTER_BOUND('',#10327,.T.);
#10329=ADVANCED_FACE('',(#10328),#10322,.T.);
#10330=CARTESIAN_POINT('',(-0.06946132035825299,-0.0005303300858899105,0.046412570425053555));
#10331=DIRECTION('',(-0.768418476731165,0.38198374059631995,0.5134408111342527));
#10332=DIRECTION('',(-0.4451376384210373,-0.8954621616020086,0));
#10333=AXIS2_PLACEMENT_3D('',#10330,#10331,#10332);
#10334=PLANE('',#10333);
#10335=ORIENTED_EDGE('',*,*,#3902,.T.);
#10336=ORIENTED_EDGE('',*,*,#3907,.T.);
#10337=ORIENTED_EDGE('',*,*,#3912,.T.);
#10338=ORIENTED_EDGE('',*,*,#3917,.T.);
#10339=EDGE_LOOP('',(#10335,#10336,#10337,#10338));
#10340=FACE_OUTER_BOUND('',#10339,.T.);
#10341=ADVANCED_FACE('',(#10340),#10334,.T.);
#10342=CARTESIAN_POINT('',(-0.07008358738728136,-0.0012803300858899107,0.04682835596093183));
#10343=DIRECTION('',(-0.3187721171243596,0.9235890509462906,0.2129967190268056));
#10344=DIRECTION('',(-0.9452804830357587,-0.3262588058454249,0));
#10345=AXIS2_PLACEMENT_3D('',#10342,#10343,#10344);
#10346=PLANE('',#10345);
#10347=ORIENTED_EDGE('',*,*,#3922,.T.);
#10348=ORIENTED_EDGE('',*,*,#3927,.T.);
#10349=ORIENTED_EDGE('',*,*,#3932,.T.);
#10350=ORIENTED_EDGE('',*,*,#3937,.T.);
#10351=EDGE_LOOP('',(#10347,#10348,#10349,#10350));
#10352=FACE_OUTER_BOUND('',#10351,.T.);
#10353=ADVANCED_FACE('',(#10352),#10346,.T.);
#10354=CARTESIAN_POINT('',(-0.0709636058591509,-0.001280330085889911,0.047416365504809446));
#10355=DIRECTION('',(0.3187721171243635,0.9235890509462886,-0.21299671902680817));
#10356=DIRECTION('',(-0.9452804830357573,0.3262588058454291,0));
#10357=AXIS2_PLACEMENT_3D('',#10354,#10355,#10356);
#10358=PLANE('',#10357);
#10359=ORIENTED_EDGE('',*,*,#3942,.T.);
#10360=ORIENTED_EDGE('',*,*,#3947,.T.);
#10361=ORIENTED_EDGE('',*,*,#3952,.T.);
#10362=ORIENTED_EDGE('',*,*,#3957,.T.);
#10363=EDGE_LOOP('',(#10359,#10360,#10361,#10362));
#10364=FACE_OUTER_BOUND('',#10363,.T.);
#10365=ADVANCED_FACE('',(#10364),#10358,.T.);
#10366=CARTESIAN_POINT('',(-0.07158587288817929,-0.0005303300858899108,0.04783215104068771));
#10367=DIRECTION('',(0.7684184767311621,0.38198374059632945,-0.51344081113425));
#10368=DIRECTION('',(-0.44513763842104753,0.8954621616020035,0));
#10369=AXIS2_PLACEMENT_3D('',#10366,#10367,#10368);
#10370=PLANE('',#10369);
#10371=ORIENTED_EDGE('',*,*,#3962,.T.);
#10372=ORIENTED_EDGE('',*,*,#3967,.T.);
#10373=ORIENTED_EDGE('',*,*,#3972,.T.);
#10374=ORIENTED_EDGE('',*,*,#3977,.T.);
#10375=EDGE_LOOP('',(#10371,#10372,#10373,#10374));
#10376=FACE_OUTER_BOUND('',#10375,.T.);
#10377=ADVANCED_FACE('',(#10376),#10370,.T.);
#10378=CARTESIAN_POINT('',(-0.07721679436297947,0.0005303300858899106,0.03807910895290312));
#10379=DIRECTION('',(0.828862024147532,-0.3819837405963232,-0.4087495160194039));
#10380=DIRECTION('',(0.4185450718554139,0.9081960266514859,0));
#10381=AXIS2_PLACEMENT_3D('',#10378,#10379,#10380);
#10382=PLANE('',#10381);
#10383=ORIENTED_EDGE('',*,*,#3982,.T.);
#10384=ORIENTED_EDGE('',*,*,#3987,.T.);
#10385=ORIENTED_EDGE('',*,*,#3992,.T.);
#10386=ORIENTED_EDGE('',*,*,#3997,.T.);
#10387=EDGE_LOOP('',(#10383,#10384,#10385,#10386));
#10388=FACE_OUTER_BOUND('',#10387,.T.);
#10389=ADVANCED_FACE('',(#10388),#10382,.T.);
#10390=CARTESIAN_POINT('',(-0.07654558001186858,0.0012803300858899107,0.03774810266576621));
#10391=DIRECTION('',(0.34384662816213307,-0.923589050946289,-0.1695663919344427));
#10392=DIRECTION('',(0.9371602880940305,0.34889911782564575,0));
#10393=AXIS2_PLACEMENT_3D('',#10390,#10391,#10392);
#10394=PLANE('',#10393);
#10395=ORIENTED_EDGE('',*,*,#4002,.T.);
#10396=ORIENTED_EDGE('',*,*,#4007,.T.);
#10397=ORIENTED_EDGE('',*,*,#4012,.T.);
#10398=ORIENTED_EDGE('',*,*,#4017,.T.);
#10399=EDGE_LOOP('',(#10395,#10396,#10397,#10398));
#10400=FACE_OUTER_BOUND('',#10399,.T.);
#10401=ADVANCED_FACE('',(#10400),#10394,.T.);
#10402=CARTESIAN_POINT('',(-0.07559633957326808,0.0012803300858899107,0.03727998908526643));
#10403=DIRECTION('',(-0.34384662816213385,-0.9235890509462886,0.16956639193444323));
#10404=DIRECTION('',(0.9371602880940301,-0.34889911782564653,0));
#10405=AXIS2_PLACEMENT_3D('',#10402,#10403,#10404);
#10406=PLANE('',#10405);
#10407=ORIENTED_EDGE('',*,*,#4022,.T.);
#10408=ORIENTED_EDGE('',*,*,#4027,.T.);
#10409=ORIENTED_EDGE('',*,*,#4032,.T.);
#10410=ORIENTED_EDGE('',*,*,#4037,.T.);
#10411=EDGE_LOOP('',(#10407,#10408,#10409,#10410));
#10412=FACE_OUTER_BOUND('',#10411,.T.);
#10413=ADVANCED_FACE('',(#10412),#10406,.T.);
#10414=CARTESIAN_POINT('',(-0.0749251252221572,0.0005303300858899107,0.036948982798129526));
#10415=DIRECTION('',(-0.8288620241475304,-0.3819837405963273,0.4087495160194032));
#10416=DIRECTION('',(0.4185450718554183,-0.9081960266514838,0));
#10417=AXIS2_PLACEMENT_3D('',#10414,#10415,#10416);
#10418=PLANE('',#10417);
#10419=ORIENTED_EDGE('',*,*,#4042,.T.);
#10420=ORIENTED_EDGE('',*,*,#4047,.T.);
#10421=ORIENTED_EDGE('',*,*,#4052,.T.);
#10422=ORIENTED_EDGE('',*,*,#4057,.T.);
#10423=EDGE_LOOP('',(#10419,#10420,#10421,#10422));
#10424=FACE_OUTER_BOUND('',#10423,.T.);
#10425=ADVANCED_FACE('',(#10424),#10418,.T.);
#10426=CARTESIAN_POINT('',(-0.07492512522215719,-0.0005303300858899105,0.03694898279812952));
#10427=DIRECTION('',(-0.8288620241475304,0.3819837405963273,0.40874951601940324));
#10428=DIRECTION('',(-0.4185450718554183,-0.9081960266514838,0));
#10429=AXIS2_PLACEMENT_3D('',#10426,#10427,#10428);
#10430=PLANE('',#10429);
#10431=ORIENTED_EDGE('',*,*,#4062,.T.);
#10432=ORIENTED_EDGE('',*,*,#4067,.T.);
#10433=ORIENTED_EDGE('',*,*,#4072,.T.);
#10434=ORIENTED_EDGE('',*,*,#4077,.T.);
#10435=EDGE_LOOP('',(#10431,#10432,#10433,#10434));
#10436=FACE_OUTER_BOUND('',#10435,.T.);
#10437=ADVANCED_FACE('',(#10436),#10430,.T.);
#10438=CARTESIAN_POINT('',(-0.0755963395732681,-0.0012803300858899107,0.03727998908526643));
#10439=DIRECTION('',(-0.343846628162134,0.9235890509462884,0.1695663919344433));
#10440=DIRECTION('',(-0.9371602880940301,-0.34889911782564675,0));
#10441=AXIS2_PLACEMENT_3D('',#10438,#10439,#10440);
#10442=PLANE('',#10441);
#10443=ORIENTED_EDGE('',*,*,#4082,.T.);
#10444=ORIENTED_EDGE('',*,*,#4087,.T.);
#10445=ORIENTED_EDGE('',*,*,#4092,.T.);
#10446=ORIENTED_EDGE('',*,*,#4097,.T.);
#10447=EDGE_LOOP('',(#10443,#10444,#10445,#10446));
#10448=FACE_OUTER_BOUND('',#10447,.T.);
#10449=ADVANCED_FACE('',(#10448),#10442,.T.);
#10450=CARTESIAN_POINT('',(-0.07654558001186858,-0.001280330085889911,0.03774810266576621));
#10451=DIRECTION('',(0.34384662816213285,0.9235890509462891,-0.1695663919344425));
#10452=DIRECTION('',(-0.9371602880940306,0.34889911782564553,0));
#10453=AXIS2_PLACEMENT_3D('',#10450,#10451,#10452);
#10454=PLANE('',#10453);
#10455=ORIENTED_EDGE('',*,*,#4102,.T.);
#10456=ORIENTED_EDGE('',*,*,#4107,.T.);
#10457=ORIENTED_EDGE('',*,*,#4112,.T.);
#10458=ORIENTED_EDGE('',*,*,#4117,.T.);
#10459=EDGE_LOOP('',(#10455,#10456,#10457,#10458));
#10460=FACE_OUTER_BOUND('',#10459,.T.);
#10461=ADVANCED_FACE('',(#10460),#10454,.T.);
#10462=CARTESIAN_POINT('',(-0.07721679436297947,-0.0005303300858899108,0.03807910895290312));
#10463=DIRECTION('',(0.8288620241475321,0.38198374059632295,-0.40874951601940396));
#10464=DIRECTION('',(-0.4185450718554137,0.908196026651486,0));
#10465=AXIS2_PLACEMENT_3D('',#10462,#10463,#10464);
#10466=PLANE('',#10465);
#10467=ORIENTED_EDGE('',*,*,#4122,.T.);
#10468=ORIENTED_EDGE('',*,*,#4127,.T.);
#10469=ORIENTED_EDGE('',*,*,#4132,.T.);
#10470=ORIENTED_EDGE('',*,*,#4137,.T.);
#10471=EDGE_LOOP('',(#10467,#10468,#10469,#10470));
#10472=FACE_OUTER_BOUND('',#10471,.T.);
#10473=ADVANCED_FACE('',(#10472),#10466,.T.);
#10474=CARTESIAN_POINT('',(-0.08152651507768913,0.0005303300858899106,0.027674522753410813));
#10475=DIRECTION('',(0.8751235125267623,-0.3819837405963366,-0.2970644033586864));
#10476=DIRECTION('',(0.4000426897225824,0.9164965064851703,0));
#10477=AXIS2_PLACEMENT_3D('',#10474,#10475,#10476);
#10478=PLANE('',#10477);
#10479=ORIENTED_EDGE('',*,*,#4142,.T.);
#10480=ORIENTED_EDGE('',*,*,#4147,.T.);
#10481=ORIENTED_EDGE('',*,*,#4152,.T.);
#10482=ORIENTED_EDGE('',*,*,#4157,.T.);
#10483=EDGE_LOOP('',(#10479,#10480,#10481,#10482));
#10484=FACE_OUTER_BOUND('',#10483,.T.);
#10485=ADVANCED_FACE('',(#10484),#10478,.T.);
#10486=CARTESIAN_POINT('',(-0.08081783806813898,0.0012803300858899107,0.027433959324360456));
#10487=DIRECTION('',(0.36303782805975565,-0.9235890509462882,-0.1232347368633939));
#10488=DIRECTION('',(0.9306831376198292,0.36582632129209885,0));
#10489=AXIS2_PLACEMENT_3D('',#10486,#10487,#10488);
#10490=PLANE('',#10489);
#10491=ORIENTED_EDGE('',*,*,#4162,.T.);
#10492=ORIENTED_EDGE('',*,*,#4167,.T.);
#10493=ORIENTED_EDGE('',*,*,#4172,.T.);
#10494=ORIENTED_EDGE('',*,*,#4177,.T.);
#10495=EDGE_LOOP('',(#10491,#10492,#10493,#10494));
#10496=FACE_OUTER_BOUND('',#10495,.T.);
#10497=ADVANCED_FACE('',(#10496),#10490,.T.);
#10498=CARTESIAN_POINT('',(-0.07981561742989118,0.0012803300858899107,0.02709375126038647));
#10499=DIRECTION('',(-0.36303782805975465,-0.9235890509462887,0.12323473686339345));
#10500=DIRECTION('',(0.9306831376198297,-0.3658263212920978,0));
#10501=AXIS2_PLACEMENT_3D('',#10498,#10499,#10500);
#10502=PLANE('',#10501);
#10503=ORIENTED_EDGE('',*,*,#4182,.T.);
#10504=ORIENTED_EDGE('',*,*,#4187,.T.);
#10505=ORIENTED_EDGE('',*,*,#4192,.T.);
#10506=ORIENTED_EDGE('',*,*,#4197,.T.);
#10507=EDGE_LOOP('',(#10503,#10504,#10505,#10506));
#10508=FACE_OUTER_BOUND('',#10507,.T.);
#10509=ADVANCED_FACE('',(#10508),#10502,.T.);
#10510=CARTESIAN_POINT('',(-0.07910694042034105,0.0005303300858899107,0.02685318783133612));
#10511=DIRECTION('',(-0.8751235125267613,-0.3819837405963396,0.2970644033586858));
#10512=DIRECTION('',(0.4000426897225854,-0.9164965064851689,0));
#10513=AXIS2_PLACEMENT_3D('',#10510,#10511,#10512);
#10514=PLANE('',#10513);
#10515=ORIENTED_EDGE('',*,*,#4202,.T.);
#10516=ORIENTED_EDGE('',*,*,#4207,.T.);
#10517=ORIENTED_EDGE('',*,*,#4212,.T.);
#10518=ORIENTED_EDGE('',*,*,#4217,.T.);
#10519=EDGE_LOOP('',(#10515,#10516,#10517,#10518));
#10520=FACE_OUTER_BOUND('',#10519,.T.);
#10521=ADVANCED_FACE('',(#10520),#10514,.T.);
#10522=CARTESIAN_POINT('',(-0.07910694042034105,-0.0005303300858899105,0.02685318783133612));
#10523=DIRECTION('',(-0.8751235125267612,0.38198374059633944,0.2970644033586857));
#10524=DIRECTION('',(-0.4000426897225852,-0.9164965064851689,0));
#10525=AXIS2_PLACEMENT_3D('',#10522,#10523,#10524);
#10526=PLANE('',#10525);
#10527=ORIENTED_EDGE('',*,*,#4222,.T.);
#10528=ORIENTED_EDGE('',*,*,#4227,.T.);
#10529=ORIENTED_EDGE('',*,*,#4232,.T.);
#10530=ORIENTED_EDGE('',*,*,#4237,.T.);
#10531=EDGE_LOOP('',(#10527,#10528,#10529,#10530));
#10532=FACE_OUTER_BOUND('',#10531,.T.);
#10533=ADVANCED_FACE('',(#10532),#10526,.T.);
#10534=CARTESIAN_POINT('',(-0.07981561742989118,-0.0012803300858899107,0.02709375126038647));
#10535=DIRECTION('',(-0.36303782805975476,0.9235890509462886,0.12323473686339347));
#10536=DIRECTION('',(-0.9306831376198296,-0.3658263212920979,0));
#10537=AXIS2_PLACEMENT_3D('',#10534,#10535,#10536);
#10538=PLANE('',#10537);
#10539=ORIENTED_EDGE('',*,*,#4242,.T.);
#10540=ORIENTED_EDGE('',*,*,#4247,.T.);
#10541=ORIENTED_EDGE('',*,*,#4252,.T.);
#10542=ORIENTED_EDGE('',*,*,#4257,.T.);
#10543=EDGE_LOOP('',(#10539,#10540,#10541,#10542));
#10544=FACE_OUTER_BOUND('',#10543,.T.);
#10545=ADVANCED_FACE('',(#10544),#10538,.T.);
#10546=CARTESIAN_POINT('',(-0.080817838068139,-0.001280330085889911,0.027433959324360456));
#10547=DIRECTION('',(0.36303782805975526,0.9235890509462884,-0.12323473686339377));
#10548=DIRECTION('',(-0.9306831376198295,0.36582632129209847,0));
#10549=AXIS2_PLACEMENT_3D('',#10546,#10547,#10548);
#10550=PLANE('',#10549);
#10551=ORIENTED_EDGE('',*,*,#4262,.T.);
#10552=ORIENTED_EDGE('',*,*,#4267,.T.);
#10553=ORIENTED_EDGE('',*,*,#4272,.T.);
#10554=ORIENTED_EDGE('',*,*,#4277,.T.);
#10555=EDGE_LOOP('',(#10551,#10552,#10553,#10554));
#10556=FACE_OUTER_BOUND('',#10555,.T.);
#10557=ADVANCED_FACE('',(#10556),#10550,.T.);
#10558=CARTESIAN_POINT('',(-0.08152651507768913,-0.0005303300858899108,0.027674522753410813));
#10559=DIRECTION('',(0.8751235125267623,0.3819837405963365,-0.29706440335868645));
#10560=DIRECTION('',(-0.4000426897225823,0.9164965064851703,0));
#10561=AXIS2_PLACEMENT_3D('',#10558,#10559,#10560);
#10562=PLANE('',#10561);
#10563=ORIENTED_EDGE('',*,*,#4282,.T.);
#10564=ORIENTED_EDGE('',*,*,#4287,.T.);
#10565=ORIENTED_EDGE('',*,*,#4292,.T.);
#10566=ORIENTED_EDGE('',*,*,#4297,.T.);
#10567=EDGE_LOOP('',(#10563,#10564,#10565,#10566));
#10568=FACE_OUTER_BOUND('',#10567,.T.);
#10569=ADVANCED_FACE('',(#10568),#10562,.T.);
#10570=CARTESIAN_POINT('',(-0.08444129451599924,0.0005303300858899106,0.016796417796780354));
#10571=DIRECTION('',(0.9064113949765953,-0.38198374059632073,-0.18029643639469264));
#10572=DIRECTION('',(0.38834786127945947,0.9215128532145765,0));
#10573=AXIS2_PLACEMENT_3D('',#10570,#10571,#10572);
#10574=PLANE('',#10573);
#10575=ORIENTED_EDGE('',*,*,#4302,.T.);
#10576=ORIENTED_EDGE('',*,*,#4307,.T.);
#10577=ORIENTED_EDGE('',*,*,#4312,.T.);
#10578=ORIENTED_EDGE('',*,*,#4317,.T.);
#10579=EDGE_LOOP('',(#10575,#10576,#10577,#10578));
#10580=FACE_OUTER_BOUND('',#10579,.T.);
#10581=ADVANCED_FACE('',(#10580),#10574,.T.);
#10582=CARTESIAN_POINT('',(-0.08370728050812566,0.0012803300858899107,0.01665041333278439));
#10583=DIRECTION('',(0.37601735006617154,-0.9235890509462885,-0.07479450127748799));
#10584=DIRECTION('',(0.9261833196918469,0.3770735449810689,0));
#10585=AXIS2_PLACEMENT_3D('',#10582,#10583,#10584);
#10586=PLANE('',#10585);
#10587=ORIENTED_EDGE('',*,*,#4322,.T.);
#10588=ORIENTED_EDGE('',*,*,#4327,.T.);
#10589=ORIENTED_EDGE('',*,*,#4332,.T.);
#10590=ORIENTED_EDGE('',*,*,#4337,.T.);
#10591=EDGE_LOOP('',(#10587,#10588,#10589,#10590));
#10592=FACE_OUTER_BOUND('',#10591,.T.);
#10593=ADVANCED_FACE('',(#10592),#10586,.T.);
#10594=CARTESIAN_POINT('',(-0.08266922794321903,0.0012803300858899107,0.01644393183963428));
#10595=DIRECTION('',(-0.37601735006616893,-0.9235890509462897,0.07479450127748752));
#10596=DIRECTION('',(0.926183319691848,-0.3770735449810662,0));
#10597=AXIS2_PLACEMENT_3D('',#10594,#10595,#10596);
#10598=PLANE('',#10597);
#10599=ORIENTED_EDGE('',*,*,#4342,.T.);
#10600=ORIENTED_EDGE('',*,*,#4347,.T.);
#10601=ORIENTED_EDGE('',*,*,#4352,.T.);
#10602=ORIENTED_EDGE('',*,*,#4357,.T.);
#10603=EDGE_LOOP('',(#10599,#10600,#10601,#10602));
#10604=FACE_OUTER_BOUND('',#10603,.T.);
#10605=ADVANCED_FACE('',(#10604),#10598,.T.);
#10606=CARTESIAN_POINT('',(-0.08193521393534545,0.0005303300858899107,0.016297927375638316));
#10607=DIRECTION('',(-0.9064113949765984,-0.38198374059631296,0.18029643639469342));
#10608=DIRECTION('',(0.3883478612794517,-0.92151285321458,0));
#10609=AXIS2_PLACEMENT_3D('',#10606,#10607,#10608);
#10610=PLANE('',#10609);
#10611=ORIENTED_EDGE('',*,*,#4362,.T.);
#10612=ORIENTED_EDGE('',*,*,#4367,.T.);
#10613=ORIENTED_EDGE('',*,*,#4372,.T.);
#10614=ORIENTED_EDGE('',*,*,#4377,.T.);
#10615=EDGE_LOOP('',(#10611,#10612,#10613,#10614));
#10616=FACE_OUTER_BOUND('',#10615,.T.);
#10617=ADVANCED_FACE('',(#10616),#10610,.T.);
#10618=CARTESIAN_POINT('',(-0.08193521393534545,-0.0005303300858899105,0.016297927375638316));
#10619=DIRECTION('',(-0.9064113949765984,0.38198374059631296,0.18029643639469342));
#10620=DIRECTION('',(-0.3883478612794517,-0.92151285321458,0));
#10621=AXIS2_PLACEMENT_3D('',#10618,#10619,#10620);
#10622=PLANE('',#10621);
#10623=ORIENTED_EDGE('',*,*,#4382,.T.);
#10624=ORIENTED_EDGE('',*,*,#4387,.T.);
#10625=ORIENTED_EDGE('',*,*,#4392,.T.);
#10626=ORIENTED_EDGE('',*,*,#4397,.T.);
#10627=EDGE_LOOP('',(#10623,#10624,#10625,#10626));
#10628=FACE_OUTER_BOUND('',#10627,.T.);
#10629=ADVANCED_FACE('',(#10628),#10622,.T.);
#10630=CARTESIAN_POINT('',(-0.08266922794321901,-0.0012803300858899107,0.01644393183963428));
#10631=DIRECTION('',(-0.3760173500661691,0.9235890509462896,0.07479450127748756));
#10632=DIRECTION('',(-0.9261833196918479,-0.3770735449810664,0));
#10633=AXIS2_PLACEMENT_3D('',#10630,#10631,#10632);
#10634=PLANE('',#10633);
#10635=ORIENTED_EDGE('',*,*,#4402,.T.);
#10636=ORIENTED_EDGE('',*,*,#4407,.T.);
#10637=ORIENTED_EDGE('',*,*,#4412,.T.);
#10638=ORIENTED_EDGE('',*,*,#4417,.T.);
#10639=EDGE_LOOP('',(#10635,#10636,#10637,#10638));
#10640=FACE_OUTER_BOUND('',#10639,.T.);
#10641=ADVANCED_FACE('',(#10640),#10634,.T.);
#10642=CARTESIAN_POINT('',(-0.08370728050812568,-0.001280330085889911,0.01665041333278439));
#10643=DIRECTION('',(0.3760173500661713,0.9235890509462886,-0.07479450127748793));
#10644=DIRECTION('',(-0.926183319691847,0.37707354498106865,0));
#10645=AXIS2_PLACEMENT_3D('',#10642,#10643,#10644);
#10646=PLANE('',#10645);
#10647=ORIENTED_EDGE('',*,*,#4422,.T.);
#10648=ORIENTED_EDGE('',*,*,#4427,.T.);
#10649=ORIENTED_EDGE('',*,*,#4432,.T.);
#10650=ORIENTED_EDGE('',*,*,#4437,.T.);
#10651=EDGE_LOOP('',(#10647,#10648,#10649,#10650));
#10652=FACE_OUTER_BOUND('',#10651,.T.);
#10653=ADVANCED_FACE('',(#10652),#10646,.T.);
#10654=CARTESIAN_POINT('',(-0.08444129451599924,-0.0005303300858899108,0.016796417796780354));
#10655=DIRECTION('',(0.9064113949765954,0.3819837405963206,-0.18029643639469262));
#10656=DIRECTION('',(-0.38834786127945936,0.9215128532145767,0));
#10657=AXIS2_PLACEMENT_3D('',#10654,#10655,#10656);
#10658=PLANE('',#10657);
#10659=ORIENTED_EDGE('',*,*,#4442,.T.);
#10660=ORIENTED_EDGE('',*,*,#4447,.T.);
#10661=ORIENTED_EDGE('',*,*,#4452,.T.);
#10662=ORIENTED_EDGE('',*,*,#4457,.T.);
#10663=EDGE_LOOP('',(#10659,#10660,#10661,#10662));
#10664=FACE_OUTER_BOUND('',#10663,.T.);
#10665=ADVANCED_FACE('',(#10664),#10658,.T.);
#10666=CARTESIAN_POINT('',(-0.08591125999359082,0.0005303300858899106,0.0056309214748001876));
#10667=DIRECTION('',(0.9221903271536512,-0.38198374059633344,-0.06044354741636818));
#10668=DIRECTION('',(0.382683432365098,0.9238795325112834,0));
#10669=AXIS2_PLACEMENT_3D('',#10666,#10667,#10668);
#10670=PLANE('',#10669);
#10671=ORIENTED_EDGE('',*,*,#4462,.T.);
#10672=ORIENTED_EDGE('',*,*,#4467,.T.);
#10673=ORIENTED_EDGE('',*,*,#4472,.T.);
#10674=ORIENTED_EDGE('',*,*,#4477,.T.);
#10675=EDGE_LOOP('',(#10671,#10672,#10673,#10674));
#10676=FACE_OUTER_BOUND('',#10675,.T.);
#10677=ADVANCED_FACE('',(#10676),#10670,.T.);
#10678=CARTESIAN_POINT('',(-0.08516446817057564,0.0012803300858899107,0.005581974152717668));
#10679=DIRECTION('',(0.3825631109612502,-0.9235890509462891,-0.025074511037770555));
#10680=DIRECTION('',(0.9238795325112861,0.3826834323650913,0));
#10681=AXIS2_PLACEMENT_3D('',#10678,#10679,#10680);
#10682=PLANE('',#10681);
#10683=ORIENTED_EDGE('',*,*,#4482,.T.);
#10684=ORIENTED_EDGE('',*,*,#4487,.T.);
#10685=ORIENTED_EDGE('',*,*,#4492,.T.);
#10686=ORIENTED_EDGE('',*,*,#4497,.T.);
#10687=EDGE_LOOP('',(#10683,#10684,#10685,#10686));
#10688=FACE_OUTER_BOUND('',#10687,.T.);
#10689=ADVANCED_FACE('',(#10688),#10682,.T.);
#10690=CARTESIAN_POINT('',(-0.08410834504619827,0.0012803300858899107,0.005512752185986726));
#10691=DIRECTION('',(-0.3825631109612489,-0.9235890509462896,0.025074511037770437));
#10692=DIRECTION('',(0.9238795325112866,-0.38268343236509,0));
#10693=AXIS2_PLACEMENT_3D('',#10690,#10691,#10692);
#10694=PLANE('',#10693);
#10695=ORIENTED_EDGE('',*,*,#4502,.T.);
#10696=ORIENTED_EDGE('',*,*,#4507,.T.);
#10697=ORIENTED_EDGE('',*,*,#4512,.T.);
#10698=ORIENTED_EDGE('',*,*,#4517,.T.);
#10699=EDGE_LOOP('',(#10695,#10696,#10697,#10698));
#10700=FACE_OUTER_BOUND('',#10699,.T.);
#10701=ADVANCED_FACE('',(#10700),#10694,.T.);
#10702=CARTESIAN_POINT('',(-0.08336155322318307,0.0005303300858899107,0.005463804863904206));
#10703=DIRECTION('',(-0.9221903271536519,-0.3819837405963321,0.06044354741636779));
#10704=DIRECTION('',(0.3826834323650966,-0.923879532511284,0));
#10705=AXIS2_PLACEMENT_3D('',#10702,#10703,#10704);
#10706=PLANE('',#10705);
#10707=ORIENTED_EDGE('',*,*,#4522,.T.);
#10708=ORIENTED_EDGE('',*,*,#4527,.T.);
#10709=ORIENTED_EDGE('',*,*,#4532,.T.);
#10710=ORIENTED_EDGE('',*,*,#4537,.T.);
#10711=EDGE_LOOP('',(#10707,#10708,#10709,#10710));
#10712=FACE_OUTER_BOUND('',#10711,.T.);
#10713=ADVANCED_FACE('',(#10712),#10706,.T.);
#10714=CARTESIAN_POINT('',(-0.08336155322318309,-0.0005303300858899105,0.005463804863904206));
#10715=DIRECTION('',(-0.9221903271536519,0.381983740596332,0.06044354741636779));
#10716=DIRECTION('',(-0.3826834323650965,-0.923879532511284,0));
#10717=AXIS2_PLACEMENT_3D('',#10714,#10715,#10716);
#10718=PLANE('',#10717);
#10719=ORIENTED_EDGE('',*,*,#4542,.T.);
#10720=ORIENTED_EDGE('',*,*,#4547,.T.);
#10721=ORIENTED_EDGE('',*,*,#4552,.T.);
#10722=ORIENTED_EDGE('',*,*,#4557,.T.);
#10723=EDGE_LOOP('',(#10719,#10720,#10721,#10722));
#10724=FACE_OUTER_BOUND('',#10723,.T.);
#10725=ADVANCED_FACE('',(#10724),#10718,.T.);
#10726=CARTESIAN_POINT('',(-0.08410834504619825,-0.0012803300858899107,0.005512752185986726));
#10727=DIRECTION('',(-0.3825631109612491,0.9235890509462896,0.025074511037770437));
#10728=DIRECTION('',(-0.9238795325112865,-0.3826834323650902,0));
#10729=AXIS2_PLACEMENT_3D('',#10726,#10727,#10728);
#10730=PLANE('',#10729);
#10731=ORIENTED_EDGE('',*,*,#4562,.T.);
#10732=ORIENTED_EDGE('',*,*,#4567,.T.);
#10733=ORIENTED_EDGE('',*,*,#4572,.T.);
#10734=ORIENTED_EDGE('',*,*,#4577,.T.);
#10735=EDGE_LOOP('',(#10731,#10732,#10733,#10734));
#10736=FACE_OUTER_BOUND('',#10735,.T.);
#10737=ADVANCED_FACE('',(#10736),#10730,.T.);
#10738=CARTESIAN_POINT('',(-0.08516446817057564,-0.001280330085889911,0.005581974152717668));
#10739=DIRECTION('',(0.38256311096124984,0.9235890509462892,-0.02507451103777054));
#10740=DIRECTION('',(-0.9238795325112863,0.382683432365091,0));
#10741=AXIS2_PLACEMENT_3D('',#10738,#10739,#10740);
#10742=PLANE('',#10741);
#10743=ORIENTED_EDGE('',*,*,#4582,.T.);
#10744=ORIENTED_EDGE('',*,*,#4587,.T.);
#10745=ORIENTED_EDGE('',*,*,#4592,.T.);
#10746=ORIENTED_EDGE('',*,*,#4597,.T.);
#10747=EDGE_LOOP('',(#10743,#10744,#10745,#10746));
#10748=FACE_OUTER_BOUND('',#10747,.T.);
#10749=ADVANCED_FACE('',(#10748),#10742,.T.);
#10750=CARTESIAN_POINT('',(-0.08591125999359082,-0.0005303300858899108,0.0056309214748001876));
#10751=DIRECTION('',(0.9221903271536513,0.3819837405963333,-0.06044354741636818));
#10752=DIRECTION('',(-0.38268343236509783,0.9238795325112835,0));
#10753=AXIS2_PLACEMENT_3D('',#10750,#10751,#10752);
#10754=PLANE('',#10753);
#10755=ORIENTED_EDGE('',*,*,#4602,.T.);
#10756=ORIENTED_EDGE('',*,*,#4607,.T.);
#10757=ORIENTED_EDGE('',*,*,#4612,.T.);
#10758=ORIENTED_EDGE('',*,*,#4617,.T.);
#10759=EDGE_LOOP('',(#10755,#10756,#10757,#10758));
#10760=FACE_OUTER_BOUND('',#10759,.T.);
#10761=ADVANCED_FACE('',(#10760),#10754,.T.);
#10762=CARTESIAN_POINT('',(-0.08591125999359082,0.0005303300858899106,-0.005630921474800187));
#10763=DIRECTION('',(0.9221903271536507,-0.3819837405963349,0.06044354741636792));
#10764=DIRECTION('',(0.3826834323650994,0.9238795325112827,0));
#10765=AXIS2_PLACEMENT_3D('',#10762,#10763,#10764);
#10766=PLANE('',#10765);
#10767=ORIENTED_EDGE('',*,*,#4622,.T.);
#10768=ORIENTED_EDGE('',*,*,#4627,.T.);
#10769=ORIENTED_EDGE('',*,*,#4632,.T.);
#10770=ORIENTED_EDGE('',*,*,#4637,.T.);
#10771=EDGE_LOOP('',(#10767,#10768,#10769,#10770));
#10772=FACE_OUTER_BOUND('',#10771,.T.);
#10773=ADVANCED_FACE('',(#10772),#10766,.T.);
#10774=CARTESIAN_POINT('',(-0.08516446817057564,0.0012803300858899107,-0.005581974152717667));
#10775=DIRECTION('',(0.3825631109612506,-0.923589050946289,0.025074511037770503));
#10776=DIRECTION('',(0.9238795325112859,0.3826834323650917,0));
#10777=AXIS2_PLACEMENT_3D('',#10774,#10775,#10776);
#10778=PLANE('',#10777);
#10779=ORIENTED_EDGE('',*,*,#4642,.T.);
#10780=ORIENTED_EDGE('',*,*,#4647,.T.);
#10781=ORIENTED_EDGE('',*,*,#4652,.T.);
#10782=ORIENTED_EDGE('',*,*,#4657,.T.);
#10783=EDGE_LOOP('',(#10779,#10780,#10781,#10782));
#10784=FACE_OUTER_BOUND('',#10783,.T.);
#10785=ADVANCED_FACE('',(#10784),#10778,.T.);
#10786=CARTESIAN_POINT('',(-0.08410834504619827,0.0012803300858899107,-0.005512752185986724));
#10787=DIRECTION('',(-0.3825631109612519,-0.9235890509462883,-0.025074511037770537));
#10788=DIRECTION('',(0.9238795325112854,-0.38268343236509306,0));
#10789=AXIS2_PLACEMENT_3D('',#10786,#10787,#10788);
#10790=PLANE('',#10789);
#10791=ORIENTED_EDGE('',*,*,#4662,.T.);
#10792=ORIENTED_EDGE('',*,*,#4667,.T.);
#10793=ORIENTED_EDGE('',*,*,#4672,.T.);
#10794=ORIENTED_EDGE('',*,*,#4677,.T.);
#10795=EDGE_LOOP('',(#10791,#10792,#10793,#10794));
#10796=FACE_OUTER_BOUND('',#10795,.T.);
#10797=ADVANCED_FACE('',(#10796),#10790,.T.);
#10798=CARTESIAN_POINT('',(-0.08336155322318307,0.0005303300858899107,-0.005463804863904205));
#10799=DIRECTION('',(-0.9221903271536521,-0.3819837405963316,-0.06044354741636758));
#10800=DIRECTION('',(0.3826834323650961,-0.9238795325112842,0));
#10801=AXIS2_PLACEMENT_3D('',#10798,#10799,#10800);
#10802=PLANE('',#10801);
#10803=ORIENTED_EDGE('',*,*,#4682,.T.);
#10804=ORIENTED_EDGE('',*,*,#4687,.T.);
#10805=ORIENTED_EDGE('',*,*,#4692,.T.);
#10806=ORIENTED_EDGE('',*,*,#4697,.T.);
#10807=EDGE_LOOP('',(#10803,#10804,#10805,#10806));
#10808=FACE_OUTER_BOUND('',#10807,.T.);
#10809=ADVANCED_FACE('',(#10808),#10802,.T.);
#10810=CARTESIAN_POINT('',(-0.08336155322318307,-0.0005303300858899105,-0.005463804863904205));
#10811=DIRECTION('',(-0.9221903271536522,0.3819837405963315,-0.0604435474163676));
#10812=DIRECTION('',(-0.38268343236509594,-0.9238795325112842,0));
#10813=AXIS2_PLACEMENT_3D('',#10810,#10811,#10812);
#10814=PLANE('',#10813);
#10815=ORIENTED_EDGE('',*,*,#4702,.T.);
#10816=ORIENTED_EDGE('',*,*,#4707,.T.);
#10817=ORIENTED_EDGE('',*,*,#4712,.T.);
#10818=ORIENTED_EDGE('',*,*,#4717,.T.);
#10819=EDGE_LOOP('',(#10815,#10816,#10817,#10818));
#10820=FACE_OUTER_BOUND('',#10819,.T.);
#10821=ADVANCED_FACE('',(#10820),#10814,.T.);
#10822=CARTESIAN_POINT('',(-0.08410834504619825,-0.0012803300858899107,-0.005512752185986724));
#10823=DIRECTION('',(-0.3825631109612521,0.9235890509462883,-0.025074511037770555));
#10824=DIRECTION('',(-0.9238795325112853,-0.3826834323650932,0));
#10825=AXIS2_PLACEMENT_3D('',#10822,#10823,#10824);
#10826=PLANE('',#10825);
#10827=ORIENTED_EDGE('',*,*,#4722,.T.);
#10828=ORIENTED_EDGE('',*,*,#4727,.T.);
#10829=ORIENTED_EDGE('',*,*,#4732,.T.);
#10830=ORIENTED_EDGE('',*,*,#4737,.T.);
#10831=EDGE_LOOP('',(#10827,#10828,#10829,#10830));
#10832=FACE_OUTER_BOUND('',#10831,.T.);
#10833=ADVANCED_FACE('',(#10832),#10826,.T.);
#10834=CARTESIAN_POINT('',(-0.08516446817057564,-0.001280330085889911,-0.005581974152717667));
#10835=DIRECTION('',(0.3825631109612503,0.9235890509462891,0.02507451103777047));
#10836=DIRECTION('',(-0.9238795325112861,0.3826834323650914,0));
#10837=AXIS2_PLACEMENT_3D('',#10834,#10835,#10836);
#10838=PLANE('',#10837);
#10839=ORIENTED_EDGE('',*,*,#4742,.T.);
#10840=ORIENTED_EDGE('',*,*,#4747,.T.);
#10841=ORIENTED_EDGE('',*,*,#4752,.T.);
#10842=ORIENTED_EDGE('',*,*,#4757,.T.);
#10843=EDGE_LOOP('',(#10839,#10840,#10841,#10842));
#10844=FACE_OUTER_BOUND('',#10843,.T.);
#10845=ADVANCED_FACE('',(#10844),#10838,.T.);
#10846=CARTESIAN_POINT('',(-0.08591125999359082,-0.0005303300858899108,-0.005630921474800187));
#10847=DIRECTION('',(0.9221903271536507,0.3819837405963347,0.06044354741636792));
#10848=DIRECTION('',(-0.3826834323650993,0.9238795325112829,0));
#10849=AXIS2_PLACEMENT_3D('',#10846,#10847,#10848);
#10850=PLANE('',#10849);
#10851=ORIENTED_EDGE('',*,*,#4762,.T.);
#10852=ORIENTED_EDGE('',*,*,#4767,.T.);
#10853=ORIENTED_EDGE('',*,*,#4772,.T.);
#10854=ORIENTED_EDGE('',*,*,#4777,.T.);
#10855=EDGE_LOOP('',(#10851,#10852,#10853,#10854));
#10856=FACE_OUTER_BOUND('',#10855,.T.);
#10857=ADVANCED_FACE('',(#10856),#10850,.T.);
#10858=CARTESIAN_POINT('',(-0.08444129451599926,0.0005303300858899106,-0.016796417796780334));
#10859=DIRECTION('',(0.9064113949765874,-0.3819837405963404,0.1802964363946906));
#10860=DIRECTION('',(0.3883478612794793,0.9215128532145681,0));
#10861=AXIS2_PLACEMENT_3D('',#10858,#10859,#10860);
#10862=PLANE('',#10861);
#10863=ORIENTED_EDGE('',*,*,#4782,.T.);
#10864=ORIENTED_EDGE('',*,*,#4787,.T.);
#10865=ORIENTED_EDGE('',*,*,#4792,.T.);
#10866=ORIENTED_EDGE('',*,*,#4797,.T.);
#10867=EDGE_LOOP('',(#10863,#10864,#10865,#10866));
#10868=FACE_OUTER_BOUND('',#10867,.T.);
#10869=ADVANCED_FACE('',(#10868),#10862,.T.);
#10870=CARTESIAN_POINT('',(-0.08370728050812568,0.0012803300858899107,-0.01665041333278437));
#10871=DIRECTION('',(0.3760173500661722,-0.9235890509462883,0.07479450127748788));
#10872=DIRECTION('',(0.9261833196918466,0.37707354498106954,0));
#10873=AXIS2_PLACEMENT_3D('',#10870,#10871,#10872);
#10874=PLANE('',#10873);
#10875=ORIENTED_EDGE('',*,*,#4802,.T.);
#10876=ORIENTED_EDGE('',*,*,#4807,.T.);
#10877=ORIENTED_EDGE('',*,*,#4812,.T.);
#10878=ORIENTED_EDGE('',*,*,#4817,.T.);
#10879=EDGE_LOOP('',(#10875,#10876,#10877,#10878));
#10880=FACE_OUTER_BOUND('',#10879,.T.);
#10881=ADVANCED_FACE('',(#10880),#10874,.T.);
#10882=CARTESIAN_POINT('',(-0.08266922794321904,0.0012803300858899107,-0.016443931839634263));
#10883=DIRECTION('',(-0.3760173500661696,-0.9235890509462895,-0.07479450127748741));
#10884=DIRECTION('',(0.9261833196918476,-0.3770735449810669,0));
#10885=AXIS2_PLACEMENT_3D('',#10882,#10883,#10884);
#10886=PLANE('',#10885);
#10887=ORIENTED_EDGE('',*,*,#4822,.T.);
#10888=ORIENTED_EDGE('',*,*,#4827,.T.);
#10889=ORIENTED_EDGE('',*,*,#4832,.T.);
#10890=ORIENTED_EDGE('',*,*,#4837,.T.);
#10891=EDGE_LOOP('',(#10887,#10888,#10889,#10890));
#10892=FACE_OUTER_BOUND('',#10891,.T.);
#10893=ADVANCED_FACE('',(#10892),#10886,.T.);
#10894=CARTESIAN_POINT('',(-0.08193521393534545,0.0005303300858899107,-0.0162979273756383));
#10895=DIRECTION('',(-0.9064113949765924,-0.3819837405963276,-0.18029643639469234));
#10896=DIRECTION('',(0.3883478612794665,-0.9215128532145737,0));
#10897=AXIS2_PLACEMENT_3D('',#10894,#10895,#10896);
#10898=PLANE('',#10897);
#10899=ORIENTED_EDGE('',*,*,#4842,.T.);
#10900=ORIENTED_EDGE('',*,*,#4847,.T.);
#10901=ORIENTED_EDGE('',*,*,#4852,.T.);
#10902=ORIENTED_EDGE('',*,*,#4857,.T.);
#10903=EDGE_LOOP('',(#10899,#10900,#10901,#10902));
#10904=FACE_OUTER_BOUND('',#10903,.T.);
#10905=ADVANCED_FACE('',(#10904),#10898,.T.);
#10906=CARTESIAN_POINT('',(-0.08193521393534545,-0.0005303300858899105,-0.0162979273756383));
#10907=DIRECTION('',(-0.9064113949765924,0.3819837405963275,-0.18029643639469228));
#10908=DIRECTION('',(-0.3883478612794664,-0.9215128532145738,0));
#10909=AXIS2_PLACEMENT_3D('',#10906,#10907,#10908);
#10910=PLANE('',#10909);
#10911=ORIENTED_EDGE('',*,*,#4862,.T.);
#10912=ORIENTED_EDGE('',*,*,#4867,.T.);
#10913=ORIENTED_EDGE('',*,*,#4872,.T.);
#10914=ORIENTED_EDGE('',*,*,#4877,.T.);
#10915=EDGE_LOOP('',(#10911,#10912,#10913,#10914));
#10916=FACE_OUTER_BOUND('',#10915,.T.);
#10917=ADVANCED_FACE('',(#10916),#10910,.T.);
#10918=CARTESIAN_POINT('',(-0.08266922794321903,-0.0012803300858899107,-0.016443931839634263));
#10919=DIRECTION('',(-0.3760173500661697,0.9235890509462894,-0.07479450127748744));
#10920=DIRECTION('',(-0.9261833196918476,-0.37707354498106704,0));
#10921=AXIS2_PLACEMENT_3D('',#10918,#10919,#10920);
#10922=PLANE('',#10921);
#10923=ORIENTED_EDGE('',*,*,#4882,.T.);
#10924=ORIENTED_EDGE('',*,*,#4887,.T.);
#10925=ORIENTED_EDGE('',*,*,#4892,.T.);
#10926=ORIENTED_EDGE('',*,*,#4897,.T.);
#10927=EDGE_LOOP('',(#10923,#10924,#10925,#10926));
#10928=FACE_OUTER_BOUND('',#10927,.T.);
#10929=ADVANCED_FACE('',(#10928),#10922,.T.);
#10930=CARTESIAN_POINT('',(-0.08370728050812568,-0.001280330085889911,-0.01665041333278437));
#10931=DIRECTION('',(0.37601735006617193,0.9235890509462885,0.07479450127748787));
#10932=DIRECTION('',(-0.9261833196918468,0.37707354498106926,0));
#10933=AXIS2_PLACEMENT_3D('',#10930,#10931,#10932);
#10934=PLANE('',#10933);
#10935=ORIENTED_EDGE('',*,*,#4902,.T.);
#10936=ORIENTED_EDGE('',*,*,#4907,.T.);
#10937=ORIENTED_EDGE('',*,*,#4912,.T.);
#10938=ORIENTED_EDGE('',*,*,#4917,.T.);
#10939=EDGE_LOOP('',(#10935,#10936,#10937,#10938));
#10940=FACE_OUTER_BOUND('',#10939,.T.);
#10941=ADVANCED_FACE('',(#10940),#10934,.T.);
#10942=CARTESIAN_POINT('',(-0.08444129451599926,-0.0005303300858899108,-0.016796417796780334));
#10943=DIRECTION('',(0.9064113949765874,0.3819837405963402,0.18029643639469062));
#10944=DIRECTION('',(-0.3883478612794792,0.9215128532145682,0));
#10945=AXIS2_PLACEMENT_3D('',#10942,#10943,#10944);
#10946=PLANE('',#10945);
#10947=ORIENTED_EDGE('',*,*,#4922,.T.);
#10948=ORIENTED_EDGE('',*,*,#4927,.T.);
#10949=ORIENTED_EDGE('',*,*,#4932,.T.);
#10950=ORIENTED_EDGE('',*,*,#4937,.T.);
#10951=EDGE_LOOP('',(#10947,#10948,#10949,#10950));
#10952=FACE_OUTER_BOUND('',#10951,.T.);
#10953=ADVANCED_FACE('',(#10952),#10946,.T.);
#10954=CARTESIAN_POINT('',(-0.08152651507768914,0.0005303300858899106,-0.02767452275341077));
#10955=DIRECTION('',(0.8751235125267646,-0.3819837405963308,0.29706440335868695));
#10956=DIRECTION('',(0.40004268972257634,0.9164965064851728,0));
#10957=AXIS2_PLACEMENT_3D('',#10954,#10955,#10956);
#10958=PLANE('',#10957);
#10959=ORIENTED_EDGE('',*,*,#4942,.T.);
#10960=ORIENTED_EDGE('',*,*,#4947,.T.);
#10961=ORIENTED_EDGE('',*,*,#4952,.T.);
#10962=ORIENTED_EDGE('',*,*,#4957,.T.);
#10963=EDGE_LOOP('',(#10959,#10960,#10961,#10962));
#10964=FACE_OUTER_BOUND('',#10963,.T.);
#10965=ADVANCED_FACE('',(#10964),#10958,.T.);
#10966=CARTESIAN_POINT('',(-0.08081783806813901,0.0012803300858899107,-0.02743395932436042));
#10967=DIRECTION('',(0.36303782805975265,-0.9235890509462894,0.12323473686339288));
#10968=DIRECTION('',(0.9306831376198305,0.36582632129209586,0));
#10969=AXIS2_PLACEMENT_3D('',#10966,#10967,#10968);
#10970=PLANE('',#10969);
#10971=ORIENTED_EDGE('',*,*,#4962,.T.);
#10972=ORIENTED_EDGE('',*,*,#4967,.T.);
#10973=ORIENTED_EDGE('',*,*,#4972,.T.);
#10974=ORIENTED_EDGE('',*,*,#4977,.T.);
#10975=EDGE_LOOP('',(#10971,#10972,#10973,#10974));
#10976=FACE_OUTER_BOUND('',#10975,.T.);
#10977=ADVANCED_FACE('',(#10976),#10970,.T.);
#10978=CARTESIAN_POINT('',(-0.0798156174298912,0.0012803300858899107,-0.027093751260386434));
#10979=DIRECTION('',(-0.3630378280597493,-0.9235890509462911,-0.1232347368633919));
#10980=DIRECTION('',(0.9306831376198318,-0.36582632129209236,0));
#10981=AXIS2_PLACEMENT_3D('',#10978,#10979,#10980);
#10982=PLANE('',#10981);
#10983=ORIENTED_EDGE('',*,*,#4982,.T.);
#10984=ORIENTED_EDGE('',*,*,#4987,.T.);
#10985=ORIENTED_EDGE('',*,*,#4992,.T.);
#10986=ORIENTED_EDGE('',*,*,#4997,.T.);
#10987=EDGE_LOOP('',(#10983,#10984,#10985,#10986));
#10988=FACE_OUTER_BOUND('',#10987,.T.);
#10989=ADVANCED_FACE('',(#10988),#10982,.T.);
#10990=CARTESIAN_POINT('',(-0.07910694042034107,0.0005303300858899107,-0.02685318783133608));
#10991=DIRECTION('',(-0.8751235125267712,-0.3819837405963142,-0.29706440335868906));
#10992=DIRECTION('',(0.4000426897225592,-0.9164965064851803,0));
#10993=AXIS2_PLACEMENT_3D('',#10990,#10991,#10992);
#10994=PLANE('',#10993);
#10995=ORIENTED_EDGE('',*,*,#5002,.T.);
#10996=ORIENTED_EDGE('',*,*,#5007,.T.);
#10997=ORIENTED_EDGE('',*,*,#5012,.T.);
#10998=ORIENTED_EDGE('',*,*,#5017,.T.);
#10999=EDGE_LOOP('',(#10995,#10996,#10997,#10998));
#11000=FACE_OUTER_BOUND('',#10999,.T.);
#11001=ADVANCED_FACE('',(#11000),#10994,.T.);
#11002=CARTESIAN_POINT('',(-0.07910694042034107,-0.0005303300858899105,-0.02685318783133608));
#11003=DIRECTION('',(-0.8751235125267712,0.3819837405963142,-0.29706440335868906));
#11004=DIRECTION('',(-0.4000426897225592,-0.9164965064851803,0));
#11005=AXIS2_PLACEMENT_3D('',#11002,#11003,#11004);
#11006=PLANE('',#11005);
#11007=ORIENTED_EDGE('',*,*,#5022,.T.);
#11008=ORIENTED_EDGE('',*,*,#5027,.T.);
#11009=ORIENTED_EDGE('',*,*,#5032,.T.);
#11010=ORIENTED_EDGE('',*,*,#5037,.T.);
#11011=EDGE_LOOP('',(#11007,#11008,#11009,#11010));
#11012=FACE_OUTER_BOUND('',#11011,.T.);
#11013=ADVANCED_FACE('',(#11012),#11006,.T.);
#11014=CARTESIAN_POINT('',(-0.0798156174298912,-0.0012803300858899107,-0.027093751260386434));
#11015=DIRECTION('',(-0.3630378280597494,0.9235890509462908,-0.12323473686339192));
#11016=DIRECTION('',(-0.9306831376198317,-0.36582632129209247,0));
#11017=AXIS2_PLACEMENT_3D('',#11014,#11015,#11016);
#11018=PLANE('',#11017);
#11019=ORIENTED_EDGE('',*,*,#5042,.T.);
#11020=ORIENTED_EDGE('',*,*,#5047,.T.);
#11021=ORIENTED_EDGE('',*,*,#5052,.T.);
#11022=ORIENTED_EDGE('',*,*,#5057,.T.);
#11023=EDGE_LOOP('',(#11019,#11020,#11021,#11022));
#11024=FACE_OUTER_BOUND('',#11023,.T.);
#11025=ADVANCED_FACE('',(#11024),#11018,.T.);
#11026=CARTESIAN_POINT('',(-0.080817838068139,-0.001280330085889911,-0.02743395932436042));
#11027=DIRECTION('',(0.3630378280597525,0.9235890509462896,0.12323473686339279));
#11028=DIRECTION('',(-0.9306831376198305,0.3658263212920956,0));
#11029=AXIS2_PLACEMENT_3D('',#11026,#11027,#11028);
#11030=PLANE('',#11029);
#11031=ORIENTED_EDGE('',*,*,#5062,.T.);
#11032=ORIENTED_EDGE('',*,*,#5067,.T.);
#11033=ORIENTED_EDGE('',*,*,#5072,.T.);
#11034=ORIENTED_EDGE('',*,*,#5077,.T.);
#11035=EDGE_LOOP('',(#11031,#11032,#11033,#11034));
#11036=FACE_OUTER_BOUND('',#11035,.T.);
#11037=ADVANCED_FACE('',(#11036),#11030,.T.);
#11038=CARTESIAN_POINT('',(-0.08152651507768914,-0.0005303300858899108,-0.027674522753410775));
#11039=DIRECTION('',(0.8751235125267648,0.38198374059633056,0.29706440335868683));
#11040=DIRECTION('',(-0.40004268972257606,0.916496506485173,0));
#11041=AXIS2_PLACEMENT_3D('',#11038,#11039,#11040);
#11042=PLANE('',#11041);
#11043=ORIENTED_EDGE('',*,*,#5082,.T.);
#11044=ORIENTED_EDGE('',*,*,#5087,.T.);
#11045=ORIENTED_EDGE('',*,*,#5092,.T.);
#11046=ORIENTED_EDGE('',*,*,#5097,.T.);
#11047=EDGE_LOOP('',(#11043,#11044,#11045,#11046));
#11048=FACE_OUTER_BOUND('',#11047,.T.);
#11049=ADVANCED_FACE('',(#11048),#11042,.T.);
#11050=CARTESIAN_POINT('',(-0.07721679436297947,0.0005303300858899106,-0.03807910895290311));
#11051=DIRECTION('',(0.8288620241475327,-0.3819837405963206,0.4087495160194048));
#11052=DIRECTION('',(0.4185450718554113,0.908196026651487,0));
#11053=AXIS2_PLACEMENT_3D('',#11050,#11051,#11052);
#11054=PLANE('',#11053);
#11055=ORIENTED_EDGE('',*,*,#5102,.T.);
#11056=ORIENTED_EDGE('',*,*,#5107,.T.);
#11057=ORIENTED_EDGE('',*,*,#5112,.T.);
#11058=ORIENTED_EDGE('',*,*,#5117,.T.);
#11059=EDGE_LOOP('',(#11055,#11056,#11057,#11058));
#11060=FACE_OUTER_BOUND('',#11059,.T.);
#11061=ADVANCED_FACE('',(#11060),#11054,.T.);
#11062=CARTESIAN_POINT('',(-0.07654558001186858,0.0012803300858899107,-0.037748102665766205));
#11063=DIRECTION('',(0.3438466281621328,-0.9235890509462891,0.16956639193444248));
#11064=DIRECTION('',(0.9371602880940306,0.3488991178256455,0));
#11065=AXIS2_PLACEMENT_3D('',#11062,#11063,#11064);
#11066=PLANE('',#11065);
#11067=ORIENTED_EDGE('',*,*,#5122,.T.);
#11068=ORIENTED_EDGE('',*,*,#5127,.T.);
#11069=ORIENTED_EDGE('',*,*,#5132,.T.);
#11070=ORIENTED_EDGE('',*,*,#5137,.T.);
#11071=EDGE_LOOP('',(#11067,#11068,#11069,#11070));
#11072=FACE_OUTER_BOUND('',#11071,.T.);
#11073=ADVANCED_FACE('',(#11072),#11066,.T.);
#11074=CARTESIAN_POINT('',(-0.0755963395732681,0.0012803300858899107,-0.03727998908526643));
#11075=DIRECTION('',(-0.3438466281621309,-0.9235890509462901,-0.16956639193444126));
#11076=DIRECTION('',(0.9371602880940313,-0.3488991178256434,0));
#11077=AXIS2_PLACEMENT_3D('',#11074,#11075,#11076);
#11078=PLANE('',#11077);
#11079=ORIENTED_EDGE('',*,*,#5142,.T.);
#11080=ORIENTED_EDGE('',*,*,#5147,.T.);
#11081=ORIENTED_EDGE('',*,*,#5152,.T.);
#11082=ORIENTED_EDGE('',*,*,#5157,.T.);
#11083=EDGE_LOOP('',(#11079,#11080,#11081,#11082));
#11084=FACE_OUTER_BOUND('',#11083,.T.);
#11085=ADVANCED_FACE('',(#11084),#11078,.T.);
#11086=CARTESIAN_POINT('',(-0.0749251252221572,0.0005303300858899107,-0.03694898279812952));
#11087=DIRECTION('',(-0.8288620241475316,-0.3819837405963248,-0.40874951601940307));
#11088=DIRECTION('',(0.4185450718554155,-0.9081960266514851,0));
#11089=AXIS2_PLACEMENT_3D('',#11086,#11087,#11088);
#11090=PLANE('',#11089);
#11091=ORIENTED_EDGE('',*,*,#5162,.T.);
#11092=ORIENTED_EDGE('',*,*,#5167,.T.);
#11093=ORIENTED_EDGE('',*,*,#5172,.T.);
#11094=ORIENTED_EDGE('',*,*,#5177,.T.);
#11095=EDGE_LOOP('',(#11091,#11092,#11093,#11094));
#11096=FACE_OUTER_BOUND('',#11095,.T.);
#11097=ADVANCED_FACE('',(#11096),#11090,.T.);
#11098=CARTESIAN_POINT('',(-0.0749251252221572,-0.0005303300858899105,-0.03694898279812952));
#11099=DIRECTION('',(-0.8288620241475316,0.3819837405963248,-0.40874951601940307));
#11100=DIRECTION('',(-0.4185450718554155,-0.9081960266514851,0));
#11101=AXIS2_PLACEMENT_3D('',#11098,#11099,#11100);
#11102=PLANE('',#11101);
#11103=ORIENTED_EDGE('',*,*,#5182,.T.);
#11104=ORIENTED_EDGE('',*,*,#5187,.T.);
#11105=ORIENTED_EDGE('',*,*,#5192,.T.);
#11106=ORIENTED_EDGE('',*,*,#5197,.T.);
#11107=EDGE_LOOP('',(#11103,#11104,#11105,#11106));
#11108=FACE_OUTER_BOUND('',#11107,.T.);
#11109=ADVANCED_FACE('',(#11108),#11102,.T.);
#11110=CARTESIAN_POINT('',(-0.0755963395732681,-0.0012803300858899107,-0.03727998908526643));
#11111=DIRECTION('',(-0.3438466281621311,0.9235890509462898,-0.16956639193444137));
#11112=DIRECTION('',(-0.9371602880940313,-0.3488991178256437,0));
#11113=AXIS2_PLACEMENT_3D('',#11110,#11111,#11112);
#11114=PLANE('',#11113);
#11115=ORIENTED_EDGE('',*,*,#5202,.T.);
#11116=ORIENTED_EDGE('',*,*,#5207,.T.);
#11117=ORIENTED_EDGE('',*,*,#5212,.T.);
#11118=ORIENTED_EDGE('',*,*,#5217,.T.);
#11119=EDGE_LOOP('',(#11115,#11116,#11117,#11118));
#11120=FACE_OUTER_BOUND('',#11119,.T.);
#11121=ADVANCED_FACE('',(#11120),#11114,.T.);
#11122=CARTESIAN_POINT('',(-0.07654558001186858,-0.001280330085889911,-0.037748102665766205));
#11123=DIRECTION('',(0.34384662816213235,0.9235890509462894,0.16956639193444237));
#11124=DIRECTION('',(-0.9371602880940307,0.3488991178256449,0));
#11125=AXIS2_PLACEMENT_3D('',#11122,#11123,#11124);
#11126=PLANE('',#11125);
#11127=ORIENTED_EDGE('',*,*,#5222,.T.);
#11128=ORIENTED_EDGE('',*,*,#5227,.T.);
#11129=ORIENTED_EDGE('',*,*,#5232,.T.);
#11130=ORIENTED_EDGE('',*,*,#5237,.T.);
#11131=EDGE_LOOP('',(#11127,#11128,#11129,#11130));
#11132=FACE_OUTER_BOUND('',#11131,.T.);
#11133=ADVANCED_FACE('',(#11132),#11126,.T.);
#11134=CARTESIAN_POINT('',(-0.07721679436297947,-0.0005303300858899108,-0.03807910895290312));
#11135=DIRECTION('',(0.8288620241475326,0.38198374059632056,0.40874951601940496));
#11136=DIRECTION('',(-0.41854507185541123,0.908196026651487,0));
#11137=AXIS2_PLACEMENT_3D('',#11134,#11135,#11136);
#11138=PLANE('',#11137);
#11139=ORIENTED_EDGE('',*,*,#5242,.T.);
#11140=ORIENTED_EDGE('',*,*,#5247,.T.);
#11141=ORIENTED_EDGE('',*,*,#5252,.T.);
#11142=ORIENTED_EDGE('',*,*,#5257,.T.);
#11143=EDGE_LOOP('',(#11139,#11140,#11141,#11142));
#11144=FACE_OUTER_BOUND('',#11143,.T.);
#11145=ADVANCED_FACE('',(#11144),#11138,.T.);
#11146=CARTESIAN_POINT('',(-0.0715858728881793,0.0005303300858899106,-0.04783215104068769));
#11147=DIRECTION('',(0.7684184767311624,-0.3819837405963288,0.5134408111342501));
#11148=DIRECTION('',(0.4451376384210468,0.895462161602004,0));
#11149=AXIS2_PLACEMENT_3D('',#11146,#11147,#11148);
#11150=PLANE('',#11149);
#11151=ORIENTED_EDGE('',*,*,#5262,.T.);
#11152=ORIENTED_EDGE('',*,*,#5267,.T.);
#11153=ORIENTED_EDGE('',*,*,#5272,.T.);
#11154=ORIENTED_EDGE('',*,*,#5277,.T.);
#11155=EDGE_LOOP('',(#11151,#11152,#11153,#11154));
#11156=FACE_OUTER_BOUND('',#11155,.T.);
#11157=ADVANCED_FACE('',(#11156),#11150,.T.);
#11158=CARTESIAN_POINT('',(-0.07096360585915093,0.0012803300858899107,-0.047416365504809425));
#11159=DIRECTION('',(0.3187721171243625,-0.923589050946289,0.2129967190268079));
#11160=DIRECTION('',(0.9452804830357576,0.3262588058454281,0));
#11161=AXIS2_PLACEMENT_3D('',#11158,#11159,#11160);
#11162=PLANE('',#11161);
#11163=ORIENTED_EDGE('',*,*,#5282,.T.);
#11164=ORIENTED_EDGE('',*,*,#5287,.T.);
#11165=ORIENTED_EDGE('',*,*,#5292,.T.);
#11166=ORIENTED_EDGE('',*,*,#5297,.T.);
#11167=EDGE_LOOP('',(#11163,#11164,#11165,#11166));
#11168=FACE_OUTER_BOUND('',#11167,.T.);
#11169=ADVANCED_FACE('',(#11168),#11162,.T.);
#11170=CARTESIAN_POINT('',(-0.07008358738728138,0.0012803300858899107,-0.046828355960931815));
#11171=DIRECTION('',(-0.31877211712436127,-0.9235890509462895,-0.21299671902680706));
#11172=DIRECTION('',(0.9452804830357581,-0.3262588058454268,0));
#11173=AXIS2_PLACEMENT_3D('',#11170,#11171,#11172);
#11174=PLANE('',#11173);
#11175=ORIENTED_EDGE('',*,*,#5302,.T.);
#11176=ORIENTED_EDGE('',*,*,#5307,.T.);
#11177=ORIENTED_EDGE('',*,*,#5312,.T.);
#11178=ORIENTED_EDGE('',*,*,#5317,.T.);
#11179=EDGE_LOOP('',(#11175,#11176,#11177,#11178));
#11180=FACE_OUTER_BOUND('',#11179,.T.);
#11181=ADVANCED_FACE('',(#11180),#11174,.T.);
#11182=CARTESIAN_POINT('',(-0.069461320358253,0.0005303300858899107,-0.04641257042505354));
#11183=DIRECTION('',(-0.7684184767311609,-0.3819837405963321,-0.5134408111342499));
#11184=DIRECTION('',(0.44513763842105064,-0.8954621616020021,0));
#11185=AXIS2_PLACEMENT_3D('',#11182,#11183,#11184);
#11186=PLANE('',#11185);
#11187=ORIENTED_EDGE('',*,*,#5322,.T.);
#11188=ORIENTED_EDGE('',*,*,#5327,.T.);
#11189=ORIENTED_EDGE('',*,*,#5332,.T.);
#11190=ORIENTED_EDGE('',*,*,#5337,.T.);
#11191=EDGE_LOOP('',(#11187,#11188,#11189,#11190));
#11192=FACE_OUTER_BOUND('',#11191,.T.);
#11193=ADVANCED_FACE('',(#11192),#11186,.T.);
#11194=CARTESIAN_POINT('',(-0.069461320358253,-0.0005303300858899105,-0.04641257042505355));
#11195=DIRECTION('',(-0.768418476731161,0.38198374059633194,-0.5134408111342497));
#11196=DIRECTION('',(-0.44513763842105036,-0.8954621616020021,0));
#11197=AXIS2_PLACEMENT_3D('',#11194,#11195,#11196);
#11198=PLANE('',#11197);
#11199=ORIENTED_EDGE('',*,*,#5342,.T.);
#11200=ORIENTED_EDGE('',*,*,#5347,.T.);
#11201=ORIENTED_EDGE('',*,*,#5352,.T.);
#11202=ORIENTED_EDGE('',*,*,#5357,.T.);
#11203=EDGE_LOOP('',(#11199,#11200,#11201,#11202));
#11204=FACE_OUTER_BOUND('',#11203,.T.);
#11205=ADVANCED_FACE('',(#11204),#11198,.T.);
#11206=CARTESIAN_POINT('',(-0.07008358738728139,-0.0012803300858899107,-0.046828355960931815));
#11207=DIRECTION('',(-0.31877211712436127,0.9235890509462895,-0.2129967190268072));
#11208=DIRECTION('',(-0.9452804830357581,-0.3262588058454268,0));
#11209=AXIS2_PLACEMENT_3D('',#11206,#11207,#11208);
#11210=PLANE('',#11209);
#11211=ORIENTED_EDGE('',*,*,#5362,.T.);
#11212=ORIENTED_EDGE('',*,*,#5367,.T.);
#11213=ORIENTED_EDGE('',*,*,#5372,.T.);
#11214=ORIENTED_EDGE('',*,*,#5377,.T.);
#11215=EDGE_LOOP('',(#11211,#11212,#11213,#11214));
#11216=FACE_OUTER_BOUND('',#11215,.T.);
#11217=ADVANCED_FACE('',(#11216),#11210,.T.);
#11218=CARTESIAN_POINT('',(-0.07096360585915092,-0.001280330085889911,-0.047416365504809425));
#11219=DIRECTION('',(0.3187721171243625,0.923589050946289,0.2129967190268077));
#11220=DIRECTION('',(-0.9452804830357576,0.3262588058454281,0));
#11221=AXIS2_PLACEMENT_3D('',#11218,#11219,#11220);
#11222=PLANE('',#11221);
#11223=ORIENTED_EDGE('',*,*,#5382,.T.);
#11224=ORIENTED_EDGE('',*,*,#5387,.T.);
#11225=ORIENTED_EDGE('',*,*,#5392,.T.);
#11226=ORIENTED_EDGE('',*,*,#5397,.T.);
#11227=EDGE_LOOP('',(#11223,#11224,#11225,#11226));
#11228=FACE_OUTER_BOUND('',#11227,.T.);
#11229=ADVANCED_FACE('',(#11228),#11222,.T.);
#11230=CARTESIAN_POINT('',(-0.0715858728881793,-0.0005303300858899108,-0.0478321510406877));
#11231=DIRECTION('',(0.7684184767311625,0.3819837405963286,0.51344081113425));
#11232=DIRECTION('',(-0.4451376384210466,0.8954621616020041,0));
#11233=AXIS2_PLACEMENT_3D('',#11230,#11231,#11232);
#11234=PLANE('',#11233);
#11235=ORIENTED_EDGE('',*,*,#5402,.T.);
#11236=ORIENTED_EDGE('',*,*,#5407,.T.);
#11237=ORIENTED_EDGE('',*,*,#5412,.T.);
#11238=ORIENTED_EDGE('',*,*,#5417,.T.);
#11239=EDGE_LOOP('',(#11235,#11236,#11237,#11238));
#11240=FACE_OUTER_BOUND('',#11239,.T.);
#11241=ADVANCED_FACE('',(#11240),#11234,.T.);
#11242=CARTESIAN_POINT('',(-0.0647300972809088,0.0005303300858899106,-0.056766771762588444));
#11243=DIRECTION('',(0.6948270761320726,-0.38198374059633383,0.6093469916179022));
#11244=DIRECTION('',(0.4817530184613712,0.8763070404848736,0));
#11245=AXIS2_PLACEMENT_3D('',#11242,#11243,#11244);
#11246=PLANE('',#11245);
#11247=ORIENTED_EDGE('',*,*,#5422,.T.);
#11248=ORIENTED_EDGE('',*,*,#5427,.T.);
#11249=ORIENTED_EDGE('',*,*,#5432,.T.);
#11250=ORIENTED_EDGE('',*,*,#5437,.T.);
#11251=EDGE_LOOP('',(#11247,#11248,#11249,#11250));
#11252=FACE_OUTER_BOUND('',#11251,.T.);
#11253=ADVANCED_FACE('',(#11252),#11246,.T.);
#11254=CARTESIAN_POINT('',(-0.06416742473535463,0.0012803300858899107,-0.05627332118376521));
#11255=DIRECTION('',(0.2882433267822672,-0.9235890509462885,0.2527826132027777));
#11256=DIRECTION('',(0.9545912136273073,0.2979188058272668,0));
#11257=AXIS2_PLACEMENT_3D('',#11254,#11255,#11256);
#11258=PLANE('',#11257);
#11259=ORIENTED_EDGE('',*,*,#5442,.T.);
#11260=ORIENTED_EDGE('',*,*,#5447,.T.);
#11261=ORIENTED_EDGE('',*,*,#5452,.T.);
#11262=ORIENTED_EDGE('',*,*,#5457,.T.);
#11263=EDGE_LOOP('',(#11259,#11260,#11261,#11262));
#11264=FACE_OUTER_BOUND('',#11263,.T.);
#11265=ADVANCED_FACE('',(#11264),#11258,.T.);
#11266=CARTESIAN_POINT('',(-0.06337168559025694,0.0012803300858899107,-0.05557547668283255));
#11267=DIRECTION('',(-0.28824332678226766,-0.9235890509462883,-0.25278261320277806));
#11268=DIRECTION('',(0.9545912136273071,-0.2979188058272673,0));
#11269=AXIS2_PLACEMENT_3D('',#11266,#11267,#11268);
#11270=PLANE('',#11269);
#11271=ORIENTED_EDGE('',*,*,#5462,.T.);
#11272=ORIENTED_EDGE('',*,*,#5467,.T.);
#11273=ORIENTED_EDGE('',*,*,#5472,.T.);
#11274=ORIENTED_EDGE('',*,*,#5477,.T.);
#11275=EDGE_LOOP('',(#11271,#11272,#11273,#11274));
#11276=FACE_OUTER_BOUND('',#11275,.T.);
#11277=ADVANCED_FACE('',(#11276),#11270,.T.);
#11278=CARTESIAN_POINT('',(-0.06280901304470278,0.0005303300858899107,-0.05508202610400933));
#11279=DIRECTION('',(-0.6948270761320713,-0.381983740596337,-0.6093469916179017));
#11280=DIRECTION('',(0.4817530184613749,-0.8763070404848714,0));
#11281=AXIS2_PLACEMENT_3D('',#11278,#11279,#11280);
#11282=PLANE('',#11281);
#11283=ORIENTED_EDGE('',*,*,#5482,.T.);
#11284=ORIENTED_EDGE('',*,*,#5487,.T.);
#11285=ORIENTED_EDGE('',*,*,#5492,.T.);
#11286=ORIENTED_EDGE('',*,*,#5497,.T.);
#11287=EDGE_LOOP('',(#11283,#11284,#11285,#11286));
#11288=FACE_OUTER_BOUND('',#11287,.T.);
#11289=ADVANCED_FACE('',(#11288),#11282,.T.);
#11290=CARTESIAN_POINT('',(-0.06280901304470277,-0.0005303300858899105,-0.055082026104009335));
#11291=DIRECTION('',(-0.6948270761320713,0.381983740596337,-0.6093469916179017));
#11292=DIRECTION('',(-0.4817530184613749,-0.8763070404848714,0));
#11293=AXIS2_PLACEMENT_3D('',#11290,#11291,#11292);
#11294=PLANE('',#11293);
#11295=ORIENTED_EDGE('',*,*,#5502,.T.);
#11296=ORIENTED_EDGE('',*,*,#5507,.T.);
#11297=ORIENTED_EDGE('',*,*,#5512,.T.);
#11298=ORIENTED_EDGE('',*,*,#5517,.T.);
#11299=EDGE_LOOP('',(#11295,#11296,#11297,#11298));
#11300=FACE_OUTER_BOUND('',#11299,.T.);
#11301=ADVANCED_FACE('',(#11300),#11294,.T.);
#11302=CARTESIAN_POINT('',(-0.06337168559025694,-0.0012803300858899107,-0.05557547668283255));
#11303=DIRECTION('',(-0.2882433267822691,0.9235890509462876,-0.2527826132027792));
#11304=DIRECTION('',(-0.9545912136273066,-0.2979188058272689,0));
#11305=AXIS2_PLACEMENT_3D('',#11302,#11303,#11304);
#11306=PLANE('',#11305);
#11307=ORIENTED_EDGE('',*,*,#5522,.T.);
#11308=ORIENTED_EDGE('',*,*,#5527,.T.);
#11309=ORIENTED_EDGE('',*,*,#5532,.T.);
#11310=ORIENTED_EDGE('',*,*,#5537,.T.);
#11311=EDGE_LOOP('',(#11307,#11308,#11309,#11310));
#11312=FACE_OUTER_BOUND('',#11311,.T.);
#11313=ADVANCED_FACE('',(#11312),#11306,.T.);
#11314=CARTESIAN_POINT('',(-0.06416742473535464,-0.001280330085889911,-0.05627332118376521));
#11315=DIRECTION('',(0.288243326782267,0.9235890509462887,0.25278261320277745));
#11316=DIRECTION('',(-0.9545912136273074,0.29791880582726654,0));
#11317=AXIS2_PLACEMENT_3D('',#11314,#11315,#11316);
#11318=PLANE('',#11317);
#11319=ORIENTED_EDGE('',*,*,#5542,.T.);
#11320=ORIENTED_EDGE('',*,*,#5547,.T.);
#11321=ORIENTED_EDGE('',*,*,#5552,.T.);
#11322=ORIENTED_EDGE('',*,*,#5557,.T.);
#11323=EDGE_LOOP('',(#11319,#11320,#11321,#11322));
#11324=FACE_OUTER_BOUND('',#11323,.T.);
#11325=ADVANCED_FACE('',(#11324),#11318,.T.);
#11326=CARTESIAN_POINT('',(-0.0647300972809088,-0.0005303300858899108,-0.05676677176258844));
#11327=DIRECTION('',(0.6948270761320726,0.3819837405963338,0.6093469916179023));
#11328=DIRECTION('',(-0.48175301846137114,0.8763070404848736,0));
#11329=AXIS2_PLACEMENT_3D('',#11326,#11327,#11328);
#11330=PLANE('',#11329);
#11331=ORIENTED_EDGE('',*,*,#5562,.T.);
#11332=ORIENTED_EDGE('',*,*,#5567,.T.);
#11333=ORIENTED_EDGE('',*,*,#5572,.T.);
#11334=ORIENTED_EDGE('',*,*,#5577,.T.);
#11335=EDGE_LOOP('',(#11331,#11332,#11333,#11334));
#11336=FACE_OUTER_BOUND('',#11335,.T.);
#11337=ADVANCED_FACE('',(#11336),#11330,.T.);
#11338=CARTESIAN_POINT('',(-0.05676677176258847,0.0005303300858899106,-0.06473009728090877));
#11339=DIRECTION('',(0.6093469916179041,-0.38198374059632834,0.6948270761320738));
#11340=DIRECTION('',(0.5311402102178304,0.8472839412438777,0));
#11341=AXIS2_PLACEMENT_3D('',#11338,#11339,#11340);
#11342=PLANE('',#11341);
#11343=ORIENTED_EDGE('',*,*,#5582,.T.);
#11344=ORIENTED_EDGE('',*,*,#5587,.T.);
#11345=ORIENTED_EDGE('',*,*,#5592,.T.);
#11346=ORIENTED_EDGE('',*,*,#5597,.T.);
#11347=EDGE_LOOP('',(#11343,#11344,#11345,#11346));
#11348=FACE_OUTER_BOUND('',#11347,.T.);
#11349=ADVANCED_FACE('',(#11348),#11342,.T.);
#11350=CARTESIAN_POINT('',(-0.05627332118376525,0.0012803300858899107,-0.0641674247353546));
#11351=DIRECTION('',(0.2527826132027767,-0.9235890509462893,0.2882433267822655));
#11352=DIRECTION('',(0.964526249005143,0.26398695986746934,0));
#11353=AXIS2_PLACEMENT_3D('',#11350,#11351,#11352);
#11354=PLANE('',#11353);
#11355=ORIENTED_EDGE('',*,*,#5602,.T.);
#11356=ORIENTED_EDGE('',*,*,#5607,.T.);
#11357=ORIENTED_EDGE('',*,*,#5612,.T.);
#11358=ORIENTED_EDGE('',*,*,#5617,.T.);
#11359=EDGE_LOOP('',(#11355,#11356,#11357,#11358));
#11360=FACE_OUTER_BOUND('',#11359,.T.);
#11361=ADVANCED_FACE('',(#11360),#11354,.T.);
#11362=CARTESIAN_POINT('',(-0.055575476682832595,0.0012803300858899107,-0.06337168559025691));
#11363=DIRECTION('',(-0.25278261320277745,-0.9235890509462888,-0.2882433267822664));
#11364=DIRECTION('',(0.9645262490051427,-0.2639869598674702,0));
#11365=AXIS2_PLACEMENT_3D('',#11362,#11363,#11364);
#11366=PLANE('',#11365);
#11367=ORIENTED_EDGE('',*,*,#5622,.T.);
#11368=ORIENTED_EDGE('',*,*,#5627,.T.);
#11369=ORIENTED_EDGE('',*,*,#5632,.T.);
#11370=ORIENTED_EDGE('',*,*,#5637,.T.);
#11371=EDGE_LOOP('',(#11367,#11368,#11369,#11370));
#11372=FACE_OUTER_BOUND('',#11371,.T.);
#11373=ADVANCED_FACE('',(#11372),#11366,.T.);
#11374=CARTESIAN_POINT('',(-0.05508202610400937,0.0005303300858899107,-0.06280901304470274));
#11375=DIRECTION('',(-0.6093469916179027,-0.3819837405963332,-0.6948270761320724));
#11376=DIRECTION('',(0.5311402102178361,-0.8472839412438742,0));
#11377=AXIS2_PLACEMENT_3D('',#11374,#11375,#11376);
#11378=PLANE('',#11377);
#11379=ORIENTED_EDGE('',*,*,#5642,.T.);
#11380=ORIENTED_EDGE('',*,*,#5647,.T.);
#11381=ORIENTED_EDGE('',*,*,#5652,.T.);
#11382=ORIENTED_EDGE('',*,*,#5657,.T.);
#11383=EDGE_LOOP('',(#11379,#11380,#11381,#11382));
#11384=FACE_OUTER_BOUND('',#11383,.T.);
#11385=ADVANCED_FACE('',(#11384),#11378,.T.);
#11386=CARTESIAN_POINT('',(-0.05508202610400936,-0.0005303300858899105,-0.06280901304470274));
#11387=DIRECTION('',(-0.6093469916179027,0.3819837405963332,-0.6948270761320724));
#11388=DIRECTION('',(-0.5311402102178361,-0.8472839412438742,0));
#11389=AXIS2_PLACEMENT_3D('',#11386,#11387,#11388);
#11390=PLANE('',#11389);
#11391=ORIENTED_EDGE('',*,*,#5662,.T.);
#11392=ORIENTED_EDGE('',*,*,#5667,.T.);
#11393=ORIENTED_EDGE('',*,*,#5672,.T.);
#11394=ORIENTED_EDGE('',*,*,#5677,.T.);
#11395=EDGE_LOOP('',(#11391,#11392,#11393,#11394));
#11396=FACE_OUTER_BOUND('',#11395,.T.);
#11397=ADVANCED_FACE('',(#11396),#11390,.T.);
#11398=CARTESIAN_POINT('',(-0.05557547668283259,-0.0012803300858899107,-0.06337168559025691));
#11399=DIRECTION('',(-0.25278261320277745,0.9235890509462888,-0.2882433267822665));
#11400=DIRECTION('',(-0.9645262490051427,-0.2639869598674702,0));
#11401=AXIS2_PLACEMENT_3D('',#11398,#11399,#11400);
#11402=PLANE('',#11401);
#11403=ORIENTED_EDGE('',*,*,#5682,.T.);
#11404=ORIENTED_EDGE('',*,*,#5687,.T.);
#11405=ORIENTED_EDGE('',*,*,#5692,.T.);
#11406=ORIENTED_EDGE('',*,*,#5697,.T.);
#11407=EDGE_LOOP('',(#11403,#11404,#11405,#11406));
#11408=FACE_OUTER_BOUND('',#11407,.T.);
#11409=ADVANCED_FACE('',(#11408),#11402,.T.);
#11410=CARTESIAN_POINT('',(-0.05627332118376525,-0.001280330085889911,-0.06416742473535461));
#11411=DIRECTION('',(0.25278261320277523,0.9235890509462902,0.28824332678226416));
#11412=DIRECTION('',(-0.9645262490051435,0.2639869598674677,0));
#11413=AXIS2_PLACEMENT_3D('',#11410,#11411,#11412);
#11414=PLANE('',#11413);
#11415=ORIENTED_EDGE('',*,*,#5702,.T.);
#11416=ORIENTED_EDGE('',*,*,#5707,.T.);
#11417=ORIENTED_EDGE('',*,*,#5712,.T.);
#11418=ORIENTED_EDGE('',*,*,#5717,.T.);
#11419=EDGE_LOOP('',(#11415,#11416,#11417,#11418));
#11420=FACE_OUTER_BOUND('',#11419,.T.);
#11421=ADVANCED_FACE('',(#11420),#11414,.T.);
#11422=CARTESIAN_POINT('',(-0.05676677176258847,-0.0005303300858899108,-0.06473009728090877));
#11423=DIRECTION('',(0.609346991617904,0.3819837405963283,0.694827076132074));
#11424=DIRECTION('',(-0.5311402102178304,0.8472839412438778,0));
#11425=AXIS2_PLACEMENT_3D('',#11422,#11423,#11424);
#11426=PLANE('',#11425);
#11427=ORIENTED_EDGE('',*,*,#5722,.T.);
#11428=ORIENTED_EDGE('',*,*,#5727,.T.);
#11429=ORIENTED_EDGE('',*,*,#5732,.T.);
#11430=ORIENTED_EDGE('',*,*,#5737,.T.);
#11431=EDGE_LOOP('',(#11427,#11428,#11429,#11430));
#11432=FACE_OUTER_BOUND('',#11431,.T.);
#11433=ADVANCED_FACE('',(#11432),#11426,.T.);
#11434=CARTESIAN_POINT('',(-0.04783215104068774,0.0005303300858899106,-0.07158587288817927));
#11435=DIRECTION('',(0.5134408111342524,-0.38198374059632356,0.7684184767311634));
#11436=DIRECTION('',(0.5968983827585587,0.8023168455543092,0));
#11437=AXIS2_PLACEMENT_3D('',#11434,#11435,#11436);
#11438=PLANE('',#11437);
#11439=ORIENTED_EDGE('',*,*,#5742,.T.);
#11440=ORIENTED_EDGE('',*,*,#5747,.T.);
#11441=ORIENTED_EDGE('',*,*,#5752,.T.);
#11442=ORIENTED_EDGE('',*,*,#5757,.T.);
#11443=EDGE_LOOP('',(#11439,#11440,#11441,#11442));
#11444=FACE_OUTER_BOUND('',#11443,.T.);
#11445=ADVANCED_FACE('',(#11444),#11438,.T.);
#11446=CARTESIAN_POINT('',(-0.04741636550480947,0.0012803300858899107,-0.07096360585915089));
#11447=DIRECTION('',(0.2129967190268061,-0.9235890509462903,0.3187721171243595));
#11448=DIRECTION('',(0.9744233669033318,0.22472005258270755,0));
#11449=AXIS2_PLACEMENT_3D('',#11446,#11447,#11448);
#11450=PLANE('',#11449);
#11451=ORIENTED_EDGE('',*,*,#5762,.T.);
#11452=ORIENTED_EDGE('',*,*,#5767,.T.);
#11453=ORIENTED_EDGE('',*,*,#5772,.T.);
#11454=ORIENTED_EDGE('',*,*,#5777,.T.);
#11455=EDGE_LOOP('',(#11451,#11452,#11453,#11454));
#11456=FACE_OUTER_BOUND('',#11455,.T.);
#11457=ADVANCED_FACE('',(#11456),#11450,.T.);
#11458=CARTESIAN_POINT('',(-0.04682835596093185,0.0012803300858899107,-0.07008358738728135));
#11459=DIRECTION('',(-0.2129967190268074,-0.9235890509462891,-0.3187721171243625));
#11460=DIRECTION('',(0.9744233669033314,-0.22472005258270916,0));
#11461=AXIS2_PLACEMENT_3D('',#11458,#11459,#11460);
#11462=PLANE('',#11461);
#11463=ORIENTED_EDGE('',*,*,#5782,.T.);
#11464=ORIENTED_EDGE('',*,*,#5787,.T.);
#11465=ORIENTED_EDGE('',*,*,#5792,.T.);
#11466=ORIENTED_EDGE('',*,*,#5797,.T.);
#11467=EDGE_LOOP('',(#11463,#11464,#11465,#11466));
#11468=FACE_OUTER_BOUND('',#11467,.T.);
#11469=ADVANCED_FACE('',(#11468),#11462,.T.);
#11470=CARTESIAN_POINT('',(-0.04641257042505358,0.0005303300858899107,-0.06946132035825298));
#11471=DIRECTION('',(-0.5134408111342516,-0.38198374059632684,-0.7684184767311623));
#11472=DIRECTION('',(0.5968983827585627,-0.8023168455543063,0));
#11473=AXIS2_PLACEMENT_3D('',#11470,#11471,#11472);
#11474=PLANE('',#11473);
#11475=ORIENTED_EDGE('',*,*,#5802,.T.);
#11476=ORIENTED_EDGE('',*,*,#5807,.T.);
#11477=ORIENTED_EDGE('',*,*,#5812,.T.);
#11478=ORIENTED_EDGE('',*,*,#5817,.T.);
#11479=EDGE_LOOP('',(#11475,#11476,#11477,#11478));
#11480=FACE_OUTER_BOUND('',#11479,.T.);
#11481=ADVANCED_FACE('',(#11480),#11474,.T.);
#11482=CARTESIAN_POINT('',(-0.04641257042505358,-0.0005303300858899105,-0.06946132035825298));
#11483=DIRECTION('',(-0.5134408111342516,0.38198374059632684,-0.7684184767311625));
#11484=DIRECTION('',(-0.5968983827585627,-0.8023168455543063,0));
#11485=AXIS2_PLACEMENT_3D('',#11482,#11483,#11484);
#11486=PLANE('',#11485);
#11487=ORIENTED_EDGE('',*,*,#5822,.T.);
#11488=ORIENTED_EDGE('',*,*,#5827,.T.);
#11489=ORIENTED_EDGE('',*,*,#5832,.T.);
#11490=ORIENTED_EDGE('',*,*,#5837,.T.);
#11491=EDGE_LOOP('',(#11487,#11488,#11489,#11490));
#11492=FACE_OUTER_BOUND('',#11491,.T.);
#11493=ADVANCED_FACE('',(#11492),#11486,.T.);
#11494=CARTESIAN_POINT('',(-0.04682835596093185,-0.0012803300858899107,-0.07008358738728135));
#11495=DIRECTION('',(-0.21299671902680736,0.923589050946289,-0.3187721171243627));
#11496=DIRECTION('',(-0.9744233669033314,-0.22472005258270916,0));
#11497=AXIS2_PLACEMENT_3D('',#11494,#11495,#11496);
#11498=PLANE('',#11497);
#11499=ORIENTED_EDGE('',*,*,#5842,.T.);
#11500=ORIENTED_EDGE('',*,*,#5847,.T.);
#11501=ORIENTED_EDGE('',*,*,#5852,.T.);
#11502=ORIENTED_EDGE('',*,*,#5857,.T.);
#11503=EDGE_LOOP('',(#11499,#11500,#11501,#11502));
#11504=FACE_OUTER_BOUND('',#11503,.T.);
#11505=ADVANCED_FACE('',(#11504),#11498,.T.);
#11506=CARTESIAN_POINT('',(-0.04741636550480947,-0.001280330085889911,-0.07096360585915089));
#11507=DIRECTION('',(0.21299671902680586,0.9235890509462905,0.31877211712435927));
#11508=DIRECTION('',(-0.9744233669033319,0.2247200525827073,0));
#11509=AXIS2_PLACEMENT_3D('',#11506,#11507,#11508);
#11510=PLANE('',#11509);
#11511=ORIENTED_EDGE('',*,*,#5862,.T.);
#11512=ORIENTED_EDGE('',*,*,#5867,.T.);
#11513=ORIENTED_EDGE('',*,*,#5872,.T.);
#11514=ORIENTED_EDGE('',*,*,#5877,.T.);
#11515=EDGE_LOOP('',(#11511,#11512,#11513,#11514));
#11516=FACE_OUTER_BOUND('',#11515,.T.);
#11517=ADVANCED_FACE('',(#11516),#11510,.T.);
#11518=CARTESIAN_POINT('',(-0.04783215104068774,-0.0005303300858899108,-0.07158587288817927));
#11519=DIRECTION('',(0.5134408111342523,0.3819837405963235,0.7684184767311635));
#11520=DIRECTION('',(-0.5968983827585587,0.8023168455543092,0));
#11521=AXIS2_PLACEMENT_3D('',#11518,#11519,#11520);
#11522=PLANE('',#11521);
#11523=ORIENTED_EDGE('',*,*,#5882,.T.);
#11524=ORIENTED_EDGE('',*,*,#5887,.T.);
#11525=ORIENTED_EDGE('',*,*,#5892,.T.);
#11526=ORIENTED_EDGE('',*,*,#5897,.T.);
#11527=EDGE_LOOP('',(#11523,#11524,#11525,#11526));
#11528=FACE_OUTER_BOUND('',#11527,.T.);
#11529=ADVANCED_FACE('',(#11528),#11522,.T.);
#11530=CARTESIAN_POINT('',(-0.03807910895290316,0.0005303300858899106,-0.07721679436297946));
#11531=DIRECTION('',(0.4087495160194023,-0.381983740596329,0.8288620241475302));
#11532=DIRECTION('',(0.6827806594833306,0.7306234125974256,0));
#11533=AXIS2_PLACEMENT_3D('',#11530,#11531,#11532);
#11534=PLANE('',#11533);
#11535=ORIENTED_EDGE('',*,*,#5902,.T.);
#11536=ORIENTED_EDGE('',*,*,#5907,.T.);
#11537=ORIENTED_EDGE('',*,*,#5912,.T.);
#11538=ORIENTED_EDGE('',*,*,#5917,.T.);
#11539=EDGE_LOOP('',(#11535,#11536,#11537,#11538));
#11540=FACE_OUTER_BOUND('',#11539,.T.);
#11541=ADVANCED_FACE('',(#11540),#11534,.T.);
#11542=CARTESIAN_POINT('',(-0.03774810266576625,0.0012803300858899107,-0.07654558001186855));
#11543=DIRECTION('',(0.16956639193444173,-0.9235890509462897,0.34384662816213146));
#11544=DIRECTION('',(0.9835608652105958,0.18057692107848228,0));
#11545=AXIS2_PLACEMENT_3D('',#11542,#11543,#11544);
#11546=PLANE('',#11545);
#11547=ORIENTED_EDGE('',*,*,#5922,.T.);
#11548=ORIENTED_EDGE('',*,*,#5927,.T.);
#11549=ORIENTED_EDGE('',*,*,#5932,.T.);
#11550=ORIENTED_EDGE('',*,*,#5937,.T.);
#11551=EDGE_LOOP('',(#11547,#11548,#11549,#11550));
#11552=FACE_OUTER_BOUND('',#11551,.T.);
#11553=ADVANCED_FACE('',(#11552),#11546,.T.);
#11554=CARTESIAN_POINT('',(-0.037279989085266474,0.0012803300858899107,-0.07559633957326807));
#11555=DIRECTION('',(-0.16956639193444215,-0.9235890509462895,-0.3438466281621322));
#11556=DIRECTION('',(0.9835608652105956,-0.18057692107848272,0));
#11557=AXIS2_PLACEMENT_3D('',#11554,#11555,#11556);
#11558=PLANE('',#11557);
#11559=ORIENTED_EDGE('',*,*,#5942,.T.);
#11560=ORIENTED_EDGE('',*,*,#5947,.T.);
#11561=ORIENTED_EDGE('',*,*,#5952,.T.);
#11562=ORIENTED_EDGE('',*,*,#5957,.T.);
#11563=EDGE_LOOP('',(#11559,#11560,#11561,#11562));
#11564=FACE_OUTER_BOUND('',#11563,.T.);
#11565=ADVANCED_FACE('',(#11564),#11558,.T.);
#11566=CARTESIAN_POINT('',(-0.03694898279812956,0.0005303300858899107,-0.07492512522215718));
#11567=DIRECTION('',(-0.4087495160194036,-0.381983740596325,-0.8288620241475312));
#11568=DIRECTION('',(0.6827806594833257,-0.7306234125974305,0));
#11569=AXIS2_PLACEMENT_3D('',#11566,#11567,#11568);
#11570=PLANE('',#11569);
#11571=ORIENTED_EDGE('',*,*,#5962,.T.);
#11572=ORIENTED_EDGE('',*,*,#5967,.T.);
#11573=ORIENTED_EDGE('',*,*,#5972,.T.);
#11574=ORIENTED_EDGE('',*,*,#5977,.T.);
#11575=EDGE_LOOP('',(#11571,#11572,#11573,#11574));
#11576=FACE_OUTER_BOUND('',#11575,.T.);
#11577=ADVANCED_FACE('',(#11576),#11570,.T.);
#11578=CARTESIAN_POINT('',(-0.03694898279812956,-0.0005303300858899105,-0.07492512522215718));
#11579=DIRECTION('',(-0.4087495160194036,0.381983740596325,-0.8288620241475313));
#11580=DIRECTION('',(-0.6827806594833257,-0.7306234125974305,0));
#11581=AXIS2_PLACEMENT_3D('',#11578,#11579,#11580);
#11582=PLANE('',#11581);
#11583=ORIENTED_EDGE('',*,*,#5982,.T.);
#11584=ORIENTED_EDGE('',*,*,#5987,.T.);
#11585=ORIENTED_EDGE('',*,*,#5992,.T.);
#11586=ORIENTED_EDGE('',*,*,#5997,.T.);
#11587=EDGE_LOOP('',(#11583,#11584,#11585,#11586));
#11588=FACE_OUTER_BOUND('',#11587,.T.);
#11589=ADVANCED_FACE('',(#11588),#11582,.T.);
#11590=CARTESIAN_POINT('',(-0.037279989085266474,-0.0012803300858899107,-0.07559633957326807));
#11591=DIRECTION('',(-0.16956639193444262,0.9235890509462893,-0.34384662816213224));
#11592=DIRECTION('',(-0.9835608652105956,-0.18057692107848325,0));
#11593=AXIS2_PLACEMENT_3D('',#11590,#11591,#11592);
#11594=PLANE('',#11593);
#11595=ORIENTED_EDGE('',*,*,#6002,.T.);
#11596=ORIENTED_EDGE('',*,*,#6007,.T.);
#11597=ORIENTED_EDGE('',*,*,#6012,.T.);
#11598=ORIENTED_EDGE('',*,*,#6017,.T.);
#11599=EDGE_LOOP('',(#11595,#11596,#11597,#11598));
#11600=FACE_OUTER_BOUND('',#11599,.T.);
#11601=ADVANCED_FACE('',(#11600),#11594,.T.);
#11602=CARTESIAN_POINT('',(-0.03774810266576625,-0.001280330085889911,-0.07654558001186856));
#11603=DIRECTION('',(0.16956639193444176,0.9235890509462898,0.34384662816213113));
#11604=DIRECTION('',(-0.9835608652105958,0.18057692107848228,0));
#11605=AXIS2_PLACEMENT_3D('',#11602,#11603,#11604);
#11606=PLANE('',#11605);
#11607=ORIENTED_EDGE('',*,*,#6022,.T.);
#11608=ORIENTED_EDGE('',*,*,#6027,.T.);
#11609=ORIENTED_EDGE('',*,*,#6032,.T.);
#11610=ORIENTED_EDGE('',*,*,#6037,.T.);
#11611=EDGE_LOOP('',(#11607,#11608,#11609,#11610));
#11612=FACE_OUTER_BOUND('',#11611,.T.);
#11613=ADVANCED_FACE('',(#11612),#11606,.T.);
#11614=CARTESIAN_POINT('',(-0.03807910895290316,-0.0005303300858899108,-0.07721679436297944));
#11615=DIRECTION('',(0.408749516019403,0.38198374059632867,0.82886202414753));
#11616=DIRECTION('',(-0.6827806594833297,0.7306234125974266,0));
#11617=AXIS2_PLACEMENT_3D('',#11614,#11615,#11616);
#11618=PLANE('',#11617);
#11619=ORIENTED_EDGE('',*,*,#6042,.T.);
#11620=ORIENTED_EDGE('',*,*,#6047,.T.);
#11621=ORIENTED_EDGE('',*,*,#6052,.T.);
#11622=ORIENTED_EDGE('',*,*,#6057,.T.);
#11623=EDGE_LOOP('',(#11619,#11620,#11621,#11622));
#11624=FACE_OUTER_BOUND('',#11623,.T.);
#11625=ADVANCED_FACE('',(#11624),#11618,.T.);
#11626=CARTESIAN_POINT('',(-0.027674522753410813,0.0005303300858899106,-0.08152651507768913));
#11627=DIRECTION('',(0.29706440335868856,-0.38198374059632917,0.8751235125267649));
#11628=DIRECTION('',(0.789386328090242,0.6138967543685215,0));
#11629=AXIS2_PLACEMENT_3D('',#11626,#11627,#11628);
#11630=PLANE('',#11629);
#11631=ORIENTED_EDGE('',*,*,#6062,.T.);
#11632=ORIENTED_EDGE('',*,*,#6067,.T.);
#11633=ORIENTED_EDGE('',*,*,#6072,.T.);
#11634=ORIENTED_EDGE('',*,*,#6077,.T.);
#11635=EDGE_LOOP('',(#11631,#11632,#11633,#11634));
#11636=FACE_OUTER_BOUND('',#11635,.T.);
#11637=ADVANCED_FACE('',(#11636),#11630,.T.);
#11638=CARTESIAN_POINT('',(-0.027433959324360463,0.0012803300858899107,-0.08081783806813898));
#11639=DIRECTION('',(0.12323473686339295,-0.9235890509462897,0.3630378280597521));
#11640=DIRECTION('',(0.9912153085581309,0.13225812670686557,0));
#11641=AXIS2_PLACEMENT_3D('',#11638,#11639,#11640);
#11642=PLANE('',#11641);
#11643=ORIENTED_EDGE('',*,*,#6082,.T.);
#11644=ORIENTED_EDGE('',*,*,#6087,.T.);
#11645=ORIENTED_EDGE('',*,*,#6092,.T.);
#11646=ORIENTED_EDGE('',*,*,#6097,.T.);
#11647=EDGE_LOOP('',(#11643,#11644,#11645,#11646));
#11648=FACE_OUTER_BOUND('',#11647,.T.);
#11649=ADVANCED_FACE('',(#11648),#11642,.T.);
#11650=CARTESIAN_POINT('',(-0.027093751260386476,0.0012803300858899107,-0.07981561742989118));
#11651=DIRECTION('',(-0.12323473686339388,-0.9235890509462893,-0.36303782805975326));
#11652=DIRECTION('',(0.9912153085581308,-0.13225812670686662,0));
#11653=AXIS2_PLACEMENT_3D('',#11650,#11651,#11652);
#11654=PLANE('',#11653);
#11655=ORIENTED_EDGE('',*,*,#6102,.T.);
#11656=ORIENTED_EDGE('',*,*,#6107,.T.);
#11657=ORIENTED_EDGE('',*,*,#6112,.T.);
#11658=ORIENTED_EDGE('',*,*,#6117,.T.);
#11659=EDGE_LOOP('',(#11655,#11656,#11657,#11658));
#11660=FACE_OUTER_BOUND('',#11659,.T.);
#11661=ADVANCED_FACE('',(#11660),#11654,.T.);
#11662=CARTESIAN_POINT('',(-0.02685318783133612,0.0005303300858899107,-0.07910694042034105));
#11663=DIRECTION('',(-0.29706440335868817,-0.3819837405963292,-0.8751235125267649));
#11664=DIRECTION('',(0.7893863280902425,-0.6138967543685209,0));
#11665=AXIS2_PLACEMENT_3D('',#11662,#11663,#11664);
#11666=PLANE('',#11665);
#11667=ORIENTED_EDGE('',*,*,#6122,.T.);
#11668=ORIENTED_EDGE('',*,*,#6127,.T.);
#11669=ORIENTED_EDGE('',*,*,#6132,.T.);
#11670=ORIENTED_EDGE('',*,*,#6137,.T.);
#11671=EDGE_LOOP('',(#11667,#11668,#11669,#11670));
#11672=FACE_OUTER_BOUND('',#11671,.T.);
#11673=ADVANCED_FACE('',(#11672),#11666,.T.);
#11674=CARTESIAN_POINT('',(-0.02685318783133612,-0.0005303300858899105,-0.07910694042034105));
#11675=DIRECTION('',(-0.29706440335868817,0.3819837405963292,-0.875123512526765));
#11676=DIRECTION('',(-0.7893863280902425,-0.6138967543685209,0));
#11677=AXIS2_PLACEMENT_3D('',#11674,#11675,#11676);
#11678=PLANE('',#11677);
#11679=ORIENTED_EDGE('',*,*,#6142,.T.);
#11680=ORIENTED_EDGE('',*,*,#6147,.T.);
#11681=ORIENTED_EDGE('',*,*,#6152,.T.);
#11682=ORIENTED_EDGE('',*,*,#6157,.T.);
#11683=EDGE_LOOP('',(#11679,#11680,#11681,#11682));
#11684=FACE_OUTER_BOUND('',#11683,.T.);
#11685=ADVANCED_FACE('',(#11684),#11678,.T.);
#11686=CARTESIAN_POINT('',(-0.027093751260386476,-0.0012803300858899107,-0.07981561742989118));
#11687=DIRECTION('',(-0.12323473686339335,0.9235890509462893,-0.36303782805975343));
#11688=DIRECTION('',(-0.9912153085581309,-0.13225812670686607,0));
#11689=AXIS2_PLACEMENT_3D('',#11686,#11687,#11688);
#11690=PLANE('',#11689);
#11691=ORIENTED_EDGE('',*,*,#6162,.T.);
#11692=ORIENTED_EDGE('',*,*,#6167,.T.);
#11693=ORIENTED_EDGE('',*,*,#6172,.T.);
#11694=ORIENTED_EDGE('',*,*,#6177,.T.);
#11695=EDGE_LOOP('',(#11691,#11692,#11693,#11694));
#11696=FACE_OUTER_BOUND('',#11695,.T.);
#11697=ADVANCED_FACE('',(#11696),#11690,.T.);
#11698=CARTESIAN_POINT('',(-0.027433959324360463,-0.001280330085889911,-0.08081783806813898));
#11699=DIRECTION('',(0.12323473686339297,0.9235890509462898,0.36303782805975177));
#11700=DIRECTION('',(-0.9912153085581309,0.13225812670686557,0));
#11701=AXIS2_PLACEMENT_3D('',#11698,#11699,#11700);
#11702=PLANE('',#11701);
#11703=ORIENTED_EDGE('',*,*,#6182,.T.);
#11704=ORIENTED_EDGE('',*,*,#6187,.T.);
#11705=ORIENTED_EDGE('',*,*,#6192,.T.);
#11706=ORIENTED_EDGE('',*,*,#6197,.T.);
#11707=EDGE_LOOP('',(#11703,#11704,#11705,#11706));
#11708=FACE_OUTER_BOUND('',#11707,.T.);
#11709=ADVANCED_FACE('',(#11708),#11702,.T.);
#11710=CARTESIAN_POINT('',(-0.027674522753410816,-0.0005303300858899108,-0.08152651507768913));
#11711=DIRECTION('',(0.29706440335868844,0.38198374059632906,0.8751235125267649));
#11712=DIRECTION('',(-0.789386328090242,0.6138967543685214,0));
#11713=AXIS2_PLACEMENT_3D('',#11710,#11711,#11712);
#11714=PLANE('',#11713);
#11715=ORIENTED_EDGE('',*,*,#6202,.T.);
#11716=ORIENTED_EDGE('',*,*,#6207,.T.);
#11717=ORIENTED_EDGE('',*,*,#6212,.T.);
#11718=ORIENTED_EDGE('',*,*,#6217,.T.);
#11719=EDGE_LOOP('',(#11715,#11716,#11717,#11718));
#11720=FACE_OUTER_BOUND('',#11719,.T.);
#11721=ADVANCED_FACE('',(#11720),#11714,.T.);
#11722=CARTESIAN_POINT('',(-0.01679641779678034,0.0005303300858899106,-0.08444129451599924));
#11723=DIRECTION('',(0.18029643639469117,-0.38198374059632495,0.9064113949765938));
#11724=DIRECTION('',(1,0,0));
#11725=AXIS2_PLACEMENT_3D('',#11722,#11723,#11724);
#11726=PLANE('',#11725);
#11727=ORIENTED_EDGE('',*,*,#6222,.T.);
#11728=ORIENTED_EDGE('',*,*,#6227,.T.);
#11729=ORIENTED_EDGE('',*,*,#6232,.T.);
#11730=ORIENTED_EDGE('',*,*,#6237,.T.);
#11731=EDGE_LOOP('',(#11727,#11728,#11729,#11730));
#11732=FACE_OUTER_BOUND('',#11731,.T.);
#11733=ADVANCED_FACE('',(#11732),#11726,.T.);
#11734=CARTESIAN_POINT('',(-0.016650413332784376,0.0012803300858899107,-0.08370728050812568));
#11735=DIRECTION('',(0.07479450127748706,-0.9235890509462895,0.3760173500661693));
#11736=DIRECTION('',(0.9967369625374594,0.08071819814390804,0));
#11737=AXIS2_PLACEMENT_3D('',#11734,#11735,#11736);
#11738=PLANE('',#11737);
#11739=ORIENTED_EDGE('',*,*,#6242,.T.);
#11740=ORIENTED_EDGE('',*,*,#6247,.T.);
#11741=ORIENTED_EDGE('',*,*,#6252,.T.);
#11742=ORIENTED_EDGE('',*,*,#6257,.T.);
#11743=EDGE_LOOP('',(#11739,#11740,#11741,#11742));
#11744=FACE_OUTER_BOUND('',#11743,.T.);
#11745=ADVANCED_FACE('',(#11744),#11738,.T.);
#11746=CARTESIAN_POINT('',(-0.01644393183963427,0.0012803300858899107,-0.08266922794321904));
#11747=DIRECTION('',(-0.0747945012774878,-0.9235890509462886,-0.37601735006617143));
#11748=DIRECTION('',(0.9967369625374594,-0.08071819814390892,0));
#11749=AXIS2_PLACEMENT_3D('',#11746,#11747,#11748);
#11750=PLANE('',#11749);
#11751=ORIENTED_EDGE('',*,*,#6262,.T.);
#11752=ORIENTED_EDGE('',*,*,#6267,.T.);
#11753=ORIENTED_EDGE('',*,*,#6272,.T.);
#11754=ORIENTED_EDGE('',*,*,#6277,.T.);
#11755=EDGE_LOOP('',(#11751,#11752,#11753,#11754));
#11756=FACE_OUTER_BOUND('',#11755,.T.);
#11757=ADVANCED_FACE('',(#11756),#11750,.T.);
#11758=CARTESIAN_POINT('',(-0.016297927375638305,0.0005303300858899107,-0.08193521393534545));
#11759=DIRECTION('',(-0.18029643639469237,-0.38198374059633483,-0.9064113949765893));
#11760=DIRECTION('',(1,0,0));
#11761=AXIS2_PLACEMENT_3D('',#11758,#11759,#11760);
#11762=PLANE('',#11761);
#11763=ORIENTED_EDGE('',*,*,#6282,.T.);
#11764=ORIENTED_EDGE('',*,*,#6287,.T.);
#11765=ORIENTED_EDGE('',*,*,#6292,.T.);
#11766=ORIENTED_EDGE('',*,*,#6297,.T.);
#11767=EDGE_LOOP('',(#11763,#11764,#11765,#11766));
#11768=FACE_OUTER_BOUND('',#11767,.T.);
#11769=ADVANCED_FACE('',(#11768),#11762,.T.);
#11770=CARTESIAN_POINT('',(-0.016297927375638305,-0.0005303300858899105,-0.08193521393534545));
#11771=DIRECTION('',(-0.18029643639469237,0.38198374059633483,-0.9064113949765893));
#11772=DIRECTION('',(1,0,0));
#11773=AXIS2_PLACEMENT_3D('',#11770,#11771,#11772);
#11774=PLANE('',#11773);
#11775=ORIENTED_EDGE('',*,*,#6302,.T.);
#11776=ORIENTED_EDGE('',*,*,#6307,.T.);
#11777=ORIENTED_EDGE('',*,*,#6312,.T.);
#11778=ORIENTED_EDGE('',*,*,#6317,.T.);
#11779=EDGE_LOOP('',(#11775,#11776,#11777,#11778));
#11780=FACE_OUTER_BOUND('',#11779,.T.);
#11781=ADVANCED_FACE('',(#11780),#11774,.T.);
#11782=CARTESIAN_POINT('',(-0.01644393183963427,-0.0012803300858899107,-0.08266922794321904));
#11783=DIRECTION('',(-0.07479450127748831,0.9235890509462884,-0.37601735006617176));
#11784=DIRECTION('',(-0.9967369625374594,-0.08071819814390949,0));
#11785=AXIS2_PLACEMENT_3D('',#11782,#11783,#11784);
#11786=PLANE('',#11785);
#11787=ORIENTED_EDGE('',*,*,#6322,.T.);
#11788=ORIENTED_EDGE('',*,*,#6327,.T.);
#11789=ORIENTED_EDGE('',*,*,#6332,.T.);
#11790=ORIENTED_EDGE('',*,*,#6337,.T.);
#11791=EDGE_LOOP('',(#11787,#11788,#11789,#11790));
#11792=FACE_OUTER_BOUND('',#11791,.T.);
#11793=ADVANCED_FACE('',(#11792),#11786,.T.);
#11794=CARTESIAN_POINT('',(-0.016650413332784376,-0.001280330085889911,-0.08370728050812568));
#11795=DIRECTION('',(0.07479450127748706,0.9235890509462896,0.376017350066169));
#11796=DIRECTION('',(-0.9967369625374594,0.08071819814390803,0));
#11797=AXIS2_PLACEMENT_3D('',#11794,#11795,#11796);
#11798=PLANE('',#11797);
#11799=ORIENTED_EDGE('',*,*,#6342,.T.);
#11800=ORIENTED_EDGE('',*,*,#6347,.T.);
#11801=ORIENTED_EDGE('',*,*,#6352,.T.);
#11802=ORIENTED_EDGE('',*,*,#6357,.T.);
#11803=EDGE_LOOP('',(#11799,#11800,#11801,#11802));
#11804=FACE_OUTER_BOUND('',#11803,.T.);
#11805=ADVANCED_FACE('',(#11804),#11798,.T.);
#11806=CARTESIAN_POINT('',(-0.01679641779678034,-0.0005303300858899108,-0.08444129451599924));
#11807=DIRECTION('',(0.18029643639469112,0.3819837405963248,0.9064113949765938));
#11808=DIRECTION('',(1,0,0));
#11809=AXIS2_PLACEMENT_3D('',#11806,#11807,#11808);
#11810=PLANE('',#11809);
#11811=ORIENTED_EDGE('',*,*,#6362,.T.);
#11812=ORIENTED_EDGE('',*,*,#6367,.T.);
#11813=ORIENTED_EDGE('',*,*,#6372,.T.);
#11814=ORIENTED_EDGE('',*,*,#6377,.T.);
#11815=EDGE_LOOP('',(#11811,#11812,#11813,#11814));
#11816=FACE_OUTER_BOUND('',#11815,.T.);
#11817=ADVANCED_FACE('',(#11816),#11810,.T.);
#11818=CARTESIAN_POINT('',(-0.005630921474800193,0.0005303300858899106,-0.08591125999359082));
#11819=DIRECTION('',(0.06044354741636864,-0.3819837405963259,0.9221903271536543));
#11820=DIRECTION('',(1,0,0));
#11821=AXIS2_PLACEMENT_3D('',#11818,#11819,#11820);
#11822=PLANE('',#11821);
#11823=ORIENTED_EDGE('',*,*,#6382,.T.);
#11824=ORIENTED_EDGE('',*,*,#6387,.T.);
#11825=ORIENTED_EDGE('',*,*,#6392,.T.);
#11826=ORIENTED_EDGE('',*,*,#6397,.T.);
#11827=EDGE_LOOP('',(#11823,#11824,#11825,#11826));
#11828=FACE_OUTER_BOUND('',#11827,.T.);
#11829=ADVANCED_FACE('',(#11828),#11822,.T.);
#11830=CARTESIAN_POINT('',(-0.0055819741527176735,0.0012803300858899107,-0.08516446817057564));
#11831=DIRECTION('',(0.025074511037771117,-0.9235890509462891,0.3825631109612501));
#11832=DIRECTION('',(0.9996316697385466,0.027138991427933697,0));
#11833=AXIS2_PLACEMENT_3D('',#11830,#11831,#11832);
#11834=PLANE('',#11833);
#11835=ORIENTED_EDGE('',*,*,#6402,.T.);
#11836=ORIENTED_EDGE('',*,*,#6407,.T.);
#11837=ORIENTED_EDGE('',*,*,#6412,.T.);
#11838=ORIENTED_EDGE('',*,*,#6417,.T.);
#11839=EDGE_LOOP('',(#11835,#11836,#11837,#11838));
#11840=FACE_OUTER_BOUND('',#11839,.T.);
#11841=ADVANCED_FACE('',(#11840),#11834,.T.);
#11842=CARTESIAN_POINT('',(-0.0055127521859867305,0.0012803300858899107,-0.08410834504619827));
#11843=DIRECTION('',(-0.02507451103776999,-0.9235890509462891,-0.38256311096124995));
#11844=DIRECTION('',(0.9996316697385466,-0.027138991427932475,0));
#11845=AXIS2_PLACEMENT_3D('',#11842,#11843,#11844);
#11846=PLANE('',#11845);
#11847=ORIENTED_EDGE('',*,*,#6422,.T.);
#11848=ORIENTED_EDGE('',*,*,#6427,.T.);
#11849=ORIENTED_EDGE('',*,*,#6432,.T.);
#11850=ORIENTED_EDGE('',*,*,#6437,.T.);
#11851=EDGE_LOOP('',(#11847,#11848,#11849,#11850));
#11852=FACE_OUTER_BOUND('',#11851,.T.);
#11853=ADVANCED_FACE('',(#11852),#11846,.T.);
#11854=CARTESIAN_POINT('',(-0.005463804863904211,0.0005303300858899107,-0.08336155322318307));
#11855=DIRECTION('',(-0.06044354741636667,-0.381983740596331,-0.9221903271536523));
#11856=DIRECTION('',(1,0,0));
#11857=AXIS2_PLACEMENT_3D('',#11854,#11855,#11856);
#11858=PLANE('',#11857);
#11859=ORIENTED_EDGE('',*,*,#6442,.T.);
#11860=ORIENTED_EDGE('',*,*,#6447,.T.);
#11861=ORIENTED_EDGE('',*,*,#6452,.T.);
#11862=ORIENTED_EDGE('',*,*,#6457,.T.);
#11863=EDGE_LOOP('',(#11859,#11860,#11861,#11862));
#11864=FACE_OUTER_BOUND('',#11863,.T.);
#11865=ADVANCED_FACE('',(#11864),#11858,.T.);
#11866=CARTESIAN_POINT('',(-0.005463804863904211,-0.0005303300858899105,-0.08336155322318309));
#11867=DIRECTION('',(-0.060443547416366664,0.38198374059633095,-0.9221903271536523));
#11868=DIRECTION('',(1,0,0));
#11869=AXIS2_PLACEMENT_3D('',#11866,#11867,#11868);
#11870=PLANE('',#11869);
#11871=ORIENTED_EDGE('',*,*,#6462,.T.);
#11872=ORIENTED_EDGE('',*,*,#6467,.T.);
#11873=ORIENTED_EDGE('',*,*,#6472,.T.);
#11874=ORIENTED_EDGE('',*,*,#6477,.T.);
#11875=EDGE_LOOP('',(#11871,#11872,#11873,#11874));
#11876=FACE_OUTER_BOUND('',#11875,.T.);
#11877=ADVANCED_FACE('',(#11876),#11870,.T.);
#11878=CARTESIAN_POINT('',(-0.0055127521859867305,-0.0012803300858899107,-0.08410834504619825));
#11879=DIRECTION('',(-0.02507451103776999,0.9235890509462891,-0.38256311096125006));
#11880=DIRECTION('',(-0.9996316697385466,-0.027138991427932475,0));
#11881=AXIS2_PLACEMENT_3D('',#11878,#11879,#11880);
#11882=PLANE('',#11881);
#11883=ORIENTED_EDGE('',*,*,#6482,.T.);
#11884=ORIENTED_EDGE('',*,*,#6487,.T.);
#11885=ORIENTED_EDGE('',*,*,#6492,.T.);
#11886=ORIENTED_EDGE('',*,*,#6497,.T.);
#11887=EDGE_LOOP('',(#11883,#11884,#11885,#11886));
#11888=FACE_OUTER_BOUND('',#11887,.T.);
#11889=ADVANCED_FACE('',(#11888),#11882,.T.);
#11890=CARTESIAN_POINT('',(-0.0055819741527176735,-0.001280330085889911,-0.08516446817057564));
#11891=DIRECTION('',(0.025074511037770593,0.9235890509462893,0.38256311096124984));
#11892=DIRECTION('',(-0.9996316697385466,0.02713899142793312,0));
#11893=AXIS2_PLACEMENT_3D('',#11890,#11891,#11892);
#11894=PLANE('',#11893);
#11895=ORIENTED_EDGE('',*,*,#6502,.T.);
#11896=ORIENTED_EDGE('',*,*,#6507,.T.);
#11897=ORIENTED_EDGE('',*,*,#6512,.T.);
#11898=ORIENTED_EDGE('',*,*,#6517,.T.);
#11899=EDGE_LOOP('',(#11895,#11896,#11897,#11898));
#11900=FACE_OUTER_BOUND('',#11899,.T.);
#11901=ADVANCED_FACE('',(#11900),#11894,.T.);
#11902=CARTESIAN_POINT('',(-0.005630921474800193,-0.0005303300858899108,-0.08591125999359082));
#11903=DIRECTION('',(0.06044354741636862,0.3819837405963258,0.9221903271536543));
#11904=DIRECTION('',(1,0,0));
#11905=AXIS2_PLACEMENT_3D('',#11902,#11903,#11904);
#11906=PLANE('',#11905);
#11907=ORIENTED_EDGE('',*,*,#6522,.T.);
#11908=ORIENTED_EDGE('',*,*,#6527,.T.);
#11909=ORIENTED_EDGE('',*,*,#6532,.T.);
#11910=ORIENTED_EDGE('',*,*,#6537,.T.);
#11911=EDGE_LOOP('',(#11907,#11908,#11909,#11910));
#11912=FACE_OUTER_BOUND('',#11911,.T.);
#11913=ADVANCED_FACE('',(#11912),#11906,.T.);
#11914=CARTESIAN_POINT('',(0.0056309214748001615,0.0005303300858899106,-0.08591125999359082));
#11915=DIRECTION('',(-0.06044354741636761,-0.3819837405963259,0.9221903271536545));
#11916=DIRECTION('',(1,0,0));
#11917=AXIS2_PLACEMENT_3D('',#11914,#11915,#11916);
#11918=PLANE('',#11917);
#11919=ORIENTED_EDGE('',*,*,#6542,.T.);
#11920=ORIENTED_EDGE('',*,*,#6547,.T.);
#11921=ORIENTED_EDGE('',*,*,#6552,.T.);
#11922=ORIENTED_EDGE('',*,*,#6557,.T.);
#11923=EDGE_LOOP('',(#11919,#11920,#11921,#11922));
#11924=FACE_OUTER_BOUND('',#11923,.T.);
#11925=ADVANCED_FACE('',(#11924),#11918,.T.);
#11926=CARTESIAN_POINT('',(0.005581974152717642,0.0012803300858899107,-0.08516446817057564));
#11927=DIRECTION('',(-0.025074511037770437,-0.9235890509462901,0.382563110961248));
#11928=DIRECTION('',(0.9996316697385466,-0.02713899142793293,0));
#11929=AXIS2_PLACEMENT_3D('',#11926,#11927,#11928);
#11930=PLANE('',#11929);
#11931=ORIENTED_EDGE('',*,*,#6562,.T.);
#11932=ORIENTED_EDGE('',*,*,#6567,.T.);
#11933=ORIENTED_EDGE('',*,*,#6572,.T.);
#11934=ORIENTED_EDGE('',*,*,#6577,.T.);
#11935=EDGE_LOOP('',(#11931,#11932,#11933,#11934));
#11936=FACE_OUTER_BOUND('',#11935,.T.);
#11937=ADVANCED_FACE('',(#11936),#11930,.T.);
#11938=CARTESIAN_POINT('',(0.005512752185986701,0.0012803300858899107,-0.08410834504619827));
#11939=DIRECTION('',(0.025074511037769986,-0.9235890509462891,-0.38256311096125));
#11940=DIRECTION('',(0.9996316697385466,0.027138991427932472,0));
#11941=AXIS2_PLACEMENT_3D('',#11938,#11939,#11940);
#11942=PLANE('',#11941);
#11943=ORIENTED_EDGE('',*,*,#6582,.T.);
#11944=ORIENTED_EDGE('',*,*,#6587,.T.);
#11945=ORIENTED_EDGE('',*,*,#6592,.T.);
#11946=ORIENTED_EDGE('',*,*,#6597,.T.);
#11947=EDGE_LOOP('',(#11943,#11944,#11945,#11946));
#11948=FACE_OUTER_BOUND('',#11947,.T.);
#11949=ADVANCED_FACE('',(#11948),#11942,.T.);
#11950=CARTESIAN_POINT('',(0.005463804863904182,0.0005303300858899107,-0.08336155322318307));
#11951=DIRECTION('',(0.06044354741636681,-0.3819837405963258,-0.9221903271536545));
#11952=DIRECTION('',(1,0,0));
#11953=AXIS2_PLACEMENT_3D('',#11950,#11951,#11952);
#11954=PLANE('',#11953);
#11955=ORIENTED_EDGE('',*,*,#6602,.T.);
#11956=ORIENTED_EDGE('',*,*,#6607,.T.);
#11957=ORIENTED_EDGE('',*,*,#6612,.T.);
#11958=ORIENTED_EDGE('',*,*,#6617,.T.);
#11959=EDGE_LOOP('',(#11955,#11956,#11957,#11958));
#11960=FACE_OUTER_BOUND('',#11959,.T.);
#11961=ADVANCED_FACE('',(#11960),#11954,.T.);
#11962=CARTESIAN_POINT('',(0.005463804863904182,-0.0005303300858899105,-0.08336155322318307));
#11963=DIRECTION('',(0.06044354741636681,0.3819837405963258,-0.9221903271536546));
#11964=DIRECTION('',(1,0,0));
#11965=AXIS2_PLACEMENT_3D('',#11962,#11963,#11964);
#11966=PLANE('',#11965);
#11967=ORIENTED_EDGE('',*,*,#6622,.T.);
#11968=ORIENTED_EDGE('',*,*,#6627,.T.);
#11969=ORIENTED_EDGE('',*,*,#6632,.T.);
#11970=ORIENTED_EDGE('',*,*,#6637,.T.);
#11971=EDGE_LOOP('',(#11967,#11968,#11969,#11970));
#11972=FACE_OUTER_BOUND('',#11971,.T.);
#11973=ADVANCED_FACE('',(#11972),#11966,.T.);
#11974=CARTESIAN_POINT('',(0.0055127521859867,-0.0012803300858899107,-0.08410834504619825));
#11975=DIRECTION('',(0.025074511037769986,0.9235890509462891,-0.3825631109612502));
#11976=DIRECTION('',(-0.9996316697385466,0.027138991427932472,0));
#11977=AXIS2_PLACEMENT_3D('',#11974,#11975,#11976);
#11978=PLANE('',#11977);
#11979=ORIENTED_EDGE('',*,*,#6642,.T.);
#11980=ORIENTED_EDGE('',*,*,#6647,.T.);
#11981=ORIENTED_EDGE('',*,*,#6652,.T.);
#11982=ORIENTED_EDGE('',*,*,#6657,.T.);
#11983=EDGE_LOOP('',(#11979,#11980,#11981,#11982));
#11984=FACE_OUTER_BOUND('',#11983,.T.);
#11985=ADVANCED_FACE('',(#11984),#11978,.T.);
#11986=CARTESIAN_POINT('',(0.005581974152717642,-0.001280330085889911,-0.08516446817057564));
#11987=DIRECTION('',(-0.025074511037770447,0.9235890509462903,0.3825631109612476));
#11988=DIRECTION('',(-0.9996316697385466,-0.027138991427932933,0));
#11989=AXIS2_PLACEMENT_3D('',#11986,#11987,#11988);
#11990=PLANE('',#11989);
#11991=ORIENTED_EDGE('',*,*,#6662,.T.);
#11992=ORIENTED_EDGE('',*,*,#6667,.T.);
#11993=ORIENTED_EDGE('',*,*,#6672,.T.);
#11994=ORIENTED_EDGE('',*,*,#6677,.T.);
#11995=EDGE_LOOP('',(#11991,#11992,#11993,#11994));
#11996=FACE_OUTER_BOUND('',#11995,.T.);
#11997=ADVANCED_FACE('',(#11996),#11990,.T.);
#11998=CARTESIAN_POINT('',(0.0056309214748001615,-0.0005303300858899108,-0.08591125999359082));
#11999=DIRECTION('',(-0.06044354741636758,0.3819837405963257,0.9221903271536545));
#12000=DIRECTION('',(1,0,0));
#12001=AXIS2_PLACEMENT_3D('',#11998,#11999,#12000);
#12002=PLANE('',#12001);
#12003=ORIENTED_EDGE('',*,*,#6682,.T.);
#12004=ORIENTED_EDGE('',*,*,#6687,.T.);
#12005=ORIENTED_EDGE('',*,*,#6692,.T.);
#12006=ORIENTED_EDGE('',*,*,#6697,.T.);
#12007=EDGE_LOOP('',(#12003,#12004,#12005,#12006));
#12008=FACE_OUTER_BOUND('',#12007,.T.);
#12009=ADVANCED_FACE('',(#12008),#12002,.T.);
#12010=CARTESIAN_POINT('',(0.01679641779678031,0.0005303300858899106,-0.08444129451599926));
#12011=DIRECTION('',(-0.18029643639469178,-0.3819837405963296,0.9064113949765917));
#12012=DIRECTION('',(1,0,0));
#12013=AXIS2_PLACEMENT_3D('',#12010,#12011,#12012);
#12014=PLANE('',#12013);
#12015=ORIENTED_EDGE('',*,*,#6702,.T.);
#12016=ORIENTED_EDGE('',*,*,#6707,.T.);
#12017=ORIENTED_EDGE('',*,*,#6712,.T.);
#12018=ORIENTED_EDGE('',*,*,#6717,.T.);
#12019=EDGE_LOOP('',(#12015,#12016,#12017,#12018));
#12020=FACE_OUTER_BOUND('',#12019,.T.);
#12021=ADVANCED_FACE('',(#12020),#12014,.T.);
#12022=CARTESIAN_POINT('',(0.016650413332784345,0.0012803300858899107,-0.08370728050812568));
#12023=DIRECTION('',(-0.07479450127748767,-0.9235890509462893,0.3760173500661698));
#12024=DIRECTION('',(0.9967369625374594,-0.08071819814390872,0));
#12025=AXIS2_PLACEMENT_3D('',#12022,#12023,#12024);
#12026=PLANE('',#12025);
#12027=ORIENTED_EDGE('',*,*,#6722,.T.);
#12028=ORIENTED_EDGE('',*,*,#6727,.T.);
#12029=ORIENTED_EDGE('',*,*,#6732,.T.);
#12030=ORIENTED_EDGE('',*,*,#6737,.T.);
#12031=EDGE_LOOP('',(#12027,#12028,#12029,#12030));
#12032=FACE_OUTER_BOUND('',#12031,.T.);
#12033=ADVANCED_FACE('',(#12032),#12026,.T.);
#12034=CARTESIAN_POINT('',(0.016443931839634243,0.0012803300858899107,-0.08266922794321904));
#12035=DIRECTION('',(0.07479450127748678,-0.9235890509462895,-0.3760173500661694));
#12036=DIRECTION('',(0.9967369625374594,0.08071819814390774,0));
#12037=AXIS2_PLACEMENT_3D('',#12034,#12035,#12036);
#12038=PLANE('',#12037);
#12039=ORIENTED_EDGE('',*,*,#6742,.T.);
#12040=ORIENTED_EDGE('',*,*,#6747,.T.);
#12041=ORIENTED_EDGE('',*,*,#6752,.T.);
#12042=ORIENTED_EDGE('',*,*,#6757,.T.);
#12043=EDGE_LOOP('',(#12039,#12040,#12041,#12042));
#12044=FACE_OUTER_BOUND('',#12043,.T.);
#12045=ADVANCED_FACE('',(#12044),#12038,.T.);
#12046=CARTESIAN_POINT('',(0.016297927375638274,0.0005303300858899107,-0.08193521393534545));
#12047=DIRECTION('',(0.18029643639469214,-0.38198374059632423,-0.9064113949765938));
#12048=DIRECTION('',(1,0,0));
#12049=AXIS2_PLACEMENT_3D('',#12046,#12047,#12048);
#12050=PLANE('',#12049);
#12051=ORIENTED_EDGE('',*,*,#6762,.T.);
#12052=ORIENTED_EDGE('',*,*,#6767,.T.);
#12053=ORIENTED_EDGE('',*,*,#6772,.T.);
#12054=ORIENTED_EDGE('',*,*,#6777,.T.);
#12055=EDGE_LOOP('',(#12051,#12052,#12053,#12054));
#12056=FACE_OUTER_BOUND('',#12055,.T.);
#12057=ADVANCED_FACE('',(#12056),#12050,.T.);
#12058=CARTESIAN_POINT('',(0.016297927375638278,-0.0005303300858899105,-0.08193521393534545));
#12059=DIRECTION('',(0.18029643639469212,0.3819837405963242,-0.9064113949765938));
#12060=DIRECTION('',(1,0,0));
#12061=AXIS2_PLACEMENT_3D('',#12058,#12059,#12060);
#12062=PLANE('',#12061);
#12063=ORIENTED_EDGE('',*,*,#6782,.T.);
#12064=ORIENTED_EDGE('',*,*,#6787,.T.);
#12065=ORIENTED_EDGE('',*,*,#6792,.T.);
#12066=ORIENTED_EDGE('',*,*,#6797,.T.);
#12067=EDGE_LOOP('',(#12063,#12064,#12065,#12066));
#12068=FACE_OUTER_BOUND('',#12067,.T.);
#12069=ADVANCED_FACE('',(#12068),#12062,.T.);
#12070=CARTESIAN_POINT('',(0.01644393183963424,-0.0012803300858899107,-0.08266922794321903));
#12071=DIRECTION('',(0.0747945012774873,0.9235890509462896,-0.3760173500661694));
#12072=DIRECTION('',(-0.9967369625374594,0.08071819814390829,0));
#12073=AXIS2_PLACEMENT_3D('',#12070,#12071,#12072);
#12074=PLANE('',#12073);
#12075=ORIENTED_EDGE('',*,*,#6802,.T.);
#12076=ORIENTED_EDGE('',*,*,#6807,.T.);
#12077=ORIENTED_EDGE('',*,*,#6812,.T.);
#12078=ORIENTED_EDGE('',*,*,#6817,.T.);
#12079=EDGE_LOOP('',(#12075,#12076,#12077,#12078));
#12080=FACE_OUTER_BOUND('',#12079,.T.);
#12081=ADVANCED_FACE('',(#12080),#12074,.T.);
#12082=CARTESIAN_POINT('',(0.016650413332784348,-0.001280330085889911,-0.08370728050812568));
#12083=DIRECTION('',(-0.07479450127748716,0.9235890509462894,0.3760173500661695));
#12084=DIRECTION('',(-0.9967369625374595,-0.08071819814390817,0));
#12085=AXIS2_PLACEMENT_3D('',#12082,#12083,#12084);
#12086=PLANE('',#12085);
#12087=ORIENTED_EDGE('',*,*,#6822,.T.);
#12088=ORIENTED_EDGE('',*,*,#6827,.T.);
#12089=ORIENTED_EDGE('',*,*,#6832,.T.);
#12090=ORIENTED_EDGE('',*,*,#6837,.T.);
#12091=EDGE_LOOP('',(#12087,#12088,#12089,#12090));
#12092=FACE_OUTER_BOUND('',#12091,.T.);
#12093=ADVANCED_FACE('',(#12092),#12086,.T.);
#12094=CARTESIAN_POINT('',(0.01679641779678031,-0.0005303300858899108,-0.08444129451599926));
#12095=DIRECTION('',(-0.1802964363946917,0.38198374059632945,0.9064113949765917));
#12096=DIRECTION('',(1,0,0));
#12097=AXIS2_PLACEMENT_3D('',#12094,#12095,#12096);
#12098=PLANE('',#12097);
#12099=ORIENTED_EDGE('',*,*,#6842,.T.);
#12100=ORIENTED_EDGE('',*,*,#6847,.T.);
#12101=ORIENTED_EDGE('',*,*,#6852,.T.);
#12102=ORIENTED_EDGE('',*,*,#6857,.T.);
#12103=EDGE_LOOP('',(#12099,#12100,#12101,#12102));
#12104=FACE_OUTER_BOUND('',#12103,.T.);
#12105=ADVANCED_FACE('',(#12104),#12098,.T.);
#12106=CARTESIAN_POINT('',(0.027674522753410785,0.0005303300858899106,-0.08152651507768913));
#12107=DIRECTION('',(-0.29706440335868833,-0.3819837405963303,0.8751235125267645));
#12108=DIRECTION('',(0.789386328090243,-0.61389675436852,0));
#12109=AXIS2_PLACEMENT_3D('',#12106,#12107,#12108);
#12110=PLANE('',#12109);
#12111=ORIENTED_EDGE('',*,*,#6862,.T.);
#12112=ORIENTED_EDGE('',*,*,#6867,.T.);
#12113=ORIENTED_EDGE('',*,*,#6872,.T.);
#12114=ORIENTED_EDGE('',*,*,#6877,.T.);
#12115=EDGE_LOOP('',(#12111,#12112,#12113,#12114));
#12116=FACE_OUTER_BOUND('',#12115,.T.);
#12117=ADVANCED_FACE('',(#12116),#12110,.T.);
#12118=CARTESIAN_POINT('',(0.027433959324360435,0.0012803300858899107,-0.080817838068139));
#12119=DIRECTION('',(-0.12323473686339344,-0.9235890509462885,0.36303782805975515));
#12120=DIRECTION('',(0.9912153085581309,-0.13225812670686626,0));
#12121=AXIS2_PLACEMENT_3D('',#12118,#12119,#12120);
#12122=PLANE('',#12121);
#12123=ORIENTED_EDGE('',*,*,#6882,.T.);
#12124=ORIENTED_EDGE('',*,*,#6887,.T.);
#12125=ORIENTED_EDGE('',*,*,#6892,.T.);
#12126=ORIENTED_EDGE('',*,*,#6897,.T.);
#12127=EDGE_LOOP('',(#12123,#12124,#12125,#12126));
#12128=FACE_OUTER_BOUND('',#12127,.T.);
#12129=ADVANCED_FACE('',(#12128),#12122,.T.);
#12130=CARTESIAN_POINT('',(0.027093751260386448,0.0012803300858899107,-0.0798156174298912));
#12131=DIRECTION('',(0.12323473686339335,-0.9235890509462898,-0.36303782805975177));
#12132=DIRECTION('',(0.9912153085581309,0.13225812670686599,0));
#12133=AXIS2_PLACEMENT_3D('',#12130,#12131,#12132);
#12134=PLANE('',#12133);
#12135=ORIENTED_EDGE('',*,*,#6902,.T.);
#12136=ORIENTED_EDGE('',*,*,#6907,.T.);
#12137=ORIENTED_EDGE('',*,*,#6912,.T.);
#12138=ORIENTED_EDGE('',*,*,#6917,.T.);
#12139=EDGE_LOOP('',(#12135,#12136,#12137,#12138));
#12140=FACE_OUTER_BOUND('',#12139,.T.);
#12141=ADVANCED_FACE('',(#12140),#12134,.T.);
#12142=CARTESIAN_POINT('',(0.026853187831336094,0.0005303300858899107,-0.07910694042034105));
#12143=DIRECTION('',(0.2970644033586882,-0.38198374059632867,-0.8751235125267651));
#12144=DIRECTION('',(0.789386328090242,0.6138967543685215,0));
#12145=AXIS2_PLACEMENT_3D('',#12142,#12143,#12144);
#12146=PLANE('',#12145);
#12147=ORIENTED_EDGE('',*,*,#6922,.T.);
#12148=ORIENTED_EDGE('',*,*,#6927,.T.);
#12149=ORIENTED_EDGE('',*,*,#6932,.T.);
#12150=ORIENTED_EDGE('',*,*,#6937,.T.);
#12151=EDGE_LOOP('',(#12147,#12148,#12149,#12150));
#12152=FACE_OUTER_BOUND('',#12151,.T.);
#12153=ADVANCED_FACE('',(#12152),#12146,.T.);
#12154=CARTESIAN_POINT('',(0.026853187831336094,-0.0005303300858899105,-0.07910694042034105));
#12155=DIRECTION('',(0.2970644033586882,0.3819837405963286,-0.8751235125267651));
#12156=DIRECTION('',(-0.7893863280902419,0.6138967543685216,0));
#12157=AXIS2_PLACEMENT_3D('',#12154,#12155,#12156);
#12158=PLANE('',#12157);
#12159=ORIENTED_EDGE('',*,*,#6942,.T.);
#12160=ORIENTED_EDGE('',*,*,#6947,.T.);
#12161=ORIENTED_EDGE('',*,*,#6952,.T.);
#12162=ORIENTED_EDGE('',*,*,#6957,.T.);
#12163=EDGE_LOOP('',(#12159,#12160,#12161,#12162));
#12164=FACE_OUTER_BOUND('',#12163,.T.);
#12165=ADVANCED_FACE('',(#12164),#12158,.T.);
#12166=CARTESIAN_POINT('',(0.027093751260386448,-0.0012803300858899107,-0.0798156174298912));
#12167=DIRECTION('',(0.12323473686339269,0.92358905094629,-0.36303782805975154));
#12168=DIRECTION('',(-0.991215308558131,0.13225812670686526,0));
#12169=AXIS2_PLACEMENT_3D('',#12166,#12167,#12168);
#12170=PLANE('',#12169);
#12171=ORIENTED_EDGE('',*,*,#6962,.T.);
#12172=ORIENTED_EDGE('',*,*,#6967,.T.);
#12173=ORIENTED_EDGE('',*,*,#6972,.T.);
#12174=ORIENTED_EDGE('',*,*,#6977,.T.);
#12175=EDGE_LOOP('',(#12171,#12172,#12173,#12174));
#12176=FACE_OUTER_BOUND('',#12175,.T.);
#12177=ADVANCED_FACE('',(#12176),#12170,.T.);
#12178=CARTESIAN_POINT('',(0.027433959324360435,-0.001280330085889911,-0.080817838068139));
#12179=DIRECTION('',(-0.12323473686339334,0.9235890509462888,0.3630378280597543));
#12180=DIRECTION('',(-0.9912153085581308,-0.1322581267068661,0));
#12181=AXIS2_PLACEMENT_3D('',#12178,#12179,#12180);
#12182=PLANE('',#12181);
#12183=ORIENTED_EDGE('',*,*,#6982,.T.);
#12184=ORIENTED_EDGE('',*,*,#6987,.T.);
#12185=ORIENTED_EDGE('',*,*,#6992,.T.);
#12186=ORIENTED_EDGE('',*,*,#6997,.T.);
#12187=EDGE_LOOP('',(#12183,#12184,#12185,#12186));
#12188=FACE_OUTER_BOUND('',#12187,.T.);
#12189=ADVANCED_FACE('',(#12188),#12182,.T.);
#12190=CARTESIAN_POINT('',(0.027674522753410785,-0.0005303300858899108,-0.08152651507768913));
#12191=DIRECTION('',(-0.2970644033586883,0.38198374059633017,0.8751235125267646));
#12192=DIRECTION('',(-0.789386328090243,-0.6138967543685201,0));
#12193=AXIS2_PLACEMENT_3D('',#12190,#12191,#12192);
#12194=PLANE('',#12193);
#12195=ORIENTED_EDGE('',*,*,#7002,.T.);
#12196=ORIENTED_EDGE('',*,*,#7007,.T.);
#12197=ORIENTED_EDGE('',*,*,#7012,.T.);
#12198=ORIENTED_EDGE('',*,*,#7017,.T.);
#12199=EDGE_LOOP('',(#12195,#12196,#12197,#12198));
#12200=FACE_OUTER_BOUND('',#12199,.T.);
#12201=ADVANCED_FACE('',(#12200),#12194,.T.);
#12202=CARTESIAN_POINT('',(0.038079108952903125,0.0005303300858899106,-0.07721679436297947));
#12203=DIRECTION('',(-0.4087495160194028,-0.38198374059632734,0.8288620241475306));
#12204=DIRECTION('',(0.6827806594833287,-0.7306234125974277,0));
#12205=AXIS2_PLACEMENT_3D('',#12202,#12203,#12204);
#12206=PLANE('',#12205);
#12207=ORIENTED_EDGE('',*,*,#7022,.T.);
#12208=ORIENTED_EDGE('',*,*,#7027,.T.);
#12209=ORIENTED_EDGE('',*,*,#7032,.T.);
#12210=ORIENTED_EDGE('',*,*,#7037,.T.);
#12211=EDGE_LOOP('',(#12207,#12208,#12209,#12210));
#12212=FACE_OUTER_BOUND('',#12211,.T.);
#12213=ADVANCED_FACE('',(#12212),#12206,.T.);
#12214=CARTESIAN_POINT('',(0.03774810266576622,0.0012803300858899107,-0.07654558001186858));
#12215=DIRECTION('',(-0.1695663919344434,-0.9235890509462882,0.3438466281621347));
#12216=DIRECTION('',(0.9835608652105953,-0.18057692107848425,0));
#12217=AXIS2_PLACEMENT_3D('',#12214,#12215,#12216);
#12218=PLANE('',#12217);
#12219=ORIENTED_EDGE('',*,*,#7042,.T.);
#12220=ORIENTED_EDGE('',*,*,#7047,.T.);
#12221=ORIENTED_EDGE('',*,*,#7052,.T.);
#12222=ORIENTED_EDGE('',*,*,#7057,.T.);
#12223=EDGE_LOOP('',(#12219,#12220,#12221,#12222));
#12224=FACE_OUTER_BOUND('',#12223,.T.);
#12225=ADVANCED_FACE('',(#12224),#12218,.T.);
#12226=CARTESIAN_POINT('',(0.037279989085266446,0.0012803300858899107,-0.07559633957326808));
#12227=DIRECTION('',(0.16956639193444203,-0.9235890509462895,-0.3438466281621319));
#12228=DIRECTION('',(0.9835608652105957,0.1805769210784826,0));
#12229=AXIS2_PLACEMENT_3D('',#12226,#12227,#12228);
#12230=PLANE('',#12229);
#12231=ORIENTED_EDGE('',*,*,#7062,.T.);
#12232=ORIENTED_EDGE('',*,*,#7067,.T.);
#12233=ORIENTED_EDGE('',*,*,#7072,.T.);
#12234=ORIENTED_EDGE('',*,*,#7077,.T.);
#12235=EDGE_LOOP('',(#12231,#12232,#12233,#12234));
#12236=FACE_OUTER_BOUND('',#12235,.T.);
#12237=ADVANCED_FACE('',(#12236),#12230,.T.);
#12238=CARTESIAN_POINT('',(0.03694898279812953,0.0005303300858899107,-0.07492512522215719));
#12239=DIRECTION('',(0.40874951601940196,-0.3819837405963344,-0.8288620241475279));
#12240=DIRECTION('',(0.6827806594833361,0.7306234125974207,0));
#12241=AXIS2_PLACEMENT_3D('',#12238,#12239,#12240);
#12242=PLANE('',#12241);
#12243=ORIENTED_EDGE('',*,*,#7082,.T.);
#12244=ORIENTED_EDGE('',*,*,#7087,.T.);
#12245=ORIENTED_EDGE('',*,*,#7092,.T.);
#12246=ORIENTED_EDGE('',*,*,#7097,.T.);
#12247=EDGE_LOOP('',(#12243,#12244,#12245,#12246));
#12248=FACE_OUTER_BOUND('',#12247,.T.);
#12249=ADVANCED_FACE('',(#12248),#12242,.T.);
#12250=CARTESIAN_POINT('',(0.03694898279812953,-0.0005303300858899105,-0.07492512522215719));
#12251=DIRECTION('',(0.4087495160194019,0.38198374059633433,-0.8288620241475279));
#12252=DIRECTION('',(-0.682780659483336,0.7306234125974206,0));
#12253=AXIS2_PLACEMENT_3D('',#12250,#12251,#12252);
#12254=PLANE('',#12253);
#12255=ORIENTED_EDGE('',*,*,#7102,.T.);
#12256=ORIENTED_EDGE('',*,*,#7107,.T.);
#12257=ORIENTED_EDGE('',*,*,#7112,.T.);
#12258=ORIENTED_EDGE('',*,*,#7117,.T.);
#12259=EDGE_LOOP('',(#12255,#12256,#12257,#12258));
#12260=FACE_OUTER_BOUND('',#12259,.T.);
#12261=ADVANCED_FACE('',(#12260),#12254,.T.);
#12262=CARTESIAN_POINT('',(0.037279989085266446,-0.0012803300858899107,-0.07559633957326808));
#12263=DIRECTION('',(0.16956639193444203,0.9235890509462895,-0.3438466281621321));
#12264=DIRECTION('',(-0.9835608652105957,0.1805769210784826,0));
#12265=AXIS2_PLACEMENT_3D('',#12262,#12263,#12264);
#12266=PLANE('',#12265);
#12267=ORIENTED_EDGE('',*,*,#7122,.T.);
#12268=ORIENTED_EDGE('',*,*,#7127,.T.);
#12269=ORIENTED_EDGE('',*,*,#7132,.T.);
#12270=ORIENTED_EDGE('',*,*,#7137,.T.);
#12271=EDGE_LOOP('',(#12267,#12268,#12269,#12270));
#12272=FACE_OUTER_BOUND('',#12271,.T.);
#12273=ADVANCED_FACE('',(#12272),#12266,.T.);
#12274=CARTESIAN_POINT('',(0.03774810266576622,-0.001280330085889911,-0.07654558001186858));
#12275=DIRECTION('',(-0.16956639193444342,0.9235890509462884,0.34384662816213435));
#12276=DIRECTION('',(-0.9835608652105953,-0.18057692107848425,0));
#12277=AXIS2_PLACEMENT_3D('',#12274,#12275,#12276);
#12278=PLANE('',#12277);
#12279=ORIENTED_EDGE('',*,*,#7142,.T.);
#12280=ORIENTED_EDGE('',*,*,#7147,.T.);
#12281=ORIENTED_EDGE('',*,*,#7152,.T.);
#12282=ORIENTED_EDGE('',*,*,#7157,.T.);
#12283=EDGE_LOOP('',(#12279,#12280,#12281,#12282));
#12284=FACE_OUTER_BOUND('',#12283,.T.);
#12285=ADVANCED_FACE('',(#12284),#12278,.T.);
#12286=CARTESIAN_POINT('',(0.03807910895290313,-0.0005303300858899108,-0.07721679436297947));
#12287=DIRECTION('',(-0.4087495160194036,0.38198374059632717,0.8288620241475304));
#12288=DIRECTION('',(-0.6827806594833277,-0.7306234125974285,0));
#12289=AXIS2_PLACEMENT_3D('',#12286,#12287,#12288);
#12290=PLANE('',#12289);
#12291=ORIENTED_EDGE('',*,*,#7162,.T.);
#12292=ORIENTED_EDGE('',*,*,#7167,.T.);
#12293=ORIENTED_EDGE('',*,*,#7172,.T.);
#12294=ORIENTED_EDGE('',*,*,#7177,.T.);
#12295=EDGE_LOOP('',(#12291,#12292,#12293,#12294));
#12296=FACE_OUTER_BOUND('',#12295,.T.);
#12297=ADVANCED_FACE('',(#12296),#12290,.T.);
#12298=CARTESIAN_POINT('',(0.047832151040687707,0.0005303300858899106,-0.07158587288817929));
#12299=DIRECTION('',(-0.5134408111342483,-0.3819837405963341,0.7684184767311608));
#12300=DIRECTION('',(0.5968983827585723,-0.8023168455542989,0));
#12301=AXIS2_PLACEMENT_3D('',#12298,#12299,#12300);
#12302=PLANE('',#12301);
#12303=ORIENTED_EDGE('',*,*,#7182,.T.);
#12304=ORIENTED_EDGE('',*,*,#7187,.T.);
#12305=ORIENTED_EDGE('',*,*,#7192,.T.);
#12306=ORIENTED_EDGE('',*,*,#7197,.T.);
#12307=EDGE_LOOP('',(#12303,#12304,#12305,#12306));
#12308=FACE_OUTER_BOUND('',#12307,.T.);
#12309=ADVANCED_FACE('',(#12308),#12302,.T.);
#12310=CARTESIAN_POINT('',(0.04741636550480944,0.0012803300858899107,-0.07096360585915092));
#12311=DIRECTION('',(-0.21299671902680845,-0.9235890509462888,0.31877211712436276));
#12312=DIRECTION('',(0.9744233669033311,-0.22472005258271027,0));
#12313=AXIS2_PLACEMENT_3D('',#12310,#12311,#12312);
#12314=PLANE('',#12313);
#12315=ORIENTED_EDGE('',*,*,#7202,.T.);
#12316=ORIENTED_EDGE('',*,*,#7207,.T.);
#12317=ORIENTED_EDGE('',*,*,#7212,.T.);
#12318=ORIENTED_EDGE('',*,*,#7217,.T.);
#12319=EDGE_LOOP('',(#12315,#12316,#12317,#12318));
#12320=FACE_OUTER_BOUND('',#12319,.T.);
#12321=ADVANCED_FACE('',(#12320),#12314,.T.);
#12322=CARTESIAN_POINT('',(0.04682835596093182,0.0012803300858899107,-0.07008358738728138));
#12323=DIRECTION('',(0.21299671902680684,-0.9235890509462898,-0.31877211712436115));
#12324=DIRECTION('',(0.9744233669033316,0.22472005258270844,0));
#12325=AXIS2_PLACEMENT_3D('',#12322,#12323,#12324);
#12326=PLANE('',#12325);
#12327=ORIENTED_EDGE('',*,*,#7222,.T.);
#12328=ORIENTED_EDGE('',*,*,#7227,.T.);
#12329=ORIENTED_EDGE('',*,*,#7232,.T.);
#12330=ORIENTED_EDGE('',*,*,#7237,.T.);
#12331=EDGE_LOOP('',(#12327,#12328,#12329,#12330));
#12332=FACE_OUTER_BOUND('',#12331,.T.);
#12333=ADVANCED_FACE('',(#12332),#12326,.T.);
#12334=CARTESIAN_POINT('',(0.046412570425053555,0.0005303300858899107,-0.06946132035825299));
#12335=DIRECTION('',(0.5134408111342507,-0.3819837405963278,-0.7684184767311626));
#12336=DIRECTION('',(0.5968983827585642,0.802316845554305,0));
#12337=AXIS2_PLACEMENT_3D('',#12334,#12335,#12336);
#12338=PLANE('',#12337);
#12339=ORIENTED_EDGE('',*,*,#7242,.T.);
#12340=ORIENTED_EDGE('',*,*,#7247,.T.);
#12341=ORIENTED_EDGE('',*,*,#7252,.T.);
#12342=ORIENTED_EDGE('',*,*,#7257,.T.);
#12343=EDGE_LOOP('',(#12339,#12340,#12341,#12342));
#12344=FACE_OUTER_BOUND('',#12343,.T.);
#12345=ADVANCED_FACE('',(#12344),#12338,.T.);
#12346=CARTESIAN_POINT('',(0.046412570425053555,-0.0005303300858899105,-0.069461320358253));
#12347=DIRECTION('',(0.5134408111342507,0.3819837405963278,-0.7684184767311626));
#12348=DIRECTION('',(-0.5968983827585642,0.802316845554305,0));
#12349=AXIS2_PLACEMENT_3D('',#12346,#12347,#12348);
#12350=PLANE('',#12349);
#12351=ORIENTED_EDGE('',*,*,#7262,.T.);
#12352=ORIENTED_EDGE('',*,*,#7267,.T.);
#12353=ORIENTED_EDGE('',*,*,#7272,.T.);
#12354=ORIENTED_EDGE('',*,*,#7277,.T.);
#12355=EDGE_LOOP('',(#12351,#12352,#12353,#12354));
#12356=FACE_OUTER_BOUND('',#12355,.T.);
#12357=ADVANCED_FACE('',(#12356),#12350,.T.);
#12358=CARTESIAN_POINT('',(0.04682835596093182,-0.0012803300858899107,-0.07008358738728138));
#12359=DIRECTION('',(0.21299671902680703,0.9235890509462896,-0.3187721171243614));
#12360=DIRECTION('',(-0.9744233669033315,0.22472005258270866,0));
#12361=AXIS2_PLACEMENT_3D('',#12358,#12359,#12360);
#12362=PLANE('',#12361);
#12363=ORIENTED_EDGE('',*,*,#7282,.T.);
#12364=ORIENTED_EDGE('',*,*,#7287,.T.);
#12365=ORIENTED_EDGE('',*,*,#7292,.T.);
#12366=ORIENTED_EDGE('',*,*,#7297,.T.);
#12367=EDGE_LOOP('',(#12363,#12364,#12365,#12366));
#12368=FACE_OUTER_BOUND('',#12367,.T.);
#12369=ADVANCED_FACE('',(#12368),#12362,.T.);
#12370=CARTESIAN_POINT('',(0.04741636550480943,-0.001280330085889911,-0.07096360585915092));
#12371=DIRECTION('',(-0.21299671902680797,0.9235890509462891,0.3187721171243625));
#12372=DIRECTION('',(-0.9744233669033313,-0.22472005258270975,0));
#12373=AXIS2_PLACEMENT_3D('',#12370,#12371,#12372);
#12374=PLANE('',#12373);
#12375=ORIENTED_EDGE('',*,*,#7302,.T.);
#12376=ORIENTED_EDGE('',*,*,#7307,.T.);
#12377=ORIENTED_EDGE('',*,*,#7312,.T.);
#12378=ORIENTED_EDGE('',*,*,#7317,.T.);
#12379=EDGE_LOOP('',(#12375,#12376,#12377,#12378));
#12380=FACE_OUTER_BOUND('',#12379,.T.);
#12381=ADVANCED_FACE('',(#12380),#12374,.T.);
#12382=CARTESIAN_POINT('',(0.047832151040687707,-0.0005303300858899108,-0.07158587288817929));
#12383=DIRECTION('',(-0.5134408111342482,0.381983740596334,0.768418476731161));
#12384=DIRECTION('',(-0.5968983827585723,-0.802316845554299,0));
#12385=AXIS2_PLACEMENT_3D('',#12382,#12383,#12384);
#12386=PLANE('',#12385);
#12387=ORIENTED_EDGE('',*,*,#7322,.T.);
#12388=ORIENTED_EDGE('',*,*,#7327,.T.);
#12389=ORIENTED_EDGE('',*,*,#7332,.T.);
#12390=ORIENTED_EDGE('',*,*,#7337,.T.);
#12391=EDGE_LOOP('',(#12387,#12388,#12389,#12390));
#12392=FACE_OUTER_BOUND('',#12391,.T.);
#12393=ADVANCED_FACE('',(#12392),#12386,.T.);
#12394=CARTESIAN_POINT('',(0.056766771762588444,0.0005303300858899106,-0.0647300972809088));
#12395=DIRECTION('',(-0.6093469916179043,-0.38198374059633017,0.6948270761320728));
#12396=DIRECTION('',(0.5311402102178321,-0.8472839412438767,0));
#12397=AXIS2_PLACEMENT_3D('',#12394,#12395,#12396);
#12398=PLANE('',#12397);
#12399=ORIENTED_EDGE('',*,*,#7342,.T.);
#12400=ORIENTED_EDGE('',*,*,#7347,.T.);
#12401=ORIENTED_EDGE('',*,*,#7352,.T.);
#12402=ORIENTED_EDGE('',*,*,#7357,.T.);
#12403=EDGE_LOOP('',(#12399,#12400,#12401,#12402));
#12404=FACE_OUTER_BOUND('',#12403,.T.);
#12405=ADVANCED_FACE('',(#12404),#12398,.T.);
#12406=CARTESIAN_POINT('',(0.05627332118376522,0.0012803300858899107,-0.06416742473535463));
#12407=DIRECTION('',(-0.25278261320277584,-0.9235890509462897,0.28824332678226505));
#12408=DIRECTION('',(0.9645262490051433,-0.2639869598674684,0));
#12409=AXIS2_PLACEMENT_3D('',#12406,#12407,#12408);
#12410=PLANE('',#12409);
#12411=ORIENTED_EDGE('',*,*,#7362,.T.);
#12412=ORIENTED_EDGE('',*,*,#7367,.T.);
#12413=ORIENTED_EDGE('',*,*,#7372,.T.);
#12414=ORIENTED_EDGE('',*,*,#7377,.T.);
#12415=EDGE_LOOP('',(#12411,#12412,#12413,#12414));
#12416=FACE_OUTER_BOUND('',#12415,.T.);
#12417=ADVANCED_FACE('',(#12416),#12410,.T.);
#12418=CARTESIAN_POINT('',(0.05557547668283256,0.0012803300858899107,-0.06337168559025692));
#12419=DIRECTION('',(0.25278261320277684,-0.9235890509462891,-0.2882433267822663));
#12420=DIRECTION('',(0.9645262490051429,0.2639869598674695,0));
#12421=AXIS2_PLACEMENT_3D('',#12418,#12419,#12420);
#12422=PLANE('',#12421);
#12423=ORIENTED_EDGE('',*,*,#7382,.T.);
#12424=ORIENTED_EDGE('',*,*,#7387,.T.);
#12425=ORIENTED_EDGE('',*,*,#7392,.T.);
#12426=ORIENTED_EDGE('',*,*,#7397,.T.);
#12427=EDGE_LOOP('',(#12423,#12424,#12425,#12426));
#12428=FACE_OUTER_BOUND('',#12427,.T.);
#12429=ADVANCED_FACE('',(#12428),#12422,.T.);
#12430=CARTESIAN_POINT('',(0.05508202610400934,0.0005303300858899107,-0.06280901304470277));
#12431=DIRECTION('',(0.6093469916179056,-0.38198374059632495,-0.6948270761320745));
#12432=DIRECTION('',(0.531140210217826,0.8472839412438804,0));
#12433=AXIS2_PLACEMENT_3D('',#12430,#12431,#12432);
#12434=PLANE('',#12433);
#12435=ORIENTED_EDGE('',*,*,#7402,.T.);
#12436=ORIENTED_EDGE('',*,*,#7407,.T.);
#12437=ORIENTED_EDGE('',*,*,#7412,.T.);
#12438=ORIENTED_EDGE('',*,*,#7417,.T.);
#12439=EDGE_LOOP('',(#12435,#12436,#12437,#12438));
#12440=FACE_OUTER_BOUND('',#12439,.T.);
#12441=ADVANCED_FACE('',(#12440),#12434,.T.);
#12442=CARTESIAN_POINT('',(0.055082026104009335,-0.0005303300858899105,-0.06280901304470277));
#12443=DIRECTION('',(0.6093469916179056,0.3819837405963249,-0.6948270761320745));
#12444=DIRECTION('',(-0.531140210217826,0.8472839412438804,0));
#12445=AXIS2_PLACEMENT_3D('',#12442,#12443,#12444);
#12446=PLANE('',#12445);
#12447=ORIENTED_EDGE('',*,*,#7422,.T.);
#12448=ORIENTED_EDGE('',*,*,#7427,.T.);
#12449=ORIENTED_EDGE('',*,*,#7432,.T.);
#12450=ORIENTED_EDGE('',*,*,#7437,.T.);
#12451=EDGE_LOOP('',(#12447,#12448,#12449,#12450));
#12452=FACE_OUTER_BOUND('',#12451,.T.);
#12453=ADVANCED_FACE('',(#12452),#12446,.T.);
#12454=CARTESIAN_POINT('',(0.05557547668283256,-0.0012803300858899107,-0.06337168559025692));
#12455=DIRECTION('',(0.25278261320277706,0.923589050946289,-0.2882433267822664));
#12456=DIRECTION('',(-0.9645262490051428,0.26398695986746973,0));
#12457=AXIS2_PLACEMENT_3D('',#12454,#12455,#12456);
#12458=PLANE('',#12457);
#12459=ORIENTED_EDGE('',*,*,#7442,.T.);
#12460=ORIENTED_EDGE('',*,*,#7447,.T.);
#12461=ORIENTED_EDGE('',*,*,#7452,.T.);
#12462=ORIENTED_EDGE('',*,*,#7457,.T.);
#12463=EDGE_LOOP('',(#12459,#12460,#12461,#12462));
#12464=FACE_OUTER_BOUND('',#12463,.T.);
#12465=ADVANCED_FACE('',(#12464),#12458,.T.);
#12466=CARTESIAN_POINT('',(0.05627332118376522,-0.001280330085889911,-0.06416742473535463));
#12467=DIRECTION('',(-0.25278261320277584,0.9235890509462898,0.28824332678226483));
#12468=DIRECTION('',(-0.9645262490051433,-0.26398695986746834,0));
#12469=AXIS2_PLACEMENT_3D('',#12466,#12467,#12468);
#12470=PLANE('',#12469);
#12471=ORIENTED_EDGE('',*,*,#7462,.T.);
#12472=ORIENTED_EDGE('',*,*,#7467,.T.);
#12473=ORIENTED_EDGE('',*,*,#7472,.T.);
#12474=ORIENTED_EDGE('',*,*,#7477,.T.);
#12475=EDGE_LOOP('',(#12471,#12472,#12473,#12474));
#12476=FACE_OUTER_BOUND('',#12475,.T.);
#12477=ADVANCED_FACE('',(#12476),#12470,.T.);
#12478=CARTESIAN_POINT('',(0.056766771762588444,-0.0005303300858899108,-0.0647300972809088));
#12479=DIRECTION('',(-0.6093469916179042,0.3819837405963301,0.694827076132073));
#12480=DIRECTION('',(-0.5311402102178321,-0.8472839412438766,0));
#12481=AXIS2_PLACEMENT_3D('',#12478,#12479,#12480);
#12482=PLANE('',#12481);
#12483=ORIENTED_EDGE('',*,*,#7482,.T.);
#12484=ORIENTED_EDGE('',*,*,#7487,.T.);
#12485=ORIENTED_EDGE('',*,*,#7492,.T.);
#12486=ORIENTED_EDGE('',*,*,#7497,.T.);
#12487=EDGE_LOOP('',(#12483,#12484,#12485,#12486));
#12488=FACE_OUTER_BOUND('',#12487,.T.);
#12489=ADVANCED_FACE('',(#12488),#12482,.T.);
#12490=CARTESIAN_POINT('',(0.06473009728090877,0.0005303300858899106,-0.05676677176258847));
#12491=DIRECTION('',(-0.6948270761320737,-0.3819837405963267,0.6093469916179053));
#12492=DIRECTION('',(0.48175301846136376,-0.8763070404848777,0));
#12493=AXIS2_PLACEMENT_3D('',#12490,#12491,#12492);
#12494=PLANE('',#12493);
#12495=ORIENTED_EDGE('',*,*,#7502,.T.);
#12496=ORIENTED_EDGE('',*,*,#7507,.T.);
#12497=ORIENTED_EDGE('',*,*,#7512,.T.);
#12498=ORIENTED_EDGE('',*,*,#7517,.T.);
#12499=EDGE_LOOP('',(#12495,#12496,#12497,#12498));
#12500=FACE_OUTER_BOUND('',#12499,.T.);
#12501=ADVANCED_FACE('',(#12500),#12494,.T.);
#12502=CARTESIAN_POINT('',(0.0641674247353546,0.0012803300858899107,-0.05627332118376525));
#12503=DIRECTION('',(-0.28824332678226333,-0.9235890509462905,0.2527826132027749));
#12504=DIRECTION('',(0.9545912136273086,-0.2979188058272626,0));
#12505=AXIS2_PLACEMENT_3D('',#12502,#12503,#12504);
#12506=PLANE('',#12505);
#12507=ORIENTED_EDGE('',*,*,#7522,.T.);
#12508=ORIENTED_EDGE('',*,*,#7527,.T.);
#12509=ORIENTED_EDGE('',*,*,#7532,.T.);
#12510=ORIENTED_EDGE('',*,*,#7537,.T.);
#12511=EDGE_LOOP('',(#12507,#12508,#12509,#12510));
#12512=FACE_OUTER_BOUND('',#12511,.T.);
#12513=ADVANCED_FACE('',(#12512),#12506,.T.);
#12514=CARTESIAN_POINT('',(0.06337168559025691,0.0012803300858899107,-0.055575476682832595));
#12515=DIRECTION('',(0.28824332678226794,-0.923589050946288,-0.25278261320277856));
#12516=DIRECTION('',(0.9545912136273069,0.29791880582726765,0));
#12517=AXIS2_PLACEMENT_3D('',#12514,#12515,#12516);
#12518=PLANE('',#12517);
#12519=ORIENTED_EDGE('',*,*,#7542,.T.);
#12520=ORIENTED_EDGE('',*,*,#7547,.T.);
#12521=ORIENTED_EDGE('',*,*,#7552,.T.);
#12522=ORIENTED_EDGE('',*,*,#7557,.T.);
#12523=EDGE_LOOP('',(#12519,#12520,#12521,#12522));
#12524=FACE_OUTER_BOUND('',#12523,.T.);
#12525=ADVANCED_FACE('',(#12524),#12518,.T.);
#12526=CARTESIAN_POINT('',(0.06280901304470274,0.0005303300858899107,-0.05508202610400937));
#12527=DIRECTION('',(0.6948270761320726,-0.38198374059632956,-0.6093469916179047));
#12528=DIRECTION('',(0.48175301846136703,0.8763070404848758,0));
#12529=AXIS2_PLACEMENT_3D('',#12526,#12527,#12528);
#12530=PLANE('',#12529);
#12531=ORIENTED_EDGE('',*,*,#7562,.T.);
#12532=ORIENTED_EDGE('',*,*,#7567,.T.);
#12533=ORIENTED_EDGE('',*,*,#7572,.T.);
#12534=ORIENTED_EDGE('',*,*,#7577,.T.);
#12535=EDGE_LOOP('',(#12531,#12532,#12533,#12534));
#12536=FACE_OUTER_BOUND('',#12535,.T.);
#12537=ADVANCED_FACE('',(#12536),#12530,.T.);
#12538=CARTESIAN_POINT('',(0.06280901304470274,-0.0005303300858899105,-0.05508202610400936));
#12539=DIRECTION('',(0.6948270761320728,0.3819837405963294,-0.6093469916179046));
#12540=DIRECTION('',(-0.48175301846136676,0.876307040484876,0));
#12541=AXIS2_PLACEMENT_3D('',#12538,#12539,#12540);
#12542=PLANE('',#12541);
#12543=ORIENTED_EDGE('',*,*,#7582,.T.);
#12544=ORIENTED_EDGE('',*,*,#7587,.T.);
#12545=ORIENTED_EDGE('',*,*,#7592,.T.);
#12546=ORIENTED_EDGE('',*,*,#7597,.T.);
#12547=EDGE_LOOP('',(#12543,#12544,#12545,#12546));
#12548=FACE_OUTER_BOUND('',#12547,.T.);
#12549=ADVANCED_FACE('',(#12548),#12542,.T.);
#12550=CARTESIAN_POINT('',(0.06337168559025691,-0.0012803300858899107,-0.05557547668283259));
#12551=DIRECTION('',(0.28824332678226794,0.923589050946288,-0.2527826132027787));
#12552=DIRECTION('',(-0.9545912136273069,0.29791880582726765,0));
#12553=AXIS2_PLACEMENT_3D('',#12550,#12551,#12552);
#12554=PLANE('',#12553);
#12555=ORIENTED_EDGE('',*,*,#7602,.T.);
#12556=ORIENTED_EDGE('',*,*,#7607,.T.);
#12557=ORIENTED_EDGE('',*,*,#7612,.T.);
#12558=ORIENTED_EDGE('',*,*,#7617,.T.);
#12559=EDGE_LOOP('',(#12555,#12556,#12557,#12558));
#12560=FACE_OUTER_BOUND('',#12559,.T.);
#12561=ADVANCED_FACE('',(#12560),#12554,.T.);
#12562=CARTESIAN_POINT('',(0.0641674247353546,-0.001280330085889911,-0.05627332118376525));
#12563=DIRECTION('',(-0.2882433267822631,0.9235890509462906,0.2527826132027747));
#12564=DIRECTION('',(-0.9545912136273086,-0.2979188058272623,0));
#12565=AXIS2_PLACEMENT_3D('',#12562,#12563,#12564);
#12566=PLANE('',#12565);
#12567=ORIENTED_EDGE('',*,*,#7622,.T.);
#12568=ORIENTED_EDGE('',*,*,#7627,.T.);
#12569=ORIENTED_EDGE('',*,*,#7632,.T.);
#12570=ORIENTED_EDGE('',*,*,#7637,.T.);
#12571=EDGE_LOOP('',(#12567,#12568,#12569,#12570));
#12572=FACE_OUTER_BOUND('',#12571,.T.);
#12573=ADVANCED_FACE('',(#12572),#12566,.T.);
#12574=CARTESIAN_POINT('',(0.06473009728090877,-0.0005303300858899108,-0.05676677176258847));
#12575=DIRECTION('',(-0.6948270761320738,0.3819837405963265,0.6093469916179053));
#12576=DIRECTION('',(-0.4817530184613635,-0.8763070404848778,0));
#12577=AXIS2_PLACEMENT_3D('',#12574,#12575,#12576);
#12578=PLANE('',#12577);
#12579=ORIENTED_EDGE('',*,*,#7642,.T.);
#12580=ORIENTED_EDGE('',*,*,#7647,.T.);
#12581=ORIENTED_EDGE('',*,*,#7652,.T.);
#12582=ORIENTED_EDGE('',*,*,#7657,.T.);
#12583=EDGE_LOOP('',(#12579,#12580,#12581,#12582));
#12584=FACE_OUTER_BOUND('',#12583,.T.);
#12585=ADVANCED_FACE('',(#12584),#12578,.T.);
#12586=CARTESIAN_POINT('',(0.07158587288817927,0.0005303300858899106,-0.04783215104068774));
#12587=DIRECTION('',(-0.7684184767311585,-0.3819837405963384,0.5134408111342489));
#12588=DIRECTION('',(0.4451376384210576,-0.8954621616019985,0));
#12589=AXIS2_PLACEMENT_3D('',#12586,#12587,#12588);
#12590=PLANE('',#12589);
#12591=ORIENTED_EDGE('',*,*,#7662,.T.);
#12592=ORIENTED_EDGE('',*,*,#7667,.T.);
#12593=ORIENTED_EDGE('',*,*,#7672,.T.);
#12594=ORIENTED_EDGE('',*,*,#7677,.T.);
#12595=EDGE_LOOP('',(#12591,#12592,#12593,#12594));
#12596=FACE_OUTER_BOUND('',#12595,.T.);
#12597=ADVANCED_FACE('',(#12596),#12590,.T.);
#12598=CARTESIAN_POINT('',(0.07096360585915089,0.0012803300858899107,-0.04741636550480947));
#12599=DIRECTION('',(-0.3187721171243599,-0.9235890509462903,0.2129967190268061));
#12600=DIRECTION('',(0.9452804830357585,-0.32625880584542527,0));
#12601=AXIS2_PLACEMENT_3D('',#12598,#12599,#12600);
#12602=PLANE('',#12601);
#12603=ORIENTED_EDGE('',*,*,#7682,.T.);
#12604=ORIENTED_EDGE('',*,*,#7687,.T.);
#12605=ORIENTED_EDGE('',*,*,#7692,.T.);
#12606=ORIENTED_EDGE('',*,*,#7697,.T.);
#12607=EDGE_LOOP('',(#12603,#12604,#12605,#12606));
#12608=FACE_OUTER_BOUND('',#12607,.T.);
#12609=ADVANCED_FACE('',(#12608),#12602,.T.);
#12610=CARTESIAN_POINT('',(0.07008358738728135,0.0012803300858899107,-0.04682835596093185));
#12611=DIRECTION('',(0.3187721171243655,-0.9235890509462874,-0.21299671902681006));
#12612=DIRECTION('',(0.9452804830357565,0.3262588058454313,0));
#12613=AXIS2_PLACEMENT_3D('',#12610,#12611,#12612);
#12614=PLANE('',#12613);
#12615=ORIENTED_EDGE('',*,*,#7702,.T.);
#12616=ORIENTED_EDGE('',*,*,#7707,.T.);
#12617=ORIENTED_EDGE('',*,*,#7712,.T.);
#12618=ORIENTED_EDGE('',*,*,#7717,.T.);
#12619=EDGE_LOOP('',(#12615,#12616,#12617,#12618));
#12620=FACE_OUTER_BOUND('',#12619,.T.);
#12621=ADVANCED_FACE('',(#12620),#12614,.T.);
#12622=CARTESIAN_POINT('',(0.06946132035825298,0.0005303300858899107,-0.04641257042505358));
#12623=DIRECTION('',(0.7684184767311593,-0.38198374059633616,-0.5134408111342491));
#12624=DIRECTION('',(0.44513763842105514,0.8954621616019999,0));
#12625=AXIS2_PLACEMENT_3D('',#12622,#12623,#12624);
#12626=PLANE('',#12625);
#12627=ORIENTED_EDGE('',*,*,#7722,.T.);
#12628=ORIENTED_EDGE('',*,*,#7727,.T.);
#12629=ORIENTED_EDGE('',*,*,#7732,.T.);
#12630=ORIENTED_EDGE('',*,*,#7737,.T.);
#12631=EDGE_LOOP('',(#12627,#12628,#12629,#12630));
#12632=FACE_OUTER_BOUND('',#12631,.T.);
#12633=ADVANCED_FACE('',(#12632),#12626,.T.);
#12634=CARTESIAN_POINT('',(0.06946132035825298,-0.0005303300858899105,-0.04641257042505358));
#12635=DIRECTION('',(0.7684184767311593,0.38198374059633616,-0.5134408111342492));
#12636=DIRECTION('',(-0.44513763842105514,0.8954621616019999,0));
#12637=AXIS2_PLACEMENT_3D('',#12634,#12635,#12636);
#12638=PLANE('',#12637);
#12639=ORIENTED_EDGE('',*,*,#7742,.T.);
#12640=ORIENTED_EDGE('',*,*,#7747,.T.);
#12641=ORIENTED_EDGE('',*,*,#7752,.T.);
#12642=ORIENTED_EDGE('',*,*,#7757,.T.);
#12643=EDGE_LOOP('',(#12639,#12640,#12641,#12642));
#12644=FACE_OUTER_BOUND('',#12643,.T.);
#12645=ADVANCED_FACE('',(#12644),#12638,.T.);
#12646=CARTESIAN_POINT('',(0.07008358738728135,-0.0012803300858899107,-0.04682835596093185));
#12647=DIRECTION('',(0.31877211712436593,0.9235890509462872,-0.21299671902681014));
#12648=DIRECTION('',(-0.9452804830357564,0.32625880584543177,0));
#12649=AXIS2_PLACEMENT_3D('',#12646,#12647,#12648);
#12650=PLANE('',#12649);
#12651=ORIENTED_EDGE('',*,*,#7762,.T.);
#12652=ORIENTED_EDGE('',*,*,#7767,.T.);
#12653=ORIENTED_EDGE('',*,*,#7772,.T.);
#12654=ORIENTED_EDGE('',*,*,#7777,.T.);
#12655=EDGE_LOOP('',(#12651,#12652,#12653,#12654));
#12656=FACE_OUTER_BOUND('',#12655,.T.);
#12657=ADVANCED_FACE('',(#12656),#12650,.T.);
#12658=CARTESIAN_POINT('',(0.07096360585915089,-0.001280330085889911,-0.04741636550480947));
#12659=DIRECTION('',(-0.31877211712435943,0.9235890509462905,0.2129967190268058));
#12660=DIRECTION('',(-0.9452804830357588,-0.3262588058454248,0));
#12661=AXIS2_PLACEMENT_3D('',#12658,#12659,#12660);
#12662=PLANE('',#12661);
#12663=ORIENTED_EDGE('',*,*,#7782,.T.);
#12664=ORIENTED_EDGE('',*,*,#7787,.T.);
#12665=ORIENTED_EDGE('',*,*,#7792,.T.);
#12666=ORIENTED_EDGE('',*,*,#7797,.T.);
#12667=EDGE_LOOP('',(#12663,#12664,#12665,#12666));
#12668=FACE_OUTER_BOUND('',#12667,.T.);
#12669=ADVANCED_FACE('',(#12668),#12662,.T.);
#12670=CARTESIAN_POINT('',(0.07158587288817927,-0.0005303300858899108,-0.04783215104068774));
#12671=DIRECTION('',(-0.7684184767311583,0.3819837405963383,0.513440811134249));
#12672=DIRECTION('',(-0.4451376384210576,-0.8954621616019985,0));
#12673=AXIS2_PLACEMENT_3D('',#12670,#12671,#12672);
#12674=PLANE('',#12673);
#12675=ORIENTED_EDGE('',*,*,#7802,.T.);
#12676=ORIENTED_EDGE('',*,*,#7807,.T.);
#12677=ORIENTED_EDGE('',*,*,#7812,.T.);
#12678=ORIENTED_EDGE('',*,*,#7817,.T.);
#12679=EDGE_LOOP('',(#12675,#12676,#12677,#12678));
#12680=FACE_OUTER_BOUND('',#12679,.T.);
#12681=ADVANCED_FACE('',(#12680),#12674,.T.);
#12682=CARTESIAN_POINT('',(0.07721679436297946,0.0005303300858899106,-0.03807910895290316));
#12683=DIRECTION('',(-0.8288620241475267,-0.3819837405963373,0.40874951601940174));
#12684=DIRECTION('',(0.41854507185542883,-0.908196026651479,0));
#12685=AXIS2_PLACEMENT_3D('',#12682,#12683,#12684);
#12686=PLANE('',#12685);
#12687=ORIENTED_EDGE('',*,*,#7822,.T.);
#12688=ORIENTED_EDGE('',*,*,#7827,.T.);
#12689=ORIENTED_EDGE('',*,*,#7832,.T.);
#12690=ORIENTED_EDGE('',*,*,#7837,.T.);
#12691=EDGE_LOOP('',(#12687,#12688,#12689,#12690));
#12692=FACE_OUTER_BOUND('',#12691,.T.);
#12693=ADVANCED_FACE('',(#12692),#12686,.T.);
#12694=CARTESIAN_POINT('',(0.07654558001186855,0.0012803300858899107,-0.03774810266576625));
#12695=DIRECTION('',(-0.3438466281621347,-0.9235890509462882,0.16956639193444362));
#12696=DIRECTION('',(0.9371602880940297,-0.3488991178256474,0));
#12697=AXIS2_PLACEMENT_3D('',#12694,#12695,#12696);
#12698=PLANE('',#12697);
#12699=ORIENTED_EDGE('',*,*,#7842,.T.);
#12700=ORIENTED_EDGE('',*,*,#7847,.T.);
#12701=ORIENTED_EDGE('',*,*,#7852,.T.);
#12702=ORIENTED_EDGE('',*,*,#7857,.T.);
#12703=EDGE_LOOP('',(#12699,#12700,#12701,#12702));
#12704=FACE_OUTER_BOUND('',#12703,.T.);
#12705=ADVANCED_FACE('',(#12704),#12698,.T.);
#12706=CARTESIAN_POINT('',(0.07559633957326807,0.0012803300858899107,-0.037279989085266474));
#12707=DIRECTION('',(0.3438466281621336,-0.9235890509462887,-0.16956639193444306));
#12708=DIRECTION('',(0.9371602880940303,0.3488991178256463,0));
#12709=AXIS2_PLACEMENT_3D('',#12706,#12707,#12708);
#12710=PLANE('',#12709);
#12711=ORIENTED_EDGE('',*,*,#7862,.T.);
#12712=ORIENTED_EDGE('',*,*,#7867,.T.);
#12713=ORIENTED_EDGE('',*,*,#7872,.T.);
#12714=ORIENTED_EDGE('',*,*,#7877,.T.);
#12715=EDGE_LOOP('',(#12711,#12712,#12713,#12714));
#12716=FACE_OUTER_BOUND('',#12715,.T.);
#12717=ADVANCED_FACE('',(#12716),#12710,.T.);
#12718=CARTESIAN_POINT('',(0.07492512522215718,0.0005303300858899107,-0.03694898279812957));
#12719=DIRECTION('',(0.8288620241475301,-0.38198374059632767,-0.4087495160194036));
#12720=DIRECTION('',(0.4185450718554187,0.9081960266514836,0));
#12721=AXIS2_PLACEMENT_3D('',#12718,#12719,#12720);
#12722=PLANE('',#12721);
#12723=ORIENTED_EDGE('',*,*,#7882,.T.);
#12724=ORIENTED_EDGE('',*,*,#7887,.T.);
#12725=ORIENTED_EDGE('',*,*,#7892,.T.);
#12726=ORIENTED_EDGE('',*,*,#7897,.T.);
#12727=EDGE_LOOP('',(#12723,#12724,#12725,#12726));
#12728=FACE_OUTER_BOUND('',#12727,.T.);
#12729=ADVANCED_FACE('',(#12728),#12722,.T.);
#12730=CARTESIAN_POINT('',(0.07492512522215718,-0.0005303300858899105,-0.03694898279812957));
#12731=DIRECTION('',(0.8288620241475301,0.38198374059632767,-0.4087495160194036));
#12732=DIRECTION('',(-0.4185450718554187,0.9081960266514836,0));
#12733=AXIS2_PLACEMENT_3D('',#12730,#12731,#12732);
#12734=PLANE('',#12733);
#12735=ORIENTED_EDGE('',*,*,#7902,.T.);
#12736=ORIENTED_EDGE('',*,*,#7907,.T.);
#12737=ORIENTED_EDGE('',*,*,#7912,.T.);
#12738=ORIENTED_EDGE('',*,*,#7917,.T.);
#12739=EDGE_LOOP('',(#12735,#12736,#12737,#12738));
#12740=FACE_OUTER_BOUND('',#12739,.T.);
#12741=ADVANCED_FACE('',(#12740),#12734,.T.);
#12742=CARTESIAN_POINT('',(0.07559633957326807,-0.0012803300858899107,-0.037279989085266474));
#12743=DIRECTION('',(0.34384662816213357,0.9235890509462886,-0.16956639193444317));
#12744=DIRECTION('',(-0.9371602880940302,0.3488991178256463,0));
#12745=AXIS2_PLACEMENT_3D('',#12742,#12743,#12744);
#12746=PLANE('',#12745);
#12747=ORIENTED_EDGE('',*,*,#7922,.T.);
#12748=ORIENTED_EDGE('',*,*,#7927,.T.);
#12749=ORIENTED_EDGE('',*,*,#7932,.T.);
#12750=ORIENTED_EDGE('',*,*,#7937,.T.);
#12751=EDGE_LOOP('',(#12747,#12748,#12749,#12750));
#12752=FACE_OUTER_BOUND('',#12751,.T.);
#12753=ADVANCED_FACE('',(#12752),#12746,.T.);
#12754=CARTESIAN_POINT('',(0.07654558001186856,-0.001280330085889911,-0.03774810266576625));
#12755=DIRECTION('',(-0.34384662816213457,0.9235890509462882,0.16956639193444342));
#12756=DIRECTION('',(-0.9371602880940298,-0.34889911782564736,0));
#12757=AXIS2_PLACEMENT_3D('',#12754,#12755,#12756);
#12758=PLANE('',#12757);
#12759=ORIENTED_EDGE('',*,*,#7942,.T.);
#12760=ORIENTED_EDGE('',*,*,#7947,.T.);
#12761=ORIENTED_EDGE('',*,*,#7952,.T.);
#12762=ORIENTED_EDGE('',*,*,#7957,.T.);
#12763=EDGE_LOOP('',(#12759,#12760,#12761,#12762));
#12764=FACE_OUTER_BOUND('',#12763,.T.);
#12765=ADVANCED_FACE('',(#12764),#12758,.T.);
#12766=CARTESIAN_POINT('',(0.07721679436297944,-0.0005303300858899108,-0.03807910895290316));
#12767=DIRECTION('',(-0.8288620241475267,0.38198374059633705,0.4087495160194016));
#12768=DIRECTION('',(-0.41854507185542866,-0.9081960266514791,0));
#12769=AXIS2_PLACEMENT_3D('',#12766,#12767,#12768);
#12770=PLANE('',#12769);
#12771=ORIENTED_EDGE('',*,*,#7962,.T.);
#12772=ORIENTED_EDGE('',*,*,#7967,.T.);
#12773=ORIENTED_EDGE('',*,*,#7972,.T.);
#12774=ORIENTED_EDGE('',*,*,#7977,.T.);
#12775=EDGE_LOOP('',(#12771,#12772,#12773,#12774));
#12776=FACE_OUTER_BOUND('',#12775,.T.);
#12777=ADVANCED_FACE('',(#12776),#12770,.T.);
#12778=CARTESIAN_POINT('',(0.08152651507768913,0.0005303300858899106,-0.027674522753410823));
#12779=DIRECTION('',(-0.8751235125267628,-0.38198374059633466,0.297064403358687));
#12780=DIRECTION('',(0.4000426897225805,-0.9164965064851711,0));
#12781=AXIS2_PLACEMENT_3D('',#12778,#12779,#12780);
#12782=PLANE('',#12781);
#12783=ORIENTED_EDGE('',*,*,#7982,.T.);
#12784=ORIENTED_EDGE('',*,*,#7987,.T.);
#12785=ORIENTED_EDGE('',*,*,#7992,.T.);
#12786=ORIENTED_EDGE('',*,*,#7997,.T.);
#12787=EDGE_LOOP('',(#12783,#12784,#12785,#12786));
#12788=FACE_OUTER_BOUND('',#12787,.T.);
#12789=ADVANCED_FACE('',(#12788),#12782,.T.);
#12790=CARTESIAN_POINT('',(0.08081783806813898,0.0012803300858899107,-0.027433959324360463));
#12791=DIRECTION('',(-0.36303782805975177,-0.9235890509462898,0.12323473686339297));
#12792=DIRECTION('',(0.9306831376198308,-0.3658263212920949,0));
#12793=AXIS2_PLACEMENT_3D('',#12790,#12791,#12792);
#12794=PLANE('',#12793);
#12795=ORIENTED_EDGE('',*,*,#8002,.T.);
#12796=ORIENTED_EDGE('',*,*,#8007,.T.);
#12797=ORIENTED_EDGE('',*,*,#8012,.T.);
#12798=ORIENTED_EDGE('',*,*,#8017,.T.);
#12799=EDGE_LOOP('',(#12795,#12796,#12797,#12798));
#12800=FACE_OUTER_BOUND('',#12799,.T.);
#12801=ADVANCED_FACE('',(#12800),#12794,.T.);
#12802=CARTESIAN_POINT('',(0.07981561742989118,0.0012803300858899107,-0.027093751260386476));
#12803=DIRECTION('',(0.36303782805975915,-0.9235890509462865,-0.1232347368633956));
#12804=DIRECTION('',(0.9306831376198278,0.36582632129210246,0));
#12805=AXIS2_PLACEMENT_3D('',#12802,#12803,#12804);
#12806=PLANE('',#12805);
#12807=ORIENTED_EDGE('',*,*,#8022,.T.);
#12808=ORIENTED_EDGE('',*,*,#8027,.T.);
#12809=ORIENTED_EDGE('',*,*,#8032,.T.);
#12810=ORIENTED_EDGE('',*,*,#8037,.T.);
#12811=EDGE_LOOP('',(#12807,#12808,#12809,#12810));
#12812=FACE_OUTER_BOUND('',#12811,.T.);
#12813=ADVANCED_FACE('',(#12812),#12806,.T.);
#12814=CARTESIAN_POINT('',(0.07910694042034105,0.0005303300858899107,-0.026853187831336126));
#12815=DIRECTION('',(0.8751235125267617,-0.38198374059633766,-0.2970644033586864));
#12816=DIRECTION('',(0.4000426897225835,0.9164965064851697,0));
#12817=AXIS2_PLACEMENT_3D('',#12814,#12815,#12816);
#12818=PLANE('',#12817);
#12819=ORIENTED_EDGE('',*,*,#8042,.T.);
#12820=ORIENTED_EDGE('',*,*,#8047,.T.);
#12821=ORIENTED_EDGE('',*,*,#8052,.T.);
#12822=ORIENTED_EDGE('',*,*,#8057,.T.);
#12823=EDGE_LOOP('',(#12819,#12820,#12821,#12822));
#12824=FACE_OUTER_BOUND('',#12823,.T.);
#12825=ADVANCED_FACE('',(#12824),#12818,.T.);
#12826=CARTESIAN_POINT('',(0.07910694042034105,-0.0005303300858899105,-0.026853187831336126));
#12827=DIRECTION('',(0.8751235125267618,0.38198374059633766,-0.2970644033586864));
#12828=DIRECTION('',(-0.4000426897225835,0.9164965064851697,0));
#12829=AXIS2_PLACEMENT_3D('',#12826,#12827,#12828);
#12830=PLANE('',#12829);
#12831=ORIENTED_EDGE('',*,*,#8062,.T.);
#12832=ORIENTED_EDGE('',*,*,#8067,.T.);
#12833=ORIENTED_EDGE('',*,*,#8072,.T.);
#12834=ORIENTED_EDGE('',*,*,#8077,.T.);
#12835=EDGE_LOOP('',(#12831,#12832,#12833,#12834));
#12836=FACE_OUTER_BOUND('',#12835,.T.);
#12837=ADVANCED_FACE('',(#12836),#12830,.T.);
#12838=CARTESIAN_POINT('',(0.07981561742989118,-0.0012803300858899107,-0.027093751260386476));
#12839=DIRECTION('',(0.36303782805975926,0.9235890509462865,-0.12323473686339566));
#12840=DIRECTION('',(-0.9306831376198278,0.3658263212921026,0));
#12841=AXIS2_PLACEMENT_3D('',#12838,#12839,#12840);
#12842=PLANE('',#12841);
#12843=ORIENTED_EDGE('',*,*,#8082,.T.);
#12844=ORIENTED_EDGE('',*,*,#8087,.T.);
#12845=ORIENTED_EDGE('',*,*,#8092,.T.);
#12846=ORIENTED_EDGE('',*,*,#8097,.T.);
#12847=EDGE_LOOP('',(#12843,#12844,#12845,#12846));
#12848=FACE_OUTER_BOUND('',#12847,.T.);
#12849=ADVANCED_FACE('',(#12848),#12842,.T.);
#12850=CARTESIAN_POINT('',(0.08081783806813898,-0.001280330085889911,-0.027433959324360466));
#12851=DIRECTION('',(-0.3630378280597513,0.92358905094629,0.12323473686339284));
#12852=DIRECTION('',(-0.930683137619831,-0.36582632129209447,0));
#12853=AXIS2_PLACEMENT_3D('',#12850,#12851,#12852);
#12854=PLANE('',#12853);
#12855=ORIENTED_EDGE('',*,*,#8102,.T.);
#12856=ORIENTED_EDGE('',*,*,#8107,.T.);
#12857=ORIENTED_EDGE('',*,*,#8112,.T.);
#12858=ORIENTED_EDGE('',*,*,#8117,.T.);
#12859=EDGE_LOOP('',(#12855,#12856,#12857,#12858));
#12860=FACE_OUTER_BOUND('',#12859,.T.);
#12861=ADVANCED_FACE('',(#12860),#12854,.T.);
#12862=CARTESIAN_POINT('',(0.08152651507768913,-0.0005303300858899108,-0.02767452275341082));
#12863=DIRECTION('',(-0.8751235125267629,0.3819837405963346,0.29706440335868706));
#12864=DIRECTION('',(-0.4000426897225804,-0.9164965064851711,0));
#12865=AXIS2_PLACEMENT_3D('',#12862,#12863,#12864);
#12866=PLANE('',#12865);
#12867=ORIENTED_EDGE('',*,*,#8122,.T.);
#12868=ORIENTED_EDGE('',*,*,#8127,.T.);
#12869=ORIENTED_EDGE('',*,*,#8132,.T.);
#12870=ORIENTED_EDGE('',*,*,#8137,.T.);
#12871=EDGE_LOOP('',(#12867,#12868,#12869,#12870));
#12872=FACE_OUTER_BOUND('',#12871,.T.);
#12873=ADVANCED_FACE('',(#12872),#12866,.T.);
#12874=CARTESIAN_POINT('',(0.08444129451599924,0.0005303300858899106,-0.016796417796780344));
#12875=DIRECTION('',(-0.906411394976595,-0.3819837405963217,0.18029643639469206));
#12876=DIRECTION('',(0.38834786127946047,-0.9215128532145762,0));
#12877=AXIS2_PLACEMENT_3D('',#12874,#12875,#12876);
#12878=PLANE('',#12877);
#12879=ORIENTED_EDGE('',*,*,#8142,.T.);
#12880=ORIENTED_EDGE('',*,*,#8147,.T.);
#12881=ORIENTED_EDGE('',*,*,#8152,.T.);
#12882=ORIENTED_EDGE('',*,*,#8157,.T.);
#12883=EDGE_LOOP('',(#12879,#12880,#12881,#12882));
#12884=FACE_OUTER_BOUND('',#12883,.T.);
#12885=ADVANCED_FACE('',(#12884),#12878,.T.);
#12886=CARTESIAN_POINT('',(0.08370728050812568,0.0012803300858899107,-0.016650413332784383));
#12887=DIRECTION('',(-0.37601735006617065,-0.923589050946289,0.0747945012774876));
#12888=DIRECTION('',(0.9261833196918472,-0.377073544981068,0));
#12889=AXIS2_PLACEMENT_3D('',#12886,#12887,#12888);
#12890=PLANE('',#12889);
#12891=ORIENTED_EDGE('',*,*,#8162,.T.);
#12892=ORIENTED_EDGE('',*,*,#8167,.T.);
#12893=ORIENTED_EDGE('',*,*,#8172,.T.);
#12894=ORIENTED_EDGE('',*,*,#8177,.T.);
#12895=EDGE_LOOP('',(#12891,#12892,#12893,#12894));
#12896=FACE_OUTER_BOUND('',#12895,.T.);
#12897=ADVANCED_FACE('',(#12896),#12890,.T.);
#12898=CARTESIAN_POINT('',(0.08266922794321904,0.0012803300858899107,-0.016443931839634274));
#12899=DIRECTION('',(0.37601735006617093,-0.9235890509462888,-0.07479450127748768));
#12900=DIRECTION('',(0.9261833196918471,0.37707354498106826,0));
#12901=AXIS2_PLACEMENT_3D('',#12898,#12899,#12900);
#12902=PLANE('',#12901);
#12903=ORIENTED_EDGE('',*,*,#8182,.T.);
#12904=ORIENTED_EDGE('',*,*,#8187,.T.);
#12905=ORIENTED_EDGE('',*,*,#8192,.T.);
#12906=ORIENTED_EDGE('',*,*,#8197,.T.);
#12907=EDGE_LOOP('',(#12903,#12904,#12905,#12906));
#12908=FACE_OUTER_BOUND('',#12907,.T.);
#12909=ADVANCED_FACE('',(#12908),#12902,.T.);
#12910=CARTESIAN_POINT('',(0.08193521393534545,0.0005303300858899107,-0.01629792737563831));
#12911=DIRECTION('',(0.906411394976592,-0.3819837405963288,-0.18029643639469223));
#12912=DIRECTION('',(0.3883478612794677,0.9215128532145732,0));
#12913=AXIS2_PLACEMENT_3D('',#12910,#12911,#12912);
#12914=PLANE('',#12913);
#12915=ORIENTED_EDGE('',*,*,#8202,.T.);
#12916=ORIENTED_EDGE('',*,*,#8207,.T.);
#12917=ORIENTED_EDGE('',*,*,#8212,.T.);
#12918=ORIENTED_EDGE('',*,*,#8217,.T.);
#12919=EDGE_LOOP('',(#12915,#12916,#12917,#12918));
#12920=FACE_OUTER_BOUND('',#12919,.T.);
#12921=ADVANCED_FACE('',(#12920),#12914,.T.);
#12922=CARTESIAN_POINT('',(0.08193521393534545,-0.0005303300858899105,-0.01629792737563831));
#12923=DIRECTION('',(0.906411394976592,0.3819837405963287,-0.18029643639469223));
#12924=DIRECTION('',(-0.38834786127946763,0.9215128532145732,0));
#12925=AXIS2_PLACEMENT_3D('',#12922,#12923,#12924);
#12926=PLANE('',#12925);
#12927=ORIENTED_EDGE('',*,*,#8222,.T.);
#12928=ORIENTED_EDGE('',*,*,#8227,.T.);
#12929=ORIENTED_EDGE('',*,*,#8232,.T.);
#12930=ORIENTED_EDGE('',*,*,#8237,.T.);
#12931=EDGE_LOOP('',(#12927,#12928,#12929,#12930));
#12932=FACE_OUTER_BOUND('',#12931,.T.);
#12933=ADVANCED_FACE('',(#12932),#12926,.T.);
#12934=CARTESIAN_POINT('',(0.08266922794321904,-0.0012803300858899107,-0.016443931839634274));
#12935=DIRECTION('',(0.37601735006617115,0.9235890509462888,-0.0747945012774877));
#12936=DIRECTION('',(-0.926183319691847,0.37707354498106843,0));
#12937=AXIS2_PLACEMENT_3D('',#12934,#12935,#12936);
#12938=PLANE('',#12937);
#12939=ORIENTED_EDGE('',*,*,#8242,.T.);
#12940=ORIENTED_EDGE('',*,*,#8247,.T.);
#12941=ORIENTED_EDGE('',*,*,#8252,.T.);
#12942=ORIENTED_EDGE('',*,*,#8257,.T.);
#12943=EDGE_LOOP('',(#12939,#12940,#12941,#12942));
#12944=FACE_OUTER_BOUND('',#12943,.T.);
#12945=ADVANCED_FACE('',(#12944),#12938,.T.);
#12946=CARTESIAN_POINT('',(0.08370728050812568,-0.001280330085889911,-0.01665041333278438));
#12947=DIRECTION('',(-0.37601735006617043,0.9235890509462891,0.0747945012774875));
#12948=DIRECTION('',(-0.9261833196918473,-0.37707354498106777,0));
#12949=AXIS2_PLACEMENT_3D('',#12946,#12947,#12948);
#12950=PLANE('',#12949);
#12951=ORIENTED_EDGE('',*,*,#8262,.T.);
#12952=ORIENTED_EDGE('',*,*,#8267,.T.);
#12953=ORIENTED_EDGE('',*,*,#8272,.T.);
#12954=ORIENTED_EDGE('',*,*,#8277,.T.);
#12955=EDGE_LOOP('',(#12951,#12952,#12953,#12954));
#12956=FACE_OUTER_BOUND('',#12955,.T.);
#12957=ADVANCED_FACE('',(#12956),#12950,.T.);
#12958=CARTESIAN_POINT('',(0.08444129451599924,-0.0005303300858899108,-0.016796417796780348));
#12959=DIRECTION('',(-0.906411394976595,0.3819837405963215,0.18029643639469206));
#12960=DIRECTION('',(-0.3883478612794603,-0.9215128532145762,0));
#12961=AXIS2_PLACEMENT_3D('',#12958,#12959,#12960);
#12962=PLANE('',#12961);
#12963=ORIENTED_EDGE('',*,*,#8282,.T.);
#12964=ORIENTED_EDGE('',*,*,#8287,.T.);
#12965=ORIENTED_EDGE('',*,*,#8292,.T.);
#12966=ORIENTED_EDGE('',*,*,#8297,.T.);
#12967=EDGE_LOOP('',(#12963,#12964,#12965,#12966));
#12968=FACE_OUTER_BOUND('',#12967,.T.);
#12969=ADVANCED_FACE('',(#12968),#12962,.T.);
#12970=CARTESIAN_POINT('',(0.08591125999359082,0.0005303300858899106,-0.0056309214748001876));
#12971=DIRECTION('',(-0.9221903271536516,-0.3819837405963328,0.06044354741636808));
#12972=DIRECTION('',(0.3826834323650973,-0.9238795325112836,0));
#12973=AXIS2_PLACEMENT_3D('',#12970,#12971,#12972);
#12974=PLANE('',#12973);
#12975=ORIENTED_EDGE('',*,*,#8302,.T.);
#12976=ORIENTED_EDGE('',*,*,#8307,.T.);
#12977=ORIENTED_EDGE('',*,*,#8312,.T.);
#12978=ORIENTED_EDGE('',*,*,#8317,.T.);
#12979=EDGE_LOOP('',(#12975,#12976,#12977,#12978));
#12980=FACE_OUTER_BOUND('',#12979,.T.);
#12981=ADVANCED_FACE('',(#12980),#12974,.T.);
#12982=CARTESIAN_POINT('',(0.08516446817057564,0.0012803300858899107,-0.005581974152717668));
#12983=DIRECTION('',(-0.38256311096125184,-0.9235890509462883,0.025074511037770617));
#12984=DIRECTION('',(0.9238795325112854,-0.382683432365093,0));
#12985=AXIS2_PLACEMENT_3D('',#12982,#12983,#12984);
#12986=PLANE('',#12985);
#12987=ORIENTED_EDGE('',*,*,#8322,.T.);
#12988=ORIENTED_EDGE('',*,*,#8327,.T.);
#12989=ORIENTED_EDGE('',*,*,#8332,.T.);
#12990=ORIENTED_EDGE('',*,*,#8337,.T.);
#12991=EDGE_LOOP('',(#12987,#12988,#12989,#12990));
#12992=FACE_OUTER_BOUND('',#12991,.T.);
#12993=ADVANCED_FACE('',(#12992),#12986,.T.);
#12994=CARTESIAN_POINT('',(0.08410834504619827,0.0012803300858899107,-0.005512752185986725));
#12995=DIRECTION('',(0.3825631109612484,-0.9235890509462898,-0.025074511037770364));
#12996=DIRECTION('',(0.9238795325112868,0.3826834323650895,0));
#12997=AXIS2_PLACEMENT_3D('',#12994,#12995,#12996);
#12998=PLANE('',#12997);
#12999=ORIENTED_EDGE('',*,*,#8342,.T.);
#13000=ORIENTED_EDGE('',*,*,#8347,.T.);
#13001=ORIENTED_EDGE('',*,*,#8352,.T.);
#13002=ORIENTED_EDGE('',*,*,#8357,.T.);
#13003=EDGE_LOOP('',(#12999,#13000,#13001,#13002));
#13004=FACE_OUTER_BOUND('',#13003,.T.);
#13005=ADVANCED_FACE('',(#13004),#12998,.T.);
#13006=CARTESIAN_POINT('',(0.08336155322318307,0.0005303300858899107,-0.005463804863904206));
#13007=DIRECTION('',(0.9221903271536521,-0.38198374059633144,-0.06044354741636768));
#13008=DIRECTION('',(0.38268343236509594,0.9238795325112842,0));
#13009=AXIS2_PLACEMENT_3D('',#13006,#13007,#13008);
#13010=PLANE('',#13009);
#13011=ORIENTED_EDGE('',*,*,#8362,.T.);
#13012=ORIENTED_EDGE('',*,*,#8367,.T.);
#13013=ORIENTED_EDGE('',*,*,#8372,.T.);
#13014=ORIENTED_EDGE('',*,*,#8377,.T.);
#13015=EDGE_LOOP('',(#13011,#13012,#13013,#13014));
#13016=FACE_OUTER_BOUND('',#13015,.T.);
#13017=ADVANCED_FACE('',(#13016),#13010,.T.);
#13018=CARTESIAN_POINT('',(0.08336155322318309,-0.0005303300858899105,-0.005463804863904206));
#13019=DIRECTION('',(0.9221903271536521,0.3819837405963314,-0.06044354741636769));
#13020=DIRECTION('',(-0.38268343236509594,0.9238795325112843,0));
#13021=AXIS2_PLACEMENT_3D('',#13018,#13019,#13020);
#13022=PLANE('',#13021);
#13023=ORIENTED_EDGE('',*,*,#8382,.T.);
#13024=ORIENTED_EDGE('',*,*,#8387,.T.);
#13025=ORIENTED_EDGE('',*,*,#8392,.T.);
#13026=ORIENTED_EDGE('',*,*,#8397,.T.);
#13027=EDGE_LOOP('',(#13023,#13024,#13025,#13026));
#13028=FACE_OUTER_BOUND('',#13027,.T.);
#13029=ADVANCED_FACE('',(#13028),#13022,.T.);
#13030=CARTESIAN_POINT('',(0.08410834504619825,-0.0012803300858899107,-0.005512752185986725));
#13031=DIRECTION('',(0.38256311096124856,0.9235890509462896,-0.02507451103777036));
#13032=DIRECTION('',(-0.9238795325112867,0.3826834323650897,0));
#13033=AXIS2_PLACEMENT_3D('',#13030,#13031,#13032);
#13034=PLANE('',#13033);
#13035=ORIENTED_EDGE('',*,*,#8402,.T.);
#13036=ORIENTED_EDGE('',*,*,#8407,.T.);
#13037=ORIENTED_EDGE('',*,*,#8412,.T.);
#13038=ORIENTED_EDGE('',*,*,#8417,.T.);
#13039=EDGE_LOOP('',(#13035,#13036,#13037,#13038));
#13040=FACE_OUTER_BOUND('',#13039,.T.);
#13041=ADVANCED_FACE('',(#13040),#13034,.T.);
#13042=CARTESIAN_POINT('',(0.08516446817057564,-0.001280330085889911,-0.005581974152717668));
#13043=DIRECTION('',(-0.3825631109612515,0.9235890509462885,0.025074511037770607));
#13044=DIRECTION('',(-0.9238795325112855,-0.3826834323650926,0));
#13045=AXIS2_PLACEMENT_3D('',#13042,#13043,#13044);
#13046=PLANE('',#13045);
#13047=ORIENTED_EDGE('',*,*,#8422,.T.);
#13048=ORIENTED_EDGE('',*,*,#8427,.T.);
#13049=ORIENTED_EDGE('',*,*,#8432,.T.);
#13050=ORIENTED_EDGE('',*,*,#8437,.T.);
#13051=EDGE_LOOP('',(#13047,#13048,#13049,#13050));
#13052=FACE_OUTER_BOUND('',#13051,.T.);
#13053=ADVANCED_FACE('',(#13052),#13046,.T.);
#13054=CARTESIAN_POINT('',(0.08591125999359082,-0.0005303300858899108,-0.0056309214748001876));
#13055=DIRECTION('',(-0.9221903271536516,0.3819837405963326,0.06044354741636808));
#13056=DIRECTION('',(-0.38268343236509716,-0.9238795325112837,0));
#13057=AXIS2_PLACEMENT_3D('',#13054,#13055,#13056);
#13058=PLANE('',#13057);
#13059=ORIENTED_EDGE('',*,*,#8442,.T.);
#13060=ORIENTED_EDGE('',*,*,#8447,.T.);
#13061=ORIENTED_EDGE('',*,*,#8452,.T.);
#13062=ORIENTED_EDGE('',*,*,#8457,.T.);
#13063=EDGE_LOOP('',(#13059,#13060,#13061,#13062));
#13064=FACE_OUTER_BOUND('',#13063,.T.);
#13065=ADVANCED_FACE('',(#13064),#13058,.T.);
#13066=CLOSED_SHELL('',(#8469,#8481,#8493,#8505,#8517,#8529,#8541,#8553,#8565,#8577,#8589,#8601,#8613,#8625,#8637,#8649,#8661,#8673,#8685,#8697,#8709,#8721,#8733,#8745,#8757,#8769,#8781,#8793,#8805,#8817,#8829,#8841,#8853,#8865,#8877,#8889,#8901,#8913,#8925,#8937,#8949,#8961,#8973,#8985,#8997,#9009,#9021,#9033,#9045,#9057,#9069,#9081,#9093,#9105,#9117,#9129,#9141,#9153,#9165,#9177,#9189,#9201,#9213,#9225,#9237,#9249,#9261,#9273,#9285,#9297,#9309,#9321,#9333,#9345,#9357,#9369,#9381,#9393,#9405,#9417,#9429,#9441,#9453,#9465,#9477,#9489,#9501,#9513,#9525,#9537,#9549,#9561,#9573,#9585,#9597,#9609,#9621,#9633,#9645,#9657,#9669,#9681,#9693,#9705,#9717,#9729,#9741,#9753,#9765,#9777,#9789,#9801,#9813,#9825,#9837,#9849,#9861,#9873,#9885,#9897,#9909,#9921,#9933,#9945,#9957,#9969,#9981,#9993,#10005,#10017,#10029,#10041,#10053,#10065,#10077,#10089,#10101,#10113,#10125,#10137,#10149,#10161,#10173,#10185,#10197,#10209,#10221,#10233,#10245,#10257,#10269,#10281,#10293,#10305,#10317,#10329,#10341,#10353,#10365,#10377,#10389,#10401,#10413,#10425,#10437,#10449,#10461,#10473,#10485,#10497,#10509,#10521,#10533,#10545,#10557,#10569,#10581,#10593,#10605,#10617,#10629,#10641,#10653,#10665,#10677,#10689,#10701,#10713,#10725,#10737,#10749,#10761,#10773,#10785,#10797,#10809,#10821,#10833,#10845,#10857,#10869,#10881,#10893,#10905,#10917,#10929,#10941,#10953,#10965,#10977,#10989,#11001,#11013,#11025,#11037,#11049,#11061,#11073,#11085,#11097,#11109,#11121,#11133,#11145,#11157,#11169,#11181,#11193,#11205,#11217,#11229,#11241,#11253,#11265,#11277,#11289,#11301,#11313,#11325,#11337,#11349,#11361,#11373,#11385,#11397,#11409,#11421,#11433,#11445,#11457,#11469,#11481,#11493,#11505,#11517,#11529,#11541,#11553,#11565,#11577,#11589,#11601,#11613,#11625,#11637,#11649,#11661,#11673,#11685,#11697,#11709,#11721,#11733,#11745,#11757,#11769,#11781,#11793,#11805,#11817,#11829,#11841,#11853,#11865,#11877,#11889,#11901,#11913,#11925,#11937,#11949,#11961,#11973,#11985,#11997,#12009,#12021,#12033,#12045,#12057,#12069,#12081,#12093,#12105,#12117,#12129,#12141,#12153,#12165,#12177,#12189,#12201,#12213,#12225,#12237,#12249,#12261,#12273,#12285,#12297,#12309,#12321,#12333,#12345,#12357,#12369,#12381,#12393,#12405,#12417,#12429,#12441,#12453,#12465,#12477,#12489,#12501,#12513,#12525,#12537,#12549,#12561,#12573,#12585,#12597,#12609,#12621,#12633,#12645,#12657,#12669,#12681,#12693,#12705,#12717,#12729,#12741,#12753,#12765,#12777,#12789,#12801,#12813,#12825,#12837,#12849,#12861,#12873,#12885,#12897,#12909,#12921,#12933,#12945,#12957,#12969,#12981,#12993,#13005,#13017,#13029,#13041,#13053,#13065));
#13067=MANIFOLD_SOLID_BREP('',#13066);
#13068=SHAPE_REPRESENTATION('TPSL-SEAL-CRG-0002',(#13067),#9);
#13069=SHAPE_DEFINITION_REPRESENTATION(#8,#13068);
ENDSEC;
END-ISO-10303-21;